instrument,standardized_filename,original_filename,duration,curation_recommendation
vocals,vocals_000001.wav,saraga_0001_vocals.wav,107.59931972789116,KEEP_NORMAL
vocals,vocals_000002.wav,saraga_0002_vocals.wav,202.42895691609976,KEEP_NORMAL
vocals,vocals_000003.wav,saraga_0003_vocals.wav,548.6325850340136,KEEP_NORMAL
vocals,vocals_000004.wav,saraga_0004_vocals.wav,1170.53462585034,KEEP_NORMAL
vocals,vocals_000005.wav,saraga_0005_vocals.wav,4314.56455782313,KEEP_NORMAL
vocals,vocals_000006.wav,saraga_0006_vocals.wav,1608.4951020408164,KEEP_NORMAL
vocals,vocals_000007.wav,saraga_0007_vocals.wav,263.58190476190475,KEEP_NORMAL
vocals,vocals_000008.wav,saraga_0008_vocals.wav,376.5331292517007,KEEP_NORMAL
vocals,vocals_000009.wav,saraga_0009_vocals.wav,337.80031746031744,KEEP_NORMAL
vocals,vocals_000010.wav,saraga_0010_vocals.wav,526.6886394557823,KEEP_NORMAL
vocals,vocals_000011.wav,saraga_0011_vocals.wav,326.9778004535148,KEEP_NORMAL
vocals,vocals_000012.wav,saraga_0012_vocals.wav,85.24317460317461,KEEP_NORMAL
vocals,vocals_000013.wav,saraga_0013_vocals.wav,2735.0525623582766,KEEP_NORMAL
vocals,vocals_000014.wav,saraga_0014_vocals.wav,755.0050793650794,KEEP_NORMAL
vocals,vocals_000015.wav,saraga_0015_vocals.wav,281.9519954648526,KEEP_NORMAL
vocals,vocals_000016.wav,saraga_0016_vocals.wav,309.34,KEEP_NORMAL
vocals,vocals_000017.wav,saraga_0017_vocals.wav,1642.7,KEEP_NORMAL
vocals,vocals_000018.wav,saraga_0018_vocals.wav,487.9,KEEP_NORMAL
vocals,vocals_000019.wav,saraga_0019_vocals.wav,3608.5,KEEP_NORMAL
vocals,vocals_000020.wav,saraga_0020_vocals.wav,590.8,KEEP_NORMAL
vocals,vocals_000021.wav,saraga_0021_vocals.wav,545.11,KEEP_NORMAL
vocals,vocals_000022.wav,saraga_0022_vocals.wav,734.2,KEEP_NORMAL
vocals,vocals_000023.wav,saraga_0023_vocals.wav,134.28031746031746,KEEP_NORMAL
vocals,vocals_000024.wav,saraga_0024_vocals.wav,396.0452154195011,KEEP_NORMAL
vocals,vocals_000025.wav,saraga_0025_vocals.wav,453.15632653061226,KEEP_NORMAL
vocals,vocals_000026.wav,saraga_0026_vocals.wav,2979.198888888889,KEEP_NORMAL
vocals,vocals_000027.wav,saraga_0027_vocals.wav,385.2127210884354,KEEP_NORMAL
vocals,vocals_000028.wav,saraga_0028_vocals.wav,376.5814058956916,KEEP_NORMAL
vocals,vocals_000029.wav,saraga_0029_vocals.wav,377.2955555555556,KEEP_NORMAL
vocals,vocals_000030.wav,saraga_0030_vocals.wav,357.53777777777776,KEEP_NORMAL
vocals,vocals_000031.wav,saraga_0031_vocals.wav,799.4616780045352,KEEP_NORMAL
vocals,vocals_000032.wav,saraga_0032_vocals.wav,271.2825170068027,KEEP_NORMAL
vocals,vocals_000033.wav,saraga_0033_vocals.wav,191.41444444444448,KEEP_NORMAL
vocals,vocals_000034.wav,saraga_0034_vocals.wav,285.1166213151928,KEEP_NORMAL
vocals,vocals_000035.wav,saraga_0035_vocals.wav,1614.8599319727891,KEEP_NORMAL
vocals,vocals_000036.wav,saraga_0036_vocals.wav,339.150566893424,KEEP_NORMAL
vocals,vocals_000037.wav,saraga_0037_vocals.wav,454.7759637188209,KEEP_NORMAL
vocals,vocals_000038.wav,saraga_0038_vocals.wav,640.9402494331066,KEEP_NORMAL
vocals,vocals_000039.wav,saraga_0039_vocals.wav,3002.720770975057,KEEP_NORMAL
vocals,vocals_000040.wav,saraga_0040_vocals.wav,2026.657641723356,KEEP_NORMAL
vocals,vocals_000041.wav,saraga_0041_vocals.wav,356.7192517006803,KEEP_NORMAL
vocals,vocals_000042.wav,saraga_0042_vocals.wav,773.3580272108843,KEEP_NORMAL
vocals,vocals_000043.wav,saraga_0043_vocals.wav,110.14551020408165,KEEP_NORMAL
vocals,vocals_000044.wav,saraga_0044_vocals.wav,364.7390476190476,KEEP_NORMAL
vocals,vocals_000045.wav,saraga_0045_vocals.wav,709.1956689342404,KEEP_NORMAL
vocals,vocals_000046.wav,saraga_0046_vocals.wav,291.0040816326531,KEEP_NORMAL
vocals,vocals_000047.wav,saraga_0047_vocals.wav,2541.817392290249,KEEP_NORMAL
vocals,vocals_000048.wav,saraga_0048_vocals.wav,1441.1232653061224,KEEP_NORMAL
vocals,vocals_000049.wav,saraga_0049_vocals.wav,252.7958276643991,KEEP_NORMAL
vocals,vocals_000050.wav,saraga_0050_vocals.wav,299.0730158730159,KEEP_NORMAL
vocals,vocals_000051.wav,saraga_0051_vocals.wav,249.0354195011338,KEEP_NORMAL
vocals,vocals_000052.wav,saraga_0052_vocals.wav,1589.9048526077097,KEEP_NORMAL
vocals,vocals_000053.wav,saraga_0053_vocals.wav,581.814716553288,KEEP_NORMAL
vocals,vocals_000054.wav,saraga_0054_vocals.wav,248.86716553287985,KEEP_NORMAL
vocals,vocals_000055.wav,saraga_0055_vocals.wav,793.6454195011338,KEEP_NORMAL
vocals,vocals_000056.wav,saraga_0056_vocals.wav,493.2302947845805,KEEP_NORMAL
vocals,vocals_000057.wav,saraga_0057_vocals.wav,348.21453514739227,KEEP_NORMAL
vocals,vocals_000058.wav,saraga_0059_vocals.wav,78.8692970521542,KEEP_NORMAL
vocals,vocals_000059.wav,saraga_0060_vocals.wav,316.4416780045352,KEEP_NORMAL
vocals,vocals_000060.wav,saraga_0061_vocals.wav,478.0599319727891,KEEP_NORMAL
vocals,vocals_000061.wav,saraga_0062_vocals.wav,1494.4038775510203,KEEP_NORMAL
vocals,vocals_000062.wav,saraga_0063_vocals.wav,393.5757596371882,KEEP_NORMAL
vocals,vocals_000063.wav,saraga_0064_vocals.wav,300.8192970521542,KEEP_NORMAL
vocals,vocals_000064.wav,saraga_0065_vocals.wav,80.09643990929705,KEEP_NORMAL
vocals,vocals_000065.wav,saraga_0066_vocals.wav,4580.078843537415,KEEP_NORMAL
vocals,vocals_000066.wav,saraga_0067_vocals.wav,251.5299546485261,KEEP_NORMAL
vocals,vocals_000067.wav,saraga_0068_vocals.wav,361.347074829932,KEEP_NORMAL
vocals,vocals_000068.wav,saraga_0069_vocals.wav,422.001156462585,KEEP_NORMAL
vocals,vocals_000069.wav,saraga_0070_vocals.wav,226.36666666666667,KEEP_NORMAL
vocals,vocals_000070.wav,saraga_0071_vocals.wav,301.5330612244898,KEEP_NORMAL
vocals,vocals_000071.wav,saraga_0072_vocals.wav,1140.6973242630386,KEEP_NORMAL
vocals,vocals_000072.wav,saraga_0073_vocals.wav,391.08274376417233,KEEP_NORMAL
vocals,vocals_000073.wav,saraga_0074_vocals.wav,341.5843990929705,KEEP_NORMAL
vocals,vocals_000074.wav,saraga_0075_vocals.wav,2276.101746031746,KEEP_NORMAL
vocals,vocals_000075.wav,saraga_0076_vocals.wav,57.45065759637188,KEEP_NORMAL
vocals,vocals_000076.wav,saraga_0077_vocals.wav,2332.52358276644,KEEP_NORMAL
vocals,vocals_000077.wav,saraga_0078_vocals.wav,447.3849433106576,KEEP_NORMAL
vocals,vocals_000078.wav,saraga_0079_vocals.wav,266.9562585034014,KEEP_NORMAL
vocals,vocals_000079.wav,saraga_0080_vocals.wav,343.33351473922903,KEEP_NORMAL
vocals,vocals_000080.wav,saraga_0081_vocals.wav,801.7316099773243,KEEP_NORMAL
vocals,vocals_000081.wav,saraga_0082_vocals.wav,310.5972789115646,KEEP_NORMAL
vocals,vocals_000082.wav,saraga_0083_vocals.wav,441.8377551020408,KEEP_NORMAL
vocals,vocals_000083.wav,saraga_0084_vocals.wav,1325.7156462585035,KEEP_NORMAL
vocals,vocals_000084.wav,saraga_0085_vocals.wav,231.9984126984127,KEEP_NORMAL
vocals,vocals_000085.wav,saraga_0086_vocals.wav,187.51478458049883,KEEP_NORMAL
vocals,vocals_000086.wav,saraga_0087_vocals.wav,302.5146031746032,KEEP_NORMAL
vocals,vocals_000087.wav,saraga_0088_vocals.wav,123.07959183673468,KEEP_NORMAL
vocals,vocals_000088.wav,saraga_0089_vocals.wav,471.83891156462585,KEEP_NORMAL
vocals,vocals_000089.wav,saraga_0090_vocals.wav,892.795306122449,KEEP_NORMAL
vocals,vocals_000090.wav,saraga_0091_vocals.wav,208.54891156462585,KEEP_NORMAL
vocals,vocals_000091.wav,saraga_0092_vocals.wav,717.4289569160998,KEEP_NORMAL
vocals,vocals_000092.wav,saraga_0093_vocals.wav,1509.7886848072562,KEEP_NORMAL
vocals,vocals_000093.wav,saraga_0094_vocals.wav,277.4701133786848,KEEP_NORMAL
vocals,vocals_000094.wav,saraga_0095_vocals.wav,2014.58433106576,KEEP_NORMAL
vocals,vocals_000095.wav,saraga_0096_vocals.wav,937.9821541950114,KEEP_NORMAL
vocals,vocals_000096.wav,saraga_0097_vocals.wav,396.9187528344671,KEEP_NORMAL
vocals,vocals_000097.wav,saraga_0098_vocals.wav,1134.2208616780044,KEEP_NORMAL
vocals,vocals_000098.wav,saraga_0099_vocals.wav,511.0785487528345,KEEP_NORMAL
vocals,vocals_000099.wav,saraga_0100_vocals.wav,447.2359183673469,KEEP_NORMAL
vocals,vocals_000100.wav,saraga_0101_vocals.wav,2689.1156009070296,KEEP_NORMAL
vocals,vocals_000101.wav,saraga_0102_vocals.wav,214.8795918367347,KEEP_NORMAL
vocals,vocals_000102.wav,saraga_0103_vocals.wav,320.35192743764173,KEEP_NORMAL
vocals,vocals_000103.wav,saraga_0104_vocals.wav,315.6020181405896,KEEP_NORMAL
vocals,vocals_000104.wav,saraga_0105_vocals.wav,893.4032199546485,KEEP_NORMAL
vocals,vocals_000105.wav,saraga_0106_vocals.wav,1203.1173242630389,KEEP_NORMAL
vocals,vocals_000106.wav,saraga_0107_vocals.wav,262.77761904761905,KEEP_NORMAL
vocals,vocals_000107.wav,saraga_0108_vocals.wav,258.8575510204081,KEEP_NORMAL
vocals,vocals_000108.wav,saraga_0109_vocals.wav,476.1838095238096,KEEP_NORMAL
vocals,vocals_000109.wav,saraga_0110_vocals.wav,804.9600453514739,KEEP_NORMAL
vocals,vocals_000110.wav,saraga_0111_vocals.wav,821.8812698412698,KEEP_NORMAL
vocals,vocals_000111.wav,saraga_0112_vocals.wav,1400.2042630385488,KEEP_NORMAL
vocals,vocals_000112.wav,saraga_0113_vocals.wav,299.1020408163265,KEEP_NORMAL
vocals,vocals_000113.wav,saraga_0114_vocals.wav,422.1757596371882,KEEP_NORMAL
vocals,vocals_000114.wav,saraga_0115_vocals.wav,189.08020408163264,KEEP_NORMAL
vocals,vocals_000115.wav,saraga_0116_vocals.wav,1732.4631972789116,KEEP_NORMAL
vocals,vocals_000116.wav,saraga_0117_vocals.wav,600.1184807256236,KEEP_NORMAL
vocals,vocals_000117.wav,saraga_0118_vocals.wav,3161.143492063492,KEEP_NORMAL
vocals,vocals_000118.wav,saraga_0119_vocals.wav,210.3736507936508,KEEP_NORMAL
vocals,vocals_000119.wav,saraga_0120_vocals.wav,321.1894557823129,KEEP_NORMAL
vocals,vocals_000120.wav,saraga_0121_vocals.wav,307.2377551020408,KEEP_NORMAL
vocals,vocals_000121.wav,saraga_0122_vocals.wav,304.8163038548753,KEEP_NORMAL
vocals,vocals_000122.wav,saraga_0123_vocals.wav,287.12009070294783,KEEP_NORMAL
vocals,vocals_000123.wav,saraga_0124_vocals.wav,131.42743764172334,KEEP_NORMAL
vocals,vocals_000124.wav,saraga_0125_vocals.wav,30.48496598639456,KEEP_NORMAL
vocals,vocals_000125.wav,saraga_0126_vocals.wav,2596.85149659864,KEEP_NORMAL
vocals,vocals_000126.wav,saraga_0127_vocals.wav,2092.770226757369,KEEP_NORMAL
vocals,vocals_000127.wav,saraga_0128_vocals.wav,347.3209523809524,KEEP_NORMAL
vocals,vocals_000128.wav,saraga_0129_vocals.wav,266.6716553287982,KEEP_NORMAL
vocals,vocals_000129.wav,saraga_0130_vocals.wav,271.90256235827667,KEEP_NORMAL
vocals,vocals_000130.wav,saraga_0131_vocals.wav,222.7155782312925,KEEP_NORMAL
vocals,vocals_000131.wav,saraga_0132_vocals.wav,517.0948979591836,KEEP_NORMAL
vocals,vocals_000132.wav,saraga_0133_vocals.wav,732.6012244897959,KEEP_NORMAL
vocals,vocals_000133.wav,saraga_0134_vocals.wav,2062.2555555555555,KEEP_NORMAL
vocals,vocals_000134.wav,saraga_0135_vocals.wav,1787.5548299319728,KEEP_NORMAL
vocals,vocals_000135.wav,saraga_0136_vocals.wav,224.36068027210885,KEEP_NORMAL
vocals,vocals_000136.wav,saraga_0137_vocals.wav,426.8574149659864,KEEP_NORMAL
vocals,vocals_000137.wav,saraga_0138_vocals.wav,337.26337868480726,KEEP_NORMAL
vocals,vocals_000138.wav,saraga_0139_vocals.wav,1744.2359410430838,KEEP_NORMAL
vocals,vocals_000139.wav,saraga_0141_vocals.wav,323.01739229024946,KEEP_NORMAL
vocals,vocals_000140.wav,saraga_0142_vocals.wav,826.6892517006803,KEEP_NORMAL
vocals,vocals_000141.wav,saraga_0143_vocals.wav,762.1253514739229,KEEP_NORMAL
vocals,vocals_000142.wav,saraga_0144_vocals.wav,425.67648526077096,KEEP_NORMAL
vocals,vocals_000143.wav,saraga_0145_vocals.wav,649.2687301587301,KEEP_NORMAL
vocals,vocals_000144.wav,saraga_0146_vocals.wav,57.601768707483,KEEP_NORMAL
vocals,vocals_000145.wav,saraga_0147_vocals.wav,69.23809523809524,KEEP_NORMAL
vocals,vocals_000146.wav,saraga_0148_vocals.wav,500.4437868480725,KEEP_NORMAL
vocals,vocals_000147.wav,saraga_0149_vocals.wav,85.27616780045352,KEEP_NORMAL
vocals,vocals_000148.wav,saraga_0150_vocals.wav,195.23267573696145,KEEP_NORMAL
vocals,vocals_000149.wav,saraga_0151_vocals.wav,340.8079365079365,KEEP_NORMAL
vocals,vocals_000150.wav,saraga_0152_vocals.wav,1364.2438548752834,KEEP_NORMAL
vocals,vocals_000151.wav,saraga_0153_vocals.wav,2357.1863265306124,KEEP_NORMAL
vocals,vocals_000152.wav,saraga_0154_vocals.wav,382.06111111111113,KEEP_NORMAL
vocals,vocals_000153.wav,saraga_0155_vocals.wav,1803.572448979592,KEEP_NORMAL
vocals,vocals_000154.wav,saraga_0156_vocals.wav,423.5160317460317,KEEP_NORMAL
vocals,vocals_000155.wav,saraga_0157_vocals.wav,275.9784580498866,KEEP_NORMAL
vocals,vocals_000156.wav,saraga_0158_vocals.wav,33.23809523809524,KEEP_NORMAL
vocals,vocals_000157.wav,saraga_0159_vocals.wav,241.5595464852608,KEEP_NORMAL
vocals,vocals_000158.wav,saraga_0160_vocals.wav,629.7207029478458,KEEP_NORMAL
vocals,vocals_000159.wav,saraga_0161_vocals.wav,426.4089115646258,KEEP_NORMAL
vocals,vocals_000160.wav,saraga_0162_vocals.wav,1161.2631065759638,KEEP_NORMAL
tabla,tabla_000001.wav,addhatrital01.wav,13.168798185941045,KEEP_NORMAL
tabla,tabla_000002.wav,addhatrital02.wav,13.134263038548752,KEEP_NORMAL
tabla,tabla_000003.wav,addhatrital03.wav,13.194943310657596,KEEP_NORMAL
tabla,tabla_000004.wav,addhatrital04.wav,13.073492063492065,KEEP_NORMAL
tabla,tabla_000005.wav,addhatrital05.wav,13.13095238095238,KEEP_NORMAL
tabla,tabla_000006.wav,addhatrital06.wav,13.158480725623583,KEEP_NORMAL
tabla,tabla_000007.wav,addhatrital07.wav,13.181904761904764,KEEP_NORMAL
tabla,tabla_000008.wav,addhatrital08.wav,13.06936507936508,KEEP_NORMAL
tabla,tabla_000009.wav,addhatrital09.wav,13.241519274376415,KEEP_NORMAL
tabla,tabla_000010.wav,addhatrital10.wav,13.121746031746031,KEEP_NORMAL
tabla,tabla_000011.wav,addhatrital11.wav,13.0918820861678,KEEP_NORMAL
tabla,tabla_000012.wav,addhatrital12.wav,13.10907029478458,KEEP_NORMAL
tabla,tabla_000013.wav,addhatrital13.wav,13.072063492063492,KEEP_NORMAL
tabla,tabla_000014.wav,addhatrital14.wav,13.16687074829932,KEEP_NORMAL
tabla,tabla_000015.wav,addhatrital15.wav,13.135396825396825,KEEP_NORMAL
tabla,tabla_000016.wav,addhatrital16.wav,13.144739229024944,KEEP_NORMAL
tabla,tabla_000017.wav,addhatrital17.wav,13.1643537414966,KEEP_NORMAL
tabla,tabla_000018.wav,addhatrital18.wav,13.175804988662131,KEEP_NORMAL
tabla,tabla_000019.wav,addhatrital19.wav,13.152403628117916,KEEP_NORMAL
tabla,tabla_000020.wav,addhatrital20.wav,10.90390022675737,KEEP_NORMAL
tabla,tabla_000021.wav,addhatrital21.wav,10.930657596371882,KEEP_NORMAL
tabla,tabla_000022.wav,addhatrital22.wav,10.902244897959184,KEEP_NORMAL
tabla,tabla_000023.wav,addhatrital23.wav,10.920544217687077,KEEP_NORMAL
tabla,tabla_000024.wav,addhatrital24.wav,10.95748299319728,KEEP_NORMAL
tabla,tabla_000025.wav,addhatrital25.wav,10.87065759637188,KEEP_NORMAL
tabla,tabla_000026.wav,addhatrital26.wav,10.916689342403629,KEEP_NORMAL
tabla,tabla_000027.wav,addhatrital27.wav,10.935600907029478,KEEP_NORMAL
tabla,tabla_000028.wav,addhatrital28.wav,10.922244897959184,KEEP_NORMAL
tabla,tabla_000029.wav,addhatrital29.wav,10.901360544217686,KEEP_NORMAL
tabla,tabla_000030.wav,addhatrital30.wav,10.878095238095238,KEEP_NORMAL
tabla,tabla_000031.wav,addhatrital31.wav,10.902630385487528,KEEP_NORMAL
tabla,tabla_000032.wav,addhatrital32.wav,8.269365079365079,KEEP_NORMAL
tabla,tabla_000033.wav,addhatrital33.wav,8.230362811791384,KEEP_NORMAL
tabla,tabla_000034.wav,addhatrital34.wav,8.198412698412698,KEEP_NORMAL
tabla,tabla_000035.wav,addhatrital35.wav,8.211315192743765,KEEP_NORMAL
tabla,tabla_000036.wav,addhatrital36.wav,8.181360544217688,KEEP_NORMAL
tabla,tabla_000037.wav,addhatrital37.wav,8.17154195011338,KEEP_NORMAL
tabla,tabla_000038.wav,addhatrital38.wav,8.179387755102042,KEEP_NORMAL
tabla,tabla_000039.wav,addhatrital39.wav,8.206462585034014,KEEP_NORMAL
tabla,tabla_000040.wav,addhatrital40.wav,8.267006802721088,KEEP_NORMAL
tabla,tabla_000041.wav,addhatrital41.wav,8.271360544217687,KEEP_NORMAL
tabla,tabla_000042.wav,addhatrital42.wav,8.244013605442177,KEEP_NORMAL
tabla,tabla_000043.wav,addhatrital43.wav,8.210997732426303,KEEP_NORMAL
tabla,tabla_000044.wav,addhatrital44.wav,6.674399092970521,KEEP_NORMAL
tabla,tabla_000045.wav,addhatrital45.wav,6.643537414965986,KEEP_NORMAL
tabla,tabla_000046.wav,addhatrital46.wav,6.657369614512471,KEEP_NORMAL
tabla,tabla_000047.wav,addhatrital47.wav,6.638276643990929,KEEP_NORMAL
tabla,tabla_000048.wav,addhatrital48.wav,6.662108843537415,KEEP_NORMAL
tabla,tabla_000049.wav,addhatrital49.wav,6.646984126984127,KEEP_NORMAL
tabla,tabla_000050.wav,addhatrital50.wav,6.631473922902495,KEEP_NORMAL
tabla,tabla_000051.wav,addhatrital51.wav,6.607823129251701,KEEP_NORMAL
tabla,tabla_000052.wav,addhatrital52.wav,6.671678004535147,KEEP_NORMAL
tabla,tabla_000053.wav,addhatrital53.wav,6.670045351473923,KEEP_NORMAL
tabla,tabla_000054.wav,addhatrital54.wav,6.623151927437641,KEEP_NORMAL
tabla,tabla_000055.wav,addhatrital55.wav,5.06718820861678,KEEP_NORMAL
tabla,tabla_000056.wav,addhatrital56.wav,5.019160997732427,KEEP_NORMAL
tabla,tabla_000057.wav,addhatrital57.wav,5.037301587301587,KEEP_NORMAL
tabla,tabla_000058.wav,addhatrital58.wav,5.067460317460317,KEEP_NORMAL
tabla,tabla_000059.wav,addhatrital59.wav,5.029705215419501,KEEP_NORMAL
tabla,tabla_000060.wav,addhatrital60.wav,5.001814058956916,KEEP_NORMAL
tabla,tabla_000061.wav,addhatrital61.wav,5.0094557823129255,KEEP_NORMAL
tabla,tabla_000062.wav,addhatrital62.wav,4.989954648526077,KEEP_SHORT_EVENT
tabla,tabla_000063.wav,addhatrital63.wav,5.027233560090703,KEEP_NORMAL
tabla,tabla_000064.wav,addhatrital64.wav,5.035124716553288,KEEP_NORMAL
tabla,tabla_000065.wav,addhatrital65.wav,5.006780045351474,KEEP_NORMAL
tabla,tabla_000066.wav,addhatrital66.wav,5.052290249433106,KEEP_NORMAL
tabla,tabla_000067.wav,addhatrital67.wav,4.0718140589569165,KEEP_SHORT_EVENT
tabla,tabla_000068.wav,addhatrital68.wav,4.071133786848073,KEEP_SHORT_EVENT
tabla,tabla_000069.wav,addhatrital69.wav,4.0331292517006805,KEEP_SHORT_EVENT
tabla,tabla_000070.wav,addhatrital70.wav,4.03827664399093,KEEP_SHORT_EVENT
tabla,tabla_000071.wav,addhatrital71.wav,4.012539682539683,KEEP_SHORT_EVENT
tabla,tabla_000072.wav,addhatrital72.wav,3.981360544217687,KEEP_SHORT_EVENT
tabla,tabla_000073.wav,addhatrital73.wav,4.00936507936508,KEEP_SHORT_EVENT
tabla,tabla_000074.wav,addhatrital74.wav,4.013174603174603,KEEP_SHORT_EVENT
tabla,tabla_000075.wav,addhatrital75.wav,4.041428571428572,KEEP_SHORT_EVENT
tabla,tabla_000076.wav,addhatrital76.wav,4.010249433106576,KEEP_SHORT_EVENT
tabla,tabla_000077.wav,addhatrital77.wav,4.012244897959183,KEEP_SHORT_EVENT
tabla,tabla_000078.wav,addhatrital78.wav,4.013356009070295,KEEP_SHORT_EVENT
tabla,tabla_000079.wav,AHK_solo-tintal-1.wav,66.53201814058957,KEEP_NORMAL
tabla,tabla_000080.wav,AHK_solo-tintal-2.wav,62.51163265306123,KEEP_NORMAL
tabla,tabla_000081.wav,AHK_solo-tintal-3.wav,28.67875283446712,KEEP_NORMAL
tabla,tabla_000082.wav,AHK_solo-tintal-4.wav,45.52326530612245,KEEP_NORMAL
tabla,tabla_000083.wav,AHK_solo-tintal-5.wav,59.93027210884354,KEEP_NORMAL
tabla,tabla_000084.wav,AHK_solo-tintal-6.wav,65.3808163265306,KEEP_NORMAL
tabla,tabla_000085.wav,AHK_solo-tintal-7.wav,37.17732426303855,KEEP_NORMAL
tabla,tabla_000086.wav,AS_comp101_t.wav,19.65,KEEP_NORMAL
tabla,tabla_000087.wav,AS_comp102_t.wav,23.2097052154195,KEEP_NORMAL
tabla,tabla_000088.wav,AS_comp103_t.wav,24.25201814058957,KEEP_NORMAL
tabla,tabla_000089.wav,AS_comp104_t.wav,30.088503401360544,KEEP_NORMAL
tabla,tabla_000090.wav,AS_comp105_t.wav,16.96170068027211,KEEP_NORMAL
tabla,tabla_000091.wav,AS_comp106_t.wav,21.386439909297053,KEEP_NORMAL
tabla,tabla_000092.wav,AS_comp107_t.wav,17.19344671201814,KEEP_NORMAL
tabla,tabla_000093.wav,AS_comp108_t.wav,14.527006802721088,KEEP_NORMAL
tabla,tabla_000094.wav,AS_comp109_t.wav,13.468956916099772,KEEP_NORMAL
tabla,tabla_000095.wav,AS_comp110_t.wav,13.419138321995463,KEEP_NORMAL
tabla,tabla_000096.wav,AS_comp111_t.wav,24.85451247165533,KEEP_NORMAL
tabla,tabla_000097.wav,AS_comp112_t.wav,24.525079365079364,KEEP_NORMAL
tabla,tabla_000098.wav,AS_comp113_t.wav,12.355192743764173,KEEP_NORMAL
tabla,tabla_000099.wav,AS_comp114_t.wav,15.073333333333334,KEEP_NORMAL
tabla,tabla_000100.wav,AS_comp115_t.wav,15.258639455782314,KEEP_NORMAL
tabla,tabla_000101.wav,AS_comp116_t.wav,12.43750566893424,KEEP_NORMAL
tabla,tabla_000102.wav,AS_comp117_t.wav,15.546938775510204,KEEP_NORMAL
tabla,tabla_000103.wav,bhajani01.wav,6.603560090702948,KEEP_NORMAL
tabla,tabla_000104.wav,bhajani02.wav,6.514489795918367,KEEP_NORMAL
tabla,tabla_000105.wav,bhajani03.wav,6.538548752834467,KEEP_NORMAL
tabla,tabla_000106.wav,bhajani04.wav,6.566575963718821,KEEP_NORMAL
tabla,tabla_000107.wav,bhajani05.wav,6.5757596371882086,KEEP_NORMAL
tabla,tabla_000108.wav,bhajani06.wav,6.545124716553288,KEEP_NORMAL
tabla,tabla_000109.wav,bhajani07.wav,6.563809523809524,KEEP_NORMAL
tabla,tabla_000110.wav,bhajani08.wav,6.634399092970521,KEEP_NORMAL
tabla,tabla_000111.wav,bhajani09.wav,6.602108843537415,KEEP_NORMAL
tabla,tabla_000112.wav,bhajani10.wav,6.600634920634921,KEEP_NORMAL
tabla,tabla_000113.wav,bhajani11.wav,6.545056689342403,KEEP_NORMAL
tabla,tabla_000114.wav,bhajani12.wav,6.632040816326531,KEEP_NORMAL
tabla,tabla_000115.wav,bhajani13.wav,5.543083900226757,KEEP_NORMAL
tabla,tabla_000116.wav,bhajani14.wav,5.514104308390023,KEEP_NORMAL
tabla,tabla_000117.wav,bhajani15.wav,5.523650793650794,KEEP_NORMAL
tabla,tabla_000118.wav,bhajani16.wav,5.495283446712018,KEEP_NORMAL
tabla,tabla_000119.wav,bhajani17.wav,5.5377777777777775,KEEP_NORMAL
tabla,tabla_000120.wav,bhajani18.wav,5.530090702947846,KEEP_NORMAL
tabla,tabla_000121.wav,bhajani19.wav,5.544557823129252,KEEP_NORMAL
tabla,tabla_000122.wav,bhajani20.wav,5.519931972789116,KEEP_NORMAL
tabla,tabla_000123.wav,bhajani21.wav,5.5508843537414965,KEEP_NORMAL
tabla,tabla_000124.wav,bhajani22.wav,5.529070294784581,KEEP_NORMAL
tabla,tabla_000125.wav,bhajani23.wav,5.551179138321995,KEEP_NORMAL
tabla,tabla_000126.wav,bhajani24.wav,5.531995464852607,KEEP_NORMAL
tabla,tabla_000127.wav,bhajani25.wav,4.182358276643991,KEEP_SHORT_EVENT
tabla,tabla_000128.wav,bhajani26.wav,4.216961451247165,KEEP_SHORT_EVENT
tabla,tabla_000129.wav,bhajani27.wav,4.192018140589569,KEEP_SHORT_EVENT
tabla,tabla_000130.wav,bhajani28.wav,4.222993197278911,KEEP_SHORT_EVENT
tabla,tabla_000131.wav,bhajani29.wav,4.191428571428571,KEEP_SHORT_EVENT
tabla,tabla_000132.wav,bhajani30.wav,4.213424036281179,KEEP_SHORT_EVENT
tabla,tabla_000133.wav,bhajani31.wav,4.191519274376417,KEEP_SHORT_EVENT
tabla,tabla_000134.wav,bhajani32.wav,4.193356009070294,KEEP_SHORT_EVENT
tabla,tabla_000135.wav,bhajani33.wav,4.250294784580499,KEEP_SHORT_EVENT
tabla,tabla_000136.wav,bhajani34.wav,4.1807709750566895,KEEP_SHORT_EVENT
tabla,tabla_000137.wav,bhajani35.wav,4.218730158730159,KEEP_SHORT_EVENT
tabla,tabla_000138.wav,bhajani36.wav,4.224512471655329,KEEP_SHORT_EVENT
tabla,tabla_000139.wav,bhajani37.wav,3.431972789115646,KEEP_SHORT_EVENT
tabla,tabla_000140.wav,bhajani38.wav,3.403582766439909,KEEP_SHORT_EVENT
tabla,tabla_000141.wav,bhajani39.wav,3.4336961451247165,KEEP_SHORT_EVENT
tabla,tabla_000142.wav,bhajani40.wav,3.40265306122449,KEEP_SHORT_EVENT
tabla,tabla_000143.wav,bhajani41.wav,3.397641723356009,KEEP_SHORT_EVENT
tabla,tabla_000144.wav,bhajani42.wav,3.4056009070294784,KEEP_SHORT_EVENT
tabla,tabla_000145.wav,bhajani43.wav,3.4326530612244897,KEEP_SHORT_EVENT
tabla,tabla_000146.wav,bhajani44.wav,3.37750566893424,KEEP_SHORT_EVENT
tabla,tabla_000147.wav,bhajani45.wav,3.4346485260770976,KEEP_SHORT_EVENT
tabla,tabla_000148.wav,bhajani46.wav,3.4107256235827665,KEEP_SHORT_EVENT
tabla,tabla_000149.wav,bhajani47.wav,3.3776643990929704,KEEP_SHORT_EVENT
tabla,tabla_000150.wav,bhajani48.wav,3.4366666666666665,KEEP_SHORT_EVENT
tabla,tabla_000151.wav,bhajani49.wav,2.6499319727891155,KEEP_SHORT_EVENT
tabla,tabla_000152.wav,bhajani50.wav,2.591655328798186,KEEP_SHORT_EVENT
tabla,tabla_000153.wav,bhajani51.wav,2.5606349206349206,KEEP_SHORT_EVENT
tabla,tabla_000154.wav,bhajani52.wav,2.619705215419501,KEEP_SHORT_EVENT
tabla,tabla_000155.wav,bhajani53.wav,2.561632653061225,KEEP_SHORT_EVENT
tabla,tabla_000156.wav,bhajani54.wav,2.5906122448979594,KEEP_SHORT_EVENT
tabla,tabla_000157.wav,bhajani55.wav,2.6504761904761907,KEEP_SHORT_EVENT
tabla,tabla_000158.wav,bhajani56.wav,2.619659863945578,KEEP_SHORT_EVENT
tabla,tabla_000159.wav,bhajani57.wav,2.6205895691609977,KEEP_SHORT_EVENT
tabla,tabla_000160.wav,bhajani58.wav,2.593469387755102,KEEP_SHORT_EVENT
tabla,tabla_000161.wav,bhajani59.wav,2.623809523809524,KEEP_SHORT_EVENT
tabla,tabla_000162.wav,bhajani60.wav,2.6214739229024944,KEEP_SHORT_EVENT
tabla,tabla_000163.wav,bhajani61.wav,2.19578231292517,KEEP_SHORT_EVENT
tabla,tabla_000164.wav,bhajani62.wav,2.138775510204081,KEEP_SHORT_EVENT
tabla,tabla_000165.wav,bhajani63.wav,2.135691609977324,KEEP_SHORT_EVENT
tabla,tabla_000166.wav,bhajani64.wav,2.1345804988662134,KEEP_SHORT_EVENT
tabla,tabla_000167.wav,bhajani65.wav,2.1706802721088434,KEEP_SHORT_EVENT
tabla,tabla_000168.wav,bhajani66.wav,2.1687074829931974,KEEP_SHORT_EVENT
tabla,tabla_000169.wav,bhajani67.wav,2.2038321995464853,KEEP_SHORT_EVENT
tabla,tabla_000170.wav,bhajani68.wav,2.1673696145124715,KEEP_SHORT_EVENT
tabla,tabla_000171.wav,bhajani69.wav,2.16530612244898,KEEP_SHORT_EVENT
tabla,tabla_000172.wav,bhajani70.wav,2.166235827664399,KEEP_SHORT_EVENT
tabla,tabla_000173.wav,bhajani71.wav,2.170453514739229,KEEP_SHORT_EVENT
tabla,tabla_000174.wav,bhajani72.wav,2.200453514739229,KEEP_SHORT_EVENT
tabla,tabla_000175.wav,binati_SRC.wav,95.52839002267574,KEEP_NORMAL
tabla,tabla_000176.wav,dadra01.wav,5.060929705215419,KEEP_NORMAL
tabla,tabla_000177.wav,dadra02.wav,5.037868480725623,KEEP_NORMAL
tabla,tabla_000178.wav,dadra03.wav,5.07297052154195,KEEP_NORMAL
tabla,tabla_000179.wav,dadra04.wav,5.067755102040817,KEEP_NORMAL
tabla,tabla_000180.wav,dadra05.wav,5.094421768707483,KEEP_NORMAL
tabla,tabla_000181.wav,dadra06.wav,5.095600907029478,KEEP_NORMAL
tabla,tabla_000182.wav,dadra07.wav,5.095374149659864,KEEP_NORMAL
tabla,tabla_000183.wav,dadra08.wav,5.03546485260771,KEEP_NORMAL
tabla,tabla_000184.wav,dadra09.wav,5.085170068027211,KEEP_NORMAL
tabla,tabla_000185.wav,dadra10.wav,5.093764172335601,KEEP_NORMAL
tabla,tabla_000186.wav,dadra11.wav,5.066712018140589,KEEP_NORMAL
tabla,tabla_000187.wav,dadra12.wav,5.050340136054421,KEEP_NORMAL
tabla,tabla_000188.wav,dadra13.wav,4.167981859410431,KEEP_SHORT_EVENT
tabla,tabla_000189.wav,dadra14.wav,4.190589569160998,KEEP_SHORT_EVENT
tabla,tabla_000190.wav,dadra15.wav,4.163151927437641,KEEP_SHORT_EVENT
tabla,tabla_000191.wav,dadra16.wav,4.220521541950113,KEEP_SHORT_EVENT
tabla,tabla_000192.wav,dadra17.wav,4.237641723356009,KEEP_SHORT_EVENT
tabla,tabla_000193.wav,dadra18.wav,4.213424036281179,KEEP_SHORT_EVENT
tabla,tabla_000194.wav,dadra19.wav,4.218616780045352,KEEP_SHORT_EVENT
tabla,tabla_000195.wav,dadra20.wav,4.2522675736961455,KEEP_SHORT_EVENT
tabla,tabla_000196.wav,dadra21.wav,4.2503401360544215,KEEP_SHORT_EVENT
tabla,tabla_000197.wav,dadra22.wav,4.222698412698413,KEEP_SHORT_EVENT
tabla,tabla_000198.wav,dadra23.wav,4.222834467120181,KEEP_SHORT_EVENT
tabla,tabla_000199.wav,dadra24.wav,4.21578231292517,KEEP_SHORT_EVENT
tabla,tabla_000200.wav,dadra25.wav,3.2284580498866213,KEEP_SHORT_EVENT
tabla,tabla_000201.wav,dadra26.wav,3.224988662131519,KEEP_SHORT_EVENT
tabla,tabla_000202.wav,dadra27.wav,3.2535374149659866,KEEP_SHORT_EVENT
tabla,tabla_000203.wav,dadra28.wav,3.1695238095238096,KEEP_SHORT_EVENT
tabla,tabla_000204.wav,dadra29.wav,3.2157596371882087,KEEP_SHORT_EVENT
tabla,tabla_000205.wav,dadra30.wav,3.2224489795918365,KEEP_SHORT_EVENT
tabla,tabla_000206.wav,dadra31.wav,3.2224489795918365,KEEP_SHORT_EVENT
tabla,tabla_000207.wav,dadra32.wav,3.1966666666666668,KEEP_SHORT_EVENT
tabla,tabla_000208.wav,dadra33.wav,3.2917233560090704,KEEP_SHORT_EVENT
tabla,tabla_000209.wav,dadra34.wav,3.1957142857142857,KEEP_SHORT_EVENT
tabla,tabla_000210.wav,dadra35.wav,3.227777777777778,KEEP_SHORT_EVENT
tabla,tabla_000211.wav,dadra36.wav,3.198707482993197,KEEP_SHORT_EVENT
tabla,tabla_000212.wav,dadra37.wav,2.5598866213151927,KEEP_SHORT_EVENT
tabla,tabla_000213.wav,dadra38.wav,2.5616780045351475,KEEP_SHORT_EVENT
tabla,tabla_000214.wav,dadra39.wav,2.6274829931972787,KEEP_SHORT_EVENT
tabla,tabla_000215.wav,dadra40.wav,2.564761904761905,KEEP_SHORT_EVENT
tabla,tabla_000216.wav,dadra41.wav,2.5960997732426305,KEEP_SHORT_EVENT
tabla,tabla_000217.wav,dadra42.wav,2.5640589569161,KEEP_SHORT_EVENT
tabla,tabla_000218.wav,dadra43.wav,2.568027210884354,KEEP_SHORT_EVENT
tabla,tabla_000219.wav,dadra44.wav,2.5677777777777777,KEEP_SHORT_EVENT
tabla,tabla_000220.wav,dadra45.wav,2.573605442176871,KEEP_SHORT_EVENT
tabla,tabla_000221.wav,dadra46.wav,2.573764172335601,KEEP_SHORT_EVENT
tabla,tabla_000222.wav,dadra47.wav,2.5629024943310657,KEEP_SHORT_EVENT
tabla,tabla_000223.wav,dadra48.wav,2.572607709750567,KEEP_SHORT_EVENT
tabla,tabla_000224.wav,dadra49.wav,1.95984126984127,KEEP_SHORT_EVENT
tabla,tabla_000225.wav,dadra50.wav,1.990907029478458,KEEP_SHORT_EVENT
tabla,tabla_000226.wav,dadra51.wav,2.019047619047619,KEEP_SHORT_EVENT
tabla,tabla_000227.wav,dadra52.wav,1.990816326530612,KEEP_SHORT_EVENT
tabla,tabla_000228.wav,dadra53.wav,1.959931972789116,KEEP_SHORT_EVENT
tabla,tabla_000229.wav,dadra54.wav,1.9929478458049887,KEEP_SHORT_EVENT
tabla,tabla_000230.wav,dadra55.wav,1.9968253968253968,KEEP_SHORT_EVENT
tabla,tabla_000231.wav,dadra56.wav,1.990770975056689,KEEP_SHORT_EVENT
tabla,tabla_000232.wav,dadra57.wav,1.9906802721088437,KEEP_SHORT_EVENT
tabla,tabla_000233.wav,dadra58.wav,1.992630385487528,KEEP_SHORT_EVENT
tabla,tabla_000234.wav,dadra59.wav,1.994829931972789,KEEP_SHORT_EVENT
tabla,tabla_000235.wav,dadra60.wav,1.987936507936508,KEEP_SHORT_EVENT
tabla,tabla_000236.wav,dadra61.wav,1.6268253968253967,KEEP_SHORT_EVENT
tabla,tabla_000237.wav,dadra62.wav,1.6318820861678005,KEEP_SHORT_EVENT
tabla,tabla_000238.wav,dadra63.wav,1.606734693877551,KEEP_SHORT_EVENT
tabla,tabla_000239.wav,dadra64.wav,1.628843537414966,KEEP_SHORT_EVENT
tabla,tabla_000240.wav,dadra65.wav,1.6277551020408163,KEEP_SHORT_EVENT
tabla,tabla_000241.wav,dadra66.wav,1.6617687074829932,KEEP_SHORT_EVENT
tabla,tabla_000242.wav,dadra67.wav,1.599750566893424,KEEP_SHORT_EVENT
tabla,tabla_000243.wav,dadra68.wav,1.6327210884353742,KEEP_SHORT_EVENT
tabla,tabla_000244.wav,dadra69.wav,1.660702947845805,KEEP_SHORT_EVENT
tabla,tabla_000245.wav,dadra70.wav,1.6017687074829932,KEEP_SHORT_EVENT
tabla,tabla_000246.wav,dadra71.wav,1.6278684807256236,KEEP_SHORT_EVENT
tabla,tabla_000247.wav,dadra72.wav,1.661904761904762,KEEP_SHORT_EVENT
tabla,tabla_000248.wav,deepchandi01.wav,10.746734693877553,KEEP_NORMAL
tabla,tabla_000249.wav,deepchandi02.wav,10.710249433106576,KEEP_NORMAL
tabla,tabla_000250.wav,deepchandi03.wav,11.133968253968254,KEEP_NORMAL
tabla,tabla_000251.wav,deepchandi04.wav,10.75328798185941,KEEP_NORMAL
tabla,tabla_000252.wav,deepchandi05.wav,10.773015873015874,KEEP_NORMAL
tabla,tabla_000253.wav,deepchandi06.wav,10.71403628117914,KEEP_NORMAL
tabla,tabla_000254.wav,deepchandi07.wav,11.145578231292516,KEEP_NORMAL
tabla,tabla_000255.wav,deepchandi08.wav,10.752698412698413,KEEP_NORMAL
tabla,tabla_000256.wav,deepchandi09.wav,10.782448979591836,KEEP_NORMAL
tabla,tabla_000257.wav,deepchandi10.wav,10.73156462585034,KEEP_NORMAL
tabla,tabla_000258.wav,deepchandi11.wav,10.75140589569161,KEEP_NORMAL
tabla,tabla_000259.wav,deepchandi12.wav,10.783333333333331,KEEP_NORMAL
tabla,tabla_000260.wav,deepchandi13.wav,8.884580498866214,KEEP_NORMAL
tabla,tabla_000261.wav,deepchandi14.wav,8.842698412698413,KEEP_NORMAL
tabla,tabla_000262.wav,deepchandi15.wav,8.971609977324263,KEEP_NORMAL
tabla,tabla_000263.wav,deepchandi16.wav,8.962993197278912,KEEP_NORMAL
tabla,tabla_000264.wav,deepchandi17.wav,8.878117913832199,KEEP_NORMAL
tabla,tabla_000265.wav,deepchandi18.wav,9.030022675736962,KEEP_NORMAL
tabla,tabla_000266.wav,deepchandi19.wav,8.974149659863945,KEEP_NORMAL
tabla,tabla_000267.wav,deepchandi20.wav,9.157709750566893,KEEP_NORMAL
tabla,tabla_000268.wav,deepchandi21.wav,9.427052154195012,KEEP_NORMAL
tabla,tabla_000269.wav,deepchandi22.wav,8.801156462585034,KEEP_NORMAL
tabla,tabla_000270.wav,deepchandi23.wav,9.043809523809523,KEEP_NORMAL
tabla,tabla_000271.wav,deepchandi24.wav,9.332040816326533,KEEP_NORMAL
tabla,tabla_000272.wav,deepchandi25.wav,7.146780045351474,KEEP_NORMAL
tabla,tabla_000273.wav,deepchandi26.wav,7.209863945578231,KEEP_NORMAL
tabla,tabla_000274.wav,deepchandi27.wav,7.222789115646258,KEEP_NORMAL
tabla,tabla_000275.wav,deepchandi28.wav,7.186575963718821,KEEP_NORMAL
tabla,tabla_000276.wav,deepchandi29.wav,7.186575963718821,KEEP_NORMAL
tabla,tabla_000277.wav,deepchandi30.wav,7.174965986394557,KEEP_NORMAL
tabla,tabla_000278.wav,deepchandi31.wav,7.065646258503401,KEEP_NORMAL
tabla,tabla_000279.wav,deepchandi32.wav,7.212199546485261,KEEP_NORMAL
tabla,tabla_000280.wav,deepchandi33.wav,7.130136054421769,KEEP_NORMAL
tabla,tabla_000281.wav,deepchandi34.wav,7.188820861678004,KEEP_NORMAL
tabla,tabla_000282.wav,deepchandi35.wav,7.207936507936508,KEEP_NORMAL
tabla,tabla_000283.wav,deepchandi36.wav,7.148344671201814,KEEP_NORMAL
tabla,tabla_000284.wav,deepchandi37.wav,4.742222222222222,KEEP_SHORT_EVENT
tabla,tabla_000285.wav,deepchandi38.wav,4.740226757369615,KEEP_SHORT_EVENT
tabla,tabla_000286.wav,deepchandi39.wav,4.714081632653061,KEEP_SHORT_EVENT
tabla,tabla_000287.wav,deepchandi40.wav,4.718684807256236,KEEP_SHORT_EVENT
tabla,tabla_000288.wav,deepchandi41.wav,4.714625850340136,KEEP_SHORT_EVENT
tabla,tabla_000289.wav,deepchandi42.wav,4.713650793650793,KEEP_SHORT_EVENT
tabla,tabla_000290.wav,deepchandi43.wav,4.710498866213152,KEEP_SHORT_EVENT
tabla,tabla_000291.wav,deepchandi44.wav,4.738866213151927,KEEP_SHORT_EVENT
tabla,tabla_000292.wav,deepchandi45.wav,4.768775510204081,KEEP_SHORT_EVENT
tabla,tabla_000293.wav,deepchandi46.wav,4.743469387755102,KEEP_SHORT_EVENT
tabla,tabla_000294.wav,deepchandi47.wav,4.706961451247166,KEEP_SHORT_EVENT
tabla,tabla_000295.wav,deepchandi48.wav,4.737392290249433,KEEP_SHORT_EVENT
tabla,tabla_000296.wav,deepchandi49.wav,3.0129251700680277,KEEP_SHORT_EVENT
tabla,tabla_000297.wav,deepchandi50.wav,2.9508163265306124,KEEP_SHORT_EVENT
tabla,tabla_000298.wav,deepchandi51.wav,3.0127891156462585,KEEP_SHORT_EVENT
tabla,tabla_000299.wav,deepchandi52.wav,3.018730158730159,KEEP_SHORT_EVENT
tabla,tabla_000300.wav,deepchandi53.wav,2.9889115646258504,KEEP_SHORT_EVENT
tabla,tabla_000301.wav,deepchandi54.wav,3.023514739229025,KEEP_SHORT_EVENT
tabla,tabla_000302.wav,deepchandi55.wav,3.0174149659863945,KEEP_SHORT_EVENT
tabla,tabla_000303.wav,deepchandi56.wav,3.018616780045352,KEEP_SHORT_EVENT
tabla,tabla_000304.wav,deepchandi57.wav,3.1107936507936507,KEEP_SHORT_EVENT
tabla,tabla_000305.wav,deepchandi58.wav,2.989410430839002,KEEP_SHORT_EVENT
tabla,tabla_000306.wav,deepchandi59.wav,3.021496598639456,KEEP_SHORT_EVENT
tabla,tabla_000307.wav,deepchandi60.wav,3.021655328798186,KEEP_SHORT_EVENT
tabla,tabla_000308.wav,ektal01.wav,9.911383219954647,KEEP_NORMAL
tabla,tabla_000309.wav,ektal02.wav,9.911383219954647,KEEP_NORMAL
tabla,tabla_000310.wav,ektal03.wav,9.911383219954647,KEEP_NORMAL
tabla,tabla_000311.wav,ektal04.wav,9.911383219954647,KEEP_NORMAL
tabla,tabla_000312.wav,ektal05.wav,9.970498866213152,KEEP_NORMAL
tabla,tabla_000313.wav,ektal06.wav,9.92875283446712,KEEP_NORMAL
tabla,tabla_000314.wav,ektal07.wav,9.919342403628118,KEEP_NORMAL
tabla,tabla_000315.wav,ektal08.wav,9.95702947845805,KEEP_NORMAL
tabla,tabla_000316.wav,ektal09.wav,9.992312925170069,KEEP_NORMAL
tabla,tabla_000317.wav,ektal10.wav,9.934467120181406,KEEP_NORMAL
tabla,tabla_000318.wav,ektal11.wav,9.910181405895692,KEEP_NORMAL
tabla,tabla_000319.wav,ektal12.wav,9.95281179138322,KEEP_NORMAL
tabla,tabla_000320.wav,ektal13.wav,8.30734693877551,KEEP_NORMAL
tabla,tabla_000321.wav,ektal14.wav,8.185034013605442,KEEP_NORMAL
tabla,tabla_000322.wav,ektal15.wav,8.219092970521542,KEEP_NORMAL
tabla,tabla_000323.wav,ektal16.wav,8.188548752834468,KEEP_NORMAL
tabla,tabla_000324.wav,ektal17.wav,8.213514739229025,KEEP_NORMAL
tabla,tabla_000325.wav,ektal18.wav,8.17342403628118,KEEP_NORMAL
tabla,tabla_000326.wav,ektal19.wav,8.243083900226758,KEEP_NORMAL
tabla,tabla_000327.wav,ektal20.wav,8.205804988662132,KEEP_NORMAL
tabla,tabla_000328.wav,ektal21.wav,8.281201814058957,KEEP_NORMAL
tabla,tabla_000329.wav,ektal22.wav,8.233197278911565,KEEP_NORMAL
tabla,tabla_000330.wav,ektal23.wav,8.236848072562358,KEEP_NORMAL
tabla,tabla_000331.wav,ektal24.wav,8.208253968253969,KEEP_NORMAL
tabla,tabla_000332.wav,ektal25.wav,6.249863945578231,KEEP_NORMAL
tabla,tabla_000333.wav,ektal26.wav,6.222244897959183,KEEP_NORMAL
tabla,tabla_000334.wav,ektal27.wav,6.225215419501134,KEEP_NORMAL
tabla,tabla_000335.wav,ektal28.wav,6.220408163265306,KEEP_NORMAL
tabla,tabla_000336.wav,ektal29.wav,6.191065759637188,KEEP_NORMAL
tabla,tabla_000337.wav,ektal30.wav,6.2175736961451245,KEEP_NORMAL
tabla,tabla_000338.wav,ektal31.wav,6.22140589569161,KEEP_NORMAL
tabla,tabla_000339.wav,ektal32.wav,6.219795918367347,KEEP_NORMAL
tabla,tabla_000340.wav,ektal33.wav,6.191814058956916,KEEP_NORMAL
tabla,tabla_000341.wav,ektal34.wav,6.222335600907029,KEEP_NORMAL
tabla,tabla_000342.wav,ektal35.wav,6.180226757369614,KEEP_NORMAL
tabla,tabla_000343.wav,ektal36.wav,6.192267573696145,KEEP_NORMAL
tabla,tabla_000344.wav,ektal37.wav,5.043718820861678,KEEP_NORMAL
tabla,tabla_000345.wav,ektal38.wav,4.982834467120181,KEEP_SHORT_EVENT
tabla,tabla_000346.wav,ektal39.wav,4.990725623582766,KEEP_SHORT_EVENT
tabla,tabla_000347.wav,ektal40.wav,4.95358276643991,KEEP_SHORT_EVENT
tabla,tabla_000348.wav,ektal41.wav,4.980385487528345,KEEP_SHORT_EVENT
tabla,tabla_000349.wav,ektal42.wav,4.924648526077098,KEEP_SHORT_EVENT
tabla,tabla_000350.wav,ektal43.wav,4.923786848072562,KEEP_SHORT_EVENT
tabla,tabla_000351.wav,ektal44.wav,4.921632653061224,KEEP_SHORT_EVENT
tabla,tabla_000352.wav,ektal45.wav,5.0141496598639455,KEEP_NORMAL
tabla,tabla_000353.wav,ektal46.wav,4.918344671201814,KEEP_SHORT_EVENT
tabla,tabla_000354.wav,ektal47.wav,4.95671201814059,KEEP_SHORT_EVENT
tabla,tabla_000355.wav,ektal48.wav,4.95374149659864,KEEP_SHORT_EVENT
tabla,tabla_000356.wav,ektal49.wav,3.077891156462585,KEEP_SHORT_EVENT
tabla,tabla_000357.wav,ektal50.wav,3.075873015873016,KEEP_SHORT_EVENT
tabla,tabla_000358.wav,ektal51.wav,3.109909297052154,KEEP_SHORT_EVENT
tabla,tabla_000359.wav,ektal52.wav,3.0998639455782317,KEEP_SHORT_EVENT
tabla,tabla_000360.wav,ektal53.wav,3.048027210884354,KEEP_SHORT_EVENT
tabla,tabla_000361.wav,ektal54.wav,3.077437641723356,KEEP_SHORT_EVENT
tabla,tabla_000362.wav,ektal55.wav,3.049886621315193,KEEP_SHORT_EVENT
tabla,tabla_000363.wav,ektal56.wav,3.0189795918367346,KEEP_SHORT_EVENT
tabla,tabla_000364.wav,ektal57.wav,3.078253968253968,KEEP_SHORT_EVENT
tabla,tabla_000365.wav,ektal58.wav,3.111337868480726,KEEP_SHORT_EVENT
tabla,tabla_000366.wav,ektal59.wav,3.0800680272108845,KEEP_SHORT_EVENT
tabla,tabla_000367.wav,ektal60.wav,3.1072108843537416,KEEP_SHORT_EVENT
tabla,tabla_000368.wav,eri-ali_PK.wav,211.91294784580495,KEEP_NORMAL
tabla,tabla_000369.wav,jhaptal01.wav,8.284693877551021,KEEP_NORMAL
tabla,tabla_000370.wav,jhaptal02.wav,8.269183673469387,KEEP_NORMAL
tabla,tabla_000371.wav,jhaptal03.wav,8.290997732426304,KEEP_NORMAL
tabla,tabla_000372.wav,jhaptal04.wav,8.27485260770975,KEEP_NORMAL
tabla,tabla_000373.wav,jhaptal05.wav,8.312743764172335,KEEP_NORMAL
tabla,tabla_000374.wav,jhaptal06.wav,8.262879818594104,KEEP_NORMAL
tabla,tabla_000375.wav,jhaptal07.wav,8.312743764172335,KEEP_NORMAL
tabla,tabla_000376.wav,jhaptal08.wav,8.301111111111112,KEEP_NORMAL
tabla,tabla_000377.wav,jhaptal09.wav,8.332176870748299,KEEP_NORMAL
tabla,tabla_000378.wav,jhaptal10.wav,8.295215419501133,KEEP_NORMAL
tabla,tabla_000379.wav,jhaptal11.wav,8.27485260770975,KEEP_NORMAL
tabla,tabla_000380.wav,jhaptal12.wav,8.335963718820862,KEEP_NORMAL
tabla,tabla_000381.wav,jhaptal13.wav,6.789863945578231,KEEP_NORMAL
tabla,tabla_000382.wav,jhaptal14.wav,6.849886621315193,KEEP_NORMAL
tabla,tabla_000383.wav,jhaptal15.wav,6.85031746031746,KEEP_NORMAL
tabla,tabla_000384.wav,jhaptal16.wav,6.808412698412698,KEEP_NORMAL
tabla,tabla_000385.wav,jhaptal17.wav,6.827460317460318,KEEP_NORMAL
tabla,tabla_000386.wav,jhaptal18.wav,6.81827664399093,KEEP_NORMAL
tabla,tabla_000387.wav,jhaptal19.wav,6.8185714285714285,KEEP_NORMAL
tabla,tabla_000388.wav,jhaptal20.wav,6.888072562358277,KEEP_NORMAL
tabla,tabla_000389.wav,jhaptal21.wav,6.821337868480725,KEEP_NORMAL
tabla,tabla_000390.wav,jhaptal22.wav,6.797936507936508,KEEP_NORMAL
tabla,tabla_000391.wav,jhaptal23.wav,6.857120181405896,KEEP_NORMAL
tabla,tabla_000392.wav,jhaptal24.wav,6.793083900226757,KEEP_NORMAL
tabla,tabla_000393.wav,jhaptal25.wav,5.229863945578232,KEEP_NORMAL
tabla,tabla_000394.wav,jhaptal26.wav,5.213741496598639,KEEP_NORMAL
tabla,tabla_000395.wav,jhaptal27.wav,5.186575963718821,KEEP_NORMAL
tabla,tabla_000396.wav,jhaptal28.wav,5.194263038548753,KEEP_NORMAL
tabla,tabla_000397.wav,jhaptal29.wav,5.2118820861678,KEEP_NORMAL
tabla,tabla_000398.wav,jhaptal30.wav,5.191156462585034,KEEP_NORMAL
tabla,tabla_000399.wav,jhaptal31.wav,5.2128798185941045,KEEP_NORMAL
tabla,tabla_000400.wav,jhaptal32.wav,5.116507936507936,KEEP_NORMAL
tabla,tabla_000401.wav,jhaptal33.wav,5.196598639455782,KEEP_NORMAL
tabla,tabla_000402.wav,jhaptal34.wav,5.187346938775511,KEEP_NORMAL
tabla,tabla_000403.wav,jhaptal35.wav,5.127097505668934,KEEP_NORMAL
tabla,tabla_000404.wav,jhaptal36.wav,5.1912698412698415,KEEP_NORMAL
tabla,tabla_000405.wav,jhaptal37.wav,4.182539682539683,KEEP_SHORT_EVENT
tabla,tabla_000406.wav,jhaptal38.wav,4.187097505668934,KEEP_SHORT_EVENT
tabla,tabla_000407.wav,jhaptal39.wav,4.253560090702948,KEEP_SHORT_EVENT
tabla,tabla_000408.wav,jhaptal40.wav,4.18984126984127,KEEP_SHORT_EVENT
tabla,tabla_000409.wav,jhaptal41.wav,4.206848072562359,KEEP_SHORT_EVENT
tabla,tabla_000410.wav,jhaptal42.wav,4.215827664399093,KEEP_SHORT_EVENT
tabla,tabla_000411.wav,jhaptal43.wav,4.185736961451247,KEEP_SHORT_EVENT
tabla,tabla_000412.wav,jhaptal44.wav,4.196916099773243,KEEP_SHORT_EVENT
tabla,tabla_000413.wav,jhaptal45.wav,4.257687074829932,KEEP_SHORT_EVENT
tabla,tabla_000414.wav,jhaptal46.wav,4.219614512471655,KEEP_SHORT_EVENT
tabla,tabla_000415.wav,jhaptal47.wav,4.1092743764172335,KEEP_SHORT_EVENT
tabla,tabla_000416.wav,jhaptal48.wav,4.167142857142857,KEEP_SHORT_EVENT
tabla,tabla_000417.wav,jhaptal49.wav,2.653718820861678,KEEP_SHORT_EVENT
tabla,tabla_000418.wav,jhaptal50.wav,2.6209750566893426,KEEP_SHORT_EVENT
tabla,tabla_000419.wav,jhaptal51.wav,2.648684807256236,KEEP_SHORT_EVENT
tabla,tabla_000420.wav,jhaptal52.wav,2.5982086167800453,KEEP_SHORT_EVENT
tabla,tabla_000421.wav,jhaptal53.wav,2.6259183673469386,KEEP_SHORT_EVENT
tabla,tabla_000422.wav,jhaptal54.wav,2.595827664399093,KEEP_SHORT_EVENT
tabla,tabla_000423.wav,jhaptal55.wav,2.627959183673469,KEEP_SHORT_EVENT
tabla,tabla_000424.wav,jhaptal56.wav,2.6200226757369616,KEEP_SHORT_EVENT
tabla,tabla_000425.wav,jhaptal57.wav,2.686984126984127,KEEP_SHORT_EVENT
tabla,tabla_000426.wav,jhaptal58.wav,2.6800226757369616,KEEP_SHORT_EVENT
tabla,tabla_000427.wav,jhaptal59.wav,2.650861678004535,KEEP_SHORT_EVENT
tabla,tabla_000428.wav,jhaptal60.wav,2.6599092970521543,KEEP_SHORT_EVENT
tabla,tabla_000429.wav,kachu-na_DM.wav,127.96625850340136,KEEP_NORMAL
tabla,tabla_000430.wav,KB_1.wav,38.153333333333336,KEEP_NORMAL
tabla,tabla_000431.wav,KB_10.wav,127.93433106575964,KEEP_NORMAL
tabla,tabla_000432.wav,KB_11.wav,7.753696145124716,KEEP_NORMAL
tabla,tabla_000433.wav,KB_12.wav,9.61625850340136,KEEP_NORMAL
tabla,tabla_000434.wav,KB_13.wav,9.611383219954648,KEEP_NORMAL
tabla,tabla_000435.wav,KB_14.wav,9.6,KEEP_NORMAL
tabla,tabla_000436.wav,KB_15.wav,9.567573696145123,KEEP_NORMAL
tabla,tabla_000437.wav,KB_16.wav,4.819501133786848,KEEP_SHORT_EVENT
tabla,tabla_000438.wav,KB_17.wav,4.795147392290249,KEEP_SHORT_EVENT
tabla,tabla_000439.wav,KB_18.wav,9.544829931972789,KEEP_NORMAL
tabla,tabla_000440.wav,KB_19.wav,33.619637188208614,KEEP_NORMAL
tabla,tabla_000441.wav,KB_2.wav,86.46845804988662,KEEP_NORMAL
tabla,tabla_000442.wav,KB_20.wav,9.613015873015874,KEEP_NORMAL
tabla,tabla_000443.wav,KB_21.wav,20.167891156462584,KEEP_NORMAL
tabla,tabla_000444.wav,KB_22.wav,3.8582086167800456,KEEP_SHORT_EVENT
tabla,tabla_000445.wav,KB_23.wav,43.8756462585034,KEEP_NORMAL
tabla,tabla_000446.wav,KB_24.wav,46.99743764172336,KEEP_NORMAL
tabla,tabla_000447.wav,KB_25.wav,47.22451247165533,KEEP_NORMAL
tabla,tabla_000448.wav,KB_26.wav,31.47,KEEP_NORMAL
tabla,tabla_000449.wav,KB_3.wav,21.65201814058957,KEEP_NORMAL
tabla,tabla_000450.wav,KB_4.wav,12.678820861678004,KEEP_NORMAL
tabla,tabla_000451.wav,KB_5.wav,76.81975056689342,KEEP_NORMAL
tabla,tabla_000452.wav,KB_6.wav,14.637142857142855,KEEP_NORMAL
tabla,tabla_000453.wav,KB_7.wav,11.938321995464852,KEEP_NORMAL
tabla,tabla_000454.wav,KB_8.wav,73.71176870748299,KEEP_NORMAL
tabla,tabla_000455.wav,KB_9.wav,6.401133786848073,KEEP_NORMAL
tabla,tabla_000456.wav,koyaliya_SRC.wav,106.00945578231293,KEEP_NORMAL
tabla,tabla_000457.wav,man-legayo_DM.wav,136.51857142857142,KEEP_NORMAL
tabla,tabla_000458.wav,payaliya_DM.wav,131.63650793650794,KEEP_NORMAL
tabla,tabla_000459.wav,PP_comp11_t.wav,13.433696145124715,KEEP_NORMAL
tabla,tabla_000460.wav,PP_comp12_t.wav,18.84206349206349,KEEP_NORMAL
tabla,tabla_000461.wav,PP_comp16new_t.wav,31.861700680272108,KEEP_NORMAL
tabla,tabla_000462.wav,PP_comp17_t.wav,16.153333333333332,KEEP_NORMAL
tabla,tabla_000463.wav,PP_comp19_t.wav,28.12362811791383,KEEP_NORMAL
tabla,tabla_000464.wav,PP_comp23_t.wav,14.9018820861678,KEEP_NORMAL
tabla,tabla_000465.wav,PP_comp25_t.wav,27.406326530612244,KEEP_NORMAL
tabla,tabla_000466.wav,PP_comp26_t.wav,17.58437641723356,KEEP_NORMAL
tabla,tabla_000467.wav,PP_comp27_t.wav,24.49394557823129,KEEP_NORMAL
tabla,tabla_000468.wav,PP_comp28_t.wav,14.185691609977324,KEEP_NORMAL
tabla,tabla_000469.wav,PP_comp31_t.wav,25.0459410430839,KEEP_NORMAL
tabla,tabla_000470.wav,PP_comp3_t.wav,16.136326530612244,KEEP_NORMAL
tabla,tabla_000471.wav,PP_comp4_t.wav,18.02201814058957,KEEP_NORMAL
tabla,tabla_000472.wav,PP_comp5_t.wav,18.068571428571428,KEEP_NORMAL
tabla,tabla_000473.wav,PP_comp77_t.wav,15.977392290249432,KEEP_NORMAL
tabla,tabla_000474.wav,PP_comp80_t.wav,25.706439909297053,KEEP_NORMAL
tabla,tabla_000475.wav,PP_comp81_t.wav,15.63639455782313,KEEP_NORMAL
tabla,tabla_000476.wav,PP_comp82_t.wav,16.301632653061226,KEEP_NORMAL
tabla,tabla_000477.wav,PP_comp83_t.wav,16.218707482993196,KEEP_NORMAL
tabla,tabla_000478.wav,PP_comp84_t.wav,9.782063492063491,KEEP_NORMAL
tabla,tabla_000479.wav,PP_comp86_t.wav,14.053333333333333,KEEP_NORMAL
tabla,tabla_000480.wav,PP_comp9_t.wav,17.477437641723355,KEEP_NORMAL
tabla,tabla_000481.wav,RMA_0.wav,18.32820861678005,KEEP_NORMAL
tabla,tabla_000482.wav,RMA_1.wav,33.78394557823129,KEEP_NORMAL
tabla,tabla_000483.wav,RMA_10.wav,17.199750566893425,KEEP_NORMAL
tabla,tabla_000484.wav,RMA_11.wav,16.550068027210884,KEEP_NORMAL
tabla,tabla_000485.wav,RMA_12.wav,17.644263038548754,KEEP_NORMAL
tabla,tabla_000486.wav,RMA_13.wav,19.26875283446712,KEEP_NORMAL
tabla,tabla_000487.wav,RMA_14.wav,10.811768707482994,KEEP_NORMAL
tabla,tabla_000488.wav,RMA_15.wav,18.871269841269843,KEEP_NORMAL
tabla,tabla_000489.wav,RMA_16.wav,19.41126984126984,KEEP_NORMAL
tabla,tabla_000490.wav,RMA_17.wav,19.301632653061223,KEEP_NORMAL
tabla,tabla_000491.wav,RMA_18.wav,18.96444444444445,KEEP_NORMAL
tabla,tabla_000492.wav,RMA_19.wav,18.5368253968254,KEEP_NORMAL
tabla,tabla_000493.wav,RMA_2.wav,17.439138321995465,KEEP_NORMAL
tabla,tabla_000494.wav,RMA_20.wav,18.668390022675737,KEEP_NORMAL
tabla,tabla_000495.wav,RMA_21.wav,18.79383219954649,KEEP_NORMAL
tabla,tabla_000496.wav,RMA_22.wav,19.13714285714286,KEEP_NORMAL
tabla,tabla_000497.wav,RMA_23.wav,18.948004535147398,KEEP_NORMAL
tabla,tabla_000498.wav,RMA_24.wav,18.75063492063492,KEEP_NORMAL
tabla,tabla_000499.wav,RMA_25.wav,19.15358276643991,KEEP_NORMAL
tabla,tabla_000500.wav,RMA_26.wav,18.94938775510204,KEEP_NORMAL
tabla,tabla_000501.wav,RMA_27.wav,18.29045351473923,KEEP_NORMAL
tabla,tabla_000502.wav,RMA_28.wav,18.357256235827663,KEEP_NORMAL
tabla,tabla_000503.wav,RMA_29.wav,18.51145124716553,KEEP_NORMAL
tabla,tabla_000504.wav,RMA_3.wav,17.849455782312926,KEEP_NORMAL
tabla,tabla_000505.wav,RMA_30.wav,18.153015873015875,KEEP_NORMAL
tabla,tabla_000506.wav,RMA_4.wav,17.69557823129252,KEEP_NORMAL
tabla,tabla_000507.wav,RMA_5.wav,16.90907029478458,KEEP_NORMAL
tabla,tabla_000508.wav,RMA_6.wav,16.977505668934242,KEEP_NORMAL
tabla,tabla_000509.wav,RMA_7.wav,17.593015873015872,KEEP_NORMAL
tabla,tabla_000510.wav,RMA_8.wav,17.26814058956916,KEEP_NORMAL
tabla,tabla_000511.wav,RMA_9.wav,17.575895691609976,KEEP_NORMAL
tabla,tabla_000512.wav,rupak01.wav,5.857165532879819,KEEP_NORMAL
tabla,tabla_000513.wav,rupak02.wav,5.858979591836735,KEEP_NORMAL
tabla,tabla_000514.wav,rupak03.wav,5.8500680272108845,KEEP_NORMAL
tabla,tabla_000515.wav,rupak04.wav,5.875986394557823,KEEP_NORMAL
tabla,tabla_000516.wav,rupak05.wav,5.8219047619047615,KEEP_NORMAL
tabla,tabla_000517.wav,rupak06.wav,5.848866213151927,KEEP_NORMAL
tabla,tabla_000518.wav,rupak07.wav,5.789863945578231,KEEP_NORMAL
tabla,tabla_000519.wav,rupak08.wav,5.8888208616780044,KEEP_NORMAL
tabla,tabla_000520.wav,rupak09.wav,5.887777777777778,KEEP_NORMAL
tabla,tabla_000521.wav,rupak10.wav,5.847301587301588,KEEP_NORMAL
tabla,tabla_000522.wav,rupak11.wav,5.829410430839002,KEEP_NORMAL
tabla,tabla_000523.wav,rupak12.wav,5.797460317460318,KEEP_NORMAL
tabla,tabla_000524.wav,rupak13.wav,4.837074829931972,KEEP_SHORT_EVENT
tabla,tabla_000525.wav,rupak14.wav,4.77108843537415,KEEP_SHORT_EVENT
tabla,tabla_000526.wav,rupak15.wav,4.828775510204082,KEEP_SHORT_EVENT
tabla,tabla_000527.wav,rupak16.wav,4.865306122448979,KEEP_SHORT_EVENT
tabla,tabla_000528.wav,rupak17.wav,4.863945578231292,KEEP_SHORT_EVENT
tabla,tabla_000529.wav,rupak18.wav,4.890634920634921,KEEP_SHORT_EVENT
tabla,tabla_000530.wav,rupak19.wav,4.789092970521542,KEEP_SHORT_EVENT
tabla,tabla_000531.wav,rupak20.wav,4.823333333333333,KEEP_SHORT_EVENT
tabla,tabla_000532.wav,rupak21.wav,4.864965986394558,KEEP_SHORT_EVENT
tabla,tabla_000533.wav,rupak22.wav,4.85297052154195,KEEP_SHORT_EVENT
tabla,tabla_000534.wav,rupak23.wav,4.853628117913832,KEEP_SHORT_EVENT
tabla,tabla_000535.wav,rupak24.wav,4.864149659863946,KEEP_SHORT_EVENT
tabla,tabla_000536.wav,rupak25.wav,3.715941043083901,KEEP_SHORT_EVENT
tabla,tabla_000537.wav,rupak26.wav,3.6800226757369616,KEEP_SHORT_EVENT
tabla,tabla_000538.wav,rupak27.wav,3.719795918367347,KEEP_SHORT_EVENT
tabla,tabla_000539.wav,rupak28.wav,3.7219274376417233,KEEP_SHORT_EVENT
tabla,tabla_000540.wav,rupak29.wav,3.7170521541950112,KEEP_SHORT_EVENT
tabla,tabla_000541.wav,rupak30.wav,3.715736961451247,KEEP_SHORT_EVENT
tabla,tabla_000542.wav,rupak31.wav,3.712086167800453,KEEP_SHORT_EVENT
tabla,tabla_000543.wav,rupak32.wav,3.685600907029479,KEEP_SHORT_EVENT
tabla,tabla_000544.wav,rupak33.wav,3.719092970521542,KEEP_SHORT_EVENT
tabla,tabla_000545.wav,rupak34.wav,3.686757369614512,KEEP_SHORT_EVENT
tabla,tabla_000546.wav,rupak35.wav,3.6886621315192745,KEEP_SHORT_EVENT
tabla,tabla_000547.wav,rupak36.wav,3.6874149659863935,KEEP_SHORT_EVENT
tabla,tabla_000548.wav,rupak37.wav,3.038253968253968,KEEP_SHORT_EVENT
tabla,tabla_000549.wav,rupak38.wav,3.021224489795918,KEEP_SHORT_EVENT
tabla,tabla_000550.wav,rupak39.wav,2.9972108843537413,KEEP_SHORT_EVENT
tabla,tabla_000551.wav,rupak40.wav,2.9783219954648525,KEEP_SHORT_EVENT
tabla,tabla_000552.wav,rupak41.wav,3.00702947845805,KEEP_SHORT_EVENT
tabla,tabla_000553.wav,rupak42.wav,2.9605442176870747,KEEP_SHORT_EVENT
tabla,tabla_000554.wav,rupak43.wav,2.9811111111111117,KEEP_SHORT_EVENT
tabla,tabla_000555.wav,rupak44.wav,3.0211564625850342,KEEP_SHORT_EVENT
tabla,tabla_000556.wav,rupak45.wav,3.067074829931973,KEEP_SHORT_EVENT
tabla,tabla_000557.wav,rupak46.wav,3.01390022675737,KEEP_SHORT_EVENT
tabla,tabla_000558.wav,rupak47.wav,2.9920861678004536,KEEP_SHORT_EVENT
tabla,tabla_000559.wav,rupak48.wav,2.985170068027211,KEEP_SHORT_EVENT
tabla,tabla_000560.wav,rupak49.wav,2.325532879818594,KEEP_SHORT_EVENT
tabla,tabla_000561.wav,rupak50.wav,2.292244897959184,KEEP_SHORT_EVENT
tabla,tabla_000562.wav,rupak51.wav,2.293219954648526,KEEP_SHORT_EVENT
tabla,tabla_000563.wav,rupak52.wav,2.2830839002267576,KEEP_SHORT_EVENT
tabla,tabla_000564.wav,rupak53.wav,2.295873015873016,KEEP_SHORT_EVENT
tabla,tabla_000565.wav,rupak54.wav,2.2929931972789115,KEEP_SHORT_EVENT
tabla,tabla_000566.wav,rupak55.wav,2.288934240362812,KEEP_SHORT_EVENT
tabla,tabla_000567.wav,rupak56.wav,2.3,KEEP_SHORT_EVENT
tabla,tabla_000568.wav,rupak57.wav,2.3500680272108845,KEEP_SHORT_EVENT
tabla,tabla_000569.wav,rupak58.wav,2.2973015873015874,KEEP_SHORT_EVENT
tabla,tabla_000570.wav,rupak59.wav,2.2930385487528344,KEEP_SHORT_EVENT
tabla,tabla_000571.wav,rupak60.wav,2.292018140589569,KEEP_SHORT_EVENT
tabla,tabla_000572.wav,shyaam_SRC.wav,112.22863945578231,KEEP_NORMAL
tabla,tabla_000573.wav,SK_comp_1.wav,21.5897052154195,KEEP_NORMAL
tabla,tabla_000574.wav,SK_comp_2.wav,12.447573696145124,KEEP_NORMAL
tabla,tabla_000575.wav,SK_comp_3.wav,15.267006802721088,KEEP_NORMAL
tabla,tabla_000576.wav,SK_comp_4.wav,12.169750566893423,KEEP_NORMAL
tabla,tabla_000577.wav,SK_comp_5.wav,21.497437641723355,KEEP_NORMAL
tabla,tabla_000578.wav,SK_comp_6.wav,12.277755102040816,KEEP_NORMAL
tabla,tabla_000579.wav,SK_comp_7.wav,23.620272108843537,KEEP_NORMAL
tabla,tabla_000580.wav,SK_dadra.wav,9.988390022675738,KEEP_NORMAL
tabla,tabla_000581.wav,SK_ektaal.wav,16.78170068027211,KEEP_NORMAL
tabla,tabla_000582.wav,SK_ektaal_drut.wav,9.057256235827664,KEEP_NORMAL
tabla,tabla_000583.wav,SK_ektaal_vilambit.wav,26.863628117913837,KEEP_NORMAL
tabla,tabla_000584.wav,SK_jhoomra.wav,19.194081632653063,KEEP_NORMAL
tabla,tabla_000585.wav,SK_kaida_1.wav,223.11358276643992,KEEP_NORMAL
tabla,tabla_000586.wav,SK_rela_1.wav,99.54031746031744,KEEP_NORMAL
tabla,tabla_000587.wav,SK_roopak.wav,11.014444444444443,KEEP_NORMAL
tabla,tabla_000588.wav,SK_teentaal.wav,21.63814058956916,KEEP_NORMAL
tabla,tabla_000589.wav,SK_teentaal_drut.wav,11.863696145124717,KEEP_NORMAL
tabla,tabla_000590.wav,SK_teentaal_mahadrut.wav,9.683265306122449,KEEP_NORMAL
tabla,tabla_000591.wav,SK_teentaal_punjabi.wav,21.345328798185943,KEEP_NORMAL
tabla,tabla_000592.wav,SK_teentaal_vilambit.wav,34.555510204081635,KEEP_NORMAL
tabla,tabla_000593.wav,SK_uthan_1.wav,34.73444444444444,KEEP_NORMAL
tabla,tabla_000594.wav,SM_chakradhar.wav,34.47950113378685,KEEP_NORMAL
tabla,tabla_000595.wav,SM_kayda_1.wav,170.27950113378685,KEEP_NORMAL
tabla,tabla_000596.wav,SM_kayda_2.wav,182.55950113378685,KEEP_NORMAL
tabla,tabla_000597.wav,SM_peshkar.wav,184.47950113378684,KEEP_NORMAL
tabla,tabla_000598.wav,SM_uthan.wav,55.75950113378685,KEEP_NORMAL
tabla,tabla_000599.wav,sourashtra-soma_UK2.wav,84.11482993197279,KEEP_NORMAL
tabla,tabla_000600.wav,swarmalika-desh_SRC.wav,112.61519274376415,KEEP_NORMAL
tabla,tabla_000601.wav,T4_02.wav,10.14501133786848,KEEP_NORMAL
tabla,tabla_000602.wav,T4_Ben_03.wav,17.664013605442175,KEEP_NORMAL
tabla,tabla_000603.wav,T4_Dli_01.wav,5.364444444444445,KEEP_NORMAL
tabla,tabla_000604.wav,T4_Dli_02.wav,10.602630385487528,KEEP_NORMAL
tabla,tabla_000605.wav,T4_Dli_03.wav,10.673378684807256,KEEP_NORMAL
tabla,tabla_000606.wav,T4_Dli_04.wav,10.754195011337869,KEEP_NORMAL
tabla,tabla_000607.wav,T4_Dli_05.wav,7.23344671201814,KEEP_NORMAL
tabla,tabla_000608.wav,T4_Drut_01.wav,6.037505668934241,KEEP_NORMAL
tabla,tabla_000609.wav,T4_Drut_02.wav,6.502766439909297,KEEP_NORMAL
tabla,tabla_000610.wav,T4_Drut_03.wav,5.30312925170068,KEEP_NORMAL
tabla,tabla_000611.wav,T4_Gat_01.wav,5.47750566893424,KEEP_NORMAL
tabla,tabla_000612.wav,T4_Gat_02.wav,10.814195011337867,KEEP_NORMAL
tabla,tabla_000613.wav,T4_Gat_03.wav,10.88875283446712,KEEP_NORMAL
tabla,tabla_000614.wav,T4_Gat_04.wav,10.841814058956915,KEEP_NORMAL
tabla,tabla_000615.wav,T4_Gat_05.wav,11.223015873015871,KEEP_NORMAL
tabla,tabla_000616.wav,T4_Gat_pra_00.wav,2.8307709750566894,KEEP_SHORT_EVENT
tabla,tabla_000617.wav,T4_Gat_pra_01.wav,5.240068027210884,KEEP_NORMAL
tabla,tabla_000618.wav,T4_Gat_pra_02.wav,10.36501133786848,KEEP_NORMAL
tabla,tabla_000619.wav,T4_Luc_01.wav,5.296825396825397,KEEP_NORMAL
tabla,tabla_000620.wav,T4_Luc_02.wav,10.70718820861678,KEEP_NORMAL
tabla,tabla_000621.wav,T4_Luc_03.wav,10.88,KEEP_NORMAL
tabla,tabla_000622.wav,T4_Luc_04.wav,11.214580498866214,KEEP_NORMAL
tabla,tabla_000623.wav,T4_Luc_05.wav,10.818820861678004,KEEP_NORMAL
tabla,tabla_000624.wav,T4_Luc_06.wav,15.75920634920635,KEEP_NORMAL
tabla,tabla_000625.wav,T4_Mukuda_01.wav,10.71156462585034,KEEP_NORMAL
tabla,tabla_000626.wav,T4_Pur_01.wav,6.779954648526077,KEEP_NORMAL
tabla,tabla_000627.wav,T4_Pur_02.wav,6.675895691609977,KEEP_NORMAL
tabla,tabla_000628.wav,T4_Pur_03.wav,6.587823129251701,KEEP_NORMAL
tabla,tabla_000629.wav,T4_Pur_04.wav,6.627891156462585,KEEP_NORMAL
tabla,tabla_000630.wav,T4_Pur_05.wav,6.779954648526077,KEEP_NORMAL
tabla,tabla_000631.wav,T4_Tukuda_01.wav,4.7640816326530615,KEEP_SHORT_EVENT
tabla,tabla_000632.wav,T4_Tukuda_02.wav,5.058208616780045,KEEP_NORMAL
tabla,tabla_000633.wav,T4_Tukuda_03.wav,5.234625850340136,KEEP_NORMAL
tabla,tabla_000634.wav,T4_Tukuda_04.wav,5.175827664399093,KEEP_NORMAL
tabla,tabla_000635.wav,T4_Tukuda_05.wav,5.293446712018141,KEEP_NORMAL
tabla,tabla_000636.wav,T4_Tukuda_Ben_01.wav,7.728253968253968,KEEP_NORMAL
tabla,tabla_000637.wav,T4_Tukuda_Ben_02.wav,8.439637188208616,KEEP_NORMAL
tabla,tabla_000638.wav,T4_Tukuda_Ben_03.wav,8.019251700680272,KEEP_NORMAL
tabla,tabla_000639.wav,T4_Tukuda_Ben_04.wav,9.021632653061223,KEEP_NORMAL
tabla,tabla_000640.wav,T4_Tukuda_Japh_01.wav,5.172517006802721,KEEP_NORMAL
tabla,tabla_000641.wav,T4_Tukuda_Japh_02.wav,5.793197278911564,KEEP_NORMAL
tabla,tabla_000642.wav,T4_Tukuda_Japh_03.wav,5.32031746031746,KEEP_NORMAL
tabla,tabla_000643.wav,T4_Tukuda_Japh_04.wav,5.793197278911564,KEEP_NORMAL
tabla,tabla_000644.wav,T4_Tukuda_Japh_05.wav,6.561700680272109,KEEP_NORMAL
tabla,tabla_000645.wav,T4_Vilambit_01.wav,14.868571428571428,KEEP_NORMAL
tabla,tabla_000646.wav,T5_Dli_01.wav,10.561451247165532,KEEP_NORMAL
tabla,tabla_000647.wav,T5_Dli_02.wav,10.81814058956916,KEEP_NORMAL
tabla,tabla_000648.wav,T5_Dli_03.wav,7.35344671201814,KEEP_NORMAL
tabla,tabla_000649.wav,T5_Dli_04.wav,5.526689342403628,KEEP_NORMAL
tabla,tabla_000650.wav,T5_Dli_05.wav,10.991315192743764,KEEP_NORMAL
tabla,tabla_000651.wav,T5_Gat_01.wav,5.658707482993197,KEEP_NORMAL
tabla,tabla_000652.wav,T5_Gat_02.wav,11.19920634920635,KEEP_NORMAL
tabla,tabla_000653.wav,T5_Gat_03.wav,5.640952380952381,KEEP_NORMAL
tabla,tabla_000654.wav,T5_Gat_03_1.wav,5.581768707482993,KEEP_NORMAL
tabla,tabla_000655.wav,T5_Gat_04.wav,11.088253968253968,KEEP_NORMAL
tabla,tabla_000656.wav,T5_Gat_05.wav,11.51532879818594,KEEP_NORMAL
tabla,tabla_000657.wav,T5_Luc_01.wav,5.391519274376417,KEEP_NORMAL
tabla,tabla_000658.wav,T5_Luc_02.wav,10.78689342403628,KEEP_NORMAL
tabla,tabla_000659.wav,T5_Luc_03.wav,10.984444444444444,KEEP_NORMAL
tabla,tabla_000660.wav,T5_Luc_04.wav,11.265260770975056,KEEP_NORMAL
tabla,tabla_000661.wav,T5_Luc_05.wav,10.88095238095238,KEEP_NORMAL
tabla,tabla_000662.wav,T5_Luc_06.wav,10.68251700680272,KEEP_NORMAL
tabla,tabla_000663.wav,T5_Luc_07.wav,11.250884353741496,KEEP_NORMAL
tabla,tabla_000664.wav,T7_Ben_tukuda_01.wav,8.865147392290249,KEEP_NORMAL
tabla,tabla_000665.wav,T7_Ben_tukuda_02.wav,9.003628117913832,KEEP_NORMAL
tabla,tabla_000666.wav,T7_Ben_tukuda_03.wav,8.484195011337869,KEEP_NORMAL
tabla,tabla_000667.wav,T7_Ben_tukuda_04.wav,8.899750566893424,KEEP_NORMAL
tabla,tabla_000668.wav,T7_Ben_tukuda_05.wav,17.6,KEEP_NORMAL
tabla,tabla_000669.wav,T7_DLI_01.wav,45.20643990929705,KEEP_NORMAL
tabla,tabla_000670.wav,T7_Fur_01.wav,9.749637188208617,KEEP_NORMAL
tabla,tabla_000671.wav,T7_Fur_02.wav,9.498390022675736,KEEP_NORMAL
tabla,tabla_000672.wav,T7_Fur_03.wav,14.331315192743764,KEEP_NORMAL
tabla,tabla_000673.wav,T7_Fur_04.wav,14.044195011337868,KEEP_NORMAL
tabla,tabla_000674.wav,T7_GAT_01.wav,45.37469387755102,KEEP_NORMAL
tabla,tabla_000675.wav,T7_Gat_tukuda_01.wav,6.1210657596371885,KEEP_NORMAL
tabla,tabla_000676.wav,T7_Jap_Tukuda_01.wav,5.441133786848073,KEEP_NORMAL
tabla,tabla_000677.wav,T7_Jap_Tukuda_02.wav,5.713197278911565,KEEP_NORMAL
tabla,tabla_000678.wav,T7_Jap_Tukuda_03.wav,5.320204081632653,KEEP_NORMAL
tabla,tabla_000679.wav,T7_Jap_Tukuda_04.wav,5.29,KEEP_NORMAL
tabla,tabla_000680.wav,T7_Jap_Tukuda_05.wav,5.713197278911565,KEEP_NORMAL
tabla,tabla_000681.wav,T7_LUC_01.wav,25.304126984126984,KEEP_NORMAL
tabla,tabla_000682.wav,T7_Luc_jap_01.wav,9.109319727891156,KEEP_NORMAL
tabla,tabla_000683.wav,T7_Mukuda_01.wav,10.446938775510205,KEEP_NORMAL
tabla,tabla_000684.wav,T7_Pur_01.wav,6.897755102040817,KEEP_NORMAL
tabla,tabla_000685.wav,T7_Pur_02.wav,6.740272108843538,KEEP_NORMAL
tabla,tabla_000686.wav,T7_Pur_03.wav,6.724512471655329,KEEP_NORMAL
tabla,tabla_000687.wav,T7_Pur_04.wav,6.787505668934241,KEEP_NORMAL
tabla,tabla_000688.wav,T7_Pur_05.wav,6.850521541950114,KEEP_NORMAL
tabla,tabla_000689.wav,T7_Rela_01.wav,8.9156462585034,KEEP_NORMAL
tabla,tabla_000690.wav,T7_TAA1_01.wav,15.717641723356008,KEEP_NORMAL
tabla,tabla_000691.wav,T7_TAA5_01.wav,39.46907029478458,KEEP_NORMAL
tabla,tabla_000692.wav,T7_TAA5_02.wav,24.20487528344671,KEEP_NORMAL
tabla,tabla_000693.wav,T7_Tukuda_01.wav,5.281065759637189,KEEP_NORMAL
tabla,tabla_000694.wav,T7_Tukuda_02.wav,5.103083900226757,KEEP_NORMAL
tabla,tabla_000695.wav,T7_Tukuda_03.wav,5.340453514739229,KEEP_NORMAL
tabla,tabla_000696.wav,T7_Tukuda_04.wav,5.7535827664399095,KEEP_NORMAL
tabla,tabla_000697.wav,T7_Tukuda_05.wav,5.4294557823129255,KEEP_NORMAL
tabla,tabla_000698.wav,tarana-darbari_UK2.wav,72.57433106575964,KEEP_NORMAL
tabla,tabla_000699.wav,trital01.wav,11.536621315192743,KEEP_NORMAL
tabla,tabla_000700.wav,trital02.wav,8.223356009070296,KEEP_NORMAL
tabla,tabla_000701.wav,trital03.wav,7.506439909297052,KEEP_NORMAL
tabla,tabla_000702.wav,trital04.wav,6.349115646258503,KEEP_NORMAL
tabla,tabla_000703.wav,trital05.wav,5.543673469387755,KEEP_NORMAL
tabla,tabla_000704.wav,trital06.wav,5.152222222222222,KEEP_NORMAL
tabla,tabla_000705.wav,trital07.wav,3.3760997732426303,KEEP_SHORT_EVENT
tabla,tabla_000706.wav,trital08.wav,3.980997732426304,KEEP_SHORT_EVENT
tabla,tabla_000707.wav,trital09.wav,3.5490702947845807,KEEP_SHORT_EVENT
tabla,tabla_000708.wav,trital10.wav,11.558480725623582,KEEP_NORMAL
tabla,tabla_000709.wav,trital100.wav,4.684263038548753,KEEP_SHORT_EVENT
tabla,tabla_000710.wav,trital11.wav,8.130952380952381,KEEP_NORMAL
tabla,tabla_000711.wav,trital12.wav,8.885918367346939,KEEP_NORMAL
tabla,tabla_000712.wav,trital13.wav,7.550657596371882,KEEP_NORMAL
tabla,tabla_000713.wav,trital14.wav,5.5777551020408165,KEEP_NORMAL
tabla,tabla_000714.wav,trital15.wav,5.7103401360544215,KEEP_NORMAL
tabla,tabla_000715.wav,trital16.wav,5.7103401360544215,KEEP_NORMAL
tabla,tabla_000716.wav,trital17.wav,4.418684807256236,KEEP_SHORT_EVENT
tabla,tabla_000717.wav,trital18.wav,3.612312925170068,KEEP_SHORT_EVENT
tabla,tabla_000718.wav,trital19.wav,2.7692290249433107,KEEP_SHORT_EVENT
tabla,tabla_000719.wav,trital20.wav,10.948208616780043,KEEP_NORMAL
tabla,tabla_000720.wav,trital21.wav,11.867256235827664,KEEP_NORMAL
tabla,tabla_000721.wav,trital22.wav,11.57514739229025,KEEP_NORMAL
tabla,tabla_000722.wav,trital23.wav,11.517097505668934,KEEP_NORMAL
tabla,tabla_000723.wav,trital24.wav,11.61265306122449,KEEP_NORMAL
tabla,tabla_000724.wav,trital25.wav,11.969501133786848,KEEP_NORMAL
tabla,tabla_000725.wav,trital26.wav,11.840430839002268,KEEP_NORMAL
tabla,tabla_000726.wav,trital27.wav,11.447437641723356,KEEP_NORMAL
tabla,tabla_000727.wav,trital28.wav,11.609977324263038,KEEP_NORMAL
tabla,tabla_000728.wav,trital29.wav,11.76061224489796,KEEP_NORMAL
tabla,tabla_000729.wav,trital30.wav,11.515668934240365,KEEP_NORMAL
tabla,tabla_000730.wav,trital31.wav,8.798662131519274,KEEP_NORMAL
tabla,tabla_000731.wav,trital32.wav,8.95451247165533,KEEP_NORMAL
tabla,tabla_000732.wav,trital33.wav,8.94265306122449,KEEP_NORMAL
tabla,tabla_000733.wav,trital34.wav,8.192925170068028,KEEP_NORMAL
tabla,tabla_000734.wav,trital35.wav,8.258616780045351,KEEP_NORMAL
tabla,tabla_000735.wav,trital36.wav,9.07297052154195,KEEP_NORMAL
tabla,tabla_000736.wav,trital37.wav,8.902108843537414,KEEP_NORMAL
tabla,tabla_000737.wav,trital38.wav,9.07809523809524,KEEP_NORMAL
tabla,tabla_000738.wav,trital39.wav,8.794829931972789,KEEP_NORMAL
tabla,tabla_000739.wav,trital40.wav,8.322018140589568,KEEP_NORMAL
tabla,tabla_000740.wav,trital41.wav,8.223242630385487,KEEP_NORMAL
tabla,tabla_000741.wav,trital42.wav,8.267142857142858,KEEP_NORMAL
tabla,tabla_000742.wav,trital43.wav,9.072879818594105,KEEP_NORMAL
tabla,tabla_000743.wav,trital44.wav,8.287256235827664,KEEP_NORMAL
tabla,tabla_000744.wav,trital45.wav,8.267256235827665,KEEP_NORMAL
tabla,tabla_000745.wav,trital46.wav,8.192222222222222,KEEP_NORMAL
tabla,tabla_000746.wav,trital47.wav,8.171746031746032,KEEP_NORMAL
tabla,tabla_000747.wav,trital48.wav,8.301133786848073,KEEP_NORMAL
tabla,tabla_000748.wav,trital49.wav,9.032562358276644,KEEP_NORMAL
tabla,tabla_000749.wav,trital50.wav,9.287981859410433,KEEP_NORMAL
tabla,tabla_000750.wav,trital51.wav,7.532789115646258,KEEP_NORMAL
tabla,tabla_000751.wav,trital52.wav,7.662585034013605,KEEP_NORMAL
tabla,tabla_000752.wav,trital53.wav,7.558095238095238,KEEP_NORMAL
tabla,tabla_000753.wav,trital54.wav,7.572607709750567,KEEP_NORMAL
tabla,tabla_000754.wav,trital55.wav,6.651814058956916,KEEP_NORMAL
tabla,tabla_000755.wav,trital56.wav,7.252335600907029,KEEP_NORMAL
tabla,tabla_000756.wav,trital57.wav,6.624875283446712,KEEP_NORMAL
tabla,tabla_000757.wav,trital58.wav,6.544852607709751,KEEP_NORMAL
tabla,tabla_000758.wav,trital59.wav,6.716394557823129,KEEP_NORMAL
tabla,tabla_000759.wav,trital60.wav,6.652312925170068,KEEP_NORMAL
tabla,tabla_000760.wav,trital61.wav,6.658820861678005,KEEP_NORMAL
tabla,tabla_000761.wav,trital62.wav,6.669342403628118,KEEP_NORMAL
tabla,tabla_000762.wav,trital63.wav,6.674625850340136,KEEP_NORMAL
tabla,tabla_000763.wav,trital64.wav,7.476281179138322,KEEP_NORMAL
tabla,tabla_000764.wav,trital65.wav,6.692947845804989,KEEP_NORMAL
tabla,tabla_000765.wav,trital66.wav,6.659614512471656,KEEP_NORMAL
tabla,tabla_000766.wav,trital67.wav,7.572494331065759,KEEP_NORMAL
tabla,tabla_000767.wav,trital68.wav,6.661133786848072,KEEP_NORMAL
tabla,tabla_000768.wav,trital69.wav,6.698684807256236,KEEP_NORMAL
tabla,tabla_000769.wav,trital70.wav,6.629297052154195,KEEP_NORMAL
tabla,tabla_000770.wav,trital71.wav,5.035328798185941,KEEP_NORMAL
tabla,tabla_000771.wav,trital72.wav,5.999614512471656,KEEP_NORMAL
tabla,tabla_000772.wav,trital73.wav,5.937845804988662,KEEP_NORMAL
tabla,tabla_000773.wav,trital74.wav,5.1140589569161,KEEP_NORMAL
tabla,tabla_000774.wav,trital76.wav,5.1210657596371885,KEEP_NORMAL
tabla,tabla_000775.wav,trital77.wav,5.939024943310658,KEEP_NORMAL
tabla,tabla_000776.wav,trital78.wav,5.5495691609977325,KEEP_NORMAL
tabla,tabla_000777.wav,trital79.wav,5.825555555555556,KEEP_NORMAL
tabla,tabla_000778.wav,trital80.wav,5.083605442176871,KEEP_NORMAL
tabla,tabla_000779.wav,trital81.wav,5.050340136054421,KEEP_NORMAL
tabla,tabla_000780.wav,trital82.wav,5.995578231292517,KEEP_NORMAL
tabla,tabla_000781.wav,trital83.wav,5.122494331065759,KEEP_NORMAL
tabla,tabla_000782.wav,trital84.wav,5.659365079365079,KEEP_NORMAL
tabla,tabla_000783.wav,trital85.wav,5.116848072562358,KEEP_NORMAL
tabla,tabla_000784.wav,trital86.wav,5.106802721088435,KEEP_NORMAL
tabla,tabla_000785.wav,trital87.wav,5.107482993197279,KEEP_NORMAL
tabla,tabla_000786.wav,trital88.wav,5.088185941043084,KEEP_NORMAL
tabla,tabla_000787.wav,trital89.wav,6.104331065759637,KEEP_NORMAL
tabla,tabla_000788.wav,trital90.wav,5.0836961451247165,KEEP_NORMAL
tabla,tabla_000789.wav,trital91.wav,5.06124716553288,KEEP_NORMAL
tabla,tabla_000790.wav,trital92.wav,4.559637188208617,KEEP_SHORT_EVENT
tabla,tabla_000791.wav,trital93.wav,4.555147392290249,KEEP_SHORT_EVENT
tabla,tabla_000792.wav,trital94.wav,4.608185941043084,KEEP_SHORT_EVENT
tabla,tabla_000793.wav,trital95.wav,4.596031746031746,KEEP_SHORT_EVENT
tabla,tabla_000794.wav,trital96.wav,4.556303854875283,KEEP_SHORT_EVENT
tabla,tabla_000795.wav,trital97.wav,4.517528344671202,KEEP_SHORT_EVENT
tabla,tabla_000796.wav,trital98.wav,4.589410430839003,KEEP_SHORT_EVENT
tabla,tabla_000797.wav,trital99.wav,4.587392290249433,KEEP_SHORT_EVENT
harmonium,harmonium_000001.wav,1.wav,3.0,KEEP_SHORT_EVENT
harmonium,harmonium_000002.wav,10.wav,3.0,KEEP_SHORT_EVENT
harmonium,harmonium_000003.wav,100.wav,3.0,KEEP_SHORT_EVENT
harmonium,harmonium_000004.wav,1000.wav,3.0,KEEP_SHORT_EVENT
harmonium,harmonium_000005.wav,1001.wav,3.0,KEEP_SHORT_EVENT
harmonium,harmonium_000006.wav,1002.wav,3.0,KEEP_SHORT_EVENT
harmonium,harmonium_000007.wav,1003.wav,3.0,KEEP_SHORT_EVENT
harmonium,harmonium_000008.wav,1004.wav,3.0,KEEP_SHORT_EVENT
harmonium,harmonium_000009.wav,1005.wav,3.0,KEEP_SHORT_EVENT
harmonium,harmonium_000010.wav,1006.wav,3.0,KEEP_SHORT_EVENT
harmonium,harmonium_000011.wav,1007.wav,3.0,KEEP_SHORT_EVENT
harmonium,harmonium_000012.wav,1008.wav,3.0,KEEP_SHORT_EVENT
harmonium,harmonium_000013.wav,1009.wav,3.0,KEEP_SHORT_EVENT
harmonium,harmonium_000014.wav,101.wav,3.0,KEEP_SHORT_EVENT
harmonium,harmonium_000015.wav,1010.wav,3.0,KEEP_SHORT_EVENT
harmonium,harmonium_000016.wav,1011.wav,3.0,KEEP_SHORT_EVENT
harmonium,harmonium_000017.wav,1012.wav,3.0,KEEP_SHORT_EVENT
harmonium,harmonium_000018.wav,1013.wav,3.0,KEEP_SHORT_EVENT
harmonium,harmonium_000019.wav,1014.wav,3.0,KEEP_SHORT_EVENT
harmonium,harmonium_000020.wav,1015.wav,3.0,KEEP_SHORT_EVENT
harmonium,harmonium_000021.wav,1016.wav,3.0,KEEP_SHORT_EVENT
harmonium,harmonium_000022.wav,1017.wav,3.0,KEEP_SHORT_EVENT
harmonium,harmonium_000023.wav,1018.wav,3.0,KEEP_SHORT_EVENT
harmonium,harmonium_000024.wav,1019.wav,3.0,KEEP_SHORT_EVENT
harmonium,harmonium_000025.wav,102.wav,3.0,KEEP_SHORT_EVENT
harmonium,harmonium_000026.wav,1020.wav,3.0,KEEP_SHORT_EVENT
harmonium,harmonium_000027.wav,1021.wav,3.0,KEEP_SHORT_EVENT
harmonium,harmonium_000028.wav,1022.wav,3.0,KEEP_SHORT_EVENT
harmonium,harmonium_000029.wav,1023.wav,3.0,KEEP_SHORT_EVENT
harmonium,harmonium_000030.wav,1024.wav,3.0,KEEP_SHORT_EVENT
harmonium,harmonium_000031.wav,1025.wav,3.0,KEEP_SHORT_EVENT
harmonium,harmonium_000032.wav,1026.wav,3.0,KEEP_SHORT_EVENT
harmonium,harmonium_000033.wav,1027.wav,3.0,KEEP_SHORT_EVENT
harmonium,harmonium_000034.wav,1028.wav,3.0,KEEP_SHORT_EVENT
harmonium,harmonium_000035.wav,1029.wav,3.0,KEEP_SHORT_EVENT
harmonium,harmonium_000036.wav,103.wav,3.0,KEEP_SHORT_EVENT
harmonium,harmonium_000037.wav,1030.wav,3.0,KEEP_SHORT_EVENT
harmonium,harmonium_000038.wav,1031.wav,3.0,KEEP_SHORT_EVENT
harmonium,harmonium_000039.wav,1032.wav,3.0,KEEP_SHORT_EVENT
harmonium,harmonium_000040.wav,1033.wav,3.0,KEEP_SHORT_EVENT
harmonium,harmonium_000041.wav,1034.wav,3.0,KEEP_SHORT_EVENT
harmonium,harmonium_000042.wav,1035.wav,3.0,KEEP_SHORT_EVENT
harmonium,harmonium_000043.wav,1036.wav,3.0,KEEP_SHORT_EVENT
harmonium,harmonium_000044.wav,1037.wav,3.0,KEEP_SHORT_EVENT
harmonium,harmonium_000045.wav,1038.wav,3.0,KEEP_SHORT_EVENT
harmonium,harmonium_000046.wav,1039.wav,3.0,KEEP_SHORT_EVENT
harmonium,harmonium_000047.wav,104.wav,3.0,KEEP_SHORT_EVENT
harmonium,harmonium_000048.wav,1040.wav,3.0,KEEP_SHORT_EVENT
harmonium,harmonium_000049.wav,1041.wav,3.0,KEEP_SHORT_EVENT
harmonium,harmonium_000050.wav,1042.wav,3.0,KEEP_SHORT_EVENT
harmonium,harmonium_000051.wav,1043.wav,3.0,KEEP_SHORT_EVENT
harmonium,harmonium_000052.wav,1044.wav,3.0,KEEP_SHORT_EVENT
harmonium,harmonium_000053.wav,1045.wav,3.0,KEEP_SHORT_EVENT
harmonium,harmonium_000054.wav,1046.wav,3.0,KEEP_SHORT_EVENT
harmonium,harmonium_000055.wav,1047.wav,3.0,KEEP_SHORT_EVENT
harmonium,harmonium_000056.wav,1048.wav,3.0,KEEP_SHORT_EVENT
harmonium,harmonium_000057.wav,1049.wav,3.0,KEEP_SHORT_EVENT
harmonium,harmonium_000058.wav,105.wav,3.0,KEEP_SHORT_EVENT
harmonium,harmonium_000059.wav,1050.wav,3.0,KEEP_SHORT_EVENT
harmonium,harmonium_000060.wav,1051.wav,3.0,KEEP_SHORT_EVENT
harmonium,harmonium_000061.wav,1052.wav,3.0,KEEP_SHORT_EVENT
harmonium,harmonium_000062.wav,1053.wav,3.0,KEEP_SHORT_EVENT
harmonium,harmonium_000063.wav,1054.wav,3.0,KEEP_SHORT_EVENT
harmonium,harmonium_000064.wav,1055.wav,3.0,KEEP_SHORT_EVENT
harmonium,harmonium_000065.wav,1056.wav,3.0,KEEP_SHORT_EVENT
harmonium,harmonium_000066.wav,1057.wav,3.0,KEEP_SHORT_EVENT
harmonium,harmonium_000067.wav,1058.wav,3.0,KEEP_SHORT_EVENT
harmonium,harmonium_000068.wav,1059.wav,3.0,KEEP_SHORT_EVENT
harmonium,harmonium_000069.wav,106.wav,3.0,KEEP_SHORT_EVENT
harmonium,harmonium_000070.wav,1060.wav,3.0,KEEP_SHORT_EVENT
harmonium,harmonium_000071.wav,1061.wav,3.0,KEEP_SHORT_EVENT
harmonium,harmonium_000072.wav,1062.wav,3.0,KEEP_SHORT_EVENT
harmonium,harmonium_000073.wav,1063.wav,3.0,KEEP_SHORT_EVENT
harmonium,harmonium_000074.wav,1064.wav,3.0,KEEP_SHORT_EVENT
harmonium,harmonium_000075.wav,1065.wav,3.0,KEEP_SHORT_EVENT
harmonium,harmonium_000076.wav,1066.wav,3.0,KEEP_SHORT_EVENT
harmonium,harmonium_000077.wav,1067.wav,3.0,KEEP_SHORT_EVENT
harmonium,harmonium_000078.wav,1068.wav,3.0,KEEP_SHORT_EVENT
harmonium,harmonium_000079.wav,1069.wav,3.0,KEEP_SHORT_EVENT
harmonium,harmonium_000080.wav,107.wav,3.0,KEEP_SHORT_EVENT
harmonium,harmonium_000081.wav,1070.wav,3.0,KEEP_SHORT_EVENT
harmonium,harmonium_000082.wav,1071.wav,3.0,KEEP_SHORT_EVENT
harmonium,harmonium_000083.wav,1072.wav,3.0,KEEP_SHORT_EVENT
harmonium,harmonium_000084.wav,1073.wav,3.0,KEEP_SHORT_EVENT
harmonium,harmonium_000085.wav,1074.wav,3.0,KEEP_SHORT_EVENT
harmonium,harmonium_000086.wav,1075.wav,3.0,KEEP_SHORT_EVENT
harmonium,harmonium_000087.wav,1076.wav,3.0,KEEP_SHORT_EVENT
harmonium,harmonium_000088.wav,1077.wav,3.0,KEEP_SHORT_EVENT
harmonium,harmonium_000089.wav,1078.wav,3.0,KEEP_SHORT_EVENT
harmonium,harmonium_000090.wav,1079.wav,3.0,KEEP_SHORT_EVENT
harmonium,harmonium_000091.wav,108.wav,3.0,KEEP_SHORT_EVENT
harmonium,harmonium_000092.wav,1080.wav,3.0,KEEP_SHORT_EVENT
harmonium,harmonium_000093.wav,1081.wav,3.0,KEEP_SHORT_EVENT
harmonium,harmonium_000094.wav,1082.wav,3.0,KEEP_SHORT_EVENT
harmonium,harmonium_000095.wav,1083.wav,3.0,KEEP_SHORT_EVENT
harmonium,harmonium_000096.wav,1084.wav,3.0,KEEP_SHORT_EVENT
harmonium,harmonium_000097.wav,1085.wav,3.0,KEEP_SHORT_EVENT
harmonium,harmonium_000098.wav,1086.wav,3.0,KEEP_SHORT_EVENT
harmonium,harmonium_000099.wav,1087.wav,3.0,KEEP_SHORT_EVENT
harmonium,harmonium_000100.wav,1088.wav,3.0,KEEP_SHORT_EVENT
harmonium,harmonium_000101.wav,1089.wav,3.0,KEEP_SHORT_EVENT
harmonium,harmonium_000102.wav,109.wav,3.0,KEEP_SHORT_EVENT
harmonium,harmonium_000103.wav,1090.wav,3.0,KEEP_SHORT_EVENT
harmonium,harmonium_000104.wav,1091.wav,3.0,KEEP_SHORT_EVENT
harmonium,harmonium_000105.wav,1092.wav,3.0,KEEP_SHORT_EVENT
harmonium,harmonium_000106.wav,1093.wav,3.0,KEEP_SHORT_EVENT
harmonium,harmonium_000107.wav,1094.wav,3.0,KEEP_SHORT_EVENT
harmonium,harmonium_000108.wav,1095.wav,3.0,KEEP_SHORT_EVENT
harmonium,harmonium_000109.wav,1096.wav,3.0,KEEP_SHORT_EVENT
harmonium,harmonium_000110.wav,1097.wav,3.0,KEEP_SHORT_EVENT
harmonium,harmonium_000111.wav,1098.wav,3.0,KEEP_SHORT_EVENT
harmonium,harmonium_000112.wav,1099.wav,3.0,KEEP_SHORT_EVENT
harmonium,harmonium_000113.wav,11.wav,3.0,KEEP_SHORT_EVENT
harmonium,harmonium_000114.wav,110.wav,3.0,KEEP_SHORT_EVENT
harmonium,harmonium_000115.wav,1100.wav,3.0,KEEP_SHORT_EVENT
harmonium,harmonium_000116.wav,1101.wav,3.0,KEEP_SHORT_EVENT
harmonium,harmonium_000117.wav,1102.wav,3.0,KEEP_SHORT_EVENT
harmonium,harmonium_000118.wav,1103.wav,3.0,KEEP_SHORT_EVENT
harmonium,harmonium_000119.wav,1104.wav,3.0,KEEP_SHORT_EVENT
harmonium,harmonium_000120.wav,1105.wav,3.0,KEEP_SHORT_EVENT
harmonium,harmonium_000121.wav,1106.wav,3.0,KEEP_SHORT_EVENT
harmonium,harmonium_000122.wav,1107.wav,3.0,KEEP_SHORT_EVENT
harmonium,harmonium_000123.wav,1108.wav,3.0,KEEP_SHORT_EVENT
harmonium,harmonium_000124.wav,1109.wav,3.0,KEEP_SHORT_EVENT
harmonium,harmonium_000125.wav,111.wav,3.0,KEEP_SHORT_EVENT
harmonium,harmonium_000126.wav,1110.wav,3.0,KEEP_SHORT_EVENT
harmonium,harmonium_000127.wav,1111.wav,3.0,KEEP_SHORT_EVENT
harmonium,harmonium_000128.wav,1112.wav,3.0,KEEP_SHORT_EVENT
harmonium,harmonium_000129.wav,1113.wav,3.0,KEEP_SHORT_EVENT
harmonium,harmonium_000130.wav,1114.wav,3.0,KEEP_SHORT_EVENT
harmonium,harmonium_000131.wav,1115.wav,3.0,KEEP_SHORT_EVENT
harmonium,harmonium_000132.wav,1116.wav,3.0,KEEP_SHORT_EVENT
harmonium,harmonium_000133.wav,1117.wav,3.0,KEEP_SHORT_EVENT
harmonium,harmonium_000134.wav,1118.wav,3.0,KEEP_SHORT_EVENT
harmonium,harmonium_000135.wav,1119.wav,3.0,KEEP_SHORT_EVENT
harmonium,harmonium_000136.wav,112.wav,3.0,KEEP_SHORT_EVENT
harmonium,harmonium_000137.wav,1120.wav,3.0,KEEP_SHORT_EVENT
harmonium,harmonium_000138.wav,1121.wav,3.0,KEEP_SHORT_EVENT
harmonium,harmonium_000139.wav,1122.wav,3.0,KEEP_SHORT_EVENT
harmonium,harmonium_000140.wav,1123.wav,3.0,KEEP_SHORT_EVENT
harmonium,harmonium_000141.wav,1124.wav,3.0,KEEP_SHORT_EVENT
harmonium,harmonium_000142.wav,1125.wav,3.0,KEEP_SHORT_EVENT
harmonium,harmonium_000143.wav,1126.wav,3.0,KEEP_SHORT_EVENT
harmonium,harmonium_000144.wav,1127.wav,3.0,KEEP_SHORT_EVENT
harmonium,harmonium_000145.wav,1128.wav,3.0,KEEP_SHORT_EVENT
harmonium,harmonium_000146.wav,1129.wav,3.0,KEEP_SHORT_EVENT
harmonium,harmonium_000147.wav,113.wav,3.0,KEEP_SHORT_EVENT
harmonium,harmonium_000148.wav,1130.wav,3.0,KEEP_SHORT_EVENT
harmonium,harmonium_000149.wav,1131.wav,3.0,KEEP_SHORT_EVENT
harmonium,harmonium_000150.wav,1132.wav,3.0,KEEP_SHORT_EVENT
harmonium,harmonium_000151.wav,1133.wav,3.0,KEEP_SHORT_EVENT
harmonium,harmonium_000152.wav,1134.wav,3.0,KEEP_SHORT_EVENT
harmonium,harmonium_000153.wav,1135.wav,3.0,KEEP_SHORT_EVENT
harmonium,harmonium_000154.wav,1136.wav,3.0,KEEP_SHORT_EVENT
harmonium,harmonium_000155.wav,1137.wav,3.0,KEEP_SHORT_EVENT
harmonium,harmonium_000156.wav,1138.wav,3.0,KEEP_SHORT_EVENT
harmonium,harmonium_000157.wav,1139.wav,3.0,KEEP_SHORT_EVENT
harmonium,harmonium_000158.wav,114.wav,3.0,KEEP_SHORT_EVENT
harmonium,harmonium_000159.wav,1140.wav,3.0,KEEP_SHORT_EVENT
harmonium,harmonium_000160.wav,1141.wav,3.0,KEEP_SHORT_EVENT
harmonium,harmonium_000161.wav,1142.wav,3.0,KEEP_SHORT_EVENT
harmonium,harmonium_000162.wav,1143.wav,3.0,KEEP_SHORT_EVENT
harmonium,harmonium_000163.wav,1144.wav,3.0,KEEP_SHORT_EVENT
harmonium,harmonium_000164.wav,1145.wav,3.0,KEEP_SHORT_EVENT
harmonium,harmonium_000165.wav,1146.wav,3.0,KEEP_SHORT_EVENT
harmonium,harmonium_000166.wav,1147.wav,3.0,KEEP_SHORT_EVENT
harmonium,harmonium_000167.wav,1148.wav,3.0,KEEP_SHORT_EVENT
harmonium,harmonium_000168.wav,1149.wav,3.0,KEEP_SHORT_EVENT
harmonium,harmonium_000169.wav,115.wav,3.0,KEEP_SHORT_EVENT
harmonium,harmonium_000170.wav,1150.wav,3.0,KEEP_SHORT_EVENT
harmonium,harmonium_000171.wav,1151.wav,3.0,KEEP_SHORT_EVENT
harmonium,harmonium_000172.wav,1152.wav,3.0,KEEP_SHORT_EVENT
harmonium,harmonium_000173.wav,1153.wav,3.0,KEEP_SHORT_EVENT
harmonium,harmonium_000174.wav,1154.wav,3.0,KEEP_SHORT_EVENT
harmonium,harmonium_000175.wav,1155.wav,3.0,KEEP_SHORT_EVENT
harmonium,harmonium_000176.wav,1156.wav,3.0,KEEP_SHORT_EVENT
harmonium,harmonium_000177.wav,1157.wav,3.0,KEEP_SHORT_EVENT
harmonium,harmonium_000178.wav,1158.wav,3.0,KEEP_SHORT_EVENT
harmonium,harmonium_000179.wav,1159.wav,3.0,KEEP_SHORT_EVENT
harmonium,harmonium_000180.wav,116.wav,3.0,KEEP_SHORT_EVENT
harmonium,harmonium_000181.wav,1160.wav,3.0,KEEP_SHORT_EVENT
harmonium,harmonium_000182.wav,1161.wav,3.0,KEEP_SHORT_EVENT
harmonium,harmonium_000183.wav,1162.wav,3.0,KEEP_SHORT_EVENT
harmonium,harmonium_000184.wav,1163.wav,3.0,KEEP_SHORT_EVENT
harmonium,harmonium_000185.wav,1164.wav,3.0,KEEP_SHORT_EVENT
harmonium,harmonium_000186.wav,1165.wav,3.0,KEEP_SHORT_EVENT
harmonium,harmonium_000187.wav,1166.wav,3.0,KEEP_SHORT_EVENT
harmonium,harmonium_000188.wav,1167.wav,3.0,KEEP_SHORT_EVENT
harmonium,harmonium_000189.wav,1168.wav,3.0,KEEP_SHORT_EVENT
harmonium,harmonium_000190.wav,1169.wav,3.0,KEEP_SHORT_EVENT
harmonium,harmonium_000191.wav,117.wav,3.0,KEEP_SHORT_EVENT
harmonium,harmonium_000192.wav,1170.wav,3.0,KEEP_SHORT_EVENT
harmonium,harmonium_000193.wav,1171.wav,3.0,KEEP_SHORT_EVENT
harmonium,harmonium_000194.wav,1172.wav,3.0,KEEP_SHORT_EVENT
harmonium,harmonium_000195.wav,1173.wav,3.0,KEEP_SHORT_EVENT
harmonium,harmonium_000196.wav,1174.wav,3.0,KEEP_SHORT_EVENT
harmonium,harmonium_000197.wav,1175.wav,3.0,KEEP_SHORT_EVENT
harmonium,harmonium_000198.wav,1176.wav,3.0,KEEP_SHORT_EVENT
harmonium,harmonium_000199.wav,1177.wav,3.0,KEEP_SHORT_EVENT
harmonium,harmonium_000200.wav,1178.wav,3.0,KEEP_SHORT_EVENT
harmonium,harmonium_000201.wav,1179.wav,3.0,KEEP_SHORT_EVENT
harmonium,harmonium_000202.wav,118.wav,3.0,KEEP_SHORT_EVENT
harmonium,harmonium_000203.wav,1180.wav,3.0,KEEP_SHORT_EVENT
harmonium,harmonium_000204.wav,1181.wav,3.0,KEEP_SHORT_EVENT
harmonium,harmonium_000205.wav,1182.wav,3.0,KEEP_SHORT_EVENT
harmonium,harmonium_000206.wav,1183.wav,3.0,KEEP_SHORT_EVENT
harmonium,harmonium_000207.wav,1184.wav,3.0,KEEP_SHORT_EVENT
harmonium,harmonium_000208.wav,1185.wav,3.0,KEEP_SHORT_EVENT
harmonium,harmonium_000209.wav,1186.wav,3.0,KEEP_SHORT_EVENT
harmonium,harmonium_000210.wav,1187.wav,3.0,KEEP_SHORT_EVENT
harmonium,harmonium_000211.wav,1188.wav,3.0,KEEP_SHORT_EVENT
harmonium,harmonium_000212.wav,1189.wav,3.0,KEEP_SHORT_EVENT
harmonium,harmonium_000213.wav,119.wav,3.0,KEEP_SHORT_EVENT
harmonium,harmonium_000214.wav,1190.wav,3.0,KEEP_SHORT_EVENT
harmonium,harmonium_000215.wav,1191.wav,3.0,KEEP_SHORT_EVENT
harmonium,harmonium_000216.wav,1192.wav,3.0,KEEP_SHORT_EVENT
harmonium,harmonium_000217.wav,1193.wav,3.0,KEEP_SHORT_EVENT
harmonium,harmonium_000218.wav,1194.wav,3.0,KEEP_SHORT_EVENT
harmonium,harmonium_000219.wav,1195.wav,3.0,KEEP_SHORT_EVENT
harmonium,harmonium_000220.wav,1196.wav,3.0,KEEP_SHORT_EVENT
harmonium,harmonium_000221.wav,1197.wav,3.0,KEEP_SHORT_EVENT
harmonium,harmonium_000222.wav,1198.wav,3.0,KEEP_SHORT_EVENT
harmonium,harmonium_000223.wav,1199.wav,3.0,KEEP_SHORT_EVENT
harmonium,harmonium_000224.wav,12.wav,3.0,KEEP_SHORT_EVENT
harmonium,harmonium_000225.wav,120.wav,3.0,KEEP_SHORT_EVENT
harmonium,harmonium_000226.wav,1200.wav,3.0,KEEP_SHORT_EVENT
harmonium,harmonium_000227.wav,1201.wav,3.0,KEEP_SHORT_EVENT
harmonium,harmonium_000228.wav,1202.wav,3.0,KEEP_SHORT_EVENT
harmonium,harmonium_000229.wav,1203.wav,3.0,KEEP_SHORT_EVENT
harmonium,harmonium_000230.wav,1204.wav,3.0,KEEP_SHORT_EVENT
harmonium,harmonium_000231.wav,1205.wav,3.0,KEEP_SHORT_EVENT
harmonium,harmonium_000232.wav,1206.wav,3.0,KEEP_SHORT_EVENT
harmonium,harmonium_000233.wav,1207.wav,3.0,KEEP_SHORT_EVENT
harmonium,harmonium_000234.wav,1208.wav,3.0,KEEP_SHORT_EVENT
harmonium,harmonium_000235.wav,1209.wav,3.0,KEEP_SHORT_EVENT
harmonium,harmonium_000236.wav,121.wav,3.0,KEEP_SHORT_EVENT
harmonium,harmonium_000237.wav,1210.wav,3.0,KEEP_SHORT_EVENT
harmonium,harmonium_000238.wav,1211.wav,3.0,KEEP_SHORT_EVENT
harmonium,harmonium_000239.wav,1212.wav,3.0,KEEP_SHORT_EVENT
harmonium,harmonium_000240.wav,1213.wav,3.0,KEEP_SHORT_EVENT
harmonium,harmonium_000241.wav,1214.wav,3.0,KEEP_SHORT_EVENT
harmonium,harmonium_000242.wav,1215.wav,3.0,KEEP_SHORT_EVENT
harmonium,harmonium_000243.wav,1216.wav,3.0,KEEP_SHORT_EVENT
harmonium,harmonium_000244.wav,1217.wav,3.0,KEEP_SHORT_EVENT
harmonium,harmonium_000245.wav,1218.wav,3.0,KEEP_SHORT_EVENT
harmonium,harmonium_000246.wav,1219.wav,3.0,KEEP_SHORT_EVENT
harmonium,harmonium_000247.wav,122.wav,3.0,KEEP_SHORT_EVENT
harmonium,harmonium_000248.wav,1220.wav,3.0,KEEP_SHORT_EVENT
harmonium,harmonium_000249.wav,1221.wav,3.0,KEEP_SHORT_EVENT
harmonium,harmonium_000250.wav,1222.wav,3.0,KEEP_SHORT_EVENT
harmonium,harmonium_000251.wav,1223.wav,3.0,KEEP_SHORT_EVENT
harmonium,harmonium_000252.wav,1224.wav,3.0,KEEP_SHORT_EVENT
harmonium,harmonium_000253.wav,1225.wav,3.0,KEEP_SHORT_EVENT
harmonium,harmonium_000254.wav,1226.wav,3.0,KEEP_SHORT_EVENT
harmonium,harmonium_000255.wav,1227.wav,3.0,KEEP_SHORT_EVENT
harmonium,harmonium_000256.wav,1228.wav,3.0,KEEP_SHORT_EVENT
harmonium,harmonium_000257.wav,1229.wav,3.0,KEEP_SHORT_EVENT
harmonium,harmonium_000258.wav,123.wav,3.0,KEEP_SHORT_EVENT
harmonium,harmonium_000259.wav,1230.wav,3.0,KEEP_SHORT_EVENT
harmonium,harmonium_000260.wav,1231.wav,3.0,KEEP_SHORT_EVENT
harmonium,harmonium_000261.wav,1232.wav,3.0,KEEP_SHORT_EVENT
harmonium,harmonium_000262.wav,1233.wav,3.0,KEEP_SHORT_EVENT
harmonium,harmonium_000263.wav,1234.wav,3.0,KEEP_SHORT_EVENT
harmonium,harmonium_000264.wav,1235.wav,3.0,KEEP_SHORT_EVENT
harmonium,harmonium_000265.wav,1236.wav,3.0,KEEP_SHORT_EVENT
harmonium,harmonium_000266.wav,1237.wav,3.0,KEEP_SHORT_EVENT
harmonium,harmonium_000267.wav,1238.wav,3.0,KEEP_SHORT_EVENT
harmonium,harmonium_000268.wav,1239.wav,3.0,KEEP_SHORT_EVENT
harmonium,harmonium_000269.wav,124.wav,3.0,KEEP_SHORT_EVENT
harmonium,harmonium_000270.wav,1240.wav,3.0,KEEP_SHORT_EVENT
harmonium,harmonium_000271.wav,1241.wav,3.0,KEEP_SHORT_EVENT
harmonium,harmonium_000272.wav,1242.wav,3.0,KEEP_SHORT_EVENT
harmonium,harmonium_000273.wav,1243.wav,3.0,KEEP_SHORT_EVENT
harmonium,harmonium_000274.wav,1244.wav,3.0,KEEP_SHORT_EVENT
harmonium,harmonium_000275.wav,1245.wav,3.0,KEEP_SHORT_EVENT
harmonium,harmonium_000276.wav,1246.wav,3.0,KEEP_SHORT_EVENT
harmonium,harmonium_000277.wav,1247.wav,3.0,KEEP_SHORT_EVENT
harmonium,harmonium_000278.wav,1248.wav,3.0,KEEP_SHORT_EVENT
harmonium,harmonium_000279.wav,1249.wav,3.0,KEEP_SHORT_EVENT
harmonium,harmonium_000280.wav,125.wav,3.0,KEEP_SHORT_EVENT
harmonium,harmonium_000281.wav,1250.wav,3.0,KEEP_SHORT_EVENT
harmonium,harmonium_000282.wav,1251.wav,3.0,KEEP_SHORT_EVENT
harmonium,harmonium_000283.wav,1252.wav,3.0,KEEP_SHORT_EVENT
harmonium,harmonium_000284.wav,1253.wav,3.0,KEEP_SHORT_EVENT
harmonium,harmonium_000285.wav,1254.wav,3.0,KEEP_SHORT_EVENT
harmonium,harmonium_000286.wav,1255.wav,3.0,KEEP_SHORT_EVENT
harmonium,harmonium_000287.wav,1256.wav,3.0,KEEP_SHORT_EVENT
harmonium,harmonium_000288.wav,1257.wav,3.0,KEEP_SHORT_EVENT
harmonium,harmonium_000289.wav,1258.wav,3.0,KEEP_SHORT_EVENT
harmonium,harmonium_000290.wav,1259.wav,3.0,KEEP_SHORT_EVENT
harmonium,harmonium_000291.wav,126.wav,3.0,KEEP_SHORT_EVENT
harmonium,harmonium_000292.wav,1260.wav,3.0,KEEP_SHORT_EVENT
harmonium,harmonium_000293.wav,1261.wav,3.0,KEEP_SHORT_EVENT
harmonium,harmonium_000294.wav,1262.wav,3.0,KEEP_SHORT_EVENT
harmonium,harmonium_000295.wav,1263.wav,3.0,KEEP_SHORT_EVENT
harmonium,harmonium_000296.wav,1264.wav,3.0,KEEP_SHORT_EVENT
harmonium,harmonium_000297.wav,1265.wav,3.0,KEEP_SHORT_EVENT
harmonium,harmonium_000298.wav,1266.wav,3.0,KEEP_SHORT_EVENT
harmonium,harmonium_000299.wav,1267.wav,3.0,KEEP_SHORT_EVENT
harmonium,harmonium_000300.wav,1268.wav,3.0,KEEP_SHORT_EVENT
harmonium,harmonium_000301.wav,1269.wav,3.0,KEEP_SHORT_EVENT
harmonium,harmonium_000302.wav,127.wav,3.0,KEEP_SHORT_EVENT
harmonium,harmonium_000303.wav,1270.wav,3.0,KEEP_SHORT_EVENT
harmonium,harmonium_000304.wav,1271.wav,3.0,KEEP_SHORT_EVENT
harmonium,harmonium_000305.wav,1272.wav,3.0,KEEP_SHORT_EVENT
harmonium,harmonium_000306.wav,1273.wav,3.0,KEEP_SHORT_EVENT
harmonium,harmonium_000307.wav,1274.wav,3.0,KEEP_SHORT_EVENT
harmonium,harmonium_000308.wav,1275.wav,3.0,KEEP_SHORT_EVENT
harmonium,harmonium_000309.wav,1276.wav,3.0,KEEP_SHORT_EVENT
harmonium,harmonium_000310.wav,1277.wav,3.0,KEEP_SHORT_EVENT
harmonium,harmonium_000311.wav,1278.wav,3.0,KEEP_SHORT_EVENT
harmonium,harmonium_000312.wav,1279.wav,3.0,KEEP_SHORT_EVENT
harmonium,harmonium_000313.wav,128.wav,3.0,KEEP_SHORT_EVENT
harmonium,harmonium_000314.wav,1280.wav,3.0,KEEP_SHORT_EVENT
harmonium,harmonium_000315.wav,1281.wav,3.0,KEEP_SHORT_EVENT
harmonium,harmonium_000316.wav,1282.wav,3.0,KEEP_SHORT_EVENT
harmonium,harmonium_000317.wav,1283.wav,3.0,KEEP_SHORT_EVENT
harmonium,harmonium_000318.wav,1284.wav,3.0,KEEP_SHORT_EVENT
harmonium,harmonium_000319.wav,1285.wav,3.0,KEEP_SHORT_EVENT
harmonium,harmonium_000320.wav,1286.wav,3.0,KEEP_SHORT_EVENT
harmonium,harmonium_000321.wav,1287.wav,3.0,KEEP_SHORT_EVENT
harmonium,harmonium_000322.wav,1288.wav,3.0,KEEP_SHORT_EVENT
harmonium,harmonium_000323.wav,1289.wav,3.0,KEEP_SHORT_EVENT
harmonium,harmonium_000324.wav,129.wav,3.0,KEEP_SHORT_EVENT
harmonium,harmonium_000325.wav,1290.wav,3.0,KEEP_SHORT_EVENT
harmonium,harmonium_000326.wav,1291.wav,3.0,KEEP_SHORT_EVENT
harmonium,harmonium_000327.wav,1292.wav,3.0,KEEP_SHORT_EVENT
harmonium,harmonium_000328.wav,1293.wav,3.0,KEEP_SHORT_EVENT
harmonium,harmonium_000329.wav,1294.wav,3.0,KEEP_SHORT_EVENT
harmonium,harmonium_000330.wav,1295.wav,3.0,KEEP_SHORT_EVENT
harmonium,harmonium_000331.wav,1296.wav,3.0,KEEP_SHORT_EVENT
harmonium,harmonium_000332.wav,1297.wav,3.0,KEEP_SHORT_EVENT
harmonium,harmonium_000333.wav,1298.wav,3.0,KEEP_SHORT_EVENT
harmonium,harmonium_000334.wav,1299.wav,3.0,KEEP_SHORT_EVENT
harmonium,harmonium_000335.wav,13.wav,3.0,KEEP_SHORT_EVENT
harmonium,harmonium_000336.wav,130.wav,3.0,KEEP_SHORT_EVENT
harmonium,harmonium_000337.wav,1300.wav,3.0,KEEP_SHORT_EVENT
harmonium,harmonium_000338.wav,1301.wav,3.0,KEEP_SHORT_EVENT
harmonium,harmonium_000339.wav,1302.wav,3.0,KEEP_SHORT_EVENT
harmonium,harmonium_000340.wav,1303.wav,3.0,KEEP_SHORT_EVENT
harmonium,harmonium_000341.wav,1304.wav,3.0,KEEP_SHORT_EVENT
harmonium,harmonium_000342.wav,1305.wav,3.0,KEEP_SHORT_EVENT
harmonium,harmonium_000343.wav,1306.wav,3.0,KEEP_SHORT_EVENT
harmonium,harmonium_000344.wav,1307.wav,3.0,KEEP_SHORT_EVENT
harmonium,harmonium_000345.wav,1308.wav,3.0,KEEP_SHORT_EVENT
harmonium,harmonium_000346.wav,1309.wav,3.0,KEEP_SHORT_EVENT
harmonium,harmonium_000347.wav,131.wav,3.0,KEEP_SHORT_EVENT
harmonium,harmonium_000348.wav,1310.wav,3.0,KEEP_SHORT_EVENT
harmonium,harmonium_000349.wav,1311.wav,3.0,KEEP_SHORT_EVENT
harmonium,harmonium_000350.wav,1312.wav,3.0,KEEP_SHORT_EVENT
harmonium,harmonium_000351.wav,1313.wav,3.0,KEEP_SHORT_EVENT
harmonium,harmonium_000352.wav,1314.wav,3.0,KEEP_SHORT_EVENT
harmonium,harmonium_000353.wav,132.wav,3.0,KEEP_SHORT_EVENT
harmonium,harmonium_000354.wav,133.wav,3.0,KEEP_SHORT_EVENT
harmonium,harmonium_000355.wav,134.wav,3.0,KEEP_SHORT_EVENT
harmonium,harmonium_000356.wav,135.wav,3.0,KEEP_SHORT_EVENT
harmonium,harmonium_000357.wav,136.wav,3.0,KEEP_SHORT_EVENT
harmonium,harmonium_000358.wav,137.wav,3.0,KEEP_SHORT_EVENT
harmonium,harmonium_000359.wav,138.wav,3.0,KEEP_SHORT_EVENT
harmonium,harmonium_000360.wav,139.wav,3.0,KEEP_SHORT_EVENT
harmonium,harmonium_000361.wav,14.wav,3.0,KEEP_SHORT_EVENT
harmonium,harmonium_000362.wav,140.wav,3.0,KEEP_SHORT_EVENT
harmonium,harmonium_000363.wav,141.wav,3.0,KEEP_SHORT_EVENT
harmonium,harmonium_000364.wav,142.wav,3.0,KEEP_SHORT_EVENT
harmonium,harmonium_000365.wav,143.wav,3.0,KEEP_SHORT_EVENT
harmonium,harmonium_000366.wav,144.wav,3.0,KEEP_SHORT_EVENT
harmonium,harmonium_000367.wav,145.wav,3.0,KEEP_SHORT_EVENT
harmonium,harmonium_000368.wav,146.wav,3.0,KEEP_SHORT_EVENT
harmonium,harmonium_000369.wav,147.wav,3.0,KEEP_SHORT_EVENT
harmonium,harmonium_000370.wav,148.wav,3.0,KEEP_SHORT_EVENT
harmonium,harmonium_000371.wav,149.wav,3.0,KEEP_SHORT_EVENT
harmonium,harmonium_000372.wav,15.wav,3.0,KEEP_SHORT_EVENT
harmonium,harmonium_000373.wav,150.wav,3.0,KEEP_SHORT_EVENT
harmonium,harmonium_000374.wav,151.wav,3.0,KEEP_SHORT_EVENT
harmonium,harmonium_000375.wav,152.wav,3.0,KEEP_SHORT_EVENT
harmonium,harmonium_000376.wav,153.wav,3.0,KEEP_SHORT_EVENT
harmonium,harmonium_000377.wav,154.wav,3.0,KEEP_SHORT_EVENT
harmonium,harmonium_000378.wav,155.wav,3.0,KEEP_SHORT_EVENT
harmonium,harmonium_000379.wav,156.wav,3.0,KEEP_SHORT_EVENT
harmonium,harmonium_000380.wav,157.wav,3.0,KEEP_SHORT_EVENT
harmonium,harmonium_000381.wav,158.wav,3.0,KEEP_SHORT_EVENT
harmonium,harmonium_000382.wav,159.wav,3.0,KEEP_SHORT_EVENT
harmonium,harmonium_000383.wav,16.wav,3.0,KEEP_SHORT_EVENT
harmonium,harmonium_000384.wav,160.wav,3.0,KEEP_SHORT_EVENT
harmonium,harmonium_000385.wav,161.wav,3.0,KEEP_SHORT_EVENT
harmonium,harmonium_000386.wav,162.wav,3.0,KEEP_SHORT_EVENT
harmonium,harmonium_000387.wav,163.wav,3.0,KEEP_SHORT_EVENT
harmonium,harmonium_000388.wav,164.wav,3.0,KEEP_SHORT_EVENT
harmonium,harmonium_000389.wav,165.wav,3.0,KEEP_SHORT_EVENT
harmonium,harmonium_000390.wav,166.wav,3.0,KEEP_SHORT_EVENT
harmonium,harmonium_000391.wav,167.wav,3.0,KEEP_SHORT_EVENT
harmonium,harmonium_000392.wav,168.wav,3.0,KEEP_SHORT_EVENT
harmonium,harmonium_000393.wav,169.wav,3.0,KEEP_SHORT_EVENT
harmonium,harmonium_000394.wav,17.wav,3.0,KEEP_SHORT_EVENT
harmonium,harmonium_000395.wav,170.wav,3.0,KEEP_SHORT_EVENT
harmonium,harmonium_000396.wav,171.wav,3.0,KEEP_SHORT_EVENT
harmonium,harmonium_000397.wav,172.wav,3.0,KEEP_SHORT_EVENT
harmonium,harmonium_000398.wav,173.wav,3.0,KEEP_SHORT_EVENT
harmonium,harmonium_000399.wav,174.wav,3.0,KEEP_SHORT_EVENT
harmonium,harmonium_000400.wav,175.wav,3.0,KEEP_SHORT_EVENT
harmonium,harmonium_000401.wav,176.wav,3.0,KEEP_SHORT_EVENT
harmonium,harmonium_000402.wav,177.wav,3.0,KEEP_SHORT_EVENT
harmonium,harmonium_000403.wav,178.wav,3.0,KEEP_SHORT_EVENT
harmonium,harmonium_000404.wav,179.wav,3.0,KEEP_SHORT_EVENT
harmonium,harmonium_000405.wav,18.wav,3.0,KEEP_SHORT_EVENT
harmonium,harmonium_000406.wav,180.wav,3.0,KEEP_SHORT_EVENT
harmonium,harmonium_000407.wav,181.wav,3.0,KEEP_SHORT_EVENT
harmonium,harmonium_000408.wav,182.wav,3.0,KEEP_SHORT_EVENT
harmonium,harmonium_000409.wav,183.wav,3.0,KEEP_SHORT_EVENT
harmonium,harmonium_000410.wav,184.wav,3.0,KEEP_SHORT_EVENT
harmonium,harmonium_000411.wav,185.wav,3.0,KEEP_SHORT_EVENT
harmonium,harmonium_000412.wav,186.wav,3.0,KEEP_SHORT_EVENT
harmonium,harmonium_000413.wav,187.wav,3.0,KEEP_SHORT_EVENT
harmonium,harmonium_000414.wav,188.wav,3.0,KEEP_SHORT_EVENT
harmonium,harmonium_000415.wav,189.wav,3.0,KEEP_SHORT_EVENT
harmonium,harmonium_000416.wav,19.wav,3.0,KEEP_SHORT_EVENT
harmonium,harmonium_000417.wav,190.wav,3.0,KEEP_SHORT_EVENT
harmonium,harmonium_000418.wav,191.wav,3.0,KEEP_SHORT_EVENT
harmonium,harmonium_000419.wav,192.wav,3.0,KEEP_SHORT_EVENT
harmonium,harmonium_000420.wav,193.wav,3.0,KEEP_SHORT_EVENT
harmonium,harmonium_000421.wav,194.wav,3.0,KEEP_SHORT_EVENT
harmonium,harmonium_000422.wav,195.wav,3.0,KEEP_SHORT_EVENT
harmonium,harmonium_000423.wav,196.wav,3.0,KEEP_SHORT_EVENT
harmonium,harmonium_000424.wav,197.wav,3.0,KEEP_SHORT_EVENT
harmonium,harmonium_000425.wav,198.wav,3.0,KEEP_SHORT_EVENT
harmonium,harmonium_000426.wav,199.wav,3.0,KEEP_SHORT_EVENT
harmonium,harmonium_000427.wav,2.wav,3.0,KEEP_SHORT_EVENT
harmonium,harmonium_000428.wav,20.wav,3.0,KEEP_SHORT_EVENT
harmonium,harmonium_000429.wav,200.wav,3.0,KEEP_SHORT_EVENT
harmonium,harmonium_000430.wav,201.wav,3.0,KEEP_SHORT_EVENT
harmonium,harmonium_000431.wav,202.wav,3.0,KEEP_SHORT_EVENT
harmonium,harmonium_000432.wav,203.wav,3.0,KEEP_SHORT_EVENT
harmonium,harmonium_000433.wav,204.wav,3.0,KEEP_SHORT_EVENT
harmonium,harmonium_000434.wav,205.wav,3.0,KEEP_SHORT_EVENT
harmonium,harmonium_000435.wav,206.wav,3.0,KEEP_SHORT_EVENT
harmonium,harmonium_000436.wav,207.wav,3.0,KEEP_SHORT_EVENT
harmonium,harmonium_000437.wav,208.wav,3.0,KEEP_SHORT_EVENT
harmonium,harmonium_000438.wav,209.wav,3.0,KEEP_SHORT_EVENT
harmonium,harmonium_000439.wav,21.wav,3.0,KEEP_SHORT_EVENT
harmonium,harmonium_000440.wav,210.wav,3.0,KEEP_SHORT_EVENT
harmonium,harmonium_000441.wav,211.wav,3.0,KEEP_SHORT_EVENT
harmonium,harmonium_000442.wav,212.wav,3.0,KEEP_SHORT_EVENT
harmonium,harmonium_000443.wav,213.wav,3.0,KEEP_SHORT_EVENT
harmonium,harmonium_000444.wav,214.wav,3.0,KEEP_SHORT_EVENT
harmonium,harmonium_000445.wav,215.wav,3.0,KEEP_SHORT_EVENT
harmonium,harmonium_000446.wav,216.wav,3.0,KEEP_SHORT_EVENT
harmonium,harmonium_000447.wav,217.wav,3.0,KEEP_SHORT_EVENT
harmonium,harmonium_000448.wav,218.wav,3.0,KEEP_SHORT_EVENT
harmonium,harmonium_000449.wav,219.wav,3.0,KEEP_SHORT_EVENT
harmonium,harmonium_000450.wav,22.wav,3.0,KEEP_SHORT_EVENT
harmonium,harmonium_000451.wav,220.wav,3.0,KEEP_SHORT_EVENT
harmonium,harmonium_000452.wav,221.wav,3.0,KEEP_SHORT_EVENT
harmonium,harmonium_000453.wav,222.wav,3.0,KEEP_SHORT_EVENT
harmonium,harmonium_000454.wav,223.wav,3.0,KEEP_SHORT_EVENT
harmonium,harmonium_000455.wav,224.wav,3.0,KEEP_SHORT_EVENT
harmonium,harmonium_000456.wav,225.wav,3.0,KEEP_SHORT_EVENT
harmonium,harmonium_000457.wav,226.wav,3.0,KEEP_SHORT_EVENT
harmonium,harmonium_000458.wav,227.wav,3.0,KEEP_SHORT_EVENT
harmonium,harmonium_000459.wav,228.wav,3.0,KEEP_SHORT_EVENT
harmonium,harmonium_000460.wav,229.wav,3.0,KEEP_SHORT_EVENT
harmonium,harmonium_000461.wav,23.wav,3.0,KEEP_SHORT_EVENT
harmonium,harmonium_000462.wav,230.wav,3.0,KEEP_SHORT_EVENT
harmonium,harmonium_000463.wav,231.wav,3.0,KEEP_SHORT_EVENT
harmonium,harmonium_000464.wav,232.wav,3.0,KEEP_SHORT_EVENT
harmonium,harmonium_000465.wav,233.wav,3.0,KEEP_SHORT_EVENT
harmonium,harmonium_000466.wav,234.wav,3.0,KEEP_SHORT_EVENT
harmonium,harmonium_000467.wav,235.wav,3.0,KEEP_SHORT_EVENT
harmonium,harmonium_000468.wav,236.wav,3.0,KEEP_SHORT_EVENT
harmonium,harmonium_000469.wav,237.wav,3.0,KEEP_SHORT_EVENT
harmonium,harmonium_000470.wav,238.wav,3.0,KEEP_SHORT_EVENT
harmonium,harmonium_000471.wav,239.wav,3.0,KEEP_SHORT_EVENT
harmonium,harmonium_000472.wav,24.wav,3.0,KEEP_SHORT_EVENT
harmonium,harmonium_000473.wav,240.wav,3.0,KEEP_SHORT_EVENT
harmonium,harmonium_000474.wav,241.wav,3.0,KEEP_SHORT_EVENT
harmonium,harmonium_000475.wav,242.wav,3.0,KEEP_SHORT_EVENT
harmonium,harmonium_000476.wav,243.wav,3.0,KEEP_SHORT_EVENT
harmonium,harmonium_000477.wav,244.wav,3.0,KEEP_SHORT_EVENT
harmonium,harmonium_000478.wav,245.wav,3.0,KEEP_SHORT_EVENT
harmonium,harmonium_000479.wav,246.wav,3.0,KEEP_SHORT_EVENT
harmonium,harmonium_000480.wav,247.wav,3.0,KEEP_SHORT_EVENT
harmonium,harmonium_000481.wav,248.wav,3.0,KEEP_SHORT_EVENT
harmonium,harmonium_000482.wav,249.wav,3.0,KEEP_SHORT_EVENT
harmonium,harmonium_000483.wav,25.wav,3.0,KEEP_SHORT_EVENT
harmonium,harmonium_000484.wav,250.wav,3.0,KEEP_SHORT_EVENT
harmonium,harmonium_000485.wav,251.wav,3.0,KEEP_SHORT_EVENT
harmonium,harmonium_000486.wav,252.wav,3.0,KEEP_SHORT_EVENT
harmonium,harmonium_000487.wav,253.wav,3.0,KEEP_SHORT_EVENT
harmonium,harmonium_000488.wav,254.wav,3.0,KEEP_SHORT_EVENT
harmonium,harmonium_000489.wav,255.wav,3.0,KEEP_SHORT_EVENT
harmonium,harmonium_000490.wav,256.wav,3.0,KEEP_SHORT_EVENT
harmonium,harmonium_000491.wav,257.wav,3.0,KEEP_SHORT_EVENT
harmonium,harmonium_000492.wav,258.wav,3.0,KEEP_SHORT_EVENT
harmonium,harmonium_000493.wav,259.wav,3.0,KEEP_SHORT_EVENT
harmonium,harmonium_000494.wav,26.wav,3.0,KEEP_SHORT_EVENT
harmonium,harmonium_000495.wav,260.wav,3.0,KEEP_SHORT_EVENT
harmonium,harmonium_000496.wav,261.wav,3.0,KEEP_SHORT_EVENT
harmonium,harmonium_000497.wav,262.wav,3.0,KEEP_SHORT_EVENT
harmonium,harmonium_000498.wav,263.wav,3.0,KEEP_SHORT_EVENT
harmonium,harmonium_000499.wav,264.wav,3.0,KEEP_SHORT_EVENT
harmonium,harmonium_000500.wav,265.wav,3.0,KEEP_SHORT_EVENT
harmonium,harmonium_000501.wav,266.wav,3.0,KEEP_SHORT_EVENT
harmonium,harmonium_000502.wav,267.wav,3.0,KEEP_SHORT_EVENT
harmonium,harmonium_000503.wav,268.wav,3.0,KEEP_SHORT_EVENT
harmonium,harmonium_000504.wav,269.wav,3.0,KEEP_SHORT_EVENT
harmonium,harmonium_000505.wav,27.wav,3.0,KEEP_SHORT_EVENT
harmonium,harmonium_000506.wav,270.wav,3.0,KEEP_SHORT_EVENT
harmonium,harmonium_000507.wav,271.wav,3.0,KEEP_SHORT_EVENT
harmonium,harmonium_000508.wav,272.wav,3.0,KEEP_SHORT_EVENT
harmonium,harmonium_000509.wav,273.wav,3.0,KEEP_SHORT_EVENT
harmonium,harmonium_000510.wav,274.wav,3.0,KEEP_SHORT_EVENT
harmonium,harmonium_000511.wav,275.wav,3.0,KEEP_SHORT_EVENT
harmonium,harmonium_000512.wav,276.wav,3.0,KEEP_SHORT_EVENT
harmonium,harmonium_000513.wav,277.wav,3.0,KEEP_SHORT_EVENT
harmonium,harmonium_000514.wav,278.wav,3.0,KEEP_SHORT_EVENT
harmonium,harmonium_000515.wav,279.wav,3.0,KEEP_SHORT_EVENT
harmonium,harmonium_000516.wav,28.wav,3.0,KEEP_SHORT_EVENT
harmonium,harmonium_000517.wav,280.wav,3.0,KEEP_SHORT_EVENT
harmonium,harmonium_000518.wav,281.wav,3.0,KEEP_SHORT_EVENT
harmonium,harmonium_000519.wav,282.wav,3.0,KEEP_SHORT_EVENT
harmonium,harmonium_000520.wav,283.wav,3.0,KEEP_SHORT_EVENT
harmonium,harmonium_000521.wav,284.wav,3.0,KEEP_SHORT_EVENT
harmonium,harmonium_000522.wav,285.wav,3.0,KEEP_SHORT_EVENT
harmonium,harmonium_000523.wav,286.wav,3.0,KEEP_SHORT_EVENT
harmonium,harmonium_000524.wav,287.wav,3.0,KEEP_SHORT_EVENT
harmonium,harmonium_000525.wav,288.wav,3.0,KEEP_SHORT_EVENT
harmonium,harmonium_000526.wav,289.wav,3.0,KEEP_SHORT_EVENT
harmonium,harmonium_000527.wav,29.wav,3.0,KEEP_SHORT_EVENT
harmonium,harmonium_000528.wav,290.wav,3.0,KEEP_SHORT_EVENT
harmonium,harmonium_000529.wav,291.wav,3.0,KEEP_SHORT_EVENT
harmonium,harmonium_000530.wav,292.wav,3.0,KEEP_SHORT_EVENT
harmonium,harmonium_000531.wav,293.wav,3.0,KEEP_SHORT_EVENT
harmonium,harmonium_000532.wav,294.wav,3.0,KEEP_SHORT_EVENT
harmonium,harmonium_000533.wav,295.wav,3.0,KEEP_SHORT_EVENT
harmonium,harmonium_000534.wav,296.wav,3.0,KEEP_SHORT_EVENT
harmonium,harmonium_000535.wav,297.wav,3.0,KEEP_SHORT_EVENT
harmonium,harmonium_000536.wav,298.wav,3.0,KEEP_SHORT_EVENT
harmonium,harmonium_000537.wav,299.wav,3.0,KEEP_SHORT_EVENT
harmonium,harmonium_000538.wav,3.wav,3.0,KEEP_SHORT_EVENT
harmonium,harmonium_000539.wav,30.wav,3.0,KEEP_SHORT_EVENT
harmonium,harmonium_000540.wav,300.wav,3.0,KEEP_SHORT_EVENT
harmonium,harmonium_000541.wav,301.wav,3.0,KEEP_SHORT_EVENT
harmonium,harmonium_000542.wav,302.wav,3.0,KEEP_SHORT_EVENT
harmonium,harmonium_000543.wav,303.wav,3.0,KEEP_SHORT_EVENT
harmonium,harmonium_000544.wav,304.wav,3.0,KEEP_SHORT_EVENT
harmonium,harmonium_000545.wav,305.wav,3.0,KEEP_SHORT_EVENT
harmonium,harmonium_000546.wav,306.wav,3.0,KEEP_SHORT_EVENT
harmonium,harmonium_000547.wav,307.wav,3.0,KEEP_SHORT_EVENT
harmonium,harmonium_000548.wav,308.wav,3.0,KEEP_SHORT_EVENT
harmonium,harmonium_000549.wav,309.wav,3.0,KEEP_SHORT_EVENT
harmonium,harmonium_000550.wav,31.wav,3.0,KEEP_SHORT_EVENT
harmonium,harmonium_000551.wav,310.wav,3.0,KEEP_SHORT_EVENT
harmonium,harmonium_000552.wav,311.wav,3.0,KEEP_SHORT_EVENT
harmonium,harmonium_000553.wav,312.wav,3.0,KEEP_SHORT_EVENT
harmonium,harmonium_000554.wav,313.wav,3.0,KEEP_SHORT_EVENT
harmonium,harmonium_000555.wav,314.wav,3.0,KEEP_SHORT_EVENT
harmonium,harmonium_000556.wav,315.wav,3.0,KEEP_SHORT_EVENT
harmonium,harmonium_000557.wav,316.wav,3.0,KEEP_SHORT_EVENT
harmonium,harmonium_000558.wav,317.wav,3.0,KEEP_SHORT_EVENT
harmonium,harmonium_000559.wav,318.wav,3.0,KEEP_SHORT_EVENT
harmonium,harmonium_000560.wav,319.wav,3.0,KEEP_SHORT_EVENT
harmonium,harmonium_000561.wav,32.wav,3.0,KEEP_SHORT_EVENT
harmonium,harmonium_000562.wav,320.wav,3.0,KEEP_SHORT_EVENT
harmonium,harmonium_000563.wav,321.wav,3.0,KEEP_SHORT_EVENT
harmonium,harmonium_000564.wav,322.wav,3.0,KEEP_SHORT_EVENT
harmonium,harmonium_000565.wav,323.wav,3.0,KEEP_SHORT_EVENT
harmonium,harmonium_000566.wav,324.wav,3.0,KEEP_SHORT_EVENT
harmonium,harmonium_000567.wav,325.wav,3.0,KEEP_SHORT_EVENT
harmonium,harmonium_000568.wav,326.wav,3.0,KEEP_SHORT_EVENT
harmonium,harmonium_000569.wav,327.wav,3.0,KEEP_SHORT_EVENT
harmonium,harmonium_000570.wav,328.wav,3.0,KEEP_SHORT_EVENT
harmonium,harmonium_000571.wav,329.wav,3.0,KEEP_SHORT_EVENT
harmonium,harmonium_000572.wav,33.wav,3.0,KEEP_SHORT_EVENT
harmonium,harmonium_000573.wav,330.wav,3.0,KEEP_SHORT_EVENT
harmonium,harmonium_000574.wav,331.wav,3.0,KEEP_SHORT_EVENT
harmonium,harmonium_000575.wav,332.wav,3.0,KEEP_SHORT_EVENT
harmonium,harmonium_000576.wav,333.wav,3.0,KEEP_SHORT_EVENT
harmonium,harmonium_000577.wav,334.wav,3.0,KEEP_SHORT_EVENT
harmonium,harmonium_000578.wav,335.wav,3.0,KEEP_SHORT_EVENT
harmonium,harmonium_000579.wav,336.wav,3.0,KEEP_SHORT_EVENT
harmonium,harmonium_000580.wav,337.wav,3.0,KEEP_SHORT_EVENT
harmonium,harmonium_000581.wav,338.wav,3.0,KEEP_SHORT_EVENT
harmonium,harmonium_000582.wav,339.wav,3.0,KEEP_SHORT_EVENT
harmonium,harmonium_000583.wav,34.wav,3.0,KEEP_SHORT_EVENT
harmonium,harmonium_000584.wav,340.wav,3.0,KEEP_SHORT_EVENT
harmonium,harmonium_000585.wav,341.wav,3.0,KEEP_SHORT_EVENT
harmonium,harmonium_000586.wav,342.wav,3.0,KEEP_SHORT_EVENT
harmonium,harmonium_000587.wav,343.wav,3.0,KEEP_SHORT_EVENT
harmonium,harmonium_000588.wav,344.wav,3.0,KEEP_SHORT_EVENT
harmonium,harmonium_000589.wav,345.wav,3.0,KEEP_SHORT_EVENT
harmonium,harmonium_000590.wav,346.wav,3.0,KEEP_SHORT_EVENT
harmonium,harmonium_000591.wav,347.wav,3.0,KEEP_SHORT_EVENT
harmonium,harmonium_000592.wav,348.wav,3.0,KEEP_SHORT_EVENT
harmonium,harmonium_000593.wav,349.wav,3.0,KEEP_SHORT_EVENT
harmonium,harmonium_000594.wav,35.wav,3.0,KEEP_SHORT_EVENT
harmonium,harmonium_000595.wav,350.wav,3.0,KEEP_SHORT_EVENT
harmonium,harmonium_000596.wav,351.wav,3.0,KEEP_SHORT_EVENT
harmonium,harmonium_000597.wav,352.wav,3.0,KEEP_SHORT_EVENT
harmonium,harmonium_000598.wav,353.wav,3.0,KEEP_SHORT_EVENT
harmonium,harmonium_000599.wav,354.wav,3.0,KEEP_SHORT_EVENT
harmonium,harmonium_000600.wav,355.wav,3.0,KEEP_SHORT_EVENT
harmonium,harmonium_000601.wav,356.wav,3.0,KEEP_SHORT_EVENT
harmonium,harmonium_000602.wav,357.wav,3.0,KEEP_SHORT_EVENT
harmonium,harmonium_000603.wav,358.wav,3.0,KEEP_SHORT_EVENT
harmonium,harmonium_000604.wav,359.wav,3.0,KEEP_SHORT_EVENT
harmonium,harmonium_000605.wav,36.wav,3.0,KEEP_SHORT_EVENT
harmonium,harmonium_000606.wav,360.wav,3.0,KEEP_SHORT_EVENT
harmonium,harmonium_000607.wav,361.wav,3.0,KEEP_SHORT_EVENT
harmonium,harmonium_000608.wav,362.wav,3.0,KEEP_SHORT_EVENT
harmonium,harmonium_000609.wav,363.wav,3.0,KEEP_SHORT_EVENT
harmonium,harmonium_000610.wav,364.wav,3.0,KEEP_SHORT_EVENT
harmonium,harmonium_000611.wav,365.wav,3.0,KEEP_SHORT_EVENT
harmonium,harmonium_000612.wav,366.wav,3.0,KEEP_SHORT_EVENT
harmonium,harmonium_000613.wav,367.wav,3.0,KEEP_SHORT_EVENT
harmonium,harmonium_000614.wav,368.wav,3.0,KEEP_SHORT_EVENT
harmonium,harmonium_000615.wav,369.wav,3.0,KEEP_SHORT_EVENT
harmonium,harmonium_000616.wav,37.wav,3.0,KEEP_SHORT_EVENT
harmonium,harmonium_000617.wav,370.wav,3.0,KEEP_SHORT_EVENT
harmonium,harmonium_000618.wav,371.wav,3.0,KEEP_SHORT_EVENT
harmonium,harmonium_000619.wav,372.wav,3.0,KEEP_SHORT_EVENT
harmonium,harmonium_000620.wav,373.wav,3.0,KEEP_SHORT_EVENT
harmonium,harmonium_000621.wav,374.wav,3.0,KEEP_SHORT_EVENT
harmonium,harmonium_000622.wav,375.wav,3.0,KEEP_SHORT_EVENT
harmonium,harmonium_000623.wav,376.wav,3.0,KEEP_SHORT_EVENT
harmonium,harmonium_000624.wav,377.wav,3.0,KEEP_SHORT_EVENT
harmonium,harmonium_000625.wav,378.wav,3.0,KEEP_SHORT_EVENT
harmonium,harmonium_000626.wav,379.wav,3.0,KEEP_SHORT_EVENT
harmonium,harmonium_000627.wav,38.wav,3.0,KEEP_SHORT_EVENT
harmonium,harmonium_000628.wav,380.wav,3.0,KEEP_SHORT_EVENT
harmonium,harmonium_000629.wav,381.wav,3.0,KEEP_SHORT_EVENT
harmonium,harmonium_000630.wav,382.wav,3.0,KEEP_SHORT_EVENT
harmonium,harmonium_000631.wav,383.wav,3.0,KEEP_SHORT_EVENT
harmonium,harmonium_000632.wav,384.wav,3.0,KEEP_SHORT_EVENT
harmonium,harmonium_000633.wav,385.wav,3.0,KEEP_SHORT_EVENT
harmonium,harmonium_000634.wav,386.wav,3.0,KEEP_SHORT_EVENT
harmonium,harmonium_000635.wav,387.wav,3.0,KEEP_SHORT_EVENT
harmonium,harmonium_000636.wav,388.wav,3.0,KEEP_SHORT_EVENT
harmonium,harmonium_000637.wav,389.wav,3.0,KEEP_SHORT_EVENT
harmonium,harmonium_000638.wav,39.wav,3.0,KEEP_SHORT_EVENT
harmonium,harmonium_000639.wav,390.wav,3.0,KEEP_SHORT_EVENT
harmonium,harmonium_000640.wav,391.wav,3.0,KEEP_SHORT_EVENT
harmonium,harmonium_000641.wav,392.wav,3.0,KEEP_SHORT_EVENT
harmonium,harmonium_000642.wav,393.wav,3.0,KEEP_SHORT_EVENT
harmonium,harmonium_000643.wav,394.wav,3.0,KEEP_SHORT_EVENT
harmonium,harmonium_000644.wav,395.wav,3.0,KEEP_SHORT_EVENT
harmonium,harmonium_000645.wav,396.wav,3.0,KEEP_SHORT_EVENT
harmonium,harmonium_000646.wav,397.wav,3.0,KEEP_SHORT_EVENT
harmonium,harmonium_000647.wav,398.wav,3.0,KEEP_SHORT_EVENT
harmonium,harmonium_000648.wav,399.wav,3.0,KEEP_SHORT_EVENT
harmonium,harmonium_000649.wav,4.wav,3.0,KEEP_SHORT_EVENT
harmonium,harmonium_000650.wav,40.wav,3.0,KEEP_SHORT_EVENT
harmonium,harmonium_000651.wav,400.wav,3.0,KEEP_SHORT_EVENT
harmonium,harmonium_000652.wav,401.wav,3.0,KEEP_SHORT_EVENT
harmonium,harmonium_000653.wav,402.wav,3.0,KEEP_SHORT_EVENT
harmonium,harmonium_000654.wav,403.wav,3.0,KEEP_SHORT_EVENT
harmonium,harmonium_000655.wav,404.wav,3.0,KEEP_SHORT_EVENT
harmonium,harmonium_000656.wav,405.wav,3.0,KEEP_SHORT_EVENT
harmonium,harmonium_000657.wav,406.wav,3.0,KEEP_SHORT_EVENT
harmonium,harmonium_000658.wav,407.wav,3.0,KEEP_SHORT_EVENT
harmonium,harmonium_000659.wav,408.wav,3.0,KEEP_SHORT_EVENT
harmonium,harmonium_000660.wav,409.wav,3.0,KEEP_SHORT_EVENT
harmonium,harmonium_000661.wav,41.wav,3.0,KEEP_SHORT_EVENT
harmonium,harmonium_000662.wav,410.wav,3.0,KEEP_SHORT_EVENT
harmonium,harmonium_000663.wav,411.wav,3.0,KEEP_SHORT_EVENT
harmonium,harmonium_000664.wav,412.wav,3.0,KEEP_SHORT_EVENT
harmonium,harmonium_000665.wav,413.wav,3.0,KEEP_SHORT_EVENT
harmonium,harmonium_000666.wav,414.wav,3.0,KEEP_SHORT_EVENT
harmonium,harmonium_000667.wav,415.wav,3.0,KEEP_SHORT_EVENT
harmonium,harmonium_000668.wav,416.wav,3.0,KEEP_SHORT_EVENT
harmonium,harmonium_000669.wav,417.wav,3.0,KEEP_SHORT_EVENT
harmonium,harmonium_000670.wav,418.wav,3.0,KEEP_SHORT_EVENT
harmonium,harmonium_000671.wav,419.wav,3.0,KEEP_SHORT_EVENT
harmonium,harmonium_000672.wav,42.wav,3.0,KEEP_SHORT_EVENT
harmonium,harmonium_000673.wav,420.wav,3.0,KEEP_SHORT_EVENT
harmonium,harmonium_000674.wav,421.wav,3.0,KEEP_SHORT_EVENT
harmonium,harmonium_000675.wav,422.wav,3.0,KEEP_SHORT_EVENT
harmonium,harmonium_000676.wav,423.wav,3.0,KEEP_SHORT_EVENT
harmonium,harmonium_000677.wav,424.wav,3.0,KEEP_SHORT_EVENT
harmonium,harmonium_000678.wav,425.wav,3.0,KEEP_SHORT_EVENT
harmonium,harmonium_000679.wav,426.wav,3.0,KEEP_SHORT_EVENT
harmonium,harmonium_000680.wav,427.wav,3.0,KEEP_SHORT_EVENT
harmonium,harmonium_000681.wav,428.wav,3.0,KEEP_SHORT_EVENT
harmonium,harmonium_000682.wav,429.wav,3.0,KEEP_SHORT_EVENT
harmonium,harmonium_000683.wav,43.wav,3.0,KEEP_SHORT_EVENT
harmonium,harmonium_000684.wav,430.wav,3.0,KEEP_SHORT_EVENT
harmonium,harmonium_000685.wav,431.wav,3.0,KEEP_SHORT_EVENT
harmonium,harmonium_000686.wav,432.wav,3.0,KEEP_SHORT_EVENT
harmonium,harmonium_000687.wav,433.wav,3.0,KEEP_SHORT_EVENT
harmonium,harmonium_000688.wav,434.wav,3.0,KEEP_SHORT_EVENT
harmonium,harmonium_000689.wav,435.wav,3.0,KEEP_SHORT_EVENT
harmonium,harmonium_000690.wav,436.wav,3.0,KEEP_SHORT_EVENT
harmonium,harmonium_000691.wav,437.wav,3.0,KEEP_SHORT_EVENT
harmonium,harmonium_000692.wav,438.wav,3.0,KEEP_SHORT_EVENT
harmonium,harmonium_000693.wav,439.wav,3.0,KEEP_SHORT_EVENT
harmonium,harmonium_000694.wav,44.wav,3.0,KEEP_SHORT_EVENT
harmonium,harmonium_000695.wav,440.wav,3.0,KEEP_SHORT_EVENT
harmonium,harmonium_000696.wav,441.wav,3.0,KEEP_SHORT_EVENT
harmonium,harmonium_000697.wav,442.wav,3.0,KEEP_SHORT_EVENT
harmonium,harmonium_000698.wav,443.wav,3.0,KEEP_SHORT_EVENT
harmonium,harmonium_000699.wav,444.wav,3.0,KEEP_SHORT_EVENT
harmonium,harmonium_000700.wav,445.wav,3.0,KEEP_SHORT_EVENT
harmonium,harmonium_000701.wav,446.wav,3.0,KEEP_SHORT_EVENT
harmonium,harmonium_000702.wav,447.wav,3.0,KEEP_SHORT_EVENT
harmonium,harmonium_000703.wav,448.wav,3.0,KEEP_SHORT_EVENT
harmonium,harmonium_000704.wav,449.wav,3.0,KEEP_SHORT_EVENT
harmonium,harmonium_000705.wav,45.wav,3.0,KEEP_SHORT_EVENT
harmonium,harmonium_000706.wav,450.wav,3.0,KEEP_SHORT_EVENT
harmonium,harmonium_000707.wav,451.wav,3.0,KEEP_SHORT_EVENT
harmonium,harmonium_000708.wav,452.wav,3.0,KEEP_SHORT_EVENT
harmonium,harmonium_000709.wav,453.wav,3.0,KEEP_SHORT_EVENT
harmonium,harmonium_000710.wav,454.wav,3.0,KEEP_SHORT_EVENT
harmonium,harmonium_000711.wav,455.wav,3.0,KEEP_SHORT_EVENT
harmonium,harmonium_000712.wav,456.wav,3.0,KEEP_SHORT_EVENT
harmonium,harmonium_000713.wav,457.wav,3.0,KEEP_SHORT_EVENT
harmonium,harmonium_000714.wav,458.wav,3.0,KEEP_SHORT_EVENT
harmonium,harmonium_000715.wav,459.wav,3.0,KEEP_SHORT_EVENT
harmonium,harmonium_000716.wav,46.wav,3.0,KEEP_SHORT_EVENT
harmonium,harmonium_000717.wav,460.wav,3.0,KEEP_SHORT_EVENT
harmonium,harmonium_000718.wav,461.wav,3.0,KEEP_SHORT_EVENT
harmonium,harmonium_000719.wav,462.wav,3.0,KEEP_SHORT_EVENT
harmonium,harmonium_000720.wav,463.wav,3.0,KEEP_SHORT_EVENT
harmonium,harmonium_000721.wav,464.wav,3.0,KEEP_SHORT_EVENT
harmonium,harmonium_000722.wav,465.wav,3.0,KEEP_SHORT_EVENT
harmonium,harmonium_000723.wav,466.wav,3.0,KEEP_SHORT_EVENT
harmonium,harmonium_000724.wav,467.wav,3.0,KEEP_SHORT_EVENT
harmonium,harmonium_000725.wav,468.wav,3.0,KEEP_SHORT_EVENT
harmonium,harmonium_000726.wav,469.wav,3.0,KEEP_SHORT_EVENT
harmonium,harmonium_000727.wav,47.wav,3.0,KEEP_SHORT_EVENT
harmonium,harmonium_000728.wav,470.wav,3.0,KEEP_SHORT_EVENT
harmonium,harmonium_000729.wav,471.wav,3.0,KEEP_SHORT_EVENT
harmonium,harmonium_000730.wav,472.wav,3.0,KEEP_SHORT_EVENT
harmonium,harmonium_000731.wav,473.wav,3.0,KEEP_SHORT_EVENT
harmonium,harmonium_000732.wav,474.wav,3.0,KEEP_SHORT_EVENT
harmonium,harmonium_000733.wav,475.wav,3.0,KEEP_SHORT_EVENT
harmonium,harmonium_000734.wav,476.wav,3.0,KEEP_SHORT_EVENT
harmonium,harmonium_000735.wav,477.wav,3.0,KEEP_SHORT_EVENT
harmonium,harmonium_000736.wav,478.wav,3.0,KEEP_SHORT_EVENT
harmonium,harmonium_000737.wav,479.wav,3.0,KEEP_SHORT_EVENT
harmonium,harmonium_000738.wav,48.wav,3.0,KEEP_SHORT_EVENT
harmonium,harmonium_000739.wav,480.wav,3.0,KEEP_SHORT_EVENT
harmonium,harmonium_000740.wav,481.wav,3.0,KEEP_SHORT_EVENT
harmonium,harmonium_000741.wav,482.wav,3.0,KEEP_SHORT_EVENT
harmonium,harmonium_000742.wav,483.wav,3.0,KEEP_SHORT_EVENT
harmonium,harmonium_000743.wav,484.wav,3.0,KEEP_SHORT_EVENT
harmonium,harmonium_000744.wav,485.wav,3.0,KEEP_SHORT_EVENT
harmonium,harmonium_000745.wav,486.wav,3.0,KEEP_SHORT_EVENT
harmonium,harmonium_000746.wav,487.wav,3.0,KEEP_SHORT_EVENT
harmonium,harmonium_000747.wav,488.wav,3.0,KEEP_SHORT_EVENT
harmonium,harmonium_000748.wav,489.wav,3.0,KEEP_SHORT_EVENT
harmonium,harmonium_000749.wav,49.wav,3.0,KEEP_SHORT_EVENT
harmonium,harmonium_000750.wav,490.wav,3.0,KEEP_SHORT_EVENT
harmonium,harmonium_000751.wav,491.wav,3.0,KEEP_SHORT_EVENT
harmonium,harmonium_000752.wav,492.wav,3.0,KEEP_SHORT_EVENT
harmonium,harmonium_000753.wav,493.wav,3.0,KEEP_SHORT_EVENT
harmonium,harmonium_000754.wav,494.wav,3.0,KEEP_SHORT_EVENT
harmonium,harmonium_000755.wav,495.wav,3.0,KEEP_SHORT_EVENT
harmonium,harmonium_000756.wav,496.wav,3.0,KEEP_SHORT_EVENT
harmonium,harmonium_000757.wav,497.wav,3.0,KEEP_SHORT_EVENT
harmonium,harmonium_000758.wav,498.wav,3.0,KEEP_SHORT_EVENT
harmonium,harmonium_000759.wav,499.wav,3.0,KEEP_SHORT_EVENT
harmonium,harmonium_000760.wav,5.wav,3.0,KEEP_SHORT_EVENT
harmonium,harmonium_000761.wav,50.wav,3.0,KEEP_SHORT_EVENT
harmonium,harmonium_000762.wav,500.wav,3.0,KEEP_SHORT_EVENT
harmonium,harmonium_000763.wav,501.wav,3.0,KEEP_SHORT_EVENT
harmonium,harmonium_000764.wav,502.wav,3.0,KEEP_SHORT_EVENT
harmonium,harmonium_000765.wav,503.wav,3.0,KEEP_SHORT_EVENT
harmonium,harmonium_000766.wav,504.wav,3.0,KEEP_SHORT_EVENT
harmonium,harmonium_000767.wav,505.wav,3.0,KEEP_SHORT_EVENT
harmonium,harmonium_000768.wav,506.wav,3.0,KEEP_SHORT_EVENT
harmonium,harmonium_000769.wav,507.wav,3.0,KEEP_SHORT_EVENT
harmonium,harmonium_000770.wav,508.wav,3.0,KEEP_SHORT_EVENT
harmonium,harmonium_000771.wav,509.wav,3.0,KEEP_SHORT_EVENT
harmonium,harmonium_000772.wav,51.wav,3.0,KEEP_SHORT_EVENT
harmonium,harmonium_000773.wav,510.wav,3.0,KEEP_SHORT_EVENT
harmonium,harmonium_000774.wav,511.wav,3.0,KEEP_SHORT_EVENT
harmonium,harmonium_000775.wav,512.wav,3.0,KEEP_SHORT_EVENT
harmonium,harmonium_000776.wav,513.wav,3.0,KEEP_SHORT_EVENT
harmonium,harmonium_000777.wav,514.wav,3.0,KEEP_SHORT_EVENT
harmonium,harmonium_000778.wav,515.wav,3.0,KEEP_SHORT_EVENT
harmonium,harmonium_000779.wav,516.wav,3.0,KEEP_SHORT_EVENT
harmonium,harmonium_000780.wav,517.wav,3.0,KEEP_SHORT_EVENT
harmonium,harmonium_000781.wav,518.wav,3.0,KEEP_SHORT_EVENT
harmonium,harmonium_000782.wav,519.wav,3.0,KEEP_SHORT_EVENT
harmonium,harmonium_000783.wav,52.wav,3.0,KEEP_SHORT_EVENT
harmonium,harmonium_000784.wav,520.wav,3.0,KEEP_SHORT_EVENT
harmonium,harmonium_000785.wav,521.wav,3.0,KEEP_SHORT_EVENT
harmonium,harmonium_000786.wav,522.wav,3.0,KEEP_SHORT_EVENT
harmonium,harmonium_000787.wav,523.wav,3.0,KEEP_SHORT_EVENT
harmonium,harmonium_000788.wav,524.wav,3.0,KEEP_SHORT_EVENT
harmonium,harmonium_000789.wav,525.wav,3.0,KEEP_SHORT_EVENT
harmonium,harmonium_000790.wav,526.wav,3.0,KEEP_SHORT_EVENT
harmonium,harmonium_000791.wav,527.wav,3.0,KEEP_SHORT_EVENT
harmonium,harmonium_000792.wav,528.wav,3.0,KEEP_SHORT_EVENT
harmonium,harmonium_000793.wav,529.wav,3.0,KEEP_SHORT_EVENT
harmonium,harmonium_000794.wav,53.wav,3.0,KEEP_SHORT_EVENT
harmonium,harmonium_000795.wav,530.wav,3.0,KEEP_SHORT_EVENT
harmonium,harmonium_000796.wav,531.wav,3.0,KEEP_SHORT_EVENT
harmonium,harmonium_000797.wav,532.wav,3.0,KEEP_SHORT_EVENT
harmonium,harmonium_000798.wav,533.wav,3.0,KEEP_SHORT_EVENT
harmonium,harmonium_000799.wav,534.wav,3.0,KEEP_SHORT_EVENT
harmonium,harmonium_000800.wav,535.wav,3.0,KEEP_SHORT_EVENT
harmonium,harmonium_000801.wav,536.wav,3.0,KEEP_SHORT_EVENT
harmonium,harmonium_000802.wav,537.wav,3.0,KEEP_SHORT_EVENT
harmonium,harmonium_000803.wav,538.wav,3.0,KEEP_SHORT_EVENT
harmonium,harmonium_000804.wav,539.wav,3.0,KEEP_SHORT_EVENT
harmonium,harmonium_000805.wav,54.wav,3.0,KEEP_SHORT_EVENT
harmonium,harmonium_000806.wav,540.wav,3.0,KEEP_SHORT_EVENT
harmonium,harmonium_000807.wav,541.wav,3.0,KEEP_SHORT_EVENT
harmonium,harmonium_000808.wav,542.wav,3.0,KEEP_SHORT_EVENT
harmonium,harmonium_000809.wav,543.wav,3.0,KEEP_SHORT_EVENT
harmonium,harmonium_000810.wav,544.wav,3.0,KEEP_SHORT_EVENT
harmonium,harmonium_000811.wav,545.wav,3.0,KEEP_SHORT_EVENT
harmonium,harmonium_000812.wav,546.wav,3.0,KEEP_SHORT_EVENT
harmonium,harmonium_000813.wav,547.wav,3.0,KEEP_SHORT_EVENT
harmonium,harmonium_000814.wav,548.wav,3.0,KEEP_SHORT_EVENT
harmonium,harmonium_000815.wav,549.wav,3.0,KEEP_SHORT_EVENT
harmonium,harmonium_000816.wav,55.wav,3.0,KEEP_SHORT_EVENT
harmonium,harmonium_000817.wav,550.wav,3.0,KEEP_SHORT_EVENT
harmonium,harmonium_000818.wav,551.wav,3.0,KEEP_SHORT_EVENT
harmonium,harmonium_000819.wav,552.wav,3.0,KEEP_SHORT_EVENT
harmonium,harmonium_000820.wav,553.wav,3.0,KEEP_SHORT_EVENT
harmonium,harmonium_000821.wav,554.wav,3.0,KEEP_SHORT_EVENT
harmonium,harmonium_000822.wav,555.wav,3.0,KEEP_SHORT_EVENT
harmonium,harmonium_000823.wav,556.wav,3.0,KEEP_SHORT_EVENT
harmonium,harmonium_000824.wav,557.wav,3.0,KEEP_SHORT_EVENT
harmonium,harmonium_000825.wav,558.wav,3.0,KEEP_SHORT_EVENT
harmonium,harmonium_000826.wav,559.wav,3.0,KEEP_SHORT_EVENT
harmonium,harmonium_000827.wav,56.wav,3.0,KEEP_SHORT_EVENT
harmonium,harmonium_000828.wav,560.wav,3.0,KEEP_SHORT_EVENT
harmonium,harmonium_000829.wav,561.wav,3.0,KEEP_SHORT_EVENT
harmonium,harmonium_000830.wav,562.wav,3.0,KEEP_SHORT_EVENT
harmonium,harmonium_000831.wav,563.wav,3.0,KEEP_SHORT_EVENT
harmonium,harmonium_000832.wav,564.wav,3.0,KEEP_SHORT_EVENT
harmonium,harmonium_000833.wav,565.wav,3.0,KEEP_SHORT_EVENT
harmonium,harmonium_000834.wav,566.wav,3.0,KEEP_SHORT_EVENT
harmonium,harmonium_000835.wav,567.wav,3.0,KEEP_SHORT_EVENT
harmonium,harmonium_000836.wav,568.wav,3.0,KEEP_SHORT_EVENT
harmonium,harmonium_000837.wav,569.wav,3.0,KEEP_SHORT_EVENT
harmonium,harmonium_000838.wav,57.wav,3.0,KEEP_SHORT_EVENT
harmonium,harmonium_000839.wav,570.wav,3.0,KEEP_SHORT_EVENT
harmonium,harmonium_000840.wav,571.wav,3.0,KEEP_SHORT_EVENT
harmonium,harmonium_000841.wav,572.wav,3.0,KEEP_SHORT_EVENT
harmonium,harmonium_000842.wav,573.wav,3.0,KEEP_SHORT_EVENT
harmonium,harmonium_000843.wav,574.wav,3.0,KEEP_SHORT_EVENT
harmonium,harmonium_000844.wav,575.wav,3.0,KEEP_SHORT_EVENT
harmonium,harmonium_000845.wav,576.wav,3.0,KEEP_SHORT_EVENT
harmonium,harmonium_000846.wav,577.wav,3.0,KEEP_SHORT_EVENT
harmonium,harmonium_000847.wav,578.wav,3.0,KEEP_SHORT_EVENT
harmonium,harmonium_000848.wav,579.wav,3.0,KEEP_SHORT_EVENT
harmonium,harmonium_000849.wav,58.wav,3.0,KEEP_SHORT_EVENT
harmonium,harmonium_000850.wav,580.wav,3.0,KEEP_SHORT_EVENT
harmonium,harmonium_000851.wav,581.wav,3.0,KEEP_SHORT_EVENT
harmonium,harmonium_000852.wav,582.wav,3.0,KEEP_SHORT_EVENT
harmonium,harmonium_000853.wav,583.wav,3.0,KEEP_SHORT_EVENT
harmonium,harmonium_000854.wav,584.wav,3.0,KEEP_SHORT_EVENT
harmonium,harmonium_000855.wav,585.wav,3.0,KEEP_SHORT_EVENT
harmonium,harmonium_000856.wav,586.wav,3.0,KEEP_SHORT_EVENT
harmonium,harmonium_000857.wav,587.wav,3.0,KEEP_SHORT_EVENT
harmonium,harmonium_000858.wav,588.wav,3.0,KEEP_SHORT_EVENT
harmonium,harmonium_000859.wav,589.wav,3.0,KEEP_SHORT_EVENT
harmonium,harmonium_000860.wav,59.wav,3.0,KEEP_SHORT_EVENT
harmonium,harmonium_000861.wav,590.wav,3.0,KEEP_SHORT_EVENT
harmonium,harmonium_000862.wav,591.wav,3.0,KEEP_SHORT_EVENT
harmonium,harmonium_000863.wav,592.wav,3.0,KEEP_SHORT_EVENT
harmonium,harmonium_000864.wav,593.wav,3.0,KEEP_SHORT_EVENT
harmonium,harmonium_000865.wav,594.wav,3.0,KEEP_SHORT_EVENT
harmonium,harmonium_000866.wav,595.wav,3.0,KEEP_SHORT_EVENT
harmonium,harmonium_000867.wav,596.wav,3.0,KEEP_SHORT_EVENT
harmonium,harmonium_000868.wav,597.wav,3.0,KEEP_SHORT_EVENT
harmonium,harmonium_000869.wav,598.wav,3.0,KEEP_SHORT_EVENT
harmonium,harmonium_000870.wav,599.wav,3.0,KEEP_SHORT_EVENT
harmonium,harmonium_000871.wav,6.wav,3.0,KEEP_SHORT_EVENT
harmonium,harmonium_000872.wav,60.wav,3.0,KEEP_SHORT_EVENT
harmonium,harmonium_000873.wav,600.wav,3.0,KEEP_SHORT_EVENT
harmonium,harmonium_000874.wav,601.wav,3.0,KEEP_SHORT_EVENT
harmonium,harmonium_000875.wav,602.wav,3.0,KEEP_SHORT_EVENT
harmonium,harmonium_000876.wav,603.wav,3.0,KEEP_SHORT_EVENT
harmonium,harmonium_000877.wav,604.wav,3.0,KEEP_SHORT_EVENT
harmonium,harmonium_000878.wav,605.wav,3.0,KEEP_SHORT_EVENT
harmonium,harmonium_000879.wav,606.wav,3.0,KEEP_SHORT_EVENT
harmonium,harmonium_000880.wav,607.wav,3.0,KEEP_SHORT_EVENT
harmonium,harmonium_000881.wav,608.wav,3.0,KEEP_SHORT_EVENT
harmonium,harmonium_000882.wav,609.wav,3.0,KEEP_SHORT_EVENT
harmonium,harmonium_000883.wav,61.wav,3.0,KEEP_SHORT_EVENT
harmonium,harmonium_000884.wav,610.wav,3.0,KEEP_SHORT_EVENT
harmonium,harmonium_000885.wav,611.wav,3.0,KEEP_SHORT_EVENT
harmonium,harmonium_000886.wav,612.wav,3.0,KEEP_SHORT_EVENT
harmonium,harmonium_000887.wav,613.wav,3.0,KEEP_SHORT_EVENT
harmonium,harmonium_000888.wav,614.wav,3.0,KEEP_SHORT_EVENT
harmonium,harmonium_000889.wav,615.wav,3.0,KEEP_SHORT_EVENT
harmonium,harmonium_000890.wav,616.wav,3.0,KEEP_SHORT_EVENT
harmonium,harmonium_000891.wav,617.wav,3.0,KEEP_SHORT_EVENT
harmonium,harmonium_000892.wav,618.wav,3.0,KEEP_SHORT_EVENT
harmonium,harmonium_000893.wav,619.wav,3.0,KEEP_SHORT_EVENT
harmonium,harmonium_000894.wav,62.wav,3.0,KEEP_SHORT_EVENT
harmonium,harmonium_000895.wav,620.wav,3.0,KEEP_SHORT_EVENT
harmonium,harmonium_000896.wav,621.wav,3.0,KEEP_SHORT_EVENT
harmonium,harmonium_000897.wav,622.wav,3.0,KEEP_SHORT_EVENT
harmonium,harmonium_000898.wav,623.wav,3.0,KEEP_SHORT_EVENT
harmonium,harmonium_000899.wav,624.wav,3.0,KEEP_SHORT_EVENT
harmonium,harmonium_000900.wav,625.wav,3.0,KEEP_SHORT_EVENT
harmonium,harmonium_000901.wav,626.wav,3.0,KEEP_SHORT_EVENT
harmonium,harmonium_000902.wav,627.wav,3.0,KEEP_SHORT_EVENT
harmonium,harmonium_000903.wav,628.wav,3.0,KEEP_SHORT_EVENT
harmonium,harmonium_000904.wav,629.wav,3.0,KEEP_SHORT_EVENT
harmonium,harmonium_000905.wav,63.wav,3.0,KEEP_SHORT_EVENT
harmonium,harmonium_000906.wav,630.wav,3.0,KEEP_SHORT_EVENT
harmonium,harmonium_000907.wav,631.wav,3.0,KEEP_SHORT_EVENT
harmonium,harmonium_000908.wav,632.wav,3.0,KEEP_SHORT_EVENT
harmonium,harmonium_000909.wav,633.wav,3.0,KEEP_SHORT_EVENT
harmonium,harmonium_000910.wav,634.wav,3.0,KEEP_SHORT_EVENT
harmonium,harmonium_000911.wav,635.wav,3.0,KEEP_SHORT_EVENT
harmonium,harmonium_000912.wav,636.wav,3.0,KEEP_SHORT_EVENT
harmonium,harmonium_000913.wav,637.wav,3.0,KEEP_SHORT_EVENT
harmonium,harmonium_000914.wav,638.wav,3.0,KEEP_SHORT_EVENT
harmonium,harmonium_000915.wav,639.wav,3.0,KEEP_SHORT_EVENT
harmonium,harmonium_000916.wav,64.wav,3.0,KEEP_SHORT_EVENT
harmonium,harmonium_000917.wav,640.wav,3.0,KEEP_SHORT_EVENT
harmonium,harmonium_000918.wav,641.wav,3.0,KEEP_SHORT_EVENT
harmonium,harmonium_000919.wav,642.wav,3.0,KEEP_SHORT_EVENT
harmonium,harmonium_000920.wav,643.wav,3.0,KEEP_SHORT_EVENT
harmonium,harmonium_000921.wav,644.wav,3.0,KEEP_SHORT_EVENT
harmonium,harmonium_000922.wav,645.wav,3.0,KEEP_SHORT_EVENT
harmonium,harmonium_000923.wav,646.wav,3.0,KEEP_SHORT_EVENT
harmonium,harmonium_000924.wav,647.wav,3.0,KEEP_SHORT_EVENT
harmonium,harmonium_000925.wav,648.wav,3.0,KEEP_SHORT_EVENT
harmonium,harmonium_000926.wav,649.wav,3.0,KEEP_SHORT_EVENT
harmonium,harmonium_000927.wav,65.wav,3.0,KEEP_SHORT_EVENT
harmonium,harmonium_000928.wav,650.wav,3.0,KEEP_SHORT_EVENT
harmonium,harmonium_000929.wav,651.wav,3.0,KEEP_SHORT_EVENT
harmonium,harmonium_000930.wav,652.wav,3.0,KEEP_SHORT_EVENT
harmonium,harmonium_000931.wav,653.wav,3.0,KEEP_SHORT_EVENT
harmonium,harmonium_000932.wav,654.wav,3.0,KEEP_SHORT_EVENT
harmonium,harmonium_000933.wav,655.wav,3.0,KEEP_SHORT_EVENT
harmonium,harmonium_000934.wav,656.wav,3.0,KEEP_SHORT_EVENT
harmonium,harmonium_000935.wav,657.wav,3.0,KEEP_SHORT_EVENT
harmonium,harmonium_000936.wav,658.wav,3.0,KEEP_SHORT_EVENT
harmonium,harmonium_000937.wav,659.wav,3.0,KEEP_SHORT_EVENT
harmonium,harmonium_000938.wav,66.wav,3.0,KEEP_SHORT_EVENT
harmonium,harmonium_000939.wav,660.wav,3.0,KEEP_SHORT_EVENT
harmonium,harmonium_000940.wav,661.wav,3.0,KEEP_SHORT_EVENT
harmonium,harmonium_000941.wav,662.wav,3.0,KEEP_SHORT_EVENT
harmonium,harmonium_000942.wav,663.wav,3.0,KEEP_SHORT_EVENT
harmonium,harmonium_000943.wav,664.wav,3.0,KEEP_SHORT_EVENT
harmonium,harmonium_000944.wav,665.wav,3.0,KEEP_SHORT_EVENT
harmonium,harmonium_000945.wav,666.wav,3.0,KEEP_SHORT_EVENT
harmonium,harmonium_000946.wav,667.wav,3.0,KEEP_SHORT_EVENT
harmonium,harmonium_000947.wav,668.wav,3.0,KEEP_SHORT_EVENT
harmonium,harmonium_000948.wav,669.wav,3.0,KEEP_SHORT_EVENT
harmonium,harmonium_000949.wav,67.wav,3.0,KEEP_SHORT_EVENT
harmonium,harmonium_000950.wav,670.wav,3.0,KEEP_SHORT_EVENT
harmonium,harmonium_000951.wav,671.wav,3.0,KEEP_SHORT_EVENT
harmonium,harmonium_000952.wav,672.wav,3.0,KEEP_SHORT_EVENT
harmonium,harmonium_000953.wav,673.wav,3.0,KEEP_SHORT_EVENT
harmonium,harmonium_000954.wav,674.wav,3.0,KEEP_SHORT_EVENT
harmonium,harmonium_000955.wav,675.wav,3.0,KEEP_SHORT_EVENT
harmonium,harmonium_000956.wav,676.wav,3.0,KEEP_SHORT_EVENT
harmonium,harmonium_000957.wav,677.wav,3.0,KEEP_SHORT_EVENT
harmonium,harmonium_000958.wav,678.wav,3.0,KEEP_SHORT_EVENT
harmonium,harmonium_000959.wav,679.wav,3.0,KEEP_SHORT_EVENT
harmonium,harmonium_000960.wav,68.wav,3.0,KEEP_SHORT_EVENT
harmonium,harmonium_000961.wav,680.wav,3.0,KEEP_SHORT_EVENT
harmonium,harmonium_000962.wav,681.wav,3.0,KEEP_SHORT_EVENT
harmonium,harmonium_000963.wav,682.wav,3.0,KEEP_SHORT_EVENT
harmonium,harmonium_000964.wav,683.wav,3.0,KEEP_SHORT_EVENT
harmonium,harmonium_000965.wav,684.wav,3.0,KEEP_SHORT_EVENT
harmonium,harmonium_000966.wav,685.wav,3.0,KEEP_SHORT_EVENT
harmonium,harmonium_000967.wav,686.wav,3.0,KEEP_SHORT_EVENT
harmonium,harmonium_000968.wav,687.wav,3.0,KEEP_SHORT_EVENT
harmonium,harmonium_000969.wav,688.wav,3.0,KEEP_SHORT_EVENT
harmonium,harmonium_000970.wav,689.wav,3.0,KEEP_SHORT_EVENT
harmonium,harmonium_000971.wav,69.wav,3.0,KEEP_SHORT_EVENT
harmonium,harmonium_000972.wav,690.wav,3.0,KEEP_SHORT_EVENT
harmonium,harmonium_000973.wav,691.wav,3.0,KEEP_SHORT_EVENT
harmonium,harmonium_000974.wav,692.wav,3.0,KEEP_SHORT_EVENT
harmonium,harmonium_000975.wav,693.wav,3.0,KEEP_SHORT_EVENT
harmonium,harmonium_000976.wav,694.wav,3.0,KEEP_SHORT_EVENT
harmonium,harmonium_000977.wav,695.wav,3.0,KEEP_SHORT_EVENT
harmonium,harmonium_000978.wav,696.wav,3.0,KEEP_SHORT_EVENT
harmonium,harmonium_000979.wav,697.wav,3.0,KEEP_SHORT_EVENT
harmonium,harmonium_000980.wav,698.wav,3.0,KEEP_SHORT_EVENT
harmonium,harmonium_000981.wav,699.wav,3.0,KEEP_SHORT_EVENT
harmonium,harmonium_000982.wav,7.wav,3.0,KEEP_SHORT_EVENT
harmonium,harmonium_000983.wav,70.wav,3.0,KEEP_SHORT_EVENT
harmonium,harmonium_000984.wav,700.wav,3.0,KEEP_SHORT_EVENT
harmonium,harmonium_000985.wav,701.wav,3.0,KEEP_SHORT_EVENT
harmonium,harmonium_000986.wav,702.wav,3.0,KEEP_SHORT_EVENT
harmonium,harmonium_000987.wav,703.wav,3.0,KEEP_SHORT_EVENT
harmonium,harmonium_000988.wav,704.wav,3.0,KEEP_SHORT_EVENT
harmonium,harmonium_000989.wav,705.wav,3.0,KEEP_SHORT_EVENT
harmonium,harmonium_000990.wav,706.wav,3.0,KEEP_SHORT_EVENT
harmonium,harmonium_000991.wav,707.wav,3.0,KEEP_SHORT_EVENT
harmonium,harmonium_000992.wav,708.wav,3.0,KEEP_SHORT_EVENT
harmonium,harmonium_000993.wav,709.wav,3.0,KEEP_SHORT_EVENT
harmonium,harmonium_000994.wav,71.wav,3.0,KEEP_SHORT_EVENT
harmonium,harmonium_000995.wav,710.wav,3.0,KEEP_SHORT_EVENT
harmonium,harmonium_000996.wav,711.wav,3.0,KEEP_SHORT_EVENT
harmonium,harmonium_000997.wav,712.wav,3.0,KEEP_SHORT_EVENT
harmonium,harmonium_000998.wav,713.wav,3.0,KEEP_SHORT_EVENT
harmonium,harmonium_000999.wav,714.wav,3.0,KEEP_SHORT_EVENT
harmonium,harmonium_001000.wav,715.wav,3.0,KEEP_SHORT_EVENT
harmonium,harmonium_001001.wav,716.wav,3.0,KEEP_SHORT_EVENT
harmonium,harmonium_001002.wav,717.wav,3.0,KEEP_SHORT_EVENT
harmonium,harmonium_001003.wav,718.wav,3.0,KEEP_SHORT_EVENT
harmonium,harmonium_001004.wav,719.wav,3.0,KEEP_SHORT_EVENT
harmonium,harmonium_001005.wav,72.wav,3.0,KEEP_SHORT_EVENT
harmonium,harmonium_001006.wav,720.wav,3.0,KEEP_SHORT_EVENT
harmonium,harmonium_001007.wav,721.wav,3.0,KEEP_SHORT_EVENT
harmonium,harmonium_001008.wav,722.wav,3.0,KEEP_SHORT_EVENT
harmonium,harmonium_001009.wav,723.wav,3.0,KEEP_SHORT_EVENT
harmonium,harmonium_001010.wav,724.wav,3.0,KEEP_SHORT_EVENT
harmonium,harmonium_001011.wav,725.wav,3.0,KEEP_SHORT_EVENT
harmonium,harmonium_001012.wav,726.wav,3.0,KEEP_SHORT_EVENT
harmonium,harmonium_001013.wav,727.wav,3.0,KEEP_SHORT_EVENT
harmonium,harmonium_001014.wav,728.wav,3.0,KEEP_SHORT_EVENT
harmonium,harmonium_001015.wav,729.wav,3.0,KEEP_SHORT_EVENT
harmonium,harmonium_001016.wav,73.wav,3.0,KEEP_SHORT_EVENT
harmonium,harmonium_001017.wav,730.wav,3.0,KEEP_SHORT_EVENT
harmonium,harmonium_001018.wav,731.wav,3.0,KEEP_SHORT_EVENT
harmonium,harmonium_001019.wav,732.wav,3.0,KEEP_SHORT_EVENT
harmonium,harmonium_001020.wav,733.wav,3.0,KEEP_SHORT_EVENT
harmonium,harmonium_001021.wav,734.wav,3.0,KEEP_SHORT_EVENT
harmonium,harmonium_001022.wav,735.wav,3.0,KEEP_SHORT_EVENT
harmonium,harmonium_001023.wav,736.wav,3.0,KEEP_SHORT_EVENT
harmonium,harmonium_001024.wav,737.wav,3.0,KEEP_SHORT_EVENT
harmonium,harmonium_001025.wav,738.wav,3.0,KEEP_SHORT_EVENT
harmonium,harmonium_001026.wav,739.wav,3.0,KEEP_SHORT_EVENT
harmonium,harmonium_001027.wav,74.wav,3.0,KEEP_SHORT_EVENT
harmonium,harmonium_001028.wav,740.wav,3.0,KEEP_SHORT_EVENT
harmonium,harmonium_001029.wav,741.wav,3.0,KEEP_SHORT_EVENT
harmonium,harmonium_001030.wav,742.wav,3.0,KEEP_SHORT_EVENT
harmonium,harmonium_001031.wav,743.wav,3.0,KEEP_SHORT_EVENT
harmonium,harmonium_001032.wav,744.wav,3.0,KEEP_SHORT_EVENT
harmonium,harmonium_001033.wav,745.wav,3.0,KEEP_SHORT_EVENT
harmonium,harmonium_001034.wav,746.wav,3.0,KEEP_SHORT_EVENT
harmonium,harmonium_001035.wav,747.wav,3.0,KEEP_SHORT_EVENT
harmonium,harmonium_001036.wav,748.wav,3.0,KEEP_SHORT_EVENT
harmonium,harmonium_001037.wav,749.wav,3.0,KEEP_SHORT_EVENT
harmonium,harmonium_001038.wav,75.wav,3.0,KEEP_SHORT_EVENT
harmonium,harmonium_001039.wav,750.wav,3.0,KEEP_SHORT_EVENT
harmonium,harmonium_001040.wav,751.wav,3.0,KEEP_SHORT_EVENT
harmonium,harmonium_001041.wav,752.wav,3.0,KEEP_SHORT_EVENT
harmonium,harmonium_001042.wav,753.wav,3.0,KEEP_SHORT_EVENT
harmonium,harmonium_001043.wav,754.wav,3.0,KEEP_SHORT_EVENT
harmonium,harmonium_001044.wav,755.wav,3.0,KEEP_SHORT_EVENT
harmonium,harmonium_001045.wav,756.wav,3.0,KEEP_SHORT_EVENT
harmonium,harmonium_001046.wav,757.wav,3.0,KEEP_SHORT_EVENT
harmonium,harmonium_001047.wav,758.wav,3.0,KEEP_SHORT_EVENT
harmonium,harmonium_001048.wav,759.wav,3.0,KEEP_SHORT_EVENT
harmonium,harmonium_001049.wav,76.wav,3.0,KEEP_SHORT_EVENT
harmonium,harmonium_001050.wav,760.wav,3.0,KEEP_SHORT_EVENT
harmonium,harmonium_001051.wav,761.wav,3.0,KEEP_SHORT_EVENT
harmonium,harmonium_001052.wav,762.wav,3.0,KEEP_SHORT_EVENT
harmonium,harmonium_001053.wav,763.wav,3.0,KEEP_SHORT_EVENT
harmonium,harmonium_001054.wav,764.wav,3.0,KEEP_SHORT_EVENT
harmonium,harmonium_001055.wav,765.wav,3.0,KEEP_SHORT_EVENT
harmonium,harmonium_001056.wav,766.wav,3.0,KEEP_SHORT_EVENT
harmonium,harmonium_001057.wav,767.wav,3.0,KEEP_SHORT_EVENT
harmonium,harmonium_001058.wav,768.wav,3.0,KEEP_SHORT_EVENT
harmonium,harmonium_001059.wav,769.wav,3.0,KEEP_SHORT_EVENT
harmonium,harmonium_001060.wav,77.wav,3.0,KEEP_SHORT_EVENT
harmonium,harmonium_001061.wav,770.wav,3.0,KEEP_SHORT_EVENT
harmonium,harmonium_001062.wav,771.wav,3.0,KEEP_SHORT_EVENT
harmonium,harmonium_001063.wav,772.wav,3.0,KEEP_SHORT_EVENT
harmonium,harmonium_001064.wav,773.wav,3.0,KEEP_SHORT_EVENT
harmonium,harmonium_001065.wav,774.wav,3.0,KEEP_SHORT_EVENT
harmonium,harmonium_001066.wav,775.wav,3.0,KEEP_SHORT_EVENT
harmonium,harmonium_001067.wav,776.wav,3.0,KEEP_SHORT_EVENT
harmonium,harmonium_001068.wav,777.wav,3.0,KEEP_SHORT_EVENT
harmonium,harmonium_001069.wav,778.wav,3.0,KEEP_SHORT_EVENT
harmonium,harmonium_001070.wav,779.wav,3.0,KEEP_SHORT_EVENT
harmonium,harmonium_001071.wav,78.wav,3.0,KEEP_SHORT_EVENT
harmonium,harmonium_001072.wav,780.wav,3.0,KEEP_SHORT_EVENT
harmonium,harmonium_001073.wav,781.wav,3.0,KEEP_SHORT_EVENT
harmonium,harmonium_001074.wav,782.wav,3.0,KEEP_SHORT_EVENT
harmonium,harmonium_001075.wav,783.wav,3.0,KEEP_SHORT_EVENT
harmonium,harmonium_001076.wav,784.wav,3.0,KEEP_SHORT_EVENT
harmonium,harmonium_001077.wav,785.wav,3.0,KEEP_SHORT_EVENT
harmonium,harmonium_001078.wav,786.wav,3.0,KEEP_SHORT_EVENT
harmonium,harmonium_001079.wav,787.wav,3.0,KEEP_SHORT_EVENT
harmonium,harmonium_001080.wav,788.wav,3.0,KEEP_SHORT_EVENT
harmonium,harmonium_001081.wav,789.wav,3.0,KEEP_SHORT_EVENT
harmonium,harmonium_001082.wav,79.wav,3.0,KEEP_SHORT_EVENT
harmonium,harmonium_001083.wav,790.wav,3.0,KEEP_SHORT_EVENT
harmonium,harmonium_001084.wav,791.wav,3.0,KEEP_SHORT_EVENT
harmonium,harmonium_001085.wav,792.wav,3.0,KEEP_SHORT_EVENT
harmonium,harmonium_001086.wav,793.wav,3.0,KEEP_SHORT_EVENT
harmonium,harmonium_001087.wav,794.wav,3.0,KEEP_SHORT_EVENT
harmonium,harmonium_001088.wav,795.wav,3.0,KEEP_SHORT_EVENT
harmonium,harmonium_001089.wav,796.wav,3.0,KEEP_SHORT_EVENT
harmonium,harmonium_001090.wav,797.wav,3.0,KEEP_SHORT_EVENT
harmonium,harmonium_001091.wav,798.wav,3.0,KEEP_SHORT_EVENT
harmonium,harmonium_001092.wav,799.wav,3.0,KEEP_SHORT_EVENT
harmonium,harmonium_001093.wav,8.wav,3.0,KEEP_SHORT_EVENT
harmonium,harmonium_001094.wav,80.wav,3.0,KEEP_SHORT_EVENT
harmonium,harmonium_001095.wav,800.wav,3.0,KEEP_SHORT_EVENT
harmonium,harmonium_001096.wav,801.wav,3.0,KEEP_SHORT_EVENT
harmonium,harmonium_001097.wav,802.wav,3.0,KEEP_SHORT_EVENT
harmonium,harmonium_001098.wav,803.wav,3.0,KEEP_SHORT_EVENT
harmonium,harmonium_001099.wav,804.wav,3.0,KEEP_SHORT_EVENT
harmonium,harmonium_001100.wav,805.wav,3.0,KEEP_SHORT_EVENT
harmonium,harmonium_001101.wav,806.wav,3.0,KEEP_SHORT_EVENT
harmonium,harmonium_001102.wav,807.wav,3.0,KEEP_SHORT_EVENT
harmonium,harmonium_001103.wav,808.wav,3.0,KEEP_SHORT_EVENT
harmonium,harmonium_001104.wav,809.wav,3.0,KEEP_SHORT_EVENT
harmonium,harmonium_001105.wav,81.wav,3.0,KEEP_SHORT_EVENT
harmonium,harmonium_001106.wav,810.wav,3.0,KEEP_SHORT_EVENT
harmonium,harmonium_001107.wav,811.wav,3.0,KEEP_SHORT_EVENT
harmonium,harmonium_001108.wav,812.wav,3.0,KEEP_SHORT_EVENT
harmonium,harmonium_001109.wav,813.wav,3.0,KEEP_SHORT_EVENT
harmonium,harmonium_001110.wav,814.wav,3.0,KEEP_SHORT_EVENT
harmonium,harmonium_001111.wav,815.wav,3.0,KEEP_SHORT_EVENT
harmonium,harmonium_001112.wav,816.wav,3.0,KEEP_SHORT_EVENT
harmonium,harmonium_001113.wav,817.wav,3.0,KEEP_SHORT_EVENT
harmonium,harmonium_001114.wav,818.wav,3.0,KEEP_SHORT_EVENT
harmonium,harmonium_001115.wav,819.wav,3.0,KEEP_SHORT_EVENT
harmonium,harmonium_001116.wav,82.wav,3.0,KEEP_SHORT_EVENT
harmonium,harmonium_001117.wav,820.wav,3.0,KEEP_SHORT_EVENT
harmonium,harmonium_001118.wav,821.wav,3.0,KEEP_SHORT_EVENT
harmonium,harmonium_001119.wav,822.wav,3.0,KEEP_SHORT_EVENT
harmonium,harmonium_001120.wav,823.wav,3.0,KEEP_SHORT_EVENT
harmonium,harmonium_001121.wav,824.wav,3.0,KEEP_SHORT_EVENT
harmonium,harmonium_001122.wav,825.wav,3.0,KEEP_SHORT_EVENT
harmonium,harmonium_001123.wav,826.wav,3.0,KEEP_SHORT_EVENT
harmonium,harmonium_001124.wav,827.wav,3.0,KEEP_SHORT_EVENT
harmonium,harmonium_001125.wav,828.wav,3.0,KEEP_SHORT_EVENT
harmonium,harmonium_001126.wav,829.wav,3.0,KEEP_SHORT_EVENT
harmonium,harmonium_001127.wav,83.wav,3.0,KEEP_SHORT_EVENT
harmonium,harmonium_001128.wav,830.wav,3.0,KEEP_SHORT_EVENT
harmonium,harmonium_001129.wav,831.wav,3.0,KEEP_SHORT_EVENT
harmonium,harmonium_001130.wav,832.wav,3.0,KEEP_SHORT_EVENT
harmonium,harmonium_001131.wav,833.wav,3.0,KEEP_SHORT_EVENT
harmonium,harmonium_001132.wav,834.wav,3.0,KEEP_SHORT_EVENT
harmonium,harmonium_001133.wav,835.wav,3.0,KEEP_SHORT_EVENT
harmonium,harmonium_001134.wav,836.wav,3.0,KEEP_SHORT_EVENT
harmonium,harmonium_001135.wav,837.wav,3.0,KEEP_SHORT_EVENT
harmonium,harmonium_001136.wav,838.wav,3.0,KEEP_SHORT_EVENT
harmonium,harmonium_001137.wav,839.wav,3.0,KEEP_SHORT_EVENT
harmonium,harmonium_001138.wav,84.wav,3.0,KEEP_SHORT_EVENT
harmonium,harmonium_001139.wav,840.wav,3.0,KEEP_SHORT_EVENT
harmonium,harmonium_001140.wav,841.wav,3.0,KEEP_SHORT_EVENT
harmonium,harmonium_001141.wav,842.wav,3.0,KEEP_SHORT_EVENT
harmonium,harmonium_001142.wav,843.wav,3.0,KEEP_SHORT_EVENT
harmonium,harmonium_001143.wav,844.wav,3.0,KEEP_SHORT_EVENT
harmonium,harmonium_001144.wav,845.wav,3.0,KEEP_SHORT_EVENT
harmonium,harmonium_001145.wav,846.wav,3.0,KEEP_SHORT_EVENT
harmonium,harmonium_001146.wav,847.wav,3.0,KEEP_SHORT_EVENT
harmonium,harmonium_001147.wav,848.wav,3.0,KEEP_SHORT_EVENT
harmonium,harmonium_001148.wav,849.wav,3.0,KEEP_SHORT_EVENT
harmonium,harmonium_001149.wav,85.wav,3.0,KEEP_SHORT_EVENT
harmonium,harmonium_001150.wav,850.wav,3.0,KEEP_SHORT_EVENT
harmonium,harmonium_001151.wav,851.wav,3.0,KEEP_SHORT_EVENT
harmonium,harmonium_001152.wav,852.wav,3.0,KEEP_SHORT_EVENT
harmonium,harmonium_001153.wav,853.wav,3.0,KEEP_SHORT_EVENT
harmonium,harmonium_001154.wav,854.wav,3.0,KEEP_SHORT_EVENT
harmonium,harmonium_001155.wav,855.wav,3.0,KEEP_SHORT_EVENT
harmonium,harmonium_001156.wav,856.wav,3.0,KEEP_SHORT_EVENT
harmonium,harmonium_001157.wav,857.wav,3.0,KEEP_SHORT_EVENT
harmonium,harmonium_001158.wav,858.wav,3.0,KEEP_SHORT_EVENT
harmonium,harmonium_001159.wav,859.wav,3.0,KEEP_SHORT_EVENT
harmonium,harmonium_001160.wav,86.wav,3.0,KEEP_SHORT_EVENT
harmonium,harmonium_001161.wav,860.wav,3.0,KEEP_SHORT_EVENT
harmonium,harmonium_001162.wav,861.wav,3.0,KEEP_SHORT_EVENT
harmonium,harmonium_001163.wav,862.wav,3.0,KEEP_SHORT_EVENT
harmonium,harmonium_001164.wav,863.wav,3.0,KEEP_SHORT_EVENT
harmonium,harmonium_001165.wav,864.wav,3.0,KEEP_SHORT_EVENT
harmonium,harmonium_001166.wav,865.wav,3.0,KEEP_SHORT_EVENT
harmonium,harmonium_001167.wav,866.wav,3.0,KEEP_SHORT_EVENT
harmonium,harmonium_001168.wav,867.wav,3.0,KEEP_SHORT_EVENT
harmonium,harmonium_001169.wav,868.wav,3.0,KEEP_SHORT_EVENT
harmonium,harmonium_001170.wav,869.wav,3.0,KEEP_SHORT_EVENT
harmonium,harmonium_001171.wav,87.wav,3.0,KEEP_SHORT_EVENT
harmonium,harmonium_001172.wav,870.wav,3.0,KEEP_SHORT_EVENT
harmonium,harmonium_001173.wav,871.wav,3.0,KEEP_SHORT_EVENT
harmonium,harmonium_001174.wav,872.wav,3.0,KEEP_SHORT_EVENT
harmonium,harmonium_001175.wav,873.wav,3.0,KEEP_SHORT_EVENT
harmonium,harmonium_001176.wav,874.wav,3.0,KEEP_SHORT_EVENT
harmonium,harmonium_001177.wav,875.wav,3.0,KEEP_SHORT_EVENT
harmonium,harmonium_001178.wav,876.wav,3.0,KEEP_SHORT_EVENT
harmonium,harmonium_001179.wav,877.wav,3.0,KEEP_SHORT_EVENT
harmonium,harmonium_001180.wav,878.wav,3.0,KEEP_SHORT_EVENT
harmonium,harmonium_001181.wav,879.wav,3.0,KEEP_SHORT_EVENT
harmonium,harmonium_001182.wav,88.wav,3.0,KEEP_SHORT_EVENT
harmonium,harmonium_001183.wav,880.wav,3.0,KEEP_SHORT_EVENT
harmonium,harmonium_001184.wav,881.wav,3.0,KEEP_SHORT_EVENT
harmonium,harmonium_001185.wav,882.wav,3.0,KEEP_SHORT_EVENT
harmonium,harmonium_001186.wav,883.wav,3.0,KEEP_SHORT_EVENT
harmonium,harmonium_001187.wav,884.wav,3.0,KEEP_SHORT_EVENT
harmonium,harmonium_001188.wav,885.wav,3.0,KEEP_SHORT_EVENT
harmonium,harmonium_001189.wav,886.wav,3.0,KEEP_SHORT_EVENT
harmonium,harmonium_001190.wav,887.wav,3.0,KEEP_SHORT_EVENT
harmonium,harmonium_001191.wav,888.wav,3.0,KEEP_SHORT_EVENT
harmonium,harmonium_001192.wav,889.wav,3.0,KEEP_SHORT_EVENT
harmonium,harmonium_001193.wav,89.wav,3.0,KEEP_SHORT_EVENT
harmonium,harmonium_001194.wav,890.wav,3.0,KEEP_SHORT_EVENT
harmonium,harmonium_001195.wav,891.wav,3.0,KEEP_SHORT_EVENT
harmonium,harmonium_001196.wav,892.wav,3.0,KEEP_SHORT_EVENT
harmonium,harmonium_001197.wav,893.wav,3.0,KEEP_SHORT_EVENT
harmonium,harmonium_001198.wav,894.wav,3.0,KEEP_SHORT_EVENT
harmonium,harmonium_001199.wav,895.wav,3.0,KEEP_SHORT_EVENT
harmonium,harmonium_001200.wav,896.wav,3.0,KEEP_SHORT_EVENT
harmonium,harmonium_001201.wav,897.wav,3.0,KEEP_SHORT_EVENT
harmonium,harmonium_001202.wav,898.wav,3.0,KEEP_SHORT_EVENT
harmonium,harmonium_001203.wav,899.wav,3.0,KEEP_SHORT_EVENT
harmonium,harmonium_001204.wav,9.wav,3.0,KEEP_SHORT_EVENT
harmonium,harmonium_001205.wav,90.wav,3.0,KEEP_SHORT_EVENT
harmonium,harmonium_001206.wav,900.wav,3.0,KEEP_SHORT_EVENT
harmonium,harmonium_001207.wav,901.wav,3.0,KEEP_SHORT_EVENT
harmonium,harmonium_001208.wav,902.wav,3.0,KEEP_SHORT_EVENT
harmonium,harmonium_001209.wav,903.wav,3.0,KEEP_SHORT_EVENT
harmonium,harmonium_001210.wav,904.wav,3.0,KEEP_SHORT_EVENT
harmonium,harmonium_001211.wav,905.wav,3.0,KEEP_SHORT_EVENT
harmonium,harmonium_001212.wav,906.wav,3.0,KEEP_SHORT_EVENT
harmonium,harmonium_001213.wav,907.wav,3.0,KEEP_SHORT_EVENT
harmonium,harmonium_001214.wav,908.wav,3.0,KEEP_SHORT_EVENT
harmonium,harmonium_001215.wav,909.wav,3.0,KEEP_SHORT_EVENT
harmonium,harmonium_001216.wav,91.wav,3.0,KEEP_SHORT_EVENT
harmonium,harmonium_001217.wav,910.wav,3.0,KEEP_SHORT_EVENT
harmonium,harmonium_001218.wav,911.wav,3.0,KEEP_SHORT_EVENT
harmonium,harmonium_001219.wav,912.wav,3.0,KEEP_SHORT_EVENT
harmonium,harmonium_001220.wav,913.wav,3.0,KEEP_SHORT_EVENT
harmonium,harmonium_001221.wav,914.wav,3.0,KEEP_SHORT_EVENT
harmonium,harmonium_001222.wav,915.wav,3.0,KEEP_SHORT_EVENT
harmonium,harmonium_001223.wav,916.wav,3.0,KEEP_SHORT_EVENT
harmonium,harmonium_001224.wav,917.wav,3.0,KEEP_SHORT_EVENT
harmonium,harmonium_001225.wav,918.wav,3.0,KEEP_SHORT_EVENT
harmonium,harmonium_001226.wav,919.wav,3.0,KEEP_SHORT_EVENT
harmonium,harmonium_001227.wav,92.wav,3.0,KEEP_SHORT_EVENT
harmonium,harmonium_001228.wav,920.wav,3.0,KEEP_SHORT_EVENT
harmonium,harmonium_001229.wav,921.wav,3.0,KEEP_SHORT_EVENT
harmonium,harmonium_001230.wav,922.wav,3.0,KEEP_SHORT_EVENT
harmonium,harmonium_001231.wav,923.wav,3.0,KEEP_SHORT_EVENT
harmonium,harmonium_001232.wav,924.wav,3.0,KEEP_SHORT_EVENT
harmonium,harmonium_001233.wav,925.wav,3.0,KEEP_SHORT_EVENT
harmonium,harmonium_001234.wav,926.wav,3.0,KEEP_SHORT_EVENT
harmonium,harmonium_001235.wav,927.wav,3.0,KEEP_SHORT_EVENT
harmonium,harmonium_001236.wav,928.wav,3.0,KEEP_SHORT_EVENT
harmonium,harmonium_001237.wav,929.wav,3.0,KEEP_SHORT_EVENT
harmonium,harmonium_001238.wav,93.wav,3.0,KEEP_SHORT_EVENT
harmonium,harmonium_001239.wav,930.wav,3.0,KEEP_SHORT_EVENT
harmonium,harmonium_001240.wav,931.wav,3.0,KEEP_SHORT_EVENT
harmonium,harmonium_001241.wav,932.wav,3.0,KEEP_SHORT_EVENT
harmonium,harmonium_001242.wav,933.wav,3.0,KEEP_SHORT_EVENT
harmonium,harmonium_001243.wav,934.wav,3.0,KEEP_SHORT_EVENT
harmonium,harmonium_001244.wav,935.wav,3.0,KEEP_SHORT_EVENT
harmonium,harmonium_001245.wav,936.wav,3.0,KEEP_SHORT_EVENT
harmonium,harmonium_001246.wav,937.wav,3.0,KEEP_SHORT_EVENT
harmonium,harmonium_001247.wav,938.wav,3.0,KEEP_SHORT_EVENT
harmonium,harmonium_001248.wav,939.wav,3.0,KEEP_SHORT_EVENT
harmonium,harmonium_001249.wav,94.wav,3.0,KEEP_SHORT_EVENT
harmonium,harmonium_001250.wav,940.wav,3.0,KEEP_SHORT_EVENT
harmonium,harmonium_001251.wav,941.wav,3.0,KEEP_SHORT_EVENT
harmonium,harmonium_001252.wav,942.wav,3.0,KEEP_SHORT_EVENT
harmonium,harmonium_001253.wav,943.wav,3.0,KEEP_SHORT_EVENT
harmonium,harmonium_001254.wav,944.wav,3.0,KEEP_SHORT_EVENT
harmonium,harmonium_001255.wav,945.wav,3.0,KEEP_SHORT_EVENT
harmonium,harmonium_001256.wav,946.wav,3.0,KEEP_SHORT_EVENT
harmonium,harmonium_001257.wav,947.wav,3.0,KEEP_SHORT_EVENT
harmonium,harmonium_001258.wav,948.wav,3.0,KEEP_SHORT_EVENT
harmonium,harmonium_001259.wav,949.wav,3.0,KEEP_SHORT_EVENT
harmonium,harmonium_001260.wav,95.wav,3.0,KEEP_SHORT_EVENT
harmonium,harmonium_001261.wav,950.wav,3.0,KEEP_SHORT_EVENT
harmonium,harmonium_001262.wav,951.wav,3.0,KEEP_SHORT_EVENT
harmonium,harmonium_001263.wav,952.wav,3.0,KEEP_SHORT_EVENT
harmonium,harmonium_001264.wav,953.wav,3.0,KEEP_SHORT_EVENT
harmonium,harmonium_001265.wav,954.wav,3.0,KEEP_SHORT_EVENT
harmonium,harmonium_001266.wav,955.wav,3.0,KEEP_SHORT_EVENT
harmonium,harmonium_001267.wav,956.wav,3.0,KEEP_SHORT_EVENT
harmonium,harmonium_001268.wav,957.wav,3.0,KEEP_SHORT_EVENT
harmonium,harmonium_001269.wav,958.wav,3.0,KEEP_SHORT_EVENT
harmonium,harmonium_001270.wav,959.wav,3.0,KEEP_SHORT_EVENT
harmonium,harmonium_001271.wav,96.wav,3.0,KEEP_SHORT_EVENT
harmonium,harmonium_001272.wav,960.wav,3.0,KEEP_SHORT_EVENT
harmonium,harmonium_001273.wav,961.wav,3.0,KEEP_SHORT_EVENT
harmonium,harmonium_001274.wav,962.wav,3.0,KEEP_SHORT_EVENT
harmonium,harmonium_001275.wav,963.wav,3.0,KEEP_SHORT_EVENT
harmonium,harmonium_001276.wav,964.wav,3.0,KEEP_SHORT_EVENT
harmonium,harmonium_001277.wav,965.wav,3.0,KEEP_SHORT_EVENT
harmonium,harmonium_001278.wav,966.wav,3.0,KEEP_SHORT_EVENT
harmonium,harmonium_001279.wav,967.wav,3.0,KEEP_SHORT_EVENT
harmonium,harmonium_001280.wav,968.wav,3.0,KEEP_SHORT_EVENT
harmonium,harmonium_001281.wav,969.wav,3.0,KEEP_SHORT_EVENT
harmonium,harmonium_001282.wav,97.wav,3.0,KEEP_SHORT_EVENT
harmonium,harmonium_001283.wav,970.wav,3.0,KEEP_SHORT_EVENT
harmonium,harmonium_001284.wav,971.wav,3.0,KEEP_SHORT_EVENT
harmonium,harmonium_001285.wav,972.wav,3.0,KEEP_SHORT_EVENT
harmonium,harmonium_001286.wav,973.wav,3.0,KEEP_SHORT_EVENT
harmonium,harmonium_001287.wav,974.wav,3.0,KEEP_SHORT_EVENT
harmonium,harmonium_001288.wav,975.wav,3.0,KEEP_SHORT_EVENT
harmonium,harmonium_001289.wav,976.wav,3.0,KEEP_SHORT_EVENT
harmonium,harmonium_001290.wav,977.wav,3.0,KEEP_SHORT_EVENT
harmonium,harmonium_001291.wav,978.wav,3.0,KEEP_SHORT_EVENT
harmonium,harmonium_001292.wav,979.wav,3.0,KEEP_SHORT_EVENT
harmonium,harmonium_001293.wav,98.wav,3.0,KEEP_SHORT_EVENT
harmonium,harmonium_001294.wav,980.wav,3.0,KEEP_SHORT_EVENT
harmonium,harmonium_001295.wav,981.wav,3.0,KEEP_SHORT_EVENT
harmonium,harmonium_001296.wav,982.wav,3.0,KEEP_SHORT_EVENT
harmonium,harmonium_001297.wav,983.wav,3.0,KEEP_SHORT_EVENT
harmonium,harmonium_001298.wav,984.wav,3.0,KEEP_SHORT_EVENT
harmonium,harmonium_001299.wav,985.wav,3.0,KEEP_SHORT_EVENT
harmonium,harmonium_001300.wav,986.wav,3.0,KEEP_SHORT_EVENT
harmonium,harmonium_001301.wav,987.wav,3.0,KEEP_SHORT_EVENT
harmonium,harmonium_001302.wav,988.wav,3.0,KEEP_SHORT_EVENT
harmonium,harmonium_001303.wav,989.wav,3.0,KEEP_SHORT_EVENT
harmonium,harmonium_001304.wav,99.wav,3.0,KEEP_SHORT_EVENT
harmonium,harmonium_001305.wav,990.wav,3.0,KEEP_SHORT_EVENT
harmonium,harmonium_001306.wav,991.wav,3.0,KEEP_SHORT_EVENT
harmonium,harmonium_001307.wav,992.wav,3.0,KEEP_SHORT_EVENT
harmonium,harmonium_001308.wav,993.wav,3.0,KEEP_SHORT_EVENT
harmonium,harmonium_001309.wav,994.wav,3.0,KEEP_SHORT_EVENT
harmonium,harmonium_001310.wav,995.wav,3.0,KEEP_SHORT_EVENT
harmonium,harmonium_001311.wav,996.wav,3.0,KEEP_SHORT_EVENT
harmonium,harmonium_001312.wav,997.wav,3.0,KEEP_SHORT_EVENT
harmonium,harmonium_001313.wav,998.wav,3.0,KEEP_SHORT_EVENT
harmonium,harmonium_001314.wav,999.wav,3.0,KEEP_SHORT_EVENT
harmonium,harmonium_001315.wav,Harmonium Sample - 01.wav,126.50233560090705,KEEP_NORMAL
harmonium,harmonium_001316.wav,Harmonium Sample - 02.wav,8.870045351473923,KEEP_NORMAL
harmonium,harmonium_001317.wav,Harmonium Sample - 03.wav,26.90034013605442,KEEP_NORMAL
harmonium,harmonium_001318.wav,Harmonium Sample - 04.wav,72.1280045351474,KEEP_NORMAL
harmonium,harmonium_001319.wav,Harmonium Sample - 05.wav,90.15467120181404,KEEP_NORMAL
harmonium,harmonium_001320.wav,Harmonium Sample - 06.wav,88.21333333333334,KEEP_NORMAL
harmonium,harmonium_001321.wav,Harmonium Sample - 07.wav,315.2426530612245,KEEP_NORMAL
harmonium,harmonium_001322.wav,Harmonium Sample - 08.wav,44.586666666666666,KEEP_NORMAL
flute,flute_000001.wav,100_Dm_SadFlute_01_565.wav,9.6,KEEP_NORMAL
flute,flute_000002.wav,120_C_LongFlute_01_565.wav,8.0,KEEP_NORMAL
flute,flute_000003.wav,120_Em_BluesSlowRiffFlute_01_565.wav,8.0,KEEP_NORMAL
flute,flute_000004.wav,160_Bm_BluesElectricRiffFlute_01_565.wav,6.0,KEEP_NORMAL
flute,flute_000005.wav,160_Bm_BluesTrainFlute_01_565.wav,6.0,KEEP_NORMAL
flute,flute_000006.wav,160_C_FunkyCarSeatFlute_01_565.wav,6.0,KEEP_NORMAL
flute,flute_000007.wav,160_Dm_BluesyChorusFlute_01_565.wav,6.0,KEEP_NORMAL
flute,flute_000008.wav,160_Dm_ChorusFlute_02_565.wav,6.0,KEEP_NORMAL
flute,flute_000009.wav,160_Gm_ChorusRiffFlute_06_565.wav,6.0,KEEP_NORMAL
flute,flute_000010.wav,160_G_SustainedFlute_01_565.wav,6.0,KEEP_NORMAL
flute,flute_000011.wav,160_G_SustainedFlute_02_565.wav,6.0,KEEP_NORMAL
flute,flute_000012.wav,200_Dm_SsshFlute_02_565.wav,4.8,KEEP_SHORT_EVENT
flute,flute_000013.wav,200_Gm_LongFlute_01_565.wav,4.8,KEEP_SHORT_EVENT
flute,flute_000014.wav,80_Bm_DirtyFlute_01_565.wav,6.0,KEEP_NORMAL
flute,flute_000015.wav,80_Bm_DirtyFlute_02_565.wav,6.0,KEEP_NORMAL
flute,flute_000016.wav,80_Bm_DirtyFlute_03_565.wav,24.0,KEEP_NORMAL
flute,flute_000017.wav,80_Bm_DirtyPatterFlute_01_565.wav,6.0,KEEP_NORMAL
flute,flute_000018.wav,80_Bm_DirtyPatterFlute_02_565.wav,6.0,KEEP_NORMAL
flute,flute_000019.wav,80_Bm_DirtyPatterFlute_03_565.wav,6.0,KEEP_NORMAL
flute,flute_000020.wav,80_Bm_DirtyStabbyFlute_01_565.wav,6.0,KEEP_NORMAL
flute,flute_000021.wav,80_Bm_DirtyStabbyFlute_02_565.wav,6.0,KEEP_NORMAL
flute,flute_000022.wav,80_Bm_LongFlute_01_565.wav,6.0,KEEP_NORMAL
flute,flute_000023.wav,80_Bm_LongFlute_02_565.wav,6.0,KEEP_NORMAL
flute,flute_000024.wav,80_Bm_LongFlute_03_565.wav,6.0,KEEP_NORMAL
flute,flute_000025.wav,80_Bm_LongFlute_04_565.wav,6.0,KEEP_NORMAL
flute,flute_000026.wav,80_C_CarSeatFlute_01_565.wav,6.0,KEEP_NORMAL
flute,flute_000027.wav,80_C_CarSeatFlute_02_565.wav,6.0,KEEP_NORMAL
flute,flute_000028.wav,80_C_LongFlute_01_565.wav,6.0,KEEP_NORMAL
flute,flute_000029.wav,80_G_DecendingFlute_01_565.wav,12.0,KEEP_NORMAL
flute,flute_000030.wav,80_G_FunkyRiffFlute_01_565.wav,12.0,KEEP_NORMAL
flute,flute_000031.wav,allemande_fifth_fragment_preston.wav,21.110521541950117,KEEP_NORMAL
flute,flute_000032.wav,allemande_fifth_fragment_preston_resampled.wav,19.074149659863945,KEEP_NORMAL
flute,flute_000033.wav,allemande_fifth_fragment_rampal.wav,18.220702947845805,KEEP_NORMAL
flute,flute_000034.wav,allemande_first_fragment_larrieu.wav,23.098049886621315,KEEP_NORMAL
flute,flute_000035.wav,allemande_first_fragment_nicolet.wav,22.945124716553288,KEEP_NORMAL
flute,flute_000036.wav,allemande_fourth_fragment_gerard.wav,16.891972789115645,KEEP_NORMAL
flute,flute_000037.wav,allemande_fourth_fragment_larrieu.wav,18.567256235827664,KEEP_NORMAL
flute,flute_000038.wav,allemande_second_fragment_gerard.wav,19.31156462585034,KEEP_NORMAL
flute,flute_000039.wav,allemande_second_fragment_preston.wav,22.98496598639456,KEEP_NORMAL
flute,flute_000040.wav,allemande_second_fragment_preston_resampled.wav,20.767777777777777,KEEP_NORMAL
flute,flute_000041.wav,allemande_third_fragment_nicolet.wav,13.433877551020409,KEEP_NORMAL
flute,flute_000042.wav,allemande_third_fragment_rampal.wav,13.605442176870747,KEEP_NORMAL
flute,flute_000043.wav,density_fifth_fragment_beauregard.wav,35.752925170068025,KEEP_NORMAL
flute,flute_000044.wav,density_first_fragment_zoon.wav,53.852698412698416,KEEP_NORMAL
flute,flute_000045.wav,density_fourth_fragment_beauregard.wav,34.14038548752834,KEEP_NORMAL
flute,flute_000046.wav,density_second_fragment_zoon.wav,35.59619047619048,KEEP_NORMAL
flute,flute_000047.wav,density_sixth_fragment_beauregard.wav,48.476462585034014,KEEP_NORMAL
flute,flute_000048.wav,density_third_fragment_zoon.wav,34.04045351473923,KEEP_NORMAL
flute,flute_000049.wav,Gully-Loops-Abyss-Flute-Loop-BPM-150-Pt-2-E.wav,30.6,KEEP_NORMAL
flute,flute_000050.wav,Gully-Loops-Birds-Flute-Loop-BPM-110-.wav,8.727301587301588,KEEP_NORMAL
flute,flute_000051.wav,Gully-Loops-Butter-Flute-Loop-BPM-105-D.wav,9.142879818594103,KEEP_NORMAL
flute,flute_000052.wav,Gully-Loops-Butterfly-Flute-Loop-BPM-105-D.wav,12.285736961451247,KEEP_NORMAL
flute,flute_000053.wav,Gully-Loops-Close-Flute-Loop-BPM-107-E.wav,8.971995464852608,KEEP_NORMAL
flute,flute_000054.wav,Gully-Loops-Ember-Flute-Loop-BPM-B.wav,13.714308390022676,KEEP_NORMAL
flute,flute_000055.wav,Gully-Loops-Fly-Flute-Loop-BPM-100-A.wav,9.6,KEEP_NORMAL
flute,flute_000056.wav,Gully-Loops-Genesis-Flute-Loop-BPM-100-A.wav,28.8,KEEP_NORMAL
flute,flute_000057.wav,Gully-Loops-Healing-Flute-Loop-BPM-128-A.wav,30.0,KEEP_NORMAL
flute,flute_000058.wav,Gully-Loops-Horizon-Flute-Loop-BPM-100-A.wav,10.05,KEEP_NORMAL
flute,flute_000059.wav,Gully-Loops-Infinite-Love-Flute-Loop.wav,52.09204081632653,KEEP_NORMAL
flute,flute_000060.wav,Gully-Loops-Kalponik-Flute-Loop-C.wav,16.35,KEEP_NORMAL
flute,flute_000061.wav,Gully-Loops-Maya-Flute-Loop-BPM-128-Pt-2-C.wav,7.5,KEEP_NORMAL
flute,flute_000062.wav,Gully-Loops-Preety-Flute-Loop-BPM-105-A.wav,27.42859410430839,KEEP_NORMAL
flute,flute_000063.wav,Gully-Loops-Sudden-Flute-Loop-BPM-130-A.wav,7.384625850340136,KEEP_NORMAL
flute,flute_000064.wav,Gully-Loops-Unique-Flute-Loop-BPM-110-A.wav,8.727301587301588,KEEP_NORMAL
flute,flute_000065.wav,Gully-Loops-Velocity-Flute-Loop-BPM-102-F.wav,22.352970521541952,KEEP_NORMAL
flute,flute_000066.wav,sequenza_first_fragment_robison.wav,32.41541950113378,KEEP_NORMAL
flute,flute_000067.wav,sequenza_fourth_fragment_robison.wav,48.19591836734694,KEEP_NORMAL
flute,flute_000068.wav,sequenza_second_fragment_robison.wav,16.384580498866214,KEEP_NORMAL
flute,flute_000069.wav,sequenza_sixth_fragment_robison.wav,17.917596371882087,KEEP_NORMAL
flute,flute_000070.wav,syrinx_fifth_fragment_bourdin.wav,60.61353741496599,KEEP_NORMAL
flute,flute_000071.wav,syrinx_fifth_fragment_rhodes.wav,57.50693877551021,KEEP_NORMAL
flute,flute_000072.wav,syrinx_first_fragment_bernold.wav,29.942131519274376,KEEP_NORMAL
flute,flute_000073.wav,syrinx_first_fragment_douglas.wav,28.97959183673469,KEEP_NORMAL
flute,flute_000074.wav,syrinx_fourth_fragment_bernold.wav,23.28709750566893,KEEP_NORMAL
flute,flute_000075.wav,syrinx_fourth_fragment_dwyer.wav,29.42063492063492,KEEP_NORMAL
flute,flute_000076.wav,syrinx_second_fragment_bourdin.wav,29.899455782312923,KEEP_NORMAL
flute,flute_000077.wav,syrinx_second_fragment_dwyer.wav,27.90532879818594,KEEP_NORMAL
flute,flute_000078.wav,syrinx_third_fragment_douglas.wav,27.10893424036281,KEEP_NORMAL
flute,flute_000079.wav,syrinx_third_fragment_rhodes.wav,28.89190476190476,KEEP_NORMAL
flute,flute_000080.wav,allemande_fifth_fragment_preston.wav,21.477392290249437,KEEP_NORMAL
flute,flute_000081.wav,allemande_fifth_fragment_rampal.wav,17.836916099773244,KEEP_NORMAL
flute,flute_000082.wav,allemande_first_fragment_larrieu.wav,23.73814058956916,KEEP_NORMAL
flute,flute_000083.wav,allemande_first_fragment_nicolet.wav,23.524739229024945,KEEP_NORMAL
flute,flute_000084.wav,allemande_fourth_fragment_gerard.wav,17.873673469387754,KEEP_NORMAL
flute,flute_000085.wav,allemande_fourth_fragment_larrieu.wav,19.37002267573696,KEEP_NORMAL
flute,flute_000086.wav,allemande_second_fragment_gerard.wav,20.057006802721087,KEEP_NORMAL
flute,flute_000087.wav,allemande_second_fragment_preston.wav,23.3284126984127,KEEP_NORMAL
flute,flute_000088.wav,allemande_third_fragment_nicolet.wav,14.395578231292516,KEEP_NORMAL
flute,flute_000089.wav,allemande_third_fragment_rampal.wav,14.067324263038548,KEEP_NORMAL
flute,flute_000090.wav,density_fifth_fragment_beauregard.wav,36.0881179138322,KEEP_NORMAL
flute,flute_000091.wav,density_first_fragment_zoon.wav,52.814195011337866,KEEP_NORMAL
flute,flute_000092.wav,density_fourth_fragment_beauregard.wav,33.894013605442176,KEEP_NORMAL
flute,flute_000093.wav,density_second_fragment_zoon.wav,34.68984126984127,KEEP_NORMAL
flute,flute_000094.wav,density_sixth_fragment_beauregard.wav,47.77428571428572,KEEP_NORMAL
flute,flute_000095.wav,density_third_fragment_zoon.wav,34.25140589569161,KEEP_NORMAL
flute,flute_000096.wav,sequenza_first_fragment_robison.wav,32.57147392290249,KEEP_NORMAL
flute,flute_000097.wav,sequenza_fourth_fragment_robison.wav,48.58439909297052,KEEP_NORMAL
flute,flute_000098.wav,sequenza_second_fragment_robison.wav,16.02201814058957,KEEP_NORMAL
flute,flute_000099.wav,sequenza_sixth_fragment_robison.wav,17.678049886621316,KEEP_NORMAL
flute,flute_000100.wav,syrinx_fifth_fragment_bourdin.wav,57.63759637188208,KEEP_NORMAL
flute,flute_000101.wav,syrinx_fifth_fragment_rhodes.wav,53.41748299319728,KEEP_NORMAL
flute,flute_000102.wav,syrinx_first_fragment_bernold.wav,30.13231292517007,KEEP_NORMAL
flute,flute_000103.wav,syrinx_first_fragment_douglas.wav,29.14201814058957,KEEP_NORMAL
flute,flute_000104.wav,syrinx_fourth_fragment_bernold.wav,22.888208616780044,KEEP_NORMAL
flute,flute_000105.wav,syrinx_fourth_fragment_dwyer.wav,28.965986394557824,KEEP_NORMAL
flute,flute_000106.wav,syrinx_second_fragment_bourdin.wav,30.40580498866213,KEEP_NORMAL
flute,flute_000107.wav,syrinx_second_fragment_dwyer.wav,28.389092970521546,KEEP_NORMAL
flute,flute_000108.wav,syrinx_third_fragment_douglas.wav,27.558503401360543,KEEP_NORMAL
flute,flute_000109.wav,syrinx_third_fragment_rhodes.wav,28.88959183673469,KEEP_NORMAL
flute,flute_000110.wav,allemande_fifth_fragment_1-0.2.wav,15.25,KEEP_NORMAL
flute,flute_000111.wav,allemande_first_fragment_1-0.2.wav,20.2,KEEP_NORMAL
flute,flute_000112.wav,allemande_fourth_fragment_1-0.2.wav,15.4,KEEP_NORMAL
flute,flute_000113.wav,allemande_second_fragment_1-0.2.wav,17.65,KEEP_NORMAL
flute,flute_000114.wav,allemande_third_fragment_1-0.2.wav,13.0,KEEP_NORMAL
flute,flute_000115.wav,density_fifth_fragment_1-0.2.wav,32.24965986394558,KEEP_NORMAL
flute,flute_000116.wav,density_first_fragment_1-0.2.wav,46.41666666666666,KEEP_NORMAL
flute,flute_000117.wav,density_fourth_fragment_1-0.2.wav,34.83299319727891,KEEP_NORMAL
flute,flute_000118.wav,density_second_fragment_1-0.2.wav,29.055079365079365,KEEP_NORMAL
flute,flute_000119.wav,density_sixth_fragment_1-0.2.wav,45.5,KEEP_NORMAL
flute,flute_000120.wav,density_third_fragment_1-0.2.wav,34.72299319727891,KEEP_NORMAL
flute,flute_000121.wav,sequenza_first_fragment_1-0.2.wav,33.28884353741497,KEEP_NORMAL
flute,flute_000122.wav,sequenza_fourth_fragment_1-0.2.wav,45.4644671201814,KEEP_NORMAL
flute,flute_000123.wav,sequenza_second_fragment_1-0.2.wav,16.514285714285716,KEEP_NORMAL
flute,flute_000124.wav,sequenza_sixth_fragment_1-0.2.wav,19.42825396825397,KEEP_NORMAL
flute,flute_000125.wav,syrinx_fifth_fragment_1-0.2.wav,34.0,KEEP_NORMAL
flute,flute_000126.wav,syrinx_first_fragment_1-0.2.wav,19.0,KEEP_NORMAL
flute,flute_000127.wav,syrinx_fourth_fragment_1-0.2.wav,28.0,KEEP_NORMAL
flute,flute_000128.wav,syrinx_second_fragment_1-0.2.wav,13.056666666666668,KEEP_NORMAL
flute,flute_000129.wav,syrinx_third_fragment_1-0.2.wav,13.499659863945578,KEEP_NORMAL
dholak,dholak_000001.wav,Dholak Sample - 01.wav,6.896326530612245,KEEP_NORMAL
dholak,dholak_000002.wav,Dholak Sample - 02.wav,6.034285714285715,KEEP_NORMAL
dholak,dholak_000003.wav,Dholak Sample - 03.wav,6.034285714285715,KEEP_NORMAL
dholak,dholak_000004.wav,Dholak Sample - 04.wav,3.866122448979592,KEEP_SHORT_EVENT
dholak,dholak_000005.wav,Dholak Sample - 05.wav,6.034285714285715,KEEP_NORMAL
dholak,dholak_000006.wav,Dholak Sample - 06.wav,6.034285714285715,KEEP_NORMAL
dholak,dholak_000007.wav,Dholak Sample - 07.wav,9.038367346938776,KEEP_NORMAL
dholak,dholak_000008.wav,Dholak Sample - 08.wav,3.369795918367347,KEEP_SHORT_EVENT
dholak,dholak_000009.wav,Dholak Sample - 09.wav,6.034285714285715,KEEP_NORMAL
dholak,dholak_000010.wav,Dholak Sample - 10.wav,12.042448979591835,KEEP_NORMAL
dholak,dholak_000011.wav,Dholak Sample - 11.wav,2.4293877551020406,KEEP_SHORT_EVENT
dholak,dholak_000012.wav,Dholak Sample - 12.wav,6.034285714285715,KEEP_NORMAL
dholak,dholak_000013.wav,Dholak Sample - 13.wav,6.034285714285715,KEEP_NORMAL
dholak,dholak_000014.wav,Dholak Sample - 14.wav,4.83265306122449,KEEP_SHORT_EVENT
dholak,dholak_000015.wav,Dholak Sample - 15.wav,3.631020408163265,KEEP_SHORT_EVENT
dholak,dholak_000016.wav,Dholak Sample - 16.wav,4.83265306122449,KEEP_SHORT_EVENT
dholak,dholak_000017.wav,Dholak Sample - 17.wav,3.866122448979592,KEEP_SHORT_EVENT
dholak,dholak_000018.wav,Dholak Sample - 18.wav,6.034285714285715,KEEP_NORMAL
dholak,dholak_000019.wav,Dholak Sample - 19.wav,5.616326530612245,KEEP_NORMAL
dholak,dholak_000020.wav,Dholak Sample - 20.wav,4.048979591836734,KEEP_SHORT_EVENT
dholak,dholak_000021.wav,Dholak Sample - 21.wav,6.034285714285715,KEEP_NORMAL
dholak,dholak_000022.wav,Dholak Sample - 22.wav,3.9706122448979593,KEEP_SHORT_EVENT
dholak,dholak_000023.wav,Dholak Sample - 23.wav,13.740408163265306,KEEP_NORMAL
dholak,dholak_000024.wav,Dholak Sample - 24.wav,6.896326530612245,KEEP_NORMAL
dholak,dholak_000025.wav,Dholak Sample - 25.wav,3.84,KEEP_SHORT_EVENT
dholak,dholak_000026.wav,Dholak Sample - 26.wav,6.896326530612245,MANUAL_REVIEW
dholak,dholak_000027.wav,Dholak Sample - 27.wav,6.034285714285715,KEEP_NORMAL
dholak,dholak_000028.wav,Dholak Sample - 28.wav,6.034285714285715,KEEP_NORMAL
dholak,dholak_000029.wav,Dholak Sample - 29.wav,3.030204081632653,KEEP_SHORT_EVENT
dholak,dholak_000030.wav,Dholak Sample - 30.wav,12.042448979591835,KEEP_NORMAL
dholak,dholak_000031.wav,Dholak Sample - 31.wav,3.866122448979592,KEEP_SHORT_EVENT
dholak,dholak_000032.wav,Dholak Sample - 32.wav,5.093877551020408,KEEP_NORMAL
dholak,dholak_000033.wav,Dholak Sample - 33.wav,5.093877551020408,KEEP_NORMAL
dholak,dholak_000034.wav,Dholak Sample - 34.wav,9.038367346938776,KEEP_NORMAL
dholak,dholak_000035.wav,Dholak Sample - 35.wav,13.37469387755102,KEEP_NORMAL
dholak,dholak_000036.wav,Dholak Sample - 36.wav,6.034285714285715,KEEP_NORMAL
dholak,dholak_000037.wav,Dholak Sample - 37.wav,8.045714285714286,KEEP_NORMAL
dholak,dholak_000038.wav,Dholak Sample - 38.wav,6.034285714285715,KEEP_NORMAL
dholak,dholak_000039.wav,Dholak Sample - 39.wav,5.093877551020408,KEEP_NORMAL
dholak,dholak_000040.wav,Dholak Sample - 40.wav,6.034285714285715,KEEP_NORMAL
dholak,dholak_000041.wav,Dholak Sample - 41.wav,3.866122448979592,KEEP_SHORT_EVENT
dholak,dholak_000042.wav,Dholak Sample - 42.wav,5.799183673469388,KEEP_NORMAL
dholak,dholak_000043.wav,Dholak Sample - 43.wav,6.034285714285715,KEEP_NORMAL
dholak,dholak_000044.wav,Dholak Sample - 44.wav,4.048979591836734,KEEP_SHORT_EVENT
dholak,dholak_000045.wav,Dholak Sample - 45.wav,4.048979591836734,KEEP_SHORT_EVENT
dholak,dholak_000046.wav,Dholak Sample - 46.wav,3.030204081632653,KEEP_SHORT_EVENT
dholak,dholak_000047.wav,Dholak Sample - 47.wav,12.042448979591835,KEEP_NORMAL
dholak,dholak_000048.wav,Dholak Sample - 48.wav,6.034285714285715,KEEP_NORMAL
dholak,dholak_000049.wav,Dholak Sample - 49.wav,3.866122448979592,KEEP_SHORT_EVENT
dholak,dholak_000050.wav,Dholak Sample - 50.wav,12.042448979591835,KEEP_NORMAL
dholak,dholak_000051.wav,Dholak Sample - 51.wav,4.048979591836734,KEEP_SHORT_EVENT
dholak,dholak_000052.wav,Dholak Sample - 52.wav,2.5338775510204083,KEEP_SHORT_EVENT
dholak,dholak_000053.wav,Dholak Sample - 53.wav,4.048979591836734,KEEP_SHORT_EVENT
dholak,dholak_000054.wav,Dholak Sample - 54.wav,4.83265306122449,KEEP_SHORT_EVENT
dholak,dholak_000055.wav,Dholak Sample - 55.wav,3.866122448979592,KEEP_SHORT_EVENT
dhul,dhul_000001.wav,Assamese  Bihu Dhol (Copyright free).wav,229.3318820861678,KEEP_NORMAL
dhul,dhul_000002.wav,Assamese Bihu Dhol Recording Session.wav,15.034943310657596,KEEP_NORMAL
dhul,dhul_000003.wav,Bihu Rhythm Loop _ Indian Pattern.wav,721.9548526077098,KEEP_NORMAL
dhul,dhul_000004.wav,dhul badan__dholbadan__dhol badan__bihu 2025__bihu dhol__bihu dhul__Assamese bihu dhol__bihu.wav,12.64328798185941,KEEP_NORMAL
dhul,dhul_000005.wav,Gully-Loops-Bhoral-Dhul-Loop-BPM-160.wav,12.0,KEEP_NORMAL
dhul,dhul_000006.wav,Gully-Loops-Bordoisila-Dhul-Loop-BPM-120.wav,12.0,KEEP_NORMAL
dhul,dhul_000007.wav,Gully-Loops-Dhemaji-Dhul-Loop.wav,9.61875283446712,KEEP_NORMAL
dhul,dhul_000008.wav,Gully-Loops-Dhumuha-Dhul-Loop-BPM-100.wav,14.4,KEEP_NORMAL
dhul,dhul_000009.wav,Gully-Loops-Jhumor-Dhul-Loop-BPM-120.wav,18.0,KEEP_NORMAL
dhul,dhul_000010.wav,Gully-Loops-Kopou-Loop-BPM-140.wav,13.5,KEEP_NORMAL
dhul,dhul_000011.wav,Gully-Loops-Mahor-Dhul-Loop-BPM-120.wav,14.0,KEEP_NORMAL
dhul,dhul_000012.wav,Gully-Loops-Nahor-Dhul-Loop.wav,14.20312925170068,KEEP_NORMAL
dhul,dhul_000013.wav,Gully-Loops-Rohedoi-Dhul-Loop-BPM-100.wav,9.6,KEEP_NORMAL
