instrument,prepared_filename,original_filename,original_source_path,split,eligible_as_mixture_source,eligible_as_query_source,duration_seconds,curation_status,notes
vocals,vocals_000106.wav,saraga_0107_vocals.wav,Vocals\saraga_0107_vocals.wav,TRAIN,True,False,262.77761904761905,STANDARDIZED,
vocals,vocals_000109.wav,saraga_0110_vocals.wav,Vocals\saraga_0110_vocals.wav,TRAIN,True,False,804.9600453514739,STANDARDIZED,
vocals,vocals_000142.wav,saraga_0144_vocals.wav,Vocals\saraga_0144_vocals.wav,TRAIN,True,False,425.67648526077096,STANDARDIZED,
vocals,vocals_000056.wav,saraga_0056_vocals.wav,Vocals\saraga_0056_vocals.wav,TRAIN,True,False,493.2302947845805,STANDARDIZED,
vocals,vocals_000095.wav,saraga_0096_vocals.wav,Vocals\saraga_0096_vocals.wav,TRAIN,True,False,937.9821541950114,STANDARDIZED,
vocals,vocals_000030.wav,saraga_0030_vocals.wav,Vocals\saraga_0030_vocals.wav,TRAIN,True,False,357.53777777777776,STANDARDIZED,
vocals,vocals_000102.wav,saraga_0103_vocals.wav,Vocals\saraga_0103_vocals.wav,TRAIN,True,False,320.35192743764173,STANDARDIZED,
vocals,vocals_000052.wav,saraga_0052_vocals.wav,Vocals\saraga_0052_vocals.wav,TRAIN,True,False,1589.9048526077097,STANDARDIZED,
vocals,vocals_000101.wav,saraga_0102_vocals.wav,Vocals\saraga_0102_vocals.wav,TRAIN,True,False,214.8795918367347,STANDARDIZED,
vocals,vocals_000143.wav,saraga_0145_vocals.wav,Vocals\saraga_0145_vocals.wav,TRAIN,True,False,649.2687301587301,STANDARDIZED,
vocals,vocals_000020.wav,saraga_0020_vocals.wav,Vocals\saraga_0020_vocals.wav,TRAIN,True,False,590.8,STANDARDIZED,
vocals,vocals_000085.wav,saraga_0086_vocals.wav,Vocals\saraga_0086_vocals.wav,TRAIN,True,False,187.51478458049883,STANDARDIZED,
vocals,vocals_000016.wav,saraga_0016_vocals.wav,Vocals\saraga_0016_vocals.wav,TRAIN,True,False,309.34,STANDARDIZED,
vocals,vocals_000067.wav,saraga_0068_vocals.wav,Vocals\saraga_0068_vocals.wav,TRAIN,True,False,361.347074829932,STANDARDIZED,
vocals,vocals_000025.wav,saraga_0025_vocals.wav,Vocals\saraga_0025_vocals.wav,TRAIN,True,False,453.15632653061226,STANDARDIZED,
vocals,vocals_000031.wav,saraga_0031_vocals.wav,Vocals\saraga_0031_vocals.wav,TRAIN,True,False,799.4616780045352,STANDARDIZED,
vocals,vocals_000129.wav,saraga_0130_vocals.wav,Vocals\saraga_0130_vocals.wav,TRAIN,True,False,271.90256235827667,STANDARDIZED,
vocals,vocals_000148.wav,saraga_0150_vocals.wav,Vocals\saraga_0150_vocals.wav,TRAIN,True,False,195.23267573696145,STANDARDIZED,
vocals,vocals_000099.wav,saraga_0100_vocals.wav,Vocals\saraga_0100_vocals.wav,TRAIN,True,False,447.2359183673469,STANDARDIZED,
vocals,vocals_000017.wav,saraga_0017_vocals.wav,Vocals\saraga_0017_vocals.wav,TRAIN,True,False,1642.7,STANDARDIZED,
vocals,vocals_000076.wav,saraga_0077_vocals.wav,Vocals\saraga_0077_vocals.wav,TRAIN,True,False,2332.52358276644,STANDARDIZED,
vocals,vocals_000019.wav,saraga_0019_vocals.wav,Vocals\saraga_0019_vocals.wav,TRAIN,True,False,3608.5,STANDARDIZED,
vocals,vocals_000013.wav,saraga_0013_vocals.wav,Vocals\saraga_0013_vocals.wav,TRAIN,True,False,2735.0525623582766,STANDARDIZED,
vocals,vocals_000010.wav,saraga_0010_vocals.wav,Vocals\saraga_0010_vocals.wav,TRAIN,True,False,526.6886394557823,STANDARDIZED,
vocals,vocals_000032.wav,saraga_0032_vocals.wav,Vocals\saraga_0032_vocals.wav,TRAIN,True,False,271.2825170068027,STANDARDIZED,
vocals,vocals_000152.wav,saraga_0154_vocals.wav,Vocals\saraga_0154_vocals.wav,TRAIN,True,False,382.06111111111113,STANDARDIZED,
vocals,vocals_000098.wav,saraga_0099_vocals.wav,Vocals\saraga_0099_vocals.wav,TRAIN,True,False,511.0785487528345,STANDARDIZED,
vocals,vocals_000057.wav,saraga_0057_vocals.wav,Vocals\saraga_0057_vocals.wav,TRAIN,True,False,348.21453514739227,STANDARDIZED,
vocals,vocals_000132.wav,saraga_0133_vocals.wav,Vocals\saraga_0133_vocals.wav,TRAIN,True,False,732.6012244897959,STANDARDIZED,
vocals,vocals_000105.wav,saraga_0106_vocals.wav,Vocals\saraga_0106_vocals.wav,TRAIN,True,False,1203.1173242630389,STANDARDIZED,
vocals,vocals_000137.wav,saraga_0138_vocals.wav,Vocals\saraga_0138_vocals.wav,TRAIN,True,False,337.26337868480726,STANDARDIZED,
vocals,vocals_000079.wav,saraga_0080_vocals.wav,Vocals\saraga_0080_vocals.wav,TRAIN,True,False,343.33351473922903,STANDARDIZED,
vocals,vocals_000061.wav,saraga_0062_vocals.wav,Vocals\saraga_0062_vocals.wav,TRAIN,True,False,1494.4038775510203,STANDARDIZED,
vocals,vocals_000116.wav,saraga_0117_vocals.wav,Vocals\saraga_0117_vocals.wav,TRAIN,True,False,600.1184807256236,STANDARDIZED,
vocals,vocals_000003.wav,saraga_0003_vocals.wav,Vocals\saraga_0003_vocals.wav,TRAIN,True,False,548.6325850340136,STANDARDIZED,
vocals,vocals_000124.wav,saraga_0125_vocals.wav,Vocals\saraga_0125_vocals.wav,TRAIN,True,False,30.48496598639456,STANDARDIZED,
vocals,vocals_000046.wav,saraga_0046_vocals.wav,Vocals\saraga_0046_vocals.wav,TRAIN,True,False,291.0040816326531,STANDARDIZED,
vocals,vocals_000043.wav,saraga_0043_vocals.wav,Vocals\saraga_0043_vocals.wav,TRAIN,True,False,110.14551020408165,STANDARDIZED,
vocals,vocals_000070.wav,saraga_0071_vocals.wav,Vocals\saraga_0071_vocals.wav,TRAIN,True,False,301.5330612244898,STANDARDIZED,
vocals,vocals_000091.wav,saraga_0092_vocals.wav,Vocals\saraga_0092_vocals.wav,TRAIN,True,False,717.4289569160998,STANDARDIZED,
vocals,vocals_000027.wav,saraga_0027_vocals.wav,Vocals\saraga_0027_vocals.wav,TRAIN,True,False,385.2127210884354,STANDARDIZED,
vocals,vocals_000139.wav,saraga_0141_vocals.wav,Vocals\saraga_0141_vocals.wav,TRAIN,True,False,323.01739229024946,STANDARDIZED,
vocals,vocals_000083.wav,saraga_0084_vocals.wav,Vocals\saraga_0084_vocals.wav,TRAIN,True,False,1325.7156462585035,STANDARDIZED,
vocals,vocals_000097.wav,saraga_0098_vocals.wav,Vocals\saraga_0098_vocals.wav,TRAIN,True,False,1134.2208616780044,STANDARDIZED,
vocals,vocals_000147.wav,saraga_0149_vocals.wav,Vocals\saraga_0149_vocals.wav,TRAIN,True,False,85.27616780045352,STANDARDIZED,
vocals,vocals_000037.wav,saraga_0037_vocals.wav,Vocals\saraga_0037_vocals.wav,TRAIN,True,False,454.7759637188209,STANDARDIZED,
vocals,vocals_000082.wav,saraga_0083_vocals.wav,Vocals\saraga_0083_vocals.wav,TRAIN,True,False,441.8377551020408,STANDARDIZED,
vocals,vocals_000023.wav,saraga_0023_vocals.wav,Vocals\saraga_0023_vocals.wav,TRAIN,True,False,134.28031746031746,STANDARDIZED,
vocals,vocals_000144.wav,saraga_0146_vocals.wav,Vocals\saraga_0146_vocals.wav,TRAIN,True,False,57.601768707483,STANDARDIZED,
vocals,vocals_000068.wav,saraga_0069_vocals.wav,Vocals\saraga_0069_vocals.wav,TRAIN,True,False,422.001156462585,STANDARDIZED,
vocals,vocals_000115.wav,saraga_0116_vocals.wav,Vocals\saraga_0116_vocals.wav,TRAIN,True,False,1732.4631972789116,STANDARDIZED,
vocals,vocals_000012.wav,saraga_0012_vocals.wav,Vocals\saraga_0012_vocals.wav,TRAIN,True,False,85.24317460317461,STANDARDIZED,
vocals,vocals_000066.wav,saraga_0067_vocals.wav,Vocals\saraga_0067_vocals.wav,TRAIN,True,False,251.5299546485261,STANDARDIZED,
vocals,vocals_000086.wav,saraga_0087_vocals.wav,Vocals\saraga_0087_vocals.wav,TRAIN,True,False,302.5146031746032,STANDARDIZED,
vocals,vocals_000007.wav,saraga_0007_vocals.wav,Vocals\saraga_0007_vocals.wav,TRAIN,True,False,263.58190476190475,STANDARDIZED,
vocals,vocals_000028.wav,saraga_0028_vocals.wav,Vocals\saraga_0028_vocals.wav,TRAIN,True,False,376.5814058956916,STANDARDIZED,
vocals,vocals_000077.wav,saraga_0078_vocals.wav,Vocals\saraga_0078_vocals.wav,TRAIN,True,False,447.3849433106576,STANDARDIZED,
vocals,vocals_000140.wav,saraga_0142_vocals.wav,Vocals\saraga_0142_vocals.wav,TRAIN,True,False,826.6892517006803,STANDARDIZED,
vocals,vocals_000127.wav,saraga_0128_vocals.wav,Vocals\saraga_0128_vocals.wav,TRAIN,True,False,347.3209523809524,STANDARDIZED,
vocals,vocals_000042.wav,saraga_0042_vocals.wav,Vocals\saraga_0042_vocals.wav,TRAIN,True,False,773.3580272108843,STANDARDIZED,
vocals,vocals_000005.wav,saraga_0005_vocals.wav,Vocals\saraga_0005_vocals.wav,TRAIN,True,False,4314.56455782313,STANDARDIZED,
vocals,vocals_000136.wav,saraga_0137_vocals.wav,Vocals\saraga_0137_vocals.wav,TRAIN,True,False,426.8574149659864,STANDARDIZED,
vocals,vocals_000033.wav,saraga_0033_vocals.wav,Vocals\saraga_0033_vocals.wav,TRAIN,True,False,191.41444444444448,STANDARDIZED,
vocals,vocals_000128.wav,saraga_0129_vocals.wav,Vocals\saraga_0129_vocals.wav,TRAIN,True,False,266.6716553287982,STANDARDIZED,
vocals,vocals_000133.wav,saraga_0134_vocals.wav,Vocals\saraga_0134_vocals.wav,TRAIN,True,False,2062.2555555555555,STANDARDIZED,
vocals,vocals_000069.wav,saraga_0070_vocals.wav,Vocals\saraga_0070_vocals.wav,TRAIN,True,False,226.36666666666667,STANDARDIZED,
vocals,vocals_000011.wav,saraga_0011_vocals.wav,Vocals\saraga_0011_vocals.wav,TRAIN,True,False,326.9778004535148,STANDARDIZED,
vocals,vocals_000096.wav,saraga_0097_vocals.wav,Vocals\saraga_0097_vocals.wav,TRAIN,True,False,396.9187528344671,STANDARDIZED,
vocals,vocals_000110.wav,saraga_0111_vocals.wav,Vocals\saraga_0111_vocals.wav,TRAIN,True,False,821.8812698412698,STANDARDIZED,
vocals,vocals_000001.wav,saraga_0001_vocals.wav,Vocals\saraga_0001_vocals.wav,TRAIN,True,False,107.59931972789116,STANDARDIZED,
vocals,vocals_000120.wav,saraga_0121_vocals.wav,Vocals\saraga_0121_vocals.wav,TRAIN,True,False,307.2377551020408,STANDARDIZED,
vocals,vocals_000112.wav,saraga_0113_vocals.wav,Vocals\saraga_0113_vocals.wav,TRAIN,True,False,299.1020408163265,STANDARDIZED,
vocals,vocals_000065.wav,saraga_0066_vocals.wav,Vocals\saraga_0066_vocals.wav,TRAIN,True,False,4580.078843537415,STANDARDIZED,
vocals,vocals_000045.wav,saraga_0045_vocals.wav,Vocals\saraga_0045_vocals.wav,TRAIN,True,False,709.1956689342404,STANDARDIZED,
vocals,vocals_000087.wav,saraga_0088_vocals.wav,Vocals\saraga_0088_vocals.wav,TRAIN,True,False,123.07959183673468,STANDARDIZED,
vocals,vocals_000029.wav,saraga_0029_vocals.wav,Vocals\saraga_0029_vocals.wav,TRAIN,True,False,377.2955555555556,STANDARDIZED,
vocals,vocals_000041.wav,saraga_0041_vocals.wav,Vocals\saraga_0041_vocals.wav,TRAIN,True,False,356.7192517006803,STANDARDIZED,
vocals,vocals_000113.wav,saraga_0114_vocals.wav,Vocals\saraga_0114_vocals.wav,TRAIN,True,False,422.1757596371882,STANDARDIZED,
vocals,vocals_000026.wav,saraga_0026_vocals.wav,Vocals\saraga_0026_vocals.wav,TRAIN,True,False,2979.198888888889,STANDARDIZED,
vocals,vocals_000024.wav,saraga_0024_vocals.wav,Vocals\saraga_0024_vocals.wav,TRAIN,True,False,396.0452154195011,STANDARDIZED,
vocals,vocals_000118.wav,saraga_0119_vocals.wav,Vocals\saraga_0119_vocals.wav,TRAIN,True,False,210.3736507936508,STANDARDIZED,
vocals,vocals_000080.wav,saraga_0081_vocals.wav,Vocals\saraga_0081_vocals.wav,TRAIN,True,False,801.7316099773243,STANDARDIZED,
vocals,vocals_000040.wav,saraga_0040_vocals.wav,Vocals\saraga_0040_vocals.wav,TRAIN,True,False,2026.657641723356,STANDARDIZED,
vocals,vocals_000094.wav,saraga_0095_vocals.wav,Vocals\saraga_0095_vocals.wav,TRAIN,True,False,2014.58433106576,STANDARDIZED,
vocals,vocals_000157.wav,saraga_0159_vocals.wav,Vocals\saraga_0159_vocals.wav,TRAIN,True,False,241.5595464852608,STANDARDIZED,
vocals,vocals_000156.wav,saraga_0158_vocals.wav,Vocals\saraga_0158_vocals.wav,TRAIN,True,False,33.23809523809524,STANDARDIZED,
vocals,vocals_000135.wav,saraga_0136_vocals.wav,Vocals\saraga_0136_vocals.wav,TRAIN,True,False,224.36068027210885,STANDARDIZED,
vocals,vocals_000048.wav,saraga_0048_vocals.wav,Vocals\saraga_0048_vocals.wav,TRAIN,True,False,1441.1232653061224,STANDARDIZED,
vocals,vocals_000153.wav,saraga_0155_vocals.wav,Vocals\saraga_0155_vocals.wav,TRAIN,True,False,1803.572448979592,STANDARDIZED,
vocals,vocals_000062.wav,saraga_0063_vocals.wav,Vocals\saraga_0063_vocals.wav,TRAIN,True,False,393.5757596371882,STANDARDIZED,
vocals,vocals_000074.wav,saraga_0075_vocals.wav,Vocals\saraga_0075_vocals.wav,TRAIN,True,False,2276.101746031746,STANDARDIZED,
vocals,vocals_000034.wav,saraga_0034_vocals.wav,Vocals\saraga_0034_vocals.wav,TRAIN,True,False,285.1166213151928,STANDARDIZED,
vocals,vocals_000121.wav,saraga_0122_vocals.wav,Vocals\saraga_0122_vocals.wav,TRAIN,True,False,304.8163038548753,STANDARDIZED,
vocals,vocals_000119.wav,saraga_0120_vocals.wav,Vocals\saraga_0120_vocals.wav,TRAIN,True,False,321.1894557823129,STANDARDIZED,
vocals,vocals_000126.wav,saraga_0127_vocals.wav,Vocals\saraga_0127_vocals.wav,TRAIN,True,False,2092.770226757369,STANDARDIZED,
vocals,vocals_000063.wav,saraga_0064_vocals.wav,Vocals\saraga_0064_vocals.wav,TRAIN,True,False,300.8192970521542,STANDARDIZED,
vocals,vocals_000159.wav,saraga_0161_vocals.wav,Vocals\saraga_0161_vocals.wav,TRAIN,True,False,426.4089115646258,STANDARDIZED,
vocals,vocals_000149.wav,saraga_0151_vocals.wav,Vocals\saraga_0151_vocals.wav,TRAIN,True,False,340.8079365079365,STANDARDIZED,
vocals,vocals_000154.wav,saraga_0156_vocals.wav,Vocals\saraga_0156_vocals.wav,TRAIN,True,False,423.5160317460317,STANDARDIZED,
vocals,vocals_000054.wav,saraga_0054_vocals.wav,Vocals\saraga_0054_vocals.wav,TRAIN,True,False,248.86716553287985,STANDARDIZED,
vocals,vocals_000006.wav,saraga_0006_vocals.wav,Vocals\saraga_0006_vocals.wav,TRAIN,True,False,1608.4951020408164,STANDARDIZED,
vocals,vocals_000150.wav,saraga_0152_vocals.wav,Vocals\saraga_0152_vocals.wav,TRAIN,True,False,1364.2438548752834,STANDARDIZED,
vocals,vocals_000125.wav,saraga_0126_vocals.wav,Vocals\saraga_0126_vocals.wav,TRAIN,True,False,2596.85149659864,STANDARDIZED,
vocals,vocals_000050.wav,saraga_0050_vocals.wav,Vocals\saraga_0050_vocals.wav,TRAIN,True,False,299.0730158730159,STANDARDIZED,
vocals,vocals_000036.wav,saraga_0036_vocals.wav,Vocals\saraga_0036_vocals.wav,TRAIN,True,False,339.150566893424,STANDARDIZED,
vocals,vocals_000081.wav,saraga_0082_vocals.wav,Vocals\saraga_0082_vocals.wav,TRAIN,True,False,310.5972789115646,STANDARDIZED,
vocals,vocals_000078.wav,saraga_0079_vocals.wav,Vocals\saraga_0079_vocals.wav,TRAIN,True,False,266.9562585034014,STANDARDIZED,
vocals,vocals_000035.wav,saraga_0035_vocals.wav,Vocals\saraga_0035_vocals.wav,TRAIN,True,False,1614.8599319727891,STANDARDIZED,
vocals,vocals_000047.wav,saraga_0047_vocals.wav,Vocals\saraga_0047_vocals.wav,TRAIN,True,False,2541.817392290249,STANDARDIZED,
vocals,vocals_000008.wav,saraga_0008_vocals.wav,Vocals\saraga_0008_vocals.wav,TRAIN,True,False,376.5331292517007,STANDARDIZED,
vocals,vocals_000044.wav,saraga_0044_vocals.wav,Vocals\saraga_0044_vocals.wav,TRAIN,True,False,364.7390476190476,STANDARDIZED,
vocals,vocals_000071.wav,saraga_0072_vocals.wav,Vocals\saraga_0072_vocals.wav,TRAIN,True,False,1140.6973242630386,STANDARDIZED,
vocals,vocals_000123.wav,saraga_0124_vocals.wav,Vocals\saraga_0124_vocals.wav,VALIDATION,True,False,131.42743764172334,STANDARDIZED,
vocals,vocals_000111.wav,saraga_0112_vocals.wav,Vocals\saraga_0112_vocals.wav,VALIDATION,True,False,1400.2042630385488,STANDARDIZED,
vocals,vocals_000092.wav,saraga_0093_vocals.wav,Vocals\saraga_0093_vocals.wav,VALIDATION,True,False,1509.7886848072562,STANDARDIZED,
vocals,vocals_000084.wav,saraga_0085_vocals.wav,Vocals\saraga_0085_vocals.wav,VALIDATION,True,False,231.9984126984127,STANDARDIZED,
vocals,vocals_000145.wav,saraga_0147_vocals.wav,Vocals\saraga_0147_vocals.wav,VALIDATION,True,False,69.23809523809524,STANDARDIZED,
vocals,vocals_000146.wav,saraga_0148_vocals.wav,Vocals\saraga_0148_vocals.wav,VALIDATION,True,False,500.4437868480725,STANDARDIZED,
vocals,vocals_000090.wav,saraga_0091_vocals.wav,Vocals\saraga_0091_vocals.wav,VALIDATION,True,False,208.54891156462585,STANDARDIZED,
vocals,vocals_000009.wav,saraga_0009_vocals.wav,Vocals\saraga_0009_vocals.wav,VALIDATION,True,False,337.80031746031744,STANDARDIZED,
vocals,vocals_000114.wav,saraga_0115_vocals.wav,Vocals\saraga_0115_vocals.wav,VALIDATION,True,False,189.08020408163264,STANDARDIZED,
vocals,vocals_000014.wav,saraga_0014_vocals.wav,Vocals\saraga_0014_vocals.wav,VALIDATION,True,False,755.0050793650794,STANDARDIZED,
vocals,vocals_000060.wav,saraga_0061_vocals.wav,Vocals\saraga_0061_vocals.wav,VALIDATION,True,False,478.0599319727891,STANDARDIZED,
vocals,vocals_000138.wav,saraga_0139_vocals.wav,Vocals\saraga_0139_vocals.wav,VALIDATION,True,False,1744.2359410430838,STANDARDIZED,
vocals,vocals_000004.wav,saraga_0004_vocals.wav,Vocals\saraga_0004_vocals.wav,VALIDATION,True,False,1170.53462585034,STANDARDIZED,
vocals,vocals_000018.wav,saraga_0018_vocals.wav,Vocals\saraga_0018_vocals.wav,VALIDATION,True,False,487.9,STANDARDIZED,
vocals,vocals_000039.wav,saraga_0039_vocals.wav,Vocals\saraga_0039_vocals.wav,VALIDATION,True,False,3002.720770975057,STANDARDIZED,
vocals,vocals_000073.wav,saraga_0074_vocals.wav,Vocals\saraga_0074_vocals.wav,VALIDATION,True,False,341.5843990929705,STANDARDIZED,
vocals,vocals_000141.wav,saraga_0143_vocals.wav,Vocals\saraga_0143_vocals.wav,VALIDATION,True,False,762.1253514739229,STANDARDIZED,
vocals,vocals_000134.wav,saraga_0135_vocals.wav,Vocals\saraga_0135_vocals.wav,VALIDATION,True,False,1787.5548299319728,STANDARDIZED,
vocals,vocals_000064.wav,saraga_0065_vocals.wav,Vocals\saraga_0065_vocals.wav,VALIDATION,True,False,80.09643990929705,STANDARDIZED,
vocals,vocals_000055.wav,saraga_0055_vocals.wav,Vocals\saraga_0055_vocals.wav,VALIDATION,True,False,793.6454195011338,STANDARDIZED,
vocals,vocals_000108.wav,saraga_0109_vocals.wav,Vocals\saraga_0109_vocals.wav,VALIDATION,True,False,476.1838095238096,STANDARDIZED,
vocals,vocals_000051.wav,saraga_0051_vocals.wav,Vocals\saraga_0051_vocals.wav,VALIDATION,True,False,249.0354195011338,STANDARDIZED,
vocals,vocals_000158.wav,saraga_0160_vocals.wav,Vocals\saraga_0160_vocals.wav,VALIDATION,True,False,629.7207029478458,STANDARDIZED,
vocals,vocals_000059.wav,saraga_0060_vocals.wav,Vocals\saraga_0060_vocals.wav,VALIDATION,True,False,316.4416780045352,STANDARDIZED,
vocals,vocals_000049.wav,saraga_0049_vocals.wav,Vocals\saraga_0049_vocals.wav,TEST,True,False,252.7958276643991,STANDARDIZED,
vocals,vocals_000089.wav,saraga_0090_vocals.wav,Vocals\saraga_0090_vocals.wav,TEST,True,False,892.795306122449,STANDARDIZED,
vocals,vocals_000022.wav,saraga_0022_vocals.wav,Vocals\saraga_0022_vocals.wav,TEST,True,False,734.2,STANDARDIZED,
vocals,vocals_000058.wav,saraga_0059_vocals.wav,Vocals\saraga_0059_vocals.wav,TEST,True,False,78.8692970521542,STANDARDIZED,
vocals,vocals_000155.wav,saraga_0157_vocals.wav,Vocals\saraga_0157_vocals.wav,TEST,True,False,275.9784580498866,STANDARDIZED,
vocals,vocals_000130.wav,saraga_0131_vocals.wav,Vocals\saraga_0131_vocals.wav,TEST,True,False,222.7155782312925,STANDARDIZED,
vocals,vocals_000038.wav,saraga_0038_vocals.wav,Vocals\saraga_0038_vocals.wav,TEST,True,False,640.9402494331066,STANDARDIZED,
vocals,vocals_000151.wav,saraga_0153_vocals.wav,Vocals\saraga_0153_vocals.wav,TEST,True,False,2357.1863265306124,STANDARDIZED,
vocals,vocals_000002.wav,saraga_0002_vocals.wav,Vocals\saraga_0002_vocals.wav,TEST,True,False,202.42895691609976,STANDARDIZED,
vocals,vocals_000053.wav,saraga_0053_vocals.wav,Vocals\saraga_0053_vocals.wav,TEST,True,False,581.814716553288,STANDARDIZED,
vocals,vocals_000131.wav,saraga_0132_vocals.wav,Vocals\saraga_0132_vocals.wav,TEST,True,False,517.0948979591836,STANDARDIZED,
vocals,vocals_000104.wav,saraga_0105_vocals.wav,Vocals\saraga_0105_vocals.wav,TEST,True,False,893.4032199546485,STANDARDIZED,
vocals,vocals_000100.wav,saraga_0101_vocals.wav,Vocals\saraga_0101_vocals.wav,TEST,True,False,2689.1156009070296,STANDARDIZED,
vocals,vocals_000117.wav,saraga_0118_vocals.wav,Vocals\saraga_0118_vocals.wav,TEST,True,False,3161.143492063492,STANDARDIZED,
vocals,vocals_000088.wav,saraga_0089_vocals.wav,Vocals\saraga_0089_vocals.wav,TEST,True,False,471.83891156462585,STANDARDIZED,
vocals,vocals_000075.wav,saraga_0076_vocals.wav,Vocals\saraga_0076_vocals.wav,TEST,True,False,57.45065759637188,STANDARDIZED,
vocals,vocals_000122.wav,saraga_0123_vocals.wav,Vocals\saraga_0123_vocals.wav,TEST,True,False,287.12009070294783,STANDARDIZED,
vocals,vocals_000160.wav,saraga_0162_vocals.wav,Vocals\saraga_0162_vocals.wav,TEST,True,False,1161.2631065759638,STANDARDIZED,
vocals,vocals_000021.wav,saraga_0021_vocals.wav,Vocals\saraga_0021_vocals.wav,TEST,True,False,545.11,STANDARDIZED,
vocals,vocals_000072.wav,saraga_0073_vocals.wav,Vocals\saraga_0073_vocals.wav,TEST,True,False,391.08274376417233,STANDARDIZED,
vocals,vocals_000107.wav,saraga_0108_vocals.wav,Vocals\saraga_0108_vocals.wav,TEST,True,False,258.8575510204081,STANDARDIZED,
vocals,vocals_000015.wav,saraga_0015_vocals.wav,Vocals\saraga_0015_vocals.wav,TEST,True,False,281.9519954648526,STANDARDIZED,
vocals,vocals_000093.wav,saraga_0094_vocals.wav,Vocals\saraga_0094_vocals.wav,TEST,True,False,277.4701133786848,STANDARDIZED,
vocals,vocals_000103.wav,saraga_0104_vocals.wav,Vocals\saraga_0104_vocals.wav,TEST,True,False,315.6020181405896,STANDARDIZED,
tabla,tabla_000454.wav,KB_8.wav,Tabla\KB_8.wav,TRAIN,True,True,73.71176870748299,STANDARDIZED,
tabla,tabla_000793.wav,trital95.wav,Tabla\trital95.wav,TRAIN,True,True,4.596031746031746,STANDARDIZED,
tabla,tabla_000210.wav,dadra35.wav,Tabla\dadra35.wav,TRAIN,True,True,3.227777777777778,STANDARDIZED,
tabla,tabla_000310.wav,ektal03.wav,Tabla\ektal03.wav,TRAIN,True,True,9.911383219954647,STANDARDIZED,
tabla,tabla_000740.wav,trital41.wav,Tabla\trital41.wav,TRAIN,True,True,8.223242630385487,STANDARDIZED,
tabla,tabla_000579.wav,SK_comp_7.wav,Tabla\SK_comp_7.wav,TRAIN,True,True,23.620272108843537,STANDARDIZED,
tabla,tabla_000726.wav,trital27.wav,Tabla\trital27.wav,TRAIN,True,True,11.447437641723356,STANDARDIZED,
tabla,tabla_000546.wav,rupak35.wav,Tabla\rupak35.wav,TRAIN,True,True,3.6886621315192745,STANDARDIZED,
tabla,tabla_000437.wav,KB_16.wav,Tabla\KB_16.wav,TRAIN,True,True,4.819501133786848,STANDARDIZED,
tabla,tabla_000678.wav,T7_Jap_Tukuda_03.wav,Tabla\T7_Jap_Tukuda_03.wav,TRAIN,True,True,5.320204081632653,STANDARDIZED,
tabla,tabla_000601.wav,T4_02.wav,Tabla\T4_02.wav,TRAIN,True,True,10.14501133786848,STANDARDIZED,
tabla,tabla_000636.wav,T4_Tukuda_Ben_01.wav,Tabla\T4_Tukuda_Ben_01.wav,TRAIN,True,True,7.728253968253968,STANDARDIZED,
tabla,tabla_000139.wav,bhajani37.wav,Tabla\bhajani37.wav,TRAIN,True,True,3.431972789115646,STANDARDIZED,
tabla,tabla_000604.wav,T4_Dli_02.wav,Tabla\T4_Dli_02.wav,TRAIN,True,True,10.602630385487528,STANDARDIZED,
tabla,tabla_000720.wav,trital21.wav,Tabla\trital21.wav,TRAIN,True,True,11.867256235827664,STANDARDIZED,
tabla,tabla_000071.wav,addhatrital71.wav,Tabla\addhatrital71.wav,TRAIN,True,True,4.012539682539683,STANDARDIZED,
tabla,tabla_000554.wav,rupak43.wav,Tabla\rupak43.wav,TRAIN,True,True,2.9811111111111117,STANDARDIZED,
tabla,tabla_000469.wav,PP_comp31_t.wav,Tabla\PP_comp31_t.wav,TRAIN,True,True,25.0459410430839,STANDARDIZED,
tabla,tabla_000383.wav,jhaptal15.wav,Tabla\jhaptal15.wav,TRAIN,True,True,6.85031746031746,STANDARDIZED,
tabla,tabla_000209.wav,dadra34.wav,Tabla\dadra34.wav,TRAIN,True,True,3.1957142857142857,STANDARDIZED,
tabla,tabla_000571.wav,rupak60.wav,Tabla\rupak60.wav,TRAIN,True,True,2.292018140589569,STANDARDIZED,
tabla,tabla_000378.wav,jhaptal10.wav,Tabla\jhaptal10.wav,TRAIN,True,True,8.295215419501133,STANDARDIZED,
tabla,tabla_000271.wav,deepchandi24.wav,Tabla\deepchandi24.wav,TRAIN,True,True,9.332040816326533,STANDARDIZED,
tabla,tabla_000157.wav,bhajani55.wav,Tabla\bhajani55.wav,TRAIN,True,True,2.6504761904761907,STANDARDIZED,
tabla,tabla_000270.wav,deepchandi23.wav,Tabla\deepchandi23.wav,TRAIN,True,True,9.043809523809523,STANDARDIZED,
tabla,tabla_000060.wav,addhatrital60.wav,Tabla\addhatrital60.wav,TRAIN,True,True,5.001814058956916,STANDARDIZED,
tabla,tabla_000169.wav,bhajani67.wav,Tabla\bhajani67.wav,TRAIN,True,True,2.2038321995464853,STANDARDIZED,
tabla,tabla_000250.wav,deepchandi03.wav,Tabla\deepchandi03.wav,TRAIN,True,True,11.133968253968254,STANDARDIZED,
tabla,tabla_000171.wav,bhajani69.wav,Tabla\bhajani69.wav,TRAIN,True,True,2.16530612244898,STANDARDIZED,
tabla,tabla_000345.wav,ektal38.wav,Tabla\ektal38.wav,TRAIN,True,True,4.982834467120181,STANDARDIZED,
tabla,tabla_000596.wav,SM_kayda_2.wav,Tabla\SM_kayda_2.wav,TRAIN,True,True,182.55950113378685,STANDARDIZED,
tabla,tabla_000319.wav,ektal12.wav,Tabla\ektal12.wav,TRAIN,True,True,9.95281179138322,STANDARDIZED,
tabla,tabla_000626.wav,T4_Pur_01.wav,Tabla\T4_Pur_01.wav,TRAIN,True,True,6.779954648526077,STANDARDIZED,
tabla,tabla_000543.wav,rupak32.wav,Tabla\rupak32.wav,TRAIN,True,True,3.685600907029479,STANDARDIZED,
tabla,tabla_000623.wav,T4_Luc_05.wav,Tabla\T4_Luc_05.wav,TRAIN,True,True,10.818820861678004,STANDARDIZED,
tabla,tabla_000694.wav,T7_Tukuda_02.wav,Tabla\T7_Tukuda_02.wav,TRAIN,True,True,5.103083900226757,STANDARDIZED,
tabla,tabla_000159.wav,bhajani57.wav,Tabla\bhajani57.wav,TRAIN,True,True,2.6205895691609977,STANDARDIZED,
tabla,tabla_000199.wav,dadra24.wav,Tabla\dadra24.wav,TRAIN,True,True,4.21578231292517,STANDARDIZED,
tabla,tabla_000663.wav,T5_Luc_07.wav,Tabla\T5_Luc_07.wav,TRAIN,True,True,11.250884353741496,STANDARDIZED,
tabla,tabla_000598.wav,SM_uthan.wav,Tabla\SM_uthan.wav,TRAIN,True,True,55.75950113378685,STANDARDIZED,
tabla,tabla_000788.wav,trital90.wav,Tabla\trital90.wav,TRAIN,True,True,5.0836961451247165,STANDARDIZED,
tabla,tabla_000381.wav,jhaptal13.wav,Tabla\jhaptal13.wav,TRAIN,True,True,6.789863945578231,STANDARDIZED,
tabla,tabla_000274.wav,deepchandi27.wav,Tabla\deepchandi27.wav,TRAIN,True,True,7.222789115646258,STANDARDIZED,
tabla,tabla_000426.wav,jhaptal58.wav,Tabla\jhaptal58.wav,TRAIN,True,True,2.6800226757369616,STANDARDIZED,
tabla,tabla_000200.wav,dadra25.wav,Tabla\dadra25.wav,TRAIN,True,True,3.2284580498866213,STANDARDIZED,
tabla,tabla_000577.wav,SK_comp_5.wav,Tabla\SK_comp_5.wav,TRAIN,True,True,21.497437641723355,STANDARDIZED,
tabla,tabla_000267.wav,deepchandi20.wav,Tabla\deepchandi20.wav,TRAIN,True,True,9.157709750566893,STANDARDIZED,
tabla,tabla_000737.wav,trital38.wav,Tabla\trital38.wav,TRAIN,True,True,9.07809523809524,STANDARDIZED,
tabla,tabla_000077.wav,addhatrital77.wav,Tabla\addhatrital77.wav,TRAIN,True,True,4.012244897959183,STANDARDIZED,
tabla,tabla_000129.wav,bhajani27.wav,Tabla\bhajani27.wav,TRAIN,True,True,4.192018140589569,STANDARDIZED,
tabla,tabla_000635.wav,T4_Tukuda_05.wav,Tabla\T4_Tukuda_05.wav,TRAIN,True,True,5.293446712018141,STANDARDIZED,
tabla,tabla_000527.wav,rupak16.wav,Tabla\rupak16.wav,TRAIN,True,True,4.865306122448979,STANDARDIZED,
tabla,tabla_000782.wav,trital84.wav,Tabla\trital84.wav,TRAIN,True,True,5.659365079365079,STANDARDIZED,
tabla,tabla_000024.wav,addhatrital24.wav,Tabla\addhatrital24.wav,TRAIN,True,True,10.95748299319728,STANDARDIZED,
tabla,tabla_000031.wav,addhatrital31.wav,Tabla\addhatrital31.wav,TRAIN,True,True,10.902630385487528,STANDARDIZED,
tabla,tabla_000328.wav,ektal21.wav,Tabla\ektal21.wav,TRAIN,True,True,8.281201814058957,STANDARDIZED,
tabla,tabla_000011.wav,addhatrital11.wav,Tabla\addhatrital11.wav,TRAIN,True,True,13.0918820861678,STANDARDIZED,
tabla,tabla_000540.wav,rupak29.wav,Tabla\rupak29.wav,TRAIN,True,True,3.7170521541950112,STANDARDIZED,
tabla,tabla_000542.wav,rupak31.wav,Tabla\rupak31.wav,TRAIN,True,True,3.712086167800453,STANDARDIZED,
tabla,tabla_000741.wav,trital42.wav,Tabla\trital42.wav,TRAIN,True,True,8.267142857142858,STANDARDIZED,
tabla,tabla_000055.wav,addhatrital55.wav,Tabla\addhatrital55.wav,TRAIN,True,True,5.06718820861678,STANDARDIZED,
tabla,tabla_000770.wav,trital71.wav,Tabla\trital71.wav,TRAIN,True,True,5.035328798185941,STANDARDIZED,
tabla,tabla_000521.wav,rupak10.wav,Tabla\rupak10.wav,TRAIN,True,True,5.847301587301588,STANDARDIZED,
tabla,tabla_000515.wav,rupak04.wav,Tabla\rupak04.wav,TRAIN,True,True,5.875986394557823,STANDARDIZED,
tabla,tabla_000707.wav,trital09.wav,Tabla\trital09.wav,TRAIN,True,True,3.5490702947845807,STANDARDIZED,
tabla,tabla_000372.wav,jhaptal04.wav,Tabla\jhaptal04.wav,TRAIN,True,True,8.27485260770975,STANDARDIZED,
tabla,tabla_000508.wav,RMA_6.wav,Tabla\RMA_6.wav,TRAIN,True,True,16.977505668934242,STANDARDIZED,
tabla,tabla_000731.wav,trital32.wav,Tabla\trital32.wav,TRAIN,True,True,8.95451247165533,STANDARDIZED,
tabla,tabla_000261.wav,deepchandi14.wav,Tabla\deepchandi14.wav,TRAIN,True,True,8.842698412698413,STANDARDIZED,
tabla,tabla_000188.wav,dadra13.wav,Tabla\dadra13.wav,TRAIN,True,True,4.167981859410431,STANDARDIZED,
tabla,tabla_000097.wav,AS_comp112_t.wav,Tabla\AS_comp112_t.wav,TRAIN,True,True,24.525079365079364,STANDARDIZED,
tabla,tabla_000108.wav,bhajani06.wav,Tabla\bhajani06.wav,TRAIN,True,True,6.545124716553288,STANDARDIZED,
tabla,tabla_000651.wav,T5_Gat_01.wav,Tabla\T5_Gat_01.wav,TRAIN,True,True,5.658707482993197,STANDARDIZED,
tabla,tabla_000175.wav,binati_SRC.wav,Tabla\binati_SRC.wav,TRAIN,True,True,95.52839002267574,STANDARDIZED,
tabla,tabla_000522.wav,rupak11.wav,Tabla\rupak11.wav,TRAIN,True,True,5.829410430839002,STANDARDIZED,
tabla,tabla_000390.wav,jhaptal22.wav,Tabla\jhaptal22.wav,TRAIN,True,True,6.797936507936508,STANDARDIZED,
tabla,tabla_000040.wav,addhatrital40.wav,Tabla\addhatrital40.wav,TRAIN,True,True,8.267006802721088,STANDARDIZED,
tabla,tabla_000715.wav,trital16.wav,Tabla\trital16.wav,TRAIN,True,True,5.7103401360544215,STANDARDIZED,
tabla,tabla_000523.wav,rupak12.wav,Tabla\rupak12.wav,TRAIN,True,True,5.797460317460318,STANDARDIZED,
tabla,tabla_000492.wav,RMA_19.wav,Tabla\RMA_19.wav,TRAIN,True,True,18.5368253968254,STANDARDIZED,
tabla,tabla_000067.wav,addhatrital67.wav,Tabla\addhatrital67.wav,TRAIN,True,True,4.0718140589569165,STANDARDIZED,
tabla,tabla_000559.wav,rupak48.wav,Tabla\rupak48.wav,TRAIN,True,True,2.985170068027211,STANDARDIZED,
tabla,tabla_000068.wav,addhatrital68.wav,Tabla\addhatrital68.wav,TRAIN,True,True,4.071133786848073,STANDARDIZED,
tabla,tabla_000493.wav,RMA_2.wav,Tabla\RMA_2.wav,TRAIN,True,True,17.439138321995465,STANDARDIZED,
tabla,tabla_000353.wav,ektal46.wav,Tabla\ektal46.wav,TRAIN,True,True,4.918344671201814,STANDARDIZED,
tabla,tabla_000434.wav,KB_13.wav,Tabla\KB_13.wav,TRAIN,True,True,9.611383219954648,STANDARDIZED,
tabla,tabla_000650.wav,T5_Dli_05.wav,Tabla\T5_Dli_05.wav,TRAIN,True,True,10.991315192743764,STANDARDIZED,
tabla,tabla_000514.wav,rupak03.wav,Tabla\rupak03.wav,TRAIN,True,True,5.8500680272108845,STANDARDIZED,
tabla,tabla_000450.wav,KB_4.wav,Tabla\KB_4.wav,TRAIN,True,True,12.678820861678004,STANDARDIZED,
tabla,tabla_000486.wav,RMA_13.wav,Tabla\RMA_13.wav,TRAIN,True,True,19.26875283446712,STANDARDIZED,
tabla,tabla_000366.wav,ektal59.wav,Tabla\ektal59.wav,TRAIN,True,True,3.0800680272108845,STANDARDIZED,
tabla,tabla_000449.wav,KB_3.wav,Tabla\KB_3.wav,TRAIN,True,True,21.65201814058957,STANDARDIZED,
tabla,tabla_000461.wav,PP_comp16new_t.wav,Tabla\PP_comp16new_t.wav,TRAIN,True,True,31.861700680272108,STANDARDIZED,
tabla,tabla_000517.wav,rupak06.wav,Tabla\rupak06.wav,TRAIN,True,True,5.848866213151927,STANDARDIZED,
tabla,tabla_000797.wav,trital99.wav,Tabla\trital99.wav,TRAIN,True,True,4.587392290249433,STANDARDIZED,
tabla,tabla_000089.wav,AS_comp104_t.wav,Tabla\AS_comp104_t.wav,TRAIN,True,True,30.088503401360544,STANDARDIZED,
tabla,tabla_000064.wav,addhatrital64.wav,Tabla\addhatrital64.wav,TRAIN,True,True,5.035124716553288,STANDARDIZED,
tabla,tabla_000015.wav,addhatrital15.wav,Tabla\addhatrital15.wav,TRAIN,True,True,13.135396825396825,STANDARDIZED,
tabla,tabla_000621.wav,T4_Luc_03.wav,Tabla\T4_Luc_03.wav,TRAIN,True,True,10.88,STANDARDIZED,
tabla,tabla_000243.wav,dadra68.wav,Tabla\dadra68.wav,TRAIN,True,True,1.6327210884353742,STANDARDIZED,
tabla,tabla_000600.wav,swarmalika-desh_SRC.wav,Tabla\swarmalika-desh_SRC.wav,TRAIN,True,True,112.61519274376415,STANDARDIZED,
tabla,tabla_000433.wav,KB_12.wav,Tabla\KB_12.wav,TRAIN,True,True,9.61625850340136,STANDARDIZED,
tabla,tabla_000222.wav,dadra47.wav,Tabla\dadra47.wav,TRAIN,True,True,2.5629024943310657,STANDARDIZED,
tabla,tabla_000414.wav,jhaptal46.wav,Tabla\jhaptal46.wav,TRAIN,True,True,4.219614512471655,STANDARDIZED,
tabla,tabla_000526.wav,rupak15.wav,Tabla\rupak15.wav,TRAIN,True,True,4.828775510204082,STANDARDIZED,
tabla,tabla_000059.wav,addhatrital59.wav,Tabla\addhatrital59.wav,TRAIN,True,True,5.029705215419501,STANDARDIZED,
tabla,tabla_000780.wav,trital82.wav,Tabla\trital82.wav,TRAIN,True,True,5.995578231292517,STANDARDIZED,
tabla,tabla_000549.wav,rupak38.wav,Tabla\rupak38.wav,TRAIN,True,True,3.021224489795918,STANDARDIZED,
tabla,tabla_000686.wav,T7_Pur_03.wav,Tabla\T7_Pur_03.wav,TRAIN,True,True,6.724512471655329,STANDARDIZED,
tabla,tabla_000689.wav,T7_Rela_01.wav,Tabla\T7_Rela_01.wav,TRAIN,True,True,8.9156462585034,STANDARDIZED,
tabla,tabla_000088.wav,AS_comp103_t.wav,Tabla\AS_comp103_t.wav,TRAIN,True,True,24.25201814058957,STANDARDIZED,
tabla,tabla_000140.wav,bhajani38.wav,Tabla\bhajani38.wav,TRAIN,True,True,3.403582766439909,STANDARDIZED,
tabla,tabla_000087.wav,AS_comp102_t.wav,Tabla\AS_comp102_t.wav,TRAIN,True,True,23.2097052154195,STANDARDIZED,
tabla,tabla_000291.wav,deepchandi44.wav,Tabla\deepchandi44.wav,TRAIN,True,True,4.738866213151927,STANDARDIZED,
tabla,tabla_000307.wav,deepchandi60.wav,Tabla\deepchandi60.wav,TRAIN,True,True,3.021655328798186,STANDARDIZED,
tabla,tabla_000308.wav,ektal01.wav,Tabla\ektal01.wav,TRAIN,True,True,9.911383219954647,STANDARDIZED,
tabla,tabla_000534.wav,rupak23.wav,Tabla\rupak23.wav,TRAIN,True,True,4.853628117913832,STANDARDIZED,
tabla,tabla_000329.wav,ektal22.wav,Tabla\ektal22.wav,TRAIN,True,True,8.233197278911565,STANDARDIZED,
tabla,tabla_000723.wav,trital24.wav,Tabla\trital24.wav,TRAIN,True,True,11.61265306122449,STANDARDIZED,
tabla,tabla_000236.wav,dadra61.wav,Tabla\dadra61.wav,TRAIN,True,True,1.6268253968253967,STANDARDIZED,
tabla,tabla_000248.wav,deepchandi01.wav,Tabla\deepchandi01.wav,TRAIN,True,True,10.746734693877553,STANDARDIZED,
tabla,tabla_000260.wav,deepchandi13.wav,Tabla\deepchandi13.wav,TRAIN,True,True,8.884580498866214,STANDARDIZED,
tabla,tabla_000768.wav,trital69.wav,Tabla\trital69.wav,TRAIN,True,True,6.698684807256236,STANDARDIZED,
tabla,tabla_000296.wav,deepchandi49.wav,Tabla\deepchandi49.wav,TRAIN,True,True,3.0129251700680277,STANDARDIZED,
tabla,tabla_000557.wav,rupak46.wav,Tabla\rupak46.wav,TRAIN,True,True,3.01390022675737,STANDARDIZED,
tabla,tabla_000565.wav,rupak54.wav,Tabla\rupak54.wav,TRAIN,True,True,2.2929931972789115,STANDARDIZED,
tabla,tabla_000137.wav,bhajani35.wav,Tabla\bhajani35.wav,TRAIN,True,True,4.218730158730159,STANDARDIZED,
tabla,tabla_000293.wav,deepchandi46.wav,Tabla\deepchandi46.wav,TRAIN,True,True,4.743469387755102,STANDARDIZED,
tabla,tabla_000360.wav,ektal53.wav,Tabla\ektal53.wav,TRAIN,True,True,3.048027210884354,STANDARDIZED,
tabla,tabla_000048.wav,addhatrital48.wav,Tabla\addhatrital48.wav,TRAIN,True,True,6.662108843537415,STANDARDIZED,
tabla,tabla_000412.wav,jhaptal44.wav,Tabla\jhaptal44.wav,TRAIN,True,True,4.196916099773243,STANDARDIZED,
tabla,tabla_000107.wav,bhajani05.wav,Tabla\bhajani05.wav,TRAIN,True,True,6.5757596371882086,STANDARDIZED,
tabla,tabla_000529.wav,rupak18.wav,Tabla\rupak18.wav,TRAIN,True,True,4.890634920634921,STANDARDIZED,
tabla,tabla_000056.wav,addhatrital56.wav,Tabla\addhatrital56.wav,TRAIN,True,True,5.019160997732427,STANDARDIZED,
tabla,tabla_000121.wav,bhajani19.wav,Tabla\bhajani19.wav,TRAIN,True,True,5.544557823129252,STANDARDIZED,
tabla,tabla_000773.wav,trital74.wav,Tabla\trital74.wav,TRAIN,True,True,5.1140589569161,STANDARDIZED,
tabla,tabla_000026.wav,addhatrital26.wav,Tabla\addhatrital26.wav,TRAIN,True,True,10.916689342403629,STANDARDIZED,
tabla,tabla_000073.wav,addhatrital73.wav,Tabla\addhatrital73.wav,TRAIN,True,True,4.00936507936508,STANDARDIZED,
tabla,tabla_000045.wav,addhatrital45.wav,Tabla\addhatrital45.wav,TRAIN,True,True,6.643537414965986,STANDARDIZED,
tabla,tabla_000244.wav,dadra69.wav,Tabla\dadra69.wav,TRAIN,True,True,1.660702947845805,STANDARDIZED,
tabla,tabla_000589.wav,SK_teentaal_drut.wav,Tabla\SK_teentaal_drut.wav,TRAIN,True,True,11.863696145124717,STANDARDIZED,
tabla,tabla_000281.wav,deepchandi34.wav,Tabla\deepchandi34.wav,TRAIN,True,True,7.188820861678004,STANDARDIZED,
tabla,tabla_000295.wav,deepchandi48.wav,Tabla\deepchandi48.wav,TRAIN,True,True,4.737392290249433,STANDARDIZED,
tabla,tabla_000219.wav,dadra44.wav,Tabla\dadra44.wav,TRAIN,True,True,2.5677777777777777,STANDARDIZED,
tabla,tabla_000185.wav,dadra10.wav,Tabla\dadra10.wav,TRAIN,True,True,5.093764172335601,STANDARDIZED,
tabla,tabla_000241.wav,dadra66.wav,Tabla\dadra66.wav,TRAIN,True,True,1.6617687074829932,STANDARDIZED,
tabla,tabla_000352.wav,ektal45.wav,Tabla\ektal45.wav,TRAIN,True,True,5.0141496598639455,STANDARDIZED,
tabla,tabla_000643.wav,T4_Tukuda_Japh_04.wav,Tabla\T4_Tukuda_Japh_04.wav,TRAIN,True,True,5.793197278911564,STANDARDIZED,
tabla,tabla_000299.wav,deepchandi52.wav,Tabla\deepchandi52.wav,TRAIN,True,True,3.018730158730159,STANDARDIZED,
tabla,tabla_000765.wav,trital66.wav,Tabla\trital66.wav,TRAIN,True,True,6.659614512471656,STANDARDIZED,
tabla,tabla_000300.wav,deepchandi53.wav,Tabla\deepchandi53.wav,TRAIN,True,True,2.9889115646258504,STANDARDIZED,
tabla,tabla_000021.wav,addhatrital21.wav,Tabla\addhatrital21.wav,TRAIN,True,True,10.930657596371882,STANDARDIZED,
tabla,tabla_000313.wav,ektal06.wav,Tabla\ektal06.wav,TRAIN,True,True,9.92875283446712,STANDARDIZED,
tabla,tabla_000774.wav,trital76.wav,Tabla\trital76.wav,TRAIN,True,True,5.1210657596371885,STANDARDIZED,
tabla,tabla_000297.wav,deepchandi50.wav,Tabla\deepchandi50.wav,TRAIN,True,True,2.9508163265306124,STANDARDIZED,
tabla,tabla_000061.wav,addhatrital61.wav,Tabla\addhatrital61.wav,TRAIN,True,True,5.0094557823129255,STANDARDIZED,
tabla,tabla_000645.wav,T4_Vilambit_01.wav,Tabla\T4_Vilambit_01.wav,TRAIN,True,True,14.868571428571428,STANDARDIZED,
tabla,tabla_000595.wav,SM_kayda_1.wav,Tabla\SM_kayda_1.wav,TRAIN,True,True,170.27950113378685,STANDARDIZED,
tabla,tabla_000443.wav,KB_21.wav,Tabla\KB_21.wav,TRAIN,True,True,20.167891156462584,STANDARDIZED,
tabla,tabla_000399.wav,jhaptal31.wav,Tabla\jhaptal31.wav,TRAIN,True,True,5.2128798185941045,STANDARDIZED,
tabla,tabla_000739.wav,trital40.wav,Tabla\trital40.wav,TRAIN,True,True,8.322018140589568,STANDARDIZED,
tabla,tabla_000592.wav,SK_teentaal_vilambit.wav,Tabla\SK_teentaal_vilambit.wav,TRAIN,True,True,34.555510204081635,STANDARDIZED,
tabla,tabla_000535.wav,rupak24.wav,Tabla\rupak24.wav,TRAIN,True,True,4.864149659863946,STANDARDIZED,
tabla,tabla_000696.wav,T7_Tukuda_04.wav,Tabla\T7_Tukuda_04.wav,TRAIN,True,True,5.7535827664399095,STANDARDIZED,
tabla,tabla_000322.wav,ektal15.wav,Tabla\ektal15.wav,TRAIN,True,True,8.219092970521542,STANDARDIZED,
tabla,tabla_000388.wav,jhaptal20.wav,Tabla\jhaptal20.wav,TRAIN,True,True,6.888072562358277,STANDARDIZED,
tabla,tabla_000594.wav,SM_chakradhar.wav,Tabla\SM_chakradhar.wav,TRAIN,True,True,34.47950113378685,STANDARDIZED,
tabla,tabla_000320.wav,ektal13.wav,Tabla\ektal13.wav,TRAIN,True,True,8.30734693877551,STANDARDIZED,
tabla,tabla_000211.wav,dadra36.wav,Tabla\dadra36.wav,TRAIN,True,True,3.198707482993197,STANDARDIZED,
tabla,tabla_000111.wav,bhajani09.wav,Tabla\bhajani09.wav,TRAIN,True,True,6.602108843537415,STANDARDIZED,
tabla,tabla_000465.wav,PP_comp25_t.wav,Tabla\PP_comp25_t.wav,TRAIN,True,True,27.406326530612244,STANDARDIZED,
tabla,tabla_000485.wav,RMA_12.wav,Tabla\RMA_12.wav,TRAIN,True,True,17.644263038548754,STANDARDIZED,
tabla,tabla_000679.wav,T7_Jap_Tukuda_04.wav,Tabla\T7_Jap_Tukuda_04.wav,TRAIN,True,True,5.29,STANDARDIZED,
tabla,tabla_000428.wav,jhaptal60.wav,Tabla\jhaptal60.wav,TRAIN,True,True,2.6599092970521543,STANDARDIZED,
tabla,tabla_000688.wav,T7_Pur_05.wav,Tabla\T7_Pur_05.wav,TRAIN,True,True,6.850521541950114,STANDARDIZED,
tabla,tabla_000786.wav,trital88.wav,Tabla\trital88.wav,TRAIN,True,True,5.088185941043084,STANDARDIZED,
tabla,tabla_000402.wav,jhaptal34.wav,Tabla\jhaptal34.wav,TRAIN,True,True,5.187346938775511,STANDARDIZED,
tabla,tabla_000425.wav,jhaptal57.wav,Tabla\jhaptal57.wav,TRAIN,True,True,2.686984126984127,STANDARDIZED,
tabla,tabla_000691.wav,T7_TAA5_01.wav,Tabla\T7_TAA5_01.wav,TRAIN,True,True,39.46907029478458,STANDARDIZED,
tabla,tabla_000457.wav,man-legayo_DM.wav,Tabla\man-legayo_DM.wav,TRAIN,True,True,136.51857142857142,STANDARDIZED,
tabla,tabla_000214.wav,dadra39.wav,Tabla\dadra39.wav,TRAIN,True,True,2.6274829931972787,STANDARDIZED,
tabla,tabla_000138.wav,bhajani36.wav,Tabla\bhajani36.wav,TRAIN,True,True,4.224512471655329,STANDARDIZED,
tabla,tabla_000574.wav,SK_comp_2.wav,Tabla\SK_comp_2.wav,TRAIN,True,True,12.447573696145124,STANDARDIZED,
tabla,tabla_000364.wav,ektal57.wav,Tabla\ektal57.wav,TRAIN,True,True,3.078253968253968,STANDARDIZED,
tabla,tabla_000216.wav,dadra41.wav,Tabla\dadra41.wav,TRAIN,True,True,2.5960997732426305,STANDARDIZED,
tabla,tabla_000748.wav,trital49.wav,Tabla\trital49.wav,TRAIN,True,True,9.032562358276644,STANDARDIZED,
tabla,tabla_000282.wav,deepchandi35.wav,Tabla\deepchandi35.wav,TRAIN,True,True,7.207936507936508,STANDARDIZED,
tabla,tabla_000555.wav,rupak44.wav,Tabla\rupak44.wav,TRAIN,True,True,3.0211564625850342,STANDARDIZED,
tabla,tabla_000509.wav,RMA_7.wav,Tabla\RMA_7.wav,TRAIN,True,True,17.593015873015872,STANDARDIZED,
tabla,tabla_000462.wav,PP_comp17_t.wav,Tabla\PP_comp17_t.wav,TRAIN,True,True,16.153333333333332,STANDARDIZED,
tabla,tabla_000771.wav,trital72.wav,Tabla\trital72.wav,TRAIN,True,True,5.999614512471656,STANDARDIZED,
tabla,tabla_000407.wav,jhaptal39.wav,Tabla\jhaptal39.wav,TRAIN,True,True,4.253560090702948,STANDARDIZED,
tabla,tabla_000332.wav,ektal25.wav,Tabla\ektal25.wav,TRAIN,True,True,6.249863945578231,STANDARDIZED,
tabla,tabla_000238.wav,dadra63.wav,Tabla\dadra63.wav,TRAIN,True,True,1.606734693877551,STANDARDIZED,
tabla,tabla_000347.wav,ektal40.wav,Tabla\ektal40.wav,TRAIN,True,True,4.95358276643991,STANDARDIZED,
tabla,tabla_000079.wav,AHK_solo-tintal-1.wav,Tabla\AHK_solo-tintal-1.wav,TRAIN,True,True,66.53201814058957,STANDARDIZED,
tabla,tabla_000030.wav,addhatrital30.wav,Tabla\addhatrital30.wav,TRAIN,True,True,10.878095238095238,STANDARDIZED,
tabla,tabla_000278.wav,deepchandi31.wav,Tabla\deepchandi31.wav,TRAIN,True,True,7.065646258503401,STANDARDIZED,
tabla,tabla_000262.wav,deepchandi15.wav,Tabla\deepchandi15.wav,TRAIN,True,True,8.971609977324263,STANDARDIZED,
tabla,tabla_000424.wav,jhaptal56.wav,Tabla\jhaptal56.wav,TRAIN,True,True,2.6200226757369616,STANDARDIZED,
tabla,tabla_000744.wav,trital45.wav,Tabla\trital45.wav,TRAIN,True,True,8.267256235827665,STANDARDIZED,
tabla,tabla_000287.wav,deepchandi40.wav,Tabla\deepchandi40.wav,TRAIN,True,True,4.718684807256236,STANDARDIZED,
tabla,tabla_000166.wav,bhajani64.wav,Tabla\bhajani64.wav,TRAIN,True,True,2.1345804988662134,STANDARDIZED,
tabla,tabla_000561.wav,rupak50.wav,Tabla\rupak50.wav,TRAIN,True,True,2.292244897959184,STANDARDIZED,
tabla,tabla_000494.wav,RMA_20.wav,Tabla\RMA_20.wav,TRAIN,True,True,18.668390022675737,STANDARDIZED,
tabla,tabla_000459.wav,PP_comp11_t.wav,Tabla\PP_comp11_t.wav,TRAIN,True,True,13.433696145124715,STANDARDIZED,
tabla,tabla_000066.wav,addhatrital66.wav,Tabla\addhatrital66.wav,TRAIN,True,True,5.052290249433106,STANDARDIZED,
tabla,tabla_000142.wav,bhajani40.wav,Tabla\bhajani40.wav,TRAIN,True,True,3.40265306122449,STANDARDIZED,
tabla,tabla_000245.wav,dadra70.wav,Tabla\dadra70.wav,TRAIN,True,True,1.6017687074829932,STANDARDIZED,
tabla,tabla_000207.wav,dadra32.wav,Tabla\dadra32.wav,TRAIN,True,True,3.1966666666666668,STANDARDIZED,
tabla,tabla_000578.wav,SK_comp_6.wav,Tabla\SK_comp_6.wav,TRAIN,True,True,12.277755102040816,STANDARDIZED,
tabla,tabla_000311.wav,ektal04.wav,Tabla\ektal04.wav,TRAIN,True,True,9.911383219954647,STANDARDIZED,
tabla,tabla_000766.wav,trital67.wav,Tabla\trital67.wav,TRAIN,True,True,7.572494331065759,STANDARDIZED,
tabla,tabla_000590.wav,SK_teentaal_mahadrut.wav,Tabla\SK_teentaal_mahadrut.wav,TRAIN,True,True,9.683265306122449,STANDARDIZED,
tabla,tabla_000451.wav,KB_5.wav,Tabla\KB_5.wav,TRAIN,True,True,76.81975056689342,STANDARDIZED,
tabla,tabla_000257.wav,deepchandi10.wav,Tabla\deepchandi10.wav,TRAIN,True,True,10.73156462585034,STANDARDIZED,
tabla,tabla_000309.wav,ektal02.wav,Tabla\ektal02.wav,TRAIN,True,True,9.911383219954647,STANDARDIZED,
tabla,tabla_000382.wav,jhaptal14.wav,Tabla\jhaptal14.wav,TRAIN,True,True,6.849886621315193,STANDARDIZED,
tabla,tabla_000479.wav,PP_comp86_t.wav,Tabla\PP_comp86_t.wav,TRAIN,True,True,14.053333333333333,STANDARDIZED,
tabla,tabla_000050.wav,addhatrital50.wav,Tabla\addhatrital50.wav,TRAIN,True,True,6.631473922902495,STANDARDIZED,
tabla,tabla_000725.wav,trital26.wav,Tabla\trital26.wav,TRAIN,True,True,11.840430839002268,STANDARDIZED,
tabla,tabla_000255.wav,deepchandi08.wav,Tabla\deepchandi08.wav,TRAIN,True,True,10.752698412698413,STANDARDIZED,
tabla,tabla_000544.wav,rupak33.wav,Tabla\rupak33.wav,TRAIN,True,True,3.719092970521542,STANDARDIZED,
tabla,tabla_000750.wav,trital51.wav,Tabla\trital51.wav,TRAIN,True,True,7.532789115646258,STANDARDIZED,
tabla,tabla_000162.wav,bhajani60.wav,Tabla\bhajani60.wav,TRAIN,True,True,2.6214739229024944,STANDARDIZED,
tabla,tabla_000536.wav,rupak25.wav,Tabla\rupak25.wav,TRAIN,True,True,3.715941043083901,STANDARDIZED,
tabla,tabla_000344.wav,ektal37.wav,Tabla\ektal37.wav,TRAIN,True,True,5.043718820861678,STANDARDIZED,
tabla,tabla_000072.wav,addhatrital72.wav,Tabla\addhatrital72.wav,TRAIN,True,True,3.981360544217687,STANDARDIZED,
tabla,tabla_000480.wav,PP_comp9_t.wav,Tabla\PP_comp9_t.wav,TRAIN,True,True,17.477437641723355,STANDARDIZED,
tabla,tabla_000575.wav,SK_comp_3.wav,Tabla\SK_comp_3.wav,TRAIN,True,True,15.267006802721088,STANDARDIZED,
tabla,tabla_000034.wav,addhatrital34.wav,Tabla\addhatrital34.wav,TRAIN,True,True,8.198412698412698,STANDARDIZED,
tabla,tabla_000032.wav,addhatrital32.wav,Tabla\addhatrital32.wav,TRAIN,True,True,8.269365079365079,STANDARDIZED,
tabla,tabla_000232.wav,dadra57.wav,Tabla\dadra57.wav,TRAIN,True,True,1.9906802721088437,STANDARDIZED,
tabla,tabla_000746.wav,trital47.wav,Tabla\trital47.wav,TRAIN,True,True,8.171746031746032,STANDARDIZED,
tabla,tabla_000193.wav,dadra18.wav,Tabla\dadra18.wav,TRAIN,True,True,4.213424036281179,STANDARDIZED,
tabla,tabla_000333.wav,ektal26.wav,Tabla\ektal26.wav,TRAIN,True,True,6.222244897959183,STANDARDIZED,
tabla,tabla_000004.wav,addhatrital04.wav,Tabla\addhatrital04.wav,TRAIN,True,True,13.073492063492065,STANDARDIZED,
tabla,tabla_000205.wav,dadra30.wav,Tabla\dadra30.wav,TRAIN,True,True,3.2224489795918365,STANDARDIZED,
tabla,tabla_000324.wav,ektal17.wav,Tabla\ektal17.wav,TRAIN,True,True,8.213514739229025,STANDARDIZED,
tabla,tabla_000573.wav,SK_comp_1.wav,Tabla\SK_comp_1.wav,TRAIN,True,True,21.5897052154195,STANDARDIZED,
tabla,tabla_000306.wav,deepchandi59.wav,Tabla\deepchandi59.wav,TRAIN,True,True,3.021496598639456,STANDARDIZED,
tabla,tabla_000110.wav,bhajani08.wav,Tabla\bhajani08.wav,TRAIN,True,True,6.634399092970521,STANDARDIZED,
tabla,tabla_000483.wav,RMA_10.wav,Tabla\RMA_10.wav,TRAIN,True,True,17.199750566893425,STANDARDIZED,
tabla,tabla_000078.wav,addhatrital78.wav,Tabla\addhatrital78.wav,TRAIN,True,True,4.013356009070295,STANDARDIZED,
tabla,tabla_000085.wav,AHK_solo-tintal-7.wav,Tabla\AHK_solo-tintal-7.wav,TRAIN,True,True,37.17732426303855,STANDARDIZED,
tabla,tabla_000429.wav,kachu-na_DM.wav,Tabla\kachu-na_DM.wav,TRAIN,True,True,127.96625850340136,STANDARDIZED,
tabla,tabla_000083.wav,AHK_solo-tintal-5.wav,Tabla\AHK_solo-tintal-5.wav,TRAIN,True,True,59.93027210884354,STANDARDIZED,
tabla,tabla_000528.wav,rupak17.wav,Tabla\rupak17.wav,TRAIN,True,True,4.863945578231292,STANDARDIZED,
tabla,tabla_000552.wav,rupak41.wav,Tabla\rupak41.wav,TRAIN,True,True,3.00702947845805,STANDARDIZED,
tabla,tabla_000363.wav,ektal56.wav,Tabla\ektal56.wav,TRAIN,True,True,3.0189795918367346,STANDARDIZED,
tabla,tabla_000421.wav,jhaptal53.wav,Tabla\jhaptal53.wav,TRAIN,True,True,2.6259183673469386,STANDARDIZED,
tabla,tabla_000316.wav,ektal09.wav,Tabla\ektal09.wav,TRAIN,True,True,9.992312925170069,STANDARDIZED,
tabla,tabla_000519.wav,rupak08.wav,Tabla\rupak08.wav,TRAIN,True,True,5.8888208616780044,STANDARDIZED,
tabla,tabla_000463.wav,PP_comp19_t.wav,Tabla\PP_comp19_t.wav,TRAIN,True,True,28.12362811791383,STANDARDIZED,
tabla,tabla_000003.wav,addhatrital03.wav,Tabla\addhatrital03.wav,TRAIN,True,True,13.194943310657596,STANDARDIZED,
tabla,tabla_000102.wav,AS_comp117_t.wav,Tabla\AS_comp117_t.wav,TRAIN,True,True,15.546938775510204,STANDARDIZED,
tabla,tabla_000478.wav,PP_comp84_t.wav,Tabla\PP_comp84_t.wav,TRAIN,True,True,9.782063492063491,STANDARDIZED,
tabla,tabla_000276.wav,deepchandi29.wav,Tabla\deepchandi29.wav,TRAIN,True,True,7.186575963718821,STANDARDIZED,
tabla,tabla_000006.wav,addhatrital06.wav,Tabla\addhatrital06.wav,TRAIN,True,True,13.158480725623583,STANDARDIZED,
tabla,tabla_000772.wav,trital73.wav,Tabla\trital73.wav,TRAIN,True,True,5.937845804988662,STANDARDIZED,
tabla,tabla_000712.wav,trital13.wav,Tabla\trital13.wav,TRAIN,True,True,7.550657596371882,STANDARDIZED,
tabla,tabla_000098.wav,AS_comp113_t.wav,Tabla\AS_comp113_t.wav,TRAIN,True,True,12.355192743764173,STANDARDIZED,
tabla,tabla_000266.wav,deepchandi19.wav,Tabla\deepchandi19.wav,TRAIN,True,True,8.974149659863945,STANDARDIZED,
tabla,tabla_000356.wav,ektal49.wav,Tabla\ektal49.wav,TRAIN,True,True,3.077891156462585,STANDARDIZED,
tabla,tabla_000063.wav,addhatrital63.wav,Tabla\addhatrital63.wav,TRAIN,True,True,5.027233560090703,STANDARDIZED,
tabla,tabla_000466.wav,PP_comp26_t.wav,Tabla\PP_comp26_t.wav,TRAIN,True,True,17.58437641723356,STANDARDIZED,
tabla,tabla_000655.wav,T5_Gat_04.wav,Tabla\T5_Gat_04.wav,TRAIN,True,True,11.088253968253968,STANDARDIZED,
tabla,tabla_000431.wav,KB_10.wav,Tabla\KB_10.wav,TRAIN,True,True,127.93433106575964,STANDARDIZED,
tabla,tabla_000498.wav,RMA_24.wav,Tabla\RMA_24.wav,TRAIN,True,True,18.75063492063492,STANDARDIZED,
tabla,tabla_000704.wav,trital06.wav,Tabla\trital06.wav,TRAIN,True,True,5.152222222222222,STANDARDIZED,
tabla,tabla_000119.wav,bhajani17.wav,Tabla\bhajani17.wav,TRAIN,True,True,5.5377777777777775,STANDARDIZED,
tabla,tabla_000648.wav,T5_Dli_03.wav,Tabla\T5_Dli_03.wav,TRAIN,True,True,7.35344671201814,STANDARDIZED,
tabla,tabla_000251.wav,deepchandi04.wav,Tabla\deepchandi04.wav,TRAIN,True,True,10.75328798185941,STANDARDIZED,
tabla,tabla_000503.wav,RMA_29.wav,Tabla\RMA_29.wav,TRAIN,True,True,18.51145124716553,STANDARDIZED,
tabla,tabla_000010.wav,addhatrital10.wav,Tabla\addhatrital10.wav,TRAIN,True,True,13.121746031746031,STANDARDIZED,
tabla,tabla_000197.wav,dadra22.wav,Tabla\dadra22.wav,TRAIN,True,True,4.222698412698413,STANDARDIZED,
tabla,tabla_000603.wav,T4_Dli_01.wav,Tabla\T4_Dli_01.wav,TRAIN,True,True,5.364444444444445,STANDARDIZED,
tabla,tabla_000082.wav,AHK_solo-tintal-4.wav,Tabla\AHK_solo-tintal-4.wav,TRAIN,True,True,45.52326530612245,STANDARDIZED,
tabla,tabla_000644.wav,T4_Tukuda_Japh_05.wav,Tabla\T4_Tukuda_Japh_05.wav,TRAIN,True,True,6.561700680272109,STANDARDIZED,
tabla,tabla_000653.wav,T5_Gat_03.wav,Tabla\T5_Gat_03.wav,TRAIN,True,True,5.640952380952381,STANDARDIZED,
tabla,tabla_000619.wav,T4_Luc_01.wav,Tabla\T4_Luc_01.wav,TRAIN,True,True,5.296825396825397,STANDARDIZED,
tabla,tabla_000240.wav,dadra65.wav,Tabla\dadra65.wav,TRAIN,True,True,1.6277551020408163,STANDARDIZED,
tabla,tabla_000290.wav,deepchandi43.wav,Tabla\deepchandi43.wav,TRAIN,True,True,4.710498866213152,STANDARDIZED,
tabla,tabla_000212.wav,dadra37.wav,Tabla\dadra37.wav,TRAIN,True,True,2.5598866213151927,STANDARDIZED,
tabla,tabla_000716.wav,trital17.wav,Tabla\trital17.wav,TRAIN,True,True,4.418684807256236,STANDARDIZED,
tabla,tabla_000358.wav,ektal51.wav,Tabla\ektal51.wav,TRAIN,True,True,3.109909297052154,STANDARDIZED,
tabla,tabla_000448.wav,KB_26.wav,Tabla\KB_26.wav,TRAIN,True,True,31.47,STANDARDIZED,
tabla,tabla_000228.wav,dadra53.wav,Tabla\dadra53.wav,TRAIN,True,True,1.959931972789116,STANDARDIZED,
tabla,tabla_000041.wav,addhatrital41.wav,Tabla\addhatrital41.wav,TRAIN,True,True,8.271360544217687,STANDARDIZED,
tabla,tabla_000362.wav,ektal55.wav,Tabla\ektal55.wav,TRAIN,True,True,3.049886621315193,STANDARDIZED,
tabla,tabla_000795.wav,trital97.wav,Tabla\trital97.wav,TRAIN,True,True,4.517528344671202,STANDARDIZED,
tabla,tabla_000500.wav,RMA_26.wav,Tabla\RMA_26.wav,TRAIN,True,True,18.94938775510204,STANDARDIZED,
tabla,tabla_000389.wav,jhaptal21.wav,Tabla\jhaptal21.wav,TRAIN,True,True,6.821337868480725,STANDARDIZED,
tabla,tabla_000430.wav,KB_1.wav,Tabla\KB_1.wav,TRAIN,True,True,38.153333333333336,STANDARDIZED,
tabla,tabla_000467.wav,PP_comp27_t.wav,Tabla\PP_comp27_t.wav,TRAIN,True,True,24.49394557823129,STANDARDIZED,
tabla,tabla_000315.wav,ektal08.wav,Tabla\ektal08.wav,TRAIN,True,True,9.95702947845805,STANDARDIZED,
tabla,tabla_000405.wav,jhaptal37.wav,Tabla\jhaptal37.wav,TRAIN,True,True,4.182539682539683,STANDARDIZED,
tabla,tabla_000008.wav,addhatrital08.wav,Tabla\addhatrital08.wav,TRAIN,True,True,13.06936507936508,STANDARDIZED,
tabla,tabla_000156.wav,bhajani54.wav,Tabla\bhajani54.wav,TRAIN,True,True,2.5906122448979594,STANDARDIZED,
tabla,tabla_000541.wav,rupak30.wav,Tabla\rupak30.wav,TRAIN,True,True,3.715736961451247,STANDARDIZED,
tabla,tabla_000728.wav,trital29.wav,Tabla\trital29.wav,TRAIN,True,True,11.76061224489796,STANDARDIZED,
tabla,tabla_000631.wav,T4_Tukuda_01.wav,Tabla\T4_Tukuda_01.wav,TRAIN,True,True,4.7640816326530615,STANDARDIZED,
tabla,tabla_000395.wav,jhaptal27.wav,Tabla\jhaptal27.wav,TRAIN,True,True,5.186575963718821,STANDARDIZED,
tabla,tabla_000777.wav,trital79.wav,Tabla\trital79.wav,TRAIN,True,True,5.825555555555556,STANDARDIZED,
tabla,tabla_000599.wav,sourashtra-soma_UK2.wav,Tabla\sourashtra-soma_UK2.wav,TRAIN,True,True,84.11482993197279,STANDARDIZED,
tabla,tabla_000334.wav,ektal27.wav,Tabla\ektal27.wav,TRAIN,True,True,6.225215419501134,STANDARDIZED,
tabla,tabla_000576.wav,SK_comp_4.wav,Tabla\SK_comp_4.wav,TRAIN,True,True,12.169750566893423,STANDARDIZED,
tabla,tabla_000014.wav,addhatrital14.wav,Tabla\addhatrital14.wav,TRAIN,True,True,13.16687074829932,STANDARDIZED,
tabla,tabla_000567.wav,rupak56.wav,Tabla\rupak56.wav,TRAIN,True,True,2.3,STANDARDIZED,
tabla,tabla_000697.wav,T7_Tukuda_05.wav,Tabla\T7_Tukuda_05.wav,TRAIN,True,True,5.4294557823129255,STANDARDIZED,
tabla,tabla_000530.wav,rupak19.wav,Tabla\rupak19.wav,TRAIN,True,True,4.789092970521542,STANDARDIZED,
tabla,tabla_000581.wav,SK_ektaal.wav,Tabla\SK_ektaal.wav,TRAIN,True,True,16.78170068027211,STANDARDIZED,
tabla,tabla_000706.wav,trital08.wav,Tabla\trital08.wav,TRAIN,True,True,3.980997732426304,STANDARDIZED,
tabla,tabla_000539.wav,rupak28.wav,Tabla\rupak28.wav,TRAIN,True,True,3.7219274376417233,STANDARDIZED,
tabla,tabla_000452.wav,KB_6.wav,Tabla\KB_6.wav,TRAIN,True,True,14.637142857142855,STANDARDIZED,
tabla,tabla_000229.wav,dadra54.wav,Tabla\dadra54.wav,TRAIN,True,True,1.9929478458049887,STANDARDIZED,
tabla,tabla_000351.wav,ektal44.wav,Tabla\ektal44.wav,TRAIN,True,True,4.921632653061224,STANDARDIZED,
tabla,tabla_000727.wav,trital28.wav,Tabla\trital28.wav,TRAIN,True,True,11.609977324263038,STANDARDIZED,
tabla,tabla_000213.wav,dadra38.wav,Tabla\dadra38.wav,TRAIN,True,True,2.5616780045351475,STANDARDIZED,
tabla,tabla_000080.wav,AHK_solo-tintal-2.wav,Tabla\AHK_solo-tintal-2.wav,TRAIN,True,True,62.51163265306123,STANDARDIZED,
tabla,tabla_000149.wav,bhajani47.wav,Tabla\bhajani47.wav,TRAIN,True,True,3.3776643990929704,STANDARDIZED,
tabla,tabla_000303.wav,deepchandi56.wav,Tabla\deepchandi56.wav,TRAIN,True,True,3.018616780045352,STANDARDIZED,
tabla,tabla_000335.wav,ektal28.wav,Tabla\ektal28.wav,TRAIN,True,True,6.220408163265306,STANDARDIZED,
tabla,tabla_000713.wav,trital14.wav,Tabla\trital14.wav,TRAIN,True,True,5.5777551020408165,STANDARDIZED,
tabla,tabla_000505.wav,RMA_30.wav,Tabla\RMA_30.wav,TRAIN,True,True,18.153015873015875,STANDARDIZED,
tabla,tabla_000776.wav,trital78.wav,Tabla\trital78.wav,TRAIN,True,True,5.5495691609977325,STANDARDIZED,
tabla,tabla_000484.wav,RMA_11.wav,Tabla\RMA_11.wav,TRAIN,True,True,16.550068027210884,STANDARDIZED,
tabla,tabla_000662.wav,T5_Luc_06.wav,Tabla\T5_Luc_06.wav,TRAIN,True,True,10.68251700680272,STANDARDIZED,
tabla,tabla_000134.wav,bhajani32.wav,Tabla\bhajani32.wav,TRAIN,True,True,4.193356009070294,STANDARDIZED,
tabla,tabla_000550.wav,rupak39.wav,Tabla\rupak39.wav,TRAIN,True,True,2.9972108843537413,STANDARDIZED,
tabla,tabla_000312.wav,ektal05.wav,Tabla\ektal05.wav,TRAIN,True,True,9.970498866213152,STANDARDIZED,
tabla,tabla_000606.wav,T4_Dli_04.wav,Tabla\T4_Dli_04.wav,TRAIN,True,True,10.754195011337869,STANDARDIZED,
tabla,tabla_000440.wav,KB_19.wav,Tabla\KB_19.wav,TRAIN,True,True,33.619637188208614,STANDARDIZED,
tabla,tabla_000001.wav,addhatrital01.wav,Tabla\addhatrital01.wav,TRAIN,True,True,13.168798185941045,STANDARDIZED,
tabla,tabla_000317.wav,ektal10.wav,Tabla\ektal10.wav,TRAIN,True,True,9.934467120181406,STANDARDIZED,
tabla,tabla_000705.wav,trital07.wav,Tabla\trital07.wav,TRAIN,True,True,3.3760997732426303,STANDARDIZED,
tabla,tabla_000732.wav,trital33.wav,Tabla\trital33.wav,TRAIN,True,True,8.94265306122449,STANDARDIZED,
tabla,tabla_000343.wav,ektal36.wav,Tabla\ektal36.wav,TRAIN,True,True,6.192267573696145,STANDARDIZED,
tabla,tabla_000532.wav,rupak21.wav,Tabla\rupak21.wav,TRAIN,True,True,4.864965986394558,STANDARDIZED,
tabla,tabla_000507.wav,RMA_5.wav,Tabla\RMA_5.wav,TRAIN,True,True,16.90907029478458,STANDARDIZED,
tabla,tabla_000371.wav,jhaptal03.wav,Tabla\jhaptal03.wav,TRAIN,True,True,8.290997732426304,STANDARDIZED,
tabla,tabla_000173.wav,bhajani71.wav,Tabla\bhajani71.wav,TRAIN,True,True,2.170453514739229,STANDARDIZED,
tabla,tabla_000126.wav,bhajani24.wav,Tabla\bhajani24.wav,TRAIN,True,True,5.531995464852607,STANDARDIZED,
tabla,tabla_000548.wav,rupak37.wav,Tabla\rupak37.wav,TRAIN,True,True,3.038253968253968,STANDARDIZED,
tabla,tabla_000419.wav,jhaptal51.wav,Tabla\jhaptal51.wav,TRAIN,True,True,2.648684807256236,STANDARDIZED,
tabla,tabla_000202.wav,dadra27.wav,Tabla\dadra27.wav,TRAIN,True,True,3.2535374149659866,STANDARDIZED,
tabla,tabla_000091.wav,AS_comp106_t.wav,Tabla\AS_comp106_t.wav,TRAIN,True,True,21.386439909297053,STANDARDIZED,
tabla,tabla_000167.wav,bhajani65.wav,Tabla\bhajani65.wav,TRAIN,True,True,2.1706802721088434,STANDARDIZED,
tabla,tabla_000182.wav,dadra07.wav,Tabla\dadra07.wav,TRAIN,True,True,5.095374149659864,STANDARDIZED,
tabla,tabla_000275.wav,deepchandi28.wav,Tabla\deepchandi28.wav,TRAIN,True,True,7.186575963718821,STANDARDIZED,
tabla,tabla_000252.wav,deepchandi05.wav,Tabla\deepchandi05.wav,TRAIN,True,True,10.773015873015874,STANDARDIZED,
tabla,tabla_000070.wav,addhatrital70.wav,Tabla\addhatrital70.wav,TRAIN,True,True,4.03827664399093,STANDARDIZED,
tabla,tabla_000292.wav,deepchandi45.wav,Tabla\deepchandi45.wav,TRAIN,True,True,4.768775510204081,STANDARDIZED,
tabla,tabla_000132.wav,bhajani30.wav,Tabla\bhajani30.wav,TRAIN,True,True,4.213424036281179,STANDARDIZED,
tabla,tabla_000301.wav,deepchandi54.wav,Tabla\deepchandi54.wav,TRAIN,True,True,3.023514739229025,STANDARDIZED,
tabla,tabla_000423.wav,jhaptal55.wav,Tabla\jhaptal55.wav,TRAIN,True,True,2.627959183673469,STANDARDIZED,
tabla,tabla_000327.wav,ektal20.wav,Tabla\ektal20.wav,TRAIN,True,True,8.205804988662132,STANDARDIZED,
tabla,tabla_000145.wav,bhajani43.wav,Tabla\bhajani43.wav,TRAIN,True,True,3.4326530612244897,STANDARDIZED,
tabla,tabla_000668.wav,T7_Ben_tukuda_05.wav,Tabla\T7_Ben_tukuda_05.wav,TRAIN,True,True,17.6,STANDARDIZED,
tabla,tabla_000656.wav,T5_Gat_05.wav,Tabla\T5_Gat_05.wav,TRAIN,True,True,11.51532879818594,STANDARDIZED,
tabla,tabla_000136.wav,bhajani34.wav,Tabla\bhajani34.wav,TRAIN,True,True,4.1807709750566895,STANDARDIZED,
tabla,tabla_000406.wav,jhaptal38.wav,Tabla\jhaptal38.wav,TRAIN,True,True,4.187097505668934,STANDARDIZED,
tabla,tabla_000165.wav,bhajani63.wav,Tabla\bhajani63.wav,TRAIN,True,True,2.135691609977324,STANDARDIZED,
tabla,tabla_000029.wav,addhatrital29.wav,Tabla\addhatrital29.wav,TRAIN,True,True,10.901360544217686,STANDARDIZED,
tabla,tabla_000562.wav,rupak51.wav,Tabla\rupak51.wav,TRAIN,True,True,2.293219954648526,STANDARDIZED,
tabla,tabla_000194.wav,dadra19.wav,Tabla\dadra19.wav,TRAIN,True,True,4.218616780045352,STANDARDIZED,
tabla,tabla_000752.wav,trital53.wav,Tabla\trital53.wav,TRAIN,True,True,7.558095238095238,STANDARDIZED,
tabla,tabla_000637.wav,T4_Tukuda_Ben_02.wav,Tabla\T4_Tukuda_Ben_02.wav,TRAIN,True,True,8.439637188208616,STANDARDIZED,
tabla,tabla_000170.wav,bhajani68.wav,Tabla\bhajani68.wav,TRAIN,True,True,2.1673696145124715,STANDARDIZED,
tabla,tabla_000487.wav,RMA_14.wav,Tabla\RMA_14.wav,TRAIN,True,True,10.811768707482994,STANDARDIZED,
tabla,tabla_000141.wav,bhajani39.wav,Tabla\bhajani39.wav,TRAIN,True,True,3.4336961451247165,STANDARDIZED,
tabla,tabla_000174.wav,bhajani72.wav,Tabla\bhajani72.wav,TRAIN,True,True,2.200453514739229,STANDARDIZED,
tabla,tabla_000007.wav,addhatrital07.wav,Tabla\addhatrital07.wav,TRAIN,True,True,13.181904761904764,STANDARDIZED,
tabla,tabla_000700.wav,trital02.wav,Tabla\trital02.wav,TRAIN,True,True,8.223356009070296,STANDARDIZED,
tabla,tabla_000671.wav,T7_Fur_02.wav,Tabla\T7_Fur_02.wav,TRAIN,True,True,9.498390022675736,STANDARDIZED,
tabla,tabla_000074.wav,addhatrital74.wav,Tabla\addhatrital74.wav,TRAIN,True,True,4.013174603174603,STANDARDIZED,
tabla,tabla_000682.wav,T7_Luc_jap_01.wav,Tabla\T7_Luc_jap_01.wav,TRAIN,True,True,9.109319727891156,STANDARDIZED,
tabla,tabla_000468.wav,PP_comp28_t.wav,Tabla\PP_comp28_t.wav,TRAIN,True,True,14.185691609977324,STANDARDIZED,
tabla,tabla_000239.wav,dadra64.wav,Tabla\dadra64.wav,TRAIN,True,True,1.628843537414966,STANDARDIZED,
tabla,tabla_000146.wav,bhajani44.wav,Tabla\bhajani44.wav,TRAIN,True,True,3.37750566893424,STANDARDIZED,
tabla,tabla_000791.wav,trital93.wav,Tabla\trital93.wav,TRAIN,True,True,4.555147392290249,STANDARDIZED,
tabla,tabla_000235.wav,dadra60.wav,Tabla\dadra60.wav,TRAIN,True,True,1.987936507936508,STANDARDIZED,
tabla,tabla_000221.wav,dadra46.wav,Tabla\dadra46.wav,TRAIN,True,True,2.573764172335601,STANDARDIZED,
tabla,tabla_000584.wav,SK_jhoomra.wav,Tabla\SK_jhoomra.wav,TRAIN,True,True,19.194081632653063,STANDARDIZED,
tabla,tabla_000499.wav,RMA_25.wav,Tabla\RMA_25.wav,TRAIN,True,True,19.15358276643991,STANDARDIZED,
tabla,tabla_000133.wav,bhajani31.wav,Tabla\bhajani31.wav,TRAIN,True,True,4.191519274376417,STANDARDIZED,
tabla,tabla_000122.wav,bhajani20.wav,Tabla\bhajani20.wav,TRAIN,True,True,5.519931972789116,STANDARDIZED,
tabla,tabla_000409.wav,jhaptal41.wav,Tabla\jhaptal41.wav,TRAIN,True,True,4.206848072562359,STANDARDIZED,
tabla,tabla_000186.wav,dadra11.wav,Tabla\dadra11.wav,TRAIN,True,True,5.066712018140589,STANDARDIZED,
tabla,tabla_000042.wav,addhatrital42.wav,Tabla\addhatrital42.wav,TRAIN,True,True,8.244013605442177,STANDARDIZED,
tabla,tabla_000721.wav,trital22.wav,Tabla\trital22.wav,TRAIN,True,True,11.57514739229025,STANDARDIZED,
tabla,tabla_000109.wav,bhajani07.wav,Tabla\bhajani07.wav,TRAIN,True,True,6.563809523809524,STANDARDIZED,
tabla,tabla_000588.wav,SK_teentaal.wav,Tabla\SK_teentaal.wav,TRAIN,True,True,21.63814058956916,STANDARDIZED,
tabla,tabla_000057.wav,addhatrital57.wav,Tabla\addhatrital57.wav,TRAIN,True,True,5.037301587301587,STANDARDIZED,
tabla,tabla_000676.wav,T7_Jap_Tukuda_01.wav,Tabla\T7_Jap_Tukuda_01.wav,TRAIN,True,True,5.441133786848073,STANDARDIZED,
tabla,tabla_000441.wav,KB_2.wav,Tabla\KB_2.wav,TRAIN,True,True,86.46845804988662,STANDARDIZED,
tabla,tabla_000639.wav,T4_Tukuda_Ben_04.wav,Tabla\T4_Tukuda_Ben_04.wav,TRAIN,True,True,9.021632653061223,STANDARDIZED,
tabla,tabla_000379.wav,jhaptal11.wav,Tabla\jhaptal11.wav,TRAIN,True,True,8.27485260770975,STANDARDIZED,
tabla,tabla_000025.wav,addhatrital25.wav,Tabla\addhatrital25.wav,TRAIN,True,True,10.87065759637188,STANDARDIZED,
tabla,tabla_000733.wav,trital34.wav,Tabla\trital34.wav,TRAIN,True,True,8.192925170068028,STANDARDIZED,
tabla,tabla_000495.wav,RMA_21.wav,Tabla\RMA_21.wav,TRAIN,True,True,18.79383219954649,STANDARDIZED,
tabla,tabla_000531.wav,rupak20.wav,Tabla\rupak20.wav,TRAIN,True,True,4.823333333333333,STANDARDIZED,
tabla,tabla_000618.wav,T4_Gat_pra_02.wav,Tabla\T4_Gat_pra_02.wav,TRAIN,True,True,10.36501133786848,STANDARDIZED,
tabla,tabla_000693.wav,T7_Tukuda_01.wav,Tabla\T7_Tukuda_01.wav,TRAIN,True,True,5.281065759637189,STANDARDIZED,
tabla,tabla_000367.wav,ektal60.wav,Tabla\ektal60.wav,TRAIN,True,True,3.1072108843537416,STANDARDIZED,
tabla,tabla_000339.wav,ektal32.wav,Tabla\ektal32.wav,TRAIN,True,True,6.219795918367347,STANDARDIZED,
tabla,tabla_000052.wav,addhatrital52.wav,Tabla\addhatrital52.wav,TRAIN,True,True,6.671678004535147,STANDARDIZED,
tabla,tabla_000583.wav,SK_ektaal_vilambit.wav,Tabla\SK_ektaal_vilambit.wav,TRAIN,True,True,26.863628117913837,STANDARDIZED,
tabla,tabla_000629.wav,T4_Pur_04.wav,Tabla\T4_Pur_04.wav,TRAIN,True,True,6.627891156462585,STANDARDIZED,
tabla,tabla_000206.wav,dadra31.wav,Tabla\dadra31.wav,TRAIN,True,True,3.2224489795918365,STANDARDIZED,
tabla,tabla_000632.wav,T4_Tukuda_02.wav,Tabla\T4_Tukuda_02.wav,TRAIN,True,True,5.058208616780045,STANDARDIZED,
tabla,tabla_000265.wav,deepchandi18.wav,Tabla\deepchandi18.wav,TRAIN,True,True,9.030022675736962,STANDARDIZED,
tabla,tabla_000537.wav,rupak26.wav,Tabla\rupak26.wav,TRAIN,True,True,3.6800226757369616,STANDARDIZED,
tabla,tabla_000709.wav,trital100.wav,Tabla\trital100.wav,TRAIN,True,True,4.684263038548753,STANDARDIZED,
tabla,tabla_000681.wav,T7_LUC_01.wav,Tabla\T7_LUC_01.wav,TRAIN,True,True,25.304126984126984,STANDARDIZED,
tabla,tabla_000501.wav,RMA_27.wav,Tabla\RMA_27.wav,TRAIN,True,True,18.29045351473923,STANDARDIZED,
tabla,tabla_000617.wav,T4_Gat_pra_01.wav,Tabla\T4_Gat_pra_01.wav,TRAIN,True,True,5.240068027210884,STANDARDIZED,
tabla,tabla_000446.wav,KB_24.wav,Tabla\KB_24.wav,TRAIN,True,True,46.99743764172336,STANDARDIZED,
tabla,tabla_000019.wav,addhatrital19.wav,Tabla\addhatrital19.wav,TRAIN,True,True,13.152403628117916,STANDARDIZED,
tabla,tabla_000714.wav,trital15.wav,Tabla\trital15.wav,TRAIN,True,True,5.7103401360544215,STANDARDIZED,
tabla,tabla_000482.wav,RMA_1.wav,Tabla\RMA_1.wav,TRAIN,True,True,33.78394557823129,STANDARDIZED,
tabla,tabla_000568.wav,rupak57.wav,Tabla\rupak57.wav,TRAIN,True,True,2.3500680272108845,STANDARDIZED,
tabla,tabla_000524.wav,rupak13.wav,Tabla\rupak13.wav,TRAIN,True,True,4.837074829931972,STANDARDIZED,
tabla,tabla_000368.wav,eri-ali_PK.wav,Tabla\eri-ali_PK.wav,TRAIN,True,True,211.91294784580495,STANDARDIZED,
tabla,tabla_000084.wav,AHK_solo-tintal-6.wav,Tabla\AHK_solo-tintal-6.wav,TRAIN,True,True,65.3808163265306,STANDARDIZED,
tabla,tabla_000062.wav,addhatrital62.wav,Tabla\addhatrital62.wav,TRAIN,True,True,4.989954648526077,STANDARDIZED,
tabla,tabla_000436.wav,KB_15.wav,Tabla\KB_15.wav,TRAIN,True,True,9.567573696145123,STANDARDIZED,
tabla,tabla_000273.wav,deepchandi26.wav,Tabla\deepchandi26.wav,TRAIN,True,True,7.209863945578231,STANDARDIZED,
tabla,tabla_000286.wav,deepchandi39.wav,Tabla\deepchandi39.wav,TRAIN,True,True,4.714081632653061,STANDARDIZED,
tabla,tabla_000361.wav,ektal54.wav,Tabla\ektal54.wav,TRAIN,True,True,3.077437641723356,STANDARDIZED,
tabla,tabla_000355.wav,ektal48.wav,Tabla\ektal48.wav,TRAIN,True,True,4.95374149659864,STANDARDIZED,
tabla,tabla_000455.wav,KB_9.wav,Tabla\KB_9.wav,TRAIN,True,True,6.401133786848073,STANDARDIZED,
tabla,tabla_000279.wav,deepchandi32.wav,Tabla\deepchandi32.wav,TRAIN,True,True,7.212199546485261,STANDARDIZED,
tabla,tabla_000013.wav,addhatrital13.wav,Tabla\addhatrital13.wav,TRAIN,True,True,13.072063492063492,STANDARDIZED,
tabla,tabla_000183.wav,dadra08.wav,Tabla\dadra08.wav,TRAIN,True,True,5.03546485260771,STANDARDIZED,
tabla,tabla_000369.wav,jhaptal01.wav,Tabla\jhaptal01.wav,TRAIN,True,True,8.284693877551021,STANDARDIZED,
tabla,tabla_000491.wav,RMA_18.wav,Tabla\RMA_18.wav,TRAIN,True,True,18.96444444444445,STANDARDIZED,
tabla,tabla_000615.wav,T4_Gat_05.wav,Tabla\T4_Gat_05.wav,TRAIN,True,True,11.223015873015871,STANDARDIZED,
tabla,tabla_000224.wav,dadra49.wav,Tabla\dadra49.wav,TRAIN,True,True,1.95984126984127,STANDARDIZED,
tabla,tabla_000690.wav,T7_TAA1_01.wav,Tabla\T7_TAA1_01.wav,TRAIN,True,True,15.717641723356008,STANDARDIZED,
tabla,tabla_000698.wav,tarana-darbari_UK2.wav,Tabla\tarana-darbari_UK2.wav,TRAIN,True,True,72.57433106575964,STANDARDIZED,
tabla,tabla_000502.wav,RMA_28.wav,Tabla\RMA_28.wav,TRAIN,True,True,18.357256235827663,STANDARDIZED,
tabla,tabla_000545.wav,rupak34.wav,Tabla\rupak34.wav,TRAIN,True,True,3.686757369614512,STANDARDIZED,
tabla,tabla_000582.wav,SK_ektaal_drut.wav,Tabla\SK_ektaal_drut.wav,TRAIN,True,True,9.057256235827664,STANDARDIZED,
tabla,tabla_000763.wav,trital64.wav,Tabla\trital64.wav,TRAIN,True,True,7.476281179138322,STANDARDIZED,
tabla,tabla_000177.wav,dadra02.wav,Tabla\dadra02.wav,TRAIN,True,True,5.037868480725623,STANDARDIZED,
tabla,tabla_000665.wav,T7_Ben_tukuda_02.wav,Tabla\T7_Ben_tukuda_02.wav,TRAIN,True,True,9.003628117913832,STANDARDIZED,
tabla,tabla_000627.wav,T4_Pur_02.wav,Tabla\T4_Pur_02.wav,TRAIN,True,True,6.675895691609977,STANDARDIZED,
tabla,tabla_000585.wav,SK_kaida_1.wav,Tabla\SK_kaida_1.wav,TRAIN,True,True,223.11358276643992,STANDARDIZED,
tabla,tabla_000520.wav,rupak09.wav,Tabla\rupak09.wav,TRAIN,True,True,5.887777777777778,STANDARDIZED,
tabla,tabla_000394.wav,jhaptal26.wav,Tabla\jhaptal26.wav,TRAIN,True,True,5.213741496598639,STANDARDIZED,
tabla,tabla_000164.wav,bhajani62.wav,Tabla\bhajani62.wav,TRAIN,True,True,2.138775510204081,STANDARDIZED,
tabla,tabla_000249.wav,deepchandi02.wav,Tabla\deepchandi02.wav,TRAIN,True,True,10.710249433106576,STANDARDIZED,
tabla,tabla_000634.wav,T4_Tukuda_04.wav,Tabla\T4_Tukuda_04.wav,TRAIN,True,True,5.175827664399093,STANDARDIZED,
tabla,tabla_000217.wav,dadra42.wav,Tabla\dadra42.wav,TRAIN,True,True,2.5640589569161,STANDARDIZED,
tabla,tabla_000669.wav,T7_DLI_01.wav,Tabla\T7_DLI_01.wav,TRAIN,True,True,45.20643990929705,STANDARDIZED,
tabla,tabla_000376.wav,jhaptal08.wav,Tabla\jhaptal08.wav,TRAIN,True,True,8.301111111111112,STANDARDIZED,
tabla,tabla_000413.wav,jhaptal45.wav,Tabla\jhaptal45.wav,TRAIN,True,True,4.257687074829932,STANDARDIZED,
tabla,tabla_000075.wav,addhatrital75.wav,Tabla\addhatrital75.wav,TRAIN,True,True,4.041428571428572,STANDARDIZED,
tabla,tabla_000114.wav,bhajani12.wav,Tabla\bhajani12.wav,TRAIN,True,True,6.632040816326531,STANDARDIZED,
tabla,tabla_000569.wav,rupak58.wav,Tabla\rupak58.wav,TRAIN,True,True,2.2973015873015874,STANDARDIZED,
tabla,tabla_000560.wav,rupak49.wav,Tabla\rupak49.wav,TRAIN,True,True,2.325532879818594,STANDARDIZED,
tabla,tabla_000391.wav,jhaptal23.wav,Tabla\jhaptal23.wav,TRAIN,True,True,6.857120181405896,STANDARDIZED,
tabla,tabla_000105.wav,bhajani03.wav,Tabla\bhajani03.wav,TRAIN,True,True,6.538548752834467,STANDARDIZED,
tabla,tabla_000115.wav,bhajani13.wav,Tabla\bhajani13.wav,TRAIN,True,True,5.543083900226757,STANDARDIZED,
tabla,tabla_000418.wav,jhaptal50.wav,Tabla\jhaptal50.wav,TRAIN,True,True,2.6209750566893426,STANDARDIZED,
tabla,tabla_000762.wav,trital63.wav,Tabla\trital63.wav,TRAIN,True,True,6.674625850340136,STANDARDIZED,
tabla,tabla_000458.wav,payaliya_DM.wav,Tabla\payaliya_DM.wav,TRAIN,True,True,131.63650793650794,STANDARDIZED,
tabla,tabla_000410.wav,jhaptal42.wav,Tabla\jhaptal42.wav,TRAIN,True,True,4.215827664399093,STANDARDIZED,
tabla,tabla_000093.wav,AS_comp108_t.wav,Tabla\AS_comp108_t.wav,TRAIN,True,True,14.527006802721088,STANDARDIZED,
tabla,tabla_000756.wav,trital57.wav,Tabla\trital57.wav,TRAIN,True,True,6.624875283446712,STANDARDIZED,
tabla,tabla_000090.wav,AS_comp105_t.wav,Tabla\AS_comp105_t.wav,TRAIN,True,True,16.96170068027211,STANDARDIZED,
tabla,tabla_000337.wav,ektal30.wav,Tabla\ektal30.wav,TRAIN,True,True,6.2175736961451245,STANDARDIZED,
tabla,tabla_000215.wav,dadra40.wav,Tabla\dadra40.wav,TRAIN,True,True,2.564761904761905,STANDARDIZED,
tabla,tabla_000035.wav,addhatrital35.wav,Tabla\addhatrital35.wav,TRAIN,True,True,8.211315192743765,STANDARDIZED,
tabla,tabla_000242.wav,dadra67.wav,Tabla\dadra67.wav,TRAIN,True,True,1.599750566893424,STANDARDIZED,
tabla,tabla_000605.wav,T4_Dli_03.wav,Tabla\T4_Dli_03.wav,TRAIN,True,True,10.673378684807256,STANDARDIZED,
tabla,tabla_000593.wav,SK_uthan_1.wav,Tabla\SK_uthan_1.wav,TRAIN,True,True,34.73444444444444,STANDARDIZED,
tabla,tabla_000695.wav,T7_Tukuda_03.wav,Tabla\T7_Tukuda_03.wav,TRAIN,True,True,5.340453514739229,STANDARDIZED,
tabla,tabla_000095.wav,AS_comp110_t.wav,Tabla\AS_comp110_t.wav,TRAIN,True,True,13.419138321995463,STANDARDIZED,
tabla,tabla_000012.wav,addhatrital12.wav,Tabla\addhatrital12.wav,TRAIN,True,True,13.10907029478458,STANDARDIZED,
tabla,tabla_000397.wav,jhaptal29.wav,Tabla\jhaptal29.wav,TRAIN,True,True,5.2118820861678,STANDARDIZED,
tabla,tabla_000533.wav,rupak22.wav,Tabla\rupak22.wav,TRAIN,True,True,4.85297052154195,STANDARDIZED,
tabla,tabla_000044.wav,addhatrital44.wav,Tabla\addhatrital44.wav,TRAIN,True,True,6.674399092970521,STANDARDIZED,
tabla,tabla_000043.wav,addhatrital43.wav,Tabla\addhatrital43.wav,TRAIN,True,True,8.210997732426303,STANDARDIZED,
tabla,tabla_000330.wav,ektal23.wav,Tabla\ektal23.wav,TRAIN,True,True,8.236848072562358,STANDARDIZED,
tabla,tabla_000168.wav,bhajani66.wav,Tabla\bhajani66.wav,TRAIN,True,True,2.1687074829931974,STANDARDIZED,
tabla,tabla_000496.wav,RMA_22.wav,Tabla\RMA_22.wav,TRAIN,True,True,19.13714285714286,STANDARDIZED,
tabla,tabla_000065.wav,addhatrital65.wav,Tabla\addhatrital65.wav,TRAIN,True,True,5.006780045351474,STANDARDIZED,
tabla,tabla_000597.wav,SM_peshkar.wav,Tabla\SM_peshkar.wav,TRAIN,True,True,184.47950113378684,STANDARDIZED,
tabla,tabla_000755.wav,trital56.wav,Tabla\trital56.wav,TRAIN,True,True,7.252335600907029,STANDARDIZED,
tabla,tabla_000101.wav,AS_comp116_t.wav,Tabla\AS_comp116_t.wav,TRAIN,True,True,12.43750566893424,STANDARDIZED,
tabla,tabla_000427.wav,jhaptal59.wav,Tabla\jhaptal59.wav,TRAIN,True,True,2.650861678004535,STANDARDIZED,
tabla,tabla_000179.wav,dadra04.wav,Tabla\dadra04.wav,TRAIN,True,True,5.067755102040817,STANDARDIZED,
tabla,tabla_000445.wav,KB_23.wav,Tabla\KB_23.wav,TRAIN,True,True,43.8756462585034,STANDARDIZED,
tabla,tabla_000417.wav,jhaptal49.wav,Tabla\jhaptal49.wav,TRAIN,True,True,2.653718820861678,STANDARDIZED,
tabla,tabla_000647.wav,T5_Dli_02.wav,Tabla\T5_Dli_02.wav,TRAIN,True,True,10.81814058956916,STANDARDIZED,
tabla,tabla_000380.wav,jhaptal12.wav,Tabla\jhaptal12.wav,TRAIN,True,True,8.335963718820862,STANDARDIZED,
tabla,tabla_000658.wav,T5_Luc_02.wav,Tabla\T5_Luc_02.wav,TRAIN,True,True,10.78689342403628,STANDARDIZED,
tabla,tabla_000178.wav,dadra03.wav,Tabla\dadra03.wav,TRAIN,True,True,5.07297052154195,STANDARDIZED,
tabla,tabla_000396.wav,jhaptal28.wav,Tabla\jhaptal28.wav,TRAIN,True,True,5.194263038548753,STANDARDIZED,
tabla,tabla_000675.wav,T7_Gat_tukuda_01.wav,Tabla\T7_Gat_tukuda_01.wav,TRAIN,True,True,6.1210657596371885,STANDARDIZED,
tabla,tabla_000792.wav,trital94.wav,Tabla\trital94.wav,TRAIN,True,True,4.608185941043084,STANDARDIZED,
tabla,tabla_000475.wav,PP_comp81_t.wav,Tabla\PP_comp81_t.wav,TRAIN,True,True,15.63639455782313,STANDARDIZED,
tabla,tabla_000683.wav,T7_Mukuda_01.wav,Tabla\T7_Mukuda_01.wav,TRAIN,True,True,10.446938775510205,STANDARDIZED,
tabla,tabla_000384.wav,jhaptal16.wav,Tabla\jhaptal16.wav,TRAIN,True,True,6.808412698412698,STANDARDIZED,
tabla,tabla_000476.wav,PP_comp82_t.wav,Tabla\PP_comp82_t.wav,TRAIN,True,True,16.301632653061226,STANDARDIZED,
tabla,tabla_000612.wav,T4_Gat_02.wav,Tabla\T4_Gat_02.wav,TRAIN,True,True,10.814195011337867,STANDARDIZED,
tabla,tabla_000258.wav,deepchandi11.wav,Tabla\deepchandi11.wav,TRAIN,True,True,10.75140589569161,STANDARDIZED,
tabla,tabla_000586.wav,SK_rela_1.wav,Tabla\SK_rela_1.wav,TRAIN,True,True,99.54031746031744,STANDARDIZED,
tabla,tabla_000336.wav,ektal29.wav,Tabla\ektal29.wav,TRAIN,True,True,6.191065759637188,STANDARDIZED,
tabla,tabla_000614.wav,T4_Gat_04.wav,Tabla\T4_Gat_04.wav,TRAIN,True,True,10.841814058956915,STANDARDIZED,
tabla,tabla_000016.wav,addhatrital16.wav,Tabla\addhatrital16.wav,TRAIN,True,True,13.144739229024944,STANDARDIZED,
tabla,tabla_000325.wav,ektal18.wav,Tabla\ektal18.wav,TRAIN,True,True,8.17342403628118,STANDARDIZED,
tabla,tabla_000757.wav,trital58.wav,Tabla\trital58.wav,TRAIN,True,True,6.544852607709751,STANDARDIZED,
tabla,tabla_000223.wav,dadra48.wav,Tabla\dadra48.wav,TRAIN,True,True,2.572607709750567,STANDARDIZED,
tabla,tabla_000180.wav,dadra05.wav,Tabla\dadra05.wav,TRAIN,True,True,5.094421768707483,STANDARDIZED,
tabla,tabla_000100.wav,AS_comp115_t.wav,Tabla\AS_comp115_t.wav,TRAIN,True,True,15.258639455782314,STANDARDIZED,
tabla,tabla_000023.wav,addhatrital23.wav,Tabla\addhatrital23.wav,TRAIN,True,True,10.920544217687077,STANDARDIZED,
tabla,tabla_000357.wav,ektal50.wav,Tabla\ektal50.wav,TRAIN,True,True,3.075873015873016,STANDARDIZED,
tabla,tabla_000666.wav,T7_Ben_tukuda_03.wav,Tabla\T7_Ben_tukuda_03.wav,TRAIN,True,True,8.484195011337869,STANDARDIZED,
tabla,tabla_000289.wav,deepchandi42.wav,Tabla\deepchandi42.wav,TRAIN,True,True,4.713650793650793,STANDARDIZED,
tabla,tabla_000341.wav,ektal34.wav,Tabla\ektal34.wav,TRAIN,True,True,6.222335600907029,STANDARDIZED,
tabla,tabla_000432.wav,KB_11.wav,Tabla\KB_11.wav,TRAIN,True,True,7.753696145124716,STANDARDIZED,
tabla,tabla_000702.wav,trital04.wav,Tabla\trital04.wav,TRAIN,True,True,6.349115646258503,STANDARDIZED,
tabla,tabla_000218.wav,dadra43.wav,Tabla\dadra43.wav,TRAIN,True,True,2.568027210884354,STANDARDIZED,
tabla,tabla_000204.wav,dadra29.wav,Tabla\dadra29.wav,TRAIN,True,True,3.2157596371882087,STANDARDIZED,
tabla,tabla_000630.wav,T4_Pur_05.wav,Tabla\T4_Pur_05.wav,TRAIN,True,True,6.779954648526077,STANDARDIZED,
tabla,tabla_000094.wav,AS_comp109_t.wav,Tabla\AS_comp109_t.wav,TRAIN,True,True,13.468956916099772,STANDARDIZED,
tabla,tabla_000558.wav,rupak47.wav,Tabla\rupak47.wav,TRAIN,True,True,2.9920861678004536,STANDARDIZED,
tabla,tabla_000069.wav,addhatrital69.wav,Tabla\addhatrital69.wav,TRAIN,True,True,4.0331292517006805,STANDARDIZED,
tabla,tabla_000622.wav,T4_Luc_04.wav,Tabla\T4_Luc_04.wav,TRAIN,True,True,11.214580498866214,STANDARDIZED,
tabla,tabla_000285.wav,deepchandi38.wav,Tabla\deepchandi38.wav,TRAIN,True,True,4.740226757369615,STANDARDIZED,
tabla,tabla_000086.wav,AS_comp101_t.wav,Tabla\AS_comp101_t.wav,TRAIN,True,True,19.65,STANDARDIZED,
tabla,tabla_000435.wav,KB_14.wav,Tabla\KB_14.wav,TRAIN,True,True,9.6,STANDARDIZED,
tabla,tabla_000154.wav,bhajani52.wav,Tabla\bhajani52.wav,TRAIN,True,True,2.619705215419501,STANDARDIZED,
tabla,tabla_000076.wav,addhatrital76.wav,Tabla\addhatrital76.wav,TRAIN,True,True,4.010249433106576,STANDARDIZED,
tabla,tabla_000729.wav,trital30.wav,Tabla\trital30.wav,TRAIN,True,True,11.515668934240365,STANDARDIZED,
tabla,tabla_000447.wav,KB_25.wav,Tabla\KB_25.wav,TRAIN,True,True,47.22451247165533,STANDARDIZED,
tabla,tabla_000189.wav,dadra14.wav,Tabla\dadra14.wav,TRAIN,True,True,4.190589569160998,STANDARDIZED,
tabla,tabla_000272.wav,deepchandi25.wav,Tabla\deepchandi25.wav,TRAIN,True,True,7.146780045351474,STANDARDIZED,
tabla,tabla_000237.wav,dadra62.wav,Tabla\dadra62.wav,TRAIN,True,True,1.6318820861678005,STANDARDIZED,
tabla,tabla_000488.wav,RMA_15.wav,Tabla\RMA_15.wav,TRAIN,True,True,18.871269841269843,STANDARDIZED,
tabla,tabla_000118.wav,bhajani16.wav,Tabla\bhajani16.wav,TRAIN,True,True,5.495283446712018,STANDARDIZED,
tabla,tabla_000096.wav,AS_comp111_t.wav,Tabla\AS_comp111_t.wav,TRAIN,True,True,24.85451247165533,STANDARDIZED,
tabla,tabla_000513.wav,rupak02.wav,Tabla\rupak02.wav,TRAIN,True,True,5.858979591836735,STANDARDIZED,
tabla,tabla_000553.wav,rupak42.wav,Tabla\rupak42.wav,TRAIN,True,True,2.9605442176870747,STANDARDIZED,
tabla,tabla_000591.wav,SK_teentaal_punjabi.wav,Tabla\SK_teentaal_punjabi.wav,TRAIN,True,True,21.345328798185943,STANDARDIZED,
tabla,tabla_000127.wav,bhajani25.wav,Tabla\bhajani25.wav,TRAIN,True,True,4.182358276643991,STANDARDIZED,
tabla,tabla_000117.wav,bhajani15.wav,Tabla\bhajani15.wav,TRAIN,True,True,5.523650793650794,STANDARDIZED,
tabla,tabla_000474.wav,PP_comp80_t.wav,Tabla\PP_comp80_t.wav,TRAIN,True,True,25.706439909297053,STANDARDIZED,
tabla,tabla_000760.wav,trital61.wav,Tabla\trital61.wav,TRAIN,True,True,6.658820861678005,STANDARDIZED,
tabla,tabla_000058.wav,addhatrital58.wav,Tabla\addhatrital58.wav,TRAIN,True,True,5.067460317460317,STANDARDIZED,
tabla,tabla_000673.wav,T7_Fur_04.wav,Tabla\T7_Fur_04.wav,TRAIN,True,True,14.044195011337868,STANDARDIZED,
tabla,tabla_000106.wav,bhajani04.wav,Tabla\bhajani04.wav,TRAIN,True,True,6.566575963718821,STANDARDIZED,
tabla,tabla_000370.wav,jhaptal02.wav,Tabla\jhaptal02.wav,TRAIN,True,True,8.269183673469387,STANDARDIZED,
tabla,tabla_000269.wav,deepchandi22.wav,Tabla\deepchandi22.wav,TRAIN,True,True,8.801156462585034,STANDARDIZED,
tabla,tabla_000047.wav,addhatrital47.wav,Tabla\addhatrital47.wav,TRAIN,True,True,6.638276643990929,STANDARDIZED,
tabla,tabla_000350.wav,ektal43.wav,Tabla\ektal43.wav,TRAIN,True,True,4.923786848072562,STANDARDIZED,
tabla,tabla_000196.wav,dadra21.wav,Tabla\dadra21.wav,VALIDATION,True,True,4.2503401360544215,STANDARDIZED,
tabla,tabla_000103.wav,bhajani01.wav,Tabla\bhajani01.wav,VALIDATION,True,True,6.603560090702948,STANDARDIZED,
tabla,tabla_000005.wav,addhatrital05.wav,Tabla\addhatrital05.wav,VALIDATION,True,True,13.13095238095238,STANDARDIZED,
tabla,tabla_000735.wav,trital36.wav,Tabla\trital36.wav,VALIDATION,True,True,9.07297052154195,STANDARDIZED,
tabla,tabla_000264.wav,deepchandi17.wav,Tabla\deepchandi17.wav,VALIDATION,True,True,8.878117913832199,STANDARDIZED,
tabla,tabla_000444.wav,KB_22.wav,Tabla\KB_22.wav,VALIDATION,True,True,3.8582086167800456,STANDARDIZED,
tabla,tabla_000674.wav,T7_GAT_01.wav,Tabla\T7_GAT_01.wav,VALIDATION,True,True,45.37469387755102,STANDARDIZED,
tabla,tabla_000305.wav,deepchandi58.wav,Tabla\deepchandi58.wav,VALIDATION,True,True,2.989410430839002,STANDARDIZED,
tabla,tabla_000342.wav,ektal35.wav,Tabla\ektal35.wav,VALIDATION,True,True,6.180226757369614,STANDARDIZED,
tabla,tabla_000314.wav,ektal07.wav,Tabla\ektal07.wav,VALIDATION,True,True,9.919342403628118,STANDARDIZED,
tabla,tabla_000150.wav,bhajani48.wav,Tabla\bhajani48.wav,VALIDATION,True,True,3.4366666666666665,STANDARDIZED,
tabla,tabla_000125.wav,bhajani23.wav,Tabla\bhajani23.wav,VALIDATION,True,True,5.551179138321995,STANDARDIZED,
tabla,tabla_000785.wav,trital87.wav,Tabla\trital87.wav,VALIDATION,True,True,5.107482993197279,STANDARDIZED,
tabla,tabla_000051.wav,addhatrital51.wav,Tabla\addhatrital51.wav,VALIDATION,True,True,6.607823129251701,STANDARDIZED,
tabla,tabla_000354.wav,ektal47.wav,Tabla\ektal47.wav,VALIDATION,True,True,4.95671201814059,STANDARDIZED,
tabla,tabla_000092.wav,AS_comp107_t.wav,Tabla\AS_comp107_t.wav,VALIDATION,True,True,17.19344671201814,STANDARDIZED,
tabla,tabla_000143.wav,bhajani41.wav,Tabla\bhajani41.wav,VALIDATION,True,True,3.397641723356009,STANDARDIZED,
tabla,tabla_000471.wav,PP_comp4_t.wav,Tabla\PP_comp4_t.wav,VALIDATION,True,True,18.02201814058957,STANDARDIZED,
tabla,tabla_000400.wav,jhaptal32.wav,Tabla\jhaptal32.wav,VALIDATION,True,True,5.116507936507936,STANDARDIZED,
tabla,tabla_000670.wav,T7_Fur_01.wav,Tabla\T7_Fur_01.wav,VALIDATION,True,True,9.749637188208617,STANDARDIZED,
tabla,tabla_000321.wav,ektal14.wav,Tabla\ektal14.wav,VALIDATION,True,True,8.185034013605442,STANDARDIZED,
tabla,tabla_000020.wav,addhatrital20.wav,Tabla\addhatrital20.wav,VALIDATION,True,True,10.90390022675737,STANDARDIZED,
tabla,tabla_000036.wav,addhatrital36.wav,Tabla\addhatrital36.wav,VALIDATION,True,True,8.181360544217688,STANDARDIZED,
tabla,tabla_000789.wav,trital91.wav,Tabla\trital91.wav,VALIDATION,True,True,5.06124716553288,STANDARDIZED,
tabla,tabla_000525.wav,rupak14.wav,Tabla\rupak14.wav,VALIDATION,True,True,4.77108843537415,STANDARDIZED,
tabla,tabla_000408.wav,jhaptal40.wav,Tabla\jhaptal40.wav,VALIDATION,True,True,4.18984126984127,STANDARDIZED,
tabla,tabla_000538.wav,rupak27.wav,Tabla\rupak27.wav,VALIDATION,True,True,3.719795918367347,STANDARDIZED,
tabla,tabla_000794.wav,trital96.wav,Tabla\trital96.wav,VALIDATION,True,True,4.556303854875283,STANDARDIZED,
tabla,tabla_000039.wav,addhatrital39.wav,Tabla\addhatrital39.wav,VALIDATION,True,True,8.206462585034014,STANDARDIZED,
tabla,tabla_000176.wav,dadra01.wav,Tabla\dadra01.wav,VALIDATION,True,True,5.060929705215419,STANDARDIZED,
tabla,tabla_000246.wav,dadra71.wav,Tabla\dadra71.wav,VALIDATION,True,True,1.6278684807256236,STANDARDIZED,
tabla,tabla_000393.wav,jhaptal25.wav,Tabla\jhaptal25.wav,VALIDATION,True,True,5.229863945578232,STANDARDIZED,
tabla,tabla_000667.wav,T7_Ben_tukuda_04.wav,Tabla\T7_Ben_tukuda_04.wav,VALIDATION,True,True,8.899750566893424,STANDARDIZED,
tabla,tabla_000753.wav,trital54.wav,Tabla\trital54.wav,VALIDATION,True,True,7.572607709750567,STANDARDIZED,
tabla,tabla_000490.wav,RMA_17.wav,Tabla\RMA_17.wav,VALIDATION,True,True,19.301632653061223,STANDARDIZED,
tabla,tabla_000155.wav,bhajani53.wav,Tabla\bhajani53.wav,VALIDATION,True,True,2.561632653061225,STANDARDIZED,
tabla,tabla_000288.wav,deepchandi41.wav,Tabla\deepchandi41.wav,VALIDATION,True,True,4.714625850340136,STANDARDIZED,
tabla,tabla_000602.wav,T4_Ben_03.wav,Tabla\T4_Ben_03.wav,VALIDATION,True,True,17.664013605442175,STANDARDIZED,
tabla,tabla_000570.wav,rupak59.wav,Tabla\rupak59.wav,VALIDATION,True,True,2.2930385487528344,STANDARDIZED,
tabla,tabla_000742.wav,trital43.wav,Tabla\trital43.wav,VALIDATION,True,True,9.072879818594105,STANDARDIZED,
tabla,tabla_000018.wav,addhatrital18.wav,Tabla\addhatrital18.wav,VALIDATION,True,True,13.175804988662131,STANDARDIZED,
tabla,tabla_000128.wav,bhajani26.wav,Tabla\bhajani26.wav,VALIDATION,True,True,4.216961451247165,STANDARDIZED,
tabla,tabla_000323.wav,ektal16.wav,Tabla\ektal16.wav,VALIDATION,True,True,8.188548752834468,STANDARDIZED,
tabla,tabla_000256.wav,deepchandi09.wav,Tabla\deepchandi09.wav,VALIDATION,True,True,10.782448979591836,STANDARDIZED,
tabla,tabla_000657.wav,T5_Luc_01.wav,Tabla\T5_Luc_01.wav,VALIDATION,True,True,5.391519274376417,STANDARDIZED,
tabla,tabla_000253.wav,deepchandi06.wav,Tabla\deepchandi06.wav,VALIDATION,True,True,10.71403628117914,STANDARDIZED,
tabla,tabla_000191.wav,dadra16.wav,Tabla\dadra16.wav,VALIDATION,True,True,4.220521541950113,STANDARDIZED,
tabla,tabla_000116.wav,bhajani14.wav,Tabla\bhajani14.wav,VALIDATION,True,True,5.514104308390023,STANDARDIZED,
tabla,tabla_000616.wav,T4_Gat_pra_00.wav,Tabla\T4_Gat_pra_00.wav,VALIDATION,True,True,2.8307709750566894,STANDARDIZED,
tabla,tabla_000607.wav,T4_Dli_05.wav,Tabla\T4_Dli_05.wav,VALIDATION,True,True,7.23344671201814,STANDARDIZED,
tabla,tabla_000181.wav,dadra06.wav,Tabla\dadra06.wav,VALIDATION,True,True,5.095600907029478,STANDARDIZED,
tabla,tabla_000302.wav,deepchandi55.wav,Tabla\deepchandi55.wav,VALIDATION,True,True,3.0174149659863945,STANDARDIZED,
tabla,tabla_000758.wav,trital59.wav,Tabla\trital59.wav,VALIDATION,True,True,6.716394557823129,STANDARDIZED,
tabla,tabla_000711.wav,trital12.wav,Tabla\trital12.wav,VALIDATION,True,True,8.885918367346939,STANDARDIZED,
tabla,tabla_000722.wav,trital23.wav,Tabla\trital23.wav,VALIDATION,True,True,11.517097505668934,STANDARDIZED,
tabla,tabla_000734.wav,trital35.wav,Tabla\trital35.wav,VALIDATION,True,True,8.258616780045351,STANDARDIZED,
tabla,tabla_000661.wav,T5_Luc_05.wav,Tabla\T5_Luc_05.wav,VALIDATION,True,True,10.88095238095238,STANDARDIZED,
tabla,tabla_000518.wav,rupak07.wav,Tabla\rupak07.wav,VALIDATION,True,True,5.789863945578231,STANDARDIZED,
tabla,tabla_000373.wav,jhaptal05.wav,Tabla\jhaptal05.wav,VALIDATION,True,True,8.312743764172335,STANDARDIZED,
tabla,tabla_000046.wav,addhatrital46.wav,Tabla\addhatrital46.wav,VALIDATION,True,True,6.657369614512471,STANDARDIZED,
tabla,tabla_000477.wav,PP_comp83_t.wav,Tabla\PP_comp83_t.wav,VALIDATION,True,True,16.218707482993196,STANDARDIZED,
tabla,tabla_000158.wav,bhajani56.wav,Tabla\bhajani56.wav,VALIDATION,True,True,2.619659863945578,STANDARDIZED,
tabla,tabla_000743.wav,trital44.wav,Tabla\trital44.wav,VALIDATION,True,True,8.287256235827664,STANDARDIZED,
tabla,tabla_000172.wav,bhajani70.wav,Tabla\bhajani70.wav,VALIDATION,True,True,2.166235827664399,STANDARDIZED,
tabla,tabla_000017.wav,addhatrital17.wav,Tabla\addhatrital17.wav,VALIDATION,True,True,13.1643537414966,STANDARDIZED,
tabla,tabla_000512.wav,rupak01.wav,Tabla\rupak01.wav,VALIDATION,True,True,5.857165532879819,STANDARDIZED,
tabla,tabla_000049.wav,addhatrital49.wav,Tabla\addhatrital49.wav,VALIDATION,True,True,6.646984126984127,STANDARDIZED,
tabla,tabla_000192.wav,dadra17.wav,Tabla\dadra17.wav,VALIDATION,True,True,4.237641723356009,STANDARDIZED,
tabla,tabla_000547.wav,rupak36.wav,Tabla\rupak36.wav,VALIDATION,True,True,3.6874149659863935,STANDARDIZED,
tabla,tabla_000516.wav,rupak05.wav,Tabla\rupak05.wav,VALIDATION,True,True,5.8219047619047615,STANDARDIZED,
tabla,tabla_000685.wav,T7_Pur_02.wav,Tabla\T7_Pur_02.wav,VALIDATION,True,True,6.740272108843538,STANDARDIZED,
tabla,tabla_000481.wav,RMA_0.wav,Tabla\RMA_0.wav,VALIDATION,True,True,18.32820861678005,STANDARDIZED,
tabla,tabla_000284.wav,deepchandi37.wav,Tabla\deepchandi37.wav,VALIDATION,True,True,4.742222222222222,STANDARDIZED,
tabla,tabla_000717.wav,trital18.wav,Tabla\trital18.wav,VALIDATION,True,True,3.612312925170068,STANDARDIZED,
tabla,tabla_000654.wav,T5_Gat_03_1.wav,Tabla\T5_Gat_03_1.wav,VALIDATION,True,True,5.581768707482993,STANDARDIZED,
tabla,tabla_000226.wav,dadra51.wav,Tabla\dadra51.wav,VALIDATION,True,True,2.019047619047619,STANDARDIZED,
tabla,tabla_000027.wav,addhatrital27.wav,Tabla\addhatrital27.wav,VALIDATION,True,True,10.935600907029478,STANDARDIZED,
tabla,tabla_000781.wav,trital83.wav,Tabla\trital83.wav,VALIDATION,True,True,5.122494331065759,STANDARDIZED,
tabla,tabla_000438.wav,KB_17.wav,Tabla\KB_17.wav,VALIDATION,True,True,4.795147392290249,STANDARDIZED,
tabla,tabla_000563.wav,rupak52.wav,Tabla\rupak52.wav,VALIDATION,True,True,2.2830839002267576,STANDARDIZED,
tabla,tabla_000365.wav,ektal58.wav,Tabla\ektal58.wav,VALIDATION,True,True,3.111337868480726,STANDARDIZED,
tabla,tabla_000230.wav,dadra55.wav,Tabla\dadra55.wav,VALIDATION,True,True,1.9968253968253968,STANDARDIZED,
tabla,tabla_000038.wav,addhatrital38.wav,Tabla\addhatrital38.wav,VALIDATION,True,True,8.179387755102042,STANDARDIZED,
tabla,tabla_000022.wav,addhatrital22.wav,Tabla\addhatrital22.wav,VALIDATION,True,True,10.902244897959184,STANDARDIZED,
tabla,tabla_000375.wav,jhaptal07.wav,Tabla\jhaptal07.wav,VALIDATION,True,True,8.312743764172335,STANDARDIZED,
tabla,tabla_000470.wav,PP_comp3_t.wav,Tabla\PP_comp3_t.wav,VALIDATION,True,True,16.136326530612244,STANDARDIZED,
tabla,tabla_000460.wav,PP_comp12_t.wav,Tabla\PP_comp12_t.wav,VALIDATION,True,True,18.84206349206349,STANDARDIZED,
tabla,tabla_000033.wav,addhatrital33.wav,Tabla\addhatrital33.wav,VALIDATION,True,True,8.230362811791384,STANDARDIZED,
tabla,tabla_000703.wav,trital05.wav,Tabla\trital05.wav,VALIDATION,True,True,5.543673469387755,STANDARDIZED,
tabla,tabla_000724.wav,trital25.wav,Tabla\trital25.wav,VALIDATION,True,True,11.969501133786848,STANDARDIZED,
tabla,tabla_000195.wav,dadra20.wav,Tabla\dadra20.wav,VALIDATION,True,True,4.2522675736961455,STANDARDIZED,
tabla,tabla_000135.wav,bhajani33.wav,Tabla\bhajani33.wav,VALIDATION,True,True,4.250294784580499,STANDARDIZED,
tabla,tabla_000392.wav,jhaptal24.wav,Tabla\jhaptal24.wav,VALIDATION,True,True,6.793083900226757,STANDARDIZED,
tabla,tabla_000504.wav,RMA_3.wav,Tabla\RMA_3.wav,VALIDATION,True,True,17.849455782312926,STANDARDIZED,
tabla,tabla_000277.wav,deepchandi30.wav,Tabla\deepchandi30.wav,VALIDATION,True,True,7.174965986394557,STANDARDIZED,
tabla,tabla_000398.wav,jhaptal30.wav,Tabla\jhaptal30.wav,VALIDATION,True,True,5.191156462585034,STANDARDIZED,
tabla,tabla_000580.wav,SK_dadra.wav,Tabla\SK_dadra.wav,VALIDATION,True,True,9.988390022675738,STANDARDIZED,
tabla,tabla_000161.wav,bhajani59.wav,Tabla\bhajani59.wav,VALIDATION,True,True,2.623809523809524,STANDARDIZED,
tabla,tabla_000163.wav,bhajani61.wav,Tabla\bhajani61.wav,VALIDATION,True,True,2.19578231292517,STANDARDIZED,
tabla,tabla_000701.wav,trital03.wav,Tabla\trital03.wav,VALIDATION,True,True,7.506439909297052,STANDARDIZED,
tabla,tabla_000153.wav,bhajani51.wav,Tabla\bhajani51.wav,VALIDATION,True,True,2.5606349206349206,STANDARDIZED,
tabla,tabla_000680.wav,T7_Jap_Tukuda_05.wav,Tabla\T7_Jap_Tukuda_05.wav,VALIDATION,True,True,5.713197278911565,STANDARDIZED,
tabla,tabla_000747.wav,trital48.wav,Tabla\trital48.wav,VALIDATION,True,True,8.301133786848073,STANDARDIZED,
tabla,tabla_000754.wav,trital55.wav,Tabla\trital55.wav,VALIDATION,True,True,6.651814058956916,STANDARDIZED,
tabla,tabla_000112.wav,bhajani10.wav,Tabla\bhajani10.wav,VALIDATION,True,True,6.600634920634921,STANDARDIZED,
tabla,tabla_000227.wav,dadra52.wav,Tabla\dadra52.wav,VALIDATION,True,True,1.990816326530612,STANDARDIZED,
tabla,tabla_000687.wav,T7_Pur_04.wav,Tabla\T7_Pur_04.wav,VALIDATION,True,True,6.787505668934241,STANDARDIZED,
tabla,tabla_000104.wav,bhajani02.wav,Tabla\bhajani02.wav,VALIDATION,True,True,6.514489795918367,STANDARDIZED,
tabla,tabla_000422.wav,jhaptal54.wav,Tabla\jhaptal54.wav,VALIDATION,True,True,2.595827664399093,STANDARDIZED,
tabla,tabla_000420.wav,jhaptal52.wav,Tabla\jhaptal52.wav,VALIDATION,True,True,2.5982086167800453,STANDARDIZED,
tabla,tabla_000749.wav,trital50.wav,Tabla\trital50.wav,VALIDATION,True,True,9.287981859410433,STANDARDIZED,
tabla,tabla_000587.wav,SK_roopak.wav,Tabla\SK_roopak.wav,VALIDATION,True,True,11.014444444444443,STANDARDIZED,
tabla,tabla_000779.wav,trital81.wav,Tabla\trital81.wav,VALIDATION,True,True,5.050340136054421,STANDARDIZED,
tabla,tabla_000120.wav,bhajani18.wav,Tabla\bhajani18.wav,VALIDATION,True,True,5.530090702947846,STANDARDIZED,
tabla,tabla_000054.wav,addhatrital54.wav,Tabla\addhatrital54.wav,VALIDATION,True,True,6.623151927437641,STANDARDIZED,
tabla,tabla_000152.wav,bhajani50.wav,Tabla\bhajani50.wav,VALIDATION,True,True,2.591655328798186,STANDARDIZED,
tabla,tabla_000404.wav,jhaptal36.wav,Tabla\jhaptal36.wav,VALIDATION,True,True,5.1912698412698415,STANDARDIZED,
tabla,tabla_000131.wav,bhajani29.wav,Tabla\bhajani29.wav,VALIDATION,True,True,4.191428571428571,STANDARDIZED,
tabla,tabla_000208.wav,dadra33.wav,Tabla\dadra33.wav,VALIDATION,True,True,3.2917233560090704,STANDARDIZED,
tabla,tabla_000659.wav,T5_Luc_03.wav,Tabla\T5_Luc_03.wav,TEST,True,True,10.984444444444444,STANDARDIZED,
tabla,tabla_000099.wav,AS_comp114_t.wav,Tabla\AS_comp114_t.wav,TEST,True,True,15.073333333333334,STANDARDIZED,
tabla,tabla_000761.wav,trital62.wav,Tabla\trital62.wav,TEST,True,True,6.669342403628118,STANDARDIZED,
tabla,tabla_000009.wav,addhatrital09.wav,Tabla\addhatrital09.wav,TEST,True,True,13.241519274376415,STANDARDIZED,
tabla,tabla_000160.wav,bhajani58.wav,Tabla\bhajani58.wav,TEST,True,True,2.593469387755102,STANDARDIZED,
tabla,tabla_000037.wav,addhatrital37.wav,Tabla\addhatrital37.wav,TEST,True,True,8.17154195011338,STANDARDIZED,
tabla,tabla_000453.wav,KB_7.wav,Tabla\KB_7.wav,TEST,True,True,11.938321995464852,STANDARDIZED,
tabla,tabla_000652.wav,T5_Gat_02.wav,Tabla\T5_Gat_02.wav,TEST,True,True,11.19920634920635,STANDARDIZED,
tabla,tabla_000254.wav,deepchandi07.wav,Tabla\deepchandi07.wav,TEST,True,True,11.145578231292516,STANDARDIZED,
tabla,tabla_000304.wav,deepchandi57.wav,Tabla\deepchandi57.wav,TEST,True,True,3.1107936507936507,STANDARDIZED,
tabla,tabla_000778.wav,trital80.wav,Tabla\trital80.wav,TEST,True,True,5.083605442176871,STANDARDIZED,
tabla,tabla_000572.wav,shyaam_SRC.wav,Tabla\shyaam_SRC.wav,TEST,True,True,112.22863945578231,STANDARDIZED,
tabla,tabla_000624.wav,T4_Luc_06.wav,Tabla\T4_Luc_06.wav,TEST,True,True,15.75920634920635,STANDARDIZED,
tabla,tabla_000708.wav,trital10.wav,Tabla\trital10.wav,TEST,True,True,11.558480725623582,STANDARDIZED,
tabla,tabla_000718.wav,trital19.wav,Tabla\trital19.wav,TEST,True,True,2.7692290249433107,STANDARDIZED,
tabla,tabla_000263.wav,deepchandi16.wav,Tabla\deepchandi16.wav,TEST,True,True,8.962993197278912,STANDARDIZED,
tabla,tabla_000611.wav,T4_Gat_01.wav,Tabla\T4_Gat_01.wav,TEST,True,True,5.47750566893424,STANDARDIZED,
tabla,tabla_000298.wav,deepchandi51.wav,Tabla\deepchandi51.wav,TEST,True,True,3.0127891156462585,STANDARDIZED,
tabla,tabla_000415.wav,jhaptal47.wav,Tabla\jhaptal47.wav,TEST,True,True,4.1092743764172335,STANDARDIZED,
tabla,tabla_000151.wav,bhajani49.wav,Tabla\bhajani49.wav,TEST,True,True,2.6499319727891155,STANDARDIZED,
tabla,tabla_000787.wav,trital89.wav,Tabla\trital89.wav,TEST,True,True,6.104331065759637,STANDARDIZED,
tabla,tabla_000641.wav,T4_Tukuda_Japh_02.wav,Tabla\T4_Tukuda_Japh_02.wav,TEST,True,True,5.793197278911564,STANDARDIZED,
tabla,tabla_000338.wav,ektal31.wav,Tabla\ektal31.wav,TEST,True,True,6.22140589569161,STANDARDIZED,
tabla,tabla_000551.wav,rupak40.wav,Tabla\rupak40.wav,TEST,True,True,2.9783219954648525,STANDARDIZED,
tabla,tabla_000790.wav,trital92.wav,Tabla\trital92.wav,TEST,True,True,4.559637188208617,STANDARDIZED,
tabla,tabla_000489.wav,RMA_16.wav,Tabla\RMA_16.wav,TEST,True,True,19.41126984126984,STANDARDIZED,
tabla,tabla_000148.wav,bhajani46.wav,Tabla\bhajani46.wav,TEST,True,True,3.4107256235827665,STANDARDIZED,
tabla,tabla_000147.wav,bhajani45.wav,Tabla\bhajani45.wav,TEST,True,True,3.4346485260770976,STANDARDIZED,
tabla,tabla_000719.wav,trital20.wav,Tabla\trital20.wav,TEST,True,True,10.948208616780043,STANDARDIZED,
tabla,tabla_000346.wav,ektal39.wav,Tabla\ektal39.wav,TEST,True,True,4.990725623582766,STANDARDIZED,
tabla,tabla_000738.wav,trital39.wav,Tabla\trital39.wav,TEST,True,True,8.794829931972789,STANDARDIZED,
tabla,tabla_000660.wav,T5_Luc_04.wav,Tabla\T5_Luc_04.wav,TEST,True,True,11.265260770975056,STANDARDIZED,
tabla,tabla_000349.wav,ektal42.wav,Tabla\ektal42.wav,TEST,True,True,4.924648526077098,STANDARDIZED,
tabla,tabla_000464.wav,PP_comp23_t.wav,Tabla\PP_comp23_t.wav,TEST,True,True,14.9018820861678,STANDARDIZED,
tabla,tabla_000326.wav,ektal19.wav,Tabla\ektal19.wav,TEST,True,True,8.243083900226758,STANDARDIZED,
tabla,tabla_000187.wav,dadra12.wav,Tabla\dadra12.wav,TEST,True,True,5.050340136054421,STANDARDIZED,
tabla,tabla_000124.wav,bhajani22.wav,Tabla\bhajani22.wav,TEST,True,True,5.529070294784581,STANDARDIZED,
tabla,tabla_000201.wav,dadra26.wav,Tabla\dadra26.wav,TEST,True,True,3.224988662131519,STANDARDIZED,
tabla,tabla_000609.wav,T4_Drut_02.wav,Tabla\T4_Drut_02.wav,TEST,True,True,6.502766439909297,STANDARDIZED,
tabla,tabla_000144.wav,bhajani42.wav,Tabla\bhajani42.wav,TEST,True,True,3.4056009070294784,STANDARDIZED,
tabla,tabla_000511.wav,RMA_9.wav,Tabla\RMA_9.wav,TEST,True,True,17.575895691609976,STANDARDIZED,
tabla,tabla_000198.wav,dadra23.wav,Tabla\dadra23.wav,TEST,True,True,4.222834467120181,STANDARDIZED,
tabla,tabla_000610.wav,T4_Drut_03.wav,Tabla\T4_Drut_03.wav,TEST,True,True,5.30312925170068,STANDARDIZED,
tabla,tabla_000280.wav,deepchandi33.wav,Tabla\deepchandi33.wav,TEST,True,True,7.130136054421769,STANDARDIZED,
tabla,tabla_000294.wav,deepchandi47.wav,Tabla\deepchandi47.wav,TEST,True,True,4.706961451247166,STANDARDIZED,
tabla,tabla_000401.wav,jhaptal33.wav,Tabla\jhaptal33.wav,TEST,True,True,5.196598639455782,STANDARDIZED,
tabla,tabla_000123.wav,bhajani21.wav,Tabla\bhajani21.wav,TEST,True,True,5.5508843537414965,STANDARDIZED,
tabla,tabla_000184.wav,dadra09.wav,Tabla\dadra09.wav,TEST,True,True,5.085170068027211,STANDARDIZED,
tabla,tabla_000203.wav,dadra28.wav,Tabla\dadra28.wav,TEST,True,True,3.1695238095238096,STANDARDIZED,
tabla,tabla_000439.wav,KB_18.wav,Tabla\KB_18.wav,TEST,True,True,9.544829931972789,STANDARDIZED,
tabla,tabla_000247.wav,dadra72.wav,Tabla\dadra72.wav,TEST,True,True,1.661904761904762,STANDARDIZED,
tabla,tabla_000416.wav,jhaptal48.wav,Tabla\jhaptal48.wav,TEST,True,True,4.167142857142857,STANDARDIZED,
tabla,tabla_000775.wav,trital77.wav,Tabla\trital77.wav,TEST,True,True,5.939024943310658,STANDARDIZED,
tabla,tabla_000764.wav,trital65.wav,Tabla\trital65.wav,TEST,True,True,6.692947845804989,STANDARDIZED,
tabla,tabla_000730.wav,trital31.wav,Tabla\trital31.wav,TEST,True,True,8.798662131519274,STANDARDIZED,
tabla,tabla_000767.wav,trital68.wav,Tabla\trital68.wav,TEST,True,True,6.661133786848072,STANDARDIZED,
tabla,tabla_000053.wav,addhatrital53.wav,Tabla\addhatrital53.wav,TEST,True,True,6.670045351473923,STANDARDIZED,
tabla,tabla_000130.wav,bhajani28.wav,Tabla\bhajani28.wav,TEST,True,True,4.222993197278911,STANDARDIZED,
tabla,tabla_000638.wav,T4_Tukuda_Ben_03.wav,Tabla\T4_Tukuda_Ben_03.wav,TEST,True,True,8.019251700680272,STANDARDIZED,
tabla,tabla_000403.wav,jhaptal35.wav,Tabla\jhaptal35.wav,TEST,True,True,5.127097505668934,STANDARDIZED,
tabla,tabla_000783.wav,trital85.wav,Tabla\trital85.wav,TEST,True,True,5.116848072562358,STANDARDIZED,
tabla,tabla_000769.wav,trital70.wav,Tabla\trital70.wav,TEST,True,True,6.629297052154195,STANDARDIZED,
tabla,tabla_000736.wav,trital37.wav,Tabla\trital37.wav,TEST,True,True,8.902108843537414,STANDARDIZED,
tabla,tabla_000566.wav,rupak55.wav,Tabla\rupak55.wav,TEST,True,True,2.288934240362812,STANDARDIZED,
tabla,tabla_000220.wav,dadra45.wav,Tabla\dadra45.wav,TEST,True,True,2.573605442176871,STANDARDIZED,
tabla,tabla_000642.wav,T4_Tukuda_Japh_03.wav,Tabla\T4_Tukuda_Japh_03.wav,TEST,True,True,5.32031746031746,STANDARDIZED,
tabla,tabla_000002.wav,addhatrital02.wav,Tabla\addhatrital02.wav,TEST,True,True,13.134263038548752,STANDARDIZED,
tabla,tabla_000751.wav,trital52.wav,Tabla\trital52.wav,TEST,True,True,7.662585034013605,STANDARDIZED,
tabla,tabla_000699.wav,trital01.wav,Tabla\trital01.wav,TEST,True,True,11.536621315192743,STANDARDIZED,
tabla,tabla_000081.wav,AHK_solo-tintal-3.wav,Tabla\AHK_solo-tintal-3.wav,TEST,True,True,28.67875283446712,STANDARDIZED,
tabla,tabla_000625.wav,T4_Mukuda_01.wav,Tabla\T4_Mukuda_01.wav,TEST,True,True,10.71156462585034,STANDARDIZED,
tabla,tabla_000613.wav,T4_Gat_03.wav,Tabla\T4_Gat_03.wav,TEST,True,True,10.88875283446712,STANDARDIZED,
tabla,tabla_000759.wav,trital60.wav,Tabla\trital60.wav,TEST,True,True,6.652312925170068,STANDARDIZED,
tabla,tabla_000387.wav,jhaptal19.wav,Tabla\jhaptal19.wav,TEST,True,True,6.8185714285714285,STANDARDIZED,
tabla,tabla_000386.wav,jhaptal18.wav,Tabla\jhaptal18.wav,TEST,True,True,6.81827664399093,STANDARDIZED,
tabla,tabla_000510.wav,RMA_8.wav,Tabla\RMA_8.wav,TEST,True,True,17.26814058956916,STANDARDIZED,
tabla,tabla_000268.wav,deepchandi21.wav,Tabla\deepchandi21.wav,TEST,True,True,9.427052154195012,STANDARDIZED,
tabla,tabla_000564.wav,rupak53.wav,Tabla\rupak53.wav,TEST,True,True,2.295873015873016,STANDARDIZED,
tabla,tabla_000442.wav,KB_20.wav,Tabla\KB_20.wav,TEST,True,True,9.613015873015874,STANDARDIZED,
tabla,tabla_000497.wav,RMA_23.wav,Tabla\RMA_23.wav,TEST,True,True,18.948004535147398,STANDARDIZED,
tabla,tabla_000113.wav,bhajani11.wav,Tabla\bhajani11.wav,TEST,True,True,6.545056689342403,STANDARDIZED,
tabla,tabla_000692.wav,T7_TAA5_02.wav,Tabla\T7_TAA5_02.wav,TEST,True,True,24.20487528344671,STANDARDIZED,
tabla,tabla_000233.wav,dadra58.wav,Tabla\dadra58.wav,TEST,True,True,1.992630385487528,STANDARDIZED,
tabla,tabla_000472.wav,PP_comp5_t.wav,Tabla\PP_comp5_t.wav,TEST,True,True,18.068571428571428,STANDARDIZED,
tabla,tabla_000608.wav,T4_Drut_01.wav,Tabla\T4_Drut_01.wav,TEST,True,True,6.037505668934241,STANDARDIZED,
tabla,tabla_000672.wav,T7_Fur_03.wav,Tabla\T7_Fur_03.wav,TEST,True,True,14.331315192743764,STANDARDIZED,
tabla,tabla_000374.wav,jhaptal06.wav,Tabla\jhaptal06.wav,TEST,True,True,8.262879818594104,STANDARDIZED,
tabla,tabla_000664.wav,T7_Ben_tukuda_01.wav,Tabla\T7_Ben_tukuda_01.wav,TEST,True,True,8.865147392290249,STANDARDIZED,
tabla,tabla_000684.wav,T7_Pur_01.wav,Tabla\T7_Pur_01.wav,TEST,True,True,6.897755102040817,STANDARDIZED,
tabla,tabla_000234.wav,dadra59.wav,Tabla\dadra59.wav,TEST,True,True,1.994829931972789,STANDARDIZED,
tabla,tabla_000784.wav,trital86.wav,Tabla\trital86.wav,TEST,True,True,5.106802721088435,STANDARDIZED,
tabla,tabla_000677.wav,T7_Jap_Tukuda_02.wav,Tabla\T7_Jap_Tukuda_02.wav,TEST,True,True,5.713197278911565,STANDARDIZED,
tabla,tabla_000318.wav,ektal11.wav,Tabla\ektal11.wav,TEST,True,True,9.910181405895692,STANDARDIZED,
tabla,tabla_000649.wav,T5_Dli_04.wav,Tabla\T5_Dli_04.wav,TEST,True,True,5.526689342403628,STANDARDIZED,
tabla,tabla_000411.wav,jhaptal43.wav,Tabla\jhaptal43.wav,TEST,True,True,4.185736961451247,STANDARDIZED,
tabla,tabla_000456.wav,koyaliya_SRC.wav,Tabla\koyaliya_SRC.wav,TEST,True,True,106.00945578231293,STANDARDIZED,
tabla,tabla_000710.wav,trital11.wav,Tabla\trital11.wav,TEST,True,True,8.130952380952381,STANDARDIZED,
tabla,tabla_000359.wav,ektal52.wav,Tabla\ektal52.wav,TEST,True,True,3.0998639455782317,STANDARDIZED,
tabla,tabla_000259.wav,deepchandi12.wav,Tabla\deepchandi12.wav,TEST,True,True,10.783333333333331,STANDARDIZED,
tabla,tabla_000745.wav,trital46.wav,Tabla\trital46.wav,TEST,True,True,8.192222222222222,STANDARDIZED,
tabla,tabla_000628.wav,T4_Pur_03.wav,Tabla\T4_Pur_03.wav,TEST,True,True,6.587823129251701,STANDARDIZED,
tabla,tabla_000633.wav,T4_Tukuda_03.wav,Tabla\T4_Tukuda_03.wav,TEST,True,True,5.234625850340136,STANDARDIZED,
tabla,tabla_000283.wav,deepchandi36.wav,Tabla\deepchandi36.wav,TEST,True,True,7.148344671201814,STANDARDIZED,
tabla,tabla_000377.wav,jhaptal09.wav,Tabla\jhaptal09.wav,TEST,True,True,8.332176870748299,STANDARDIZED,
tabla,tabla_000385.wav,jhaptal17.wav,Tabla\jhaptal17.wav,TEST,True,True,6.827460317460318,STANDARDIZED,
tabla,tabla_000225.wav,dadra50.wav,Tabla\dadra50.wav,TEST,True,True,1.990907029478458,STANDARDIZED,
tabla,tabla_000190.wav,dadra15.wav,Tabla\dadra15.wav,TEST,True,True,4.163151927437641,STANDARDIZED,
tabla,tabla_000231.wav,dadra56.wav,Tabla\dadra56.wav,TEST,True,True,1.990770975056689,STANDARDIZED,
tabla,tabla_000473.wav,PP_comp77_t.wav,Tabla\PP_comp77_t.wav,TEST,True,True,15.977392290249432,STANDARDIZED,
tabla,tabla_000348.wav,ektal41.wav,Tabla\ektal41.wav,TEST,True,True,4.980385487528345,STANDARDIZED,
tabla,tabla_000506.wav,RMA_4.wav,Tabla\RMA_4.wav,TEST,True,True,17.69557823129252,STANDARDIZED,
tabla,tabla_000640.wav,T4_Tukuda_Japh_01.wav,Tabla\T4_Tukuda_Japh_01.wav,TEST,True,True,5.172517006802721,STANDARDIZED,
tabla,tabla_000331.wav,ektal24.wav,Tabla\ektal24.wav,TEST,True,True,8.208253968253969,STANDARDIZED,
tabla,tabla_000340.wav,ektal33.wav,Tabla\ektal33.wav,TEST,True,True,6.191814058956916,STANDARDIZED,
tabla,tabla_000556.wav,rupak45.wav,Tabla\rupak45.wav,TEST,True,True,3.067074829931973,STANDARDIZED,
tabla,tabla_000620.wav,T4_Luc_02.wav,Tabla\T4_Luc_02.wav,TEST,True,True,10.70718820861678,STANDARDIZED,
tabla,tabla_000028.wav,addhatrital28.wav,Tabla\addhatrital28.wav,TEST,True,True,10.922244897959184,STANDARDIZED,
tabla,tabla_000796.wav,trital98.wav,Tabla\trital98.wav,TEST,True,True,4.589410430839003,STANDARDIZED,
tabla,tabla_000646.wav,T5_Dli_01.wav,Tabla\T5_Dli_01.wav,TEST,True,True,10.561451247165532,STANDARDIZED,
harmonium,harmonium_000556.wav,315.wav,Harmonium\315.wav,TRAIN,True,True,3.0,STANDARDIZED,
harmonium,harmonium_000699.wav,444.wav,Harmonium\444.wav,TRAIN,True,True,3.0,STANDARDIZED,
harmonium,harmonium_000139.wav,1122.wav,Harmonium\1122.wav,TRAIN,True,True,3.0,STANDARDIZED,
harmonium,harmonium_000651.wav,400.wav,Harmonium\400.wav,TRAIN,True,True,3.0,STANDARDIZED,
harmonium,harmonium_000048.wav,1040.wav,Harmonium\1040.wav,TRAIN,True,True,3.0,STANDARDIZED,
harmonium,harmonium_000499.wav,264.wav,Harmonium\264.wav,TRAIN,True,True,3.0,STANDARDIZED,
harmonium,harmonium_000256.wav,1228.wav,Harmonium\1228.wav,TRAIN,True,True,3.0,STANDARDIZED,
harmonium,harmonium_000596.wav,351.wav,Harmonium\351.wav,TRAIN,True,True,3.0,STANDARDIZED,
harmonium,harmonium_001133.wav,835.wav,Harmonium\835.wav,TRAIN,True,True,3.0,STANDARDIZED,
harmonium,harmonium_000903.wav,628.wav,Harmonium\628.wav,TRAIN,True,True,3.0,STANDARDIZED,
harmonium,harmonium_000678.wav,425.wav,Harmonium\425.wav,TRAIN,True,True,3.0,STANDARDIZED,
harmonium,harmonium_001107.wav,811.wav,Harmonium\811.wav,TRAIN,True,True,3.0,STANDARDIZED,
harmonium,harmonium_000802.wav,537.wav,Harmonium\537.wav,TRAIN,True,True,3.0,STANDARDIZED,
harmonium,harmonium_000248.wav,1220.wav,Harmonium\1220.wav,TRAIN,True,True,3.0,STANDARDIZED,
harmonium,harmonium_000135.wav,1119.wav,Harmonium\1119.wav,TRAIN,True,True,3.0,STANDARDIZED,
harmonium,harmonium_000994.wav,71.wav,Harmonium\71.wav,TRAIN,True,True,3.0,STANDARDIZED,
harmonium,harmonium_000291.wav,126.wav,Harmonium\126.wav,TRAIN,True,True,3.0,STANDARDIZED,
harmonium,harmonium_000253.wav,1225.wav,Harmonium\1225.wav,TRAIN,True,True,3.0,STANDARDIZED,
harmonium,harmonium_000337.wav,1300.wav,Harmonium\1300.wav,TRAIN,True,True,3.0,STANDARDIZED,
harmonium,harmonium_000277.wav,1247.wav,Harmonium\1247.wav,TRAIN,True,True,3.0,STANDARDIZED,
harmonium,harmonium_000563.wav,321.wav,Harmonium\321.wav,TRAIN,True,True,3.0,STANDARDIZED,
harmonium,harmonium_000045.wav,1038.wav,Harmonium\1038.wav,TRAIN,True,True,3.0,STANDARDIZED,
harmonium,harmonium_000565.wav,323.wav,Harmonium\323.wav,TRAIN,True,True,3.0,STANDARDIZED,
harmonium,harmonium_000219.wav,1195.wav,Harmonium\1195.wav,TRAIN,True,True,3.0,STANDARDIZED,
harmonium,harmonium_000351.wav,1313.wav,Harmonium\1313.wav,TRAIN,True,True,3.0,STANDARDIZED,
harmonium,harmonium_000560.wav,319.wav,Harmonium\319.wav,TRAIN,True,True,3.0,STANDARDIZED,
harmonium,harmonium_000856.wav,586.wav,Harmonium\586.wav,TRAIN,True,True,3.0,STANDARDIZED,
harmonium,harmonium_000977.wav,695.wav,Harmonium\695.wav,TRAIN,True,True,3.0,STANDARDIZED,
harmonium,harmonium_001088.wav,795.wav,Harmonium\795.wav,TRAIN,True,True,3.0,STANDARDIZED,
harmonium,harmonium_000155.wav,1137.wav,Harmonium\1137.wav,TRAIN,True,True,3.0,STANDARDIZED,
harmonium,harmonium_000343.wav,1306.wav,Harmonium\1306.wav,TRAIN,True,True,3.0,STANDARDIZED,
harmonium,harmonium_001139.wav,840.wav,Harmonium\840.wav,TRAIN,True,True,3.0,STANDARDIZED,
harmonium,harmonium_000083.wav,1072.wav,Harmonium\1072.wav,TRAIN,True,True,3.0,STANDARDIZED,
harmonium,harmonium_000457.wav,226.wav,Harmonium\226.wav,TRAIN,True,True,3.0,STANDARDIZED,
harmonium,harmonium_000112.wav,1099.wav,Harmonium\1099.wav,TRAIN,True,True,3.0,STANDARDIZED,
harmonium,harmonium_000180.wav,116.wav,Harmonium\116.wav,TRAIN,True,True,3.0,STANDARDIZED,
harmonium,harmonium_000913.wav,637.wav,Harmonium\637.wav,TRAIN,True,True,3.0,STANDARDIZED,
harmonium,harmonium_001226.wav,919.wav,Harmonium\919.wav,TRAIN,True,True,3.0,STANDARDIZED,
harmonium,harmonium_000956.wav,676.wav,Harmonium\676.wav,TRAIN,True,True,3.0,STANDARDIZED,
harmonium,harmonium_001140.wav,841.wav,Harmonium\841.wav,TRAIN,True,True,3.0,STANDARDIZED,
harmonium,harmonium_000411.wav,185.wav,Harmonium\185.wav,TRAIN,True,True,3.0,STANDARDIZED,
harmonium,harmonium_000740.wav,481.wav,Harmonium\481.wav,TRAIN,True,True,3.0,STANDARDIZED,
harmonium,harmonium_000973.wav,691.wav,Harmonium\691.wav,TRAIN,True,True,3.0,STANDARDIZED,
harmonium,harmonium_000421.wav,194.wav,Harmonium\194.wav,TRAIN,True,True,3.0,STANDARDIZED,
harmonium,harmonium_000238.wav,1211.wav,Harmonium\1211.wav,TRAIN,True,True,3.0,STANDARDIZED,
harmonium,harmonium_000756.wav,496.wav,Harmonium\496.wav,TRAIN,True,True,3.0,STANDARDIZED,
harmonium,harmonium_000622.wav,375.wav,Harmonium\375.wav,TRAIN,True,True,3.0,STANDARDIZED,
harmonium,harmonium_000331.wav,1296.wav,Harmonium\1296.wav,TRAIN,True,True,3.0,STANDARDIZED,
harmonium,harmonium_000650.wav,40.wav,Harmonium\40.wav,TRAIN,True,True,3.0,STANDARDIZED,
harmonium,harmonium_000230.wav,1204.wav,Harmonium\1204.wav,TRAIN,True,True,3.0,STANDARDIZED,
harmonium,harmonium_000659.wav,408.wav,Harmonium\408.wav,TRAIN,True,True,3.0,STANDARDIZED,
harmonium,harmonium_000730.wav,472.wav,Harmonium\472.wav,TRAIN,True,True,3.0,STANDARDIZED,
harmonium,harmonium_000446.wav,216.wav,Harmonium\216.wav,TRAIN,True,True,3.0,STANDARDIZED,
harmonium,harmonium_000826.wav,559.wav,Harmonium\559.wav,TRAIN,True,True,3.0,STANDARDIZED,
harmonium,harmonium_000006.wav,1002.wav,Harmonium\1002.wav,TRAIN,True,True,3.0,STANDARDIZED,
harmonium,harmonium_000878.wav,605.wav,Harmonium\605.wav,TRAIN,True,True,3.0,STANDARDIZED,
harmonium,harmonium_000255.wav,1227.wav,Harmonium\1227.wav,TRAIN,True,True,3.0,STANDARDIZED,
harmonium,harmonium_000682.wav,429.wav,Harmonium\429.wav,TRAIN,True,True,3.0,STANDARDIZED,
harmonium,harmonium_000057.wav,1049.wav,Harmonium\1049.wav,TRAIN,True,True,3.0,STANDARDIZED,
harmonium,harmonium_001093.wav,8.wav,Harmonium\8.wav,TRAIN,True,True,3.0,STANDARDIZED,
harmonium,harmonium_001306.wav,991.wav,Harmonium\991.wav,TRAIN,True,True,3.0,STANDARDIZED,
harmonium,harmonium_000205.wav,1182.wav,Harmonium\1182.wav,TRAIN,True,True,3.0,STANDARDIZED,
harmonium,harmonium_000644.wav,395.wav,Harmonium\395.wav,TRAIN,True,True,3.0,STANDARDIZED,
harmonium,harmonium_000685.wav,431.wav,Harmonium\431.wav,TRAIN,True,True,3.0,STANDARDIZED,
harmonium,harmonium_000427.wav,2.wav,Harmonium\2.wav,TRAIN,True,True,3.0,STANDARDIZED,
harmonium,harmonium_001228.wav,920.wav,Harmonium\920.wav,TRAIN,True,True,3.0,STANDARDIZED,
harmonium,harmonium_000283.wav,1252.wav,Harmonium\1252.wav,TRAIN,True,True,3.0,STANDARDIZED,
harmonium,harmonium_001058.wav,768.wav,Harmonium\768.wav,TRAIN,True,True,3.0,STANDARDIZED,
harmonium,harmonium_001179.wav,877.wav,Harmonium\877.wav,TRAIN,True,True,3.0,STANDARDIZED,
harmonium,harmonium_001197.wav,893.wav,Harmonium\893.wav,TRAIN,True,True,3.0,STANDARDIZED,
harmonium,harmonium_000904.wav,629.wav,Harmonium\629.wav,TRAIN,True,True,3.0,STANDARDIZED,
harmonium,harmonium_001037.wav,749.wav,Harmonium\749.wav,TRAIN,True,True,3.0,STANDARDIZED,
harmonium,harmonium_000841.wav,572.wav,Harmonium\572.wav,TRAIN,True,True,3.0,STANDARDIZED,
harmonium,harmonium_000408.wav,182.wav,Harmonium\182.wav,TRAIN,True,True,3.0,STANDARDIZED,
harmonium,harmonium_000886.wav,612.wav,Harmonium\612.wav,TRAIN,True,True,3.0,STANDARDIZED,
harmonium,harmonium_000648.wav,399.wav,Harmonium\399.wav,TRAIN,True,True,3.0,STANDARDIZED,
harmonium,harmonium_000297.wav,1265.wav,Harmonium\1265.wav,TRAIN,True,True,3.0,STANDARDIZED,
harmonium,harmonium_000786.wav,522.wav,Harmonium\522.wav,TRAIN,True,True,3.0,STANDARDIZED,
harmonium,harmonium_001260.wav,95.wav,Harmonium\95.wav,TRAIN,True,True,3.0,STANDARDIZED,
harmonium,harmonium_001152.wav,852.wav,Harmonium\852.wav,TRAIN,True,True,3.0,STANDARDIZED,
harmonium,harmonium_000829.wav,561.wav,Harmonium\561.wav,TRAIN,True,True,3.0,STANDARDIZED,
harmonium,harmonium_000529.wav,291.wav,Harmonium\291.wav,TRAIN,True,True,3.0,STANDARDIZED,
harmonium,harmonium_000860.wav,59.wav,Harmonium\59.wav,TRAIN,True,True,3.0,STANDARDIZED,
harmonium,harmonium_000174.wav,1154.wav,Harmonium\1154.wav,TRAIN,True,True,3.0,STANDARDIZED,
harmonium,harmonium_000694.wav,44.wav,Harmonium\44.wav,TRAIN,True,True,3.0,STANDARDIZED,
harmonium,harmonium_000348.wav,1310.wav,Harmonium\1310.wav,TRAIN,True,True,3.0,STANDARDIZED,
harmonium,harmonium_000907.wav,631.wav,Harmonium\631.wav,TRAIN,True,True,3.0,STANDARDIZED,
harmonium,harmonium_000190.wav,1169.wav,Harmonium\1169.wav,TRAIN,True,True,3.0,STANDARDIZED,
harmonium,harmonium_000030.wav,1024.wav,Harmonium\1024.wav,TRAIN,True,True,3.0,STANDARDIZED,
harmonium,harmonium_001212.wav,906.wav,Harmonium\906.wav,TRAIN,True,True,3.0,STANDARDIZED,
harmonium,harmonium_001113.wav,817.wav,Harmonium\817.wav,TRAIN,True,True,3.0,STANDARDIZED,
harmonium,harmonium_000954.wav,674.wav,Harmonium\674.wav,TRAIN,True,True,3.0,STANDARDIZED,
harmonium,harmonium_000468.wav,236.wav,Harmonium\236.wav,TRAIN,True,True,3.0,STANDARDIZED,
harmonium,harmonium_000523.wav,286.wav,Harmonium\286.wav,TRAIN,True,True,3.0,STANDARDIZED,
harmonium,harmonium_000436.wav,207.wav,Harmonium\207.wav,TRAIN,True,True,3.0,STANDARDIZED,
harmonium,harmonium_000691.wav,437.wav,Harmonium\437.wav,TRAIN,True,True,3.0,STANDARDIZED,
harmonium,harmonium_000511.wav,275.wav,Harmonium\275.wav,TRAIN,True,True,3.0,STANDARDIZED,
harmonium,harmonium_000614.wav,368.wav,Harmonium\368.wav,TRAIN,True,True,3.0,STANDARDIZED,
harmonium,harmonium_000465.wav,233.wav,Harmonium\233.wav,TRAIN,True,True,3.0,STANDARDIZED,
harmonium,harmonium_000058.wav,105.wav,Harmonium\105.wav,TRAIN,True,True,3.0,STANDARDIZED,
harmonium,harmonium_001297.wav,983.wav,Harmonium\983.wav,TRAIN,True,True,3.0,STANDARDIZED,
harmonium,harmonium_001124.wav,827.wav,Harmonium\827.wav,TRAIN,True,True,3.0,STANDARDIZED,
harmonium,harmonium_000566.wav,324.wav,Harmonium\324.wav,TRAIN,True,True,3.0,STANDARDIZED,
harmonium,harmonium_000789.wav,525.wav,Harmonium\525.wav,TRAIN,True,True,3.0,STANDARDIZED,
harmonium,harmonium_000260.wav,1231.wav,Harmonium\1231.wav,TRAIN,True,True,3.0,STANDARDIZED,
harmonium,harmonium_001236.wav,928.wav,Harmonium\928.wav,TRAIN,True,True,3.0,STANDARDIZED,
harmonium,harmonium_000897.wav,622.wav,Harmonium\622.wav,TRAIN,True,True,3.0,STANDARDIZED,
harmonium,harmonium_000686.wav,432.wav,Harmonium\432.wav,TRAIN,True,True,3.0,STANDARDIZED,
harmonium,harmonium_001059.wav,769.wav,Harmonium\769.wav,TRAIN,True,True,3.0,STANDARDIZED,
harmonium,harmonium_000607.wav,361.wav,Harmonium\361.wav,TRAIN,True,True,3.0,STANDARDIZED,
harmonium,harmonium_000770.wav,508.wav,Harmonium\508.wav,TRAIN,True,True,3.0,STANDARDIZED,
harmonium,harmonium_000618.wav,371.wav,Harmonium\371.wav,TRAIN,True,True,3.0,STANDARDIZED,
harmonium,harmonium_000927.wav,65.wav,Harmonium\65.wav,TRAIN,True,True,3.0,STANDARDIZED,
harmonium,harmonium_001136.wav,838.wav,Harmonium\838.wav,TRAIN,True,True,3.0,STANDARDIZED,
harmonium,harmonium_000417.wav,190.wav,Harmonium\190.wav,TRAIN,True,True,3.0,STANDARDIZED,
harmonium,harmonium_001320.wav,Harmonium Sample - 06.wav,Harmonium\Harmonium Sample - 06.wav,TRAIN,True,True,88.21333333333334,STANDARDIZED,
harmonium,harmonium_000134.wav,1118.wav,Harmonium\1118.wav,TRAIN,True,True,3.0,STANDARDIZED,
harmonium,harmonium_000555.wav,314.wav,Harmonium\314.wav,TRAIN,True,True,3.0,STANDARDIZED,
harmonium,harmonium_000603.wav,358.wav,Harmonium\358.wav,TRAIN,True,True,3.0,STANDARDIZED,
harmonium,harmonium_000070.wav,1060.wav,Harmonium\1060.wav,TRAIN,True,True,3.0,STANDARDIZED,
harmonium,harmonium_000368.wav,146.wav,Harmonium\146.wav,TRAIN,True,True,3.0,STANDARDIZED,
harmonium,harmonium_000808.wav,542.wav,Harmonium\542.wav,TRAIN,True,True,3.0,STANDARDIZED,
harmonium,harmonium_000292.wav,1260.wav,Harmonium\1260.wav,TRAIN,True,True,3.0,STANDARDIZED,
harmonium,harmonium_001314.wav,999.wav,Harmonium\999.wav,TRAIN,True,True,3.0,STANDARDIZED,
harmonium,harmonium_001269.wav,958.wav,Harmonium\958.wav,TRAIN,True,True,3.0,STANDARDIZED,
harmonium,harmonium_000097.wav,1085.wav,Harmonium\1085.wav,TRAIN,True,True,3.0,STANDARDIZED,
harmonium,harmonium_000101.wav,1089.wav,Harmonium\1089.wav,TRAIN,True,True,3.0,STANDARDIZED,
harmonium,harmonium_001275.wav,963.wav,Harmonium\963.wav,TRAIN,True,True,3.0,STANDARDIZED,
harmonium,harmonium_000949.wav,67.wav,Harmonium\67.wav,TRAIN,True,True,3.0,STANDARDIZED,
harmonium,harmonium_000109.wav,1096.wav,Harmonium\1096.wav,TRAIN,True,True,3.0,STANDARDIZED,
harmonium,harmonium_001148.wav,849.wav,Harmonium\849.wav,TRAIN,True,True,3.0,STANDARDIZED,
harmonium,harmonium_000834.wav,566.wav,Harmonium\566.wav,TRAIN,True,True,3.0,STANDARDIZED,
harmonium,harmonium_000972.wav,690.wav,Harmonium\690.wav,TRAIN,True,True,3.0,STANDARDIZED,
harmonium,harmonium_000167.wav,1148.wav,Harmonium\1148.wav,TRAIN,True,True,3.0,STANDARDIZED,
harmonium,harmonium_000483.wav,25.wav,Harmonium\25.wav,TRAIN,True,True,3.0,STANDARDIZED,
harmonium,harmonium_000818.wav,551.wav,Harmonium\551.wav,TRAIN,True,True,3.0,STANDARDIZED,
harmonium,harmonium_000481.wav,248.wav,Harmonium\248.wav,TRAIN,True,True,3.0,STANDARDIZED,
harmonium,harmonium_000692.wav,438.wav,Harmonium\438.wav,TRAIN,True,True,3.0,STANDARDIZED,
harmonium,harmonium_001000.wav,715.wav,Harmonium\715.wav,TRAIN,True,True,3.0,STANDARDIZED,
harmonium,harmonium_000932.wav,654.wav,Harmonium\654.wav,TRAIN,True,True,3.0,STANDARDIZED,
harmonium,harmonium_000067.wav,1058.wav,Harmonium\1058.wav,TRAIN,True,True,3.0,STANDARDIZED,
harmonium,harmonium_001086.wav,793.wav,Harmonium\793.wav,TRAIN,True,True,3.0,STANDARDIZED,
harmonium,harmonium_000543.wav,303.wav,Harmonium\303.wav,TRAIN,True,True,3.0,STANDARDIZED,
harmonium,harmonium_000409.wav,183.wav,Harmonium\183.wav,TRAIN,True,True,3.0,STANDARDIZED,
harmonium,harmonium_000385.wav,161.wav,Harmonium\161.wav,TRAIN,True,True,3.0,STANDARDIZED,
harmonium,harmonium_000673.wav,420.wav,Harmonium\420.wav,TRAIN,True,True,3.0,STANDARDIZED,
harmonium,harmonium_000333.wav,1298.wav,Harmonium\1298.wav,TRAIN,True,True,3.0,STANDARDIZED,
harmonium,harmonium_000612.wav,366.wav,Harmonium\366.wav,TRAIN,True,True,3.0,STANDARDIZED,
harmonium,harmonium_000138.wav,1121.wav,Harmonium\1121.wav,TRAIN,True,True,3.0,STANDARDIZED,
harmonium,harmonium_000790.wav,526.wav,Harmonium\526.wav,TRAIN,True,True,3.0,STANDARDIZED,
harmonium,harmonium_000249.wav,1221.wav,Harmonium\1221.wav,TRAIN,True,True,3.0,STANDARDIZED,
harmonium,harmonium_000729.wav,471.wav,Harmonium\471.wav,TRAIN,True,True,3.0,STANDARDIZED,
harmonium,harmonium_000341.wav,1304.wav,Harmonium\1304.wav,TRAIN,True,True,3.0,STANDARDIZED,
harmonium,harmonium_001030.wav,742.wav,Harmonium\742.wav,TRAIN,True,True,3.0,STANDARDIZED,
harmonium,harmonium_001109.wav,813.wav,Harmonium\813.wav,TRAIN,True,True,3.0,STANDARDIZED,
harmonium,harmonium_000212.wav,1189.wav,Harmonium\1189.wav,TRAIN,True,True,3.0,STANDARDIZED,
harmonium,harmonium_000388.wav,164.wav,Harmonium\164.wav,TRAIN,True,True,3.0,STANDARDIZED,
harmonium,harmonium_001096.wav,801.wav,Harmonium\801.wav,TRAIN,True,True,3.0,STANDARDIZED,
harmonium,harmonium_000403.wav,178.wav,Harmonium\178.wav,TRAIN,True,True,3.0,STANDARDIZED,
harmonium,harmonium_000968.wav,687.wav,Harmonium\687.wav,TRAIN,True,True,3.0,STANDARDIZED,
harmonium,harmonium_000609.wav,363.wav,Harmonium\363.wav,TRAIN,True,True,3.0,STANDARDIZED,
harmonium,harmonium_000870.wav,599.wav,Harmonium\599.wav,TRAIN,True,True,3.0,STANDARDIZED,
harmonium,harmonium_000810.wav,544.wav,Harmonium\544.wav,TRAIN,True,True,3.0,STANDARDIZED,
harmonium,harmonium_000857.wav,587.wav,Harmonium\587.wav,TRAIN,True,True,3.0,STANDARDIZED,
harmonium,harmonium_000322.wav,1288.wav,Harmonium\1288.wav,TRAIN,True,True,3.0,STANDARDIZED,
harmonium,harmonium_001156.wav,856.wav,Harmonium\856.wav,TRAIN,True,True,3.0,STANDARDIZED,
harmonium,harmonium_000509.wav,273.wav,Harmonium\273.wav,TRAIN,True,True,3.0,STANDARDIZED,
harmonium,harmonium_000505.wav,27.wav,Harmonium\27.wav,TRAIN,True,True,3.0,STANDARDIZED,
harmonium,harmonium_000091.wav,108.wav,Harmonium\108.wav,TRAIN,True,True,3.0,STANDARDIZED,
harmonium,harmonium_000263.wav,1234.wav,Harmonium\1234.wav,TRAIN,True,True,3.0,STANDARDIZED,
harmonium,harmonium_000049.wav,1041.wav,Harmonium\1041.wav,TRAIN,True,True,3.0,STANDARDIZED,
harmonium,harmonium_000472.wav,24.wav,Harmonium\24.wav,TRAIN,True,True,3.0,STANDARDIZED,
harmonium,harmonium_000581.wav,338.wav,Harmonium\338.wav,TRAIN,True,True,3.0,STANDARDIZED,
harmonium,harmonium_000724.wav,467.wav,Harmonium\467.wav,TRAIN,True,True,3.0,STANDARDIZED,
harmonium,harmonium_000874.wav,601.wav,Harmonium\601.wav,TRAIN,True,True,3.0,STANDARDIZED,
harmonium,harmonium_001182.wav,88.wav,Harmonium\88.wav,TRAIN,True,True,3.0,STANDARDIZED,
harmonium,harmonium_001209.wav,903.wav,Harmonium\903.wav,TRAIN,True,True,3.0,STANDARDIZED,
harmonium,harmonium_000508.wav,272.wav,Harmonium\272.wav,TRAIN,True,True,3.0,STANDARDIZED,
harmonium,harmonium_001115.wav,819.wav,Harmonium\819.wav,TRAIN,True,True,3.0,STANDARDIZED,
harmonium,harmonium_000545.wav,305.wav,Harmonium\305.wav,TRAIN,True,True,3.0,STANDARDIZED,
harmonium,harmonium_000424.wav,197.wav,Harmonium\197.wav,TRAIN,True,True,3.0,STANDARDIZED,
harmonium,harmonium_001265.wav,954.wav,Harmonium\954.wav,TRAIN,True,True,3.0,STANDARDIZED,
harmonium,harmonium_001266.wav,955.wav,Harmonium\955.wav,TRAIN,True,True,3.0,STANDARDIZED,
harmonium,harmonium_000197.wav,1175.wav,Harmonium\1175.wav,TRAIN,True,True,3.0,STANDARDIZED,
harmonium,harmonium_000984.wav,700.wav,Harmonium\700.wav,TRAIN,True,True,3.0,STANDARDIZED,
harmonium,harmonium_001117.wav,820.wav,Harmonium\820.wav,TRAIN,True,True,3.0,STANDARDIZED,
harmonium,harmonium_000209.wav,1186.wav,Harmonium\1186.wav,TRAIN,True,True,3.0,STANDARDIZED,
harmonium,harmonium_000123.wav,1108.wav,Harmonium\1108.wav,TRAIN,True,True,3.0,STANDARDIZED,
harmonium,harmonium_000252.wav,1224.wav,Harmonium\1224.wav,TRAIN,True,True,3.0,STANDARDIZED,
harmonium,harmonium_001018.wav,731.wav,Harmonium\731.wav,TRAIN,True,True,3.0,STANDARDIZED,
harmonium,harmonium_000173.wav,1153.wav,Harmonium\1153.wav,TRAIN,True,True,3.0,STANDARDIZED,
harmonium,harmonium_000846.wav,577.wav,Harmonium\577.wav,TRAIN,True,True,3.0,STANDARDIZED,
harmonium,harmonium_000979.wav,697.wav,Harmonium\697.wav,TRAIN,True,True,3.0,STANDARDIZED,
harmonium,harmonium_000281.wav,1250.wav,Harmonium\1250.wav,TRAIN,True,True,3.0,STANDARDIZED,
harmonium,harmonium_001301.wav,987.wav,Harmonium\987.wav,TRAIN,True,True,3.0,STANDARDIZED,
harmonium,harmonium_000704.wav,449.wav,Harmonium\449.wav,TRAIN,True,True,3.0,STANDARDIZED,
harmonium,harmonium_000400.wav,175.wav,Harmonium\175.wav,TRAIN,True,True,3.0,STANDARDIZED,
harmonium,harmonium_000235.wav,1209.wav,Harmonium\1209.wav,TRAIN,True,True,3.0,STANDARDIZED,
harmonium,harmonium_000788.wav,524.wav,Harmonium\524.wav,TRAIN,True,True,3.0,STANDARDIZED,
harmonium,harmonium_000254.wav,1226.wav,Harmonium\1226.wav,TRAIN,True,True,3.0,STANDARDIZED,
harmonium,harmonium_000578.wav,335.wav,Harmonium\335.wav,TRAIN,True,True,3.0,STANDARDIZED,
harmonium,harmonium_000987.wav,703.wav,Harmonium\703.wav,TRAIN,True,True,3.0,STANDARDIZED,
harmonium,harmonium_000189.wav,1168.wav,Harmonium\1168.wav,TRAIN,True,True,3.0,STANDARDIZED,
harmonium,harmonium_000719.wav,462.wav,Harmonium\462.wav,TRAIN,True,True,3.0,STANDARDIZED,
harmonium,harmonium_000056.wav,1048.wav,Harmonium\1048.wav,TRAIN,True,True,3.0,STANDARDIZED,
harmonium,harmonium_000717.wav,460.wav,Harmonium\460.wav,TRAIN,True,True,3.0,STANDARDIZED,
harmonium,harmonium_000071.wav,1061.wav,Harmonium\1061.wav,TRAIN,True,True,3.0,STANDARDIZED,
harmonium,harmonium_001293.wav,98.wav,Harmonium\98.wav,TRAIN,True,True,3.0,STANDARDIZED,
harmonium,harmonium_000241.wav,1214.wav,Harmonium\1214.wav,TRAIN,True,True,3.0,STANDARDIZED,
harmonium,harmonium_000853.wav,583.wav,Harmonium\583.wav,TRAIN,True,True,3.0,STANDARDIZED,
harmonium,harmonium_000074.wav,1064.wav,Harmonium\1064.wav,TRAIN,True,True,3.0,STANDARDIZED,
harmonium,harmonium_000540.wav,300.wav,Harmonium\300.wav,TRAIN,True,True,3.0,STANDARDIZED,
harmonium,harmonium_001238.wav,93.wav,Harmonium\93.wav,TRAIN,True,True,3.0,STANDARDIZED,
harmonium,harmonium_000532.wav,294.wav,Harmonium\294.wav,TRAIN,True,True,3.0,STANDARDIZED,
harmonium,harmonium_000451.wav,220.wav,Harmonium\220.wav,TRAIN,True,True,3.0,STANDARDIZED,
harmonium,harmonium_000094.wav,1082.wav,Harmonium\1082.wav,TRAIN,True,True,3.0,STANDARDIZED,
harmonium,harmonium_000280.wav,125.wav,Harmonium\125.wav,TRAIN,True,True,3.0,STANDARDIZED,
harmonium,harmonium_001318.wav,Harmonium Sample - 04.wav,Harmonium\Harmonium Sample - 04.wav,TRAIN,True,True,72.1280045351474,STANDARDIZED,
harmonium,harmonium_001144.wav,845.wav,Harmonium\845.wav,TRAIN,True,True,3.0,STANDARDIZED,
harmonium,harmonium_000767.wav,505.wav,Harmonium\505.wav,TRAIN,True,True,3.0,STANDARDIZED,
harmonium,harmonium_000470.wav,238.wav,Harmonium\238.wav,TRAIN,True,True,3.0,STANDARDIZED,
harmonium,harmonium_000431.wav,202.wav,Harmonium\202.wav,TRAIN,True,True,3.0,STANDARDIZED,
harmonium,harmonium_000843.wav,574.wav,Harmonium\574.wav,TRAIN,True,True,3.0,STANDARDIZED,
harmonium,harmonium_000158.wav,114.wav,Harmonium\114.wav,TRAIN,True,True,3.0,STANDARDIZED,
harmonium,harmonium_000407.wav,181.wav,Harmonium\181.wav,TRAIN,True,True,3.0,STANDARDIZED,
harmonium,harmonium_000549.wav,309.wav,Harmonium\309.wav,TRAIN,True,True,3.0,STANDARDIZED,
harmonium,harmonium_000144.wav,1127.wav,Harmonium\1127.wav,TRAIN,True,True,3.0,STANDARDIZED,
harmonium,harmonium_000315.wav,1281.wav,Harmonium\1281.wav,TRAIN,True,True,3.0,STANDARDIZED,
harmonium,harmonium_000858.wav,588.wav,Harmonium\588.wav,TRAIN,True,True,3.0,STANDARDIZED,
harmonium,harmonium_000373.wav,150.wav,Harmonium\150.wav,TRAIN,True,True,3.0,STANDARDIZED,
harmonium,harmonium_001154.wav,854.wav,Harmonium\854.wav,TRAIN,True,True,3.0,STANDARDIZED,
harmonium,harmonium_000752.wav,492.wav,Harmonium\492.wav,TRAIN,True,True,3.0,STANDARDIZED,
harmonium,harmonium_000052.wav,1044.wav,Harmonium\1044.wav,TRAIN,True,True,3.0,STANDARDIZED,
harmonium,harmonium_001180.wav,878.wav,Harmonium\878.wav,TRAIN,True,True,3.0,STANDARDIZED,
harmonium,harmonium_000703.wav,448.wav,Harmonium\448.wav,TRAIN,True,True,3.0,STANDARDIZED,
harmonium,harmonium_000882.wav,609.wav,Harmonium\609.wav,TRAIN,True,True,3.0,STANDARDIZED,
harmonium,harmonium_001296.wav,982.wav,Harmonium\982.wav,TRAIN,True,True,3.0,STANDARDIZED,
harmonium,harmonium_001054.wav,764.wav,Harmonium\764.wav,TRAIN,True,True,3.0,STANDARDIZED,
harmonium,harmonium_000533.wav,295.wav,Harmonium\295.wav,TRAIN,True,True,3.0,STANDARDIZED,
harmonium,harmonium_000737.wav,479.wav,Harmonium\479.wav,TRAIN,True,True,3.0,STANDARDIZED,
harmonium,harmonium_001304.wav,99.wav,Harmonium\99.wav,TRAIN,True,True,3.0,STANDARDIZED,
harmonium,harmonium_000965.wav,684.wav,Harmonium\684.wav,TRAIN,True,True,3.0,STANDARDIZED,
harmonium,harmonium_000068.wav,1059.wav,Harmonium\1059.wav,TRAIN,True,True,3.0,STANDARDIZED,
harmonium,harmonium_001245.wav,936.wav,Harmonium\936.wav,TRAIN,True,True,3.0,STANDARDIZED,
harmonium,harmonium_001205.wav,90.wav,Harmonium\90.wav,TRAIN,True,True,3.0,STANDARDIZED,
harmonium,harmonium_000203.wav,1180.wav,Harmonium\1180.wav,TRAIN,True,True,3.0,STANDARDIZED,
harmonium,harmonium_000036.wav,103.wav,Harmonium\103.wav,TRAIN,True,True,3.0,STANDARDIZED,
harmonium,harmonium_000986.wav,702.wav,Harmonium\702.wav,TRAIN,True,True,3.0,STANDARDIZED,
harmonium,harmonium_001315.wav,Harmonium Sample - 01.wav,Harmonium\Harmonium Sample - 01.wav,TRAIN,True,True,126.50233560090705,STANDARDIZED,
harmonium,harmonium_000757.wav,497.wav,Harmonium\497.wav,TRAIN,True,True,3.0,STANDARDIZED,
harmonium,harmonium_000449.wav,219.wav,Harmonium\219.wav,TRAIN,True,True,3.0,STANDARDIZED,
harmonium,harmonium_000797.wav,532.wav,Harmonium\532.wav,TRAIN,True,True,3.0,STANDARDIZED,
harmonium,harmonium_000398.wav,173.wav,Harmonium\173.wav,TRAIN,True,True,3.0,STANDARDIZED,
harmonium,harmonium_000247.wav,122.wav,Harmonium\122.wav,TRAIN,True,True,3.0,STANDARDIZED,
harmonium,harmonium_000423.wav,196.wav,Harmonium\196.wav,TRAIN,True,True,3.0,STANDARDIZED,
harmonium,harmonium_000653.wav,402.wav,Harmonium\402.wav,TRAIN,True,True,3.0,STANDARDIZED,
harmonium,harmonium_000473.wav,240.wav,Harmonium\240.wav,TRAIN,True,True,3.0,STANDARDIZED,
harmonium,harmonium_000043.wav,1036.wav,Harmonium\1036.wav,TRAIN,True,True,3.0,STANDARDIZED,
harmonium,harmonium_000462.wav,230.wav,Harmonium\230.wav,TRAIN,True,True,3.0,STANDARDIZED,
harmonium,harmonium_000638.wav,39.wav,Harmonium\39.wav,TRAIN,True,True,3.0,STANDARDIZED,
harmonium,harmonium_000504.wav,269.wav,Harmonium\269.wav,TRAIN,True,True,3.0,STANDARDIZED,
harmonium,harmonium_000747.wav,488.wav,Harmonium\488.wav,TRAIN,True,True,3.0,STANDARDIZED,
harmonium,harmonium_000999.wav,714.wav,Harmonium\714.wav,TRAIN,True,True,3.0,STANDARDIZED,
harmonium,harmonium_000221.wav,1197.wav,Harmonium\1197.wav,TRAIN,True,True,3.0,STANDARDIZED,
harmonium,harmonium_000464.wav,232.wav,Harmonium\232.wav,TRAIN,True,True,3.0,STANDARDIZED,
harmonium,harmonium_000085.wav,1074.wav,Harmonium\1074.wav,TRAIN,True,True,3.0,STANDARDIZED,
harmonium,harmonium_000783.wav,52.wav,Harmonium\52.wav,TRAIN,True,True,3.0,STANDARDIZED,
harmonium,harmonium_000265.wav,1236.wav,Harmonium\1236.wav,TRAIN,True,True,3.0,STANDARDIZED,
harmonium,harmonium_000110.wav,1097.wav,Harmonium\1097.wav,TRAIN,True,True,3.0,STANDARDIZED,
harmonium,harmonium_000801.wav,536.wav,Harmonium\536.wav,TRAIN,True,True,3.0,STANDARDIZED,
harmonium,harmonium_001050.wav,760.wav,Harmonium\760.wav,TRAIN,True,True,3.0,STANDARDIZED,
harmonium,harmonium_000677.wav,424.wav,Harmonium\424.wav,TRAIN,True,True,3.0,STANDARDIZED,
harmonium,harmonium_000639.wav,390.wav,Harmonium\390.wav,TRAIN,True,True,3.0,STANDARDIZED,
harmonium,harmonium_000671.wav,419.wav,Harmonium\419.wav,TRAIN,True,True,3.0,STANDARDIZED,
harmonium,harmonium_000600.wav,355.wav,Harmonium\355.wav,TRAIN,True,True,3.0,STANDARDIZED,
harmonium,harmonium_000384.wav,160.wav,Harmonium\160.wav,TRAIN,True,True,3.0,STANDARDIZED,
harmonium,harmonium_000065.wav,1056.wav,Harmonium\1056.wav,TRAIN,True,True,3.0,STANDARDIZED,
harmonium,harmonium_001231.wav,923.wav,Harmonium\923.wav,TRAIN,True,True,3.0,STANDARDIZED,
harmonium,harmonium_001150.wav,850.wav,Harmonium\850.wav,TRAIN,True,True,3.0,STANDARDIZED,
harmonium,harmonium_000456.wav,225.wav,Harmonium\225.wav,TRAIN,True,True,3.0,STANDARDIZED,
harmonium,harmonium_001195.wav,891.wav,Harmonium\891.wav,TRAIN,True,True,3.0,STANDARDIZED,
harmonium,harmonium_000279.wav,1249.wav,Harmonium\1249.wav,TRAIN,True,True,3.0,STANDARDIZED,
harmonium,harmonium_000510.wav,274.wav,Harmonium\274.wav,TRAIN,True,True,3.0,STANDARDIZED,
harmonium,harmonium_000019.wav,1014.wav,Harmonium\1014.wav,TRAIN,True,True,3.0,STANDARDIZED,
harmonium,harmonium_000512.wav,276.wav,Harmonium\276.wav,TRAIN,True,True,3.0,STANDARDIZED,
harmonium,harmonium_001294.wav,980.wav,Harmonium\980.wav,TRAIN,True,True,3.0,STANDARDIZED,
harmonium,harmonium_001300.wav,986.wav,Harmonium\986.wav,TRAIN,True,True,3.0,STANDARDIZED,
harmonium,harmonium_000901.wav,626.wav,Harmonium\626.wav,TRAIN,True,True,3.0,STANDARDIZED,
harmonium,harmonium_000669.wav,417.wav,Harmonium\417.wav,TRAIN,True,True,3.0,STANDARDIZED,
harmonium,harmonium_000077.wav,1067.wav,Harmonium\1067.wav,TRAIN,True,True,3.0,STANDARDIZED,
harmonium,harmonium_000358.wav,137.wav,Harmonium\137.wav,TRAIN,True,True,3.0,STANDARDIZED,
harmonium,harmonium_001106.wav,810.wav,Harmonium\810.wav,TRAIN,True,True,3.0,STANDARDIZED,
harmonium,harmonium_000269.wav,124.wav,Harmonium\124.wav,TRAIN,True,True,3.0,STANDARDIZED,
harmonium,harmonium_000791.wav,527.wav,Harmonium\527.wav,TRAIN,True,True,3.0,STANDARDIZED,
harmonium,harmonium_001270.wav,959.wav,Harmonium\959.wav,TRAIN,True,True,3.0,STANDARDIZED,
harmonium,harmonium_000169.wav,115.wav,Harmonium\115.wav,TRAIN,True,True,3.0,STANDARDIZED,
harmonium,harmonium_000441.wav,211.wav,Harmonium\211.wav,TRAIN,True,True,3.0,STANDARDIZED,
harmonium,harmonium_001295.wav,981.wav,Harmonium\981.wav,TRAIN,True,True,3.0,STANDARDIZED,
harmonium,harmonium_001169.wav,868.wav,Harmonium\868.wav,TRAIN,True,True,3.0,STANDARDIZED,
harmonium,harmonium_001065.wav,774.wav,Harmonium\774.wav,TRAIN,True,True,3.0,STANDARDIZED,
harmonium,harmonium_001303.wav,989.wav,Harmonium\989.wav,TRAIN,True,True,3.0,STANDARDIZED,
harmonium,harmonium_001069.wav,778.wav,Harmonium\778.wav,TRAIN,True,True,3.0,STANDARDIZED,
harmonium,harmonium_001016.wav,73.wav,Harmonium\73.wav,TRAIN,True,True,3.0,STANDARDIZED,
harmonium,harmonium_000304.wav,1271.wav,Harmonium\1271.wav,TRAIN,True,True,3.0,STANDARDIZED,
harmonium,harmonium_000053.wav,1045.wav,Harmonium\1045.wav,TRAIN,True,True,3.0,STANDARDIZED,
harmonium,harmonium_000847.wav,578.wav,Harmonium\578.wav,TRAIN,True,True,3.0,STANDARDIZED,
harmonium,harmonium_000480.wav,247.wav,Harmonium\247.wav,TRAIN,True,True,3.0,STANDARDIZED,
harmonium,harmonium_000992.wav,708.wav,Harmonium\708.wav,TRAIN,True,True,3.0,STANDARDIZED,
harmonium,harmonium_000362.wav,140.wav,Harmonium\140.wav,TRAIN,True,True,3.0,STANDARDIZED,
harmonium,harmonium_000734.wav,476.wav,Harmonium\476.wav,TRAIN,True,True,3.0,STANDARDIZED,
harmonium,harmonium_001199.wav,895.wav,Harmonium\895.wav,TRAIN,True,True,3.0,STANDARDIZED,
harmonium,harmonium_000076.wav,1066.wav,Harmonium\1066.wav,TRAIN,True,True,3.0,STANDARDIZED,
harmonium,harmonium_000232.wav,1206.wav,Harmonium\1206.wav,TRAIN,True,True,3.0,STANDARDIZED,
harmonium,harmonium_000405.wav,18.wav,Harmonium\18.wav,TRAIN,True,True,3.0,STANDARDIZED,
harmonium,harmonium_000136.wav,112.wav,Harmonium\112.wav,TRAIN,True,True,3.0,STANDARDIZED,
harmonium,harmonium_000026.wav,1020.wav,Harmonium\1020.wav,TRAIN,True,True,3.0,STANDARDIZED,
harmonium,harmonium_000415.wav,189.wav,Harmonium\189.wav,TRAIN,True,True,3.0,STANDARDIZED,
harmonium,harmonium_001090.wav,797.wav,Harmonium\797.wav,TRAIN,True,True,3.0,STANDARDIZED,
harmonium,harmonium_000832.wav,564.wav,Harmonium\564.wav,TRAIN,True,True,3.0,STANDARDIZED,
harmonium,harmonium_000393.wav,169.wav,Harmonium\169.wav,TRAIN,True,True,3.0,STANDARDIZED,
harmonium,harmonium_000881.wav,608.wav,Harmonium\608.wav,TRAIN,True,True,3.0,STANDARDIZED,
harmonium,harmonium_000193.wav,1171.wav,Harmonium\1171.wav,TRAIN,True,True,3.0,STANDARDIZED,
harmonium,harmonium_000290.wav,1259.wav,Harmonium\1259.wav,TRAIN,True,True,3.0,STANDARDIZED,
harmonium,harmonium_000830.wav,562.wav,Harmonium\562.wav,TRAIN,True,True,3.0,STANDARDIZED,
harmonium,harmonium_001155.wav,855.wav,Harmonium\855.wav,TRAIN,True,True,3.0,STANDARDIZED,
harmonium,harmonium_001298.wav,984.wav,Harmonium\984.wav,TRAIN,True,True,3.0,STANDARDIZED,
harmonium,harmonium_000771.wav,509.wav,Harmonium\509.wav,TRAIN,True,True,3.0,STANDARDIZED,
harmonium,harmonium_000852.wav,582.wav,Harmonium\582.wav,TRAIN,True,True,3.0,STANDARDIZED,
harmonium,harmonium_000129.wav,1113.wav,Harmonium\1113.wav,TRAIN,True,True,3.0,STANDARDIZED,
harmonium,harmonium_000439.wav,21.wav,Harmonium\21.wav,TRAIN,True,True,3.0,STANDARDIZED,
harmonium,harmonium_000234.wav,1208.wav,Harmonium\1208.wav,TRAIN,True,True,3.0,STANDARDIZED,
harmonium,harmonium_000308.wav,1275.wav,Harmonium\1275.wav,TRAIN,True,True,3.0,STANDARDIZED,
harmonium,harmonium_001017.wav,730.wav,Harmonium\730.wav,TRAIN,True,True,3.0,STANDARDIZED,
harmonium,harmonium_000413.wav,187.wav,Harmonium\187.wav,TRAIN,True,True,3.0,STANDARDIZED,
harmonium,harmonium_001098.wav,803.wav,Harmonium\803.wav,TRAIN,True,True,3.0,STANDARDIZED,
harmonium,harmonium_000294.wav,1262.wav,Harmonium\1262.wav,TRAIN,True,True,3.0,STANDARDIZED,
harmonium,harmonium_000178.wav,1158.wav,Harmonium\1158.wav,TRAIN,True,True,3.0,STANDARDIZED,
harmonium,harmonium_000184.wav,1163.wav,Harmonium\1163.wav,TRAIN,True,True,3.0,STANDARDIZED,
harmonium,harmonium_000542.wav,302.wav,Harmonium\302.wav,TRAIN,True,True,3.0,STANDARDIZED,
harmonium,harmonium_000637.wav,389.wav,Harmonium\389.wav,TRAIN,True,True,3.0,STANDARDIZED,
harmonium,harmonium_000185.wav,1164.wav,Harmonium\1164.wav,TRAIN,True,True,3.0,STANDARDIZED,
harmonium,harmonium_000839.wav,570.wav,Harmonium\570.wav,TRAIN,True,True,3.0,STANDARDIZED,
harmonium,harmonium_000658.wav,407.wav,Harmonium\407.wav,TRAIN,True,True,3.0,STANDARDIZED,
harmonium,harmonium_000991.wav,707.wav,Harmonium\707.wav,TRAIN,True,True,3.0,STANDARDIZED,
harmonium,harmonium_000126.wav,1110.wav,Harmonium\1110.wav,TRAIN,True,True,3.0,STANDARDIZED,
harmonium,harmonium_000299.wav,1267.wav,Harmonium\1267.wav,TRAIN,True,True,3.0,STANDARDIZED,
harmonium,harmonium_000369.wav,147.wav,Harmonium\147.wav,TRAIN,True,True,3.0,STANDARDIZED,
harmonium,harmonium_000732.wav,474.wav,Harmonium\474.wav,TRAIN,True,True,3.0,STANDARDIZED,
harmonium,harmonium_000559.wav,318.wav,Harmonium\318.wav,TRAIN,True,True,3.0,STANDARDIZED,
harmonium,harmonium_000181.wav,1160.wav,Harmonium\1160.wav,TRAIN,True,True,3.0,STANDARDIZED,
harmonium,harmonium_000528.wav,290.wav,Harmonium\290.wav,TRAIN,True,True,3.0,STANDARDIZED,
harmonium,harmonium_001051.wav,761.wav,Harmonium\761.wav,TRAIN,True,True,3.0,STANDARDIZED,
harmonium,harmonium_000959.wav,679.wav,Harmonium\679.wav,TRAIN,True,True,3.0,STANDARDIZED,
harmonium,harmonium_000179.wav,1159.wav,Harmonium\1159.wav,TRAIN,True,True,3.0,STANDARDIZED,
harmonium,harmonium_000887.wav,613.wav,Harmonium\613.wav,TRAIN,True,True,3.0,STANDARDIZED,
harmonium,harmonium_000434.wav,205.wav,Harmonium\205.wav,TRAIN,True,True,3.0,STANDARDIZED,
harmonium,harmonium_000587.wav,343.wav,Harmonium\343.wav,TRAIN,True,True,3.0,STANDARDIZED,
harmonium,harmonium_000863.wav,592.wav,Harmonium\592.wav,TRAIN,True,True,3.0,STANDARDIZED,
harmonium,harmonium_001273.wav,961.wav,Harmonium\961.wav,TRAIN,True,True,3.0,STANDARDIZED,
harmonium,harmonium_000496.wav,261.wav,Harmonium\261.wav,TRAIN,True,True,3.0,STANDARDIZED,
harmonium,harmonium_000119.wav,1104.wav,Harmonium\1104.wav,TRAIN,True,True,3.0,STANDARDIZED,
harmonium,harmonium_000599.wav,354.wav,Harmonium\354.wav,TRAIN,True,True,3.0,STANDARDIZED,
harmonium,harmonium_000642.wav,393.wav,Harmonium\393.wav,TRAIN,True,True,3.0,STANDARDIZED,
harmonium,harmonium_001237.wav,929.wav,Harmonium\929.wav,TRAIN,True,True,3.0,STANDARDIZED,
harmonium,harmonium_000970.wav,689.wav,Harmonium\689.wav,TRAIN,True,True,3.0,STANDARDIZED,
harmonium,harmonium_000848.wav,579.wav,Harmonium\579.wav,TRAIN,True,True,3.0,STANDARDIZED,
harmonium,harmonium_000531.wav,293.wav,Harmonium\293.wav,TRAIN,True,True,3.0,STANDARDIZED,
harmonium,harmonium_000920.wav,643.wav,Harmonium\643.wav,TRAIN,True,True,3.0,STANDARDIZED,
harmonium,harmonium_000534.wav,296.wav,Harmonium\296.wav,TRAIN,True,True,3.0,STANDARDIZED,
harmonium,harmonium_000942.wav,663.wav,Harmonium\663.wav,TRAIN,True,True,3.0,STANDARDIZED,
harmonium,harmonium_001006.wav,720.wav,Harmonium\720.wav,TRAIN,True,True,3.0,STANDARDIZED,
harmonium,harmonium_000367.wav,145.wav,Harmonium\145.wav,TRAIN,True,True,3.0,STANDARDIZED,
harmonium,harmonium_001165.wav,864.wav,Harmonium\864.wav,TRAIN,True,True,3.0,STANDARDIZED,
harmonium,harmonium_001277.wav,965.wav,Harmonium\965.wav,TRAIN,True,True,3.0,STANDARDIZED,
harmonium,harmonium_000971.wav,69.wav,Harmonium\69.wav,TRAIN,True,True,3.0,STANDARDIZED,
harmonium,harmonium_000867.wav,596.wav,Harmonium\596.wav,TRAIN,True,True,3.0,STANDARDIZED,
harmonium,harmonium_000487.wav,253.wav,Harmonium\253.wav,TRAIN,True,True,3.0,STANDARDIZED,
harmonium,harmonium_001319.wav,Harmonium Sample - 05.wav,Harmonium\Harmonium Sample - 05.wav,TRAIN,True,True,90.15467120181404,STANDARDIZED,
harmonium,harmonium_000204.wav,1181.wav,Harmonium\1181.wav,TRAIN,True,True,3.0,STANDARDIZED,
harmonium,harmonium_000175.wav,1155.wav,Harmonium\1155.wav,TRAIN,True,True,3.0,STANDARDIZED,
harmonium,harmonium_001217.wav,910.wav,Harmonium\910.wav,TRAIN,True,True,3.0,STANDARDIZED,
harmonium,harmonium_000121.wav,1106.wav,Harmonium\1106.wav,TRAIN,True,True,3.0,STANDARDIZED,
harmonium,harmonium_000284.wav,1253.wav,Harmonium\1253.wav,TRAIN,True,True,3.0,STANDARDIZED,
harmonium,harmonium_001258.wav,948.wav,Harmonium\948.wav,TRAIN,True,True,3.0,STANDARDIZED,
harmonium,harmonium_000582.wav,339.wav,Harmonium\339.wav,TRAIN,True,True,3.0,STANDARDIZED,
harmonium,harmonium_001123.wav,826.wav,Harmonium\826.wav,TRAIN,True,True,3.0,STANDARDIZED,
harmonium,harmonium_000001.wav,1.wav,Harmonium\1.wav,TRAIN,True,True,3.0,STANDARDIZED,
harmonium,harmonium_001321.wav,Harmonium Sample - 07.wav,Harmonium\Harmonium Sample - 07.wav,TRAIN,True,True,315.2426530612245,STANDARDIZED,
harmonium,harmonium_001099.wav,804.wav,Harmonium\804.wav,TRAIN,True,True,3.0,STANDARDIZED,
harmonium,harmonium_000276.wav,1246.wav,Harmonium\1246.wav,TRAIN,True,True,3.0,STANDARDIZED,
harmonium,harmonium_001229.wav,921.wav,Harmonium\921.wav,TRAIN,True,True,3.0,STANDARDIZED,
harmonium,harmonium_000619.wav,372.wav,Harmonium\372.wav,TRAIN,True,True,3.0,STANDARDIZED,
harmonium,harmonium_001137.wav,839.wav,Harmonium\839.wav,TRAIN,True,True,3.0,STANDARDIZED,
harmonium,harmonium_000486.wav,252.wav,Harmonium\252.wav,TRAIN,True,True,3.0,STANDARDIZED,
harmonium,harmonium_000488.wav,254.wav,Harmonium\254.wav,TRAIN,True,True,3.0,STANDARDIZED,
harmonium,harmonium_000855.wav,585.wav,Harmonium\585.wav,TRAIN,True,True,3.0,STANDARDIZED,
harmonium,harmonium_001067.wav,776.wav,Harmonium\776.wav,TRAIN,True,True,3.0,STANDARDIZED,
harmonium,harmonium_000080.wav,107.wav,Harmonium\107.wav,TRAIN,True,True,3.0,STANDARDIZED,
harmonium,harmonium_000657.wav,406.wav,Harmonium\406.wav,TRAIN,True,True,3.0,STANDARDIZED,
harmonium,harmonium_000118.wav,1103.wav,Harmonium\1103.wav,TRAIN,True,True,3.0,STANDARDIZED,
harmonium,harmonium_000768.wav,506.wav,Harmonium\506.wav,TRAIN,True,True,3.0,STANDARDIZED,
harmonium,harmonium_000010.wav,1006.wav,Harmonium\1006.wav,TRAIN,True,True,3.0,STANDARDIZED,
harmonium,harmonium_000583.wav,34.wav,Harmonium\34.wav,TRAIN,True,True,3.0,STANDARDIZED,
harmonium,harmonium_000287.wav,1256.wav,Harmonium\1256.wav,TRAIN,True,True,3.0,STANDARDIZED,
harmonium,harmonium_000624.wav,377.wav,Harmonium\377.wav,TRAIN,True,True,3.0,STANDARDIZED,
harmonium,harmonium_000924.wav,647.wav,Harmonium\647.wav,TRAIN,True,True,3.0,STANDARDIZED,
harmonium,harmonium_000164.wav,1145.wav,Harmonium\1145.wav,TRAIN,True,True,3.0,STANDARDIZED,
harmonium,harmonium_000760.wav,5.wav,Harmonium\5.wav,TRAIN,True,True,3.0,STANDARDIZED,
harmonium,harmonium_001268.wav,957.wav,Harmonium\957.wav,TRAIN,True,True,3.0,STANDARDIZED,
harmonium,harmonium_000909.wav,633.wav,Harmonium\633.wav,TRAIN,True,True,3.0,STANDARDIZED,
harmonium,harmonium_000461.wav,23.wav,Harmonium\23.wav,TRAIN,True,True,3.0,STANDARDIZED,
harmonium,harmonium_000028.wav,1022.wav,Harmonium\1022.wav,TRAIN,True,True,3.0,STANDARDIZED,
harmonium,harmonium_001072.wav,780.wav,Harmonium\780.wav,TRAIN,True,True,3.0,STANDARDIZED,
harmonium,harmonium_000379.wav,156.wav,Harmonium\156.wav,TRAIN,True,True,3.0,STANDARDIZED,
harmonium,harmonium_001316.wav,Harmonium Sample - 02.wav,Harmonium\Harmonium Sample - 02.wav,TRAIN,True,True,8.870045351473923,STANDARDIZED,
harmonium,harmonium_001216.wav,91.wav,Harmonium\91.wav,TRAIN,True,True,3.0,STANDARDIZED,
harmonium,harmonium_000458.wav,227.wav,Harmonium\227.wav,TRAIN,True,True,3.0,STANDARDIZED,
harmonium,harmonium_000633.wav,385.wav,Harmonium\385.wav,TRAIN,True,True,3.0,STANDARDIZED,
harmonium,harmonium_000530.wav,292.wav,Harmonium\292.wav,TRAIN,True,True,3.0,STANDARDIZED,
harmonium,harmonium_000231.wav,1205.wav,Harmonium\1205.wav,TRAIN,True,True,3.0,STANDARDIZED,
harmonium,harmonium_000433.wav,204.wav,Harmonium\204.wav,TRAIN,True,True,3.0,STANDARDIZED,
harmonium,harmonium_001091.wav,798.wav,Harmonium\798.wav,TRAIN,True,True,3.0,STANDARDIZED,
harmonium,harmonium_000654.wav,403.wav,Harmonium\403.wav,TRAIN,True,True,3.0,STANDARDIZED,
harmonium,harmonium_000749.wav,49.wav,Harmonium\49.wav,TRAIN,True,True,3.0,STANDARDIZED,
harmonium,harmonium_000597.wav,352.wav,Harmonium\352.wav,TRAIN,True,True,3.0,STANDARDIZED,
harmonium,harmonium_001056.wav,766.wav,Harmonium\766.wav,TRAIN,True,True,3.0,STANDARDIZED,
harmonium,harmonium_000715.wav,459.wav,Harmonium\459.wav,TRAIN,True,True,3.0,STANDARDIZED,
harmonium,harmonium_000325.wav,1290.wav,Harmonium\1290.wav,TRAIN,True,True,3.0,STANDARDIZED,
harmonium,harmonium_000479.wav,246.wav,Harmonium\246.wav,TRAIN,True,True,3.0,STANDARDIZED,
harmonium,harmonium_000375.wav,152.wav,Harmonium\152.wav,TRAIN,True,True,3.0,STANDARDIZED,
harmonium,harmonium_000595.wav,350.wav,Harmonium\350.wav,TRAIN,True,True,3.0,STANDARDIZED,
harmonium,harmonium_001310.wav,995.wav,Harmonium\995.wav,TRAIN,True,True,3.0,STANDARDIZED,
harmonium,harmonium_000522.wav,285.wav,Harmonium\285.wav,TRAIN,True,True,3.0,STANDARDIZED,
harmonium,harmonium_001012.wav,726.wav,Harmonium\726.wav,TRAIN,True,True,3.0,STANDARDIZED,
harmonium,harmonium_000298.wav,1266.wav,Harmonium\1266.wav,TRAIN,True,True,3.0,STANDARDIZED,
harmonium,harmonium_000626.wav,379.wav,Harmonium\379.wav,TRAIN,True,True,3.0,STANDARDIZED,
harmonium,harmonium_000240.wav,1213.wav,Harmonium\1213.wav,TRAIN,True,True,3.0,STANDARDIZED,
harmonium,harmonium_000100.wav,1088.wav,Harmonium\1088.wav,TRAIN,True,True,3.0,STANDARDIZED,
harmonium,harmonium_000008.wav,1004.wav,Harmonium\1004.wav,TRAIN,True,True,3.0,STANDARDIZED,
harmonium,harmonium_000282.wav,1251.wav,Harmonium\1251.wav,TRAIN,True,True,3.0,STANDARDIZED,
harmonium,harmonium_000355.wav,134.wav,Harmonium\134.wav,TRAIN,True,True,3.0,STANDARDIZED,
harmonium,harmonium_001034.wav,746.wav,Harmonium\746.wav,TRAIN,True,True,3.0,STANDARDIZED,
harmonium,harmonium_000837.wav,569.wav,Harmonium\569.wav,TRAIN,True,True,3.0,STANDARDIZED,
harmonium,harmonium_000625.wav,378.wav,Harmonium\378.wav,TRAIN,True,True,3.0,STANDARDIZED,
harmonium,harmonium_001104.wav,809.wav,Harmonium\809.wav,TRAIN,True,True,3.0,STANDARDIZED,
harmonium,harmonium_001252.wav,942.wav,Harmonium\942.wav,TRAIN,True,True,3.0,STANDARDIZED,
harmonium,harmonium_001068.wav,777.wav,Harmonium\777.wav,TRAIN,True,True,3.0,STANDARDIZED,
harmonium,harmonium_000500.wav,265.wav,Harmonium\265.wav,TRAIN,True,True,3.0,STANDARDIZED,
harmonium,harmonium_000945.wav,666.wav,Harmonium\666.wav,TRAIN,True,True,3.0,STANDARDIZED,
harmonium,harmonium_000125.wav,111.wav,Harmonium\111.wav,TRAIN,True,True,3.0,STANDARDIZED,
harmonium,harmonium_000246.wav,1219.wav,Harmonium\1219.wav,TRAIN,True,True,3.0,STANDARDIZED,
harmonium,harmonium_000186.wav,1165.wav,Harmonium\1165.wav,TRAIN,True,True,3.0,STANDARDIZED,
harmonium,harmonium_001196.wav,892.wav,Harmonium\892.wav,TRAIN,True,True,3.0,STANDARDIZED,
harmonium,harmonium_000892.wav,618.wav,Harmonium\618.wav,TRAIN,True,True,3.0,STANDARDIZED,
harmonium,harmonium_000708.wav,452.wav,Harmonium\452.wav,TRAIN,True,True,3.0,STANDARDIZED,
harmonium,harmonium_000696.wav,441.wav,Harmonium\441.wav,TRAIN,True,True,3.0,STANDARDIZED,
harmonium,harmonium_000733.wav,475.wav,Harmonium\475.wav,TRAIN,True,True,3.0,STANDARDIZED,
harmonium,harmonium_001134.wav,836.wav,Harmonium\836.wav,TRAIN,True,True,3.0,STANDARDIZED,
harmonium,harmonium_001243.wav,934.wav,Harmonium\934.wav,TRAIN,True,True,3.0,STANDARDIZED,
harmonium,harmonium_000674.wav,421.wav,Harmonium\421.wav,TRAIN,True,True,3.0,STANDARDIZED,
harmonium,harmonium_000066.wav,1057.wav,Harmonium\1057.wav,TRAIN,True,True,3.0,STANDARDIZED,
harmonium,harmonium_001248.wav,939.wav,Harmonium\939.wav,TRAIN,True,True,3.0,STANDARDIZED,
harmonium,harmonium_000354.wav,133.wav,Harmonium\133.wav,TRAIN,True,True,3.0,STANDARDIZED,
harmonium,harmonium_000679.wav,426.wav,Harmonium\426.wav,TRAIN,True,True,3.0,STANDARDIZED,
harmonium,harmonium_000929.wav,651.wav,Harmonium\651.wav,TRAIN,True,True,3.0,STANDARDIZED,
harmonium,harmonium_001201.wav,897.wav,Harmonium\897.wav,TRAIN,True,True,3.0,STANDARDIZED,
harmonium,harmonium_000105.wav,1092.wav,Harmonium\1092.wav,TRAIN,True,True,3.0,STANDARDIZED,
harmonium,harmonium_001114.wav,818.wav,Harmonium\818.wav,TRAIN,True,True,3.0,STANDARDIZED,
harmonium,harmonium_000978.wav,696.wav,Harmonium\696.wav,TRAIN,True,True,3.0,STANDARDIZED,
harmonium,harmonium_001171.wav,87.wav,Harmonium\87.wav,TRAIN,True,True,3.0,STANDARDIZED,
harmonium,harmonium_000050.wav,1042.wav,Harmonium\1042.wav,TRAIN,True,True,3.0,STANDARDIZED,
harmonium,harmonium_001082.wav,79.wav,Harmonium\79.wav,TRAIN,True,True,3.0,STANDARDIZED,
harmonium,harmonium_000444.wav,214.wav,Harmonium\214.wav,TRAIN,True,True,3.0,STANDARDIZED,
harmonium,harmonium_000792.wav,528.wav,Harmonium\528.wav,TRAIN,True,True,3.0,STANDARDIZED,
harmonium,harmonium_000628.wav,380.wav,Harmonium\380.wav,TRAIN,True,True,3.0,STANDARDIZED,
harmonium,harmonium_000896.wav,621.wav,Harmonium\621.wav,TRAIN,True,True,3.0,STANDARDIZED,
harmonium,harmonium_000220.wav,1196.wav,Harmonium\1196.wav,TRAIN,True,True,3.0,STANDARDIZED,
harmonium,harmonium_001292.wav,979.wav,Harmonium\979.wav,TRAIN,True,True,3.0,STANDARDIZED,
harmonium,harmonium_000842.wav,573.wav,Harmonium\573.wav,TRAIN,True,True,3.0,STANDARDIZED,
harmonium,harmonium_000404.wav,179.wav,Harmonium\179.wav,TRAIN,True,True,3.0,STANDARDIZED,
harmonium,harmonium_000024.wav,1019.wav,Harmonium\1019.wav,TRAIN,True,True,3.0,STANDARDIZED,
harmonium,harmonium_000576.wav,333.wav,Harmonium\333.wav,TRAIN,True,True,3.0,STANDARDIZED,
harmonium,harmonium_001064.wav,773.wav,Harmonium\773.wav,TRAIN,True,True,3.0,STANDARDIZED,
harmonium,harmonium_001204.wav,9.wav,Harmonium\9.wav,TRAIN,True,True,3.0,STANDARDIZED,
harmonium,harmonium_000213.wav,119.wav,Harmonium\119.wav,TRAIN,True,True,3.0,STANDARDIZED,
harmonium,harmonium_000350.wav,1312.wav,Harmonium\1312.wav,TRAIN,True,True,3.0,STANDARDIZED,
harmonium,harmonium_000547.wav,307.wav,Harmonium\307.wav,TRAIN,True,True,3.0,STANDARDIZED,
harmonium,harmonium_000766.wav,504.wav,Harmonium\504.wav,TRAIN,True,True,3.0,STANDARDIZED,
harmonium,harmonium_000928.wav,650.wav,Harmonium\650.wav,TRAIN,True,True,3.0,STANDARDIZED,
harmonium,harmonium_000796.wav,531.wav,Harmonium\531.wav,TRAIN,True,True,3.0,STANDARDIZED,
harmonium,harmonium_000207.wav,1184.wav,Harmonium\1184.wav,TRAIN,True,True,3.0,STANDARDIZED,
harmonium,harmonium_000447.wav,217.wav,Harmonium\217.wav,TRAIN,True,True,3.0,STANDARDIZED,
harmonium,harmonium_000438.wav,209.wav,Harmonium\209.wav,TRAIN,True,True,3.0,STANDARDIZED,
harmonium,harmonium_000093.wav,1081.wav,Harmonium\1081.wav,TRAIN,True,True,3.0,STANDARDIZED,
harmonium,harmonium_000445.wav,215.wav,Harmonium\215.wav,TRAIN,True,True,3.0,STANDARDIZED,
harmonium,harmonium_000035.wav,1029.wav,Harmonium\1029.wav,TRAIN,True,True,3.0,STANDARDIZED,
harmonium,harmonium_000518.wav,281.wav,Harmonium\281.wav,TRAIN,True,True,3.0,STANDARDIZED,
harmonium,harmonium_001191.wav,888.wav,Harmonium\888.wav,TRAIN,True,True,3.0,STANDARDIZED,
harmonium,harmonium_001028.wav,740.wav,Harmonium\740.wav,TRAIN,True,True,3.0,STANDARDIZED,
harmonium,harmonium_000900.wav,625.wav,Harmonium\625.wav,TRAIN,True,True,3.0,STANDARDIZED,
harmonium,harmonium_001116.wav,82.wav,Harmonium\82.wav,TRAIN,True,True,3.0,STANDARDIZED,
harmonium,harmonium_000361.wav,14.wav,Harmonium\14.wav,TRAIN,True,True,3.0,STANDARDIZED,
harmonium,harmonium_001015.wav,729.wav,Harmonium\729.wav,TRAIN,True,True,3.0,STANDARDIZED,
harmonium,harmonium_000352.wav,1314.wav,Harmonium\1314.wav,TRAIN,True,True,3.0,STANDARDIZED,
harmonium,harmonium_000706.wav,450.wav,Harmonium\450.wav,TRAIN,True,True,3.0,STANDARDIZED,
harmonium,harmonium_000150.wav,1132.wav,Harmonium\1132.wav,TRAIN,True,True,3.0,STANDARDIZED,
harmonium,harmonium_000211.wav,1188.wav,Harmonium\1188.wav,TRAIN,True,True,3.0,STANDARDIZED,
harmonium,harmonium_000912.wav,636.wav,Harmonium\636.wav,TRAIN,True,True,3.0,STANDARDIZED,
harmonium,harmonium_001011.wav,725.wav,Harmonium\725.wav,TRAIN,True,True,3.0,STANDARDIZED,
harmonium,harmonium_000701.wav,446.wav,Harmonium\446.wav,TRAIN,True,True,3.0,STANDARDIZED,
harmonium,harmonium_000300.wav,1268.wav,Harmonium\1268.wav,TRAIN,True,True,3.0,STANDARDIZED,
harmonium,harmonium_000307.wav,1274.wav,Harmonium\1274.wav,TRAIN,True,True,3.0,STANDARDIZED,
harmonium,harmonium_001188.wav,885.wav,Harmonium\885.wav,TRAIN,True,True,3.0,STANDARDIZED,
harmonium,harmonium_000606.wav,360.wav,Harmonium\360.wav,TRAIN,True,True,3.0,STANDARDIZED,
harmonium,harmonium_001081.wav,789.wav,Harmonium\789.wav,TRAIN,True,True,3.0,STANDARDIZED,
harmonium,harmonium_001285.wav,972.wav,Harmonium\972.wav,TRAIN,True,True,3.0,STANDARDIZED,
harmonium,harmonium_001038.wav,75.wav,Harmonium\75.wav,TRAIN,True,True,3.0,STANDARDIZED,
harmonium,harmonium_000811.wav,545.wav,Harmonium\545.wav,TRAIN,True,True,3.0,STANDARDIZED,
harmonium,harmonium_000684.wav,430.wav,Harmonium\430.wav,TRAIN,True,True,3.0,STANDARDIZED,
harmonium,harmonium_001127.wav,83.wav,Harmonium\83.wav,TRAIN,True,True,3.0,STANDARDIZED,
harmonium,harmonium_000961.wav,680.wav,Harmonium\680.wav,TRAIN,True,True,3.0,STANDARDIZED,
harmonium,harmonium_000014.wav,101.wav,Harmonium\101.wav,TRAIN,True,True,3.0,STANDARDIZED,
harmonium,harmonium_001210.wav,904.wav,Harmonium\904.wav,TRAIN,True,True,3.0,STANDARDIZED,
harmonium,harmonium_000515.wav,279.wav,Harmonium\279.wav,TRAIN,True,True,3.0,STANDARDIZED,
harmonium,harmonium_000410.wav,184.wav,Harmonium\184.wav,TRAIN,True,True,3.0,STANDARDIZED,
harmonium,harmonium_000631.wav,383.wav,Harmonium\383.wav,TRAIN,True,True,3.0,STANDARDIZED,
harmonium,harmonium_000314.wav,1280.wav,Harmonium\1280.wav,TRAIN,True,True,3.0,STANDARDIZED,
harmonium,harmonium_000390.wav,166.wav,Harmonium\166.wav,TRAIN,True,True,3.0,STANDARDIZED,
harmonium,harmonium_000611.wav,365.wav,Harmonium\365.wav,TRAIN,True,True,3.0,STANDARDIZED,
harmonium,harmonium_001118.wav,821.wav,Harmonium\821.wav,TRAIN,True,True,3.0,STANDARDIZED,
harmonium,harmonium_000630.wav,382.wav,Harmonium\382.wav,TRAIN,True,True,3.0,STANDARDIZED,
harmonium,harmonium_000652.wav,401.wav,Harmonium\401.wav,TRAIN,True,True,3.0,STANDARDIZED,
harmonium,harmonium_000383.wav,16.wav,Harmonium\16.wav,TRAIN,True,True,3.0,STANDARDIZED,
harmonium,harmonium_000754.wav,494.wav,Harmonium\494.wav,TRAIN,True,True,3.0,STANDARDIZED,
harmonium,harmonium_000111.wav,1098.wav,Harmonium\1098.wav,TRAIN,True,True,3.0,STANDARDIZED,
harmonium,harmonium_000645.wav,396.wav,Harmonium\396.wav,TRAIN,True,True,3.0,STANDARDIZED,
harmonium,harmonium_001035.wav,747.wav,Harmonium\747.wav,TRAIN,True,True,3.0,STANDARDIZED,
harmonium,harmonium_000742.wav,483.wav,Harmonium\483.wav,TRAIN,True,True,3.0,STANDARDIZED,
harmonium,harmonium_000264.wav,1235.wav,Harmonium\1235.wav,TRAIN,True,True,3.0,STANDARDIZED,
harmonium,harmonium_000370.wav,148.wav,Harmonium\148.wav,TRAIN,True,True,3.0,STANDARDIZED,
harmonium,harmonium_000871.wav,6.wav,Harmonium\6.wav,TRAIN,True,True,3.0,STANDARDIZED,
harmonium,harmonium_000687.wav,433.wav,Harmonium\433.wav,TRAIN,True,True,3.0,STANDARDIZED,
harmonium,harmonium_001079.wav,787.wav,Harmonium\787.wav,TRAIN,True,True,3.0,STANDARDIZED,
harmonium,harmonium_000996.wav,711.wav,Harmonium\711.wav,TRAIN,True,True,3.0,STANDARDIZED,
harmonium,harmonium_000009.wav,1005.wav,Harmonium\1005.wav,TRAIN,True,True,3.0,STANDARDIZED,
harmonium,harmonium_000317.wav,1283.wav,Harmonium\1283.wav,TRAIN,True,True,3.0,STANDARDIZED,
harmonium,harmonium_000305.wav,1272.wav,Harmonium\1272.wav,TRAIN,True,True,3.0,STANDARDIZED,
harmonium,harmonium_000428.wav,20.wav,Harmonium\20.wav,TRAIN,True,True,3.0,STANDARDIZED,
harmonium,harmonium_000106.wav,1093.wav,Harmonium\1093.wav,TRAIN,True,True,3.0,STANDARDIZED,
harmonium,harmonium_001283.wav,970.wav,Harmonium\970.wav,TRAIN,True,True,3.0,STANDARDIZED,
harmonium,harmonium_000122.wav,1107.wav,Harmonium\1107.wav,TRAIN,True,True,3.0,STANDARDIZED,
harmonium,harmonium_000090.wav,1079.wav,Harmonium\1079.wav,TRAIN,True,True,3.0,STANDARDIZED,
harmonium,harmonium_000902.wav,627.wav,Harmonium\627.wav,TRAIN,True,True,3.0,STANDARDIZED,
harmonium,harmonium_001138.wav,84.wav,Harmonium\84.wav,TRAIN,True,True,3.0,STANDARDIZED,
harmonium,harmonium_000103.wav,1090.wav,Harmonium\1090.wav,TRAIN,True,True,3.0,STANDARDIZED,
harmonium,harmonium_000116.wav,1101.wav,Harmonium\1101.wav,TRAIN,True,True,3.0,STANDARDIZED,
harmonium,harmonium_000225.wav,120.wav,Harmonium\120.wav,TRAIN,True,True,3.0,STANDARDIZED,
harmonium,harmonium_000002.wav,10.wav,Harmonium\10.wav,TRAIN,True,True,3.0,STANDARDIZED,
harmonium,harmonium_000668.wav,416.wav,Harmonium\416.wav,TRAIN,True,True,3.0,STANDARDIZED,
harmonium,harmonium_000728.wav,470.wav,Harmonium\470.wav,TRAIN,True,True,3.0,STANDARDIZED,
harmonium,harmonium_000930.wav,652.wav,Harmonium\652.wav,TRAIN,True,True,3.0,STANDARDIZED,
harmonium,harmonium_000812.wav,546.wav,Harmonium\546.wav,TRAIN,True,True,3.0,STANDARDIZED,
harmonium,harmonium_001175.wav,873.wav,Harmonium\873.wav,TRAIN,True,True,3.0,STANDARDIZED,
harmonium,harmonium_000720.wav,463.wav,Harmonium\463.wav,TRAIN,True,True,3.0,STANDARDIZED,
harmonium,harmonium_000663.wav,411.wav,Harmonium\411.wav,TRAIN,True,True,3.0,STANDARDIZED,
harmonium,harmonium_000553.wav,312.wav,Harmonium\312.wav,TRAIN,True,True,3.0,STANDARDIZED,
harmonium,harmonium_000088.wav,1077.wav,Harmonium\1077.wav,TRAIN,True,True,3.0,STANDARDIZED,
harmonium,harmonium_000214.wav,1190.wav,Harmonium\1190.wav,TRAIN,True,True,3.0,STANDARDIZED,
harmonium,harmonium_000392.wav,168.wav,Harmonium\168.wav,TRAIN,True,True,3.0,STANDARDIZED,
harmonium,harmonium_000425.wav,198.wav,Harmonium\198.wav,TRAIN,True,True,3.0,STANDARDIZED,
harmonium,harmonium_000976.wav,694.wav,Harmonium\694.wav,TRAIN,True,True,3.0,STANDARDIZED,
harmonium,harmonium_001198.wav,894.wav,Harmonium\894.wav,TRAIN,True,True,3.0,STANDARDIZED,
harmonium,harmonium_000964.wav,683.wav,Harmonium\683.wav,TRAIN,True,True,3.0,STANDARDIZED,
harmonium,harmonium_000544.wav,304.wav,Harmonium\304.wav,TRAIN,True,True,3.0,STANDARDIZED,
harmonium,harmonium_000166.wav,1147.wav,Harmonium\1147.wav,TRAIN,True,True,3.0,STANDARDIZED,
harmonium,harmonium_000495.wav,260.wav,Harmonium\260.wav,TRAIN,True,True,3.0,STANDARDIZED,
harmonium,harmonium_000809.wav,543.wav,Harmonium\543.wav,TRAIN,True,True,3.0,STANDARDIZED,
harmonium,harmonium_000338.wav,1301.wav,Harmonium\1301.wav,TRAIN,True,True,3.0,STANDARDIZED,
harmonium,harmonium_000320.wav,1286.wav,Harmonium\1286.wav,TRAIN,True,True,3.0,STANDARDIZED,
harmonium,harmonium_001232.wav,924.wav,Harmonium\924.wav,TRAIN,True,True,3.0,STANDARDIZED,
harmonium,harmonium_000072.wav,1062.wav,Harmonium\1062.wav,TRAIN,True,True,3.0,STANDARDIZED,
harmonium,harmonium_000064.wav,1055.wav,Harmonium\1055.wav,TRAIN,True,True,3.0,STANDARDIZED,
harmonium,harmonium_000875.wav,602.wav,Harmonium\602.wav,TRAIN,True,True,3.0,STANDARDIZED,
harmonium,harmonium_000824.wav,557.wav,Harmonium\557.wav,TRAIN,True,True,3.0,STANDARDIZED,
harmonium,harmonium_001250.wav,940.wav,Harmonium\940.wav,TRAIN,True,True,3.0,STANDARDIZED,
harmonium,harmonium_001299.wav,985.wav,Harmonium\985.wav,TRAIN,True,True,3.0,STANDARDIZED,
harmonium,harmonium_001259.wav,949.wav,Harmonium\949.wav,TRAIN,True,True,3.0,STANDARDIZED,
harmonium,harmonium_000764.wav,502.wav,Harmonium\502.wav,TRAIN,True,True,3.0,STANDARDIZED,
harmonium,harmonium_001311.wav,996.wav,Harmonium\996.wav,TRAIN,True,True,3.0,STANDARDIZED,
harmonium,harmonium_000908.wav,632.wav,Harmonium\632.wav,TRAIN,True,True,3.0,STANDARDIZED,
harmonium,harmonium_000680.wav,427.wav,Harmonium\427.wav,TRAIN,True,True,3.0,STANDARDIZED,
harmonium,harmonium_000206.wav,1183.wav,Harmonium\1183.wav,TRAIN,True,True,3.0,STANDARDIZED,
harmonium,harmonium_000820.wav,553.wav,Harmonium\553.wav,TRAIN,True,True,3.0,STANDARDIZED,
harmonium,harmonium_000799.wav,534.wav,Harmonium\534.wav,TRAIN,True,True,3.0,STANDARDIZED,
harmonium,harmonium_000558.wav,317.wav,Harmonium\317.wav,TRAIN,True,True,3.0,STANDARDIZED,
harmonium,harmonium_000378.wav,155.wav,Harmonium\155.wav,TRAIN,True,True,3.0,STANDARDIZED,
harmonium,harmonium_000536.wav,298.wav,Harmonium\298.wav,TRAIN,True,True,3.0,STANDARDIZED,
harmonium,harmonium_000741.wav,482.wav,Harmonium\482.wav,TRAIN,True,True,3.0,STANDARDIZED,
harmonium,harmonium_000621.wav,374.wav,Harmonium\374.wav,TRAIN,True,True,3.0,STANDARDIZED,
harmonium,harmonium_000199.wav,1177.wav,Harmonium\1177.wav,TRAIN,True,True,3.0,STANDARDIZED,
harmonium,harmonium_000562.wav,320.wav,Harmonium\320.wav,TRAIN,True,True,3.0,STANDARDIZED,
harmonium,harmonium_001049.wav,76.wav,Harmonium\76.wav,TRAIN,True,True,3.0,STANDARDIZED,
harmonium,harmonium_000591.wav,347.wav,Harmonium\347.wav,TRAIN,True,True,3.0,STANDARDIZED,
harmonium,harmonium_000520.wav,283.wav,Harmonium\283.wav,TRAIN,True,True,3.0,STANDARDIZED,
harmonium,harmonium_000309.wav,1276.wav,Harmonium\1276.wav,TRAIN,True,True,3.0,STANDARDIZED,
harmonium,harmonium_000605.wav,36.wav,Harmonium\36.wav,TRAIN,True,True,3.0,STANDARDIZED,
harmonium,harmonium_000643.wav,394.wav,Harmonium\394.wav,TRAIN,True,True,3.0,STANDARDIZED,
harmonium,harmonium_000060.wav,1051.wav,Harmonium\1051.wav,TRAIN,True,True,3.0,STANDARDIZED,
harmonium,harmonium_000962.wav,681.wav,Harmonium\681.wav,TRAIN,True,True,3.0,STANDARDIZED,
harmonium,harmonium_001132.wav,834.wav,Harmonium\834.wav,TRAIN,True,True,3.0,STANDARDIZED,
harmonium,harmonium_000208.wav,1185.wav,Harmonium\1185.wav,TRAIN,True,True,3.0,STANDARDIZED,
harmonium,harmonium_000492.wav,258.wav,Harmonium\258.wav,TRAIN,True,True,3.0,STANDARDIZED,
harmonium,harmonium_000636.wav,388.wav,Harmonium\388.wav,TRAIN,True,True,3.0,STANDARDIZED,
harmonium,harmonium_001019.wav,732.wav,Harmonium\732.wav,TRAIN,True,True,3.0,STANDARDIZED,
harmonium,harmonium_000163.wav,1144.wav,Harmonium\1144.wav,TRAIN,True,True,3.0,STANDARDIZED,
harmonium,harmonium_001128.wav,830.wav,Harmonium\830.wav,TRAIN,True,True,3.0,STANDARDIZED,
harmonium,harmonium_000894.wav,62.wav,Harmonium\62.wav,TRAIN,True,True,3.0,STANDARDIZED,
harmonium,harmonium_001141.wav,842.wav,Harmonium\842.wav,TRAIN,True,True,3.0,STANDARDIZED,
harmonium,harmonium_000257.wav,1229.wav,Harmonium\1229.wav,TRAIN,True,True,3.0,STANDARDIZED,
harmonium,harmonium_001168.wav,867.wav,Harmonium\867.wav,TRAIN,True,True,3.0,STANDARDIZED,
harmonium,harmonium_000387.wav,163.wav,Harmonium\163.wav,TRAIN,True,True,3.0,STANDARDIZED,
harmonium,harmonium_000453.wav,222.wav,Harmonium\222.wav,TRAIN,True,True,3.0,STANDARDIZED,
harmonium,harmonium_001076.wav,784.wav,Harmonium\784.wav,TRAIN,True,True,3.0,STANDARDIZED,
harmonium,harmonium_000303.wav,1270.wav,Harmonium\1270.wav,TRAIN,True,True,3.0,STANDARDIZED,
harmonium,harmonium_000021.wav,1016.wav,Harmonium\1016.wav,TRAIN,True,True,3.0,STANDARDIZED,
harmonium,harmonium_001207.wav,901.wav,Harmonium\901.wav,TRAIN,True,True,3.0,STANDARDIZED,
harmonium,harmonium_001305.wav,990.wav,Harmonium\990.wav,TRAIN,True,True,3.0,STANDARDIZED,
harmonium,harmonium_000382.wav,159.wav,Harmonium\159.wav,TRAIN,True,True,3.0,STANDARDIZED,
harmonium,harmonium_000539.wav,30.wav,Harmonium\30.wav,TRAIN,True,True,3.0,STANDARDIZED,
harmonium,harmonium_000647.wav,398.wav,Harmonium\398.wav,TRAIN,True,True,3.0,STANDARDIZED,
harmonium,harmonium_001167.wav,866.wav,Harmonium\866.wav,TRAIN,True,True,3.0,STANDARDIZED,
harmonium,harmonium_000084.wav,1073.wav,Harmonium\1073.wav,TRAIN,True,True,3.0,STANDARDIZED,
harmonium,harmonium_001036.wav,748.wav,Harmonium\748.wav,TRAIN,True,True,3.0,STANDARDIZED,
harmonium,harmonium_001060.wav,77.wav,Harmonium\77.wav,TRAIN,True,True,3.0,STANDARDIZED,
harmonium,harmonium_001263.wav,952.wav,Harmonium\952.wav,TRAIN,True,True,3.0,STANDARDIZED,
harmonium,harmonium_000271.wav,1241.wav,Harmonium\1241.wav,TRAIN,True,True,3.0,STANDARDIZED,
harmonium,harmonium_000868.wav,597.wav,Harmonium\597.wav,TRAIN,True,True,3.0,STANDARDIZED,
harmonium,harmonium_000941.wav,662.wav,Harmonium\662.wav,TRAIN,True,True,3.0,STANDARDIZED,
harmonium,harmonium_000889.wav,615.wav,Harmonium\615.wav,TRAIN,True,True,3.0,STANDARDIZED,
harmonium,harmonium_000793.wav,529.wav,Harmonium\529.wav,TRAIN,True,True,3.0,STANDARDIZED,
harmonium,harmonium_000891.wav,617.wav,Harmonium\617.wav,TRAIN,True,True,3.0,STANDARDIZED,
harmonium,harmonium_000656.wav,405.wav,Harmonium\405.wav,TRAIN,True,True,3.0,STANDARDIZED,
harmonium,harmonium_000430.wav,201.wav,Harmonium\201.wav,TRAIN,True,True,3.0,STANDARDIZED,
harmonium,harmonium_001001.wav,716.wav,Harmonium\716.wav,TRAIN,True,True,3.0,STANDARDIZED,
harmonium,harmonium_000989.wav,705.wav,Harmonium\705.wav,TRAIN,True,True,3.0,STANDARDIZED,
harmonium,harmonium_000570.wav,328.wav,Harmonium\328.wav,TRAIN,True,True,3.0,STANDARDIZED,
harmonium,harmonium_000459.wav,228.wav,Harmonium\228.wav,TRAIN,True,True,3.0,STANDARDIZED,
harmonium,harmonium_000079.wav,1069.wav,Harmonium\1069.wav,TRAIN,True,True,3.0,STANDARDIZED,
harmonium,harmonium_001048.wav,759.wav,Harmonium\759.wav,TRAIN,True,True,3.0,STANDARDIZED,
harmonium,harmonium_000033.wav,1027.wav,Harmonium\1027.wav,TRAIN,True,True,3.0,STANDARDIZED,
harmonium,harmonium_000975.wav,693.wav,Harmonium\693.wav,TRAIN,True,True,3.0,STANDARDIZED,
harmonium,harmonium_000995.wav,710.wav,Harmonium\710.wav,TRAIN,True,True,3.0,STANDARDIZED,
harmonium,harmonium_000460.wav,229.wav,Harmonium\229.wav,TRAIN,True,True,3.0,STANDARDIZED,
harmonium,harmonium_000381.wav,158.wav,Harmonium\158.wav,TRAIN,True,True,3.0,STANDARDIZED,
harmonium,harmonium_001024.wav,737.wav,Harmonium\737.wav,TRAIN,True,True,3.0,STANDARDIZED,
harmonium,harmonium_001146.wav,847.wav,Harmonium\847.wav,TRAIN,True,True,3.0,STANDARDIZED,
harmonium,harmonium_001302.wav,988.wav,Harmonium\988.wav,TRAIN,True,True,3.0,STANDARDIZED,
harmonium,harmonium_000306.wav,1273.wav,Harmonium\1273.wav,TRAIN,True,True,3.0,STANDARDIZED,
harmonium,harmonium_000210.wav,1187.wav,Harmonium\1187.wav,TRAIN,True,True,3.0,STANDARDIZED,
harmonium,harmonium_000780.wav,517.wav,Harmonium\517.wav,TRAIN,True,True,3.0,STANDARDIZED,
harmonium,harmonium_000474.wav,241.wav,Harmonium\241.wav,TRAIN,True,True,3.0,STANDARDIZED,
harmonium,harmonium_000022.wav,1017.wav,Harmonium\1017.wav,TRAIN,True,True,3.0,STANDARDIZED,
harmonium,harmonium_000933.wav,655.wav,Harmonium\655.wav,TRAIN,True,True,3.0,STANDARDIZED,
harmonium,harmonium_000861.wav,590.wav,Harmonium\590.wav,TRAIN,True,True,3.0,STANDARDIZED,
harmonium,harmonium_000795.wav,530.wav,Harmonium\530.wav,TRAIN,True,True,3.0,STANDARDIZED,
harmonium,harmonium_000192.wav,1170.wav,Harmonium\1170.wav,TRAIN,True,True,3.0,STANDARDIZED,
harmonium,harmonium_001240.wav,931.wav,Harmonium\931.wav,TRAIN,True,True,3.0,STANDARDIZED,
harmonium,harmonium_000242.wav,1215.wav,Harmonium\1215.wav,TRAIN,True,True,3.0,STANDARDIZED,
harmonium,harmonium_000484.wav,250.wav,Harmonium\250.wav,TRAIN,True,True,3.0,STANDARDIZED,
harmonium,harmonium_001256.wav,946.wav,Harmonium\946.wav,TRAIN,True,True,3.0,STANDARDIZED,
harmonium,harmonium_000278.wav,1248.wav,Harmonium\1248.wav,TRAIN,True,True,3.0,STANDARDIZED,
harmonium,harmonium_000750.wav,490.wav,Harmonium\490.wav,TRAIN,True,True,3.0,STANDARDIZED,
harmonium,harmonium_000222.wav,1198.wav,Harmonium\1198.wav,TRAIN,True,True,3.0,STANDARDIZED,
harmonium,harmonium_000926.wav,649.wav,Harmonium\649.wav,TRAIN,True,True,3.0,STANDARDIZED,
harmonium,harmonium_000572.wav,33.wav,Harmonium\33.wav,TRAIN,True,True,3.0,STANDARDIZED,
harmonium,harmonium_000412.wav,186.wav,Harmonium\186.wav,TRAIN,True,True,3.0,STANDARDIZED,
harmonium,harmonium_000695.wav,440.wav,Harmonium\440.wav,TRAIN,True,True,3.0,STANDARDIZED,
harmonium,harmonium_000787.wav,523.wav,Harmonium\523.wav,TRAIN,True,True,3.0,STANDARDIZED,
harmonium,harmonium_000586.wav,342.wav,Harmonium\342.wav,TRAIN,True,True,3.0,STANDARDIZED,
harmonium,harmonium_001042.wav,753.wav,Harmonium\753.wav,TRAIN,True,True,3.0,STANDARDIZED,
harmonium,harmonium_001080.wav,788.wav,Harmonium\788.wav,TRAIN,True,True,3.0,STANDARDIZED,
harmonium,harmonium_001208.wav,902.wav,Harmonium\902.wav,TRAIN,True,True,3.0,STANDARDIZED,
harmonium,harmonium_000326.wav,1291.wav,Harmonium\1291.wav,TRAIN,True,True,3.0,STANDARDIZED,
harmonium,harmonium_000675.wav,422.wav,Harmonium\422.wav,TRAIN,True,True,3.0,STANDARDIZED,
harmonium,harmonium_001002.wav,717.wav,Harmonium\717.wav,TRAIN,True,True,3.0,STANDARDIZED,
harmonium,harmonium_000448.wav,218.wav,Harmonium\218.wav,TRAIN,True,True,3.0,STANDARDIZED,
harmonium,harmonium_000914.wav,638.wav,Harmonium\638.wav,TRAIN,True,True,3.0,STANDARDIZED,
harmonium,harmonium_000360.wav,139.wav,Harmonium\139.wav,TRAIN,True,True,3.0,STANDARDIZED,
harmonium,harmonium_001163.wav,862.wav,Harmonium\862.wav,TRAIN,True,True,3.0,STANDARDIZED,
harmonium,harmonium_000233.wav,1207.wav,Harmonium\1207.wav,TRAIN,True,True,3.0,STANDARDIZED,
harmonium,harmonium_000113.wav,11.wav,Harmonium\11.wav,TRAIN,True,True,3.0,STANDARDIZED,
harmonium,harmonium_000716.wav,46.wav,Harmonium\46.wav,TRAIN,True,True,3.0,STANDARDIZED,
harmonium,harmonium_000046.wav,1039.wav,Harmonium\1039.wav,TRAIN,True,True,3.0,STANDARDIZED,
harmonium,harmonium_000525.wav,288.wav,Harmonium\288.wav,TRAIN,True,True,3.0,STANDARDIZED,
harmonium,harmonium_000743.wav,484.wav,Harmonium\484.wav,TRAIN,True,True,3.0,STANDARDIZED,
harmonium,harmonium_000295.wav,1263.wav,Harmonium\1263.wav,TRAIN,True,True,3.0,STANDARDIZED,
harmonium,harmonium_000974.wav,692.wav,Harmonium\692.wav,TRAIN,True,True,3.0,STANDARDIZED,
harmonium,harmonium_000589.wav,345.wav,Harmonium\345.wav,TRAIN,True,True,3.0,STANDARDIZED,
harmonium,harmonium_000258.wav,123.wav,Harmonium\123.wav,TRAIN,True,True,3.0,STANDARDIZED,
harmonium,harmonium_000718.wav,461.wav,Harmonium\461.wav,TRAIN,True,True,3.0,STANDARDIZED,
harmonium,harmonium_001094.wav,80.wav,Harmonium\80.wav,TRAIN,True,True,3.0,STANDARDIZED,
harmonium,harmonium_000551.wav,310.wav,Harmonium\310.wav,TRAIN,True,True,3.0,STANDARDIZED,
harmonium,harmonium_000845.wav,576.wav,Harmonium\576.wav,TRAIN,True,True,3.0,STANDARDIZED,
harmonium,harmonium_000437.wav,208.wav,Harmonium\208.wav,TRAIN,True,True,3.0,STANDARDIZED,
harmonium,harmonium_001149.wav,85.wav,Harmonium\85.wav,TRAIN,True,True,3.0,STANDARDIZED,
harmonium,harmonium_000672.wav,42.wav,Harmonium\42.wav,TRAIN,True,True,3.0,STANDARDIZED,
harmonium,harmonium_000394.wav,17.wav,Harmonium\17.wav,TRAIN,True,True,3.0,STANDARDIZED,
harmonium,harmonium_000884.wav,610.wav,Harmonium\610.wav,TRAIN,True,True,3.0,STANDARDIZED,
harmonium,harmonium_000535.wav,297.wav,Harmonium\297.wav,TRAIN,True,True,3.0,STANDARDIZED,
harmonium,harmonium_000031.wav,1025.wav,Harmonium\1025.wav,TRAIN,True,True,3.0,STANDARDIZED,
harmonium,harmonium_000893.wav,619.wav,Harmonium\619.wav,TRAIN,True,True,3.0,STANDARDIZED,
harmonium,harmonium_000133.wav,1117.wav,Harmonium\1117.wav,TRAIN,True,True,3.0,STANDARDIZED,
harmonium,harmonium_001101.wav,806.wav,Harmonium\806.wav,TRAIN,True,True,3.0,STANDARDIZED,
harmonium,harmonium_001095.wav,800.wav,Harmonium\800.wav,TRAIN,True,True,3.0,STANDARDIZED,
harmonium,harmonium_001286.wav,973.wav,Harmonium\973.wav,TRAIN,True,True,3.0,STANDARDIZED,
harmonium,harmonium_000667.wav,415.wav,Harmonium\415.wav,TRAIN,True,True,3.0,STANDARDIZED,
harmonium,harmonium_000191.wav,117.wav,Harmonium\117.wav,TRAIN,True,True,3.0,STANDARDIZED,
harmonium,harmonium_001214.wav,908.wav,Harmonium\908.wav,TRAIN,True,True,3.0,STANDARDIZED,
harmonium,harmonium_000765.wav,503.wav,Harmonium\503.wav,TRAIN,True,True,3.0,STANDARDIZED,
harmonium,harmonium_001033.wav,745.wav,Harmonium\745.wav,TRAIN,True,True,3.0,STANDARDIZED,
harmonium,harmonium_000345.wav,1308.wav,Harmonium\1308.wav,TRAIN,True,True,3.0,STANDARDIZED,
harmonium,harmonium_000557.wav,316.wav,Harmonium\316.wav,TRAIN,True,True,3.0,STANDARDIZED,
harmonium,harmonium_001224.wav,917.wav,Harmonium\917.wav,TRAIN,True,True,3.0,STANDARDIZED,
harmonium,harmonium_000681.wav,428.wav,Harmonium\428.wav,TRAIN,True,True,3.0,STANDARDIZED,
harmonium,harmonium_000726.wav,469.wav,Harmonium\469.wav,TRAIN,True,True,3.0,STANDARDIZED,
harmonium,harmonium_000816.wav,55.wav,Harmonium\55.wav,TRAIN,True,True,3.0,STANDARDIZED,
harmonium,harmonium_000353.wav,132.wav,Harmonium\132.wav,TRAIN,True,True,3.0,STANDARDIZED,
harmonium,harmonium_000092.wav,1080.wav,Harmonium\1080.wav,TRAIN,True,True,3.0,STANDARDIZED,
harmonium,harmonium_001046.wav,757.wav,Harmonium\757.wav,TRAIN,True,True,3.0,STANDARDIZED,
harmonium,harmonium_000336.wav,130.wav,Harmonium\130.wav,TRAIN,True,True,3.0,STANDARDIZED,
harmonium,harmonium_001097.wav,802.wav,Harmonium\802.wav,TRAIN,True,True,3.0,STANDARDIZED,
harmonium,harmonium_000784.wav,520.wav,Harmonium\520.wav,TRAIN,True,True,3.0,STANDARDIZED,
harmonium,harmonium_000262.wav,1233.wav,Harmonium\1233.wav,TRAIN,True,True,3.0,STANDARDIZED,
harmonium,harmonium_001206.wav,900.wav,Harmonium\900.wav,TRAIN,True,True,3.0,STANDARDIZED,
harmonium,harmonium_001164.wav,863.wav,Harmonium\863.wav,TRAIN,True,True,3.0,STANDARDIZED,
harmonium,harmonium_000745.wav,486.wav,Harmonium\486.wav,TRAIN,True,True,3.0,STANDARDIZED,
harmonium,harmonium_000568.wav,326.wav,Harmonium\326.wav,TRAIN,True,True,3.0,STANDARDIZED,
harmonium,harmonium_000836.wav,568.wav,Harmonium\568.wav,TRAIN,True,True,3.0,STANDARDIZED,
harmonium,harmonium_000698.wav,443.wav,Harmonium\443.wav,TRAIN,True,True,3.0,STANDARDIZED,
harmonium,harmonium_000115.wav,1100.wav,Harmonium\1100.wav,TRAIN,True,True,3.0,STANDARDIZED,
harmonium,harmonium_000890.wav,616.wav,Harmonium\616.wav,TRAIN,True,True,3.0,STANDARDIZED,
harmonium,harmonium_000864.wav,593.wav,Harmonium\593.wav,TRAIN,True,True,3.0,STANDARDIZED,
harmonium,harmonium_000224.wav,12.wav,Harmonium\12.wav,TRAIN,True,True,3.0,STANDARDIZED,
harmonium,harmonium_000301.wav,1269.wav,Harmonium\1269.wav,TRAIN,True,True,3.0,STANDARDIZED,
harmonium,harmonium_001013.wav,727.wav,Harmonium\727.wav,TRAIN,True,True,3.0,STANDARDIZED,
harmonium,harmonium_001135.wav,837.wav,Harmonium\837.wav,TRAIN,True,True,3.0,STANDARDIZED,
harmonium,harmonium_001313.wav,998.wav,Harmonium\998.wav,TRAIN,True,True,3.0,STANDARDIZED,
harmonium,harmonium_000921.wav,644.wav,Harmonium\644.wav,TRAIN,True,True,3.0,STANDARDIZED,
harmonium,harmonium_000316.wav,1282.wav,Harmonium\1282.wav,TRAIN,True,True,3.0,STANDARDIZED,
harmonium,harmonium_000037.wav,1030.wav,Harmonium\1030.wav,TRAIN,True,True,3.0,STANDARDIZED,
harmonium,harmonium_000454.wav,223.wav,Harmonium\223.wav,TRAIN,True,True,3.0,STANDARDIZED,
harmonium,harmonium_000602.wav,357.wav,Harmonium\357.wav,TRAIN,True,True,3.0,STANDARDIZED,
harmonium,harmonium_000176.wav,1156.wav,Harmonium\1156.wav,TRAIN,True,True,3.0,STANDARDIZED,
harmonium,harmonium_001176.wav,874.wav,Harmonium\874.wav,TRAIN,True,True,3.0,STANDARDIZED,
harmonium,harmonium_001120.wav,823.wav,Harmonium\823.wav,TRAIN,True,True,3.0,STANDARDIZED,
harmonium,harmonium_000038.wav,1031.wav,Harmonium\1031.wav,TRAIN,True,True,3.0,STANDARDIZED,
harmonium,harmonium_000124.wav,1109.wav,Harmonium\1109.wav,TRAIN,True,True,3.0,STANDARDIZED,
harmonium,harmonium_001251.wav,941.wav,Harmonium\941.wav,TRAIN,True,True,3.0,STANDARDIZED,
harmonium,harmonium_000395.wav,170.wav,Harmonium\170.wav,TRAIN,True,True,3.0,STANDARDIZED,
harmonium,harmonium_001085.wav,792.wav,Harmonium\792.wav,TRAIN,True,True,3.0,STANDARDIZED,
harmonium,harmonium_001246.wav,937.wav,Harmonium\937.wav,TRAIN,True,True,3.0,STANDARDIZED,
harmonium,harmonium_000040.wav,1033.wav,Harmonium\1033.wav,TRAIN,True,True,3.0,STANDARDIZED,
harmonium,harmonium_000463.wav,231.wav,Harmonium\231.wav,TRAIN,True,True,3.0,STANDARDIZED,
harmonium,harmonium_000931.wav,653.wav,Harmonium\653.wav,TRAIN,True,True,3.0,STANDARDIZED,
harmonium,harmonium_000879.wav,606.wav,Harmonium\606.wav,TRAIN,True,True,3.0,STANDARDIZED,
harmonium,harmonium_000332.wav,1297.wav,Harmonium\1297.wav,TRAIN,True,True,3.0,STANDARDIZED,
harmonium,harmonium_000738.wav,48.wav,Harmonium\48.wav,TRAIN,True,True,3.0,STANDARDIZED,
harmonium,harmonium_000195.wav,1173.wav,Harmonium\1173.wav,TRAIN,True,True,3.0,STANDARDIZED,
harmonium,harmonium_000649.wav,4.wav,Harmonium\4.wav,TRAIN,True,True,3.0,STANDARDIZED,
harmonium,harmonium_000541.wav,301.wav,Harmonium\301.wav,TRAIN,True,True,3.0,STANDARDIZED,
harmonium,harmonium_000635.wav,387.wav,Harmonium\387.wav,TRAIN,True,True,3.0,STANDARDIZED,
harmonium,harmonium_000323.wav,1289.wav,Harmonium\1289.wav,TRAIN,True,True,3.0,STANDARDIZED,
harmonium,harmonium_000617.wav,370.wav,Harmonium\370.wav,TRAIN,True,True,3.0,STANDARDIZED,
harmonium,harmonium_000267.wav,1238.wav,Harmonium\1238.wav,TRAIN,True,True,3.0,STANDARDIZED,
harmonium,harmonium_001045.wav,756.wav,Harmonium\756.wav,TRAIN,True,True,3.0,STANDARDIZED,
harmonium,harmonium_000357.wav,136.wav,Harmonium\136.wav,TRAIN,True,True,3.0,STANDARDIZED,
harmonium,harmonium_000580.wav,337.wav,Harmonium\337.wav,TRAIN,True,True,3.0,STANDARDIZED,
harmonium,harmonium_001317.wav,Harmonium Sample - 03.wav,Harmonium\Harmonium Sample - 03.wav,TRAIN,True,True,26.90034013605442,STANDARDIZED,
harmonium,harmonium_000946.wav,667.wav,Harmonium\667.wav,TRAIN,True,True,3.0,STANDARDIZED,
harmonium,harmonium_000120.wav,1105.wav,Harmonium\1105.wav,TRAIN,True,True,3.0,STANDARDIZED,
harmonium,harmonium_000869.wav,598.wav,Harmonium\598.wav,TRAIN,True,True,3.0,STANDARDIZED,
harmonium,harmonium_000160.wav,1141.wav,Harmonium\1141.wav,TRAIN,True,True,3.0,STANDARDIZED,
harmonium,harmonium_001005.wav,72.wav,Harmonium\72.wav,TRAIN,True,True,3.0,STANDARDIZED,
harmonium,harmonium_001215.wav,909.wav,Harmonium\909.wav,TRAIN,True,True,3.0,STANDARDIZED,
harmonium,harmonium_001280.wav,968.wav,Harmonium\968.wav,TRAIN,True,True,3.0,STANDARDIZED,
harmonium,harmonium_000822.wav,555.wav,Harmonium\555.wav,TRAIN,True,True,3.0,STANDARDIZED,
harmonium,harmonium_000690.wav,436.wav,Harmonium\436.wav,TRAIN,True,True,3.0,STANDARDIZED,
harmonium,harmonium_000419.wav,192.wav,Harmonium\192.wav,TRAIN,True,True,3.0,STANDARDIZED,
harmonium,harmonium_001105.wav,81.wav,Harmonium\81.wav,TRAIN,True,True,3.0,STANDARDIZED,
harmonium,harmonium_000573.wav,330.wav,Harmonium\330.wav,TRAIN,True,True,3.0,STANDARDIZED,
harmonium,harmonium_000804.wav,539.wav,Harmonium\539.wav,TRAIN,True,True,3.0,STANDARDIZED,
harmonium,harmonium_000020.wav,1015.wav,Harmonium\1015.wav,TRAIN,True,True,3.0,STANDARDIZED,
harmonium,harmonium_000099.wav,1087.wav,Harmonium\1087.wav,TRAIN,True,True,3.0,STANDARDIZED,
harmonium,harmonium_001070.wav,779.wav,Harmonium\779.wav,TRAIN,True,True,3.0,STANDARDIZED,
harmonium,harmonium_000850.wav,580.wav,Harmonium\580.wav,TRAIN,True,True,3.0,STANDARDIZED,
harmonium,harmonium_000917.wav,640.wav,Harmonium\640.wav,TRAIN,True,True,3.0,STANDARDIZED,
harmonium,harmonium_000938.wav,66.wav,Harmonium\66.wav,TRAIN,True,True,3.0,STANDARDIZED,
harmonium,harmonium_000054.wav,1046.wav,Harmonium\1046.wav,TRAIN,True,True,3.0,STANDARDIZED,
harmonium,harmonium_000773.wav,510.wav,Harmonium\510.wav,TRAIN,True,True,3.0,STANDARDIZED,
harmonium,harmonium_001254.wav,944.wav,Harmonium\944.wav,TRAIN,True,True,3.0,STANDARDIZED,
harmonium,harmonium_000774.wav,511.wav,Harmonium\511.wav,TRAIN,True,True,3.0,STANDARDIZED,
harmonium,harmonium_000259.wav,1230.wav,Harmonium\1230.wav,TRAIN,True,True,3.0,STANDARDIZED,
harmonium,harmonium_000506.wav,270.wav,Harmonium\270.wav,TRAIN,True,True,3.0,STANDARDIZED,
harmonium,harmonium_000753.wav,493.wav,Harmonium\493.wav,TRAIN,True,True,3.0,STANDARDIZED,
harmonium,harmonium_001222.wav,915.wav,Harmonium\915.wav,TRAIN,True,True,3.0,STANDARDIZED,
harmonium,harmonium_001143.wav,844.wav,Harmonium\844.wav,TRAIN,True,True,3.0,STANDARDIZED,
harmonium,harmonium_000107.wav,1094.wav,Harmonium\1094.wav,TRAIN,True,True,3.0,STANDARDIZED,
harmonium,harmonium_000966.wav,685.wav,Harmonium\685.wav,TRAIN,True,True,3.0,STANDARDIZED,
harmonium,harmonium_000366.wav,144.wav,Harmonium\144.wav,TRAIN,True,True,3.0,STANDARDIZED,
harmonium,harmonium_000885.wav,611.wav,Harmonium\611.wav,TRAIN,True,True,3.0,STANDARDIZED,
harmonium,harmonium_000243.wav,1216.wav,Harmonium\1216.wav,TRAIN,True,True,3.0,STANDARDIZED,
harmonium,harmonium_001089.wav,796.wav,Harmonium\796.wav,TRAIN,True,True,3.0,STANDARDIZED,
harmonium,harmonium_001187.wav,884.wav,Harmonium\884.wav,TRAIN,True,True,3.0,STANDARDIZED,
harmonium,harmonium_000660.wav,409.wav,Harmonium\409.wav,TRAIN,True,True,3.0,STANDARDIZED,
harmonium,harmonium_000584.wav,340.wav,Harmonium\340.wav,TRAIN,True,True,3.0,STANDARDIZED,
harmonium,harmonium_000943.wav,664.wav,Harmonium\664.wav,TRAIN,True,True,3.0,STANDARDIZED,
harmonium,harmonium_000772.wav,51.wav,Harmonium\51.wav,TRAIN,True,True,3.0,STANDARDIZED,
harmonium,harmonium_000564.wav,322.wav,Harmonium\322.wav,TRAIN,True,True,3.0,STANDARDIZED,
harmonium,harmonium_001055.wav,765.wav,Harmonium\765.wav,TRAIN,True,True,3.0,STANDARDIZED,
harmonium,harmonium_000153.wav,1135.wav,Harmonium\1135.wav,TRAIN,True,True,3.0,STANDARDIZED,
harmonium,harmonium_000226.wav,1200.wav,Harmonium\1200.wav,TRAIN,True,True,3.0,STANDARDIZED,
harmonium,harmonium_000062.wav,1053.wav,Harmonium\1053.wav,TRAIN,True,True,3.0,STANDARDIZED,
harmonium,harmonium_001029.wav,741.wav,Harmonium\741.wav,TRAIN,True,True,3.0,STANDARDIZED,
harmonium,harmonium_000835.wav,567.wav,Harmonium\567.wav,TRAIN,True,True,3.0,STANDARDIZED,
harmonium,harmonium_001225.wav,918.wav,Harmonium\918.wav,TRAIN,True,True,3.0,STANDARDIZED,
harmonium,harmonium_000319.wav,1285.wav,Harmonium\1285.wav,TRAIN,True,True,3.0,STANDARDIZED,
harmonium,harmonium_000859.wav,589.wav,Harmonium\589.wav,TRAIN,True,True,3.0,STANDARDIZED,
harmonium,harmonium_001026.wav,739.wav,Harmonium\739.wav,TRAIN,True,True,3.0,STANDARDIZED,
harmonium,harmonium_000950.wav,670.wav,Harmonium\670.wav,TRAIN,True,True,3.0,STANDARDIZED,
harmonium,harmonium_000380.wav,157.wav,Harmonium\157.wav,TRAIN,True,True,3.0,STANDARDIZED,
harmonium,harmonium_001153.wav,853.wav,Harmonium\853.wav,TRAIN,True,True,3.0,STANDARDIZED,
harmonium,harmonium_000899.wav,624.wav,Harmonium\624.wav,TRAIN,True,True,3.0,STANDARDIZED,
harmonium,harmonium_001027.wav,74.wav,Harmonium\74.wav,TRAIN,True,True,3.0,STANDARDIZED,
harmonium,harmonium_000140.wav,1123.wav,Harmonium\1123.wav,TRAIN,True,True,3.0,STANDARDIZED,
harmonium,harmonium_000344.wav,1307.wav,Harmonium\1307.wav,TRAIN,True,True,3.0,STANDARDIZED,
harmonium,harmonium_001193.wav,89.wav,Harmonium\89.wav,TRAIN,True,True,3.0,STANDARDIZED,
harmonium,harmonium_000399.wav,174.wav,Harmonium\174.wav,TRAIN,True,True,3.0,STANDARDIZED,
harmonium,harmonium_000585.wav,341.wav,Harmonium\341.wav,TRAIN,True,True,3.0,STANDARDIZED,
harmonium,harmonium_000705.wav,45.wav,Harmonium\45.wav,TRAIN,True,True,3.0,STANDARDIZED,
harmonium,harmonium_000432.wav,203.wav,Harmonium\203.wav,TRAIN,True,True,3.0,STANDARDIZED,
harmonium,harmonium_001281.wav,969.wav,Harmonium\969.wav,TRAIN,True,True,3.0,STANDARDIZED,
harmonium,harmonium_000293.wav,1261.wav,Harmonium\1261.wav,TRAIN,True,True,3.0,STANDARDIZED,
harmonium,harmonium_000146.wav,1129.wav,Harmonium\1129.wav,TRAIN,True,True,3.0,STANDARDIZED,
harmonium,harmonium_001241.wav,932.wav,Harmonium\932.wav,TRAIN,True,True,3.0,STANDARDIZED,
harmonium,harmonium_001147.wav,848.wav,Harmonium\848.wav,TRAIN,True,True,3.0,STANDARDIZED,
harmonium,harmonium_001309.wav,994.wav,Harmonium\994.wav,TRAIN,True,True,3.0,STANDARDIZED,
harmonium,harmonium_000142.wav,1125.wav,Harmonium\1125.wav,TRAIN,True,True,3.0,STANDARDIZED,
harmonium,harmonium_001145.wav,846.wav,Harmonium\846.wav,TRAIN,True,True,3.0,STANDARDIZED,
harmonium,harmonium_000003.wav,100.wav,Harmonium\100.wav,TRAIN,True,True,3.0,STANDARDIZED,
harmonium,harmonium_001160.wav,86.wav,Harmonium\86.wav,TRAIN,True,True,3.0,STANDARDIZED,
harmonium,harmonium_000577.wav,334.wav,Harmonium\334.wav,TRAIN,True,True,3.0,STANDARDIZED,
harmonium,harmonium_000389.wav,165.wav,Harmonium\165.wav,TRAIN,True,True,3.0,STANDARDIZED,
harmonium,harmonium_000340.wav,1303.wav,Harmonium\1303.wav,TRAIN,True,True,3.0,STANDARDIZED,
harmonium,harmonium_000359.wav,138.wav,Harmonium\138.wav,TRAIN,True,True,3.0,STANDARDIZED,
harmonium,harmonium_000266.wav,1237.wav,Harmonium\1237.wav,TRAIN,True,True,3.0,STANDARDIZED,
harmonium,harmonium_000377.wav,154.wav,Harmonium\154.wav,TRAIN,True,True,3.0,STANDARDIZED,
harmonium,harmonium_000239.wav,1212.wav,Harmonium\1212.wav,TRAIN,True,True,3.0,STANDARDIZED,
harmonium,harmonium_000862.wav,591.wav,Harmonium\591.wav,TRAIN,True,True,3.0,STANDARDIZED,
harmonium,harmonium_000440.wav,210.wav,Harmonium\210.wav,TRAIN,True,True,3.0,STANDARDIZED,
harmonium,harmonium_000272.wav,1242.wav,Harmonium\1242.wav,TRAIN,True,True,3.0,STANDARDIZED,
harmonium,harmonium_000697.wav,442.wav,Harmonium\442.wav,TRAIN,True,True,3.0,STANDARDIZED,
harmonium,harmonium_000748.wav,489.wav,Harmonium\489.wav,TRAIN,True,True,3.0,STANDARDIZED,
harmonium,harmonium_000245.wav,1218.wav,Harmonium\1218.wav,TRAIN,True,True,3.0,STANDARDIZED,
harmonium,harmonium_000960.wav,68.wav,Harmonium\68.wav,TRAIN,True,True,3.0,STANDARDIZED,
harmonium,harmonium_000916.wav,64.wav,Harmonium\64.wav,TRAIN,True,True,3.0,STANDARDIZED,
harmonium,harmonium_001031.wav,743.wav,Harmonium\743.wav,TRAIN,True,True,3.0,STANDARDIZED,
harmonium,harmonium_001111.wav,815.wav,Harmonium\815.wav,TRAIN,True,True,3.0,STANDARDIZED,
harmonium,harmonium_000895.wav,620.wav,Harmonium\620.wav,TRAIN,True,True,3.0,STANDARDIZED,
harmonium,harmonium_000880.wav,607.wav,Harmonium\607.wav,TRAIN,True,True,3.0,STANDARDIZED,
harmonium,harmonium_000608.wav,362.wav,Harmonium\362.wav,TRAIN,True,True,3.0,STANDARDIZED,
harmonium,harmonium_000416.wav,19.wav,Harmonium\19.wav,TRAIN,True,True,3.0,STANDARDIZED,
harmonium,harmonium_000274.wav,1244.wav,Harmonium\1244.wav,TRAIN,True,True,3.0,STANDARDIZED,
harmonium,harmonium_001221.wav,914.wav,Harmonium\914.wav,TRAIN,True,True,3.0,STANDARDIZED,
harmonium,harmonium_000781.wav,518.wav,Harmonium\518.wav,TRAIN,True,True,3.0,STANDARDIZED,
harmonium,harmonium_001122.wav,825.wav,Harmonium\825.wav,TRAIN,True,True,3.0,STANDARDIZED,
harmonium,harmonium_000251.wav,1223.wav,Harmonium\1223.wav,TRAIN,True,True,3.0,STANDARDIZED,
harmonium,harmonium_000414.wav,188.wav,Harmonium\188.wav,TRAIN,True,True,3.0,STANDARDIZED,
harmonium,harmonium_000546.wav,306.wav,Harmonium\306.wav,TRAIN,True,True,3.0,STANDARDIZED,
harmonium,harmonium_000170.wav,1150.wav,Harmonium\1150.wav,TRAIN,True,True,3.0,STANDARDIZED,
harmonium,harmonium_001213.wav,907.wav,Harmonium\907.wav,TRAIN,True,True,3.0,STANDARDIZED,
harmonium,harmonium_000311.wav,1278.wav,Harmonium\1278.wav,TRAIN,True,True,3.0,STANDARDIZED,
harmonium,harmonium_001052.wav,762.wav,Harmonium\762.wav,TRAIN,True,True,3.0,STANDARDIZED,
harmonium,harmonium_000980.wav,698.wav,Harmonium\698.wav,TRAIN,True,True,3.0,STANDARDIZED,
harmonium,harmonium_000426.wav,199.wav,Harmonium\199.wav,TRAIN,True,True,3.0,STANDARDIZED,
harmonium,harmonium_000493.wav,259.wav,Harmonium\259.wav,TRAIN,True,True,3.0,STANDARDIZED,
harmonium,harmonium_000935.wav,657.wav,Harmonium\657.wav,TRAIN,True,True,3.0,STANDARDIZED,
harmonium,harmonium_000161.wav,1142.wav,Harmonium\1142.wav,TRAIN,True,True,3.0,STANDARDIZED,
harmonium,harmonium_000722.wav,465.wav,Harmonium\465.wav,TRAIN,True,True,3.0,STANDARDIZED,
harmonium,harmonium_000397.wav,172.wav,Harmonium\172.wav,TRAIN,True,True,3.0,STANDARDIZED,
harmonium,harmonium_000349.wav,1311.wav,Harmonium\1311.wav,TRAIN,True,True,3.0,STANDARDIZED,
harmonium,harmonium_000516.wav,28.wav,Harmonium\28.wav,TRAIN,True,True,3.0,STANDARDIZED,
harmonium,harmonium_000963.wav,682.wav,Harmonium\682.wav,TRAIN,True,True,3.0,STANDARDIZED,
harmonium,harmonium_001211.wav,905.wav,Harmonium\905.wav,TRAIN,True,True,3.0,STANDARDIZED,
harmonium,harmonium_000527.wav,29.wav,Harmonium\29.wav,TRAIN,True,True,3.0,STANDARDIZED,
harmonium,harmonium_001219.wav,912.wav,Harmonium\912.wav,TRAIN,True,True,3.0,STANDARDIZED,
harmonium,harmonium_000364.wav,142.wav,Harmonium\142.wav,TRAIN,True,True,3.0,STANDARDIZED,
harmonium,harmonium_000183.wav,1162.wav,Harmonium\1162.wav,TRAIN,True,True,3.0,STANDARDIZED,
harmonium,harmonium_000171.wav,1151.wav,Harmonium\1151.wav,TRAIN,True,True,3.0,STANDARDIZED,
harmonium,harmonium_001061.wav,770.wav,Harmonium\770.wav,TRAIN,True,True,3.0,STANDARDIZED,
harmonium,harmonium_001200.wav,896.wav,Harmonium\896.wav,TRAIN,True,True,3.0,STANDARDIZED,
harmonium,harmonium_001022.wav,735.wav,Harmonium\735.wav,TRAIN,True,True,3.0,STANDARDIZED,
harmonium,harmonium_000813.wav,547.wav,Harmonium\547.wav,TRAIN,True,True,3.0,STANDARDIZED,
harmonium,harmonium_000188.wav,1167.wav,Harmonium\1167.wav,TRAIN,True,True,3.0,STANDARDIZED,
harmonium,harmonium_000620.wav,373.wav,Harmonium\373.wav,TRAIN,True,True,3.0,STANDARDIZED,
harmonium,harmonium_000152.wav,1134.wav,Harmonium\1134.wav,TRAIN,True,True,3.0,STANDARDIZED,
harmonium,harmonium_000159.wav,1140.wav,Harmonium\1140.wav,TRAIN,True,True,3.0,STANDARDIZED,
harmonium,harmonium_001071.wav,78.wav,Harmonium\78.wav,TRAIN,True,True,3.0,STANDARDIZED,
harmonium,harmonium_000273.wav,1243.wav,Harmonium\1243.wav,TRAIN,True,True,3.0,STANDARDIZED,
harmonium,harmonium_000615.wav,369.wav,Harmonium\369.wav,TRAIN,True,True,3.0,STANDARDIZED,
harmonium,harmonium_000490.wav,256.wav,Harmonium\256.wav,TRAIN,True,True,3.0,STANDARDIZED,
harmonium,harmonium_001261.wav,950.wav,Harmonium\950.wav,TRAIN,True,True,3.0,STANDARDIZED,
harmonium,harmonium_001290.wav,977.wav,Harmonium\977.wav,TRAIN,True,True,3.0,STANDARDIZED,
harmonium,harmonium_000372.wav,15.wav,Harmonium\15.wav,TRAIN,True,True,3.0,STANDARDIZED,
harmonium,harmonium_000223.wav,1199.wav,Harmonium\1199.wav,TRAIN,True,True,3.0,STANDARDIZED,
harmonium,harmonium_000594.wav,35.wav,Harmonium\35.wav,TRAIN,True,True,3.0,STANDARDIZED,
harmonium,harmonium_000477.wav,244.wav,Harmonium\244.wav,TRAIN,True,True,3.0,STANDARDIZED,
harmonium,harmonium_000953.wav,673.wav,Harmonium\673.wav,TRAIN,True,True,3.0,STANDARDIZED,
harmonium,harmonium_000827.wav,56.wav,Harmonium\56.wav,TRAIN,True,True,3.0,STANDARDIZED,
harmonium,harmonium_000982.wav,7.wav,Harmonium\7.wav,TRAIN,True,True,3.0,STANDARDIZED,
harmonium,harmonium_000840.wav,571.wav,Harmonium\571.wav,TRAIN,True,True,3.0,STANDARDIZED,
harmonium,harmonium_000688.wav,434.wav,Harmonium\434.wav,TRAIN,True,True,3.0,STANDARDIZED,
harmonium,harmonium_000883.wav,61.wav,Harmonium\61.wav,TRAIN,True,True,3.0,STANDARDIZED,
harmonium,harmonium_000137.wav,1120.wav,Harmonium\1120.wav,TRAIN,True,True,3.0,STANDARDIZED,
harmonium,harmonium_000519.wav,282.wav,Harmonium\282.wav,TRAIN,True,True,3.0,STANDARDIZED,
harmonium,harmonium_000629.wav,381.wav,Harmonium\381.wav,TRAIN,True,True,3.0,STANDARDIZED,
harmonium,harmonium_000335.wav,13.wav,Harmonium\13.wav,TRAIN,True,True,3.0,STANDARDIZED,
harmonium,harmonium_000782.wav,519.wav,Harmonium\519.wav,VALIDATION,True,True,3.0,STANDARDIZED,
harmonium,harmonium_001271.wav,96.wav,Harmonium\96.wav,VALIDATION,True,True,3.0,STANDARDIZED,
harmonium,harmonium_000250.wav,1222.wav,Harmonium\1222.wav,VALIDATION,True,True,3.0,STANDARDIZED,
harmonium,harmonium_000086.wav,1075.wav,Harmonium\1075.wav,VALIDATION,True,True,3.0,STANDARDIZED,
harmonium,harmonium_001125.wav,828.wav,Harmonium\828.wav,VALIDATION,True,True,3.0,STANDARDIZED,
harmonium,harmonium_000919.wav,642.wav,Harmonium\642.wav,VALIDATION,True,True,3.0,STANDARDIZED,
harmonium,harmonium_000401.wav,176.wav,Harmonium\176.wav,VALIDATION,True,True,3.0,STANDARDIZED,
harmonium,harmonium_000711.wav,455.wav,Harmonium\455.wav,VALIDATION,True,True,3.0,STANDARDIZED,
harmonium,harmonium_000016.wav,1011.wav,Harmonium\1011.wav,VALIDATION,True,True,3.0,STANDARDIZED,
harmonium,harmonium_001129.wav,831.wav,Harmonium\831.wav,VALIDATION,True,True,3.0,STANDARDIZED,
harmonium,harmonium_000288.wav,1257.wav,Harmonium\1257.wav,VALIDATION,True,True,3.0,STANDARDIZED,
harmonium,harmonium_001242.wav,933.wav,Harmonium\933.wav,VALIDATION,True,True,3.0,STANDARDIZED,
harmonium,harmonium_000538.wav,3.wav,Harmonium\3.wav,VALIDATION,True,True,3.0,STANDARDIZED,
harmonium,harmonium_000877.wav,604.wav,Harmonium\604.wav,VALIDATION,True,True,3.0,STANDARDIZED,
harmonium,harmonium_000489.wav,255.wav,Harmonium\255.wav,VALIDATION,True,True,3.0,STANDARDIZED,
harmonium,harmonium_001040.wav,751.wav,Harmonium\751.wav,VALIDATION,True,True,3.0,STANDARDIZED,
harmonium,harmonium_000571.wav,329.wav,Harmonium\329.wav,VALIDATION,True,True,3.0,STANDARDIZED,
harmonium,harmonium_000655.wav,404.wav,Harmonium\404.wav,VALIDATION,True,True,3.0,STANDARDIZED,
harmonium,harmonium_001044.wav,755.wav,Harmonium\755.wav,VALIDATION,True,True,3.0,STANDARDIZED,
harmonium,harmonium_001291.wav,978.wav,Harmonium\978.wav,VALIDATION,True,True,3.0,STANDARDIZED,
harmonium,harmonium_000466.wav,234.wav,Harmonium\234.wav,VALIDATION,True,True,3.0,STANDARDIZED,
harmonium,harmonium_001185.wav,882.wav,Harmonium\882.wav,VALIDATION,True,True,3.0,STANDARDIZED,
harmonium,harmonium_000200.wav,1178.wav,Harmonium\1178.wav,VALIDATION,True,True,3.0,STANDARDIZED,
harmonium,harmonium_001172.wav,870.wav,Harmonium\870.wav,VALIDATION,True,True,3.0,STANDARDIZED,
harmonium,harmonium_000374.wav,151.wav,Harmonium\151.wav,VALIDATION,True,True,3.0,STANDARDIZED,
harmonium,harmonium_000485.wav,251.wav,Harmonium\251.wav,VALIDATION,True,True,3.0,STANDARDIZED,
harmonium,harmonium_000727.wav,47.wav,Harmonium\47.wav,VALIDATION,True,True,3.0,STANDARDIZED,
harmonium,harmonium_000081.wav,1070.wav,Harmonium\1070.wav,VALIDATION,True,True,3.0,STANDARDIZED,
harmonium,harmonium_001194.wav,890.wav,Harmonium\890.wav,VALIDATION,True,True,3.0,STANDARDIZED,
harmonium,harmonium_000776.wav,513.wav,Harmonium\513.wav,VALIDATION,True,True,3.0,STANDARDIZED,
harmonium,harmonium_000339.wav,1302.wav,Harmonium\1302.wav,VALIDATION,True,True,3.0,STANDARDIZED,
harmonium,harmonium_001247.wav,938.wav,Harmonium\938.wav,VALIDATION,True,True,3.0,STANDARDIZED,
harmonium,harmonium_000592.wav,348.wav,Harmonium\348.wav,VALIDATION,True,True,3.0,STANDARDIZED,
harmonium,harmonium_001312.wav,997.wav,Harmonium\997.wav,VALIDATION,True,True,3.0,STANDARDIZED,
harmonium,harmonium_000012.wav,1008.wav,Harmonium\1008.wav,VALIDATION,True,True,3.0,STANDARDIZED,
harmonium,harmonium_001092.wav,799.wav,Harmonium\799.wav,VALIDATION,True,True,3.0,STANDARDIZED,
harmonium,harmonium_000497.wav,262.wav,Harmonium\262.wav,VALIDATION,True,True,3.0,STANDARDIZED,
harmonium,harmonium_001103.wav,808.wav,Harmonium\808.wav,VALIDATION,True,True,3.0,STANDARDIZED,
harmonium,harmonium_000569.wav,327.wav,Harmonium\327.wav,VALIDATION,True,True,3.0,STANDARDIZED,
harmonium,harmonium_001100.wav,805.wav,Harmonium\805.wav,VALIDATION,True,True,3.0,STANDARDIZED,
harmonium,harmonium_001218.wav,911.wav,Harmonium\911.wav,VALIDATION,True,True,3.0,STANDARDIZED,
harmonium,harmonium_000957.wav,677.wav,Harmonium\677.wav,VALIDATION,True,True,3.0,STANDARDIZED,
harmonium,harmonium_000817.wav,550.wav,Harmonium\550.wav,VALIDATION,True,True,3.0,STANDARDIZED,
harmonium,harmonium_001177.wav,875.wav,Harmonium\875.wav,VALIDATION,True,True,3.0,STANDARDIZED,
harmonium,harmonium_000044.wav,1037.wav,Harmonium\1037.wav,VALIDATION,True,True,3.0,STANDARDIZED,
harmonium,harmonium_000613.wav,367.wav,Harmonium\367.wav,VALIDATION,True,True,3.0,STANDARDIZED,
harmonium,harmonium_000275.wav,1245.wav,Harmonium\1245.wav,VALIDATION,True,True,3.0,STANDARDIZED,
harmonium,harmonium_000524.wav,287.wav,Harmonium\287.wav,VALIDATION,True,True,3.0,STANDARDIZED,
harmonium,harmonium_000866.wav,595.wav,Harmonium\595.wav,VALIDATION,True,True,3.0,STANDARDIZED,
harmonium,harmonium_000102.wav,109.wav,Harmonium\109.wav,VALIDATION,True,True,3.0,STANDARDIZED,
harmonium,harmonium_001267.wav,956.wav,Harmonium\956.wav,VALIDATION,True,True,3.0,STANDARDIZED,
harmonium,harmonium_001151.wav,851.wav,Harmonium\851.wav,VALIDATION,True,True,3.0,STANDARDIZED,
harmonium,harmonium_001322.wav,Harmonium Sample - 08.wav,Harmonium\Harmonium Sample - 08.wav,VALIDATION,True,True,44.586666666666666,STANDARDIZED,
harmonium,harmonium_000108.wav,1095.wav,Harmonium\1095.wav,VALIDATION,True,True,3.0,STANDARDIZED,
harmonium,harmonium_000229.wav,1203.wav,Harmonium\1203.wav,VALIDATION,True,True,3.0,STANDARDIZED,
harmonium,harmonium_000498.wav,263.wav,Harmonium\263.wav,VALIDATION,True,True,3.0,STANDARDIZED,
harmonium,harmonium_000131.wav,1115.wav,Harmonium\1115.wav,VALIDATION,True,True,3.0,STANDARDIZED,
harmonium,harmonium_000803.wav,538.wav,Harmonium\538.wav,VALIDATION,True,True,3.0,STANDARDIZED,
harmonium,harmonium_000039.wav,1032.wav,Harmonium\1032.wav,VALIDATION,True,True,3.0,STANDARDIZED,
harmonium,harmonium_001173.wav,871.wav,Harmonium\871.wav,VALIDATION,True,True,3.0,STANDARDIZED,
harmonium,harmonium_001057.wav,767.wav,Harmonium\767.wav,VALIDATION,True,True,3.0,STANDARDIZED,
harmonium,harmonium_001288.wav,975.wav,Harmonium\975.wav,VALIDATION,True,True,3.0,STANDARDIZED,
harmonium,harmonium_001178.wav,876.wav,Harmonium\876.wav,VALIDATION,True,True,3.0,STANDARDIZED,
harmonium,harmonium_000061.wav,1052.wav,Harmonium\1052.wav,VALIDATION,True,True,3.0,STANDARDIZED,
harmonium,harmonium_000217.wav,1193.wav,Harmonium\1193.wav,VALIDATION,True,True,3.0,STANDARDIZED,
harmonium,harmonium_000641.wav,392.wav,Harmonium\392.wav,VALIDATION,True,True,3.0,STANDARDIZED,
harmonium,harmonium_000017.wav,1012.wav,Harmonium\1012.wav,VALIDATION,True,True,3.0,STANDARDIZED,
harmonium,harmonium_001289.wav,976.wav,Harmonium\976.wav,VALIDATION,True,True,3.0,STANDARDIZED,
harmonium,harmonium_000713.wav,457.wav,Harmonium\457.wav,VALIDATION,True,True,3.0,STANDARDIZED,
harmonium,harmonium_000073.wav,1063.wav,Harmonium\1063.wav,VALIDATION,True,True,3.0,STANDARDIZED,
harmonium,harmonium_000501.wav,266.wav,Harmonium\266.wav,VALIDATION,True,True,3.0,STANDARDIZED,
harmonium,harmonium_000450.wav,22.wav,Harmonium\22.wav,VALIDATION,True,True,3.0,STANDARDIZED,
harmonium,harmonium_000154.wav,1136.wav,Harmonium\1136.wav,VALIDATION,True,True,3.0,STANDARDIZED,
harmonium,harmonium_000201.wav,1179.wav,Harmonium\1179.wav,VALIDATION,True,True,3.0,STANDARDIZED,
harmonium,harmonium_000482.wav,249.wav,Harmonium\249.wav,VALIDATION,True,True,3.0,STANDARDIZED,
harmonium,harmonium_000365.wav,143.wav,Harmonium\143.wav,VALIDATION,True,True,3.0,STANDARDIZED,
harmonium,harmonium_000507.wav,271.wav,Harmonium\271.wav,VALIDATION,True,True,3.0,STANDARDIZED,
harmonium,harmonium_001220.wav,913.wav,Harmonium\913.wav,VALIDATION,True,True,3.0,STANDARDIZED,
harmonium,harmonium_001162.wav,861.wav,Harmonium\861.wav,VALIDATION,True,True,3.0,STANDARDIZED,
harmonium,harmonium_001110.wav,814.wav,Harmonium\814.wav,VALIDATION,True,True,3.0,STANDARDIZED,
harmonium,harmonium_001186.wav,883.wav,Harmonium\883.wav,VALIDATION,True,True,3.0,STANDARDIZED,
harmonium,harmonium_000739.wav,480.wav,Harmonium\480.wav,VALIDATION,True,True,3.0,STANDARDIZED,
harmonium,harmonium_000467.wav,235.wav,Harmonium\235.wav,VALIDATION,True,True,3.0,STANDARDIZED,
harmonium,harmonium_001159.wav,859.wav,Harmonium\859.wav,VALIDATION,True,True,3.0,STANDARDIZED,
harmonium,harmonium_000751.wav,491.wav,Harmonium\491.wav,VALIDATION,True,True,3.0,STANDARDIZED,
harmonium,harmonium_000548.wav,308.wav,Harmonium\308.wav,VALIDATION,True,True,3.0,STANDARDIZED,
harmonium,harmonium_000762.wav,500.wav,Harmonium\500.wav,VALIDATION,True,True,3.0,STANDARDIZED,
harmonium,harmonium_001257.wav,947.wav,Harmonium\947.wav,VALIDATION,True,True,3.0,STANDARDIZED,
harmonium,harmonium_000312.wav,1279.wav,Harmonium\1279.wav,VALIDATION,True,True,3.0,STANDARDIZED,
harmonium,harmonium_001234.wav,926.wav,Harmonium\926.wav,VALIDATION,True,True,3.0,STANDARDIZED,
harmonium,harmonium_000406.wav,180.wav,Harmonium\180.wav,VALIDATION,True,True,3.0,STANDARDIZED,
harmonium,harmonium_000758.wav,498.wav,Harmonium\498.wav,VALIDATION,True,True,3.0,STANDARDIZED,
harmonium,harmonium_001174.wav,872.wav,Harmonium\872.wav,VALIDATION,True,True,3.0,STANDARDIZED,
harmonium,harmonium_000623.wav,376.wav,Harmonium\376.wav,VALIDATION,True,True,3.0,STANDARDIZED,
harmonium,harmonium_001126.wav,829.wav,Harmonium\829.wav,VALIDATION,True,True,3.0,STANDARDIZED,
harmonium,harmonium_000098.wav,1086.wav,Harmonium\1086.wav,VALIDATION,True,True,3.0,STANDARDIZED,
harmonium,harmonium_000310.wav,1277.wav,Harmonium\1277.wav,VALIDATION,True,True,3.0,STANDARDIZED,
harmonium,harmonium_000227.wav,1201.wav,Harmonium\1201.wav,VALIDATION,True,True,3.0,STANDARDIZED,
harmonium,harmonium_000744.wav,485.wav,Harmonium\485.wav,VALIDATION,True,True,3.0,STANDARDIZED,
harmonium,harmonium_000807.wav,541.wav,Harmonium\541.wav,VALIDATION,True,True,3.0,STANDARDIZED,
harmonium,harmonium_000187.wav,1166.wav,Harmonium\1166.wav,VALIDATION,True,True,3.0,STANDARDIZED,
harmonium,harmonium_000676.wav,423.wav,Harmonium\423.wav,VALIDATION,True,True,3.0,STANDARDIZED,
harmonium,harmonium_001233.wav,925.wav,Harmonium\925.wav,VALIDATION,True,True,3.0,STANDARDIZED,
harmonium,harmonium_000149.wav,1131.wav,Harmonium\1131.wav,VALIDATION,True,True,3.0,STANDARDIZED,
harmonium,harmonium_001274.wav,962.wav,Harmonium\962.wav,VALIDATION,True,True,3.0,STANDARDIZED,
harmonium,harmonium_001235.wav,927.wav,Harmonium\927.wav,VALIDATION,True,True,3.0,STANDARDIZED,
harmonium,harmonium_000693.wav,439.wav,Harmonium\439.wav,VALIDATION,True,True,3.0,STANDARDIZED,
harmonium,harmonium_000819.wav,552.wav,Harmonium\552.wav,VALIDATION,True,True,3.0,STANDARDIZED,
harmonium,harmonium_001020.wav,733.wav,Harmonium\733.wav,VALIDATION,True,True,3.0,STANDARDIZED,
harmonium,harmonium_001239.wav,930.wav,Harmonium\930.wav,VALIDATION,True,True,3.0,STANDARDIZED,
harmonium,harmonium_000634.wav,386.wav,Harmonium\386.wav,VALIDATION,True,True,3.0,STANDARDIZED,
harmonium,harmonium_000702.wav,447.wav,Harmonium\447.wav,VALIDATION,True,True,3.0,STANDARDIZED,
harmonium,harmonium_000981.wav,699.wav,Harmonium\699.wav,VALIDATION,True,True,3.0,STANDARDIZED,
harmonium,harmonium_000922.wav,645.wav,Harmonium\645.wav,VALIDATION,True,True,3.0,STANDARDIZED,
harmonium,harmonium_000906.wav,630.wav,Harmonium\630.wav,VALIDATION,True,True,3.0,STANDARDIZED,
harmonium,harmonium_000455.wav,224.wav,Harmonium\224.wav,VALIDATION,True,True,3.0,STANDARDIZED,
harmonium,harmonium_001276.wav,964.wav,Harmonium\964.wav,VALIDATION,True,True,3.0,STANDARDIZED,
harmonium,harmonium_000268.wav,1239.wav,Harmonium\1239.wav,VALIDATION,True,True,3.0,STANDARDIZED,
harmonium,harmonium_001062.wav,771.wav,Harmonium\771.wav,VALIDATION,True,True,3.0,STANDARDIZED,
harmonium,harmonium_000168.wav,1149.wav,Harmonium\1149.wav,VALIDATION,True,True,3.0,STANDARDIZED,
harmonium,harmonium_000731.wav,473.wav,Harmonium\473.wav,VALIDATION,True,True,3.0,STANDARDIZED,
harmonium,harmonium_000646.wav,397.wav,Harmonium\397.wav,VALIDATION,True,True,3.0,STANDARDIZED,
harmonium,harmonium_000027.wav,1021.wav,Harmonium\1021.wav,VALIDATION,True,True,3.0,STANDARDIZED,
harmonium,harmonium_001230.wav,922.wav,Harmonium\922.wav,VALIDATION,True,True,3.0,STANDARDIZED,
harmonium,harmonium_001307.wav,992.wav,Harmonium\992.wav,VALIDATION,True,True,3.0,STANDARDIZED,
harmonium,harmonium_000998.wav,713.wav,Harmonium\713.wav,VALIDATION,True,True,3.0,STANDARDIZED,
harmonium,harmonium_001041.wav,752.wav,Harmonium\752.wav,VALIDATION,True,True,3.0,STANDARDIZED,
harmonium,harmonium_000034.wav,1028.wav,Harmonium\1028.wav,VALIDATION,True,True,3.0,STANDARDIZED,
harmonium,harmonium_001083.wav,790.wav,Harmonium\790.wav,VALIDATION,True,True,3.0,STANDARDIZED,
harmonium,harmonium_000041.wav,1034.wav,Harmonium\1034.wav,VALIDATION,True,True,3.0,STANDARDIZED,
harmonium,harmonium_000042.wav,1035.wav,Harmonium\1035.wav,VALIDATION,True,True,3.0,STANDARDIZED,
harmonium,harmonium_001074.wav,782.wav,Harmonium\782.wav,VALIDATION,True,True,3.0,STANDARDIZED,
harmonium,harmonium_000838.wav,57.wav,Harmonium\57.wav,VALIDATION,True,True,3.0,STANDARDIZED,
harmonium,harmonium_001184.wav,881.wav,Harmonium\881.wav,VALIDATION,True,True,3.0,STANDARDIZED,
harmonium,harmonium_001084.wav,791.wav,Harmonium\791.wav,VALIDATION,True,True,3.0,STANDARDIZED,
harmonium,harmonium_000610.wav,364.wav,Harmonium\364.wav,VALIDATION,True,True,3.0,STANDARDIZED,
harmonium,harmonium_000029.wav,1023.wav,Harmonium\1023.wav,VALIDATION,True,True,3.0,STANDARDIZED,
harmonium,harmonium_000442.wav,212.wav,Harmonium\212.wav,VALIDATION,True,True,3.0,STANDARDIZED,
harmonium,harmonium_001166.wav,865.wav,Harmonium\865.wav,VALIDATION,True,True,3.0,STANDARDIZED,
harmonium,harmonium_000004.wav,1000.wav,Harmonium\1000.wav,VALIDATION,True,True,3.0,STANDARDIZED,
harmonium,harmonium_000494.wav,26.wav,Harmonium\26.wav,VALIDATION,True,True,3.0,STANDARDIZED,
harmonium,harmonium_000237.wav,1210.wav,Harmonium\1210.wav,VALIDATION,True,True,3.0,STANDARDIZED,
harmonium,harmonium_000552.wav,311.wav,Harmonium\311.wav,VALIDATION,True,True,3.0,STANDARDIZED,
harmonium,harmonium_000521.wav,284.wav,Harmonium\284.wav,VALIDATION,True,True,3.0,STANDARDIZED,
harmonium,harmonium_000526.wav,289.wav,Harmonium\289.wav,VALIDATION,True,True,3.0,STANDARDIZED,
harmonium,harmonium_000721.wav,464.wav,Harmonium\464.wav,VALIDATION,True,True,3.0,STANDARDIZED,
harmonium,harmonium_000736.wav,478.wav,Harmonium\478.wav,VALIDATION,True,True,3.0,STANDARDIZED,
harmonium,harmonium_000128.wav,1112.wav,Harmonium\1112.wav,VALIDATION,True,True,3.0,STANDARDIZED,
harmonium,harmonium_000059.wav,1050.wav,Harmonium\1050.wav,VALIDATION,True,True,3.0,STANDARDIZED,
harmonium,harmonium_000632.wav,384.wav,Harmonium\384.wav,VALIDATION,True,True,3.0,STANDARDIZED,
harmonium,harmonium_000714.wav,458.wav,Harmonium\458.wav,VALIDATION,True,True,3.0,STANDARDIZED,
harmonium,harmonium_000593.wav,349.wav,Harmonium\349.wav,VALIDATION,True,True,3.0,STANDARDIZED,
harmonium,harmonium_000854.wav,584.wav,Harmonium\584.wav,VALIDATION,True,True,3.0,STANDARDIZED,
harmonium,harmonium_000940.wav,661.wav,Harmonium\661.wav,VALIDATION,True,True,3.0,STANDARDIZED,
harmonium,harmonium_001077.wav,785.wav,Harmonium\785.wav,VALIDATION,True,True,3.0,STANDARDIZED,
harmonium,harmonium_000905.wav,63.wav,Harmonium\63.wav,VALIDATION,True,True,3.0,STANDARDIZED,
harmonium,harmonium_000934.wav,656.wav,Harmonium\656.wav,VALIDATION,True,True,3.0,STANDARDIZED,
harmonium,harmonium_000805.wav,54.wav,Harmonium\54.wav,VALIDATION,True,True,3.0,STANDARDIZED,
harmonium,harmonium_000261.wav,1232.wav,Harmonium\1232.wav,VALIDATION,True,True,3.0,STANDARDIZED,
harmonium,harmonium_001223.wav,916.wav,Harmonium\916.wav,VALIDATION,True,True,3.0,STANDARDIZED,
harmonium,harmonium_000471.wav,239.wav,Harmonium\239.wav,VALIDATION,True,True,3.0,STANDARDIZED,
harmonium,harmonium_000707.wav,451.wav,Harmonium\451.wav,VALIDATION,True,True,3.0,STANDARDIZED,
harmonium,harmonium_001023.wav,736.wav,Harmonium\736.wav,VALIDATION,True,True,3.0,STANDARDIZED,
harmonium,harmonium_000746.wav,487.wav,Harmonium\487.wav,VALIDATION,True,True,3.0,STANDARDIZED,
harmonium,harmonium_000709.wav,453.wav,Harmonium\453.wav,VALIDATION,True,True,3.0,STANDARDIZED,
harmonium,harmonium_001227.wav,92.wav,Harmonium\92.wav,VALIDATION,True,True,3.0,STANDARDIZED,
harmonium,harmonium_000514.wav,278.wav,Harmonium\278.wav,VALIDATION,True,True,3.0,STANDARDIZED,
harmonium,harmonium_000082.wav,1071.wav,Harmonium\1071.wav,VALIDATION,True,True,3.0,STANDARDIZED,
harmonium,harmonium_000700.wav,445.wav,Harmonium\445.wav,VALIDATION,True,True,3.0,STANDARDIZED,
harmonium,harmonium_000915.wav,639.wav,Harmonium\639.wav,VALIDATION,True,True,3.0,STANDARDIZED,
harmonium,harmonium_000147.wav,113.wav,Harmonium\113.wav,VALIDATION,True,True,3.0,STANDARDIZED,
harmonium,harmonium_000151.wav,1133.wav,Harmonium\1133.wav,VALIDATION,True,True,3.0,STANDARDIZED,
harmonium,harmonium_000775.wav,512.wav,Harmonium\512.wav,VALIDATION,True,True,3.0,STANDARDIZED,
harmonium,harmonium_000330.wav,1295.wav,Harmonium\1295.wav,VALIDATION,True,True,3.0,STANDARDIZED,
harmonium,harmonium_000007.wav,1003.wav,Harmonium\1003.wav,VALIDATION,True,True,3.0,STANDARDIZED,
harmonium,harmonium_000944.wav,665.wav,Harmonium\665.wav,VALIDATION,True,True,3.0,STANDARDIZED,
harmonium,harmonium_000823.wav,556.wav,Harmonium\556.wav,VALIDATION,True,True,3.0,STANDARDIZED,
harmonium,harmonium_000735.wav,477.wav,Harmonium\477.wav,VALIDATION,True,True,3.0,STANDARDIZED,
harmonium,harmonium_000910.wav,634.wav,Harmonium\634.wav,VALIDATION,True,True,3.0,STANDARDIZED,
harmonium,harmonium_000469.wav,237.wav,Harmonium\237.wav,VALIDATION,True,True,3.0,STANDARDIZED,
harmonium,harmonium_000182.wav,1161.wav,Harmonium\1161.wav,VALIDATION,True,True,3.0,STANDARDIZED,
harmonium,harmonium_000165.wav,1146.wav,Harmonium\1146.wav,VALIDATION,True,True,3.0,STANDARDIZED,
harmonium,harmonium_000452.wav,221.wav,Harmonium\221.wav,VALIDATION,True,True,3.0,STANDARDIZED,
harmonium,harmonium_000491.wav,257.wav,Harmonium\257.wav,VALIDATION,True,True,3.0,STANDARDIZED,
harmonium,harmonium_001202.wav,898.wav,Harmonium\898.wav,VALIDATION,True,True,3.0,STANDARDIZED,
harmonium,harmonium_001102.wav,807.wav,Harmonium\807.wav,VALIDATION,True,True,3.0,STANDARDIZED,
harmonium,harmonium_001112.wav,816.wav,Harmonium\816.wav,VALIDATION,True,True,3.0,STANDARDIZED,
harmonium,harmonium_000096.wav,1084.wav,Harmonium\1084.wav,VALIDATION,True,True,3.0,STANDARDIZED,
harmonium,harmonium_001278.wav,966.wav,Harmonium\966.wav,VALIDATION,True,True,3.0,STANDARDIZED,
harmonium,harmonium_001075.wav,783.wav,Harmonium\783.wav,VALIDATION,True,True,3.0,STANDARDIZED,
harmonium,harmonium_001272.wav,960.wav,Harmonium\960.wav,VALIDATION,True,True,3.0,STANDARDIZED,
harmonium,harmonium_000761.wav,50.wav,Harmonium\50.wav,VALIDATION,True,True,3.0,STANDARDIZED,
harmonium,harmonium_001078.wav,786.wav,Harmonium\786.wav,VALIDATION,True,True,3.0,STANDARDIZED,
harmonium,harmonium_000328.wav,1293.wav,Harmonium\1293.wav,VALIDATION,True,True,3.0,STANDARDIZED,
harmonium,harmonium_000443.wav,213.wav,Harmonium\213.wav,VALIDATION,True,True,3.0,STANDARDIZED,
harmonium,harmonium_000759.wav,499.wav,Harmonium\499.wav,VALIDATION,True,True,3.0,STANDARDIZED,
harmonium,harmonium_001190.wav,887.wav,Harmonium\887.wav,VALIDATION,True,True,3.0,STANDARDIZED,
harmonium,harmonium_000833.wav,565.wav,Harmonium\565.wav,VALIDATION,True,True,3.0,STANDARDIZED,
harmonium,harmonium_001032.wav,744.wav,Harmonium\744.wav,TEST,True,True,3.0,STANDARDIZED,
harmonium,harmonium_001131.wav,833.wav,Harmonium\833.wav,TEST,True,True,3.0,STANDARDIZED,
harmonium,harmonium_000087.wav,1076.wav,Harmonium\1076.wav,TEST,True,True,3.0,STANDARDIZED,
harmonium,harmonium_000162.wav,1143.wav,Harmonium\1143.wav,TEST,True,True,3.0,STANDARDIZED,
harmonium,harmonium_000778.wav,515.wav,Harmonium\515.wav,TEST,True,True,3.0,STANDARDIZED,
harmonium,harmonium_001287.wav,974.wav,Harmonium\974.wav,TEST,True,True,3.0,STANDARDIZED,
harmonium,harmonium_000055.wav,1047.wav,Harmonium\1047.wav,TEST,True,True,3.0,STANDARDIZED,
harmonium,harmonium_000925.wav,648.wav,Harmonium\648.wav,TEST,True,True,3.0,STANDARDIZED,
harmonium,harmonium_000831.wav,563.wav,Harmonium\563.wav,TEST,True,True,3.0,STANDARDIZED,
harmonium,harmonium_000947.wav,668.wav,Harmonium\668.wav,TEST,True,True,3.0,STANDARDIZED,
harmonium,harmonium_000114.wav,110.wav,Harmonium\110.wav,TEST,True,True,3.0,STANDARDIZED,
harmonium,harmonium_000988.wav,704.wav,Harmonium\704.wav,TEST,True,True,3.0,STANDARDIZED,
harmonium,harmonium_000502.wav,267.wav,Harmonium\267.wav,TEST,True,True,3.0,STANDARDIZED,
harmonium,harmonium_000194.wav,1172.wav,Harmonium\1172.wav,TEST,True,True,3.0,STANDARDIZED,
harmonium,harmonium_001010.wav,724.wav,Harmonium\724.wav,TEST,True,True,3.0,STANDARDIZED,
harmonium,harmonium_000590.wav,346.wav,Harmonium\346.wav,TEST,True,True,3.0,STANDARDIZED,
harmonium,harmonium_000769.wav,507.wav,Harmonium\507.wav,TEST,True,True,3.0,STANDARDIZED,
harmonium,harmonium_000018.wav,1013.wav,Harmonium\1013.wav,TEST,True,True,3.0,STANDARDIZED,
harmonium,harmonium_001043.wav,754.wav,Harmonium\754.wav,TEST,True,True,3.0,STANDARDIZED,
harmonium,harmonium_000286.wav,1255.wav,Harmonium\1255.wav,TEST,True,True,3.0,STANDARDIZED,
harmonium,harmonium_000429.wav,200.wav,Harmonium\200.wav,TEST,True,True,3.0,STANDARDIZED,
harmonium,harmonium_001170.wav,869.wav,Harmonium\869.wav,TEST,True,True,3.0,STANDARDIZED,
harmonium,harmonium_000670.wav,418.wav,Harmonium\418.wav,TEST,True,True,3.0,STANDARDIZED,
harmonium,harmonium_000032.wav,1026.wav,Harmonium\1026.wav,TEST,True,True,3.0,STANDARDIZED,
harmonium,harmonium_000723.wav,466.wav,Harmonium\466.wav,TEST,True,True,3.0,STANDARDIZED,
harmonium,harmonium_000952.wav,672.wav,Harmonium\672.wav,TEST,True,True,3.0,STANDARDIZED,
harmonium,harmonium_000435.wav,206.wav,Harmonium\206.wav,TEST,True,True,3.0,STANDARDIZED,
harmonium,harmonium_000215.wav,1191.wav,Harmonium\1191.wav,TEST,True,True,3.0,STANDARDIZED,
harmonium,harmonium_000990.wav,706.wav,Harmonium\706.wav,TEST,True,True,3.0,STANDARDIZED,
harmonium,harmonium_000327.wav,1292.wav,Harmonium\1292.wav,TEST,True,True,3.0,STANDARDIZED,
harmonium,harmonium_000561.wav,32.wav,Harmonium\32.wav,TEST,True,True,3.0,STANDARDIZED,
harmonium,harmonium_001087.wav,794.wav,Harmonium\794.wav,TEST,True,True,3.0,STANDARDIZED,
harmonium,harmonium_000476.wav,243.wav,Harmonium\243.wav,TEST,True,True,3.0,STANDARDIZED,
harmonium,harmonium_000342.wav,1305.wav,Harmonium\1305.wav,TEST,True,True,3.0,STANDARDIZED,
harmonium,harmonium_000148.wav,1130.wav,Harmonium\1130.wav,TEST,True,True,3.0,STANDARDIZED,
harmonium,harmonium_000689.wav,435.wav,Harmonium\435.wav,TEST,True,True,3.0,STANDARDIZED,
harmonium,harmonium_001108.wav,812.wav,Harmonium\812.wav,TEST,True,True,3.0,STANDARDIZED,
harmonium,harmonium_000849.wav,58.wav,Harmonium\58.wav,TEST,True,True,3.0,STANDARDIZED,
harmonium,harmonium_000967.wav,686.wav,Harmonium\686.wav,TEST,True,True,3.0,STANDARDIZED,
harmonium,harmonium_001073.wav,781.wav,Harmonium\781.wav,TEST,True,True,3.0,STANDARDIZED,
harmonium,harmonium_000156.wav,1138.wav,Harmonium\1138.wav,TEST,True,True,3.0,STANDARDIZED,
harmonium,harmonium_000666.wav,414.wav,Harmonium\414.wav,TEST,True,True,3.0,STANDARDIZED,
harmonium,harmonium_000662.wav,410.wav,Harmonium\410.wav,TEST,True,True,3.0,STANDARDIZED,
harmonium,harmonium_001003.wav,718.wav,Harmonium\718.wav,TEST,True,True,3.0,STANDARDIZED,
harmonium,harmonium_000063.wav,1054.wav,Harmonium\1054.wav,TEST,True,True,3.0,STANDARDIZED,
harmonium,harmonium_000285.wav,1254.wav,Harmonium\1254.wav,TEST,True,True,3.0,STANDARDIZED,
harmonium,harmonium_000177.wav,1157.wav,Harmonium\1157.wav,TEST,True,True,3.0,STANDARDIZED,
harmonium,harmonium_000710.wav,454.wav,Harmonium\454.wav,TEST,True,True,3.0,STANDARDIZED,
harmonium,harmonium_000025.wav,102.wav,Harmonium\102.wav,TEST,True,True,3.0,STANDARDIZED,
harmonium,harmonium_000664.wav,412.wav,Harmonium\412.wav,TEST,True,True,3.0,STANDARDIZED,
harmonium,harmonium_000763.wav,501.wav,Harmonium\501.wav,TEST,True,True,3.0,STANDARDIZED,
harmonium,harmonium_000876.wav,603.wav,Harmonium\603.wav,TEST,True,True,3.0,STANDARDIZED,
harmonium,harmonium_000955.wav,675.wav,Harmonium\675.wav,TEST,True,True,3.0,STANDARDIZED,
harmonium,harmonium_000939.wav,660.wav,Harmonium\660.wav,TEST,True,True,3.0,STANDARDIZED,
harmonium,harmonium_000640.wav,391.wav,Harmonium\391.wav,TEST,True,True,3.0,STANDARDIZED,
harmonium,harmonium_000347.wav,131.wav,Harmonium\131.wav,TEST,True,True,3.0,STANDARDIZED,
harmonium,harmonium_000418.wav,191.wav,Harmonium\191.wav,TEST,True,True,3.0,STANDARDIZED,
harmonium,harmonium_000475.wav,242.wav,Harmonium\242.wav,TEST,True,True,3.0,STANDARDIZED,
harmonium,harmonium_000386.wav,162.wav,Harmonium\162.wav,TEST,True,True,3.0,STANDARDIZED,
harmonium,harmonium_000075.wav,1065.wav,Harmonium\1065.wav,TEST,True,True,3.0,STANDARDIZED,
harmonium,harmonium_000537.wav,299.wav,Harmonium\299.wav,TEST,True,True,3.0,STANDARDIZED,
harmonium,harmonium_000244.wav,1217.wav,Harmonium\1217.wav,TEST,True,True,3.0,STANDARDIZED,
harmonium,harmonium_001284.wav,971.wav,Harmonium\971.wav,TEST,True,True,3.0,STANDARDIZED,
harmonium,harmonium_000937.wav,659.wav,Harmonium\659.wav,TEST,True,True,3.0,STANDARDIZED,
harmonium,harmonium_000117.wav,1102.wav,Harmonium\1102.wav,TEST,True,True,3.0,STANDARDIZED,
harmonium,harmonium_000313.wav,128.wav,Harmonium\128.wav,TEST,True,True,3.0,STANDARDIZED,
harmonium,harmonium_000202.wav,118.wav,Harmonium\118.wav,TEST,True,True,3.0,STANDARDIZED,
harmonium,harmonium_001308.wav,993.wav,Harmonium\993.wav,TEST,True,True,3.0,STANDARDIZED,
harmonium,harmonium_000969.wav,688.wav,Harmonium\688.wav,TEST,True,True,3.0,STANDARDIZED,
harmonium,harmonium_000661.wav,41.wav,Harmonium\41.wav,TEST,True,True,3.0,STANDARDIZED,
harmonium,harmonium_000936.wav,658.wav,Harmonium\658.wav,TEST,True,True,3.0,STANDARDIZED,
harmonium,harmonium_000371.wav,149.wav,Harmonium\149.wav,TEST,True,True,3.0,STANDARDIZED,
harmonium,harmonium_000567.wav,325.wav,Harmonium\325.wav,TEST,True,True,3.0,STANDARDIZED,
harmonium,harmonium_001025.wav,738.wav,Harmonium\738.wav,TEST,True,True,3.0,STANDARDIZED,
harmonium,harmonium_000825.wav,558.wav,Harmonium\558.wav,TEST,True,True,3.0,STANDARDIZED,
harmonium,harmonium_000983.wav,70.wav,Harmonium\70.wav,TEST,True,True,3.0,STANDARDIZED,
harmonium,harmonium_001264.wav,953.wav,Harmonium\953.wav,TEST,True,True,3.0,STANDARDIZED,
harmonium,harmonium_000814.wav,548.wav,Harmonium\548.wav,TEST,True,True,3.0,STANDARDIZED,
harmonium,harmonium_000779.wav,516.wav,Harmonium\516.wav,TEST,True,True,3.0,STANDARDIZED,
harmonium,harmonium_001053.wav,763.wav,Harmonium\763.wav,TEST,True,True,3.0,STANDARDIZED,
harmonium,harmonium_000051.wav,1043.wav,Harmonium\1043.wav,TEST,True,True,3.0,STANDARDIZED,
harmonium,harmonium_001014.wav,728.wav,Harmonium\728.wav,TEST,True,True,3.0,STANDARDIZED,
harmonium,harmonium_000604.wav,359.wav,Harmonium\359.wav,TEST,True,True,3.0,STANDARDIZED,
harmonium,harmonium_001009.wav,723.wav,Harmonium\723.wav,TEST,True,True,3.0,STANDARDIZED,
harmonium,harmonium_001130.wav,832.wav,Harmonium\832.wav,TEST,True,True,3.0,STANDARDIZED,
harmonium,harmonium_000127.wav,1111.wav,Harmonium\1111.wav,TEST,True,True,3.0,STANDARDIZED,
harmonium,harmonium_000888.wav,614.wav,Harmonium\614.wav,TEST,True,True,3.0,STANDARDIZED,
harmonium,harmonium_001157.wav,857.wav,Harmonium\857.wav,TEST,True,True,3.0,STANDARDIZED,
harmonium,harmonium_001008.wav,722.wav,Harmonium\722.wav,TEST,True,True,3.0,STANDARDIZED,
harmonium,harmonium_000356.wav,135.wav,Harmonium\135.wav,TEST,True,True,3.0,STANDARDIZED,
harmonium,harmonium_001004.wav,719.wav,Harmonium\719.wav,TEST,True,True,3.0,STANDARDIZED,
harmonium,harmonium_000683.wav,43.wav,Harmonium\43.wav,TEST,True,True,3.0,STANDARDIZED,
harmonium,harmonium_000828.wav,560.wav,Harmonium\560.wav,TEST,True,True,3.0,STANDARDIZED,
harmonium,harmonium_001282.wav,97.wav,Harmonium\97.wav,TEST,True,True,3.0,STANDARDIZED,
harmonium,harmonium_000985.wav,701.wav,Harmonium\701.wav,TEST,True,True,3.0,STANDARDIZED,
harmonium,harmonium_000958.wav,678.wav,Harmonium\678.wav,TEST,True,True,3.0,STANDARDIZED,
harmonium,harmonium_000141.wav,1124.wav,Harmonium\1124.wav,TEST,True,True,3.0,STANDARDIZED,
harmonium,harmonium_000218.wav,1194.wav,Harmonium\1194.wav,TEST,True,True,3.0,STANDARDIZED,
harmonium,harmonium_000396.wav,171.wav,Harmonium\171.wav,TEST,True,True,3.0,STANDARDIZED,
harmonium,harmonium_000363.wav,141.wav,Harmonium\141.wav,TEST,True,True,3.0,STANDARDIZED,
harmonium,harmonium_000302.wav,127.wav,Harmonium\127.wav,TEST,True,True,3.0,STANDARDIZED,
harmonium,harmonium_000346.wav,1309.wav,Harmonium\1309.wav,TEST,True,True,3.0,STANDARDIZED,
harmonium,harmonium_001279.wav,967.wav,Harmonium\967.wav,TEST,True,True,3.0,STANDARDIZED,
harmonium,harmonium_000023.wav,1018.wav,Harmonium\1018.wav,TEST,True,True,3.0,STANDARDIZED,
harmonium,harmonium_000712.wav,456.wav,Harmonium\456.wav,TEST,True,True,3.0,STANDARDIZED,
harmonium,harmonium_001158.wav,858.wav,Harmonium\858.wav,TEST,True,True,3.0,STANDARDIZED,
harmonium,harmonium_001262.wav,951.wav,Harmonium\951.wav,TEST,True,True,3.0,STANDARDIZED,
harmonium,harmonium_000872.wav,60.wav,Harmonium\60.wav,TEST,True,True,3.0,STANDARDIZED,
harmonium,harmonium_000011.wav,1007.wav,Harmonium\1007.wav,TEST,True,True,3.0,STANDARDIZED,
harmonium,harmonium_000069.wav,106.wav,Harmonium\106.wav,TEST,True,True,3.0,STANDARDIZED,
harmonium,harmonium_000794.wav,53.wav,Harmonium\53.wav,TEST,True,True,3.0,STANDARDIZED,
harmonium,harmonium_000755.wav,495.wav,Harmonium\495.wav,TEST,True,True,3.0,STANDARDIZED,
harmonium,harmonium_000627.wav,38.wav,Harmonium\38.wav,TEST,True,True,3.0,STANDARDIZED,
harmonium,harmonium_000095.wav,1083.wav,Harmonium\1083.wav,TEST,True,True,3.0,STANDARDIZED,
harmonium,harmonium_000130.wav,1114.wav,Harmonium\1114.wav,TEST,True,True,3.0,STANDARDIZED,
harmonium,harmonium_000844.wav,575.wav,Harmonium\575.wav,TEST,True,True,3.0,STANDARDIZED,
harmonium,harmonium_000324.wav,129.wav,Harmonium\129.wav,TEST,True,True,3.0,STANDARDIZED,
harmonium,harmonium_000047.wav,104.wav,Harmonium\104.wav,TEST,True,True,3.0,STANDARDIZED,
harmonium,harmonium_001244.wav,935.wav,Harmonium\935.wav,TEST,True,True,3.0,STANDARDIZED,
harmonium,harmonium_001181.wav,879.wav,Harmonium\879.wav,TEST,True,True,3.0,STANDARDIZED,
harmonium,harmonium_000015.wav,1010.wav,Harmonium\1010.wav,TEST,True,True,3.0,STANDARDIZED,
harmonium,harmonium_000948.wav,669.wav,Harmonium\669.wav,TEST,True,True,3.0,STANDARDIZED,
harmonium,harmonium_000216.wav,1192.wav,Harmonium\1192.wav,TEST,True,True,3.0,STANDARDIZED,
harmonium,harmonium_000228.wav,1202.wav,Harmonium\1202.wav,TEST,True,True,3.0,STANDARDIZED,
harmonium,harmonium_000815.wav,549.wav,Harmonium\549.wav,TEST,True,True,3.0,STANDARDIZED,
harmonium,harmonium_001183.wav,880.wav,Harmonium\880.wav,TEST,True,True,3.0,STANDARDIZED,
harmonium,harmonium_000806.wav,540.wav,Harmonium\540.wav,TEST,True,True,3.0,STANDARDIZED,
harmonium,harmonium_001142.wav,843.wav,Harmonium\843.wav,TEST,True,True,3.0,STANDARDIZED,
harmonium,harmonium_000865.wav,594.wav,Harmonium\594.wav,TEST,True,True,3.0,STANDARDIZED,
harmonium,harmonium_000517.wav,280.wav,Harmonium\280.wav,TEST,True,True,3.0,STANDARDIZED,
harmonium,harmonium_000598.wav,353.wav,Harmonium\353.wav,TEST,True,True,3.0,STANDARDIZED,
harmonium,harmonium_000196.wav,1174.wav,Harmonium\1174.wav,TEST,True,True,3.0,STANDARDIZED,
harmonium,harmonium_000289.wav,1258.wav,Harmonium\1258.wav,TEST,True,True,3.0,STANDARDIZED,
harmonium,harmonium_000951.wav,671.wav,Harmonium\671.wav,TEST,True,True,3.0,STANDARDIZED,
harmonium,harmonium_000997.wav,712.wav,Harmonium\712.wav,TEST,True,True,3.0,STANDARDIZED,
harmonium,harmonium_001021.wav,734.wav,Harmonium\734.wav,TEST,True,True,3.0,STANDARDIZED,
harmonium,harmonium_001121.wav,824.wav,Harmonium\824.wav,TEST,True,True,3.0,STANDARDIZED,
harmonium,harmonium_000550.wav,31.wav,Harmonium\31.wav,TEST,True,True,3.0,STANDARDIZED,
harmonium,harmonium_000157.wav,1139.wav,Harmonium\1139.wav,TEST,True,True,3.0,STANDARDIZED,
harmonium,harmonium_000420.wav,193.wav,Harmonium\193.wav,TEST,True,True,3.0,STANDARDIZED,
harmonium,harmonium_000923.wav,646.wav,Harmonium\646.wav,TEST,True,True,3.0,STANDARDIZED,
harmonium,harmonium_001255.wav,945.wav,Harmonium\945.wav,TEST,True,True,3.0,STANDARDIZED,
harmonium,harmonium_000478.wav,245.wav,Harmonium\245.wav,TEST,True,True,3.0,STANDARDIZED,
harmonium,harmonium_001039.wav,750.wav,Harmonium\750.wav,TEST,True,True,3.0,STANDARDIZED,
harmonium,harmonium_000554.wav,313.wav,Harmonium\313.wav,TEST,True,True,3.0,STANDARDIZED,
harmonium,harmonium_001203.wav,899.wav,Harmonium\899.wav,TEST,True,True,3.0,STANDARDIZED,
harmonium,harmonium_000391.wav,167.wav,Harmonium\167.wav,TEST,True,True,3.0,STANDARDIZED,
harmonium,harmonium_000579.wav,336.wav,Harmonium\336.wav,TEST,True,True,3.0,STANDARDIZED,
harmonium,harmonium_000198.wav,1176.wav,Harmonium\1176.wav,TEST,True,True,3.0,STANDARDIZED,
harmonium,harmonium_001063.wav,772.wav,Harmonium\772.wav,TEST,True,True,3.0,STANDARDIZED,
harmonium,harmonium_000104.wav,1091.wav,Harmonium\1091.wav,TEST,True,True,3.0,STANDARDIZED,
harmonium,harmonium_000821.wav,554.wav,Harmonium\554.wav,TEST,True,True,3.0,STANDARDIZED,
harmonium,harmonium_000503.wav,268.wav,Harmonium\268.wav,TEST,True,True,3.0,STANDARDIZED,
harmonium,harmonium_001007.wav,721.wav,Harmonium\721.wav,TEST,True,True,3.0,STANDARDIZED,
harmonium,harmonium_001249.wav,94.wav,Harmonium\94.wav,TEST,True,True,3.0,STANDARDIZED,
harmonium,harmonium_000145.wav,1128.wav,Harmonium\1128.wav,TEST,True,True,3.0,STANDARDIZED,
harmonium,harmonium_000665.wav,413.wav,Harmonium\413.wav,TEST,True,True,3.0,STANDARDIZED,
harmonium,harmonium_000993.wav,709.wav,Harmonium\709.wav,TEST,True,True,3.0,STANDARDIZED,
harmonium,harmonium_000143.wav,1126.wav,Harmonium\1126.wav,TEST,True,True,3.0,STANDARDIZED,
harmonium,harmonium_000575.wav,332.wav,Harmonium\332.wav,TEST,True,True,3.0,STANDARDIZED,
harmonium,harmonium_001047.wav,758.wav,Harmonium\758.wav,TEST,True,True,3.0,STANDARDIZED,
harmonium,harmonium_000422.wav,195.wav,Harmonium\195.wav,TEST,True,True,3.0,STANDARDIZED,
harmonium,harmonium_000800.wav,535.wav,Harmonium\535.wav,TEST,True,True,3.0,STANDARDIZED,
harmonium,harmonium_000616.wav,37.wav,Harmonium\37.wav,TEST,True,True,3.0,STANDARDIZED,
harmonium,harmonium_000296.wav,1264.wav,Harmonium\1264.wav,TEST,True,True,3.0,STANDARDIZED,
harmonium,harmonium_000402.wav,177.wav,Harmonium\177.wav,TEST,True,True,3.0,STANDARDIZED,
harmonium,harmonium_000089.wav,1078.wav,Harmonium\1078.wav,TEST,True,True,3.0,STANDARDIZED,
harmonium,harmonium_001066.wav,775.wav,Harmonium\775.wav,TEST,True,True,3.0,STANDARDIZED,
harmonium,harmonium_000601.wav,356.wav,Harmonium\356.wav,TEST,True,True,3.0,STANDARDIZED,
harmonium,harmonium_000132.wav,1116.wav,Harmonium\1116.wav,TEST,True,True,3.0,STANDARDIZED,
harmonium,harmonium_000574.wav,331.wav,Harmonium\331.wav,TEST,True,True,3.0,STANDARDIZED,
harmonium,harmonium_000078.wav,1068.wav,Harmonium\1068.wav,TEST,True,True,3.0,STANDARDIZED,
harmonium,harmonium_000851.wav,581.wav,Harmonium\581.wav,TEST,True,True,3.0,STANDARDIZED,
harmonium,harmonium_000005.wav,1001.wav,Harmonium\1001.wav,TEST,True,True,3.0,STANDARDIZED,
harmonium,harmonium_001189.wav,886.wav,Harmonium\886.wav,TEST,True,True,3.0,STANDARDIZED,
harmonium,harmonium_000725.wav,468.wav,Harmonium\468.wav,TEST,True,True,3.0,STANDARDIZED,
harmonium,harmonium_000798.wav,533.wav,Harmonium\533.wav,TEST,True,True,3.0,STANDARDIZED,
harmonium,harmonium_000270.wav,1240.wav,Harmonium\1240.wav,TEST,True,True,3.0,STANDARDIZED,
harmonium,harmonium_001253.wav,943.wav,Harmonium\943.wav,TEST,True,True,3.0,STANDARDIZED,
harmonium,harmonium_000873.wav,600.wav,Harmonium\600.wav,TEST,True,True,3.0,STANDARDIZED,
harmonium,harmonium_000918.wav,641.wav,Harmonium\641.wav,TEST,True,True,3.0,STANDARDIZED,
harmonium,harmonium_000513.wav,277.wav,Harmonium\277.wav,TEST,True,True,3.0,STANDARDIZED,
harmonium,harmonium_000588.wav,344.wav,Harmonium\344.wav,TEST,True,True,3.0,STANDARDIZED,
harmonium,harmonium_001161.wav,860.wav,Harmonium\860.wav,TEST,True,True,3.0,STANDARDIZED,
harmonium,harmonium_000376.wav,153.wav,Harmonium\153.wav,TEST,True,True,3.0,STANDARDIZED,
harmonium,harmonium_000334.wav,1299.wav,Harmonium\1299.wav,TEST,True,True,3.0,STANDARDIZED,
harmonium,harmonium_000236.wav,121.wav,Harmonium\121.wav,TEST,True,True,3.0,STANDARDIZED,
harmonium,harmonium_000318.wav,1284.wav,Harmonium\1284.wav,TEST,True,True,3.0,STANDARDIZED,
harmonium,harmonium_001119.wav,822.wav,Harmonium\822.wav,TEST,True,True,3.0,STANDARDIZED,
harmonium,harmonium_000911.wav,635.wav,Harmonium\635.wav,TEST,True,True,3.0,STANDARDIZED,
harmonium,harmonium_000777.wav,514.wav,Harmonium\514.wav,TEST,True,True,3.0,STANDARDIZED,
harmonium,harmonium_000785.wav,521.wav,Harmonium\521.wav,TEST,True,True,3.0,STANDARDIZED,
harmonium,harmonium_000329.wav,1294.wav,Harmonium\1294.wav,TEST,True,True,3.0,STANDARDIZED,
harmonium,harmonium_000321.wav,1287.wav,Harmonium\1287.wav,TEST,True,True,3.0,STANDARDIZED,
harmonium,harmonium_001192.wav,889.wav,Harmonium\889.wav,TEST,True,True,3.0,STANDARDIZED,
harmonium,harmonium_000013.wav,1009.wav,Harmonium\1009.wav,TEST,True,True,3.0,STANDARDIZED,
harmonium,harmonium_000898.wav,623.wav,Harmonium\623.wav,TEST,True,True,3.0,STANDARDIZED,
harmonium,harmonium_000172.wav,1152.wav,Harmonium\1152.wav,TEST,True,True,3.0,STANDARDIZED,
flute,flute_000057.wav,Gully-Loops-Healing-Flute-Loop-BPM-128-A.wav,Flute\Gully-Loops-Healing-Flute-Loop-BPM-128-A.wav,TRAIN,True,True,30.0,STANDARDIZED,
flute,flute_000113.wav,allemande_second_fragment_1-0.2.wav,Flute\Kaggle_Classification_Clips\Flute\synth\score\allemande_second_fragment_1-0.2.wav,TRAIN,True,True,17.65,STANDARDIZED,
flute,flute_000067.wav,sequenza_fourth_fragment_robison.wav,Flute\sequenza_fourth_fragment_robison.wav,TRAIN,True,True,48.19591836734694,STANDARDIZED,
flute,flute_000097.wav,sequenza_fourth_fragment_robison.wav,Flute\Kaggle_Classification_Clips\Flute\synth\ground_truth\sequenza_fourth_fragment_robison.wav,TRAIN,True,True,48.58439909297052,STANDARDIZED,
flute,flute_000056.wav,Gully-Loops-Genesis-Flute-Loop-BPM-100-A.wav,Flute\Gully-Loops-Genesis-Flute-Loop-BPM-100-A.wav,TRAIN,True,True,28.8,STANDARDIZED,
flute,flute_000037.wav,allemande_fourth_fragment_larrieu.wav,Flute\allemande_fourth_fragment_larrieu.wav,TRAIN,True,True,18.567256235827664,STANDARDIZED,
flute,flute_000085.wav,allemande_fourth_fragment_larrieu.wav,Flute\Kaggle_Classification_Clips\Flute\synth\ground_truth\allemande_fourth_fragment_larrieu.wav,TRAIN,True,True,19.37002267573696,STANDARDIZED,
flute,flute_000047.wav,density_sixth_fragment_beauregard.wav,Flute\density_sixth_fragment_beauregard.wav,TRAIN,True,True,48.476462585034014,STANDARDIZED,
flute,flute_000094.wav,density_sixth_fragment_beauregard.wav,Flute\Kaggle_Classification_Clips\Flute\synth\ground_truth\density_sixth_fragment_beauregard.wav,TRAIN,True,True,47.77428571428572,STANDARDIZED,
flute,flute_000046.wav,density_second_fragment_zoon.wav,Flute\density_second_fragment_zoon.wav,TRAIN,True,True,35.59619047619048,STANDARDIZED,
flute,flute_000093.wav,density_second_fragment_zoon.wav,Flute\Kaggle_Classification_Clips\Flute\synth\ground_truth\density_second_fragment_zoon.wav,TRAIN,True,True,34.68984126984127,STANDARDIZED,
flute,flute_000063.wav,Gully-Loops-Sudden-Flute-Loop-BPM-130-A.wav,Flute\Gully-Loops-Sudden-Flute-Loop-BPM-130-A.wav,TRAIN,True,True,7.384625850340136,STANDARDIZED,
flute,flute_000044.wav,density_first_fragment_zoon.wav,Flute\density_first_fragment_zoon.wav,TRAIN,True,True,53.852698412698416,STANDARDIZED,
flute,flute_000091.wav,density_first_fragment_zoon.wav,Flute\Kaggle_Classification_Clips\Flute\synth\ground_truth\density_first_fragment_zoon.wav,TRAIN,True,True,52.814195011337866,STANDARDIZED,
flute,flute_000061.wav,Gully-Loops-Maya-Flute-Loop-BPM-128-Pt-2-C.wav,Flute\Gully-Loops-Maya-Flute-Loop-BPM-128-Pt-2-C.wav,TRAIN,True,True,7.5,STANDARDIZED,
flute,flute_000024.wav,80_Bm_LongFlute_03_565.wav,Flute\80_Bm_LongFlute_03_565.wav,TRAIN,True,True,6.0,STANDARDIZED,
flute,flute_000079.wav,syrinx_third_fragment_rhodes.wav,Flute\syrinx_third_fragment_rhodes.wav,TRAIN,True,True,28.89190476190476,STANDARDIZED,
flute,flute_000109.wav,syrinx_third_fragment_rhodes.wav,Flute\Kaggle_Classification_Clips\Flute\synth\ground_truth\syrinx_third_fragment_rhodes.wav,TRAIN,True,True,28.88959183673469,STANDARDIZED,
flute,flute_000039.wav,allemande_second_fragment_preston.wav,Flute\allemande_second_fragment_preston.wav,TRAIN,True,True,22.98496598639456,STANDARDIZED,
flute,flute_000087.wav,allemande_second_fragment_preston.wav,Flute\Kaggle_Classification_Clips\Flute\synth\ground_truth\allemande_second_fragment_preston.wav,TRAIN,True,True,23.3284126984127,STANDARDIZED,
flute,flute_000040.wav,allemande_second_fragment_preston_resampled.wav,Flute\allemande_second_fragment_preston_resampled.wav,TRAIN,True,True,20.767777777777777,STANDARDIZED,
flute,flute_000042.wav,allemande_third_fragment_rampal.wav,Flute\allemande_third_fragment_rampal.wav,TRAIN,True,True,13.605442176870747,STANDARDIZED,
flute,flute_000089.wav,allemande_third_fragment_rampal.wav,Flute\Kaggle_Classification_Clips\Flute\synth\ground_truth\allemande_third_fragment_rampal.wav,TRAIN,True,True,14.067324263038548,STANDARDIZED,
flute,flute_000069.wav,sequenza_sixth_fragment_robison.wav,Flute\sequenza_sixth_fragment_robison.wav,TRAIN,True,True,17.917596371882087,STANDARDIZED,
flute,flute_000099.wav,sequenza_sixth_fragment_robison.wav,Flute\Kaggle_Classification_Clips\Flute\synth\ground_truth\sequenza_sixth_fragment_robison.wav,TRAIN,True,True,17.678049886621316,STANDARDIZED,
flute,flute_000022.wav,80_Bm_LongFlute_01_565.wav,Flute\80_Bm_LongFlute_01_565.wav,TRAIN,True,True,6.0,STANDARDIZED,
flute,flute_000059.wav,Gully-Loops-Infinite-Love-Flute-Loop.wav,Flute\Gully-Loops-Infinite-Love-Flute-Loop.wav,TRAIN,True,True,52.09204081632653,STANDARDIZED,
flute,flute_000027.wav,80_C_CarSeatFlute_02_565.wav,Flute\80_C_CarSeatFlute_02_565.wav,TRAIN,True,True,6.0,STANDARDIZED,
flute,flute_000115.wav,density_fifth_fragment_1-0.2.wav,Flute\Kaggle_Classification_Clips\Flute\synth\score\density_fifth_fragment_1-0.2.wav,TRAIN,True,True,32.24965986394558,STANDARDIZED,
flute,flute_000062.wav,Gully-Loops-Preety-Flute-Loop-BPM-105-A.wav,Flute\Gully-Loops-Preety-Flute-Loop-BPM-105-A.wav,TRAIN,True,True,27.42859410430839,STANDARDIZED,
flute,flute_000026.wav,80_C_CarSeatFlute_01_565.wav,Flute\80_C_CarSeatFlute_01_565.wav,TRAIN,True,True,6.0,STANDARDIZED,
flute,flute_000050.wav,Gully-Loops-Birds-Flute-Loop-BPM-110-.wav,Flute\Gully-Loops-Birds-Flute-Loop-BPM-110-.wav,TRAIN,True,True,8.727301587301588,STANDARDIZED,
flute,flute_000017.wav,80_Bm_DirtyPatterFlute_01_565.wav,Flute\80_Bm_DirtyPatterFlute_01_565.wav,TRAIN,True,True,6.0,STANDARDIZED,
flute,flute_000074.wav,syrinx_fourth_fragment_bernold.wav,Flute\syrinx_fourth_fragment_bernold.wav,TRAIN,True,True,23.28709750566893,STANDARDIZED,
flute,flute_000104.wav,syrinx_fourth_fragment_bernold.wav,Flute\Kaggle_Classification_Clips\Flute\synth\ground_truth\syrinx_fourth_fragment_bernold.wav,TRAIN,True,True,22.888208616780044,STANDARDIZED,
flute,flute_000116.wav,density_first_fragment_1-0.2.wav,Flute\Kaggle_Classification_Clips\Flute\synth\score\density_first_fragment_1-0.2.wav,TRAIN,True,True,46.41666666666666,STANDARDIZED,
flute,flute_000030.wav,80_G_FunkyRiffFlute_01_565.wav,Flute\80_G_FunkyRiffFlute_01_565.wav,TRAIN,True,True,12.0,STANDARDIZED,
flute,flute_000004.wav,160_Bm_BluesElectricRiffFlute_01_565.wav,Flute\160_Bm_BluesElectricRiffFlute_01_565.wav,TRAIN,True,True,6.0,STANDARDIZED,
flute,flute_000001.wav,100_Dm_SadFlute_01_565.wav,Flute\100_Dm_SadFlute_01_565.wav,TRAIN,True,True,9.6,STANDARDIZED,
flute,flute_000048.wav,density_third_fragment_zoon.wav,Flute\density_third_fragment_zoon.wav,TRAIN,True,True,34.04045351473923,STANDARDIZED,
flute,flute_000095.wav,density_third_fragment_zoon.wav,Flute\Kaggle_Classification_Clips\Flute\synth\ground_truth\density_third_fragment_zoon.wav,TRAIN,True,True,34.25140589569161,STANDARDIZED,
flute,flute_000058.wav,Gully-Loops-Horizon-Flute-Loop-BPM-100-A.wav,Flute\Gully-Loops-Horizon-Flute-Loop-BPM-100-A.wav,TRAIN,True,True,10.05,STANDARDIZED,
flute,flute_000016.wav,80_Bm_DirtyFlute_03_565.wav,Flute\80_Bm_DirtyFlute_03_565.wav,TRAIN,True,True,24.0,STANDARDIZED,
flute,flute_000007.wav,160_Dm_BluesyChorusFlute_01_565.wav,Flute\160_Dm_BluesyChorusFlute_01_565.wav,TRAIN,True,True,6.0,STANDARDIZED,
flute,flute_000028.wav,80_C_LongFlute_01_565.wav,Flute\80_C_LongFlute_01_565.wav,TRAIN,True,True,6.0,STANDARDIZED,
flute,flute_000038.wav,allemande_second_fragment_gerard.wav,Flute\allemande_second_fragment_gerard.wav,TRAIN,True,True,19.31156462585034,STANDARDIZED,
flute,flute_000086.wav,allemande_second_fragment_gerard.wav,Flute\Kaggle_Classification_Clips\Flute\synth\ground_truth\allemande_second_fragment_gerard.wav,TRAIN,True,True,20.057006802721087,STANDARDIZED,
flute,flute_000073.wav,syrinx_first_fragment_douglas.wav,Flute\syrinx_first_fragment_douglas.wav,TRAIN,True,True,28.97959183673469,STANDARDIZED,
flute,flute_000103.wav,syrinx_first_fragment_douglas.wav,Flute\Kaggle_Classification_Clips\Flute\synth\ground_truth\syrinx_first_fragment_douglas.wav,TRAIN,True,True,29.14201814058957,STANDARDIZED,
flute,flute_000126.wav,syrinx_first_fragment_1-0.2.wav,Flute\Kaggle_Classification_Clips\Flute\synth\score\syrinx_first_fragment_1-0.2.wav,TRAIN,True,True,19.0,STANDARDIZED,
flute,flute_000124.wav,sequenza_sixth_fragment_1-0.2.wav,Flute\Kaggle_Classification_Clips\Flute\synth\score\sequenza_sixth_fragment_1-0.2.wav,TRAIN,True,True,19.42825396825397,STANDARDIZED,
flute,flute_000049.wav,Gully-Loops-Abyss-Flute-Loop-BPM-150-Pt-2-E.wav,Flute\Gully-Loops-Abyss-Flute-Loop-BPM-150-Pt-2-E.wav,TRAIN,True,True,30.6,STANDARDIZED,
flute,flute_000111.wav,allemande_first_fragment_1-0.2.wav,Flute\Kaggle_Classification_Clips\Flute\synth\score\allemande_first_fragment_1-0.2.wav,TRAIN,True,True,20.2,STANDARDIZED,
flute,flute_000009.wav,160_Gm_ChorusRiffFlute_06_565.wav,Flute\160_Gm_ChorusRiffFlute_06_565.wav,TRAIN,True,True,6.0,STANDARDIZED,
flute,flute_000015.wav,80_Bm_DirtyFlute_02_565.wav,Flute\80_Bm_DirtyFlute_02_565.wav,TRAIN,True,True,6.0,STANDARDIZED,
flute,flute_000122.wav,sequenza_fourth_fragment_1-0.2.wav,Flute\Kaggle_Classification_Clips\Flute\synth\score\sequenza_fourth_fragment_1-0.2.wav,TRAIN,True,True,45.4644671201814,STANDARDIZED,
flute,flute_000011.wav,160_G_SustainedFlute_02_565.wav,Flute\160_G_SustainedFlute_02_565.wav,TRAIN,True,True,6.0,STANDARDIZED,
flute,flute_000055.wav,Gully-Loops-Fly-Flute-Loop-BPM-100-A.wav,Flute\Gully-Loops-Fly-Flute-Loop-BPM-100-A.wav,TRAIN,True,True,9.6,STANDARDIZED,
flute,flute_000071.wav,syrinx_fifth_fragment_rhodes.wav,Flute\syrinx_fifth_fragment_rhodes.wav,TRAIN,True,True,57.50693877551021,STANDARDIZED,
flute,flute_000101.wav,syrinx_fifth_fragment_rhodes.wav,Flute\Kaggle_Classification_Clips\Flute\synth\ground_truth\syrinx_fifth_fragment_rhodes.wav,TRAIN,True,True,53.41748299319728,STANDARDIZED,
flute,flute_000128.wav,syrinx_second_fragment_1-0.2.wav,Flute\Kaggle_Classification_Clips\Flute\synth\score\syrinx_second_fragment_1-0.2.wav,TRAIN,True,True,13.056666666666668,STANDARDIZED,
flute,flute_000034.wav,allemande_first_fragment_larrieu.wav,Flute\allemande_first_fragment_larrieu.wav,TRAIN,True,True,23.098049886621315,STANDARDIZED,
flute,flute_000082.wav,allemande_first_fragment_larrieu.wav,Flute\Kaggle_Classification_Clips\Flute\synth\ground_truth\allemande_first_fragment_larrieu.wav,TRAIN,True,True,23.73814058956916,STANDARDIZED,
flute,flute_000053.wav,Gully-Loops-Close-Flute-Loop-BPM-107-E.wav,Flute\Gully-Loops-Close-Flute-Loop-BPM-107-E.wav,TRAIN,True,True,8.971995464852608,STANDARDIZED,
flute,flute_000005.wav,160_Bm_BluesTrainFlute_01_565.wav,Flute\160_Bm_BluesTrainFlute_01_565.wav,TRAIN,True,True,6.0,STANDARDIZED,
flute,flute_000051.wav,Gully-Loops-Butter-Flute-Loop-BPM-105-D.wav,Flute\Gully-Loops-Butter-Flute-Loop-BPM-105-D.wav,TRAIN,True,True,9.142879818594103,STANDARDIZED,
flute,flute_000064.wav,Gully-Loops-Unique-Flute-Loop-BPM-110-A.wav,Flute\Gully-Loops-Unique-Flute-Loop-BPM-110-A.wav,TRAIN,True,True,8.727301587301588,STANDARDIZED,
flute,flute_000019.wav,80_Bm_DirtyPatterFlute_03_565.wav,Flute\80_Bm_DirtyPatterFlute_03_565.wav,TRAIN,True,True,6.0,STANDARDIZED,
flute,flute_000023.wav,80_Bm_LongFlute_02_565.wav,Flute\80_Bm_LongFlute_02_565.wav,TRAIN,True,True,6.0,STANDARDIZED,
flute,flute_000127.wav,syrinx_fourth_fragment_1-0.2.wav,Flute\Kaggle_Classification_Clips\Flute\synth\score\syrinx_fourth_fragment_1-0.2.wav,TRAIN,True,True,28.0,STANDARDIZED,
flute,flute_000043.wav,density_fifth_fragment_beauregard.wav,Flute\density_fifth_fragment_beauregard.wav,TRAIN,True,True,35.752925170068025,STANDARDIZED,
flute,flute_000090.wav,density_fifth_fragment_beauregard.wav,Flute\Kaggle_Classification_Clips\Flute\synth\ground_truth\density_fifth_fragment_beauregard.wav,TRAIN,True,True,36.0881179138322,STANDARDIZED,
flute,flute_000070.wav,syrinx_fifth_fragment_bourdin.wav,Flute\syrinx_fifth_fragment_bourdin.wav,TRAIN,True,True,60.61353741496599,STANDARDIZED,
flute,flute_000100.wav,syrinx_fifth_fragment_bourdin.wav,Flute\Kaggle_Classification_Clips\Flute\synth\ground_truth\syrinx_fifth_fragment_bourdin.wav,TRAIN,True,True,57.63759637188208,STANDARDIZED,
flute,flute_000119.wav,density_sixth_fragment_1-0.2.wav,Flute\Kaggle_Classification_Clips\Flute\synth\score\density_sixth_fragment_1-0.2.wav,TRAIN,True,True,45.5,STANDARDIZED,
flute,flute_000077.wav,syrinx_second_fragment_dwyer.wav,Flute\syrinx_second_fragment_dwyer.wav,TRAIN,True,True,27.90532879818594,STANDARDIZED,
flute,flute_000107.wav,syrinx_second_fragment_dwyer.wav,Flute\Kaggle_Classification_Clips\Flute\synth\ground_truth\syrinx_second_fragment_dwyer.wav,TRAIN,True,True,28.389092970521546,STANDARDIZED,
flute,flute_000029.wav,80_G_DecendingFlute_01_565.wav,Flute\80_G_DecendingFlute_01_565.wav,TRAIN,True,True,12.0,STANDARDIZED,
flute,flute_000018.wav,80_Bm_DirtyPatterFlute_02_565.wav,Flute\80_Bm_DirtyPatterFlute_02_565.wav,TRAIN,True,True,6.0,STANDARDIZED,
flute,flute_000123.wav,sequenza_second_fragment_1-0.2.wav,Flute\Kaggle_Classification_Clips\Flute\synth\score\sequenza_second_fragment_1-0.2.wav,TRAIN,True,True,16.514285714285716,STANDARDIZED,
flute,flute_000114.wav,allemande_third_fragment_1-0.2.wav,Flute\Kaggle_Classification_Clips\Flute\synth\score\allemande_third_fragment_1-0.2.wav,TRAIN,True,True,13.0,STANDARDIZED,
flute,flute_000031.wav,allemande_fifth_fragment_preston.wav,Flute\allemande_fifth_fragment_preston.wav,TRAIN,True,True,21.110521541950117,STANDARDIZED,
flute,flute_000080.wav,allemande_fifth_fragment_preston.wav,Flute\Kaggle_Classification_Clips\Flute\synth\ground_truth\allemande_fifth_fragment_preston.wav,TRAIN,True,True,21.477392290249437,STANDARDIZED,
flute,flute_000075.wav,syrinx_fourth_fragment_dwyer.wav,Flute\syrinx_fourth_fragment_dwyer.wav,TRAIN,True,True,29.42063492063492,STANDARDIZED,
flute,flute_000105.wav,syrinx_fourth_fragment_dwyer.wav,Flute\Kaggle_Classification_Clips\Flute\synth\ground_truth\syrinx_fourth_fragment_dwyer.wav,TRAIN,True,True,28.965986394557824,STANDARDIZED,
flute,flute_000032.wav,allemande_fifth_fragment_preston_resampled.wav,Flute\allemande_fifth_fragment_preston_resampled.wav,TRAIN,True,True,19.074149659863945,STANDARDIZED,
flute,flute_000012.wav,200_Dm_SsshFlute_02_565.wav,Flute\200_Dm_SsshFlute_02_565.wav,TRAIN,True,True,4.8,STANDARDIZED,
flute,flute_000060.wav,Gully-Loops-Kalponik-Flute-Loop-C.wav,Flute\Gully-Loops-Kalponik-Flute-Loop-C.wav,TRAIN,True,True,16.35,STANDARDIZED,
flute,flute_000045.wav,density_fourth_fragment_beauregard.wav,Flute\density_fourth_fragment_beauregard.wav,TRAIN,True,True,34.14038548752834,STANDARDIZED,
flute,flute_000092.wav,density_fourth_fragment_beauregard.wav,Flute\Kaggle_Classification_Clips\Flute\synth\ground_truth\density_fourth_fragment_beauregard.wav,TRAIN,True,True,33.894013605442176,STANDARDIZED,
flute,flute_000072.wav,syrinx_first_fragment_bernold.wav,Flute\syrinx_first_fragment_bernold.wav,TRAIN,True,True,29.942131519274376,STANDARDIZED,
flute,flute_000102.wav,syrinx_first_fragment_bernold.wav,Flute\Kaggle_Classification_Clips\Flute\synth\ground_truth\syrinx_first_fragment_bernold.wav,TRAIN,True,True,30.13231292517007,STANDARDIZED,
flute,flute_000076.wav,syrinx_second_fragment_bourdin.wav,Flute\syrinx_second_fragment_bourdin.wav,TRAIN,True,True,29.899455782312923,STANDARDIZED,
flute,flute_000106.wav,syrinx_second_fragment_bourdin.wav,Flute\Kaggle_Classification_Clips\Flute\synth\ground_truth\syrinx_second_fragment_bourdin.wav,TRAIN,True,True,30.40580498866213,STANDARDIZED,
flute,flute_000068.wav,sequenza_second_fragment_robison.wav,Flute\sequenza_second_fragment_robison.wav,VALIDATION,True,True,16.384580498866214,STANDARDIZED,
flute,flute_000098.wav,sequenza_second_fragment_robison.wav,Flute\Kaggle_Classification_Clips\Flute\synth\ground_truth\sequenza_second_fragment_robison.wav,VALIDATION,True,True,16.02201814058957,STANDARDIZED,
flute,flute_000021.wav,80_Bm_DirtyStabbyFlute_02_565.wav,Flute\80_Bm_DirtyStabbyFlute_02_565.wav,VALIDATION,True,True,6.0,STANDARDIZED,
flute,flute_000008.wav,160_Dm_ChorusFlute_02_565.wav,Flute\160_Dm_ChorusFlute_02_565.wav,VALIDATION,True,True,6.0,STANDARDIZED,
flute,flute_000013.wav,200_Gm_LongFlute_01_565.wav,Flute\200_Gm_LongFlute_01_565.wav,VALIDATION,True,True,4.8,STANDARDIZED,
flute,flute_000118.wav,density_second_fragment_1-0.2.wav,Flute\Kaggle_Classification_Clips\Flute\synth\score\density_second_fragment_1-0.2.wav,VALIDATION,True,True,29.055079365079365,STANDARDIZED,
flute,flute_000006.wav,160_C_FunkyCarSeatFlute_01_565.wav,Flute\160_C_FunkyCarSeatFlute_01_565.wav,VALIDATION,True,True,6.0,STANDARDIZED,
flute,flute_000041.wav,allemande_third_fragment_nicolet.wav,Flute\allemande_third_fragment_nicolet.wav,VALIDATION,True,True,13.433877551020409,STANDARDIZED,
flute,flute_000088.wav,allemande_third_fragment_nicolet.wav,Flute\Kaggle_Classification_Clips\Flute\synth\ground_truth\allemande_third_fragment_nicolet.wav,VALIDATION,True,True,14.395578231292516,STANDARDIZED,
flute,flute_000003.wav,120_Em_BluesSlowRiffFlute_01_565.wav,Flute\120_Em_BluesSlowRiffFlute_01_565.wav,VALIDATION,True,True,8.0,STANDARDIZED,
flute,flute_000052.wav,Gully-Loops-Butterfly-Flute-Loop-BPM-105-D.wav,Flute\Gully-Loops-Butterfly-Flute-Loop-BPM-105-D.wav,VALIDATION,True,True,12.285736961451247,STANDARDIZED,
flute,flute_000117.wav,density_fourth_fragment_1-0.2.wav,Flute\Kaggle_Classification_Clips\Flute\synth\score\density_fourth_fragment_1-0.2.wav,VALIDATION,True,True,34.83299319727891,STANDARDIZED,
flute,flute_000110.wav,allemande_fifth_fragment_1-0.2.wav,Flute\Kaggle_Classification_Clips\Flute\synth\score\allemande_fifth_fragment_1-0.2.wav,VALIDATION,True,True,15.25,STANDARDIZED,
flute,flute_000065.wav,Gully-Loops-Velocity-Flute-Loop-BPM-102-F.wav,Flute\Gully-Loops-Velocity-Flute-Loop-BPM-102-F.wav,VALIDATION,True,True,22.352970521541952,STANDARDIZED,
flute,flute_000014.wav,80_Bm_DirtyFlute_01_565.wav,Flute\80_Bm_DirtyFlute_01_565.wav,VALIDATION,True,True,6.0,STANDARDIZED,
flute,flute_000036.wav,allemande_fourth_fragment_gerard.wav,Flute\allemande_fourth_fragment_gerard.wav,VALIDATION,True,True,16.891972789115645,STANDARDIZED,
flute,flute_000084.wav,allemande_fourth_fragment_gerard.wav,Flute\Kaggle_Classification_Clips\Flute\synth\ground_truth\allemande_fourth_fragment_gerard.wav,VALIDATION,True,True,17.873673469387754,STANDARDIZED,
flute,flute_000033.wav,allemande_fifth_fragment_rampal.wav,Flute\allemande_fifth_fragment_rampal.wav,TEST,True,True,18.220702947845805,STANDARDIZED,
flute,flute_000081.wav,allemande_fifth_fragment_rampal.wav,Flute\Kaggle_Classification_Clips\Flute\synth\ground_truth\allemande_fifth_fragment_rampal.wav,TEST,True,True,17.836916099773244,STANDARDIZED,
flute,flute_000054.wav,Gully-Loops-Ember-Flute-Loop-BPM-B.wav,Flute\Gully-Loops-Ember-Flute-Loop-BPM-B.wav,TEST,True,True,13.714308390022676,STANDARDIZED,
flute,flute_000120.wav,density_third_fragment_1-0.2.wav,Flute\Kaggle_Classification_Clips\Flute\synth\score\density_third_fragment_1-0.2.wav,TEST,True,True,34.72299319727891,STANDARDIZED,
flute,flute_000129.wav,syrinx_third_fragment_1-0.2.wav,Flute\Kaggle_Classification_Clips\Flute\synth\score\syrinx_third_fragment_1-0.2.wav,TEST,True,True,13.499659863945578,STANDARDIZED,
flute,flute_000025.wav,80_Bm_LongFlute_04_565.wav,Flute\80_Bm_LongFlute_04_565.wav,TEST,True,True,6.0,STANDARDIZED,
flute,flute_000010.wav,160_G_SustainedFlute_01_565.wav,Flute\160_G_SustainedFlute_01_565.wav,TEST,True,True,6.0,STANDARDIZED,
flute,flute_000125.wav,syrinx_fifth_fragment_1-0.2.wav,Flute\Kaggle_Classification_Clips\Flute\synth\score\syrinx_fifth_fragment_1-0.2.wav,TEST,True,True,34.0,STANDARDIZED,
flute,flute_000020.wav,80_Bm_DirtyStabbyFlute_01_565.wav,Flute\80_Bm_DirtyStabbyFlute_01_565.wav,TEST,True,True,6.0,STANDARDIZED,
flute,flute_000078.wav,syrinx_third_fragment_douglas.wav,Flute\syrinx_third_fragment_douglas.wav,TEST,True,True,27.10893424036281,STANDARDIZED,
flute,flute_000108.wav,syrinx_third_fragment_douglas.wav,Flute\Kaggle_Classification_Clips\Flute\synth\ground_truth\syrinx_third_fragment_douglas.wav,TEST,True,True,27.558503401360543,STANDARDIZED,
flute,flute_000112.wav,allemande_fourth_fragment_1-0.2.wav,Flute\Kaggle_Classification_Clips\Flute\synth\score\allemande_fourth_fragment_1-0.2.wav,TEST,True,True,15.4,STANDARDIZED,
flute,flute_000035.wav,allemande_first_fragment_nicolet.wav,Flute\allemande_first_fragment_nicolet.wav,TEST,True,True,22.945124716553288,STANDARDIZED,
flute,flute_000083.wav,allemande_first_fragment_nicolet.wav,Flute\Kaggle_Classification_Clips\Flute\synth\ground_truth\allemande_first_fragment_nicolet.wav,TEST,True,True,23.524739229024945,STANDARDIZED,
flute,flute_000002.wav,120_C_LongFlute_01_565.wav,Flute\120_C_LongFlute_01_565.wav,TEST,True,True,8.0,STANDARDIZED,
flute,flute_000121.wav,sequenza_first_fragment_1-0.2.wav,Flute\Kaggle_Classification_Clips\Flute\synth\score\sequenza_first_fragment_1-0.2.wav,TEST,True,True,33.28884353741497,STANDARDIZED,
flute,flute_000066.wav,sequenza_first_fragment_robison.wav,Flute\sequenza_first_fragment_robison.wav,TEST,True,True,32.41541950113378,STANDARDIZED,
flute,flute_000096.wav,sequenza_first_fragment_robison.wav,Flute\Kaggle_Classification_Clips\Flute\synth\ground_truth\sequenza_first_fragment_robison.wav,TEST,True,True,32.57147392290249,STANDARDIZED,
dholak,dholak_000025.wav,Dholak Sample - 25.wav,Dholak\Dholak Sample - 25.wav,TRAIN,True,True,3.84,STANDARDIZED,
dholak,dholak_000022.wav,Dholak Sample - 22.wav,Dholak\Dholak Sample - 22.wav,TRAIN,True,True,3.9706122448979593,STANDARDIZED,
dholak,dholak_000012.wav,Dholak Sample - 12.wav,Dholak\Dholak Sample - 12.wav,TRAIN,True,True,6.034285714285715,STANDARDIZED,
dholak,dholak_000047.wav,Dholak Sample - 47.wav,Dholak\Dholak Sample - 47.wav,TRAIN,True,True,12.042448979591835,STANDARDIZED,
dholak,dholak_000031.wav,Dholak Sample - 31.wav,Dholak\Dholak Sample - 31.wav,TRAIN,True,True,3.866122448979592,STANDARDIZED,
dholak,dholak_000007.wav,Dholak Sample - 07.wav,Dholak\Dholak Sample - 07.wav,TRAIN,True,True,9.038367346938776,STANDARDIZED,
dholak,dholak_000014.wav,Dholak Sample - 14.wav,Dholak\Dholak Sample - 14.wav,TRAIN,True,True,4.83265306122449,STANDARDIZED,
dholak,dholak_000049.wav,Dholak Sample - 49.wav,Dholak\Dholak Sample - 49.wav,TRAIN,True,True,3.866122448979592,STANDARDIZED,
dholak,dholak_000053.wav,Dholak Sample - 53.wav,Dholak\Dholak Sample - 53.wav,TRAIN,True,True,4.048979591836734,STANDARDIZED,
dholak,dholak_000048.wav,Dholak Sample - 48.wav,Dholak\Dholak Sample - 48.wav,TRAIN,True,True,6.034285714285715,STANDARDIZED,
dholak,dholak_000052.wav,Dholak Sample - 52.wav,Dholak\Dholak Sample - 52.wav,TRAIN,True,True,2.5338775510204083,STANDARDIZED,
dholak,dholak_000019.wav,Dholak Sample - 19.wav,Dholak\Dholak Sample - 19.wav,TRAIN,True,True,5.616326530612245,STANDARDIZED,
dholak,dholak_000055.wav,Dholak Sample - 55.wav,Dholak\Dholak Sample - 55.wav,TRAIN,True,True,3.866122448979592,STANDARDIZED,
dholak,dholak_000033.wav,Dholak Sample - 33.wav,Dholak\Dholak Sample - 33.wav,TRAIN,True,True,5.093877551020408,STANDARDIZED,
dholak,dholak_000046.wav,Dholak Sample - 46.wav,Dholak\Dholak Sample - 46.wav,TRAIN,True,True,3.030204081632653,STANDARDIZED,
dholak,dholak_000028.wav,Dholak Sample - 28.wav,Dholak\Dholak Sample - 28.wav,TRAIN,True,True,6.034285714285715,STANDARDIZED,
dholak,dholak_000024.wav,Dholak Sample - 24.wav,Dholak\Dholak Sample - 24.wav,TRAIN,True,True,6.896326530612245,STANDARDIZED,
dholak,dholak_000040.wav,Dholak Sample - 40.wav,Dholak\Dholak Sample - 40.wav,TRAIN,True,True,6.034285714285715,STANDARDIZED,
dholak,dholak_000045.wav,Dholak Sample - 45.wav,Dholak\Dholak Sample - 45.wav,TRAIN,True,True,4.048979591836734,STANDARDIZED,
dholak,dholak_000034.wav,Dholak Sample - 34.wav,Dholak\Dholak Sample - 34.wav,TRAIN,True,True,9.038367346938776,STANDARDIZED,
dholak,dholak_000050.wav,Dholak Sample - 50.wav,Dholak\Dholak Sample - 50.wav,TRAIN,True,True,12.042448979591835,STANDARDIZED,
dholak,dholak_000006.wav,Dholak Sample - 06.wav,Dholak\Dholak Sample - 06.wav,TRAIN,True,True,6.034285714285715,STANDARDIZED,
dholak,dholak_000029.wav,Dholak Sample - 29.wav,Dholak\Dholak Sample - 29.wav,TRAIN,True,True,3.030204081632653,STANDARDIZED,
dholak,dholak_000009.wav,Dholak Sample - 09.wav,Dholak\Dholak Sample - 09.wav,TRAIN,True,True,6.034285714285715,STANDARDIZED,
dholak,dholak_000003.wav,Dholak Sample - 03.wav,Dholak\Dholak Sample - 03.wav,TRAIN,True,True,6.034285714285715,STANDARDIZED,
dholak,dholak_000008.wav,Dholak Sample - 08.wav,Dholak\Dholak Sample - 08.wav,TRAIN,True,True,3.369795918367347,STANDARDIZED,
dholak,dholak_000041.wav,Dholak Sample - 41.wav,Dholak\Dholak Sample - 41.wav,TRAIN,True,True,3.866122448979592,STANDARDIZED,
dholak,dholak_000016.wav,Dholak Sample - 16.wav,Dholak\Dholak Sample - 16.wav,TRAIN,True,True,4.83265306122449,STANDARDIZED,
dholak,dholak_000020.wav,Dholak Sample - 20.wav,Dholak\Dholak Sample - 20.wav,TRAIN,True,True,4.048979591836734,STANDARDIZED,
dholak,dholak_000002.wav,Dholak Sample - 02.wav,Dholak\Dholak Sample - 02.wav,TRAIN,True,True,6.034285714285715,STANDARDIZED,
dholak,dholak_000004.wav,Dholak Sample - 04.wav,Dholak\Dholak Sample - 04.wav,TRAIN,True,True,3.866122448979592,STANDARDIZED,
dholak,dholak_000030.wav,Dholak Sample - 30.wav,Dholak\Dholak Sample - 30.wav,TRAIN,True,True,12.042448979591835,STANDARDIZED,
dholak,dholak_000043.wav,Dholak Sample - 43.wav,Dholak\Dholak Sample - 43.wav,TRAIN,True,True,6.034285714285715,STANDARDIZED,
dholak,dholak_000042.wav,Dholak Sample - 42.wav,Dholak\Dholak Sample - 42.wav,TRAIN,True,True,5.799183673469388,STANDARDIZED,
dholak,dholak_000011.wav,Dholak Sample - 11.wav,Dholak\Dholak Sample - 11.wav,TRAIN,True,True,2.4293877551020406,STANDARDIZED,
dholak,dholak_000035.wav,Dholak Sample - 35.wav,Dholak\Dholak Sample - 35.wav,TRAIN,True,True,13.37469387755102,STANDARDIZED,
dholak,dholak_000017.wav,Dholak Sample - 17.wav,Dholak\Dholak Sample - 17.wav,TRAIN,True,True,3.866122448979592,STANDARDIZED,
dholak,dholak_000036.wav,Dholak Sample - 36.wav,Dholak\Dholak Sample - 36.wav,TRAIN,True,True,6.034285714285715,STANDARDIZED,
dholak,dholak_000032.wav,Dholak Sample - 32.wav,Dholak\Dholak Sample - 32.wav,TRAIN,True,True,5.093877551020408,STANDARDIZED,
dholak,dholak_000037.wav,Dholak Sample - 37.wav,Dholak\Dholak Sample - 37.wav,VALIDATION,True,True,8.045714285714286,STANDARDIZED,
dholak,dholak_000018.wav,Dholak Sample - 18.wav,Dholak\Dholak Sample - 18.wav,VALIDATION,True,True,6.034285714285715,STANDARDIZED,
dholak,dholak_000044.wav,Dholak Sample - 44.wav,Dholak\Dholak Sample - 44.wav,VALIDATION,True,True,4.048979591836734,STANDARDIZED,
dholak,dholak_000026.wav,Dholak Sample - 26.wav,Dholak\Dholak Sample - 26.wav,EXCLUDED,False,False,6.896326530612245,MANUAL_REVIEW,Manual review triggered
dholak,dholak_000051.wav,Dholak Sample - 51.wav,Dholak\Dholak Sample - 51.wav,VALIDATION,True,True,4.048979591836734,STANDARDIZED,
dholak,dholak_000013.wav,Dholak Sample - 13.wav,Dholak\Dholak Sample - 13.wav,VALIDATION,True,True,6.034285714285715,STANDARDIZED,
dholak,dholak_000001.wav,Dholak Sample - 01.wav,Dholak\Dholak Sample - 01.wav,VALIDATION,True,True,6.896326530612245,STANDARDIZED,
dholak,dholak_000005.wav,Dholak Sample - 05.wav,Dholak\Dholak Sample - 05.wav,VALIDATION,True,True,6.034285714285715,STANDARDIZED,
dholak,dholak_000039.wav,Dholak Sample - 39.wav,Dholak\Dholak Sample - 39.wav,TEST,True,True,5.093877551020408,STANDARDIZED,
dholak,dholak_000023.wav,Dholak Sample - 23.wav,Dholak\Dholak Sample - 23.wav,TEST,True,True,13.740408163265306,STANDARDIZED,
dholak,dholak_000010.wav,Dholak Sample - 10.wav,Dholak\Dholak Sample - 10.wav,TEST,True,True,12.042448979591835,STANDARDIZED,
dholak,dholak_000054.wav,Dholak Sample - 54.wav,Dholak\Dholak Sample - 54.wav,TEST,True,True,4.83265306122449,STANDARDIZED,
dholak,dholak_000015.wav,Dholak Sample - 15.wav,Dholak\Dholak Sample - 15.wav,TEST,True,True,3.631020408163265,STANDARDIZED,
dholak,dholak_000038.wav,Dholak Sample - 38.wav,Dholak\Dholak Sample - 38.wav,TEST,True,True,6.034285714285715,STANDARDIZED,
dholak,dholak_000021.wav,Dholak Sample - 21.wav,Dholak\Dholak Sample - 21.wav,TEST,True,True,6.034285714285715,STANDARDIZED,
dholak,dholak_000027.wav,Dholak Sample - 27.wav,Dholak\Dholak Sample - 27.wav,TEST,True,True,6.034285714285715,STANDARDIZED,
dhul,dhul_000013.wav,Gully-Loops-Rohedoi-Dhul-Loop-BPM-100.wav,Dhul\Gully-Loops-Rohedoi-Dhul-Loop-BPM-100.wav,TRAIN,True,True,9.6,STANDARDIZED,
dhul,dhul_000005.wav,Gully-Loops-Bhoral-Dhul-Loop-BPM-160.wav,Dhul\Gully-Loops-Bhoral-Dhul-Loop-BPM-160.wav,TRAIN,True,True,12.0,STANDARDIZED,
dhul,dhul_000009.wav,Gully-Loops-Jhumor-Dhul-Loop-BPM-120.wav,Dhul\Gully-Loops-Jhumor-Dhul-Loop-BPM-120.wav,TRAIN,True,True,18.0,STANDARDIZED,
dhul,dhul_000003.wav,Bihu Rhythm Loop _ Indian Pattern.wav,Dhul\Bihu Rhythm Loop _ Indian Pattern.wav,TRAIN,True,True,721.9548526077098,STANDARDIZED,
dhul,dhul_000004.wav,dhul badan__dholbadan__dhol badan__bihu 2025__bihu dhol__bihu dhul__Assamese bihu dhol__bihu.wav,Dhul\dhul badan__dholbadan__dhol badan__bihu 2025__bihu dhol__bihu dhul__Assamese bihu dhol__bihu.wav,TRAIN,True,True,12.64328798185941,STANDARDIZED,
dhul,dhul_000012.wav,Gully-Loops-Nahor-Dhul-Loop.wav,Dhul\Gully-Loops-Nahor-Dhul-Loop.wav,TRAIN,True,True,14.20312925170068,STANDARDIZED,
dhul,dhul_000001.wav,Assamese  Bihu Dhol (Copyright free).wav,Dhul\Assamese  Bihu Dhol (Copyright free).wav,TRAIN,True,True,229.3318820861678,STANDARDIZED,
dhul,dhul_000010.wav,Gully-Loops-Kopou-Loop-BPM-140.wav,Dhul\Gully-Loops-Kopou-Loop-BPM-140.wav,TRAIN,True,True,13.5,STANDARDIZED,
dhul,dhul_000006.wav,Gully-Loops-Bordoisila-Dhul-Loop-BPM-120.wav,Dhul\Gully-Loops-Bordoisila-Dhul-Loop-BPM-120.wav,TRAIN,True,True,12.0,STANDARDIZED,
dhul,dhul_000008.wav,Gully-Loops-Dhumuha-Dhul-Loop-BPM-100.wav,Dhul\Gully-Loops-Dhumuha-Dhul-Loop-BPM-100.wav,TRAIN,True,True,14.4,STANDARDIZED,
dhul,dhul_000002.wav,Assamese Bihu Dhol Recording Session.wav,Dhul\Assamese Bihu Dhol Recording Session.wav,TRAIN,True,True,15.034943310657596,STANDARDIZED,
dhul,dhul_000007.wav,Gully-Loops-Dhemaji-Dhul-Loop.wav,Dhul\Gully-Loops-Dhemaji-Dhul-Loop.wav,UNUSED,True,True,9.61875283446712,STANDARDIZED,
dhul,dhul_000011.wav,Gully-Loops-Mahor-Dhul-Loop-BPM-120.wav,Dhul\Gully-Loops-Mahor-Dhul-Loop-BPM-120.wav,TEST,True,True,14.0,STANDARDIZED,
dhul,dhul_000014.wav,BIHU DHOL RECORDING #bihu #assam #studio.wav,,VALIDATION,,,,,
dhul,dhul_000015.wav,Biswajit Gogoi And Raktim Phukan Dhol Recording __ Bihu song 2023.wav,,VALIDATION,,,,,
dhul,dhul_000016.wav,LACHIT BARUAH & BISWAJIT GOGOI BIHU DHOL RECORDING #assam #music #recording #studio #dhol #assamese.wav,,VALIDATION,,,,,
