standardized_filename,original_filename,instrument,source_dataset,original_path,original_sample_rate,standardized_sample_rate,original_channels,standardized_channels,original_duration_seconds,standardized_duration_seconds,original_num_samples,standardized_num_samples,original_format,original_file_size,original_sha256,standardized_sha256,rms_level,signal_quality_status,curation_status,exclusion_reason,processing_applied,notes
tabla_000001.wav,addhatrital01.wav,tabla,Tabla,Tabla\addhatrital01.wav,44100,44100,2,1,13.168798185941043,13.168798185941043,580744,580744,.wav,2323020,f3a93391fba2912491d7e2ac63f2167790dd1ff8b386b785ef618530e109e0bb,bf0c0fd6935aa8c24bc86a1184dd34ef0fe43d09c37fbed32557aa480e15196a,0.08695932477712631,NORMAL,STANDARDIZED,,downmixed to mono,
tabla_000002.wav,addhatrital02.wav,tabla,Tabla,Tabla\addhatrital02.wav,44100,44100,2,1,13.134263038548752,13.134263038548752,579221,579221,.wav,2316928,2bfffe560735b2943dabcb59a294ac9c740e42a7fc6de829b96c507fd841e1cc,a1d0166f62a3d6ec82590c3ca2dbb165ebefc0b246f40ca00ce277b1e39f32dd,0.08710721135139465,NORMAL,STANDARDIZED,,downmixed to mono,
tabla_000003.wav,addhatrital03.wav,tabla,Tabla,Tabla\addhatrital03.wav,44100,44100,2,1,13.194943310657596,13.194943310657596,581897,581897,.wav,2327632,443198d8ecea6ec96b7d4649dcd64d926655adeebeb538ab249a0a430eddf16a,dc508c3065a2f3ba53a9ff72f99f8d850adc53ab3d4b7833b98d58494f39a0dc,0.0854763314127922,NORMAL,STANDARDIZED,,downmixed to mono,
tabla_000004.wav,addhatrital04.wav,tabla,Tabla,Tabla\addhatrital04.wav,44100,44100,2,1,13.073492063492063,13.073492063492063,576541,576541,.wav,2306208,18096d864eaa3539315dba3fec2eac8f47abcba232d7b09f5bc3218e112b4006,dca694ea788b9e737206bb02fe5332e16c5e1ac0603f9f2d8c2fe103ca141d4b,0.08568211644887924,NORMAL,STANDARDIZED,,downmixed to mono,
tabla_000005.wav,addhatrital05.wav,tabla,Tabla,Tabla\addhatrital05.wav,44100,44100,2,1,13.130952380952381,13.130952380952381,579075,579075,.wav,2316344,aa9c4bb750aa5a4e9c8fbd7e99653cc09c163c5110e07af6251a6c824a71eec5,4172c7668e7ba78afdd87e511388a266a5e04e9ab8a5ffd828c118974ed64c16,0.08481784164905548,NORMAL,STANDARDIZED,,downmixed to mono,
tabla_000006.wav,addhatrital06.wav,tabla,Tabla,Tabla\addhatrital06.wav,44100,44100,2,1,13.158480725623583,13.158480725623583,580289,580289,.wav,2321200,20dffeac68fc0f4dd42196ae9dbf41326ee75e9d2754983633baec216d1f4078,72aafed3f15ad77d408795de2d94bb97a9135eddf85e32eb5c84272cf04aed96,0.08408845216035843,NORMAL,STANDARDIZED,,downmixed to mono,
tabla_000007.wav,addhatrital07.wav,tabla,Tabla,Tabla\addhatrital07.wav,44100,44100,2,1,13.181904761904763,13.181904761904763,581322,581322,.wav,2325332,590ed7e21a9eb0254bce95d1228bca912777b2bd172a1669ad15795e22198a36,a2e336456075aaba427ca0b48d66d77dbd86a6d5dc892f970fccc58e0cf96087,0.08150596171617508,NORMAL,STANDARDIZED,,downmixed to mono,
tabla_000008.wav,addhatrital08.wav,tabla,Tabla,Tabla\addhatrital08.wav,44100,44100,2,1,13.06936507936508,13.06936507936508,576359,576359,.wav,2305480,5ed5f59002e8903f2372c6fc86e75e34d2146bca5e4c48aa3d665084608fd5d0,bc34f4c3d510755ae69489c9187916ca334cd10fddd46fd2311fbc08cf4e08be,0.08261916786432266,NORMAL,STANDARDIZED,,downmixed to mono,
tabla_000009.wav,addhatrital09.wav,tabla,Tabla,Tabla\addhatrital09.wav,44100,44100,2,1,13.241519274376417,13.241519274376417,583951,583951,.wav,2335848,e3ce2022bb92a14844517977ef28850079a060358638a6d5bf3c7051f0b97c17,7ae7fb29ccaa1ff4a1d188674959009dd018329b76f2ec586e37dc34b306de99,0.08679165691137314,NORMAL,STANDARDIZED,,downmixed to mono,
tabla_000010.wav,addhatrital10.wav,tabla,Tabla,Tabla\addhatrital10.wav,44100,44100,2,1,13.121746031746031,13.121746031746031,578669,578669,.wav,2314720,18d5f23b9f01df315100a313a265b62fea3c612a66cc9a0c05e8163d0fde765a,1aa5a110c4076c578a5fa08fa898c6f8bbd36e64ae3de490c4bc1ff333e868dd,0.08507277071475983,NORMAL,STANDARDIZED,,downmixed to mono,
tabla_000011.wav,addhatrital11.wav,tabla,Tabla,Tabla\addhatrital11.wav,44100,44100,2,1,13.0918820861678,13.0918820861678,577352,577352,.wav,2309452,2b72c204e2ffd5955ce2fbd322ef23ff5aad15368e8b073d25e2a67fb4c24f42,2f1359b0fd248a7b1edf7a12d868d6b3450ffad7d06c013d64041fbfeda1ff39,0.08317787945270538,NORMAL,STANDARDIZED,,downmixed to mono,
tabla_000012.wav,addhatrital12.wav,tabla,Tabla,Tabla\addhatrital12.wav,44100,44100,2,1,13.10907029478458,13.10907029478458,578110,578110,.wav,2312484,91b4135686c2033d61c587592e0cc3149504764276307273f49f669d2c80c38b,d7cbc260f314d69fbc05e15b602a0da848d7801d1f0a81e074b2713fb3637998,0.08188404142856598,NORMAL,STANDARDIZED,,downmixed to mono,
tabla_000013.wav,addhatrital13.wav,tabla,Tabla,Tabla\addhatrital13.wav,44100,44100,2,1,13.072063492063492,13.072063492063492,576478,576478,.wav,2305956,a40cf3e8c8a28bdf605228b128f8868dc82bed223bd21f1c92ccc7daa23a1fa1,fc87734c2223a1749add3ea2b26c0943fd279163aebbf9ea7fddd816cb6261e6,0.07954347878694534,NORMAL,STANDARDIZED,,downmixed to mono,
tabla_000014.wav,addhatrital14.wav,tabla,Tabla,Tabla\addhatrital14.wav,44100,44100,2,1,13.16687074829932,13.16687074829932,580659,580659,.wav,2322680,d749a2049005508e63eb8f0e64c769491fe9d2529ac6dbddb106e8b787eda4fb,5bef9c5a598fdad21e45e7981e53cd18fa7c0b20e8d954718bc411b29584cbc3,0.07983171939849854,NORMAL,STANDARDIZED,,downmixed to mono,
tabla_000015.wav,addhatrital15.wav,tabla,Tabla,Tabla\addhatrital15.wav,44100,44100,2,1,13.135396825396825,13.135396825396825,579271,579271,.wav,2317128,79af13dab2fc11fba16bc086e2b8453b36fbcf8456c202158aace1c84da56b6f,7f74bff32b1127d12abde4f646903fc4291d6edf5c05b27b323444644cda63ec,0.08000333607196808,NORMAL,STANDARDIZED,,downmixed to mono,
tabla_000016.wav,addhatrital16.wav,tabla,Tabla,Tabla\addhatrital16.wav,44100,44100,2,1,13.144739229024943,13.144739229024943,579683,579683,.wav,2318776,0710fc06a354d782b736b3bd1e0d1049cc5ac4c2256cf3e3cd1db22fad8192f8,3ee32debb1f67e897ec4f2bf6e9ea9d5ee1b75651db2f7daf639061ce49de2bc,0.07929321378469467,NORMAL,STANDARDIZED,,downmixed to mono,
tabla_000017.wav,addhatrital17.wav,tabla,Tabla,Tabla\addhatrital17.wav,44100,44100,2,1,13.1643537414966,13.1643537414966,580548,580548,.wav,2322236,a042322d1415f5d53021dd860d04ccf610973701f21ceac223839cf138f2dd53,2cb12650f4a5cc59426ca912679aba1d23c495ea1f8bf1b36b197870d91810f2,0.07814265042543411,NORMAL,STANDARDIZED,,downmixed to mono,
tabla_000018.wav,addhatrital18.wav,tabla,Tabla,Tabla\addhatrital18.wav,44100,44100,2,1,13.175804988662131,13.175804988662131,581053,581053,.wav,2324256,b434c27b9b3a606dfecbc783792acca2a25854164d256d3c468e2b2e49dcb6b1,a06fc1922b69507c239eca50b8293495afc44b3ad2f762e7f1a8023959444202,0.07606606930494308,NORMAL,STANDARDIZED,,downmixed to mono,
tabla_000019.wav,addhatrital19.wav,tabla,Tabla,Tabla\addhatrital19.wav,44100,44100,2,1,13.152403628117915,13.152403628117915,580021,580021,.wav,2320128,bf1af1cf56b5aec95116d3f71c5ee59fd60cac54f756629d9b188d0da51c1a01,a5bb4304a3fe65c6267fb06b72dd186b8475eab803a11782c81dc1e6fb0175f8,0.07674255967140198,NORMAL,STANDARDIZED,,downmixed to mono,
tabla_000020.wav,addhatrital20.wav,tabla,Tabla,Tabla\addhatrital20.wav,44100,44100,2,1,10.90390022675737,10.90390022675737,480862,480862,.wav,1923492,6fddf5dda98717686854b5e2b160820a062f1c7d476f506968759ab6f245c093,72111fab3ed98166d1cceaec1b1228a281e65bad05b43f305478248ec584ca73,0.09034791588783264,NORMAL,STANDARDIZED,,downmixed to mono,
tabla_000021.wav,addhatrital21.wav,tabla,Tabla,Tabla\addhatrital21.wav,44100,44100,2,1,10.930657596371882,10.930657596371882,482042,482042,.wav,1928212,1a5032c8edc8593d52a527ab65b92b3148aa38cec3d56c6a629c8f493d915bbe,5b542ce492b9489933ae4688fcd3760c7c5f6fa7496154a1b51c1dd4ec1a7857,0.0910487249493599,NORMAL,STANDARDIZED,,downmixed to mono,
tabla_000022.wav,addhatrital22.wav,tabla,Tabla,Tabla\addhatrital22.wav,44100,44100,2,1,10.902244897959184,10.902244897959184,480789,480789,.wav,1923200,7abf40f59f728bd2cb51337b732867644931b6a9fc86cce4eda68d8d2a0436b7,8db3333248463a53f7d6324556656501a49edec723688ee075e0c9cc8c2cacd7,0.08732577413320541,NORMAL,STANDARDIZED,,downmixed to mono,
tabla_000023.wav,addhatrital23.wav,tabla,Tabla,Tabla\addhatrital23.wav,44100,44100,2,1,10.920544217687075,10.920544217687075,481596,481596,.wav,1926428,ce81eb605b0a66d2e582a8635a43fc962b5ad55fa750e05103ad10041fe69545,62fc32f23ee397888359d5e1537a4f552d0c84bfcf59307ebbf761209836d827,0.0886463075876236,NORMAL,STANDARDIZED,,downmixed to mono,
tabla_000024.wav,addhatrital24.wav,tabla,Tabla,Tabla\addhatrital24.wav,44100,44100,2,1,10.95748299319728,10.95748299319728,483225,483225,.wav,1932944,43174ae87f47166bdfe8cd656410346152989e9da3293d3e0996fb3c05e317c4,7fcb2fbfbb9a1f061705091e0efeae190bd49d6aa1f6b964028bc7747ad984a0,0.08850428462028503,NORMAL,STANDARDIZED,,downmixed to mono,
tabla_000025.wav,addhatrital25.wav,tabla,Tabla,Tabla\addhatrital25.wav,44100,44100,2,1,10.870657596371881,10.870657596371881,479396,479396,.wav,1917628,ebc5986fa011324311fbc3cac9226abced6233228fb47564eacfb2587df78d5d,fd0448f325a9fb8b95e06e242ba22669860c42145ab1cd429e364281e379e60d,0.08602447807788849,NORMAL,STANDARDIZED,,downmixed to mono,
tabla_000026.wav,addhatrital26.wav,tabla,Tabla,Tabla\addhatrital26.wav,44100,44100,2,1,10.916689342403629,10.916689342403629,481426,481426,.wav,1925748,a54b60c497daca22b1a3ec319cdb17328c96a87544aee3119a0072bccb2c7219,da9b507b6a0add22117561586598a9d6907b50ea29b4b9df1715b67e5b3c0e7a,0.08339675515890121,NORMAL,STANDARDIZED,,downmixed to mono,
tabla_000027.wav,addhatrital27.wav,tabla,Tabla,Tabla\addhatrital27.wav,44100,44100,2,1,10.935600907029478,10.935600907029478,482260,482260,.wav,1929084,3b6558d55958fcae46179059cd4f7b2c1ea6c30327731725e79e140918129420,36a4cdfdf26c3144ae9ff2097bee5c92e56c0ee45452bc9293db934db37bbaaa,0.08464423567056656,NORMAL,STANDARDIZED,,downmixed to mono,
tabla_000028.wav,addhatrital28.wav,tabla,Tabla,Tabla\addhatrital28.wav,44100,44100,2,1,10.922244897959184,10.922244897959184,481671,481671,.wav,1926728,07b838e5c4cc4cb95ff4bbc6c5134131721534e459835685f5d73f942ba39ff5,67ec4f6559616999eb28be5fcbaf86854220df526e0e54f9bcf698f75a6fea74,0.09457612782716751,NORMAL,STANDARDIZED,,downmixed to mono,
tabla_000029.wav,addhatrital29.wav,tabla,Tabla,Tabla\addhatrital29.wav,44100,44100,2,1,10.901360544217686,10.901360544217686,480750,480750,.wav,1923044,ee23d32f659b1d92a1c51c66296ed7b91b091b39423d263a4e7466b0428f4e7b,561b43f72c1a81ac22e092fc83d5a9f35f45314bbd6558ccb62e5ff4810060fc,0.09357284009456635,NORMAL,STANDARDIZED,,downmixed to mono,
tabla_000030.wav,addhatrital30.wav,tabla,Tabla,Tabla\addhatrital30.wav,44100,44100,2,1,10.878095238095238,10.878095238095238,479724,479724,.wav,1918940,b9eca73baa82c508f25460a4bc8893cc28e450fcd90963b9e57ed800ec306e8a,f0ed3f41a5f9906576ec766f13f0e2c5218e26cf37b6a46d10e43165a9968f4b,0.0931585505604744,NORMAL,STANDARDIZED,,downmixed to mono,
tabla_000031.wav,addhatrital31.wav,tabla,Tabla,Tabla\addhatrital31.wav,44100,44100,2,1,10.902630385487528,10.902630385487528,480806,480806,.wav,1923268,27339f499e56f7d35778023d3679cd8424b06bc4f59998023aab192e4f978a1a,e0f3e991c673b5f87bc13b4107032240d1d8b83e918fd8fc5ce65db3d093f47a,0.09124273806810379,NORMAL,STANDARDIZED,,downmixed to mono,
tabla_000032.wav,addhatrital32.wav,tabla,Tabla,Tabla\addhatrital32.wav,44100,44100,2,1,8.269365079365079,8.269365079365079,364679,364679,.wav,1458760,b61b03b5ee8d01f8503bf4ddc4ba39dea2fdffaa434aa9e02c898304675fa9cc,dcf9d4661f686a24ebb670e8bcfe84fd90b2b007a04a61d139d65223f5c31d33,0.10403769463300705,NORMAL,STANDARDIZED,,downmixed to mono,
tabla_000033.wav,addhatrital33.wav,tabla,Tabla,Tabla\addhatrital33.wav,44100,44100,2,1,8.230362811791384,8.230362811791384,362959,362959,.wav,1451880,aec90a508f4222c3e6bf09a16525a6daa10287af9911ae27abc7ddceaa4918f8,7410a1d4f93493989de0bdc8affcb52425455729981948fd6b1364a66318be8a,0.10183387249708176,NORMAL,STANDARDIZED,,downmixed to mono,
tabla_000034.wav,addhatrital34.wav,tabla,Tabla,Tabla\addhatrital34.wav,44100,44100,2,1,8.198412698412698,8.198412698412698,361550,361550,.wav,1446244,a2f96bcfc79375c1ee30e07dd89c7de5c2ab7aee0000bf6fbbf77457eff6dcdb,b2345c484f569c93ead0386d80b84c5220164448ce54b97645ee7e63a478678b,0.1003393903374672,NORMAL,STANDARDIZED,,downmixed to mono,
tabla_000035.wav,addhatrital35.wav,tabla,Tabla,Tabla\addhatrital35.wav,44100,44100,2,1,8.211315192743765,8.211315192743765,362119,362119,.wav,1448520,cc1f092c419dfe315760b3bdb1ab245338a32681c59528483cc61fa5eeb152bf,a8e8fca19f3e3ea04e1b75fb0cce7005d5e717ac46c7e1a2069d1745168af3f1,0.10040643811225891,NORMAL,STANDARDIZED,,downmixed to mono,
tabla_000036.wav,addhatrital36.wav,tabla,Tabla,Tabla\addhatrital36.wav,44100,44100,2,1,8.181360544217688,8.181360544217688,360798,360798,.wav,1443236,1ca5f3cdd8e353bfa939e2a59815e6b2a1b9d3cf488e1c091c6ab1e0af6c4890,6dd84bc8e1a448c266031f7a9cdc94299b31183b91ec88471d44a2c3d9c310fc,0.09939614683389664,NORMAL,STANDARDIZED,,downmixed to mono,
tabla_000037.wav,addhatrital37.wav,tabla,Tabla,Tabla\addhatrital37.wav,44100,44100,2,1,8.17154195011338,8.17154195011338,360365,360365,.wav,1441504,f52b366cb3c0c7f99d1bceed7e0bb560b8b7e98dc91e577e45900cfba980499a,ffff99f5c3c9391960f282e22de0db27079b3028d7e1f8713d9a5a06ec71cdc5,0.098195880651474,NORMAL,STANDARDIZED,,downmixed to mono,
tabla_000038.wav,addhatrital38.wav,tabla,Tabla,Tabla\addhatrital38.wav,44100,44100,2,1,8.179387755102042,8.179387755102042,360711,360711,.wav,1442888,3911c0f59dd142d49a15d98db53c9ad92a3234cc0eebb1474e16466e72b1b699,6edd1fcff8b134735b7096a62467224a097b4531a14dccfcd063793d292c446a,0.09571512043476105,NORMAL,STANDARDIZED,,downmixed to mono,
tabla_000039.wav,addhatrital39.wav,tabla,Tabla,Tabla\addhatrital39.wav,44100,44100,2,1,8.206462585034014,8.206462585034014,361905,361905,.wav,1447664,e01bba7619d618b26c11ec9a7ac98b03e8a878414d4558acc02e0ca3124917f1,87c71891cff92fe99849bd2d769f49e6be8b0445fa894d26d636be8636ec973b,0.09625744074583054,NORMAL,STANDARDIZED,,downmixed to mono,
tabla_000040.wav,addhatrital40.wav,tabla,Tabla,Tabla\addhatrital40.wav,44100,44100,2,1,8.267006802721088,8.267006802721088,364575,364575,.wav,1458344,4ca4e100aaac218143a3173552c78257be90f6513744320d170a3a621568a1b7,413ab423bde669d3a4998c80a3dca542d3fe82f106e4294c07f203fcf4caaeb0,0.10849682241678238,NORMAL,STANDARDIZED,,downmixed to mono,
tabla_000041.wav,addhatrital41.wav,tabla,Tabla,Tabla\addhatrital41.wav,44100,44100,2,1,8.271360544217687,8.271360544217687,364767,364767,.wav,1459112,e98685b0b868305f8bf28dd2ef92b70ee74f8d403dd8640a0c95c4326a301f82,2da9fe8b9754891e20d7fe8c29165273dd397e3af05dfd75580e0b56e9d74eb9,0.1094607263803482,NORMAL,STANDARDIZED,,downmixed to mono,
tabla_000042.wav,addhatrital42.wav,tabla,Tabla,Tabla\addhatrital42.wav,44100,44100,2,1,8.244013605442177,8.244013605442177,363561,363561,.wav,1454288,319a2416fe0632f82b0a1de45a0b5dae4e96bccb175a3bb707de429e9c5b2432,3209db0eaa7de5912a5babdb304e873abeb5a62c1f772efa8f838199096dc168,0.10674796998500824,NORMAL,STANDARDIZED,,downmixed to mono,
tabla_000043.wav,addhatrital43.wav,tabla,Tabla,Tabla\addhatrital43.wav,44100,44100,2,1,8.210997732426303,8.210997732426303,362105,362105,.wav,1448464,02acaaf557c08132aeb5db446f5a29b0433f5840d962c1d7900bfea6c0ca921e,7b54816e65e8e621b879f2a4bc568e8e0c3c2e03a794d5bcfb10b45de7a94f96,0.10369211435317993,NORMAL,STANDARDIZED,,downmixed to mono,
tabla_000044.wav,addhatrital44.wav,tabla,Tabla,Tabla\addhatrital44.wav,44100,44100,2,1,6.674399092970521,6.674399092970521,294341,294341,.wav,1177408,6e5a918a0307a0e297a867a725e047f9e5f3d29e912fed869a0f1800ef8a9dd8,735ac2d291737180fe9e9684dff81842f3391ddd1ead52c36703d9715426b933,0.11264356970787048,NORMAL,STANDARDIZED,,downmixed to mono,
tabla_000045.wav,addhatrital45.wav,tabla,Tabla,Tabla\addhatrital45.wav,44100,44100,2,1,6.643537414965986,6.643537414965986,292980,292980,.wav,1171964,79fe9a3ae57e0cf8714ef2586ba088856d9a30a92637b192aec0b9f5aeff6e82,59f52f1fc7f0b7f315569779a8ddac3c784bdb401a932f4b40bbd2c441afcb6a,0.11297477036714554,NORMAL,STANDARDIZED,,downmixed to mono,
tabla_000046.wav,addhatrital46.wav,tabla,Tabla,Tabla\addhatrital46.wav,44100,44100,2,1,6.657369614512471,6.657369614512471,293590,293590,.wav,1174404,bfdf43e0cd70d24f618d4dce2d5e48ba95869530258a3e008412e97ae3e06218,17e09a2baa1e53cd09540776e4e3d9306278a32b386c640e2c656c1145a12964,0.11083676666021347,NORMAL,STANDARDIZED,,downmixed to mono,
tabla_000047.wav,addhatrital47.wav,tabla,Tabla,Tabla\addhatrital47.wav,44100,44100,2,1,6.638276643990929,6.638276643990929,292748,292748,.wav,1171036,9d0d22d7bb1dd9ceccb532348d903a74cd8fa85b50f40cda7db0e0f04e2d83ba,266401f7748ce120990da712b5dcf9a8cce434f8c3a45868763fc2fa2cadb9f2,0.11160124093294144,NORMAL,STANDARDIZED,,downmixed to mono,
tabla_000048.wav,addhatrital48.wav,tabla,Tabla,Tabla\addhatrital48.wav,44100,44100,2,1,6.662108843537415,6.662108843537415,293799,293799,.wav,1175240,a081bf418ea77c49238d5799e980a775048d7a6828f2e8acfa9dc81535a7d7a4,14ae2bae9b2a626828404f9886acd90a6b93cf9b7d9e50f53712b78f165f4a90,0.1123502179980278,NORMAL,STANDARDIZED,,downmixed to mono,
tabla_000049.wav,addhatrital49.wav,tabla,Tabla,Tabla\addhatrital49.wav,44100,44100,2,1,6.646984126984127,6.646984126984127,293132,293132,.wav,1172572,845df62174db6d955587466ef25be56a3cd3645390e0d774d89b956b315f4faf,ffbcfb146e075a431cd9469c016285ed0e08de75afb51b9fe4c78e6b4dc93659,0.1097262054681778,NORMAL,STANDARDIZED,,downmixed to mono,
tabla_000050.wav,addhatrital50.wav,tabla,Tabla,Tabla\addhatrital50.wav,44100,44100,2,1,6.631473922902495,6.631473922902495,292448,292448,.wav,1169836,904206f213887f712a30c34ae8c4595425e019ee0affddd2c4119a2b945acefe,614b0da2c3f0565b28f725cdd532376832240ddf8e8d41b94640fe5f99a8d0a0,0.10650243610143661,NORMAL,STANDARDIZED,,downmixed to mono,
tabla_000051.wav,addhatrital51.wav,tabla,Tabla,Tabla\addhatrital51.wav,44100,44100,2,1,6.607823129251701,6.607823129251701,291405,291405,.wav,1165664,4504eddedc3fbef77843acbb7094da044a0aa1a0973ecd604be55b70ae6b512a,a10c50f9a53e25b967ba820d76cb3e012c55f5673c0344d17ed81824cacfc773,0.10586415231227875,NORMAL,STANDARDIZED,,downmixed to mono,
tabla_000052.wav,addhatrital52.wav,tabla,Tabla,Tabla\addhatrital52.wav,44100,44100,2,1,6.671678004535147,6.671678004535147,294221,294221,.wav,1176928,e59cc3cee859f9b130aff32b583b3661c74f14dab864c70bb3b4e9f40de0158d,7af1a194c2c6593927b5b9b1881da5880ee669461d1273803f9d6e0d70e3504e,0.12315128743648529,NORMAL,STANDARDIZED,,downmixed to mono,
tabla_000053.wav,addhatrital53.wav,tabla,Tabla,Tabla\addhatrital53.wav,44100,44100,2,1,6.670045351473923,6.670045351473923,294149,294149,.wav,1176640,10e6eac73ddb2b68ac1173706c84ff457f6c04a0e1028e95ea5003d1ce0cfe33,d272390e71be9902dbd0999d9503aa6439ab867fa67371adc2e74b9b301c37b1,0.11895006150007248,NORMAL,STANDARDIZED,,downmixed to mono,
tabla_000054.wav,addhatrital54.wav,tabla,Tabla,Tabla\addhatrital54.wav,44100,44100,2,1,6.623151927437641,6.623151927437641,292081,292081,.wav,1168368,0049d83ea2cb2b7ab9457f227af09b1e674647af64fec16a153b6ce51a96a5c2,ee7c7e718ddfee065d3337ce3165af296c7597a9776503fdc1b6c905e166ae0f,0.11339199542999268,NORMAL,STANDARDIZED,,downmixed to mono,
tabla_000055.wav,addhatrital55.wav,tabla,Tabla,Tabla\addhatrital55.wav,44100,44100,2,1,5.06718820861678,5.06718820861678,223463,223463,.wav,893896,4551342e68b4aeda554bdccd793901cc5023391bf563cbacfae647505e9f912a,85987108c8869ee6ee8ea81b81bc704d0d8b5e6cd15a2fb2deb58fba167f093d,0.12692870199680328,NORMAL,STANDARDIZED,,downmixed to mono,
tabla_000056.wav,addhatrital56.wav,tabla,Tabla,Tabla\addhatrital56.wav,44100,44100,2,1,5.019160997732427,5.019160997732427,221345,221345,.wav,885424,2d1faabada9fa2a66be83510a4e578bd6e24d27f21ae316387a56c0db2194b0c,0eb321679975103e8eb62812362568269aa0ab6c4205b9847266b0e8b08eb4f4,0.12461764365434647,NORMAL,STANDARDIZED,,downmixed to mono,
tabla_000057.wav,addhatrital57.wav,tabla,Tabla,Tabla\addhatrital57.wav,44100,44100,2,1,5.037301587301587,5.037301587301587,222145,222145,.wav,888624,ccc312eb541b25039d29fc1bdb8bff3b1af46fcafed638446d60ec8cc25073a9,aa8054e9e849272accdcd1b04d523dc7288fd88210aac1d2c108413de136e67a,0.12410342693328857,NORMAL,STANDARDIZED,,downmixed to mono,
tabla_000058.wav,addhatrital58.wav,tabla,Tabla,Tabla\addhatrital58.wav,44100,44100,2,1,5.067460317460317,5.067460317460317,223475,223475,.wav,893944,a62821874af6d6d67e11221d5864e4e060ba27c4fed8ad988289dbe1180b065e,a74ef62158efa703cbaad69f717f98f5b3197753176d7dd07412f1f6411788b1,0.12566910684108734,NORMAL,STANDARDIZED,,downmixed to mono,
tabla_000059.wav,addhatrital59.wav,tabla,Tabla,Tabla\addhatrital59.wav,44100,44100,2,1,5.029705215419501,5.029705215419501,221810,221810,.wav,887284,762addcf05f6b69fce76ae291c123f82ea29cbce89cf46ed05f13eda8b90d9b2,1e33f449ef58e2ef43ef8a3d096f7b6c93dd6b5c4fd22dfa94f5f6c784f05ecb,0.12300800532102585,NORMAL,STANDARDIZED,,downmixed to mono,
tabla_000060.wav,addhatrital60.wav,tabla,Tabla,Tabla\addhatrital60.wav,44100,44100,2,1,5.001814058956916,5.001814058956916,220580,220580,.wav,882364,f3e25abf2569f07195e3cd49a5d26ac66c9596d98079b0d34cb161d453db47fe,4a23d2ff0c91bfc87d88990038b4d238c89a95bd635e91c9e5fc498bbb57268c,0.122557133436203,NORMAL,STANDARDIZED,,downmixed to mono,
tabla_000061.wav,addhatrital61.wav,tabla,Tabla,Tabla\addhatrital61.wav,44100,44100,2,1,5.0094557823129255,5.0094557823129255,220917,220917,.wav,883712,d72526da13c705a8d653beef2f379182cb5682dbad4a978edfa5e8a74188aaf7,de2d0e22c20a06af04b0ee1334f04c5e7f7653298b3765b9eb297da54fe4d183,0.11954235285520554,NORMAL,STANDARDIZED,,downmixed to mono,
tabla_000062.wav,addhatrital62.wav,tabla,Tabla,Tabla\addhatrital62.wav,44100,44100,2,1,4.989954648526077,4.989954648526077,220057,220057,.wav,880272,2552133293b9e2b53765e7d764981b43feb905f5cecadc3c394477b1cb0acc9e,313cabd4f66684e56b4ae65e5e0e5175fce19e92ed81bd4ae78c400149cf889a,0.12044982612133026,NORMAL,STANDARDIZED,,downmixed to mono,
tabla_000063.wav,addhatrital63.wav,tabla,Tabla,Tabla\addhatrital63.wav,44100,44100,2,1,5.0272335600907025,5.0272335600907025,221701,221701,.wav,886848,869ebabb9ce47d4ea8adba875ec414b24a7202664d299840ff8cba5efb60ae0c,c2fe8fc24f9db3daf460f6ce946c69667dadb5c12202377162a15b7699fa7891,0.1351800560951233,NORMAL,STANDARDIZED,,downmixed to mono,
tabla_000064.wav,addhatrital64.wav,tabla,Tabla,Tabla\addhatrital64.wav,44100,44100,2,1,5.035124716553288,5.035124716553288,222049,222049,.wav,888240,fd572596bab9a5fd038a84822f2d95d27ea3c755d3713db57ce516577526ae0f,8c0d57e3ded8d302889f6df9223ddb271a9749d092b76911ee18c66ea85f4432,0.13419634103775024,NORMAL,STANDARDIZED,,downmixed to mono,
tabla_000065.wav,addhatrital65.wav,tabla,Tabla,Tabla\addhatrital65.wav,44100,44100,2,1,5.006780045351474,5.006780045351474,220799,220799,.wav,883240,542b2911ff40446fc0250a965e4204886ea15e357cb251c63e7ce8d36d59116f,b24b7c565fa831c1120a6c72a99830d091bed80502bc6a79f76b4cfca9db4ea9,0.13159306347370148,NORMAL,STANDARDIZED,,downmixed to mono,
tabla_000066.wav,addhatrital66.wav,tabla,Tabla,Tabla\addhatrital66.wav,44100,44100,2,1,5.052290249433106,5.052290249433106,222806,222806,.wav,891268,c8d343505fc923e8399afae9518e8282281e2c447a21e0ce7a62dd33077e54a1,31181a33665c05a72b6e8eb29754c1b8fda083eecfd044ffe1e48fdc29a35f1f,0.13155116140842438,NORMAL,STANDARDIZED,,downmixed to mono,
tabla_000067.wav,addhatrital67.wav,tabla,Tabla,Tabla\addhatrital67.wav,44100,44100,2,1,4.0718140589569165,4.0718140589569165,179567,179567,.wav,718312,dae020a5bad5f48adfe56c24c2b50d3c90c2d97496da5c003bc573733b141443,105f9ba18f0964d1c01b88849a09a7ce2d0f980030ebd211aec6a8a840943398,0.13709993660449982,NORMAL,STANDARDIZED,,downmixed to mono,
tabla_000068.wav,addhatrital68.wav,tabla,Tabla,Tabla\addhatrital68.wav,44100,44100,2,1,4.071133786848073,4.071133786848073,179537,179537,.wav,718192,b4c214eb8744efd412deeeb2cdfb5b7608053c977a239021157d9e725a36c5a1,9ba1402aed16c574189b6d146a1e668421d85edb750cca1caba0eccbcf424929,0.13869711756706238,NORMAL,STANDARDIZED,,downmixed to mono,
tabla_000069.wav,addhatrital69.wav,tabla,Tabla,Tabla\addhatrital69.wav,44100,44100,2,1,4.0331292517006805,4.0331292517006805,177861,177861,.wav,711488,dd581e0870fbb1fbd053261620cdc07d067f388621308852e3d709c0a686f92c,8ce0b1b243bb84391279128c862fe048e861cf1b3387a8948fea49dfb27e3f03,0.1363760232925415,NORMAL,STANDARDIZED,,downmixed to mono,
tabla_000070.wav,addhatrital70.wav,tabla,Tabla,Tabla\addhatrital70.wav,44100,44100,2,1,4.03827664399093,4.03827664399093,178088,178088,.wav,712396,dfdd09d51cbbe4fdeedbadb07a854db01b650c64cb4b899fa2f3f8b2c8cf7cff,c9d1a0db8c55581973d4a9931c1acac96f23e200d693bd5181a093c90926d4fc,0.1364355832338333,NORMAL,STANDARDIZED,,downmixed to mono,
tabla_000071.wav,addhatrital71.wav,tabla,Tabla,Tabla\addhatrital71.wav,44100,44100,2,1,4.012539682539683,4.012539682539683,176953,176953,.wav,707856,3ef4cc0541cd6bc7064db00472d39637c08ed94c40094949b9d7d0f03bc2ca57,0fd19a921060cdcd96f38b7cb3c688140e326eaa737392af0a3eb330f9605aca,0.13701793551445007,NORMAL,STANDARDIZED,,downmixed to mono,
tabla_000072.wav,addhatrital72.wav,tabla,Tabla,Tabla\addhatrital72.wav,44100,44100,2,1,3.981360544217687,3.981360544217687,175578,175578,.wav,702356,488a6f743f810186a2401174f5e2ac8c10850fd81999af740bf62d92451d2c17,68b88e7d23a73814337fa6b4a75a094a24253f7427617a85daeae26ad55a07e7,0.1364866942167282,NORMAL,STANDARDIZED,,downmixed to mono,
tabla_000073.wav,addhatrital73.wav,tabla,Tabla,Tabla\addhatrital73.wav,44100,44100,2,1,4.00936507936508,4.00936507936508,176813,176813,.wav,707296,2b5a7ffd5df16938e96434a771ba005972dcf3671ffba9f10470265d78d1cb6e,2f35c53046fd2a8d3101cbf1e96348e343bf2ca67aae2aa974012a14f3836c80,0.13155609369277954,NORMAL,STANDARDIZED,,downmixed to mono,
tabla_000074.wav,addhatrital74.wav,tabla,Tabla,Tabla\addhatrital74.wav,44100,44100,2,1,4.013174603174603,4.013174603174603,176981,176981,.wav,707968,75c12e9cb2669854e7f4956327a34b153e0a0ff510e530dafe16ec25cdc5903a,dadc1a7282765626dfacccecd6188f5a3a9590621fbf9b6edd3e5e1b2ad54edb,0.1325826644897461,NORMAL,STANDARDIZED,,downmixed to mono,
tabla_000075.wav,addhatrital75.wav,tabla,Tabla,Tabla\addhatrital75.wav,44100,44100,2,1,4.041428571428572,4.041428571428572,178227,178227,.wav,712952,3f2980ff64c7829035f2f108e22b6744b8cad54daa341b0e032186bf81f2e4c0,92a4396bc06f32716469952f8ea6a9980332b7438d38fd724f97a170ccfee4e2,0.1438877433538437,NORMAL,STANDARDIZED,,downmixed to mono,
tabla_000076.wav,addhatrital76.wav,tabla,Tabla,Tabla\addhatrital76.wav,44100,44100,2,1,4.010249433106576,4.010249433106576,176852,176852,.wav,707452,714f6a053f2c87a2571ea440fc501d7baa3709b5155422b21bd44d67d1ead307,e905d9c04f059d7f5361b077e5b0775dc508d4e210e0fb2af98bb67b1354a809,0.1489686220884323,NORMAL,STANDARDIZED,,downmixed to mono,
tabla_000077.wav,addhatrital77.wav,tabla,Tabla,Tabla\addhatrital77.wav,44100,44100,2,1,4.012244897959183,4.012244897959183,176940,176940,.wav,707804,e3886f5ddf1f7be756e0c9664ce37628f2dacc559481b2967b5b49c451d1f344,674684dcaa6cffc29df9a5790f3498225bfaefe8d1a2b17ecfc7b1fdeca09170,0.14533281326293945,NORMAL,STANDARDIZED,,downmixed to mono,
tabla_000078.wav,addhatrital78.wav,tabla,Tabla,Tabla\addhatrital78.wav,44100,44100,2,1,4.013356009070295,4.013356009070295,176989,176989,.wav,708000,c8b0e53a79d4d42e9ece6d5a845ae8148aeaafcfaa0e1e695caeb73849336f3e,5f33a4a94627fe22ea22e88d1ffb0c163f2ea1ac32f6ad9a0da8b08f1363b8ce,0.1428598016500473,NORMAL,STANDARDIZED,,downmixed to mono,
tabla_000079.wav,AHK_solo-tintal-1.wav,tabla,Tabla,Tabla\AHK_solo-tintal-1.wav,16000,44100,1,1,66.532,66.53201814058957,1064512,2934062,.wav,2129068,fcd29129f8f374d44041920d5c1f5165a4edb29756c603bb1df4a391bf8fbdee,be6e41b1672c1374065598521df695d7f1631c0dce1de587f3f6705a8ba1d2c9,0.14350895583629608,NORMAL,STANDARDIZED,,resampled from 16000 to 44100,
tabla_000080.wav,AHK_solo-tintal-2.wav,tabla,Tabla,Tabla\AHK_solo-tintal-2.wav,16000,44100,1,1,62.511625,62.51163265306123,1000186,2756763,.wav,2000416,2ac00dc363c9251a6c442906bdbd3cdaa7a34e1aa2b8c833af7b3ec1011400f8,82abb37ffbb2cc38d693bf2d1576acd44563b39ba28ea5cfe542fbda00ef4797,0.14324037730693817,NORMAL,STANDARDIZED,,resampled from 16000 to 44100,
tabla_000081.wav,AHK_solo-tintal-3.wav,tabla,Tabla,Tabla\AHK_solo-tintal-3.wav,16000,44100,1,1,28.67875,28.67875283446712,458860,1264733,.wav,917764,66ad4cd85b2f79b31d9d7af42a61671794730060ca783d8583d90270f06ddf28,a57046a64f381cda11e92ef822832a03f4377739b8cf2fe8a5e1c8924963ef65,0.15149155259132385,NORMAL,STANDARDIZED,,resampled from 16000 to 44100,
tabla_000082.wav,AHK_solo-tintal-4.wav,tabla,Tabla,Tabla\AHK_solo-tintal-4.wav,16000,44100,1,1,45.52325,45.52326530612245,728372,2007576,.wav,1456788,eedd05ca402ddb492e5e4458e30a2af037ce0700912dceb3d66be387e3c8cfa3,00fb1b3a3b7f34416196eb9416991d8262869628f23d86c9b96f578dd284d022,0.16137266159057617,NORMAL,STANDARDIZED,,resampled from 16000 to 44100,
tabla_000083.wav,AHK_solo-tintal-5.wav,tabla,Tabla,Tabla\AHK_solo-tintal-5.wav,16000,44100,1,1,59.93025,59.93027210884354,958884,2642925,.wav,1917812,1e7cda3d3f7503515fd14a64d6aba7cd2066a953a6ce7415ae6a5cde2e9c12ae,49942afd9f4daa47547009c450c2a7a4783ece37aa8a4b8905de496493c569ff,0.16525524854660034,NORMAL,STANDARDIZED,,resampled from 16000 to 44100,
tabla_000084.wav,AHK_solo-tintal-6.wav,tabla,Tabla,Tabla\AHK_solo-tintal-6.wav,16000,44100,1,1,65.3808125,65.3808163265306,1046093,2883294,.wav,2092230,241990a81022b1d711a87abd756e44489ee3fb4d1ae81faaed5b5ea31f81f7ef,3a2b70ae4ce8ab1d41697f4e877ca81c282564a51acf8a0d6726d62b5ab58b9e,0.1434522569179535,NORMAL,STANDARDIZED,,resampled from 16000 to 44100,
tabla_000085.wav,AHK_solo-tintal-7.wav,tabla,Tabla,Tabla\AHK_solo-tintal-7.wav,16000,44100,1,1,37.1773125,37.17732426303855,594837,1639520,.wav,1189718,cfbeaf830e1a21c4472a5a846cffb40cf6da20dfbb44e09423eb3f29f43734ee,0d6807fbab488abc5f9136269c8621a24b5c6d72227e134ca7ca94b4f2a1192f,0.16301487386226654,NORMAL,STANDARDIZED,,resampled from 16000 to 44100,
tabla_000086.wav,AS_comp101_t.wav,tabla,Tabla,Tabla\AS_comp101_t.wav,16000,44100,1,1,19.65,19.65,314400,866565,.wav,1257658,53d518e1de08032c474cfb607469c596cbd33f3b97a358238e9096ce68dba695,337b353c5ccc96b5cbbf101ecc884e2a6b8356351e365f28ba4331d5e172bd09,0.015416675247251987,NORMAL,STANDARDIZED,,resampled from 16000 to 44100,
tabla_000087.wav,AS_comp102_t.wav,tabla,Tabla,Tabla\AS_comp102_t.wav,16000,44100,1,1,23.2096875,23.2097052154195,371355,1023548,.wav,1485478,373078759e92b48a29f4271b1efa65ca3c52eb6807176d109cb18faa7ad6c1ae,576274d7053540fafead48ad78bbc89e04302373d7b08ce7bd8cb1824cf05a26,0.013880976475775242,NORMAL,STANDARDIZED,,resampled from 16000 to 44100,
tabla_000088.wav,AS_comp103_t.wav,tabla,Tabla,Tabla\AS_comp103_t.wav,16000,44100,1,1,24.252,24.25201814058957,388032,1069514,.wav,1552186,dd78b7dece71546ec1b6a28e49938bc93c53cc056188e5d2cd907e489a9be9d2,5403f3674df468a6ed4ecd4e30b5cf02fb2b9ad1ce8567ddc0cf03158def154e,0.013258606195449829,NORMAL,STANDARDIZED,,resampled from 16000 to 44100,
tabla_000089.wav,AS_comp104_t.wav,tabla,Tabla,Tabla\AS_comp104_t.wav,16000,44100,1,1,30.0885,30.088503401360544,481416,1326903,.wav,1925722,8b361dea1759e78773035a281385f349ed4fe7466ebcce5e65be7cb3ee9e624f,1287c20993219889fe1e25fdcf96f8477389324e785d9eb1115e67b42aef73a0,0.01978105865418911,NORMAL,STANDARDIZED,,resampled from 16000 to 44100,
tabla_000090.wav,AS_comp105_t.wav,tabla,Tabla,Tabla\AS_comp105_t.wav,16000,44100,1,1,16.9616875,16.96170068027211,271387,748011,.wav,1085606,583ad192f3f70891a1eb53e6d9c7d9b84efb1758d4f61bb317820dd6f8466840,ca470a4843abfc92dfe446d2f0515f42939e96daf5fd546e821476a764eb28c0,0.01698106899857521,NORMAL,STANDARDIZED,,resampled from 16000 to 44100,
tabla_000091.wav,AS_comp106_t.wav,tabla,Tabla,Tabla\AS_comp106_t.wav,16000,44100,1,1,21.3864375,21.386439909297053,342183,943142,.wav,1368790,f7223717643d055e7ad69a4ca3c0c54f1344cd0cf60e49e7f053af9db2a03418,3214a0f4768859ad3aee630cf2d791d6b057ed25c69f3e6b874b71fbf3a50f0f,0.017360059544444084,NORMAL,STANDARDIZED,,resampled from 16000 to 44100,
tabla_000092.wav,AS_comp107_t.wav,tabla,Tabla,Tabla\AS_comp107_t.wav,16000,44100,1,1,17.1934375,17.19344671201814,275095,758231,.wav,1100438,1b77aa4165a57b6dfb60f407aca68fec69f0d8f552074d887414ed1bf51c5018,69d3b760013c30c51467b2802fed702f497a7ad0fe590e3f2726bf1e60212311,0.01405974943190813,NORMAL,STANDARDIZED,,resampled from 16000 to 44100,
tabla_000093.wav,AS_comp108_t.wav,tabla,Tabla,Tabla\AS_comp108_t.wav,16000,44100,1,1,14.527,14.527006802721088,232432,640641,.wav,929786,120204e6e32d4b713412f1c002e29367f623a702c7c4c27323e6019ceae165b2,4759ea18a5deeb5ce9b6ffbf4d74b5e505b7e53ee0dc98f62507d4671b767216,0.016582421958446503,NORMAL,STANDARDIZED,,resampled from 16000 to 44100,
tabla_000094.wav,AS_comp109_t.wav,tabla,Tabla,Tabla\AS_comp109_t.wav,16000,44100,1,1,13.4689375,13.468956916099772,215503,593981,.wav,862070,ff31b61a7fa4c9048ff915f90e5a93752e44feeb32d98e3e51cf58af28b7323b,d7369eabecf4d134005800ff6766440f8bc19daa1355827a0649fc2c36da6b7a,0.01702546514570713,NORMAL,STANDARDIZED,,resampled from 16000 to 44100,
tabla_000095.wav,AS_comp110_t.wav,tabla,Tabla,Tabla\AS_comp110_t.wav,16000,44100,1,1,13.419125,13.419138321995465,214706,591784,.wav,858882,503efdde8768b4866ab33f3da727df8ef882729fd49b11bbb9a0f1ef93149d3c,f05b6254418fbfdbf73df25f4b2dd1421993b484eddb3718aa232a27c0c4e04d,0.012081337161362171,NORMAL,STANDARDIZED,,resampled from 16000 to 44100,
tabla_000096.wav,AS_comp111_t.wav,tabla,Tabla,Tabla\AS_comp111_t.wav,16000,44100,1,1,24.8545,24.85451247165533,397672,1096084,.wav,1590746,73020ec69b70183e2e88d5dfe8bff76053ea17bdf3b41584e08d55967173bbb4,0fcb8e64f7751fbe6a571aa362d0b5af57304d80161fb9a92ae226d9602fc2cd,0.01433209516108036,NORMAL,STANDARDIZED,,resampled from 16000 to 44100,
tabla_000097.wav,AS_comp112_t.wav,tabla,Tabla,Tabla\AS_comp112_t.wav,16000,44100,1,1,24.5250625,24.525079365079364,392401,1081556,.wav,1569662,40682e4420328e2b80c433634beb33dce3ded4da99ed51e1b05811d86b9712ee,8621572c3b8bc889f3896a11a2b62438fb27901ae558ef7c14bbafda472e8413,0.017401153221726418,NORMAL,STANDARDIZED,,resampled from 16000 to 44100,
tabla_000098.wav,AS_comp113_t.wav,tabla,Tabla,Tabla\AS_comp113_t.wav,16000,44100,1,1,12.3551875,12.355192743764173,197683,544864,.wav,790790,bc8d028783f6141799c6583df7908ca21cef8a7765731e983bd1fc630fa03d8e,c9b0f23c42eb0f4a5bb91b5d03bee8e1e4f221384da4e6bdebc670cd11ebb607,0.021279117092490196,NORMAL,STANDARDIZED,,resampled from 16000 to 44100,
tabla_000099.wav,AS_comp114_t.wav,tabla,Tabla,Tabla\AS_comp114_t.wav,16000,44100,1,1,15.0733125,15.073333333333334,241173,664734,.wav,964750,3750db812042cc838cab31a28d6c136e4fc18849f4d9ec09959759629dd8c847,3cf0135f8b641605e4b8c357e018369d0d3e72a2f929cff1630a2588620f5380,0.016552584245800972,NORMAL,STANDARDIZED,,resampled from 16000 to 44100,
tabla_000100.wav,AS_comp115_t.wav,tabla,Tabla,Tabla\AS_comp115_t.wav,16000,44100,1,1,15.258625,15.258639455782314,244138,672906,.wav,976610,62d858de2a971fc854ec4614c8ed9642a51df9423d058540dd23cefc7e7c04a3,70639a4b30ebd7c2930f7c7466b1122a78978a204af8f57499474d5385941074,0.01614559069275856,NORMAL,STANDARDIZED,,resampled from 16000 to 44100,
tabla_000101.wav,AS_comp116_t.wav,tabla,Tabla,Tabla\AS_comp116_t.wav,16000,44100,1,1,12.4375,12.437505668934241,199000,548494,.wav,796058,7f0b1297ca8b744d102a665cff11c67b196211a52d6299f08fc2a3cfa594e273,bbcd52bb612c2d93d52b3547a59ef158d39a066831459e54b35b8de69b5b3a03,0.01899285987019539,NORMAL,STANDARDIZED,,resampled from 16000 to 44100,
tabla_000102.wav,AS_comp117_t.wav,tabla,Tabla,Tabla\AS_comp117_t.wav,16000,44100,1,1,15.5469375,15.546938775510204,248751,685620,.wav,995062,d9b944da87bced93f6a7eb35c38fd9a495d3d4020e3c2a7bf6fc3878dd7e500d,d336a9811016270522c29656e19d0820d7a93854017c83ae28a637402b567e23,0.017197396606206894,NORMAL,STANDARDIZED,,resampled from 16000 to 44100,
tabla_000103.wav,bhajani01.wav,tabla,Tabla,Tabla\bhajani01.wav,44100,44100,2,1,6.603560090702948,6.603560090702948,291217,291217,.wav,1164912,30319295cb24e315f7e1720516d3c87bf277bc4e274cc5d04f1b7ad00f95451a,40dd4c68cc8bf0be53a88f9807c703d9bb2d34bc8bc482117d9ab35971bf862e,0.08138475567102432,NORMAL,STANDARDIZED,,downmixed to mono,
tabla_000104.wav,bhajani02.wav,tabla,Tabla,Tabla\bhajani02.wav,44100,44100,2,1,6.514489795918367,6.514489795918367,287289,287289,.wav,1149200,46152c1d24cccfe2b6dc781f0e224d463eb41cc00650cae26c9b862447a948f2,2bfd0524897211c37427aeee9f7e4735407ef7b66837ccce3f3aed26988d53dc,0.08071939647197723,NORMAL,STANDARDIZED,,downmixed to mono,
tabla_000105.wav,bhajani03.wav,tabla,Tabla,Tabla\bhajani03.wav,44100,44100,2,1,6.538548752834467,6.538548752834467,288350,288350,.wav,1153444,d63222e51c04fd42b688b7031185ed6dcd0895fabd3618d8afcf329471086e2d,b54e3288d2491e79fd28db18b361f99b014a08b4c77669b7d8563e5745ce5697,0.07853195816278458,NORMAL,STANDARDIZED,,downmixed to mono,
tabla_000106.wav,bhajani04.wav,tabla,Tabla,Tabla\bhajani04.wav,44100,44100,2,1,6.566575963718821,6.566575963718821,289586,289586,.wav,1158388,03ec36803a2d56efd0b93e08ab61fcdec55768e73d16db762550fcc8db07fb36,b241f04311aae1ac1daa2d8db222cc9f45b5c3c4207bf1542b1340e15062139a,0.07937850058078766,NORMAL,STANDARDIZED,,downmixed to mono,
tabla_000107.wav,bhajani05.wav,tabla,Tabla,Tabla\bhajani05.wav,44100,44100,2,1,6.5757596371882086,6.5757596371882086,289991,289991,.wav,1160008,9e2ad1159b473011f63ab53eca0f2615c0557607a4acc0e8d0922bf7ec12e55e,b0f8f5122d54fadeb2b34cc8ad037ba96eb3579615f8c6e9f4991549b70360e6,0.07955452054738998,NORMAL,STANDARDIZED,,downmixed to mono,
tabla_000108.wav,bhajani06.wav,tabla,Tabla,Tabla\bhajani06.wav,44100,44100,2,1,6.545124716553288,6.545124716553288,288640,288640,.wav,1154604,09744af6bec8d56d1b156f04fa8825099710e3e68524986c84d2e497c0a5795f,18d525c8b01e02305594579e6f3128f6ae5ea8f15ebec17bc5e629881bdf2ebb,0.07743694633245468,NORMAL,STANDARDIZED,,downmixed to mono,
tabla_000109.wav,bhajani07.wav,tabla,Tabla,Tabla\bhajani07.wav,44100,44100,2,1,6.563809523809524,6.563809523809524,289464,289464,.wav,1157900,886f40ca61428e8ca514e3ea8bba6261fe74768f044411df5245af8917b2a8d8,f30f747a0ec163533fbc5c9a907b7f0c99969e5d0996b96bc91914e04cbe0261,0.07544159889221191,NORMAL,STANDARDIZED,,downmixed to mono,
tabla_000110.wav,bhajani08.wav,tabla,Tabla,Tabla\bhajani08.wav,44100,44100,2,1,6.634399092970521,6.634399092970521,292577,292577,.wav,1170352,1db4de20b71bb7ea5da550cd526eb08ac586e74761b04d96976acf09477966f3,c8740b473e2023a5093d6a3f07202d67dbce49ffe21cd9c93636bf0aea5d3592,0.07600249350070953,NORMAL,STANDARDIZED,,downmixed to mono,
tabla_000111.wav,bhajani09.wav,tabla,Tabla,Tabla\bhajani09.wav,44100,44100,2,1,6.602108843537415,6.602108843537415,291153,291153,.wav,1164656,37c5c24a8a4a6e59d69b503b8fa80f2a6e19497ef1d066eb36cf2c4c5355eebd,70701f0774f0ccdffa1038e198b4af164ccda73f9185018424837416663c41fe,0.08504262566566467,NORMAL,STANDARDIZED,,downmixed to mono,
tabla_000112.wav,bhajani10.wav,tabla,Tabla,Tabla\bhajani10.wav,44100,44100,2,1,6.600634920634921,6.600634920634921,291088,291088,.wav,1164396,db3af9d42f7c2e64c54b3b958ddff5c9cd3e492b707cf997ed9968dd6696333c,8c0d48064ccbf3f94acc24498305461c0692d0b7155e35f931d9a0beef0debee,0.08454341441392899,NORMAL,STANDARDIZED,,downmixed to mono,
tabla_000113.wav,bhajani11.wav,tabla,Tabla,Tabla\bhajani11.wav,44100,44100,2,1,6.545056689342403,6.545056689342403,288637,288637,.wav,1154592,1898bab7b4b064bb0d04e6361bd983958d2a0253493aaef15c573706669baa82,073520092348dbc5c9e319caf82a8a7d07f186e2bb2f388a3db614fecc33cbff,0.08462431281805038,NORMAL,STANDARDIZED,,downmixed to mono,
tabla_000114.wav,bhajani12.wav,tabla,Tabla,Tabla\bhajani12.wav,44100,44100,2,1,6.632040816326531,6.632040816326531,292473,292473,.wav,1169936,dd841a8d386e20a35df1e93b14c9934c5393c10ef2a4658241b44186421351c3,fb6397af8ffafcc6c047fbdddebd50021d49c95ecf4f40c680100f596910dbfd,0.08267408609390259,NORMAL,STANDARDIZED,,downmixed to mono,
tabla_000115.wav,bhajani13.wav,tabla,Tabla,Tabla\bhajani13.wav,44100,44100,2,1,5.543083900226757,5.543083900226757,244450,244450,.wav,977844,0e64173e38390918a867dd5b0c0b014d1a3ef68804b7e774b07c8397b038bc26,4b39edf8d5726eebbf6a00482cc6d7fef5accac80a1597c32fd51fd38df477c0,0.0863303691148758,NORMAL,STANDARDIZED,,downmixed to mono,
tabla_000116.wav,bhajani14.wav,tabla,Tabla,Tabla\bhajani14.wav,44100,44100,2,1,5.5141043083900225,5.5141043083900225,243172,243172,.wav,972732,11464490b193ee1186f89cfa4ff9d6d20ad41e61f62c1155fa3c1e5c7101e922,8a22e12ddd92deef8fb448c5a09e8ccb385e887abfd7d0df2ccfa93e35760f1c,0.08457444608211517,NORMAL,STANDARDIZED,,downmixed to mono,
tabla_000117.wav,bhajani15.wav,tabla,Tabla,Tabla\bhajani15.wav,44100,44100,2,1,5.523650793650794,5.523650793650794,243593,243593,.wav,974416,2420edd53a577502556b611f9d9ba1d218d28655321a5bbcc9e3ea6192641bcd,479e9749fe46339feb44800438481182ae3c872d9a327d799b98e81689c80423,0.08495777100324631,NORMAL,STANDARDIZED,,downmixed to mono,
tabla_000118.wav,bhajani16.wav,tabla,Tabla,Tabla\bhajani16.wav,44100,44100,2,1,5.495283446712018,5.495283446712018,242342,242342,.wav,969412,9dbc98834ed07934bbebb7fb0c2c1938fd14638f7c910b2dc030502243b7be6d,e56bf8c0e2fa236e16c02880ccd400f49585072ba52213c5ab425220494d576e,0.08622623980045319,NORMAL,STANDARDIZED,,downmixed to mono,
tabla_000119.wav,bhajani17.wav,tabla,Tabla,Tabla\bhajani17.wav,44100,44100,2,1,5.5377777777777775,5.5377777777777775,244216,244216,.wav,976908,db23114ae7e162b3dae50972f14fe2ec9d05b56294ccdc2f29993a3c22c03560,a57471061eb94b70d044f0391d40aea92526c28bb7f12b07047c9088a239ad12,0.08606678992509842,NORMAL,STANDARDIZED,,downmixed to mono,
tabla_000120.wav,bhajani18.wav,tabla,Tabla,Tabla\bhajani18.wav,44100,44100,2,1,5.530090702947846,5.530090702947846,243877,243877,.wav,975552,432997a35d51d9decb715ed065975ef548695ad2922125327a3bb052035e4ff1,af466c9f06792979fc6f00d5abd7e2ee6ff4ee14e796dce2361f3002ed3957c7,0.08356597274541855,NORMAL,STANDARDIZED,,downmixed to mono,
tabla_000121.wav,bhajani19.wav,tabla,Tabla,Tabla\bhajani19.wav,44100,44100,2,1,5.544557823129252,5.544557823129252,244515,244515,.wav,978104,a57e009a9948d0d5919551d037e3a5a756743b4220857227b4a1423c2c84322e,e85b7470e4ba28167bcfa55d62aa18bb0163e050d1e101251cf693af8455691a,0.0808914378285408,NORMAL,STANDARDIZED,,downmixed to mono,
tabla_000122.wav,bhajani20.wav,tabla,Tabla,Tabla\bhajani20.wav,44100,44100,2,1,5.519931972789116,5.519931972789116,243429,243429,.wav,973760,5bc06643fd3b3b2a46762ce4f9b26e7914e3fa865fe515c2d0ade35e04bfd8d1,98bf048fa7b99c75233263b346d9cb76d1ece391b786809e456a2b25bbe35901,0.08082231134176254,NORMAL,STANDARDIZED,,downmixed to mono,
tabla_000123.wav,bhajani21.wav,tabla,Tabla,Tabla\bhajani21.wav,44100,44100,2,1,5.5508843537414965,5.5508843537414965,244794,244794,.wav,979220,0b50354e1343e4fde3361a54b40921fa2d14df222442d43d2e59923498037e92,8695d4210a1e531ae4d708ddbd78a0b060dd43589e39b9bfa603ff6e55c1294c,0.09157451242208481,NORMAL,STANDARDIZED,,downmixed to mono,
tabla_000124.wav,bhajani22.wav,tabla,Tabla,Tabla\bhajani22.wav,44100,44100,2,1,5.529070294784581,5.529070294784581,243832,243832,.wav,975372,e2c2c97c753ab122b64c2f0c4e49c34e247d66b074464b23ba02301d6c9c2829,d934a4beac808ca370415acb2d085cc176c48a4713c3535023753db3f765d08b,0.09166464954614639,NORMAL,STANDARDIZED,,downmixed to mono,
tabla_000125.wav,bhajani23.wav,tabla,Tabla,Tabla\bhajani23.wav,44100,44100,2,1,5.551179138321995,5.551179138321995,244807,244807,.wav,979272,55568d2133a5dc1767ee6f277596992916a5f7e7c4a9fbabeb70f00a9b233079,f690a5212c278a6ba1d67b5dfc3d5e383ce620ba2114a209709031607eb87a29,0.09236247092485428,NORMAL,STANDARDIZED,,downmixed to mono,
tabla_000126.wav,bhajani24.wav,tabla,Tabla,Tabla\bhajani24.wav,44100,44100,2,1,5.531995464852607,5.531995464852607,243961,243961,.wav,975888,ea6ad3a9c5cd6a0e09dff57fad1d3398675880b40f3d0dd449b9a217f091944d,2cd7b033891e85b462203780daa9e33c8dd4535be5474c31fd5ac4fb7cb55b89,0.08907214552164078,NORMAL,STANDARDIZED,,downmixed to mono,
tabla_000127.wav,bhajani25.wav,tabla,Tabla,Tabla\bhajani25.wav,44100,44100,2,1,4.182358276643991,4.182358276643991,184442,184442,.wav,737812,8a19fe3f8f322a7461f5f6227795779dc988e2b827e65056aa7c4906f20d3818,c8b128ac16a11c6a521b6225aa481bc1570345431b9206d6ed86a512a304e8de,0.09704737365245819,NORMAL,STANDARDIZED,,downmixed to mono,
tabla_000128.wav,bhajani26.wav,tabla,Tabla,Tabla\bhajani26.wav,44100,44100,2,1,4.216961451247165,4.216961451247165,185968,185968,.wav,743916,779c731def361e9e8ba4340501c5c1c3353d4e454e6c6166bb266ffc692e8057,9cb785e05f8ef9ba0fc5a8a40fae300c942c299ef366bd62b80feaeb8f89dab7,0.09585587680339813,NORMAL,STANDARDIZED,,downmixed to mono,
tabla_000129.wav,bhajani27.wav,tabla,Tabla,Tabla\bhajani27.wav,44100,44100,2,1,4.192018140589569,4.192018140589569,184868,184868,.wav,739516,a9d62d7f4bd3163dfc8ce5baaf184472626ec8af2b2debca167d4790d9af3751,054a9d05fa7c86ba4fc11eff0d6c9e41399778f98780c32966a9458bf12513a6,0.0956052765250206,NORMAL,STANDARDIZED,,downmixed to mono,
tabla_000130.wav,bhajani28.wav,tabla,Tabla,Tabla\bhajani28.wav,44100,44100,2,1,4.222993197278911,4.222993197278911,186234,186234,.wav,744980,c5272d2b35c0f154af1f4c1b00130654298484cc87b992109346fcb6a63f3b62,3a3f71c478d90129ce9c82cfbcffbd80165ee4916f55b1d8999da6dc34c44ad7,0.0975043848156929,NORMAL,STANDARDIZED,,downmixed to mono,
tabla_000131.wav,bhajani29.wav,tabla,Tabla,Tabla\bhajani29.wav,44100,44100,2,1,4.191428571428571,4.191428571428571,184842,184842,.wav,739412,1028e355dba16704526153c4b2e8af17a7f2a8e7c9e0690038d2eefcecb359dc,95e173bbf1918fa5125a4f4e5a8639b95ac185174653f7c794a5554267f19cb2,0.09657033532857895,NORMAL,STANDARDIZED,,downmixed to mono,
tabla_000132.wav,bhajani30.wav,tabla,Tabla,Tabla\bhajani30.wav,44100,44100,2,1,4.213424036281179,4.213424036281179,185812,185812,.wav,743292,6a0f19c14fc16ef4cda044c212ea6c11096a64118abeebbb3a353add234a5945,80898025e5373ba44fdb99186db5fe16d551762fe795a36e8a0186500ecbe7ae,0.09456509351730347,NORMAL,STANDARDIZED,,downmixed to mono,
tabla_000133.wav,bhajani31.wav,tabla,Tabla,Tabla\bhajani31.wav,44100,44100,2,1,4.191519274376417,4.191519274376417,184846,184846,.wav,739428,1198ec1c11b17615a6a8a443989a23c715bce4e465f2f28ec59d0895d1da2f57,e12a28f8fb6cda934212a1b94bb48f28487513662f2c3a2cd748a0e84d7d195c,0.09175492823123932,NORMAL,STANDARDIZED,,downmixed to mono,
tabla_000134.wav,bhajani32.wav,tabla,Tabla,Tabla\bhajani32.wav,44100,44100,2,1,4.193356009070294,4.193356009070294,184927,184927,.wav,739752,37bcb6041be679a20e3c78963111be9a7e251f1b8ed8ec3d78fc540d87db5231,438368d3a154e8552bceed4ee9f82207070a9b618e6b06c597df9f654f4bfba3,0.091173455119133,NORMAL,STANDARDIZED,,downmixed to mono,
tabla_000135.wav,bhajani33.wav,tabla,Tabla,Tabla\bhajani33.wav,44100,44100,2,1,4.250294784580499,4.250294784580499,187438,187438,.wav,749796,abd4158ea2635a9470604179012d19b81b236710dee6767676fce2d54b6a174e,c2f5a718328266b44027aa4c7c14001fc35acfdd29a7e6386da7e84609e0e0ef,0.10416005551815033,NORMAL,STANDARDIZED,,downmixed to mono,
tabla_000136.wav,bhajani34.wav,tabla,Tabla,Tabla\bhajani34.wav,44100,44100,2,1,4.1807709750566895,4.1807709750566895,184372,184372,.wav,737532,b591c384a3c33c929fa50810ef782b816118d90e692489166783792030c80ae4,6311cf517cd7647346ee35560e609e96ad16c1a4347e853ec283e843b12dc12a,0.10335826873779297,NORMAL,STANDARDIZED,,downmixed to mono,
tabla_000137.wav,bhajani35.wav,tabla,Tabla,Tabla\bhajani35.wav,44100,44100,2,1,4.218730158730159,4.218730158730159,186046,186046,.wav,744228,511e4b95518a8d5e02495e437ae42cf04ecca7706afe4bd43e46e177618c3f7c,6731d4909b30488e4eba05a562e45f618c0fd372f4696cca252d85534c0e1e6c,0.1034628227353096,NORMAL,STANDARDIZED,,downmixed to mono,
tabla_000138.wav,bhajani36.wav,tabla,Tabla,Tabla\bhajani36.wav,44100,44100,2,1,4.224512471655329,4.224512471655329,186301,186301,.wav,745248,f5fe55f4d982ccd50584afae25317a14e48815adb296d569e85f976cdd80b60b,89c44b74e9ae95e778b6b2a85acd5cd22f92a6ed12c5c087935523ac5e140c2e,0.10001658648252487,NORMAL,STANDARDIZED,,downmixed to mono,
tabla_000139.wav,bhajani37.wav,tabla,Tabla,Tabla\bhajani37.wav,44100,44100,2,1,3.431972789115646,3.431972789115646,151350,151350,.wav,605444,4910fb881d2d3a5679b26299c7321ac52d43beb76456f0bee4d454fa806897c3,26cfbb4f0b432bc534c879526513104ae73a50b287605151ef30e3e651198ae4,0.11400105804204941,NORMAL,STANDARDIZED,,downmixed to mono,
tabla_000140.wav,bhajani38.wav,tabla,Tabla,Tabla\bhajani38.wav,44100,44100,2,1,3.4035827664399094,3.4035827664399094,150098,150098,.wav,600436,dff5dae3f0e9eafef63d8aac3748c25dfb986cf6be286bc1fce8df9fa95995f3,c3089f834eaddd6b4b19402c9c1a0b5fbf096d9d3ddfa27d10a84408cb821c70,0.11369486153125763,NORMAL,STANDARDIZED,,downmixed to mono,
tabla_000141.wav,bhajani39.wav,tabla,Tabla,Tabla\bhajani39.wav,44100,44100,2,1,3.4336961451247165,3.4336961451247165,151426,151426,.wav,605748,443411d77c3a488f1400f8430edaf938da3206461622c7f5e942185211f3b8ae,dfef221df1d2cc0887faa04cede88942039a6726eb7c64ddc86eed443d8b08f0,0.11235272139310837,NORMAL,STANDARDIZED,,downmixed to mono,
tabla_000142.wav,bhajani40.wav,tabla,Tabla,Tabla\bhajani40.wav,44100,44100,2,1,3.40265306122449,3.40265306122449,150057,150057,.wav,600272,8d64f609cc7f1452190d45a981a4e83ed20dd6894d4caae2b70f6072c6daa400,0020c869f6ec05ed0738a1575262517b98d4f1041bfe998b5ffeb4de890dbb87,0.1157207190990448,NORMAL,STANDARDIZED,,downmixed to mono,
tabla_000143.wav,bhajani41.wav,tabla,Tabla,Tabla\bhajani41.wav,44100,44100,2,1,3.397641723356009,3.397641723356009,149836,149836,.wav,599388,0eb8e8bd0e1657427bb95f24f78b8089c7fceb8922bb9f729e24cb43658b261b,365432c9ad9adfc3e793a4d79301bc05db02f03df5a4352b91993a0d277af1c5,0.11540967971086502,NORMAL,STANDARDIZED,,downmixed to mono,
tabla_000144.wav,bhajani42.wav,tabla,Tabla,Tabla\bhajani42.wav,44100,44100,2,1,3.4056009070294784,3.4056009070294784,150187,150187,.wav,600792,93b98f9ed28575eb36aaad8cb394fc1ce62193ce540d4ad93a1bfbc606a96416,44d3cc0ad2f0b406ee66600c0f5d2be80fa191758101e2ee566c4d3ec69d253e,0.11325997859239578,NORMAL,STANDARDIZED,,downmixed to mono,
tabla_000145.wav,bhajani43.wav,tabla,Tabla,Tabla\bhajani43.wav,44100,44100,2,1,3.4326530612244897,3.4326530612244897,151380,151380,.wav,605564,fc0ad641c7c0dd24d3f2a70df3e3dff0402e94451ab7d457c1d13164dd90f120,f5a65e26e9ef48958fd6a51bd8570ff2f3283ca6a17abf8d8149ab11ae54853f,0.11029191315174103,NORMAL,STANDARDIZED,,downmixed to mono,
tabla_000146.wav,bhajani44.wav,tabla,Tabla,Tabla\bhajani44.wav,44100,44100,2,1,3.37750566893424,3.37750566893424,148948,148948,.wav,595836,637b648f9f7e3b0296884f90d0c0ab3fad2bd13aed53327d052aa10775ee2ac8,c82220110445534baf207d729c221a846a65fd9e3a5a19a0e88614ce72d04d8f,0.10911354422569275,NORMAL,STANDARDIZED,,downmixed to mono,
tabla_000147.wav,bhajani45.wav,tabla,Tabla,Tabla\bhajani45.wav,44100,44100,2,1,3.4346485260770976,3.4346485260770976,151468,151468,.wav,605916,b392bbcea50d064d19c3d4aecad63a21b84d3423aa2e2a2966a44db663c79acf,df7b528e693473ba0cff24aaa95c504686bb61c09b36902327e25bad398a5503,0.12136047333478928,NORMAL,STANDARDIZED,,downmixed to mono,
tabla_000148.wav,bhajani46.wav,tabla,Tabla,Tabla\bhajani46.wav,44100,44100,2,1,3.4107256235827665,3.4107256235827665,150413,150413,.wav,601696,6b84ec50e3ff4807f4c81150b8eed3eee04bff6e063f650f672ac0cc5b75b2dc,847377e7216d3496fef9ae57ee19e22bf6b205c7ebf5c9a507ce30f3ef2a572d,0.12419761717319489,NORMAL,STANDARDIZED,,downmixed to mono,
tabla_000149.wav,bhajani47.wav,tabla,Tabla,Tabla\bhajani47.wav,44100,44100,2,1,3.3776643990929704,3.3776643990929704,148955,148955,.wav,595864,956ad4fba54b90eef114270ea0f7ed848ea95e8ac892679ff34c3f1c76cddf91,8f3628769763561a161bc095e83065366749d7900f022a477c40232c17c27f67,0.12131359428167343,NORMAL,STANDARDIZED,,downmixed to mono,
tabla_000150.wav,bhajani48.wav,tabla,Tabla,Tabla\bhajani48.wav,44100,44100,2,1,3.4366666666666665,3.4366666666666665,151557,151557,.wav,606272,75ed57955b89fb99dfaebe9c5d26976fd4d6f81c60acdbcf9d9fcef922ffee4d,7ab3e62b049008185b0f24c6d42808a63b5b6fbba5714165ac5da0aafde4337a,0.12022599577903748,NORMAL,STANDARDIZED,,downmixed to mono,
tabla_000151.wav,bhajani49.wav,tabla,Tabla,Tabla\bhajani49.wav,44100,44100,2,1,2.6499319727891155,2.6499319727891155,116862,116862,.wav,467492,5a21e3cc00899a6dc829acb471df7059d12bf98737191de44926e17701df02ae,3879c6e338dd08e46d6b5c2c4e968ba5626aa6357c27146c3e24da634df27f83,0.13323409855365753,NORMAL,STANDARDIZED,,downmixed to mono,
tabla_000152.wav,bhajani50.wav,tabla,Tabla,Tabla\bhajani50.wav,44100,44100,2,1,2.591655328798186,2.591655328798186,114292,114292,.wav,457212,cf1133d36dea3944f16c4d008c211eb61ac1a9a006c61daded71cd03df7e79e2,3a6aab8e8d161d1406f02d48859cbe0b2a92bbe6fec2cf156430a40b03c13589,0.12613922357559204,NORMAL,STANDARDIZED,,downmixed to mono,
tabla_000153.wav,bhajani51.wav,tabla,Tabla,Tabla\bhajani51.wav,44100,44100,2,1,2.5606349206349206,2.5606349206349206,112924,112924,.wav,451740,887c44b077641d1d2ab5ed7642545ea134bed84cdc23aae57f8b7885c2806d6f,d60e55961bb0d28255024195562667a12d9937826de8e5e612325b7f34126192,0.12789975106716156,NORMAL,STANDARDIZED,,downmixed to mono,
tabla_000154.wav,bhajani52.wav,tabla,Tabla,Tabla\bhajani52.wav,44100,44100,2,1,2.619705215419501,2.619705215419501,115529,115529,.wav,462160,910c12dba0ad3aefbfeecea2124d41c3f2f80f9001a4b937c1054604e732fd64,97cffb14d2a05217e0155afa49a7d0ff7d94c73a95d21a1b2d78d909ecd065b1,0.12947259843349457,NORMAL,STANDARDIZED,,downmixed to mono,
tabla_000155.wav,bhajani53.wav,tabla,Tabla,Tabla\bhajani53.wav,44100,44100,2,1,2.5616326530612246,2.5616326530612246,112968,112968,.wav,451916,0c1be3cc1976ebd1ee76ceadef5cbd0bb5651a71e239e3c1b0e4e8f7920b5074,7d88f037a8568858c7d967784f82c33c73c73f74f8ce64ea3d409e66f8acc9b1,0.12895356118679047,NORMAL,STANDARDIZED,,downmixed to mono,
tabla_000156.wav,bhajani54.wav,tabla,Tabla,Tabla\bhajani54.wav,44100,44100,2,1,2.5906122448979594,2.5906122448979594,114246,114246,.wav,457028,021e0cc146e13c086c5a6c1e5f970a62c14059e210e2b40efda5be90c51b3bc7,f6712cd5121c0595f8f9ac6f2bec79d0087e23d951533eb12bd16d46019e165d,0.12586413323879242,NORMAL,STANDARDIZED,,downmixed to mono,
tabla_000157.wav,bhajani55.wav,tabla,Tabla,Tabla\bhajani55.wav,44100,44100,2,1,2.6504761904761907,2.6504761904761907,116886,116886,.wav,467588,8c506d187c39876eabdeafd0b3d6905b7ea464b5b6392b9028b09718d217f306,b292a079de528216caf28e03c6b8aaf04096edb6bb467b397561a68ee0dceb6b,0.12441318482160568,NORMAL,STANDARDIZED,,downmixed to mono,
tabla_000158.wav,bhajani56.wav,tabla,Tabla,Tabla\bhajani56.wav,44100,44100,2,1,2.619659863945578,2.619659863945578,115527,115527,.wav,462152,99a1225fd2fe34931b428210ce8049d6b49fdfe1073b10314667c6d62a8e1bf4,ef99c49b78dd1c7271bea8f80cd033962982bab648a53f9d03d28972215abd48,0.12269057333469391,NORMAL,STANDARDIZED,,downmixed to mono,
tabla_000159.wav,bhajani57.wav,tabla,Tabla,Tabla\bhajani57.wav,44100,44100,2,1,2.6205895691609977,2.6205895691609977,115568,115568,.wav,462316,bce6e41a7d3be220e4ff28542c70b13c48f279a4249b1d93bb0add1957f51bd9,425f3d093be1c7161f404603f3d6770bba91f0cb944bec7d2d512a8780978e12,0.13629157841205597,NORMAL,STANDARDIZED,,downmixed to mono,
tabla_000160.wav,bhajani58.wav,tabla,Tabla,Tabla\bhajani58.wav,44100,44100,2,1,2.593469387755102,2.593469387755102,114372,114372,.wav,457532,2ee3e41cc06210e0d821be6d9d75bba14429250c700bc78f71651d9be7af04ae,8a99c10e9c1102a44ce3d50271f71a4488736138d042d7907117b023950db30c,0.1375175416469574,NORMAL,STANDARDIZED,,downmixed to mono,
tabla_000161.wav,bhajani59.wav,tabla,Tabla,Tabla\bhajani59.wav,44100,44100,2,1,2.623809523809524,2.623809523809524,115710,115710,.wav,462884,ba6417d01b669f6a61b28192e0aa8fd1f0aab32bf1bc86f2381b461e4c687ed9,f26438df246f00979475bf3ea3d8922df9ac616c76610f92c829572dcc4b9e64,0.13610562682151794,NORMAL,STANDARDIZED,,downmixed to mono,
tabla_000162.wav,bhajani60.wav,tabla,Tabla,Tabla\bhajani60.wav,44100,44100,2,1,2.6214739229024944,2.6214739229024944,115607,115607,.wav,462472,3a14ca118f9ed631d0bed68fb1bf70c81c453ac0c107978731116d3e45022e4f,d64ba39735b860fb6dc35e9b86a6357241ba83ca1453872ece809b1af723b23d,0.13301806151866913,NORMAL,STANDARDIZED,,downmixed to mono,
tabla_000163.wav,bhajani61.wav,tabla,Tabla,Tabla\bhajani61.wav,44100,44100,2,1,2.19578231292517,2.19578231292517,96834,96834,.wav,387380,cbb671eb346e738497a1c9a57f92647b05da203b1e16e17f17e680db0473f69d,049a306a6a590e7625eda28df8639d6adc06371176c30b61ab7bd074a0409e14,0.1383792608976364,NORMAL,STANDARDIZED,,downmixed to mono,
tabla_000164.wav,bhajani62.wav,tabla,Tabla,Tabla\bhajani62.wav,44100,44100,2,1,2.1387755102040815,2.1387755102040815,94320,94320,.wav,377324,dfaa38074f36f7b75f95ed312e653f254328333e518f92e3d043b94def0fd66e,fe3eedb021e07a3091a66aa957cb61dc39587eeb3262b6eca4b1693c4b0306d3,0.13742542266845703,NORMAL,STANDARDIZED,,downmixed to mono,
tabla_000165.wav,bhajani63.wav,tabla,Tabla,Tabla\bhajani63.wav,44100,44100,2,1,2.135691609977324,2.135691609977324,94184,94184,.wav,376780,93122e307ee1ea077bc5cbce6a682a4696ed07490ea503439439a72ae3afd0c6,f2a2903b57e4a97fa7c65bafdaf4c88caab6f65b16e114f58fa3e495fedc923f,0.13834625482559204,NORMAL,STANDARDIZED,,downmixed to mono,
tabla_000166.wav,bhajani64.wav,tabla,Tabla,Tabla\bhajani64.wav,44100,44100,2,1,2.1345804988662134,2.1345804988662134,94135,94135,.wav,376584,6e078c8acaafb65ad497630565d068199c5087d21979e19fada8f21ecb6c5ab7,a9c68ff272b3631e82e36ce5aa1d69a554d5395cf1ebffaffd89847b9237bedd,0.14048518240451813,NORMAL,STANDARDIZED,,downmixed to mono,
tabla_000167.wav,bhajani65.wav,tabla,Tabla,Tabla\bhajani65.wav,44100,44100,2,1,2.1706802721088434,2.1706802721088434,95727,95727,.wav,382952,6e89ba2f3aa5a3188911fa1dca67074455bd2e720842771ed93e5bafa4215f6e,ab9a7da44d81e7a15f5f6e35f91edc03431897e93a8fa414aab647b96b679505,0.14261692762374878,NORMAL,STANDARDIZED,,downmixed to mono,
tabla_000168.wav,bhajani66.wav,tabla,Tabla,Tabla\bhajani66.wav,44100,44100,2,1,2.1687074829931974,2.1687074829931974,95640,95640,.wav,382604,ee9d594a46ad0755ec7bbda8b11d1bc8e9adff3d4f489f47e7bd49eac131674b,65f809eef941179b1560b4a9219bcea42ab5c6753a25fb49fc2213805b35cc0d,0.13690103590488434,NORMAL,STANDARDIZED,,downmixed to mono,
tabla_000169.wav,bhajani67.wav,tabla,Tabla,Tabla\bhajani67.wav,44100,44100,2,1,2.2038321995464853,2.2038321995464853,97189,97189,.wav,388800,6d5e21880aa625ca6b16a94ad569dda8046ad49a96c8a06a0d95040bc97bf1a9,a56f763c6913b30c5f04d3bffbf72eaa1cf5ef309d6c2145166e5466153b48be,0.13358885049819946,NORMAL,STANDARDIZED,,downmixed to mono,
tabla_000170.wav,bhajani68.wav,tabla,Tabla,Tabla\bhajani68.wav,44100,44100,2,1,2.1673696145124715,2.1673696145124715,95581,95581,.wav,382368,7d11588b43711d26bce25393883d4986d609fc7b5827539ec6a2e648200094f9,bfe51b12d7f21c08a34a255ea93a24a14af28daaf7a7f526241dd6f1deb59341,0.13257600367069244,NORMAL,STANDARDIZED,,downmixed to mono,
tabla_000171.wav,bhajani69.wav,tabla,Tabla,Tabla\bhajani69.wav,44100,44100,2,1,2.1653061224489796,2.1653061224489796,95490,95490,.wav,382004,7e603a8c6154da8bd2db700f6740de6d3d0e0960fab7b0ba7ef5271053ee1bc0,dbe4c07eef182d41e88776c4e0cb8c4af7ea3501c84f6c8372f2dca050e2fa5a,0.15181927382946014,NORMAL,STANDARDIZED,,downmixed to mono,
tabla_000172.wav,bhajani70.wav,tabla,Tabla,Tabla\bhajani70.wav,44100,44100,2,1,2.166235827664399,2.166235827664399,95531,95531,.wav,382168,ab6026c04c426549ad206875d2304c3de3efbd43a7ac4236579b6cad74389215,068f127d4e89d840b204981e30c59a64b769776df6cc27f5884a68623e889be8,0.15086816251277924,NORMAL,STANDARDIZED,,downmixed to mono,
tabla_000173.wav,bhajani71.wav,tabla,Tabla,Tabla\bhajani71.wav,44100,44100,2,1,2.170453514739229,2.170453514739229,95717,95717,.wav,382912,a673615cde326d02a3bb35a954bcda9f55b942b4e4a0095927fd1b62c9a8de7f,01536985b997cccc9a451c3f2467f32e7cfdde0f5494df156d6126d85742a58c,0.14903995394706726,NORMAL,STANDARDIZED,,downmixed to mono,
tabla_000174.wav,bhajani72.wav,tabla,Tabla,Tabla\bhajani72.wav,44100,44100,2,1,2.200453514739229,2.200453514739229,97040,97040,.wav,388204,2801fd9a372ec23e7ea162f97faa5e30f2d701c2d7d036bed7ac6a3a962873f2,874172faf125a2cef8e968f8bf951e921a0d4cf239a75d9160e5c1dd5a46f654,0.14397723972797394,NORMAL,STANDARDIZED,,downmixed to mono,
tabla_000175.wav,binati_SRC.wav,tabla,Tabla,Tabla\binati_SRC.wav,16000,44100,1,1,95.528375,95.52839002267574,1528454,4212802,.wav,3056952,9dbe6871afe589d14dd34367728041291686b18a1871a92cf2d3f8cb91811a75,78c7d13e01beb6dede119630a5993aa1aaa18630e874d4ac27d4bac8ae80b618,0.03236950933933258,NORMAL,STANDARDIZED,,resampled from 16000 to 44100,
tabla_000176.wav,dadra01.wav,tabla,Tabla,Tabla\dadra01.wav,44100,44100,2,1,5.060929705215419,5.060929705215419,223187,223187,.wav,892792,84c3e6a508ef5c47b003af9dc0ca615e472492c8c636307c9d93ac6adf4fc422,0f93956ad4e3efab4512ad93e9eda6dca73aaacd2abe5f93ee302a75559102b5,0.08541787415742874,NORMAL,STANDARDIZED,,downmixed to mono,
tabla_000177.wav,dadra02.wav,tabla,Tabla,Tabla\dadra02.wav,44100,44100,2,1,5.037868480725623,5.037868480725623,222170,222170,.wav,888724,bf977087279068b5a89a68ebcee01484305018f10205d81423f447e90b5d4c66,79270289c7bae0639aa748562ee26a427ae586173a483c7487c745429829cdfb,0.08389891684055328,NORMAL,STANDARDIZED,,downmixed to mono,
tabla_000178.wav,dadra03.wav,tabla,Tabla,Tabla\dadra03.wav,44100,44100,2,1,5.07297052154195,5.07297052154195,223718,223718,.wav,894916,1302499bffdae1c80c1c484d0288014069b7c783be335ab53012eb7c311361ce,8e54f9d1f6c53c92e8a588179c329211287596231c5a32bd251cfc43d6c12d39,0.08343207091093063,NORMAL,STANDARDIZED,,downmixed to mono,
tabla_000179.wav,dadra04.wav,tabla,Tabla,Tabla\dadra04.wav,44100,44100,2,1,5.067755102040817,5.067755102040817,223488,223488,.wav,893996,464c0dfe449a6e1caba17d05e24f262bd863374ea2fcb8589c43f0bd5fda3360,055fc55a3e63905d3cc1d49735533879db44b0d21b95a946d6d83d8886275863,0.08363031595945358,NORMAL,STANDARDIZED,,downmixed to mono,
tabla_000180.wav,dadra05.wav,tabla,Tabla,Tabla\dadra05.wav,44100,44100,2,1,5.094421768707483,5.094421768707483,224664,224664,.wav,898700,c2cd7eb1932cfe42750db3b0dca70d3fec53f7839a60f7879bc085517164837a,f5d8669e8db8fa75701b073966da01bf04f7f44b039905586f10da15e28adc41,0.08380001783370972,NORMAL,STANDARDIZED,,downmixed to mono,
tabla_000181.wav,dadra06.wav,tabla,Tabla,Tabla\dadra06.wav,44100,44100,2,1,5.095600907029478,5.095600907029478,224716,224716,.wav,898908,f9ff31a67c985afa40b24576b030b2217e77836b0ba4e63383158fec0cf92946,ef00becfc8cb74eabb22d83657d65cbd69e9dea7982f658119a7bad46b0e173e,0.08352559059858322,NORMAL,STANDARDIZED,,downmixed to mono,
tabla_000182.wav,dadra07.wav,tabla,Tabla,Tabla\dadra07.wav,44100,44100,2,1,5.095374149659864,5.095374149659864,224706,224706,.wav,898868,b03734ce22b46d5832a3e6e8be2316accac4c0a42a160599903e29e614e6209c,18f68437699504ae3074ca1fe33dec6eae8a3d094d1084a2b62b0f6af54cb0c1,0.07919485121965408,NORMAL,STANDARDIZED,,downmixed to mono,
tabla_000183.wav,dadra08.wav,tabla,Tabla,Tabla\dadra08.wav,44100,44100,2,1,5.03546485260771,5.03546485260771,222064,222064,.wav,888300,18de959475c3e21b16a0305d93a9eae30c92f5e761233f523b2217061950fb8b,e835979b8ca0f2622dd7e68a51a2c02ff2f3b37d08ce19011d5ff299702ac330,0.07862620800733566,NORMAL,STANDARDIZED,,downmixed to mono,
tabla_000184.wav,dadra09.wav,tabla,Tabla,Tabla\dadra09.wav,44100,44100,2,1,5.085170068027211,5.085170068027211,224256,224256,.wav,897068,9ebc25fd232a8f22a73d33c20488f2e1c6b56c57ded364a4b9d642599213c411,04176a4f75e004923750c1c05d100f5060ba53ae8fb8b666438333a4ab4931fb,0.09138969331979752,NORMAL,STANDARDIZED,,downmixed to mono,
tabla_000185.wav,dadra10.wav,tabla,Tabla,Tabla\dadra10.wav,44100,44100,2,1,5.093764172335601,5.093764172335601,224635,224635,.wav,898584,8aca8d73dd2d432d63d0d9645f9cbd6aa5e899161600a2d3c93e25daf5e5a8ed,89744edb401e139232ce640cf63729222e842c59b7c46c028f30972cbc00d005,0.09536729007959366,NORMAL,STANDARDIZED,,downmixed to mono,
tabla_000186.wav,dadra11.wav,tabla,Tabla,Tabla\dadra11.wav,44100,44100,2,1,5.066712018140589,5.066712018140589,223442,223442,.wav,893812,d9081133a3f1f7e525164fc2bdd4ca7974e9a71642632d46d6470e13aab1d35a,4b5a471c2a4a50b2970fb161e2f370e11807519ac7d5a713af02b4a45f6e46d1,0.09064120054244995,NORMAL,STANDARDIZED,,downmixed to mono,
tabla_000187.wav,dadra12.wav,tabla,Tabla,Tabla\dadra12.wav,44100,44100,2,1,5.050340136054421,5.050340136054421,222720,222720,.wav,890924,66e9e8f59d427e324a315e3ec012b72db8e0d131d3ba6a4673d968979b4c99b7,a20a5f72056a0232806fe03cea49987d7a5c389989c98289d2dd3da146a2f65e,0.08784746378660202,NORMAL,STANDARDIZED,,downmixed to mono,
tabla_000188.wav,dadra13.wav,tabla,Tabla,Tabla\dadra13.wav,44100,44100,2,1,4.167981859410431,4.167981859410431,183808,183808,.wav,735276,081c439a8971ff0db1e7eb1898f78ab2594d52ad0da1f95ec881d0f85ae9da97,db4169a684367baa207f534b7cc8deef3b7c96cfdf7fa0511f6dd5ff1c867526,0.089054636657238,NORMAL,STANDARDIZED,,downmixed to mono,
tabla_000189.wav,dadra14.wav,tabla,Tabla,Tabla\dadra14.wav,44100,44100,2,1,4.190589569160998,4.190589569160998,184805,184805,.wav,739264,d682a5294b4de388edddec70aef4799d8217c515bc2c2b154f5be1f288b97f6e,3f9f2f09b82863e11692c0cd0910f0bc0093acc2db8daf980de940edbc38c75a,0.08811108767986298,NORMAL,STANDARDIZED,,downmixed to mono,
tabla_000190.wav,dadra15.wav,tabla,Tabla,Tabla\dadra15.wav,44100,44100,2,1,4.163151927437641,4.163151927437641,183595,183595,.wav,734424,feddb5e753c219fb3b8bc8bcfd1ceb2918dcb4f6524c1a8f52dcaed3357ecf32,5b39e418a799dd055912f89cc630e1a966fb1dba987fad0a0aa8bd58728425bc,0.0880545899271965,NORMAL,STANDARDIZED,,downmixed to mono,
tabla_000191.wav,dadra16.wav,tabla,Tabla,Tabla\dadra16.wav,44100,44100,2,1,4.220521541950113,4.220521541950113,186125,186125,.wav,744544,fcc4f25472410ced8a79236dbe8120b419cbf50f2320437545dcf3cf1564319b,6a4a22c39e1d73a936b365fd7ba5e6b33d9e63ab6afc2de94429fbd5e9e0a164,0.08850082755088806,NORMAL,STANDARDIZED,,downmixed to mono,
tabla_000192.wav,dadra17.wav,tabla,Tabla,Tabla\dadra17.wav,44100,44100,2,1,4.237641723356009,4.237641723356009,186880,186880,.wav,747564,e718148ae777b58c870c9447dd33ea14df56e412042e849a1a23ad6bfb1b1d4e,8de17a523f3656c1faa12c3908b11b74b22fd30a51ee6d58ca38401e8ba82c77,0.08660896867513657,NORMAL,STANDARDIZED,,downmixed to mono,
tabla_000193.wav,dadra18.wav,tabla,Tabla,Tabla\dadra18.wav,44100,44100,2,1,4.213424036281179,4.213424036281179,185812,185812,.wav,743292,c5d99bd877c8510ecf46a1c385d24018e22eaafe38f8f984428f53f1b4d8dd95,90e2c0681249b43141e98e08c32ef4fdd2a72142b46e946ffec6c0ec20751b11,0.08605467528104782,NORMAL,STANDARDIZED,,downmixed to mono,
tabla_000194.wav,dadra19.wav,tabla,Tabla,Tabla\dadra19.wav,44100,44100,2,1,4.218616780045352,4.218616780045352,186041,186041,.wav,744208,b20f7824f4327360361f26f2917f43d901f2cdc5b1f25c8a1123418706c42c17,609b9b5afa47c5085c5c8c332e77e4f6b91d05e4d5ad72faf435160a993ac57b,0.08358694612979889,NORMAL,STANDARDIZED,,downmixed to mono,
tabla_000195.wav,dadra20.wav,tabla,Tabla,Tabla\dadra20.wav,44100,44100,2,1,4.2522675736961455,4.2522675736961455,187525,187525,.wav,750144,36187bef1e9de2ad8fb74f856e8461c9c9ecff06266ececa729e2bcd7bc8a35a,8b87b884b67ab6c36757876696c6f5edb0ab877a50fa7cdfc971b6ea3e51be8f,0.0896286740899086,NORMAL,STANDARDIZED,,downmixed to mono,
tabla_000196.wav,dadra21.wav,tabla,Tabla,Tabla\dadra21.wav,44100,44100,2,1,4.2503401360544215,4.2503401360544215,187440,187440,.wav,749804,8b7bd6742c8be1c1ca3ee54fe271b676d1880df6071889235dd1d76c161086e9,a579467f303229d45aadc39da6fecaf0d86ce4098c9673de915bcc3f72b6bfda,0.09828147292137146,NORMAL,STANDARDIZED,,downmixed to mono,
tabla_000197.wav,dadra22.wav,tabla,Tabla,Tabla\dadra22.wav,44100,44100,2,1,4.222698412698413,4.222698412698413,186221,186221,.wav,744928,f10577f3a7871e6e017d5d9db5202fad8622373e9c9b16d37989c56613cdd6aa,74fd5e0c32e34818711a80975a038122652fe0b525d7bca225277b1ba855a9b1,0.09729141741991043,NORMAL,STANDARDIZED,,downmixed to mono,
tabla_000198.wav,dadra23.wav,tabla,Tabla,Tabla\dadra23.wav,44100,44100,2,1,4.222834467120181,4.222834467120181,186227,186227,.wav,744952,437804547bd26c26e1ee7652f3a6c44d835a411455887d2ce88b33200b7569cf,3ca06e74e8f510b66a1f7dc5fe0854a6f39c0af58bf43accb1625de7c9974df4,0.09445460140705109,NORMAL,STANDARDIZED,,downmixed to mono,
tabla_000199.wav,dadra24.wav,tabla,Tabla,Tabla\dadra24.wav,44100,44100,2,1,4.21578231292517,4.21578231292517,185916,185916,.wav,743708,c5b5f5bc26f4da68dacf8be8aa6894f9f3a4c04093b5ce28ad5f9621adfe7d96,e1e8f5244e1eed1351c62d4fbd9e5339264c64c30ce16be77afb302019c15db3,0.09424321353435516,NORMAL,STANDARDIZED,,downmixed to mono,
tabla_000200.wav,dadra25.wav,tabla,Tabla,Tabla\dadra25.wav,44100,44100,2,1,3.2284580498866213,3.2284580498866213,142375,142375,.wav,569544,e02bab8716e7ba61f16a053492f962adaa8e81ebc74db5458f26316c45a1df17,9d20b7dc1f0c5ef0261d354d3137d8d8bd3a39521e3329b836c13ada25d60eae,0.08439025282859802,NORMAL,STANDARDIZED,,downmixed to mono,
tabla_000201.wav,dadra26.wav,tabla,Tabla,Tabla\dadra26.wav,44100,44100,2,1,3.224988662131519,3.224988662131519,142222,142222,.wav,568932,f46167d0ac4942b93a1d3f1ab86e92fa242db00892ce385d5aa3ab98d95f6672,adb661db7071ae474ae4c845677c74ec8f578d85c1c285b868efe9c334e9638f,0.08752141892910004,NORMAL,STANDARDIZED,,downmixed to mono,
tabla_000202.wav,dadra27.wav,tabla,Tabla,Tabla\dadra27.wav,44100,44100,2,1,3.2535374149659866,3.2535374149659866,143481,143481,.wav,573968,e22668d7c9bec844afb91815a96f29fefb002a5b701c87e58f60af58db3b67c4,f0d492f2d58dcc367ff655446ab9a96ed845d25d3ae7fa8c2cf3084af16b9443,0.08957849442958832,NORMAL,STANDARDIZED,,downmixed to mono,
tabla_000203.wav,dadra28.wav,tabla,Tabla,Tabla\dadra28.wav,44100,44100,2,1,3.1695238095238096,3.1695238095238096,139776,139776,.wav,559148,5726535513fe963dbd76884ef14e8186b3bf10dcc1244b4b6848a2ec435de39e,e6dbe92ed5bb2f8a230af8164bad55ac3d8345253c91e83a13e43ee4e2cc198b,0.08494821190834045,NORMAL,STANDARDIZED,,downmixed to mono,
tabla_000204.wav,dadra29.wav,tabla,Tabla,Tabla\dadra29.wav,44100,44100,2,1,3.2157596371882087,3.2157596371882087,141815,141815,.wav,567304,5a9cffa2c0e1f8d449bff7b05b6e5e3be23a32d62e28aa1535c241a7a2088c15,175ca1c5ee2f44a78f520eb775d4ba67245f94bb8243331a9f212cf098d08be0,0.08531225472688675,NORMAL,STANDARDIZED,,downmixed to mono,
tabla_000205.wav,dadra30.wav,tabla,Tabla,Tabla\dadra30.wav,44100,44100,2,1,3.2224489795918365,3.2224489795918365,142110,142110,.wav,568484,b6ba6a74485e98726a90a68ea3447dcae0c65eafae33507aba77e44dd8286516,afa7baad90bf2ec0095f51f19bf30076195e6d6bd73611b646b4d95ebab7e626,0.08312124013900757,NORMAL,STANDARDIZED,,downmixed to mono,
tabla_000206.wav,dadra31.wav,tabla,Tabla,Tabla\dadra31.wav,44100,44100,2,1,3.2224489795918365,3.2224489795918365,142110,142110,.wav,568484,f37dda3c1e5120c63e0b1539c34534984546766cbccea19f0f023848e846f513,6aa43b5ad5636622b40531bf1173e03d809fe4d2d2c55c8659d05fb2ae49fcd2,0.0828738734126091,NORMAL,STANDARDIZED,,downmixed to mono,
tabla_000207.wav,dadra32.wav,tabla,Tabla,Tabla\dadra32.wav,44100,44100,2,1,3.1966666666666668,3.1966666666666668,140973,140973,.wav,563936,8c7de98620efff86be81b1bb492923d598ddba9fd4dd67613769f3a596d2cfd1,c1f3cdd353c8b3b6ca0afc9112c14f021075b5ad83c519ec47b71dfec7ca5b03,0.08145298063755035,NORMAL,STANDARDIZED,,downmixed to mono,
tabla_000208.wav,dadra33.wav,tabla,Tabla,Tabla\dadra33.wav,44100,44100,2,1,3.2917233560090704,3.2917233560090704,145165,145165,.wav,580704,ac2020fbcad85272162f48eda848d34422e75b4f40e2f6ec63aef78565f43a9d,1922ba45857d2ef2a81aef259387d3168ee09587730c307838fd589c811c4ab0,0.09212715178728104,NORMAL,STANDARDIZED,,downmixed to mono,
tabla_000209.wav,dadra34.wav,tabla,Tabla,Tabla\dadra34.wav,44100,44100,2,1,3.1957142857142857,3.1957142857142857,140931,140931,.wav,563768,0a22e67a7f8650c0d761994050a63832bc331d1326bae06b38047941bc0c7012,9097b447f83ea7dd9ca8f838410ff6892f3b3eccbacecbe8257ad76d316b9de0,0.0897572711110115,NORMAL,STANDARDIZED,,downmixed to mono,
tabla_000210.wav,dadra35.wav,tabla,Tabla,Tabla\dadra35.wav,44100,44100,2,1,3.227777777777778,3.227777777777778,142345,142345,.wav,569424,408f83f1f8328b17b8be5944933ae723ce830b3f136c49ce43cb449cf2caf84f,14f973af5942cc5513b942d57950226ad6cf1e3b20b8551e6acbfbff089d60b0,0.09135618060827255,NORMAL,STANDARDIZED,,downmixed to mono,
tabla_000211.wav,dadra36.wav,tabla,Tabla,Tabla\dadra36.wav,44100,44100,2,1,3.198707482993197,3.198707482993197,141063,141063,.wav,564296,d9365f92d932d6bc6f76d8c345db76255a9a89400b2499855e835e8c45be1c8d,6f27cad5b21412e8082a2bf9f664ce8fa9afddbfc8b8134d937828665b9a605b,0.09186375141143799,NORMAL,STANDARDIZED,,downmixed to mono,
tabla_000212.wav,dadra37.wav,tabla,Tabla,Tabla\dadra37.wav,44100,44100,2,1,2.5598866213151927,2.5598866213151927,112891,112891,.wav,451608,c203b8f550e89c5ca1b5b840eb924d9df8d7101cec59df57b36fde71466d0496,d98b54679e873839d849a7d8329b7a6454c40190e652d2c97ee4825311555e32,0.0918658971786499,NORMAL,STANDARDIZED,,downmixed to mono,
tabla_000213.wav,dadra38.wav,tabla,Tabla,Tabla\dadra38.wav,44100,44100,2,1,2.5616780045351475,2.5616780045351475,112970,112970,.wav,451924,2c1d96d01ddf7041082562b0ac6bbe8e645424ab96f0f0477a6b31e89472ee81,2eb9da32fb41ca3b4cbc2c397476ecbc3e8006f8e01c259a402e38d5430f4049,0.09099452197551727,NORMAL,STANDARDIZED,,downmixed to mono,
tabla_000214.wav,dadra39.wav,tabla,Tabla,Tabla\dadra39.wav,44100,44100,2,1,2.6274829931972787,2.6274829931972787,115872,115872,.wav,463532,3e7682a01dd763c6c233749c47af159adb21e21545d13fbb16518bb6e6b73e15,e42e6e637f4cd73670fd3396a8a6fd771fd45e73fb6331ed0a5b34eafe79b400,0.08899644017219543,NORMAL,STANDARDIZED,,downmixed to mono,
tabla_000215.wav,dadra40.wav,tabla,Tabla,Tabla\dadra40.wav,44100,44100,2,1,2.564761904761905,2.564761904761905,113106,113106,.wav,452468,b4c571a74a81befc05c914546f30475c0af3a15bbfff405345bf902eddbca67f,993c02ce8e9251f7a4d98e9372358ab749fcfa2888ba4bf7234accde872a5fb8,0.09107916057109833,NORMAL,STANDARDIZED,,downmixed to mono,
tabla_000216.wav,dadra41.wav,tabla,Tabla,Tabla\dadra41.wav,44100,44100,2,1,2.5960997732426305,2.5960997732426305,114488,114488,.wav,457996,78c1141a0a07b149985e4b158a51e25476b4ba0ec2808af7b0292ee638e7937a,138d0a53474cc47b06ba0b6c335962e8d784799d710ea263cbf8fffa42e531e4,0.0895269513130188,NORMAL,STANDARDIZED,,downmixed to mono,
tabla_000217.wav,dadra42.wav,tabla,Tabla,Tabla\dadra42.wav,44100,44100,2,1,2.5640589569161,2.5640589569161,113075,113075,.wav,452344,6aab6f5991815dd421b37bae5034f6a61cee123aedfacaf870ffe0a745dc0db3,9d2d2bd7fe2dde00c32eabf83c36627139e90c93525787e6ac40498e874a2213,0.08947012573480606,NORMAL,STANDARDIZED,,downmixed to mono,
tabla_000218.wav,dadra43.wav,tabla,Tabla,Tabla\dadra43.wav,44100,44100,2,1,2.568027210884354,2.568027210884354,113250,113250,.wav,453044,f3c34a437ab147a8e0faea72244ab7d8c357cb938d92d89af0b2dbba085a2cb1,5037aac237316919ed0c5b92a8ea9cd64c43db102e2feb84c945170a8abbb344,0.0873170718550682,NORMAL,STANDARDIZED,,downmixed to mono,
tabla_000219.wav,dadra44.wav,tabla,Tabla,Tabla\dadra44.wav,44100,44100,2,1,2.5677777777777777,2.5677777777777777,113239,113239,.wav,453000,cb73520ab5ab7a5cd861d656366864671939299e8e704a51a9b37fd184c185b7,57f130c320ed5af921d4452d97835f1c408b7ae57c37500c219a6f40065b6fa6,0.08722847700119019,NORMAL,STANDARDIZED,,downmixed to mono,
tabla_000220.wav,dadra45.wav,tabla,Tabla,Tabla\dadra45.wav,44100,44100,2,1,2.573605442176871,2.573605442176871,113496,113496,.wav,454028,7be78a0057dc75d7288fc1fd9abc43eccba1d0baab35209bb568c22558d1716d,fada96cfd92299d68f02cebef3fe37b48e4bdaaa7b1a7f1d649e370e75d195f9,0.09830103069543839,NORMAL,STANDARDIZED,,downmixed to mono,
tabla_000221.wav,dadra46.wav,tabla,Tabla,Tabla\dadra46.wav,44100,44100,2,1,2.573764172335601,2.573764172335601,113503,113503,.wav,454056,0585eb4fcca3330f383b254db0a1dc20f88aa8cb5131ccbeb580dc165ce1fcf0,37317ee3370891e377cf122a49a6e2a8dfefae8b7ee88d67e3a063f23c02dfc8,0.0971420556306839,NORMAL,STANDARDIZED,,downmixed to mono,
tabla_000222.wav,dadra47.wav,tabla,Tabla,Tabla\dadra47.wav,44100,44100,2,1,2.5629024943310657,2.5629024943310657,113024,113024,.wav,452140,1686ab78062c21adc62cf7835145c10a234c03944120b2dee9af8d9c06ab4265,2419db0d35548deeb03981bce5d6103f63042710c767b2848f1dcf3d8ada50f9,0.09567488729953766,NORMAL,STANDARDIZED,,downmixed to mono,
tabla_000223.wav,dadra48.wav,tabla,Tabla,Tabla\dadra48.wav,44100,44100,2,1,2.572607709750567,2.572607709750567,113452,113452,.wav,453852,e93f73d39c82c60efc4e29753f17a0499b56e686e5e2a65d61db38bbdce9d37e,5ff5ab87a8dfe2fdca25741cce665b07360060cf72b9fdfadb3a1e52cfb329d2,0.09344210475683212,NORMAL,STANDARDIZED,,downmixed to mono,
tabla_000224.wav,dadra49.wav,tabla,Tabla,Tabla\dadra49.wav,44100,44100,2,1,1.95984126984127,1.95984126984127,86429,86429,.wav,345760,fe3f40cf3fa51a3d9355108322e23d4de224a1f899a87b3ce39384cbfa351603,9b327115d58b532482fd58fbc7047a2d518fb6d7af86cc4c7020d2f3976f90d3,0.10321757942438126,NORMAL,STANDARDIZED,,downmixed to mono,
tabla_000225.wav,dadra50.wav,tabla,Tabla,Tabla\dadra50.wav,44100,44100,2,1,1.990907029478458,1.990907029478458,87799,87799,.wav,351240,f39bf57d7a7f413604f24ff680ede0f5c237a6c061ad73a6483ec32a2502a416,ec9cef1ad1a397a378ffc45f108bf516850045038adde670eeaf1fb25750d4da,0.10247179120779037,NORMAL,STANDARDIZED,,downmixed to mono,
tabla_000226.wav,dadra51.wav,tabla,Tabla,Tabla\dadra51.wav,44100,44100,2,1,2.019047619047619,2.019047619047619,89040,89040,.wav,356204,b26f9a84e8cf49994c1c95bb807f7218941b950d84cc321512dab01a955cde76,98b5a8cb160836424bb88dc3b9fbfa85fbdc181fc8a207e379ce84eccf37c23a,0.10160821676254272,NORMAL,STANDARDIZED,,downmixed to mono,
tabla_000227.wav,dadra52.wav,tabla,Tabla,Tabla\dadra52.wav,44100,44100,2,1,1.9908163265306122,1.9908163265306122,87795,87795,.wav,351224,2d1e12a2bdaa1ab53b3b0599bf70d10bee059843d69c968f594e6ba287ffa5ff,bab074cce1e3d2b9c62e14458100cf03886c3558a0d0a67f5fe5460226cbe60d,0.10242737084627151,NORMAL,STANDARDIZED,,downmixed to mono,
tabla_000228.wav,dadra53.wav,tabla,Tabla,Tabla\dadra53.wav,44100,44100,2,1,1.9599319727891156,1.9599319727891156,86433,86433,.wav,345776,be446dc88917605d398e0274991a6de6a038261119bb1df45d75b2d3b46e080c,b5b55ebebb8efb68d7dc4900bf2723ea72e3f4dc84a54c7a7b4a618277bfbd6e,0.10214348882436752,NORMAL,STANDARDIZED,,downmixed to mono,
tabla_000229.wav,dadra54.wav,tabla,Tabla,Tabla\dadra54.wav,44100,44100,2,1,1.9929478458049887,1.9929478458049887,87889,87889,.wav,351600,1a5ef63dc7954731a3cdf831e8475d8d0c2c1bc2c94c686e6dd1a19e5adb9355,9cdf29625ab069e2b484c9f9751b41154eef2f3091c7048caebc72569040a0e8,0.0999412089586258,NORMAL,STANDARDIZED,,downmixed to mono,
tabla_000230.wav,dadra55.wav,tabla,Tabla,Tabla\dadra55.wav,44100,44100,2,1,1.9968253968253968,1.9968253968253968,88060,88060,.wav,352284,e27289cbeadd3ea786096ef69e313cf8e9b59b7a7ba0b68a95958e1366f8ef69,ce5be1368361c5e57043b941c5f7c3c5ed1f6b727e82d05838131601b2587693,0.09713894873857498,NORMAL,STANDARDIZED,,downmixed to mono,
tabla_000231.wav,dadra56.wav,tabla,Tabla,Tabla\dadra56.wav,44100,44100,2,1,1.9907709750566893,1.9907709750566893,87793,87793,.wav,351216,fb734f40bf984d244d643a24ebd4ad1200f63d5626a5f36078637b7ffd8d3243,3796fc52447c82171ac07309ae787530d9d1cf1915d03c3fa905c495c57e73f6,0.09800620377063751,NORMAL,STANDARDIZED,,downmixed to mono,
tabla_000232.wav,dadra57.wav,tabla,Tabla,Tabla\dadra57.wav,44100,44100,2,1,1.9906802721088435,1.9906802721088435,87789,87789,.wav,351200,2e94c90d70ca676df458d1272c3b2fea0c8cd276c93e8b7f257e2a7ba2e41b3b,a4d9b1a74de1a880f1486811405e26aafa5e5a7b9eef0784770e691714d39600,0.11238858848810196,NORMAL,STANDARDIZED,,downmixed to mono,
tabla_000233.wav,dadra58.wav,tabla,Tabla,Tabla\dadra58.wav,44100,44100,2,1,1.9926303854875282,1.9926303854875282,87875,87875,.wav,351544,e9db9ad7f166935980aed43e0690698d52012d7f7f905ea1f195c63f4756ab30,55b6bbb3c897c9fbcaa3281804bb029a7f6e5011f1dccacb91d878c9ad5173e8,0.1111874207854271,NORMAL,STANDARDIZED,,downmixed to mono,
tabla_000234.wav,dadra59.wav,tabla,Tabla,Tabla\dadra59.wav,44100,44100,2,1,1.9948299319727891,1.9948299319727891,87972,87972,.wav,351932,d652928f982b2f67df1807c0768810f80a12d6de4d255bb28a9dc657375ab72b,2f28ea31d769cea850001134bb875b702149c064acb7a7917e6afd72d3d4d80d,0.10760100930929184,NORMAL,STANDARDIZED,,downmixed to mono,
tabla_000235.wav,dadra60.wav,tabla,Tabla,Tabla\dadra60.wav,44100,44100,2,1,1.987936507936508,1.987936507936508,87668,87668,.wav,350716,1e5af33b35f055db26b32f21a8370c4ac5cd414ac679fc28965a1d36f96f842b,707e08cb560a69e354bd4fa269dae5011ea854013c4d88f7b76247280b860e3f,0.10446185618638992,NORMAL,STANDARDIZED,,downmixed to mono,
tabla_000236.wav,dadra61.wav,tabla,Tabla,Tabla\dadra61.wav,44100,44100,2,1,1.6268253968253967,1.6268253968253967,71743,71743,.wav,287016,054db62533f9780cfb94390d72d66f87cb7e64e4bed5fe9aa43fa48d4593ae59,6fd766ae82b597f7133979d94f07bfade443a8bf1c629942a242cdd2cd53714d,0.10741961002349854,NORMAL,STANDARDIZED,,downmixed to mono,
tabla_000237.wav,dadra62.wav,tabla,Tabla,Tabla\dadra62.wav,44100,44100,2,1,1.6318820861678005,1.6318820861678005,71966,71966,.wav,287908,eb2f8ac8c28d39614b6f064c137c707b4f35f814e2c26a02f8aeb005ed30f60b,267ff777a9efaa41cdf68b29a0826247e56bbf4f66161bb41b972f20d1f6e50f,0.1081417128443718,NORMAL,STANDARDIZED,,downmixed to mono,
tabla_000238.wav,dadra63.wav,tabla,Tabla,Tabla\dadra63.wav,44100,44100,2,1,1.606734693877551,1.606734693877551,70857,70857,.wav,283472,ca62ddf3a3f4627779702635a2195cbb2179cdb16171d0d65eab59139dc775e9,a798946529ffb3243ba4f2d143b2e03ad0d27794fd2facf67fb08ded6c583e0f,0.10927682369947433,NORMAL,STANDARDIZED,,downmixed to mono,
tabla_000239.wav,dadra64.wav,tabla,Tabla,Tabla\dadra64.wav,44100,44100,2,1,1.628843537414966,1.628843537414966,71832,71832,.wav,287372,1fe440cc60184ef0068f8fac83d6e7613cc70878d5dbafd38ff50278c030401e,72513cba603c8d9d0c40466d16e86b5308be0bcaa009acaa2abfde2f17022b44,0.11016011238098145,NORMAL,STANDARDIZED,,downmixed to mono,
tabla_000240.wav,dadra65.wav,tabla,Tabla,Tabla\dadra65.wav,44100,44100,2,1,1.6277551020408163,1.6277551020408163,71784,71784,.wav,287180,9205d1dfa37842e0a975caafd9534696bfa24e73ab70275cb8106f1f1189ae08,5fbcd2295d037494bbd07cfdd8aa2bf7c712bd43ad159af3ba4f7e8f91e98af7,0.10715612769126892,NORMAL,STANDARDIZED,,downmixed to mono,
tabla_000241.wav,dadra66.wav,tabla,Tabla,Tabla\dadra66.wav,44100,44100,2,1,1.6617687074829932,1.6617687074829932,73284,73284,.wav,293180,203803ee799f643aedc63c827a59230a3ab55fce795220a95be86e39fc43cd0d,59dedca59a89c7f595baa47f934a43f315effdcafa43a4b9245c37d62599faf8,0.10634872317314148,NORMAL,STANDARDIZED,,downmixed to mono,
tabla_000242.wav,dadra67.wav,tabla,Tabla,Tabla\dadra67.wav,44100,44100,2,1,1.599750566893424,1.599750566893424,70549,70549,.wav,282240,34c3858e94cb7862064f536ea73e212e377d1b20d8a3a3bea8940888fdc61055,2c9f84984b27708f37c172a8a05d905f41f78384bc2ab4c9e6f00099eae305e1,0.10424546152353287,NORMAL,STANDARDIZED,,downmixed to mono,
tabla_000243.wav,dadra68.wav,tabla,Tabla,Tabla\dadra68.wav,44100,44100,2,1,1.6327210884353742,1.6327210884353742,72003,72003,.wav,288056,19004367ca5418625854d01eeafd0536453dffba04dbe78b7145c9252f6b8163,f97b94870677d65362164814e646d3a5958a93296d2169a79b816d3e1319db76,0.10356800258159637,NORMAL,STANDARDIZED,,downmixed to mono,
tabla_000244.wav,dadra69.wav,tabla,Tabla,Tabla\dadra69.wav,44100,44100,2,1,1.660702947845805,1.660702947845805,73237,73237,.wav,292992,bacb304b6b17baf9c5129fcbbb14c5a6fae356106aa89f4dda704343a604a3c6,0db5ee979750fc91c6acf86a95564e0f2cfe2e41df3acaf193cde0a231812b8d,0.11754301190376282,NORMAL,STANDARDIZED,,downmixed to mono,
tabla_000245.wav,dadra70.wav,tabla,Tabla,Tabla\dadra70.wav,44100,44100,2,1,1.6017687074829932,1.6017687074829932,70638,70638,.wav,282596,f7de21091d357bad037cb137edff928821948893712494d082cb5779d09a48de,1adca58ee6dd4cf12ef9335c87055772507a352d4e403099fb261735c52533ec,0.12162311375141144,NORMAL,STANDARDIZED,,downmixed to mono,
tabla_000246.wav,dadra71.wav,tabla,Tabla,Tabla\dadra71.wav,44100,44100,2,1,1.6278684807256236,1.6278684807256236,71789,71789,.wav,287200,1800cfc0c3057e1d3436351f49709762c394de9806369d5ba69102e84ef5ee33,6f45007cbaeba9ebabf97fa9e7ae50cdb076e9834c944abbf9c38ad8625bc74a,0.1181037500500679,NORMAL,STANDARDIZED,,downmixed to mono,
tabla_000247.wav,dadra72.wav,tabla,Tabla,Tabla\dadra72.wav,44100,44100,2,1,1.661904761904762,1.661904761904762,73290,73290,.wav,293204,6f670caa6aaf75cf32ff027878948278ffab6daa447a7595399509cf76af0e1d,8644a15fff484ee2c4fac7c3dde8617077299e89a04810d20ba9b42bfe353d1c,0.1173192486166954,NORMAL,STANDARDIZED,,downmixed to mono,
tabla_000248.wav,deepchandi01.wav,tabla,Tabla,Tabla\deepchandi01.wav,44100,44100,2,1,10.746734693877551,10.746734693877551,473931,473931,.wav,1895768,76182a319b79e58a86334f849f26d861ee5162e667734cff89b51f640c91b15c,19ffe45ff002a5273c84cbc2be06e98053aed08c3b73c4d04281f758e37ed847,0.06833081692457199,NORMAL,STANDARDIZED,,downmixed to mono,
tabla_000249.wav,deepchandi02.wav,tabla,Tabla,Tabla\deepchandi02.wav,44100,44100,2,1,10.710249433106576,10.710249433106576,472322,472322,.wav,1889332,7dcc313ebfc2f12edafc00e36fe6ca97d1ea2814962799b3f7f196998f127cd7,e9d31cdbc808257ca8d673d8c52fa59d413b93754cf789d3ea1215ce6499502c,0.06838968396186829,NORMAL,STANDARDIZED,,downmixed to mono,
tabla_000250.wav,deepchandi03.wav,tabla,Tabla,Tabla\deepchandi03.wav,44100,44100,2,1,11.133968253968254,11.133968253968254,491008,491008,.wav,1964076,8d8e42355117223eb8014bd0d83adf02e5980c7688d276aa6287a6802614a74d,5248b72c5d38e00ad4aa4370b038a68fca5ad5d84894031db5ddec0febf3554d,0.06655891239643097,NORMAL,STANDARDIZED,,downmixed to mono,
tabla_000251.wav,deepchandi04.wav,tabla,Tabla,Tabla\deepchandi04.wav,44100,44100,2,1,10.75328798185941,10.75328798185941,474220,474220,.wav,1896924,aeab8cb20f1acd0c9fc51a5fa10f322f3c8b425e22bdba3fce03a5731c1e0c6b,beab041e5b1d7601a5f3af015cb9cd3c58d13ddd4baaab72bf878a0334f4829f,0.06856745481491089,NORMAL,STANDARDIZED,,downmixed to mono,
tabla_000252.wav,deepchandi05.wav,tabla,Tabla,Tabla\deepchandi05.wav,44100,44100,2,1,10.773015873015874,10.773015873015874,475090,475090,.wav,1900404,14b7428b69e4732d8717837b1e894cea1be1b9a681620e6c26b1a2f29a6e0348,651957ee9d8a2ca7c03c6298c92dbdcb0340d129c196286b32963bc639a8d55a,0.0675971657037735,NORMAL,STANDARDIZED,,downmixed to mono,
tabla_000253.wav,deepchandi06.wav,tabla,Tabla,Tabla\deepchandi06.wav,44100,44100,2,1,10.714036281179139,10.714036281179139,472489,472489,.wav,1890000,fc664fc2291e836d511e5d32c79a7f504ff3ef4c610edfa18d4d4f90a6cb4c58,81b0d8cc8a4ab2e9471f786640ac1cbe97aba626ab53f9af5d47ab1b80564c32,0.06688195466995239,NORMAL,STANDARDIZED,,downmixed to mono,
tabla_000254.wav,deepchandi07.wav,tabla,Tabla,Tabla\deepchandi07.wav,44100,44100,2,1,11.145578231292516,11.145578231292516,491520,491520,.wav,1966124,40e917c585d4ee49975ad794ebbf730f18868967645241dca4f16b8872a8c4b9,abe4a466eb5adbaed60ef87a770605da999860eee74c362a8a9465f57a74f689,0.06382299959659576,NORMAL,STANDARDIZED,,downmixed to mono,
tabla_000255.wav,deepchandi08.wav,tabla,Tabla,Tabla\deepchandi08.wav,44100,44100,2,1,10.752698412698413,10.752698412698413,474194,474194,.wav,1896820,aa9f1df211fdaf457fab0e21681444e9e49a4f29dc5e030bf2af11916fa5ed60,23a2e2b7d268c89eebbaed041bf604beb3a1aa6c91e571adfda4ca4562a05b0d,0.0651492327451706,NORMAL,STANDARDIZED,,downmixed to mono,
tabla_000256.wav,deepchandi09.wav,tabla,Tabla,Tabla\deepchandi09.wav,44100,44100,2,1,10.782448979591837,10.782448979591837,475506,475506,.wav,1902068,5ff7de8bfef536be5cf10b2edef28bf6451bfa70b777df23d7626b209438d586,fba94dc640b145d0d1d48ae8528ea35f4c03c15f4be05796e35530374b90560e,0.07309224456548691,NORMAL,STANDARDIZED,,downmixed to mono,
tabla_000257.wav,deepchandi10.wav,tabla,Tabla,Tabla\deepchandi10.wav,44100,44100,2,1,10.731564625850341,10.731564625850341,473262,473262,.wav,1893092,b2235d1c82b4cb783341444d878f043161e1025b3b469101ff95302bedf82e01,acc1406166136ebe227a0ecb91dfe917ca23ab42145834a6e80fff51ea9c8c66,0.07294510304927826,NORMAL,STANDARDIZED,,downmixed to mono,
tabla_000258.wav,deepchandi11.wav,tabla,Tabla,Tabla\deepchandi11.wav,44100,44100,2,1,10.75140589569161,10.75140589569161,474137,474137,.wav,1896592,819971e104d82470941ad101265f8180beda5520d1837ca4703cceba455aca29,48541c175e73966e2cb2363ec696392146bce9c51da4f446b872b856b42d79a0,0.07166646420955658,NORMAL,STANDARDIZED,,downmixed to mono,
tabla_000259.wav,deepchandi12.wav,tabla,Tabla,Tabla\deepchandi12.wav,44100,44100,2,1,10.783333333333333,10.783333333333333,475545,475545,.wav,1902224,2c671168c486a90fb9c172c980a0ec8e0f24538465ddc1eccde393cf1225e131,992053a429b0ccb08a782e848704e17272350995ffee711e88a03d3b337f3976,0.07012022286653519,NORMAL,STANDARDIZED,,downmixed to mono,
tabla_000260.wav,deepchandi13.wav,tabla,Tabla,Tabla\deepchandi13.wav,44100,44100,2,1,8.884580498866214,8.884580498866214,391810,391810,.wav,1567284,a1a80d0dfeef729597eab9e2238c940648a807f4f8b60801031c719f9d39c8a7,98e9b2cbfe89d1718d79e5c6e93238dec349db2ec2d04b3f36c7a2e7c3c684fa,0.06477797031402588,NORMAL,STANDARDIZED,,downmixed to mono,
tabla_000261.wav,deepchandi14.wav,tabla,Tabla,Tabla\deepchandi14.wav,44100,44100,2,1,8.842698412698413,8.842698412698413,389963,389963,.wav,1559896,f83351907b3cc4faa02eae02e6e553ac5bc541279108103806cb67d2fd607f21,6b4d8789277e39b33cedfe8101d4db920e636125847fef374b7027efd5148ebf,0.06455359607934952,NORMAL,STANDARDIZED,,downmixed to mono,
tabla_000262.wav,deepchandi15.wav,tabla,Tabla,Tabla\deepchandi15.wav,44100,44100,2,1,8.971609977324263,8.971609977324263,395648,395648,.wav,1582636,94e168e2b972064d60ab5c0cbd195eec9cac642c50ab9e2e08899bcff17f6102,5b7700b52cbae3d7e0003d32784b9df5fcb753594ffa3505a91b2208bdaa096e,0.06338079273700714,NORMAL,STANDARDIZED,,downmixed to mono,
tabla_000263.wav,deepchandi16.wav,tabla,Tabla,Tabla\deepchandi16.wav,44100,44100,2,1,8.962993197278912,8.962993197278912,395268,395268,.wav,1581116,0958d0ce34bcbd43d3c74da5e7db87f33a6a8367e1a0ead7156aae396f02fe27,52df2bf1935971cca2f5451e896495804e9ce63413d1660befcfa46415ea3176,0.06447184830904007,NORMAL,STANDARDIZED,,downmixed to mono,
tabla_000264.wav,deepchandi17.wav,tabla,Tabla,Tabla\deepchandi17.wav,44100,44100,2,1,8.878117913832199,8.878117913832199,391525,391525,.wav,1566144,5e4f1df0421b9796b2c1d9aa25bd442e730f790b14c97944733705495314523e,c6e62ca08acc45875d42838ccecc86e02f497ebcab0b73ec0ecc7bcbe68112e2,0.06421899795532227,NORMAL,STANDARDIZED,,downmixed to mono,
tabla_000265.wav,deepchandi18.wav,tabla,Tabla,Tabla\deepchandi18.wav,44100,44100,2,1,9.030022675736962,9.030022675736962,398224,398224,.wav,1592940,7fc3d619f31f7f48257341f558c3da19e7bf360c6cce7ca964f1fb663dbc08e6,07a0039064395d7d642e56de120d66d3219e3ff9d71709f594fe43e2002c62a9,0.06256739795207977,NORMAL,STANDARDIZED,,downmixed to mono,
tabla_000266.wav,deepchandi19.wav,tabla,Tabla,Tabla\deepchandi19.wav,44100,44100,2,1,8.974149659863945,8.974149659863945,395760,395760,.wav,1583084,2d9cdfacf32a470dc613f663f8a7a862b303079f0eeab255e486876ae836daf7,7e9c353c31373b313ceb74ffac0ca42a7b252a4cc292c51b3722159f2821d555,0.06107019633054733,NORMAL,STANDARDIZED,,downmixed to mono,
tabla_000267.wav,deepchandi20.wav,tabla,Tabla,Tabla\deepchandi20.wav,44100,44100,2,1,9.157709750566893,9.157709750566893,403855,403855,.wav,1615464,16d25f2ca0a9d4d9f891159d71f1c831f6b11dfe9c484e2e8cfbb918ca8dee2b,002fd456236eaab2c9e229a88e7f1f9affbe3c3fb76999274106e28ceafe33c6,0.060716886073350906,NORMAL,STANDARDIZED,,downmixed to mono,
tabla_000268.wav,deepchandi21.wav,tabla,Tabla,Tabla\deepchandi21.wav,44100,44100,2,1,9.427052154195012,9.427052154195012,415733,415733,.wav,1662976,8a45aa145b75c1d5c7d5ede97b8419f4676e186ee8e2664e3efc67b7bdbb0898,aa8c688a2e1b7ddd5e228af73e559a41043bef2e2641c5794ab63a205244a60b,0.06783650070428848,NORMAL,STANDARDIZED,,downmixed to mono,
tabla_000269.wav,deepchandi22.wav,tabla,Tabla,Tabla\deepchandi22.wav,44100,44100,2,1,8.801156462585034,8.801156462585034,388131,388131,.wav,1552568,394c23e684374a4156ca50bca2ae67f8d4dc493bc393c44c3cc1cb52aecafdd2,215dc972f40a718c2a3e9621c4a698a244c7a7942fe384502b17283c90e864a2,0.06918035447597504,NORMAL,STANDARDIZED,,downmixed to mono,
tabla_000270.wav,deepchandi23.wav,tabla,Tabla,Tabla\deepchandi23.wav,44100,44100,2,1,9.043809523809523,9.043809523809523,398832,398832,.wav,1595372,a39944c72e94d8cc2dadc2e2556006e33e856f3b1757fa0c61b564fd23af5ad0,5f475c178babd33c650fca8e73a46d8311ef724ef0b4009677b514f6c75bdd54,0.06772255897521973,NORMAL,STANDARDIZED,,downmixed to mono,
tabla_000271.wav,deepchandi24.wav,tabla,Tabla,Tabla\deepchandi24.wav,44100,44100,2,1,9.332040816326531,9.332040816326531,411543,411543,.wav,1646216,cfcc615819cb68111892178ce12e7e600ff9920ad56a810533d6191239fe5671,6bcf351232943e05cd4acf2f7225d6dc379764e8eb1284b23510c15fdebdb598,0.06476142257452011,NORMAL,STANDARDIZED,,downmixed to mono,
tabla_000272.wav,deepchandi25.wav,tabla,Tabla,Tabla\deepchandi25.wav,44100,44100,2,1,7.146780045351474,7.146780045351474,315173,315173,.wav,1260736,c47aab17fdd57af5d34ed58cacb2e9d16ec76ac05a4263d9f364b25c9b60f4c7,3dc05bd2691df3a62bcf985a3026f4e6994393e9eb78f595f8d55c620160de18,0.07178715616464615,NORMAL,STANDARDIZED,,downmixed to mono,
tabla_000273.wav,deepchandi26.wav,tabla,Tabla,Tabla\deepchandi26.wav,44100,44100,2,1,7.209863945578231,7.209863945578231,317955,317955,.wav,1271864,707c63bdcd8021453e523615984b1ab4e1f63a9cdd2f72597cf2d176b66a227f,334e6faef7faded434cf07c2f922ef654ad86e2e0c9463b7bec044d7b8f0ad2e,0.07142836600542068,NORMAL,STANDARDIZED,,downmixed to mono,
tabla_000274.wav,deepchandi27.wav,tabla,Tabla,Tabla\deepchandi27.wav,44100,44100,2,1,7.2227891156462585,7.2227891156462585,318525,318525,.wav,1274144,8c87b17630ffaf139eb069c9290b0c2f2b9db0117392b092d32f0e2cf30bf46d,63a06e727a392258452ee062ebe0588d1b2eb25ef4f1022fee983d244a37026a,0.07089410722255707,NORMAL,STANDARDIZED,,downmixed to mono,
tabla_000275.wav,deepchandi28.wav,tabla,Tabla,Tabla\deepchandi28.wav,44100,44100,2,1,7.186575963718821,7.186575963718821,316928,316928,.wav,1267756,4ad02d6ef2a37446cb743cf87cd3eb4bcb281b4b58390e8b7408eafd1b220e46,a65be35e55c9c7fdc5cd8b7170de513ad0a1c9d5f5748578b468c62b91d1a1e7,0.07131383568048477,NORMAL,STANDARDIZED,,downmixed to mono,
tabla_000276.wav,deepchandi29.wav,tabla,Tabla,Tabla\deepchandi29.wav,44100,44100,2,1,7.186575963718821,7.186575963718821,316928,316928,.wav,1267756,9c9880b904da880591f6a7265eb613c5decebafb7b7223212764d59da3f0890d,96be156bc8c1784b83b3da531d9825642296768efeb8c5851a9b0b22230fb237,0.07053191214799881,NORMAL,STANDARDIZED,,downmixed to mono,
tabla_000277.wav,deepchandi30.wav,tabla,Tabla,Tabla\deepchandi30.wav,44100,44100,2,1,7.174965986394557,7.174965986394557,316416,316416,.wav,1265708,d1f45c40d49af01587b91d4522c4d6cd73a06a8fbcdea4b119f04ecb088e5f02,40be02eef2a5ec6d12c1de107773e2efca8d254971ffebf4903e8faa11b49ffa,0.06942997127771378,NORMAL,STANDARDIZED,,downmixed to mono,
tabla_000278.wav,deepchandi31.wav,tabla,Tabla,Tabla\deepchandi31.wav,44100,44100,2,1,7.065646258503401,7.065646258503401,311595,311595,.wav,1246424,1186a323cf39684477e28f8cff32f29cdd0271180b9017c2dca7d9b2e51b2f25,e5e4b89794a9384f2bf14a95f771a4d4da5da2e0c485e69428f72ca44a9e5904,0.0682024285197258,NORMAL,STANDARDIZED,,downmixed to mono,
tabla_000279.wav,deepchandi32.wav,tabla,Tabla,Tabla\deepchandi32.wav,44100,44100,2,1,7.212199546485261,7.212199546485261,318058,318058,.wav,1272276,f4b9da1582536df4a09039f7eeb3f61e29b6282962451782baeb99f56d50198b,5b2c8c3bab763fd9468b64eadcca187e00b75a24407fcfcc5c4c1da2344bded0,0.067909836769104,NORMAL,STANDARDIZED,,downmixed to mono,
tabla_000280.wav,deepchandi33.wav,tabla,Tabla,Tabla\deepchandi33.wav,44100,44100,2,1,7.130136054421769,7.130136054421769,314439,314439,.wav,1257800,e873ac8ee6a99b5650a3eb2fbdb2837f331b18c852afbfa33dfc8c1bba259952,354ae2103d60730baa45c8fcc4d9b6d99e356b126995335bdbfc3f2b219d21da,0.07757032662630081,NORMAL,STANDARDIZED,,downmixed to mono,
tabla_000281.wav,deepchandi34.wav,tabla,Tabla,Tabla\deepchandi34.wav,44100,44100,2,1,7.188820861678004,7.188820861678004,317027,317027,.wav,1268152,1b3ca604fa07b3de4a0b0bd2f89d03fbe8b04d6bce4eafe90e7d26404e791bff,3b453561a9f968b2ff08ef3e7a1a420b70f2d27b600877eec9e81de0d8af3bcc,0.07570954412221909,NORMAL,STANDARDIZED,,downmixed to mono,
tabla_000282.wav,deepchandi35.wav,tabla,Tabla,Tabla\deepchandi35.wav,44100,44100,2,1,7.207936507936508,7.207936507936508,317870,317870,.wav,1271524,fc7da247f7e56d064a52de49da51d1c6bd9ca6a0ab32b1f06370b92f4129e1c6,1df4a1bb6dc678530fe0c48d9639246065b4f6e5ef0d86ecc0123c883af7134c,0.0754581093788147,NORMAL,STANDARDIZED,,downmixed to mono,
tabla_000283.wav,deepchandi36.wav,tabla,Tabla,Tabla\deepchandi36.wav,44100,44100,2,1,7.148344671201814,7.148344671201814,315242,315242,.wav,1261012,0069c340c6f032ad3bc180757f192f7009985f6c264ffdd9bcc8833ac65327d9,9a9e85fb4ad68d30946fe7e0684e92772e3f5c57b9bad77da81c0521e8b6b615,0.07380461692810059,NORMAL,STANDARDIZED,,downmixed to mono,
tabla_000284.wav,deepchandi37.wav,tabla,Tabla,Tabla\deepchandi37.wav,44100,44100,2,1,4.742222222222222,4.742222222222222,209132,209132,.wav,836572,7d37b351ee275eb5e2567c725240be02e862be08caeedef8c82e6f135aba4dce,255787b2b7bb05ebb068f49fe8911984297787b47aa4e59c12afe97bf4853f7f,0.08795540034770966,NORMAL,STANDARDIZED,,downmixed to mono,
tabla_000285.wav,deepchandi38.wav,tabla,Tabla,Tabla\deepchandi38.wav,44100,44100,2,1,4.740226757369615,4.740226757369615,209044,209044,.wav,836220,8b70f435acfcf2bbb4778786cf0d4cb993578a04c63774d479acc3bfc34e010a,f2811f44df661ee6de325cab5b202c69f6c67410c658ec1a67b48609105f50f9,0.08660664409399033,NORMAL,STANDARDIZED,,downmixed to mono,
tabla_000286.wav,deepchandi39.wav,tabla,Tabla,Tabla\deepchandi39.wav,44100,44100,2,1,4.714081632653061,4.714081632653061,207891,207891,.wav,831608,ad3bea3440a55d096e7f326568698b5fca675afcb9449c31c8778855e3d8a9d0,779a1e6a5aa48185e236bfceae3c14ecb61ac419b6d604c9688556754cc5a16d,0.08541383594274521,NORMAL,STANDARDIZED,,downmixed to mono,
tabla_000287.wav,deepchandi40.wav,tabla,Tabla,Tabla\deepchandi40.wav,44100,44100,2,1,4.718684807256236,4.718684807256236,208094,208094,.wav,832420,7413219b14ddaaeb0479c5b83c7cc7faba6091e608e969c6a36c20e0cb64c8b7,c2c07ef5c97da51a8d935f52bbcb2150fbf1f2f3940a72bc898309c68a05c033,0.08675609529018402,NORMAL,STANDARDIZED,,downmixed to mono,
tabla_000288.wav,deepchandi41.wav,tabla,Tabla,Tabla\deepchandi41.wav,44100,44100,2,1,4.714625850340136,4.714625850340136,207915,207915,.wav,831704,2cd0d584ed9cda3b12d778c3be34d00077edc959e03034e99fc428f1dbe4f70d,12b37b293d8443bfcb55a270af30e56deb68184f8513f2f59d8d7179d2c339c0,0.08613353222608566,NORMAL,STANDARDIZED,,downmixed to mono,
tabla_000289.wav,deepchandi42.wav,tabla,Tabla,Tabla\deepchandi42.wav,44100,44100,2,1,4.713650793650793,4.713650793650793,207872,207872,.wav,831532,db4439b40197534e17d9667845f858166975690b427ab3bc299c9e58f930b915,1e76fd5adb3584d806546da8947670521efe8c75e965faa59621f3ccebe8d70f,0.08448391407728195,NORMAL,STANDARDIZED,,downmixed to mono,
tabla_000290.wav,deepchandi43.wav,tabla,Tabla,Tabla\deepchandi43.wav,44100,44100,2,1,4.710498866213152,4.710498866213152,207733,207733,.wav,830976,c9120c9e978977681ed879b397f4f546dfeb3079ad0bde884c2ba07ac8355f9a,7439b0fe6317c3bfe0515a8840e4866065fb6c1ad600469433b3630b56ef572e,0.08243099600076675,NORMAL,STANDARDIZED,,downmixed to mono,
tabla_000291.wav,deepchandi44.wav,tabla,Tabla,Tabla\deepchandi44.wav,44100,44100,2,1,4.738866213151927,4.738866213151927,208984,208984,.wav,835980,4693a7d9c6e8d40088bf77716c4a3ccfa6e930c167d095cc7f97f5bf9c13ec8d,c057cdbcfce6aacbf54197469867029208f63f5b954991231c273f4b364454f5,0.08278852701187134,NORMAL,STANDARDIZED,,downmixed to mono,
tabla_000292.wav,deepchandi45.wav,tabla,Tabla,Tabla\deepchandi45.wav,44100,44100,2,1,4.768775510204081,4.768775510204081,210303,210303,.wav,841256,d7e743ce5403273427ef36abfc8a0e66a5971ed1dcc0f28e2f67c1c1cb7bb8ef,b770d5f2548909a28e243d5fe2a969f62303d031723b9e533dbb43d43e56eb2b,0.09588877111673355,NORMAL,STANDARDIZED,,downmixed to mono,
tabla_000293.wav,deepchandi46.wav,tabla,Tabla,Tabla\deepchandi46.wav,44100,44100,2,1,4.743469387755102,4.743469387755102,209187,209187,.wav,836792,1e2d7a9fd9b25b811cac2109a55c65f334def7f04d08246cfa215b4ede3e7961,7f79253e771aa88452e66140465b94ab285be83714bb573dfb67e1f0790ac303,0.09402267634868622,NORMAL,STANDARDIZED,,downmixed to mono,
tabla_000294.wav,deepchandi47.wav,tabla,Tabla,Tabla\deepchandi47.wav,44100,44100,2,1,4.706961451247166,4.706961451247166,207577,207577,.wav,830352,2342db1c68a22bf15cde29c0da2fe5e2cc03286c6ba7a92a6e0c881fce560f23,aa2681504d88b4438857118b4b8b53ebc391463027a9876dae9373b4f24abcf4,0.092547707259655,NORMAL,STANDARDIZED,,downmixed to mono,
tabla_000295.wav,deepchandi48.wav,tabla,Tabla,Tabla\deepchandi48.wav,44100,44100,2,1,4.737392290249433,4.737392290249433,208919,208919,.wav,835720,aee329884204825d885344a83dc7340d6b65fc18f8ef65536264e06ad01af13b,dc0aa4151486d4752c7e49041b70a570b0498917f65b7c5919531e92705fa0d1,0.08943197131156921,NORMAL,STANDARDIZED,,downmixed to mono,
tabla_000296.wav,deepchandi49.wav,tabla,Tabla,Tabla\deepchandi49.wav,44100,44100,2,1,3.0129251700680273,3.0129251700680273,132870,132870,.wav,531524,223b132a6fd8e3feb80aef974a85ca9a741cf5e8f58512e2c12de2ab60cac788,24d4573d840f4f1434dccaeff1e963d64281bb0ac6fd25aba8ae6d28718bca25,0.09824685007333755,NORMAL,STANDARDIZED,,downmixed to mono,
tabla_000297.wav,deepchandi50.wav,tabla,Tabla,Tabla\deepchandi50.wav,44100,44100,2,1,2.9508163265306124,2.9508163265306124,130131,130131,.wav,520568,7edaee1fae517ad58579025ad1740f3e0bb3718acf3bf31af16a5da1d011808f,20001c2d23550e2e0a20004fc8d3a1ffab48eac3cc53cf12408703cb34b4fbc1,0.09899980574846268,NORMAL,STANDARDIZED,,downmixed to mono,
tabla_000298.wav,deepchandi51.wav,tabla,Tabla,Tabla\deepchandi51.wav,44100,44100,2,1,3.0127891156462585,3.0127891156462585,132864,132864,.wav,531500,b11b5622d54dd6e2220b4e3b370a30223492020ca171a6e6353d867e47e6a81c,e24df5f9ba538e3674d4b2efa94ed65ed59d94dfc8c4ac46fa6f64a7b3e46107,0.09798744320869446,NORMAL,STANDARDIZED,,downmixed to mono,
tabla_000299.wav,deepchandi52.wav,tabla,Tabla,Tabla\deepchandi52.wav,44100,44100,2,1,3.018730158730159,3.018730158730159,133126,133126,.wav,532548,1c257105adc2470ec32094931e4bc830215474e7f4cf2ed4c95d318a7b08aa71,b7537f5bfdc098a45c9b6ebda37db0cd7138a2b1740f20f21183ed8cda06aaeb,0.10003381967544556,NORMAL,STANDARDIZED,,downmixed to mono,
tabla_000300.wav,deepchandi53.wav,tabla,Tabla,Tabla\deepchandi53.wav,44100,44100,2,1,2.9889115646258504,2.9889115646258504,131811,131811,.wav,527288,0716de22c4e743781b11e1e66e352031ed37263456d3ae61dcea579391d31be1,fd31302680a706a6adf5d6420984b13a9c3a0b770ce8011e80c3025e16e3d793,0.09831508994102478,NORMAL,STANDARDIZED,,downmixed to mono,
tabla_000301.wav,deepchandi54.wav,tabla,Tabla,Tabla\deepchandi54.wav,44100,44100,2,1,3.023514739229025,3.023514739229025,133337,133337,.wav,533392,46d0084f62ea7cfe8c99b1bf35f204a74cce777692ce09a57cca8451d50c06e3,903363d89d55388005d38f68659976a765a41f8ce4ba994b53d0136b63b4d97d,0.0962592363357544,NORMAL,STANDARDIZED,,downmixed to mono,
tabla_000302.wav,deepchandi55.wav,tabla,Tabla,Tabla\deepchandi55.wav,44100,44100,2,1,3.0174149659863945,3.0174149659863945,133068,133068,.wav,532316,9600095b3a1541746f067b70c823fb5e38eee838d52b5078adcba314daaf38b5,b6cefc9cfad9435e0ec5b651b99ac63b0df2160cdb8bb15f2e4ba0932e2a079d,0.09360905736684799,NORMAL,STANDARDIZED,,downmixed to mono,
tabla_000303.wav,deepchandi56.wav,tabla,Tabla,Tabla\deepchandi56.wav,44100,44100,2,1,3.0186167800453516,3.0186167800453516,133121,133121,.wav,532528,33e8dc25b9c510c666017ebdd1597f65e5de6b2eb3b75faeaa766b6030308d01,e03a8e1127f9665ee5ac5786086f849ea81bd0a0f9e638c3b6bfda96d917b15e,0.09423480927944183,NORMAL,STANDARDIZED,,downmixed to mono,
tabla_000304.wav,deepchandi57.wav,tabla,Tabla,Tabla\deepchandi57.wav,44100,44100,2,1,3.1107936507936507,3.1107936507936507,137186,137186,.wav,548788,c997e9b0b258b9583d08ea08ac9d34ef65ac18a93f0cdebe4eeec6d11ff6c13b,5962293fcaf9400d2684629d7493eff9a00ffe5f65a009bcd6d56b1fdc6c3326,0.1142803281545639,NORMAL,STANDARDIZED,,downmixed to mono,
tabla_000305.wav,deepchandi58.wav,tabla,Tabla,Tabla\deepchandi58.wav,44100,44100,2,1,2.989410430839002,2.989410430839002,131833,131833,.wav,527376,80cbef806b253095f023005e5bf604b7bd6ae0a2578fa83d85204f74160ce891,57feb9b2377cfe4c0bbf45b0add3c5759bf4fe1446acce75757f69eb8b44f165,0.10494877398014069,NORMAL,STANDARDIZED,,downmixed to mono,
tabla_000306.wav,deepchandi59.wav,tabla,Tabla,Tabla\deepchandi59.wav,44100,44100,2,1,3.0214965986394557,3.0214965986394557,133248,133248,.wav,533036,961647d42cfca18e05d894fca194f6ca14208f7ce61d9c8c64ad3af6dec5188f,c59ae8a97422b7e6a4af9094917694254a3ff689754e82d291a5cb3c408226b2,0.11069893091917038,NORMAL,STANDARDIZED,,downmixed to mono,
tabla_000307.wav,deepchandi60.wav,tabla,Tabla,Tabla\deepchandi60.wav,44100,44100,2,1,3.021655328798186,3.021655328798186,133255,133255,.wav,533064,ec3e2821d17e38afd0c41a51b50b98b3c2352095aa4344d699dd4cbb9929c134,4b2dedd3601d9de2d59a52b23aabe7d283c6f56818483ab83a44369fba58dcdd,0.10340547561645508,NORMAL,STANDARDIZED,,downmixed to mono,
tabla_000308.wav,ektal01.wav,tabla,Tabla,Tabla\ektal01.wav,44100,44100,2,1,9.911383219954649,9.911383219954649,437092,437092,.wav,1748412,4b732f5ea6184b011c699de3148029e1333cac1b35f8c997d10a845963eb10e0,972f9569106be059d858d3e735f4fd8c65b63000ec29a834690ed37d5aacf900,0.07108040899038315,NORMAL,STANDARDIZED,,downmixed to mono,
tabla_000309.wav,ektal02.wav,tabla,Tabla,Tabla\ektal02.wav,44100,44100,2,1,9.911383219954649,9.911383219954649,437092,437092,.wav,1748412,8b5f5b126483812ad5b759e2f249ef6e0adbc57e4aca51435b060ed9841271dd,a29bc52134ae3a920cd26c0895c4197e87219154854f104d51ad2df66502836a,0.0709860548377037,NORMAL,STANDARDIZED,,downmixed to mono,
tabla_000310.wav,ektal03.wav,tabla,Tabla,Tabla\ektal03.wav,44100,44100,2,1,9.911383219954649,9.911383219954649,437092,437092,.wav,1748412,33b511c9293c2d3f6e9096a428c0130a160e881d301428cd5d3749c873308631,7a71db5bfd4cd2f2ebb039f4994f221cdbeca5c9a1ac8b2a19e18ece663af3b0,0.07124052196741104,NORMAL,STANDARDIZED,,downmixed to mono,
tabla_000311.wav,ektal04.wav,tabla,Tabla,Tabla\ektal04.wav,44100,44100,2,1,9.911383219954649,9.911383219954649,437092,437092,.wav,1748412,96b1d001c0bd38fe89e083dad6dacd87b0d5053cd3d5045497336feda87b787b,7e4e88a807db3766770a38ea302c892bbf2e611e91c8cdb6a07dc1ab396924a1,0.07092396169900894,NORMAL,STANDARDIZED,,downmixed to mono,
tabla_000312.wav,ektal05.wav,tabla,Tabla,Tabla\ektal05.wav,44100,44100,2,1,9.970498866213152,9.970498866213152,439699,439699,.wav,1758840,63789a18f972e26a2664df9fdc56fb9c236c38959e3a20f0e0ffbab41b50ede2,11c507814b1855d8dbfbf128496ac720d19e1101b02c19adab247373d13219b9,0.07100307941436768,NORMAL,STANDARDIZED,,downmixed to mono,
tabla_000313.wav,ektal06.wav,tabla,Tabla,Tabla\ektal06.wav,44100,44100,2,1,9.92875283446712,9.92875283446712,437858,437858,.wav,1751476,a3f4a31cef8bc42d3fa51535a73912cfdad9321e3f2564bea294f78e7cf295be,c1ba4173ef86afb1361dd339fb9baeb47c8c48f3d03cc6597c60bcd5a2efbf0a,0.0697546973824501,NORMAL,STANDARDIZED,,downmixed to mono,
tabla_000314.wav,ektal07.wav,tabla,Tabla,Tabla\ektal07.wav,44100,44100,2,1,9.919342403628118,9.919342403628118,437443,437443,.wav,1749816,3ceffb2bfa89283b628d4c635e07e7c2a4683497b7e2691bcaa0c36be196772c,5483fd8c20c7299967e95f7f929a3c26d99446c0a6c561839a929d19de9f2b0c,0.06665556877851486,NORMAL,STANDARDIZED,,downmixed to mono,
tabla_000315.wav,ektal08.wav,tabla,Tabla,Tabla\ektal08.wav,44100,44100,2,1,9.95702947845805,9.95702947845805,439105,439105,.wav,1756464,2604856cf872205e4e5c8179e90e274934a33136fe7046ed2dc0dab94c8ae8c0,6db807d5e4304fae63cc20720c7ccc80b1c1150d1b4996d5e646d34ebdeedb9a,0.06606655567884445,NORMAL,STANDARDIZED,,downmixed to mono,
tabla_000316.wav,ektal09.wav,tabla,Tabla,Tabla\ektal09.wav,44100,44100,2,1,9.992312925170069,9.992312925170069,440661,440661,.wav,1762688,097361c4ae7265efed815953d855adca99bb1616084a652ad6138bdf01fd12b2,85bd40c84fad8a667b13a839959d6bc0cc731a6b6b6c4dd1c48fe9c612d2cf8d,0.07739371806383133,NORMAL,STANDARDIZED,,downmixed to mono,
tabla_000317.wav,ektal10.wav,tabla,Tabla,Tabla\ektal10.wav,44100,44100,2,1,9.934467120181406,9.934467120181406,438110,438110,.wav,1752484,923f060fa69f45e44bac59b72f048bff215b13b01b7559058a4edbdb4c5c38f3,dab9f5f3a69a3a1ca2319b504701c088baefdbe7e3fde953bb0dc7d8a6281e79,0.07658898830413818,NORMAL,STANDARDIZED,,downmixed to mono,
tabla_000318.wav,ektal11.wav,tabla,Tabla,Tabla\ektal11.wav,44100,44100,2,1,9.910181405895692,9.910181405895692,437039,437039,.wav,1748200,fbd6fcb2181f8dabfe8f568cc806b8e842ae7de5db87cd7fe94758e4d1e87cad,ca03f850d73d23c55d9b62e29b56f996d56feaec90ded34b278014cedef2ed96,0.07464507967233658,NORMAL,STANDARDIZED,,downmixed to mono,
tabla_000319.wav,ektal12.wav,tabla,Tabla,Tabla\ektal12.wav,44100,44100,2,1,9.95281179138322,9.95281179138322,438919,438919,.wav,1755720,839c28a5da0d3ef36f0222c0276544f4a28bc261455f39c9497de60f2db8d4b8,d5859efb1006db463c7736660d99fccc55620a753233a7543343d981e909a65b,0.0740710198879242,NORMAL,STANDARDIZED,,downmixed to mono,
tabla_000320.wav,ektal13.wav,tabla,Tabla,Tabla\ektal13.wav,44100,44100,2,1,8.30734693877551,8.30734693877551,366354,366354,.wav,1465460,cebbdcd91fcf40bab2c378ea1491d3e5c31e6b869a93218ff178644edf6d9b8b,090ef3da0f2157aba55eb1ac4aa21363fc29c64997419af9c2b95f44186209b1,0.0718679130077362,NORMAL,STANDARDIZED,,downmixed to mono,
tabla_000321.wav,ektal14.wav,tabla,Tabla,Tabla\ektal14.wav,44100,44100,2,1,8.185034013605442,8.185034013605442,360960,360960,.wav,1443884,0fe425f87685f50b2ddc55435e0b51ab06dc629106c5981600d1f35ca2243427,3ea013557821b40c0ef44d14f9a4a22846b49b4aa8e7a7854b21e5f20e3dc73b,0.06975581496953964,NORMAL,STANDARDIZED,,downmixed to mono,
tabla_000322.wav,ektal15.wav,tabla,Tabla,Tabla\ektal15.wav,44100,44100,2,1,8.219092970521542,8.219092970521542,362462,362462,.wav,1449892,ece05061538789132b82d12ede6b108a54fc52f0b26c0ccb9e762417eab61128,aeee8cb0659ffe6878592fc01c472eaeaf8afa05d4a59edd42a21d24577d6c82,0.06993386894464493,NORMAL,STANDARDIZED,,downmixed to mono,
tabla_000323.wav,ektal16.wav,tabla,Tabla,Tabla\ektal16.wav,44100,44100,2,1,8.188548752834468,8.188548752834468,361115,361115,.wav,1444504,fd8e67c115205f390ec7eebd35ba13269784dad9ef2daf5d62142dda42643191,73ac3ecf1dcffbf49ccc5795d83dd193e213af1e666d6d846db17338645c1f89,0.06843189895153046,NORMAL,STANDARDIZED,,downmixed to mono,
tabla_000324.wav,ektal17.wav,tabla,Tabla,Tabla\ektal17.wav,44100,44100,2,1,8.213514739229025,8.213514739229025,362216,362216,.wav,1448908,35401c66de14c1337b96fbec0ee4332455904994bb09c257a0caf8cb97a21ca4,d18fed31f93580bc96f50b0f83a35b73ac121669856627b7a5987d01ee5eb203,0.06668274849653244,NORMAL,STANDARDIZED,,downmixed to mono,
tabla_000325.wav,ektal18.wav,tabla,Tabla,Tabla\ektal18.wav,44100,44100,2,1,8.17342403628118,8.17342403628118,360448,360448,.wav,1441836,9ec68407802de00686034700563658c92cadea568559d26032af82932c001149,86e2db6f037e1293b0de3ed086d1e2214f2e3ad7a22466f6cfa26e889608bb69,0.06586644053459167,NORMAL,STANDARDIZED,,downmixed to mono,
tabla_000326.wav,ektal19.wav,tabla,Tabla,Tabla\ektal19.wav,44100,44100,2,1,8.243083900226758,8.243083900226758,363520,363520,.wav,1454124,d66e42693382c7c0568ec2bc6bab8b24fc9ae2c5bbfddeeee89316f7c0133a55,3f60cb54e29c65444513c240548e10501afa9c0ee15d9af673df46fe3cbbea84,0.06414331495761871,NORMAL,STANDARDIZED,,downmixed to mono,
tabla_000327.wav,ektal20.wav,tabla,Tabla,Tabla\ektal20.wav,44100,44100,2,1,8.205804988662132,8.205804988662132,361876,361876,.wav,1447548,c6da7f9441ac6e08975b4b0f83672b74bffab33a9c85a8575bc352360c1c7ce7,7bac96d222788103146af8fd3dfca02137f9e049621ba494607de4964d66247d,0.06259951740503311,NORMAL,STANDARDIZED,,downmixed to mono,
tabla_000328.wav,ektal21.wav,tabla,Tabla,Tabla\ektal21.wav,44100,44100,2,1,8.281201814058957,8.281201814058957,365201,365201,.wav,1460848,f6281626148777ad657116480665a52a06c4226f557b425d25f374dd5593a142,57fe6ebf5e09dde83996ae78b5a84867d3b1ec7490c77699eb6a40bf388be85b,0.07492965459823608,NORMAL,STANDARDIZED,,downmixed to mono,
tabla_000329.wav,ektal22.wav,tabla,Tabla,Tabla\ektal22.wav,44100,44100,2,1,8.233197278911565,8.233197278911565,363084,363084,.wav,1452380,524215680b68f32abfb0df74058791230ddff012f4f30b2217fef51739d5de37,3a67a22f88baac43240816e987a80197adf50741503b338c2aa4c409bbec8128,0.07246888428926468,NORMAL,STANDARDIZED,,downmixed to mono,
tabla_000330.wav,ektal23.wav,tabla,Tabla,Tabla\ektal23.wav,44100,44100,2,1,8.236848072562358,8.236848072562358,363245,363245,.wav,1453024,8250f62f4513f3fd4b13733793a04cbeb4cea8c4f5bad5fc7e875fe837701e1c,184678b6c5a5bbdb9d18df4d3fe24fb7346ade51ecd9ec500d62f1e1b0691ee0,0.07150094211101532,NORMAL,STANDARDIZED,,downmixed to mono,
tabla_000331.wav,ektal24.wav,tabla,Tabla,Tabla\ektal24.wav,44100,44100,2,1,8.208253968253969,8.208253968253969,361984,361984,.wav,1447980,b4a7ee4bcc1a8c3425c7937e48e5b263d98279d6c8dcf480d1768248b18ba902,3571bef7a3321f3354107de2eba58722f35f170518fefb8ed54ee1446a91a5c0,0.07021507620811462,NORMAL,STANDARDIZED,,downmixed to mono,
tabla_000332.wav,ektal25.wav,tabla,Tabla,Tabla\ektal25.wav,44100,44100,2,1,6.249863945578231,6.249863945578231,275619,275619,.wav,1102520,bdea7a039ec29fb7ebf8f56a3bed6280753dba1a54f90473e8e8b04f6fe3c22c,b1beb941a641d730075a031b5c2638ba1f25698fb2606e66c55ad1fb5c0571b3,0.08021610975265503,NORMAL,STANDARDIZED,,downmixed to mono,
tabla_000333.wav,ektal26.wav,tabla,Tabla,Tabla\ektal26.wav,44100,44100,2,1,6.222244897959183,6.222244897959183,274401,274401,.wav,1097648,073cb65009b98c503eedeea601020c1f5bf8c67883148b009749fe4d356c702a,2ddc5e24d68d8600dfd620b84802029f5b34a03ce97272ffa761d8c868f8f943,0.07935454696416855,NORMAL,STANDARDIZED,,downmixed to mono,
tabla_000334.wav,ektal27.wav,tabla,Tabla,Tabla\ektal27.wav,44100,44100,2,1,6.225215419501134,6.225215419501134,274532,274532,.wav,1098172,59f2aa3b5772794c2e7d2e3a5a99c482237eb6ac096c39ac8d137e096e64f407,7993b70f7b574eeda987103d5a27873147ec25603548268b48358da97d5a9178,0.07861020416021347,NORMAL,STANDARDIZED,,downmixed to mono,
tabla_000335.wav,ektal28.wav,tabla,Tabla,Tabla\ektal28.wav,44100,44100,2,1,6.220408163265306,6.220408163265306,274320,274320,.wav,1097324,b55b8d47a9bb9e5f01281c678d966d9605022efacccff8b4238efb4af0dba297,e22e5637bfde06b59b250edfbcb394e259186ee2a8bf8a450307e29997448528,0.07772771269083023,NORMAL,STANDARDIZED,,downmixed to mono,
tabla_000336.wav,ektal29.wav,tabla,Tabla,Tabla\ektal29.wav,44100,44100,2,1,6.191065759637188,6.191065759637188,273026,273026,.wav,1092148,74a62d34b79be138546add080b161a64fda8530325e3ae93519c4cc95c55768b,6a125e18f7568d1fca91aba2cdbbe7cb60e279a3d3e06f2aea498359558c1e42,0.07600867748260498,NORMAL,STANDARDIZED,,downmixed to mono,
tabla_000337.wav,ektal30.wav,tabla,Tabla,Tabla\ektal30.wav,44100,44100,2,1,6.2175736961451245,6.2175736961451245,274195,274195,.wav,1096824,13cfbe0350056d866ecc77188233630b08c10062b2e2b0fc9a3f530abfadc57e,55315bebe8510d3ba7efbb101a2fdbb26d055e146a75ce22f1d4f860a3968e45,0.0741940513253212,NORMAL,STANDARDIZED,,downmixed to mono,
tabla_000338.wav,ektal31.wav,tabla,Tabla,Tabla\ektal31.wav,44100,44100,2,1,6.22140589569161,6.22140589569161,274364,274364,.wav,1097500,ccbafa5513ac39b895111fbcd20a4df6ebc59ef7df0c30d782782e9c86a8bff9,8d238f15edc4a01dcfe3c25070d9c91f127aec59e255a55603fd9901257a9bc9,0.0722762793302536,NORMAL,STANDARDIZED,,downmixed to mono,
tabla_000339.wav,ektal32.wav,tabla,Tabla,Tabla\ektal32.wav,44100,44100,2,1,6.219795918367347,6.219795918367347,274293,274293,.wav,1097216,aa73c9739aee6a8cd64dbac985f6be2314fb0366c8ebc4be23cc24e30ed4f5e7,c8370a79650f2a114aa5bb4478cec1848d264f0ef97af8a680d04f7385b2b578,0.07199370115995407,NORMAL,STANDARDIZED,,downmixed to mono,
tabla_000340.wav,ektal33.wav,tabla,Tabla,Tabla\ektal33.wav,44100,44100,2,1,6.191814058956916,6.191814058956916,273059,273059,.wav,1092280,ac433371918389c4a5c9bb3a8c298f9b436c1bacc943dd0149080fa6183654d2,de9f60f777512f813892c1b1d58676c0bd30e9dc3f96dfbc7175efff364b60b0,0.08217465877532959,NORMAL,STANDARDIZED,,downmixed to mono,
tabla_000341.wav,ektal34.wav,tabla,Tabla,Tabla\ektal34.wav,44100,44100,2,1,6.222335600907029,6.222335600907029,274405,274405,.wav,1097664,b175650aea21e4c0f98f1e68a46356a3c111cf97171589b7cbfb34ecd23230fc,de74d7e358bce5dc22d0a7f6e2482eeefea1f0dffde72b2302c0332f85dba5c3,0.08168421685695648,NORMAL,STANDARDIZED,,downmixed to mono,
tabla_000342.wav,ektal35.wav,tabla,Tabla,Tabla\ektal35.wav,44100,44100,2,1,6.180226757369614,6.180226757369614,272548,272548,.wav,1090236,34b4552674e9d391fac09fea7ffcab421e20659516341f6b4768283ab48124ba,114c32f8237add652d0d2ba63f1295dd93c9e223f05615941ae9713fd9eb027e,0.08076416701078415,NORMAL,STANDARDIZED,,downmixed to mono,
tabla_000343.wav,ektal36.wav,tabla,Tabla,Tabla\ektal36.wav,44100,44100,2,1,6.192267573696145,6.192267573696145,273079,273079,.wav,1092360,5ece743ba7a64627721066c9097d4e2fca419cad5203ca27070a0903858f047c,dfda4c5e179737924fbb982c9011b53facc23660473ac45742cf4bac21bb682d,0.07923901081085205,NORMAL,STANDARDIZED,,downmixed to mono,
tabla_000344.wav,ektal37.wav,tabla,Tabla,Tabla\ektal37.wav,44100,44100,2,1,5.043718820861678,5.043718820861678,222428,222428,.wav,889756,0533bb0be44b07d6c24c48d289963a6c09746fcb325430c5bb95b67fb50ebb26,e9cd3cb916cebc2e6a0278ce8cfd2684c3ed9528099ebc719ae4ff8a66ef95b4,0.0866878405213356,NORMAL,STANDARDIZED,,downmixed to mono,
tabla_000345.wav,ektal38.wav,tabla,Tabla,Tabla\ektal38.wav,44100,44100,2,1,4.982834467120181,4.982834467120181,219743,219743,.wav,879016,a36cbe59aeebdabd3c941144569b2003922f9e567c0ce6c70d328e35a9b2d855,52687747161a552f6989d57f12bf1a4464cd92380f43a4d3f764764a52755871,0.0862225741147995,NORMAL,STANDARDIZED,,downmixed to mono,
tabla_000346.wav,ektal39.wav,tabla,Tabla,Tabla\ektal39.wav,44100,44100,2,1,4.990725623582766,4.990725623582766,220091,220091,.wav,880408,d6bd39a49d0186ff919642b2f75bd2df4fd1b8fda9db0a7fdc866a05c50a97dc,c8d5b5e1b868939117a524652b52c607ca56f746755ed2d116e7f981cea00f9e,0.0863916277885437,NORMAL,STANDARDIZED,,downmixed to mono,
tabla_000347.wav,ektal40.wav,tabla,Tabla,Tabla\ektal40.wav,44100,44100,2,1,4.95358276643991,4.95358276643991,218453,218453,.wav,873856,90f061e0e03b8beed93f1038399cdd7f4bd16700e82cf0ff122b73dd913ed093,fe9d34406e8a946a6e2900220a103f75bb86c465c54436353505a380ccd20ac1,0.08461132645606995,NORMAL,STANDARDIZED,,downmixed to mono,
tabla_000348.wav,ektal41.wav,tabla,Tabla,Tabla\ektal41.wav,44100,44100,2,1,4.980385487528345,4.980385487528345,219635,219635,.wav,878584,e8071d926a9e089277ed30dbf80954d9f53546513c19e92bb714afda5a6005fd,b88f2056f699f5fb1c749999b884465997d4374c823def9cf1a0e6ce592de252,0.08269143849611282,NORMAL,STANDARDIZED,,downmixed to mono,
tabla_000349.wav,ektal42.wav,tabla,Tabla,Tabla\ektal42.wav,44100,44100,2,1,4.924648526077098,4.924648526077098,217177,217177,.wav,868752,e971cec8630141d09738eab2478cb69b58321c9471df48a92ea83eee1ac002b5,73c7219d24d96f6a5f0c76a642e9c6792be5a7c7980851ac0dd6f7a2919a29c2,0.08181536942720413,NORMAL,STANDARDIZED,,downmixed to mono,
tabla_000350.wav,ektal43.wav,tabla,Tabla,Tabla\ektal43.wav,44100,44100,2,1,4.923786848072562,4.923786848072562,217139,217139,.wav,868600,bcea5400d28c4ec1de217425f81e92c151d0ac2a3f42e73830d5b1c5a5b431c9,21819c30fcaccdba7d003433aaa22522b90110717cc341195600224794c0b97e,0.07949821650981903,NORMAL,STANDARDIZED,,downmixed to mono,
tabla_000351.wav,ektal44.wav,tabla,Tabla,Tabla\ektal44.wav,44100,44100,2,1,4.921632653061224,4.921632653061224,217044,217044,.wav,868220,8934f035ae6827a5d6ac1913f8357953c9e25eaefa0246d1d0350f17ac95cdc4,938f7005829690acf5fb097948ded4c16097872f16bf18db6b84fbf2dd42e1e8,0.07890112698078156,NORMAL,STANDARDIZED,,downmixed to mono,
tabla_000352.wav,ektal45.wav,tabla,Tabla,Tabla\ektal45.wav,44100,44100,2,1,5.0141496598639455,5.0141496598639455,221124,221124,.wav,884540,989029420df2ac0d038d9c041d07fad111990a940e616e952135b37ebb3e1b20,613ccea1b39788c0d842c76dc26bf546f87c25ad1641c408b430b0d2c73bfe36,0.08751560002565384,NORMAL,STANDARDIZED,,downmixed to mono,
tabla_000353.wav,ektal46.wav,tabla,Tabla,Tabla\ektal46.wav,44100,44100,2,1,4.918344671201814,4.918344671201814,216899,216899,.wav,867640,44ea9b4df4bdc95890d0cda8c0a26d37715aba58d4be67f3ab8bec18722e83a9,388f4fbc32780852c3a16d14b7719258f88828d22ddb654de21a21ead347b2c3,0.08739197999238968,NORMAL,STANDARDIZED,,downmixed to mono,
tabla_000354.wav,ektal47.wav,tabla,Tabla,Tabla\ektal47.wav,44100,44100,2,1,4.95671201814059,4.95671201814059,218591,218591,.wav,874408,130fe9b04a38d53c244692870b5ba831f986deb1addfad6aeca57d0c2489a023,957ddc6d7c58103190c7db8d473d4ba84288ac927da5e10ea7a4541543b57078,0.08632474392652512,NORMAL,STANDARDIZED,,downmixed to mono,
tabla_000355.wav,ektal48.wav,tabla,Tabla,Tabla\ektal48.wav,44100,44100,2,1,4.9537414965986395,4.9537414965986395,218460,218460,.wav,873884,70387ff72d02ae9e648713e40d704d0a6fff6828ee69fe841a38d66376b6deac,ce468b5112b2e49b4ffef6f18297d09c73788a9be7d12f726d51fe53ed6d9457,0.08521796017885208,NORMAL,STANDARDIZED,,downmixed to mono,
tabla_000356.wav,ektal49.wav,tabla,Tabla,Tabla\ektal49.wav,44100,44100,2,1,3.077891156462585,3.077891156462585,135735,135735,.wav,542984,2e3178f35eacb9c045bcf776bd8e486c59e6cfdd0f3db891f0a40ca70ce0f2d8,90a06b84e3c8ace06fc701fe44a36731b5309178a2016f361ddf14d83bf87a09,0.10676904767751694,NORMAL,STANDARDIZED,,downmixed to mono,
tabla_000357.wav,ektal50.wav,tabla,Tabla,Tabla\ektal50.wav,44100,44100,2,1,3.075873015873016,3.075873015873016,135646,135646,.wav,542628,c780551c6270e34b212c600f1b68530e9cb3f47c40de3ba1b3ef9b2e58c4cd94,1e9d306759b9b7c350bb7a967ac45911f091b810d702a6e4d575079b03b8ac02,0.10560175031423569,NORMAL,STANDARDIZED,,downmixed to mono,
tabla_000358.wav,ektal51.wav,tabla,Tabla,Tabla\ektal51.wav,44100,44100,2,1,3.109909297052154,3.109909297052154,137147,137147,.wav,548632,8fb5b146fba4213b56b35fdb3df9db8b0da989e75fe4c738a761a6cac4f4c00e,2ce14549b54ffb3cc4171059cdcd7e892ee2fed1fcef01c9cda4ba41a611658b,0.1059996634721756,NORMAL,STANDARDIZED,,downmixed to mono,
tabla_000359.wav,ektal52.wav,tabla,Tabla,Tabla\ektal52.wav,44100,44100,2,1,3.0998639455782313,3.0998639455782313,136704,136704,.wav,546860,4d2b1dd7c5d32da3e84e370655f78d723821827de60c14ba7b0ce5624a4daf1b,eb39125519d108540b3b20eeab9fbde8e13ffc2bfdf0e0cc8bc5c9bf338fa906,0.10390856117010117,NORMAL,STANDARDIZED,,downmixed to mono,
tabla_000360.wav,ektal53.wav,tabla,Tabla,Tabla\ektal53.wav,44100,44100,2,1,3.048027210884354,3.048027210884354,134418,134418,.wav,537716,c0ada77419a8b3988276f551c35d36d11112ecae017b6d6fee0b29818f901dcf,ea0481ccae6c46b6823cb7e98c107ead9a4423cc157382597b2df9fc63c58319,0.10158350318670273,NORMAL,STANDARDIZED,,downmixed to mono,
tabla_000361.wav,ektal54.wav,tabla,Tabla,Tabla\ektal54.wav,44100,44100,2,1,3.077437641723356,3.077437641723356,135715,135715,.wav,542904,d29913695c123b882dcaa9ea59b78f25714ee224c191738774b2d06dd14c1bfa,7b22a20cadedcf72182ec12d751488781efb405214d05eb436c2b2e0baa0d252,0.10114732384681702,NORMAL,STANDARDIZED,,downmixed to mono,
tabla_000362.wav,ektal55.wav,tabla,Tabla,Tabla\ektal55.wav,44100,44100,2,1,3.049886621315193,3.049886621315193,134500,134500,.wav,538044,a388ae893879c269784cbc47c9f491d0df3a2ca8cd7fc5ea57ca8effe17969c1,b6bed6c17e65b39e2db141bb1134dc8388703b89613ef190903f3601b6277412,0.09704022109508514,NORMAL,STANDARDIZED,,downmixed to mono,
tabla_000363.wav,ektal56.wav,tabla,Tabla,Tabla\ektal56.wav,44100,44100,2,1,3.0189795918367346,3.0189795918367346,133137,133137,.wav,532592,bccd5dae1a9633afaaf179a9e653f582134c8e0408c91ec76ab2fcca9670d21a,a675ef04ea0da62d32e2f0320b82ba65f21af2e08d3726e988c059db1fd0a48d,0.09759843349456787,NORMAL,STANDARDIZED,,downmixed to mono,
tabla_000364.wav,ektal57.wav,tabla,Tabla,Tabla\ektal57.wav,44100,44100,2,1,3.0782539682539682,3.0782539682539682,135751,135751,.wav,543048,3895cdfdbd0456b628598070345b8beed8bcc14c8b5d9db1e0384fbd47764dcc,4784267d60e327d94e0d5e052a4f8a10b553a0e8e77dc60b4abc8ba2ea65cbf4,0.10782837122678757,NORMAL,STANDARDIZED,,downmixed to mono,
tabla_000365.wav,ektal58.wav,tabla,Tabla,Tabla\ektal58.wav,44100,44100,2,1,3.111337868480726,3.111337868480726,137210,137210,.wav,548884,34a4405a563011a5a126db0dd35f2296ebca063e7ed84135dd63f0aa0a21dcd4,64ddaed15e0b4b3249c15b38620056f93e3cbe184ad56ba7507fff98a0d3fcd9,0.1075444146990776,NORMAL,STANDARDIZED,,downmixed to mono,
tabla_000366.wav,ektal59.wav,tabla,Tabla,Tabla\ektal59.wav,44100,44100,2,1,3.0800680272108845,3.0800680272108845,135831,135831,.wav,543368,07c2e0e018b74cba64ee37aaf2c8c69b55cb4f0043d7cd39202a78cfaef33ef4,2122b6bb51cf6a2675a4f7d4e1fb5b1ac7a67fa26634f1c5e206bd5289c1067a,0.10761401057243347,NORMAL,STANDARDIZED,,downmixed to mono,
tabla_000367.wav,ektal60.wav,tabla,Tabla,Tabla\ektal60.wav,44100,44100,2,1,3.1072108843537416,3.1072108843537416,137028,137028,.wav,548156,729fd66a420256d2e8d59f6a169f65bd95704bdf44d57bf491dc7495ced1253f,ebf9ac9d16419e77b7828c3ad6e94bdbeeef936db89337ea893898ba9c4ad435,0.10697412490844727,NORMAL,STANDARDIZED,,downmixed to mono,
tabla_000368.wav,eri-ali_PK.wav,tabla,Tabla,Tabla\eri-ali_PK.wav,16000,44100,1,1,211.9129375,211.91294784580498,3390607,9345361,.wav,6781258,793cdd5808c2eeb82a78a6e470fe4a7fde599b1bb6178499070464c3b5e17fac,aaf30286bea911686ada8f044c45bc91670632852e383f115aa685e11c9800f0,0.07618692517280579,NORMAL,STANDARDIZED,,resampled from 16000 to 44100,
tabla_000369.wav,jhaptal01.wav,tabla,Tabla,Tabla\jhaptal01.wav,44100,44100,2,1,8.284693877551021,8.284693877551021,365355,365355,.wav,1461464,0fb20987f7680db2637b21a118b99b2eeb352700a84c63d40d046e6f43a8f609,c6bbe48cab44690f726c755049e288c0b71a365506ebd74160a52acda7b0d619,0.05822227895259857,NORMAL,STANDARDIZED,,downmixed to mono,
tabla_000370.wav,jhaptal02.wav,tabla,Tabla,Tabla\jhaptal02.wav,44100,44100,2,1,8.269183673469387,8.269183673469387,364671,364671,.wav,1458728,1315a4fa6d8289985021bf7ba282da3f2087896958309a21584bf79aee3b47dd,672805c516e56f7cdef96c1697028642c2f677931e0799ef9cebf6a3521f01f0,0.05838524177670479,NORMAL,STANDARDIZED,,downmixed to mono,
tabla_000371.wav,jhaptal03.wav,tabla,Tabla,Tabla\jhaptal03.wav,44100,44100,2,1,8.290997732426304,8.290997732426304,365633,365633,.wav,1462576,0a3dc130155ea094f503006b1570efcaa41723d5acaf6895b2c16075e1cfb880,d15a77ad10ed2a48052853e43efe3cd6766f19094a81838e89a327a144ae5c9e,0.056190721690654755,NORMAL,STANDARDIZED,,downmixed to mono,
tabla_000372.wav,jhaptal04.wav,tabla,Tabla,Tabla\jhaptal04.wav,44100,44100,2,1,8.27485260770975,8.27485260770975,364921,364921,.wav,1459728,82e61d19eaf5b1ad5ed5c49878a457cdfc5960027eac964305a97ec11023c432,ce88fd3e694aba717c343cae42e8143db7d85c8df3f81354d1021cf36f1d73a2,0.05590101331472397,NORMAL,STANDARDIZED,,downmixed to mono,
tabla_000373.wav,jhaptal05.wav,tabla,Tabla,Tabla\jhaptal05.wav,44100,44100,2,1,8.312743764172335,8.312743764172335,366592,366592,.wav,1466412,358a2aa232d80b6049a8f26e9144865e9b634a26968d6738842c3d900db4251d,652a10643aeb2dccbd4c269e00eb84103b01950e3d99dafe35e72cd60b4e7fd0,0.055672746151685715,NORMAL,STANDARDIZED,,downmixed to mono,
tabla_000374.wav,jhaptal06.wav,tabla,Tabla,Tabla\jhaptal06.wav,44100,44100,2,1,8.262879818594104,8.262879818594104,364393,364393,.wav,1457616,08b8c39892608d0a7ea48ae676fe85a552e8b6c5a970b856bd6d4e8e0c9e6c50,c40f037e3cd5d858cd30c9eb2f9ae1991ede31b3e6a37d37bebcada902658c93,0.05308665707707405,NORMAL,STANDARDIZED,,downmixed to mono,
tabla_000375.wav,jhaptal07.wav,tabla,Tabla,Tabla\jhaptal07.wav,44100,44100,2,1,8.312743764172335,8.312743764172335,366592,366592,.wav,1466412,102bd67e469fd2c541c8be0eb09acd3730d49f2369ff9b2dfcbe6eb8dddb2c2e,20fbad59e1b74fad9aa6016d6cf0710a0e0f744d6741c1e6c0b6204385cb6f17,0.049794845283031464,NORMAL,STANDARDIZED,,downmixed to mono,
tabla_000376.wav,jhaptal08.wav,tabla,Tabla,Tabla\jhaptal08.wav,44100,44100,2,1,8.301111111111112,8.301111111111112,366079,366079,.wav,1464360,ae525965fce403766211f3251caa2953ce2c4d27d67ed0266ac5d84a12bada3a,5dd5bebdfbf49838dbc1aa05a18ce98e91026b0f84f47088c8c71a821511235a,0.05019392445683479,NORMAL,STANDARDIZED,,downmixed to mono,
tabla_000377.wav,jhaptal09.wav,tabla,Tabla,Tabla\jhaptal09.wav,44100,44100,2,1,8.332176870748299,8.332176870748299,367449,367449,.wav,1469840,ff7cebc0a28f83194fc75792a4e9f0e8466512eefdc6381d2321e8230888a0b5,90793fce59432199374412e75f3476483417dec7c23ba1524c62ddd2cdd5cfb9,0.062346458435058594,NORMAL,STANDARDIZED,,downmixed to mono,
tabla_000378.wav,jhaptal10.wav,tabla,Tabla,Tabla\jhaptal10.wav,44100,44100,2,1,8.295215419501133,8.295215419501133,365819,365819,.wav,1463320,2f0f7a1f9147c46ffafdb8375b2f878a74eb3dca1b5632de8631401a841e8223,2d18411327e59cae46e64edc2bb3e5cbde2523971ddadf005d074b2575be12ab,0.062299471348524094,NORMAL,STANDARDIZED,,downmixed to mono,
tabla_000379.wav,jhaptal11.wav,tabla,Tabla,Tabla\jhaptal11.wav,44100,44100,2,1,8.27485260770975,8.27485260770975,364921,364921,.wav,1459728,279c7e75a45f75b5c72477cfe600e6ba3abbd6155b79353b5d565347e9b16166,c9f615d54f808e340d2d3a5083acdbf31d1398e53eb90d31f6a1da71691aa917,0.060333192348480225,NORMAL,STANDARDIZED,,downmixed to mono,
tabla_000380.wav,jhaptal12.wav,tabla,Tabla,Tabla\jhaptal12.wav,44100,44100,2,1,8.335963718820862,8.335963718820862,367616,367616,.wav,1470508,f931a264e320ff760f28cd2e0b88a2d599ab802ba934c7ffaad80b918f9d1e41,2dd616737c0e50e85406b322ecde22ae300140ade430967c2b4ddd4a6c0e3890,0.05769624561071396,NORMAL,STANDARDIZED,,downmixed to mono,
tabla_000381.wav,jhaptal13.wav,tabla,Tabla,Tabla\jhaptal13.wav,44100,44100,2,1,6.789863945578231,6.789863945578231,299433,299433,.wav,1197776,0853bf30b5b2bf962dcf9ad400110b76d8cdc51836ac2ba8c324531dc40c4837,cf4730ffc313d7defda655d3f3f437b043573f82323f134dbdfe542bb3a2305b,0.06574981659650803,NORMAL,STANDARDIZED,,downmixed to mono,
tabla_000382.wav,jhaptal14.wav,tabla,Tabla,Tabla\jhaptal14.wav,44100,44100,2,1,6.849886621315193,6.849886621315193,302080,302080,.wav,1208364,a86d30504289163e1cd6626b5073edd4dcbd033cb9fb91d27f564af6596e2000,f6f4c074869777f17337534a91bf30a22a2a9973092755932b284d0ac2931f1f,0.06510473042726517,NORMAL,STANDARDIZED,,downmixed to mono,
tabla_000383.wav,jhaptal15.wav,tabla,Tabla,Tabla\jhaptal15.wav,44100,44100,2,1,6.85031746031746,6.85031746031746,302099,302099,.wav,1208440,4f424a1140fd9fe204a797514f9b769cafea62d527b8163530eb6bbfd96c60bf,bb10ef2d955b4662c87f658bc3b648b1ef1236c3be195d451a5c6d86c448a18c,0.06552796065807343,NORMAL,STANDARDIZED,,downmixed to mono,
tabla_000384.wav,jhaptal16.wav,tabla,Tabla,Tabla\jhaptal16.wav,44100,44100,2,1,6.808412698412698,6.808412698412698,300251,300251,.wav,1201048,d01b57bc06d2cd27b586d4b46b989b713674f25181a5c9b4ccba36cf0648a916,bd8a78e1d733b429b8e80dfebd7c70ff0e366f6fa1040cb22e4e2f734864874e,0.06641513854265213,NORMAL,STANDARDIZED,,downmixed to mono,
tabla_000385.wav,jhaptal17.wav,tabla,Tabla,Tabla\jhaptal17.wav,44100,44100,2,1,6.827460317460318,6.827460317460318,301091,301091,.wav,1204408,bb112ea12d28ca56aca17afd28a3f1f94b58815575d5ef3717121b2c5cdc87ad,24d610d665558e6bfa8b3e8cfc4fb6a8bcc20ef792f2d4d8ca301f218857b09f,0.06448972225189209,NORMAL,STANDARDIZED,,downmixed to mono,
tabla_000386.wav,jhaptal18.wav,tabla,Tabla,Tabla\jhaptal18.wav,44100,44100,2,1,6.81827664399093,6.81827664399093,300686,300686,.wav,1202788,593f0e5ad188e64ca9ac20f3e0bc022d942937021ea7dc9696fc67b7e69185c9,505cf712fb4d00bf086b452bf9026279108a0fbb35b8ffa8d0e2a23c05dd067e,0.06271623820066452,NORMAL,STANDARDIZED,,downmixed to mono,
tabla_000387.wav,jhaptal19.wav,tabla,Tabla,Tabla\jhaptal19.wav,44100,44100,2,1,6.8185714285714285,6.8185714285714285,300699,300699,.wav,1202840,7d04c8276f07e82155e060f2da170ad137dcf84656b03c1a33094192ff24f1e5,f400a21d77c36047bbd0f1c1b50fc346f3798cdd3775632bcc6a2ab0a3fee8d6,0.06081455200910568,NORMAL,STANDARDIZED,,downmixed to mono,
tabla_000388.wav,jhaptal20.wav,tabla,Tabla,Tabla\jhaptal20.wav,44100,44100,2,1,6.888072562358277,6.888072562358277,303764,303764,.wav,1215100,c8dd8a208b330022daf5ab4e249822cdb8d1e5dcdff0ef34617f7e81c8868b66,723e04a72eb524368e4835dcd7c1536a69b7922cee9394916c22e8647621971a,0.06108585372567177,NORMAL,STANDARDIZED,,downmixed to mono,
tabla_000389.wav,jhaptal21.wav,tabla,Tabla,Tabla\jhaptal21.wav,44100,44100,2,1,6.821337868480725,6.821337868480725,300821,300821,.wav,1203328,7ca76c744b9e83141cc80875681618758e7cc313a3e27f07087abc5e014c0300,f4ce0e23657ee1fd94fb2b44dbdc77fadf6bf6965961471e4558e35ebb7d3a3f,0.06923510879278183,NORMAL,STANDARDIZED,,downmixed to mono,
tabla_000390.wav,jhaptal22.wav,tabla,Tabla,Tabla\jhaptal22.wav,44100,44100,2,1,6.797936507936508,6.797936507936508,299789,299789,.wav,1199200,598617a0039a3e7e1ca725a12ded88c435d578a0f185ffcb6acecaf644081f55,1fce185dba5c83d557bb2f0a7f85bfd35a33d07ed842dbc09c999f6e1156912e,0.06912293285131454,NORMAL,STANDARDIZED,,downmixed to mono,
tabla_000391.wav,jhaptal23.wav,tabla,Tabla,Tabla\jhaptal23.wav,44100,44100,2,1,6.857120181405896,6.857120181405896,302399,302399,.wav,1209640,678f3cd75f65d05896ac5714fc6f8d04baa4447f8f1a29acb1fce7bc53eaafd6,e519ea883f36662fa2ab3c60d42957dabf10a4bf079c846d28ebf52c72669525,0.06889339536428452,NORMAL,STANDARDIZED,,downmixed to mono,
tabla_000392.wav,jhaptal24.wav,tabla,Tabla,Tabla\jhaptal24.wav,44100,44100,2,1,6.793083900226757,6.793083900226757,299575,299575,.wav,1198344,449559e791dfe94ad1261a343c12a2bba6a2f0e7624d485e0764c2c580e0f250,2e1a0dad7bc662f7baf9db79fdd3b26ff999e3667f31a4fe66fc6070fee82b9a,0.06757760792970657,NORMAL,STANDARDIZED,,downmixed to mono,
tabla_000393.wav,jhaptal25.wav,tabla,Tabla,Tabla\jhaptal25.wav,44100,44100,2,1,5.229863945578232,5.229863945578232,230637,230637,.wav,922592,39306ad00226c667e536386643ba00d1392b2bd1a6ec53a03f9757c7a3224963,b4f94ce642b48145646bbe5e1b223f8fb2488e4559cdc2bb852732feaa13db6a,0.07502243667840958,NORMAL,STANDARDIZED,,downmixed to mono,
tabla_000394.wav,jhaptal26.wav,tabla,Tabla,Tabla\jhaptal26.wav,44100,44100,2,1,5.213741496598639,5.213741496598639,229926,229926,.wav,919748,2eb443eb8a3e4b3a7f300e753e265a1db8d80b60fbe21773ae86c2e946d8051d,942bb2a534af58707b5bf2ceb88ed54e1ccfa7db7f1a5abbae04290d4732c373,0.07602362334728241,NORMAL,STANDARDIZED,,downmixed to mono,
tabla_000395.wav,jhaptal27.wav,tabla,Tabla,Tabla\jhaptal27.wav,44100,44100,2,1,5.186575963718821,5.186575963718821,228728,228728,.wav,914956,4645be17fdd7aa25b2ccfbf745fa0d55cc6bf47966957fb6b20c5c0c1f7a9838,c5e06d93e9037ed523575e9c8d87903f34f2b2617670f5eb662394c43b9322ca,0.07512946426868439,NORMAL,STANDARDIZED,,downmixed to mono,
tabla_000396.wav,jhaptal28.wav,tabla,Tabla,Tabla\jhaptal28.wav,44100,44100,2,1,5.194263038548753,5.194263038548753,229067,229067,.wav,916312,dd4d2d36db2e63c1f13c42e2fc0f19994bf99772285de7804235ae871fd534e9,1590e571d3086c48b85231154893f34c09dd1c8ef3ef2fe7944cb9837d9187b2,0.07584962993860245,NORMAL,STANDARDIZED,,downmixed to mono,
tabla_000397.wav,jhaptal29.wav,tabla,Tabla,Tabla\jhaptal29.wav,44100,44100,2,1,5.2118820861678,5.2118820861678,229844,229844,.wav,919420,b2c30bf6ce29ade6a4d6a510c10e15ccfe8ab728be22274e337e5d08a9fc5a7d,d0c3f40032c04ad77689eff34d1d47292d7f0aa9d126a04ddc238d87370e8635,0.07537712156772614,NORMAL,STANDARDIZED,,downmixed to mono,
tabla_000398.wav,jhaptal30.wav,tabla,Tabla,Tabla\jhaptal30.wav,44100,44100,2,1,5.191156462585034,5.191156462585034,228930,228930,.wav,915764,c2b1e2642911531788d7eb6bde8d818a7eb3414e8fcf4cbfb05893fb69d4d11a,86ff10b99a73c9e5b9432cad687b223fe9adf97f87db558ca33b76d06890e0a8,0.07104548066854477,NORMAL,STANDARDIZED,,downmixed to mono,
tabla_000399.wav,jhaptal31.wav,tabla,Tabla,Tabla\jhaptal31.wav,44100,44100,2,1,5.2128798185941045,5.2128798185941045,229888,229888,.wav,919596,bacd269333955378b4344238158611c826c746b2fadf36b503ce4c247fd64efc,fbd73f4a8b7088e6664a7b86aee5b845afb8a99c844970310cc20bef0ae57019,0.06937074661254883,NORMAL,STANDARDIZED,,downmixed to mono,
tabla_000400.wav,jhaptal32.wav,tabla,Tabla,Tabla\jhaptal32.wav,44100,44100,2,1,5.1165079365079364,5.1165079365079364,225638,225638,.wav,902596,5cb88d4a0ece57474a60354013d97f82e093bb852c05b817a114c54a44f28bac,28815c373dfc9d2d59e873d4cfc052afa27ac09b711d150a4a41087d340c991a,0.07011628895998001,NORMAL,STANDARDIZED,,downmixed to mono,
tabla_000401.wav,jhaptal33.wav,tabla,Tabla,Tabla\jhaptal33.wav,44100,44100,2,1,5.196598639455782,5.196598639455782,229170,229170,.wav,916724,da32031b7a9fb010baaae29fcc922afd820d6ede0f50aa6cb3b48b8452ca18b6,e71d07d461749a390e37849fdcbcedad33edf3c757c0849e35c8ad918f8624f3,0.07892388850450516,NORMAL,STANDARDIZED,,downmixed to mono,
tabla_000402.wav,jhaptal34.wav,tabla,Tabla,Tabla\jhaptal34.wav,44100,44100,2,1,5.1873469387755105,5.1873469387755105,228762,228762,.wav,915092,446f560af771a47b79c2db534977533a69c369e6439b04d6b54ae954036a6000,e322d3054904393649da847e140fb6a44567f3db19ae389b5409c840e2ce9536,0.07798922061920166,NORMAL,STANDARDIZED,,downmixed to mono,
tabla_000403.wav,jhaptal35.wav,tabla,Tabla,Tabla\jhaptal35.wav,44100,44100,2,1,5.127097505668934,5.127097505668934,226105,226105,.wav,904464,7c1cbc12e41c74dfeae73b4f65fb92c931a604b8feced2871a44c9fe165e7ca8,7bc24191f0391b7b0f97c53c722af6a407de085b80ae02bf44efc58470b972ac,0.0783192366361618,NORMAL,STANDARDIZED,,downmixed to mono,
tabla_000404.wav,jhaptal36.wav,tabla,Tabla,Tabla\jhaptal36.wav,44100,44100,2,1,5.1912698412698415,5.1912698412698415,228935,228935,.wav,915784,ec123bb2f18b8cff73c038da8cdc50409110115f705a9f23751948c9ec0635d5,396c0a120c4a28b29575ef4a683cd491d1c1d58b65678d999b5bc285bf97f365,0.07721641659736633,NORMAL,STANDARDIZED,,downmixed to mono,
tabla_000405.wav,jhaptal37.wav,tabla,Tabla,Tabla\jhaptal37.wav,44100,44100,2,1,4.182539682539683,4.182539682539683,184450,184450,.wav,737844,543e4189b019e408e6f7310496c536c876574b580829eebedc43c9d5eb03d5bc,31692b8de87a8861a04dee2852e90234b7cc4e851281629cdfafb8e4c8632cba,0.08352787792682648,NORMAL,STANDARDIZED,,downmixed to mono,
tabla_000406.wav,jhaptal38.wav,tabla,Tabla,Tabla\jhaptal38.wav,44100,44100,2,1,4.187097505668934,4.187097505668934,184651,184651,.wav,738648,c349e7a58fd4d375e2cdb8e5993f0e7a44c833af4a18036cd988b96bb155a0fb,b979bd42e9a3920f195033f84477b68c1ee508b15128bc53c414cca2359adb3f,0.08256067335605621,NORMAL,STANDARDIZED,,downmixed to mono,
tabla_000407.wav,jhaptal39.wav,tabla,Tabla,Tabla\jhaptal39.wav,44100,44100,2,1,4.253560090702948,4.253560090702948,187582,187582,.wav,750372,ca3646adb52f7d4e76e427fb59838199b46fdbc2885e9b18ecb2af26bd34e93e,6cd8f11eb4e4ba19c287a98b96bd2228ece44d82826c8634cb85c5a3f139de33,0.08300638198852539,NORMAL,STANDARDIZED,,downmixed to mono,
tabla_000408.wav,jhaptal40.wav,tabla,Tabla,Tabla\jhaptal40.wav,44100,44100,2,1,4.18984126984127,4.18984126984127,184772,184772,.wav,739132,3f92d435afad8ebe61a6d3782a8a0925571c6b092c9adb97604cbaabc9859693,1d05116598c7f0d963aeb8cf8ef1069bac2f96bc9d5ff7295dac26144459a43c,0.0830182209610939,NORMAL,STANDARDIZED,,downmixed to mono,
tabla_000409.wav,jhaptal41.wav,tabla,Tabla,Tabla\jhaptal41.wav,44100,44100,2,1,4.206848072562359,4.206848072562359,185522,185522,.wav,742132,a79d44d4e6c37ad9b6da273abdb088569e2770e2de797c67c1a5a175fc40875e,ed0b7f1a3650ec3eb3f8af337f8769bdc271b2ac13e83b636b96b13834a22cf7,0.08043279498815536,NORMAL,STANDARDIZED,,downmixed to mono,
tabla_000410.wav,jhaptal42.wav,tabla,Tabla,Tabla\jhaptal42.wav,44100,44100,2,1,4.215827664399093,4.215827664399093,185918,185918,.wav,743716,034d0431512cfbd2633c1329034d48418b1481b157bf7b0a36a65bf8a0d07cba,18c2f1e41e8d821db02b06832336cbb93dd3908bd5e1d128917c82026efa5307,0.07948148250579834,NORMAL,STANDARDIZED,,downmixed to mono,
tabla_000411.wav,jhaptal43.wav,tabla,Tabla,Tabla\jhaptal43.wav,44100,44100,2,1,4.185736961451247,4.185736961451247,184591,184591,.wav,738408,c0e6786cbd9a4af5643f95521fbf69ea99b251fc498f3629d05bec9bfb4b4a98,31dd2613a0f0489d70a9f988fac4c3f6d884a0254ff74bcef3ad21faf3370de0,0.07527876645326614,NORMAL,STANDARDIZED,,downmixed to mono,
tabla_000412.wav,jhaptal44.wav,tabla,Tabla,Tabla\jhaptal44.wav,44100,44100,2,1,4.196916099773243,4.196916099773243,185084,185084,.wav,740380,86de16eb1471feca9ad8ca727330481f53b1fb2ff3c76cfede9004b93a8f02b3,1f0e848b4da7b492d9bc2e3b84b3529cf751ad84eea2fb1a2a160db824d0eb77,0.0754907950758934,NORMAL,STANDARDIZED,,downmixed to mono,
tabla_000413.wav,jhaptal45.wav,tabla,Tabla,Tabla\jhaptal45.wav,44100,44100,2,1,4.257687074829932,4.257687074829932,187764,187764,.wav,751100,3145ec9a03a49b45070d03b6e4a0b231e2cc7f8b0b7317978be898527c9218c9,ca217dc1e3067e7773e018b9c08e02756bcb6ca74e775e42d756a7ba01d633f9,0.08851892501115799,NORMAL,STANDARDIZED,,downmixed to mono,
tabla_000414.wav,jhaptal46.wav,tabla,Tabla,Tabla\jhaptal46.wav,44100,44100,2,1,4.219614512471655,4.219614512471655,186085,186085,.wav,744384,5f01ec30db91bcfc06067d6184a153e2e305e94c60626f383519fa6fd04471a9,0ab08f62f00692f9d584409ba5b06b56c9b0614119bd3a9b3c2c4bb454b01f02,0.08532795310020447,NORMAL,STANDARDIZED,,downmixed to mono,
tabla_000415.wav,jhaptal47.wav,tabla,Tabla,Tabla\jhaptal47.wav,44100,44100,2,1,4.1092743764172335,4.1092743764172335,181219,181219,.wav,724920,a125e58842a7d63cc7dbdfc82ccdeb6fd02a61a9a2a370d4f11be683a0b0a916,aad05a35e7b8ce74b4b859021ed3bb2108038cd9b3d23c3ec9482ca3a9831c7d,0.08576196432113647,NORMAL,STANDARDIZED,,downmixed to mono,
tabla_000416.wav,jhaptal48.wav,tabla,Tabla,Tabla\jhaptal48.wav,44100,44100,2,1,4.167142857142857,4.167142857142857,183771,183771,.wav,735128,9226a6cc3509ba96876bca0d6a00baf747770481935c3160b757544da79feece,8f9c5a0df675f398abd3d4d2402245c63dfeda040ab6d4ef523a8493bdad8a5f,0.08429553359746933,NORMAL,STANDARDIZED,,downmixed to mono,
tabla_000417.wav,jhaptal49.wav,tabla,Tabla,Tabla\jhaptal49.wav,44100,44100,2,1,2.653718820861678,2.653718820861678,117029,117029,.wav,468160,0e0b3094844fc9f8a70ccf0ec93ee43d8051219d51aac70a95e1beca44700681,d8e0856b0d7d6d7961d3a920db4ff2cdf4bdadb8b2ed0187bb52e48c3f989e54,0.1046510562300682,NORMAL,STANDARDIZED,,downmixed to mono,
tabla_000418.wav,jhaptal50.wav,tabla,Tabla,Tabla\jhaptal50.wav,44100,44100,2,1,2.6209750566893426,2.6209750566893426,115585,115585,.wav,462384,c8c1148fc681d7116febfff46427af74d1d6d861501f4d0cc6d87a998ba50e50,3ea6ffbae65ae3957cbf2528158f4451f711f828db31b02a2e76d8ca0abde197,0.10739866644144058,NORMAL,STANDARDIZED,,downmixed to mono,
tabla_000419.wav,jhaptal51.wav,tabla,Tabla,Tabla\jhaptal51.wav,44100,44100,2,1,2.648684807256236,2.648684807256236,116807,116807,.wav,467272,d2575ab7f947318c691f8abc9ec30696a8dcff21e31ff2929ae861cf241a6cb8,ecb33e72e05c0862de9acade48d7f4b0cec9e7133e78aa78a1d42d830a46f498,0.10634499788284302,NORMAL,STANDARDIZED,,downmixed to mono,
tabla_000420.wav,jhaptal52.wav,tabla,Tabla,Tabla\jhaptal52.wav,44100,44100,2,1,2.5982086167800453,2.5982086167800453,114581,114581,.wav,458368,bdea4078196f0f1e4456b09651eaf5908411783f1cd0f14719c4cf166f39b410,f5d99b2817987117c269cc4d4138b9e251d3b91d00e7d39d5860fd05ff98c7e8,0.1044965535402298,NORMAL,STANDARDIZED,,downmixed to mono,
tabla_000421.wav,jhaptal53.wav,tabla,Tabla,Tabla\jhaptal53.wav,44100,44100,2,1,2.6259183673469386,2.6259183673469386,115803,115803,.wav,463256,659dd7bc7a17467c3975273701cf8266214658cd47844e845cc206f5220f279b,be83f20a9f8e1f70c5c76b411ad292d5734e8c012038b9a9b47e9f9de2d8fe8e,0.10114932060241699,NORMAL,STANDARDIZED,,downmixed to mono,
tabla_000422.wav,jhaptal54.wav,tabla,Tabla,Tabla\jhaptal54.wav,44100,44100,2,1,2.595827664399093,2.595827664399093,114476,114476,.wav,457948,9560de36e02a4029dc4a085a5059469c95c74f2082d12abed16b564da35a0d8d,190d7b2eda15666c87f935ced1bc3e63969f2f55ca80fadc96596c6b5ec39295,0.09836678206920624,NORMAL,STANDARDIZED,,downmixed to mono,
tabla_000423.wav,jhaptal55.wav,tabla,Tabla,Tabla\jhaptal55.wav,44100,44100,2,1,2.6279591836734695,2.6279591836734695,115893,115893,.wav,463616,2e3d05759786a3545ac8ba340d0253847580b91096c73a91d7aae2ea8e624947,3a05fbcba037e2b20e120b13c78e3eece7c1382900eda4e1916ef04d945622d6,0.0957052931189537,NORMAL,STANDARDIZED,,downmixed to mono,
tabla_000424.wav,jhaptal56.wav,tabla,Tabla,Tabla\jhaptal56.wav,44100,44100,2,1,2.6200226757369616,2.6200226757369616,115543,115543,.wav,462216,a3739b7e387018ed2e970bf86bfb27de9abd8e366b49a0ee7167c17b3844dcd2,1fa23c92bbf5c31d2c2e2ec5ac5d4fa60fe824bd81571f7c7c4bc2bbad854db0,0.09472937881946564,NORMAL,STANDARDIZED,,downmixed to mono,
tabla_000425.wav,jhaptal57.wav,tabla,Tabla,Tabla\jhaptal57.wav,44100,44100,2,1,2.686984126984127,2.686984126984127,118496,118496,.wav,474028,8c8f108b20614546e38b8ece677a8c4f5428a863b0ec94d3bd2fa5d67e4e5f71,44b8b3e2f300e49a1c852d344a565078a3fd2b3cddaa714d8a17e193f0ce1ffb,0.10960917174816132,NORMAL,STANDARDIZED,,downmixed to mono,
tabla_000426.wav,jhaptal58.wav,tabla,Tabla,Tabla\jhaptal58.wav,44100,44100,2,1,2.6800226757369616,2.6800226757369616,118189,118189,.wav,472800,8e7e371fcb89662027bf01d53516b02ca0a5427877663dae48ad2a087ddf1967,1978126b49dd597b28faa8fba34abe3900b6da1acd295105fd1ed4e83d43be1f,0.10953906178474426,NORMAL,STANDARDIZED,,downmixed to mono,
tabla_000427.wav,jhaptal59.wav,tabla,Tabla,Tabla\jhaptal59.wav,44100,44100,2,1,2.650861678004535,2.650861678004535,116903,116903,.wav,467656,4665cd6c6b73deb74b24801398f47730f0d451dfecce96ed6d130374e44e3d5a,1a341565a978227a6e1f118732adcf524a8b7ba8b147d32196a66b04faae2059,0.10705778002738953,NORMAL,STANDARDIZED,,downmixed to mono,
tabla_000428.wav,jhaptal60.wav,tabla,Tabla,Tabla\jhaptal60.wav,44100,44100,2,1,2.6599092970521543,2.6599092970521543,117302,117302,.wav,469252,d44cb36fa19ddd875a0ae5a5d30e27b7bb5e4780cc00339eaa8428b918bcb765,3a74c5c39af7ee744f228972da3bed4a3a323334c71efb610938d80c40e14d20,0.11064549535512924,NORMAL,STANDARDIZED,,downmixed to mono,
tabla_000429.wav,kachu-na_DM.wav,tabla,Tabla,Tabla\kachu-na_DM.wav,16000,44100,1,1,127.96625,127.96625850340136,2047460,5643312,.wav,4094964,4b0bc73e005e4b09976c3b2140f6201980f07f3930519b4d40df95d1d8f9a9ee,34365e2ce219c1a4d91b101bea8f81540696298c8a5e6c78072197acbd755fc6,0.03731599450111389,NORMAL,STANDARDIZED,,resampled from 16000 to 44100,
tabla_000430.wav,KB_1.wav,tabla,Tabla,Tabla\KB_1.wav,16000,44100,1,1,38.1533125,38.153333333333336,610453,1682562,.wav,1220950,8d7878f27c4c3aec0066579bd74f24041b40273d469fc4b434e541de4b152509,cdd4f62c2602ee8a890b32d0ca72e8f21ead068bec1f2d756801fb56e523e895,0.10717715322971344,NORMAL,STANDARDIZED,,resampled from 16000 to 44100,
tabla_000431.wav,KB_10.wav,tabla,Tabla,Tabla\KB_10.wav,16000,44100,1,1,127.9343125,127.93433106575964,2046949,5641904,.wav,4093942,c67d1808ec9630ea67ee864251311029acacdf9ce97b29251b7a2e34320a6523,8511cc235d38c95b5af416fa8ff8784473af9865114aa0fe5b21b503512080bd,0.1267753541469574,NORMAL,STANDARDIZED,,resampled from 16000 to 44100,
tabla_000432.wav,KB_11.wav,tabla,Tabla,Tabla\KB_11.wav,16000,44100,1,1,7.7536875,7.753696145124716,124059,341938,.wav,248162,d192796dc14cb191a5eaf7faabef74dd9024207e6d6b80abc1e8ed037000a4a7,57abd59af9d41c2894fb36c0c066f0beedc64af815a5833475eb16e4f348c472,0.1713239699602127,NORMAL,STANDARDIZED,,resampled from 16000 to 44100,
tabla_000433.wav,KB_12.wav,tabla,Tabla,Tabla\KB_12.wav,16000,44100,1,1,9.61625,9.61625850340136,153860,424077,.wav,307764,9a12cadebea5fec6d592ad98308f4ca14db2a16a2ef071f66851c939cc172775,0d9d32a83f47e42fe81907f51b7a776d7a709c4bbf4ae870655e4412985f785e,0.1651758998632431,NORMAL,STANDARDIZED,,resampled from 16000 to 44100,
tabla_000434.wav,KB_13.wav,tabla,Tabla,Tabla\KB_13.wav,16000,44100,1,1,9.611375,9.611383219954648,153782,423862,.wav,307608,19c0294f5628017b780ecc97358ebda89465317a2a77fa4f3ffca6833ec83508,027d4d8902d2b15b9ff84cc9b749b67a303fec07dabe76467685761a8d2450ac,0.1553869992494583,NORMAL,STANDARDIZED,,resampled from 16000 to 44100,
tabla_000435.wav,KB_14.wav,tabla,Tabla,Tabla\KB_14.wav,16000,44100,1,1,9.6,9.6,153600,423360,.wav,307244,cf60f4eba67323aa19411494adcd9a36c4923006d790ddf70a2162907cc0230e,79485ca3bcc252b49a8b86b8b060bb79f12105073ec5f02ab356f9cae2ef5f2e,0.13236470520496368,NORMAL,STANDARDIZED,,resampled from 16000 to 44100,
tabla_000436.wav,KB_15.wav,tabla,Tabla,Tabla\KB_15.wav,16000,44100,1,1,9.5675625,9.567573696145125,153081,421930,.wav,306206,97bcbce32158822831d03805b9ced96a6d257096c3df87d1f564819233995d48,4f56c13c4d7a62b01775798001c6b0dd414bb3b287713538d1db5007a1977e22,0.18790565431118011,NORMAL,STANDARDIZED,,resampled from 16000 to 44100,
tabla_000437.wav,KB_16.wav,tabla,Tabla,Tabla\KB_16.wav,16000,44100,1,1,4.8195,4.819501133786848,77112,212540,.wav,154268,b02517486bb4b348b20cca7080453215c29eef340a15c92a1a6b4aed82ca9c77,5576024e1cda4298c76005ff6e61d884758b0f3241893c9c46d5f63054372cc7,0.1417989432811737,NORMAL,STANDARDIZED,,resampled from 16000 to 44100,
tabla_000438.wav,KB_17.wav,tabla,Tabla,Tabla\KB_17.wav,16000,44100,1,1,4.795125,4.795147392290249,76722,211466,.wav,153488,432c1758c8d3aa7d6f310e996b2a08a8773d25edfe2cf1e71cad52e5fafd5087,e2d1148986de182ec70abec00e27436cbf149b9d6837c82b53207006322f0eda,0.151873379945755,NORMAL,STANDARDIZED,,resampled from 16000 to 44100,
tabla_000439.wav,KB_18.wav,tabla,Tabla,Tabla\KB_18.wav,16000,44100,1,1,9.5448125,9.544829931972789,152717,420927,.wav,305478,9e4233191bcc737cbe4c93a4c88b4e19d7d4aa629e025478bf7b6c71ee97e4a9,34b198539a7a3db65f14d910d72ea6567dbaac85135dcc23038b941c61b1a2f7,0.1300954669713974,NORMAL,STANDARDIZED,,resampled from 16000 to 44100,
tabla_000440.wav,KB_19.wav,tabla,Tabla,Tabla\KB_19.wav,16000,44100,1,1,33.619625,33.619637188208614,537914,1482626,.wav,1075872,fb5f8486ccd617d263904e25b1539ee82019b8cef394648e51a73017d86e461a,237402c9a6c950ed30ccb833ae9c97da67e97ac684f4e0fea1cf3b8456af5c5d,0.15809519588947296,NORMAL,STANDARDIZED,,resampled from 16000 to 44100,
tabla_000441.wav,KB_2.wav,tabla,Tabla,Tabla\KB_2.wav,16000,44100,1,1,86.4684375,86.46845804988662,1383495,3813259,.wav,2767034,4eeef675af7aa19a97343b7eb629d413858fef7cd86a55a31c1421406c6aa57c,38c4de937e7132309435c5fcf5b7f09865d6d0fe92297230fff142342813f2ff,0.13618655502796173,NORMAL,STANDARDIZED,,resampled from 16000 to 44100,
tabla_000442.wav,KB_20.wav,tabla,Tabla,Tabla\KB_20.wav,16000,44100,1,1,9.613,9.613015873015874,153808,423934,.wav,307660,b9d0c37c3c82ab06d1bf73e57e1d859c86bb370c8b163e708a5afc6e7954efbc,4dc0ca4fa15f3813ab4b254cf4a0931ca64a2834a8609bd122e704187e7b482f,0.14266826212406158,NORMAL,STANDARDIZED,,resampled from 16000 to 44100,
tabla_000443.wav,KB_21.wav,tabla,Tabla,Tabla\KB_21.wav,16000,44100,1,1,20.167875,20.167891156462584,322686,889404,.wav,645416,77979be5cee28626da242355da413a85d6c2195fe1584c840c287b35df4d4cb8,f993164aac8a4a780772e0927a52ea69759cd6cd3a0b04952ce55ba825ca5e10,0.17975828051567078,NORMAL,STANDARDIZED,,resampled from 16000 to 44100,
tabla_000444.wav,KB_22.wav,tabla,Tabla,Tabla\KB_22.wav,16000,44100,1,1,3.8581875,3.8582086167800456,61731,170147,.wav,123506,9f1a285906e987dd0cd2d61fcf5e1b3eec40cb05199d947df3ac1ec63338a2ef,25a779eaf6d1f6f8f899fa823eebb2887ecd79469236205b9ea66ab3d486ca91,0.16184908151626587,NORMAL,STANDARDIZED,,resampled from 16000 to 44100,
tabla_000445.wav,KB_23.wav,tabla,Tabla,Tabla\KB_23.wav,16000,44100,1,1,43.875625,43.8756462585034,702010,1934916,.wav,1404064,1442212c82984c4ef6fc71f40d821c424f1277bf73fd1384e962ebc423b003ae,d6d917f8341ffbdc827ea1e806443ecde04c2f9e09dc861e53d7365737f41a1a,0.08226501196622849,NORMAL,STANDARDIZED,,resampled from 16000 to 44100,
tabla_000446.wav,KB_24.wav,tabla,Tabla,Tabla\KB_24.wav,16000,44100,1,1,46.9974375,46.99743764172336,751959,2072587,.wav,1503962,1c5a5235ec86d10d1ca5fe341e7098b99683485dfba8f9ba0fe9f0695ce29460,159030b2102f5a2f531756e6b2316c3a501bd4326f14b6c44336fc4ad4657eab,0.09394603222608566,NORMAL,STANDARDIZED,,resampled from 16000 to 44100,
tabla_000447.wav,KB_25.wav,tabla,Tabla,Tabla\KB_25.wav,16000,44100,1,1,47.2245,47.22451247165533,755592,2082601,.wav,1511228,884dd0daa5b51822ddc2e2b901495171f536d1719c09881643372f5be6247989,57085ae1f78c33c7822ffa358ec56e6fa54503bd0c9b6bac644efb7c2011a064,0.08854515105485916,NORMAL,STANDARDIZED,,resampled from 16000 to 44100,
tabla_000448.wav,KB_26.wav,tabla,Tabla,Tabla\KB_26.wav,16000,44100,1,1,31.47,31.47,503520,1387827,.wav,1007084,3f4179f33281f7d75bb981c86562cbfedb6874b27d6bcff35ff802b2a2ec3805,2073b4d8a85e6517b86291c46893a441035d0662265ddcb3c72abf34884a1e37,0.11159715801477432,NORMAL,STANDARDIZED,,resampled from 16000 to 44100,
tabla_000449.wav,KB_3.wav,tabla,Tabla,Tabla\KB_3.wav,16000,44100,1,1,21.652,21.65201814058957,346432,954854,.wav,692908,8860b42e39e96d212e314876ddf0f02bead979a4d43c7bdeff9808527f6ea83b,76adf21895316897ac98109df05704c7a82f26cddbe80a09b479043571052120,0.09647779166698456,NORMAL,STANDARDIZED,,resampled from 16000 to 44100,
tabla_000450.wav,KB_4.wav,tabla,Tabla,Tabla\KB_4.wav,16000,44100,1,1,12.6788125,12.678820861678005,202861,559136,.wav,405766,4b91a443fd70884760b8a6590ac8106d77980719634a7ef5547cb977e53dde42,2f71d5c4be1030cac833c74df6e56eecd5f06ca2ba0343203df465c646b72630,0.10538791120052338,NORMAL,STANDARDIZED,,resampled from 16000 to 44100,
tabla_000451.wav,KB_5.wav,tabla,Tabla,Tabla\KB_5.wav,16000,44100,1,1,76.81975,76.81975056689342,1229116,3387751,.wav,2458276,26d95bb975531f5f3359b7d280f7d3a8b42c9568992166472ef3e5f59c8a3ae4,0e93af11d6651f59c603acfbc9f2cb00b884bbf847a759ea87e7b491581e7c57,0.11702945828437805,NORMAL,STANDARDIZED,,resampled from 16000 to 44100,
tabla_000452.wav,KB_6.wav,tabla,Tabla,Tabla\KB_6.wav,16000,44100,1,1,14.637125,14.637142857142857,234194,645498,.wav,468432,c5799d8e7fd1d930f4e84154884f25e35e318fd60d1a5cc3222d99df01ef46f6,07f2a55c8e3d4871272f0b93f30791106503c138444a1b168e8b6c5a936f46b5,0.1112925335764885,NORMAL,STANDARDIZED,,resampled from 16000 to 44100,
tabla_000453.wav,KB_7.wav,tabla,Tabla,Tabla\KB_7.wav,16000,44100,1,1,11.9383125,11.938321995464852,191013,526480,.wav,382070,3d4c08f6c3d53019421152a97a2258e8f23570b093b1f9957080064589713e92,d2b56fd24b6d12d621a3ebdc93a94366e6fa0d0a77ac736708e4e0b0fdaf64bb,0.13454778492450714,NORMAL,STANDARDIZED,,resampled from 16000 to 44100,
tabla_000454.wav,KB_8.wav,tabla,Tabla,Tabla\KB_8.wav,16000,44100,1,1,73.71175,73.71176870748299,1179388,3250689,.wav,2358820,91ba60301fcc9905434178c7a98dedb5db5c7983920fb58952f9f6c6145102e1,1fddb85142aca374aa20e62fbffcb1b38817c2d4e516f71e202b867133aad292,0.14031672477722168,NORMAL,STANDARDIZED,,resampled from 16000 to 44100,
tabla_000455.wav,KB_9.wav,tabla,Tabla,Tabla\KB_9.wav,16000,44100,1,1,6.401125,6.401133786848073,102418,282290,.wav,204880,0b009c26e90380ebf4556effade8cf748869ee046237947e79a32aabb4f6c391,495c64dc0ceb1bcee285929bdb90b7cb75c6cad324507f3f17be39a2af41a091,0.1693931519985199,NORMAL,STANDARDIZED,,resampled from 16000 to 44100,
tabla_000456.wav,koyaliya_SRC.wav,tabla,Tabla,Tabla\koyaliya_SRC.wav,16000,44100,1,1,106.0094375,106.00945578231293,1696151,4675017,.wav,3392346,011a326c6836264de1c13b62d8ebe8dd51f8ca361042d6f96cc6115d261e06a3,babf11b7152e13fc863895f0a1a0bd6749d74d4a1ec7747e9eca2d9e654e0e55,0.03547494113445282,NORMAL,STANDARDIZED,,resampled from 16000 to 44100,
tabla_000457.wav,man-legayo_DM.wav,tabla,Tabla,Tabla\man-legayo_DM.wav,16000,44100,1,1,136.5185625,136.51857142857142,2184297,6020469,.wav,4368638,8b0c3f086c133609d0627c963b2422a534efad1ef81fcaaf24993f9c05050570,3276aa24be49ecafb81e5ab432f1812766066320173997afc7c80dc2a4122bef,0.03428244590759277,NORMAL,STANDARDIZED,,resampled from 16000 to 44100,
tabla_000458.wav,payaliya_DM.wav,tabla,Tabla,Tabla\payaliya_DM.wav,16000,44100,1,1,131.6365,131.63650793650794,2106184,5805170,.wav,4212412,2c30e377e9d7259bca99c2f14a166264b05428e001d55b79c71e2bea8b55f71e,9192025d607812127f6c79e95182d31ca7cb3ebfddbe1bf7f623007e78462437,0.04033966735005379,NORMAL,STANDARDIZED,,resampled from 16000 to 44100,
tabla_000459.wav,PP_comp11_t.wav,tabla,Tabla,Tabla\PP_comp11_t.wav,16000,44100,1,1,13.4336875,13.433696145124717,214939,592426,.wav,429922,87922bf8de172dc7056cc0c1dd2d0fbe9d344bd850c3cbe9091c78f48c8f703c,54d7ae89156ac64c59697efd733fe31ce5df07e2a3ad55ec69fdf216408bdc57,0.056901246309280396,NORMAL,STANDARDIZED,,resampled from 16000 to 44100,
tabla_000460.wav,PP_comp12_t.wav,tabla,Tabla,Tabla\PP_comp12_t.wav,16000,44100,1,1,18.8420625,18.84206349206349,301473,830935,.wav,602990,ba41ed5720bad4cd947023ff5baa479b575bf5c6e45ec4a1eeea1216231464e6,092918e1618337f85c0416b0429699db2f74882f8f7fe22332bc380bd59c8b99,0.050588157027959824,NORMAL,STANDARDIZED,,resampled from 16000 to 44100,
tabla_000461.wav,PP_comp16new_t.wav,tabla,Tabla,Tabla\PP_comp16new_t.wav,16000,44100,1,1,31.8616875,31.861700680272108,509787,1405101,.wav,1019618,909d77f028156bf35c115a0679b2db57823ee70d0195693498792e8e732cb06e,2fb901c0aaff8343d047396677a2bd3fd02d17618eac7ea9d16eedbf086ee85e,0.07686571031808853,NORMAL,STANDARDIZED,,resampled from 16000 to 44100,
tabla_000462.wav,PP_comp17_t.wav,tabla,Tabla,Tabla\PP_comp17_t.wav,16000,44100,1,1,16.1533125,16.153333333333332,258453,712362,.wav,516950,743a01e27a25affffb5c32ec999a5ae9f0e3edf4ebca4e8a444fc911c4ac7c3d,bb1492f0e0638a5197323a345401890aadfc4984bafc92a4da1ee60d1c1a3aaa,0.06395848840475082,NORMAL,STANDARDIZED,,resampled from 16000 to 44100,
tabla_000463.wav,PP_comp19_t.wav,tabla,Tabla,Tabla\PP_comp19_t.wav,16000,44100,1,1,28.123625,28.12362811791383,449978,1240252,.wav,900000,d9f0835096deec17fb5aae6ee7c1d8f1d7915c3d700c694addbe2f4d4a27a1bf,6ea6ebb08a01ae0fec5772837bd4a99642d72589741e1f9fbc9a507b044bcc6e,0.07458958029747009,NORMAL,STANDARDIZED,,resampled from 16000 to 44100,
tabla_000464.wav,PP_comp23_t.wav,tabla,Tabla,Tabla\PP_comp23_t.wav,16000,44100,1,1,14.901875,14.9018820861678,238430,657173,.wav,476904,db752070434e0f784c4306c8ab7086704b68b77a6e1ec32f2d8f19b29d34b8c6,28ac7d93f824b6b713dd2a3ba6ada154bed2f3854d0e1f7f2feefe22f4ffeb85,0.07160686701536179,NORMAL,STANDARDIZED,,resampled from 16000 to 44100,
tabla_000465.wav,PP_comp25_t.wav,tabla,Tabla,Tabla\PP_comp25_t.wav,16000,44100,1,1,27.4063125,27.406326530612244,438501,1208619,.wav,877046,a244298de39dfa30a1a1112dd34fc83c8dab463215afd49131ec266b5b836578,1e32ddd40c8eed42b5dcfaaf15d4f55821743d6cf0fbcfb370bb43d2c31a3268,0.07371297478675842,NORMAL,STANDARDIZED,,resampled from 16000 to 44100,
tabla_000466.wav,PP_comp26_t.wav,tabla,Tabla,Tabla\PP_comp26_t.wav,16000,44100,1,1,17.584375,17.58437641723356,281350,775471,.wav,562744,41ccc84ec494b2bd8348bf832e2ba475714935d4ac9c81d35d259248ce03ee77,afb1efc23835fadb5b7110a507f141fd2377a886db3c3ed300a68b89d37bfb54,0.07267262041568756,NORMAL,STANDARDIZED,,resampled from 16000 to 44100,
tabla_000467.wav,PP_comp27_t.wav,tabla,Tabla,Tabla\PP_comp27_t.wav,16000,44100,1,1,24.4939375,24.493945578231294,391903,1080183,.wav,783850,7da33833cb98cf69dac551be394d7040b41d0da3b9655e111a4cdb5eaf5dd358,c6635e2c2d178f24c5ba079cd6dd9fd6b2b8c208e66430b8c65489b02f58d87b,0.06041859835386276,NORMAL,STANDARDIZED,,resampled from 16000 to 44100,
tabla_000468.wav,PP_comp28_t.wav,tabla,Tabla,Tabla\PP_comp28_t.wav,16000,44100,1,1,14.1856875,14.185691609977324,226971,625589,.wav,453986,fadc509fd0b171ac29f198a4ecb28f5c2c07d35b2c15097929fcf08da3de4616,3a89556ea64995298852b8576fa79037b907c035f89464d471a0e769d7662377,0.05242616683244705,NORMAL,STANDARDIZED,,resampled from 16000 to 44100,
tabla_000469.wav,PP_comp31_t.wav,tabla,Tabla,Tabla\PP_comp31_t.wav,16000,44100,1,1,25.0459375,25.0459410430839,400735,1104526,.wav,801514,d1b986308089706edb4610a279d41fcaf634148282562e2ce7b733132baf5e69,ce32348e9d425af9b69db968b0011ddb7deb77b1f9a3bec610fb8d4370705d9f,0.061894360929727554,NORMAL,STANDARDIZED,,resampled from 16000 to 44100,
tabla_000470.wav,PP_comp3_t.wav,tabla,Tabla,Tabla\PP_comp3_t.wav,16000,44100,1,1,16.1363125,16.136326530612244,258181,711612,.wav,516406,2a51373468e21534ace150127fd68caa958d31a10c75472e1c76dc03f1108b60,c92566e2120c2ac4376f29c20bb51ba807774303e7abbc86dcdcd8574d830dc3,0.06101688742637634,NORMAL,STANDARDIZED,,resampled from 16000 to 44100,
tabla_000471.wav,PP_comp4_t.wav,tabla,Tabla,Tabla\PP_comp4_t.wav,16000,44100,1,1,18.022,18.02201814058957,288352,794771,.wav,576748,6ba9a1eb08d4923fdbb023142a9b8cd69403848c462100b3ae6a7ef572e854c1,c0e2de14303e3f66699602a510b99d3691b2fec2bf4f41f95d8947e50daea901,0.05524294823408127,NORMAL,STANDARDIZED,,resampled from 16000 to 44100,
tabla_000472.wav,PP_comp5_t.wav,tabla,Tabla,Tabla\PP_comp5_t.wav,16000,44100,1,1,18.0685625,18.068571428571428,289097,796824,.wav,578238,48b0803405ca0dfd33a91854038d0d8f9f85114e31fb2e7b3bf2d488607fae5d,596c005e9659ba2c72e28272d6478e0b0c49db9ea274d1c7c0c460a4b88057e1,0.05575089529156685,NORMAL,STANDARDIZED,,resampled from 16000 to 44100,
tabla_000473.wav,PP_comp77_t.wav,tabla,Tabla,Tabla\PP_comp77_t.wav,16000,44100,1,1,15.977375,15.977392290249433,255638,704603,.wav,511320,f6abd4986b64a8e12c0246dbaa4a5770aa5aabbdf21d80182a2a9d6e11ddb6ad,c3a06d1dd639019ffbdddf6a78999c759bc25c353bc23c1259168ec4049b31d4,0.0699554830789566,NORMAL,STANDARDIZED,,resampled from 16000 to 44100,
tabla_000474.wav,PP_comp80_t.wav,tabla,Tabla,Tabla\PP_comp80_t.wav,16000,44100,1,1,25.7064375,25.706439909297053,411303,1133654,.wav,822650,6e083896efda9ed44bbfeaf60d2e3499a752c3c63513d90bda07830eb82cb197,2c6f0148e4fe89f58295c9225cc1ea788639a5569b7ba506bd455e5bf41e0537,0.05330133065581322,NORMAL,STANDARDIZED,,resampled from 16000 to 44100,
tabla_000475.wav,PP_comp81_t.wav,tabla,Tabla,Tabla\PP_comp81_t.wav,16000,44100,1,1,15.636375,15.63639455782313,250182,689565,.wav,500408,8dafa5c2fcd316afe2c6cb97f5f72fe1ff12e53acde8041aba5659694025b9ab,3f896d5feb5ca24416d23d494bbf73d54adc89b75d2f6265e47000d6cf6c4c58,0.06395473331212997,NORMAL,STANDARDIZED,,resampled from 16000 to 44100,
tabla_000476.wav,PP_comp82_t.wav,tabla,Tabla,Tabla\PP_comp82_t.wav,16000,44100,1,1,16.301625,16.301632653061226,260826,718902,.wav,521696,b1b412aa3bb7228b9e551a3ed19dbc8d8b406631ea0c9a8fb9228fb1e6075b16,3bbb08001453102ace46142b430e130dfb595b446c097c5cbaa645cc5b96a4c2,0.05592760071158409,NORMAL,STANDARDIZED,,resampled from 16000 to 44100,
tabla_000477.wav,PP_comp83_t.wav,tabla,Tabla,Tabla\PP_comp83_t.wav,16000,44100,1,1,16.2186875,16.218707482993196,259499,715245,.wav,519042,45124bdc19220accda042c95d6c298c84083b9f57384d28d9c2c3b3de325540d,7cf316f3ed5133b9911adbe9e605011d6a7eeaeb6716c0922e794655a75a0a6d,0.053276676684617996,NORMAL,STANDARDIZED,,resampled from 16000 to 44100,
tabla_000478.wav,PP_comp84_t.wav,tabla,Tabla,Tabla\PP_comp84_t.wav,16000,44100,1,1,9.7820625,9.782063492063491,156513,431389,.wav,313070,a4e627d3c13b5a1fee8b828ab80a9f3f182bcad7abe633778adef420bcc82026,f620bf3f84be87b139453302c91e6d05519ec32e3d0bf8f590304d43fd290a62,0.06217652186751366,NORMAL,STANDARDIZED,,resampled from 16000 to 44100,
tabla_000479.wav,PP_comp86_t.wav,tabla,Tabla,Tabla\PP_comp86_t.wav,16000,44100,1,1,14.0533125,14.053333333333333,224853,619752,.wav,449750,b5c6770fbe9c73ba84e4a79383a0e73e0f24580a96ed68237db7ea77480929d4,c6b2550f19de6e94e4523d505e90b46734867b1f4bc95ae285a7356fe3da75cd,0.047820400446653366,NORMAL,STANDARDIZED,,resampled from 16000 to 44100,
tabla_000480.wav,PP_comp9_t.wav,tabla,Tabla,Tabla\PP_comp9_t.wav,16000,44100,1,1,17.4774375,17.477437641723355,279639,770755,.wav,559322,2136fae54dbb1e561d13fd60fcd360f7b09a15a8801ef56e36ec26092aa0bb63,c4494b8f2956d3ad77b3e18f64f9081112f393b95f8bd4494109af3115ad5201,0.05697844177484512,NORMAL,STANDARDIZED,,resampled from 16000 to 44100,
tabla_000481.wav,RMA_0.wav,tabla,Tabla,Tabla\RMA_0.wav,16000,44100,1,1,18.3281875,18.328208616780046,293251,808274,.wav,586546,e2f8a3c52112a12109bad34431029a424fba72b9c533b6de4c2e8fff24dc064e,07f2dba6f901f1a9d6734bf23da4cef0db78dc7f4ec62323c7175bfdaa705a64,0.01822498068213463,NORMAL,STANDARDIZED,,resampled from 16000 to 44100,
tabla_000482.wav,RMA_1.wav,tabla,Tabla,Tabla\RMA_1.wav,16000,44100,1,1,33.7839375,33.78394557823129,540543,1489872,.wav,1081130,6e624ef5a1e6373d1e5012662342773583edb4a6ce3e5010fb61e9d219f49afa,c8a3aacd51c31d7fd69b3c6e2e9548ed396e40c99b3a9ac707c7de7b94231eb8,0.018900960683822632,NORMAL,STANDARDIZED,,resampled from 16000 to 44100,
tabla_000483.wav,RMA_10.wav,tabla,Tabla,Tabla\RMA_10.wav,16000,44100,1,1,17.19975,17.199750566893425,275196,758509,.wav,550436,9e3b02139b2e6cc67baed024b606b52d3fe79eb7c882765838cb4165a40b957f,d5fb4f5e8895b2594a096fe59e1a24332f16d728472927186043491b431f2c89,0.02200811542570591,NORMAL,STANDARDIZED,,resampled from 16000 to 44100,
tabla_000484.wav,RMA_11.wav,tabla,Tabla,Tabla\RMA_11.wav,16000,44100,1,1,16.5500625,16.550068027210884,264801,729858,.wav,529646,38ce4a64c1f00ebef2e11d62c5f0fee062a3129b3dc83ecb8e261a5c5d767a6f,27d300d3d90825993f6984c077b1dd1d1d7f8a92fa0cb285d748e28789522809,0.025492241606116295,NORMAL,STANDARDIZED,,resampled from 16000 to 44100,
tabla_000485.wav,RMA_12.wav,tabla,Tabla,Tabla\RMA_12.wav,16000,44100,1,1,17.64425,17.644263038548754,282308,778112,.wav,564660,7517693ae956baed9d012c80d25b1f7dbea148f77067176c3a80e566e0151cea,65c89d372688396b33e44c3363b0741ad03e28f26653a96cb384ef17a9f2a2a3,0.024590371176600456,NORMAL,STANDARDIZED,,resampled from 16000 to 44100,
tabla_000486.wav,RMA_13.wav,tabla,Tabla,Tabla\RMA_13.wav,16000,44100,1,1,19.26875,19.26875283446712,308300,849752,.wav,616644,53a56ab057cf01045966d189724935bd85d7d3d56f48766c9db6354b214673a6,b3085ebde2a1479f7d360c314409b19c57848b5e769bcea41058f70278c40400,0.017190340906381607,NORMAL,STANDARDIZED,,resampled from 16000 to 44100,
tabla_000487.wav,RMA_14.wav,tabla,Tabla,Tabla\RMA_14.wav,16000,44100,1,1,10.81175,10.811768707482994,172988,476799,.wav,346020,6f897c4a63cda563ebae810b2b227e1754f856e91b5ff1ce40d06f72df7c53fb,091673a2198a38c9b1b7566ef5b8cb091d79df741b59bdabe903221495aa138b,0.022014711052179337,NORMAL,STANDARDIZED,,resampled from 16000 to 44100,
tabla_000488.wav,RMA_15.wav,tabla,Tabla,Tabla\RMA_15.wav,16000,44100,1,1,18.87125,18.871269841269843,301940,832223,.wav,603924,2c5dd200e53b1f26de7ee05f17cadd7b375830b0edd0d59747cf167d7af1e592,bf1571b2fd5d6b5ff506cf7c4ce574b6266dc58d5765507868900b2883030716,0.02468334138393402,NORMAL,STANDARDIZED,,resampled from 16000 to 44100,
tabla_000489.wav,RMA_16.wav,tabla,Tabla,Tabla\RMA_16.wav,16000,44100,1,1,19.41125,19.411269841269842,310580,856037,.wav,621204,c598f9b8e385b5802484338730d30c0d1c92f2ea727195ad7eab0563ab97546c,ee7eafc405b50aecf90baff23513f79286cef2e9dbad79588876577cd387e4e3,0.025235440582036972,NORMAL,STANDARDIZED,,resampled from 16000 to 44100,
tabla_000490.wav,RMA_17.wav,tabla,Tabla,Tabla\RMA_17.wav,16000,44100,1,1,19.301625,19.301632653061226,308826,851202,.wav,617696,d754cf8a9388bd2639fed904b1b2e2d2e118c7d55de7e205678f52f456252b72,4c56426dc635f6280965c6d1afef5a6818389b3be2b8374b9180847594e0ff55,0.02710087038576603,NORMAL,STANDARDIZED,,resampled from 16000 to 44100,
tabla_000491.wav,RMA_18.wav,tabla,Tabla,Tabla\RMA_18.wav,16000,44100,1,1,18.9644375,18.964444444444446,303431,836332,.wav,606906,73bcb6e2917be22684e1222105965cb19c4ee75096b6d8bbbe2fed6bb61c5816,96b63953d48431dbcca5f13d65f8a0a3eda539d912638d334ccc9a51b0d811ac,0.025949833914637566,NORMAL,STANDARDIZED,,resampled from 16000 to 44100,
tabla_000492.wav,RMA_19.wav,tabla,Tabla,Tabla\RMA_19.wav,16000,44100,1,1,18.5368125,18.536825396825396,296589,817474,.wav,593222,8fa3c81f7d5d13d5979015dbd6a24d6dfeb22f8d3b64c99d2d06330eb4e3e650,4885b332f51ed24d70d3f5aa7553e089c126b9992a76e2dbb10de0ab1549cf44,0.021758686751127243,NORMAL,STANDARDIZED,,resampled from 16000 to 44100,
tabla_000493.wav,RMA_2.wav,tabla,Tabla,Tabla\RMA_2.wav,16000,44100,1,1,17.439125,17.439138321995465,279026,769066,.wav,558096,9e98eb0bd960dd53151686abdf394e8da7a2ac3976f858bd7cee46738be0a063,76edb0e5c99dea946eb98809a68631d1885529e07c26524736628a10af57a9d4,0.018490923568606377,NORMAL,STANDARDIZED,,resampled from 16000 to 44100,
tabla_000494.wav,RMA_20.wav,tabla,Tabla,Tabla\RMA_20.wav,16000,44100,1,1,18.668375,18.668390022675737,298694,823276,.wav,597432,3ef42ca7de5a39b56d81ed4c6ba21cefd6f1c16fd1d8f0008b6ec31af89016da,268e52426b07dc3b0a38c80bd299f743a8f3eb24f83ff9f9cbccc701a197ea21,0.0219501294195652,NORMAL,STANDARDIZED,,resampled from 16000 to 44100,
tabla_000495.wav,RMA_21.wav,tabla,Tabla,Tabla\RMA_21.wav,16000,44100,1,1,18.7938125,18.793832199546486,300701,828808,.wav,601446,b40184c3f6780f190d0be9c106ee29fc8c855ec3ec7ea02caa557cc0c22519bd,6c8ff69b8c9b077b2a3a2d966e9063b9250ec1d618c4074eacd44cddc913c90a,0.02214811183512211,NORMAL,STANDARDIZED,,resampled from 16000 to 44100,
tabla_000496.wav,RMA_22.wav,tabla,Tabla,Tabla\RMA_22.wav,16000,44100,1,1,19.137125,19.13714285714286,306194,843948,.wav,612432,1aeb52b0785c91290f1b74af4d8401df69aabecd24c5a93730f68fc19935287a,f82297dec5f6b98d42d86bd9122973f5924171059134281bed7099885dce3fd7,0.02544419839978218,NORMAL,STANDARDIZED,,resampled from 16000 to 44100,
tabla_000497.wav,RMA_23.wav,tabla,Tabla,Tabla\RMA_23.wav,16000,44100,1,1,18.948,18.948004535147394,303168,835607,.wav,606380,4f3847e3e16ddc56d9c933fe90b8a19212c2dd16f714813b68010917db572578,03bfdc29dc86b9644d1dbf04ead6fea2b37ed8750357012738a72e7f7b216f3d,0.02833697572350502,NORMAL,STANDARDIZED,,resampled from 16000 to 44100,
tabla_000498.wav,RMA_24.wav,tabla,Tabla,Tabla\RMA_24.wav,16000,44100,1,1,18.750625,18.75063492063492,300010,826903,.wav,600064,5dbcc439a69931933c9eebd7f59cc8edfb5542ca1777f35553ddd79af898155a,390883317b2150e5599dcc0485a6538e743a80af7dd98d8d1b4b5ee681e23dcf,0.023150734603405,NORMAL,STANDARDIZED,,resampled from 16000 to 44100,
tabla_000499.wav,RMA_25.wav,tabla,Tabla,Tabla\RMA_25.wav,16000,44100,1,1,19.1535625,19.15358276643991,306457,844673,.wav,612958,4b3c581094986963ec6ebb16b22679963754dabfa4d12fda5a8953e16a015a36,319d13891aae0999b9acdbc933904193336bca671765f6d5547a421eb3be3cd2,0.02611643075942993,NORMAL,STANDARDIZED,,resampled from 16000 to 44100,
tabla_000500.wav,RMA_26.wav,tabla,Tabla,Tabla\RMA_26.wav,16000,44100,1,1,18.949375,18.94938775510204,303190,835668,.wav,606424,7d4321a7dab9917f4bb5485dab56ac612e6dcac581d210664aa35f198362d668,482722083939b174e620e9ebceb4f1ae73fe290f1304218ab751463c7b12b100,0.026801399886608124,NORMAL,STANDARDIZED,,resampled from 16000 to 44100,
tabla_000501.wav,RMA_27.wav,tabla,Tabla,Tabla\RMA_27.wav,16000,44100,1,1,18.2904375,18.29045351473923,292647,806609,.wav,585338,5100cbfc5c5a35b71d3b91d10374b1348e8bb4c120c81a038d40c954decb5dab,170f69cf0a97ea90d123d38a6b4e83b29d357371bfce717486373f2fc629e0dc,0.02489219419658184,NORMAL,STANDARDIZED,,resampled from 16000 to 44100,
tabla_000502.wav,RMA_28.wav,tabla,Tabla,Tabla\RMA_28.wav,16000,44100,1,1,18.35725,18.357256235827663,293716,809555,.wav,587476,3f223be9488b7f10ef02c9726e124980bb5c7088b9443f5ebae48404834b2e0e,17420834fbe91da08913a38fddd79d6ee47a6c55e0c8e7636fe2cdf69e258afa,0.024623943492770195,NORMAL,STANDARDIZED,,resampled from 16000 to 44100,
tabla_000503.wav,RMA_29.wav,tabla,Tabla,Tabla\RMA_29.wav,16000,44100,1,1,18.5114375,18.51145124716553,296183,816355,.wav,592410,b36488e994502511ceda0f8be03eb9c72fd22c154f223b30b31275093c01b462,421a5d4418f61afbd275fa1844cef066d7d43acfd4e4dbd4279db3366550b181,0.027758639305830002,NORMAL,STANDARDIZED,,resampled from 16000 to 44100,
tabla_000504.wav,RMA_3.wav,tabla,Tabla,Tabla\RMA_3.wav,16000,44100,1,1,17.8494375,17.849455782312926,285591,787161,.wav,571226,b29cb22e852c6777fb8343b6a7550bb6a68421aba551fb426749aaafd3ce2b22,05592b571359103c8486835887f2963863a659b14084e266b7bc57b5894d008e,0.018757440149784088,NORMAL,STANDARDIZED,,resampled from 16000 to 44100,
tabla_000505.wav,RMA_30.wav,tabla,Tabla,Tabla\RMA_30.wav,16000,44100,1,1,18.153,18.153015873015875,290448,800548,.wav,580940,1e8f0f07278449aca4365210edcbe6bfb72a1f1e1281b7581acfe95585626ba7,89649154ff34730f5ccd1529defb374562cdb1beb7f6907be807161a251cbd40,0.025295445695519447,NORMAL,STANDARDIZED,,resampled from 16000 to 44100,
tabla_000506.wav,RMA_4.wav,tabla,Tabla,Tabla\RMA_4.wav,16000,44100,1,1,17.6955625,17.69557823129252,283129,780375,.wav,566302,4167d4732df698aff5ac228e9706b8e4f029c50173aef602b79e7c7ce1a1f92d,2b950d0e4d62d5d1d5aae92843f2837000ed422c53daaa1957602287bfa33cde,0.020035196095705032,NORMAL,STANDARDIZED,,resampled from 16000 to 44100,
tabla_000507.wav,RMA_5.wav,tabla,Tabla,Tabla\RMA_5.wav,16000,44100,1,1,16.9090625,16.90907029478458,270545,745690,.wav,541134,7d9569d985d001baa37d52f3514f27f2d824bfae92a59eb83d0b46dd141e0a40,65704a26a68ccfbc05119fbe1458aa589d65c05d5ec944d8623a893dbd6e79f3,0.020810836926102638,NORMAL,STANDARDIZED,,resampled from 16000 to 44100,
tabla_000508.wav,RMA_6.wav,tabla,Tabla,Tabla\RMA_6.wav,16000,44100,1,1,16.9775,16.977505668934242,271640,748708,.wav,543324,09a25ed7056772381b73179bf149664d6d16150ad497318104ac2226f07dc54b,09ecd974855c4ad81d868051fa3fdb95a388e082ede803cf6c2beaf992f329ed,0.02003336325287819,NORMAL,STANDARDIZED,,resampled from 16000 to 44100,
tabla_000509.wav,RMA_7.wav,tabla,Tabla,Tabla\RMA_7.wav,16000,44100,1,1,17.593,17.593015873015872,281488,775852,.wav,563020,221e3260c84b192a7a352daf7c0c57058647857ac98f7df6f23e73c1c5b7b81c,a5e8674789c6dc3514251edf5f150e9ad2e60c4e338c77d6478106ac3f3e6362,0.022302595898509026,NORMAL,STANDARDIZED,,resampled from 16000 to 44100,
tabla_000510.wav,RMA_8.wav,tabla,Tabla,Tabla\RMA_8.wav,16000,44100,1,1,17.268125,17.26814058956916,276290,761525,.wav,552624,9103623590ad73579c6f430557e7e7c584c6411ac7a9f66840d3648551e6bb1d,b377eb2047ef41e3be88b241d488e4fc1a403f1e2b9edccea90650ae5bb43d04,0.022380420938134193,NORMAL,STANDARDIZED,,resampled from 16000 to 44100,
tabla_000511.wav,RMA_9.wav,tabla,Tabla,Tabla\RMA_9.wav,16000,44100,1,1,17.575875,17.575895691609976,281214,775097,.wav,562472,8cf8582be0ce0110f63cf19ce0b6a2a5ab9409367788f8be058ce89f4e58dc7a,5ab304669bd59a9aa1d25929d9890fdcb42a01c6e6146aa54b5503521a3a18f8,0.023440854623913765,NORMAL,STANDARDIZED,,resampled from 16000 to 44100,
tabla_000512.wav,rupak01.wav,tabla,Tabla,Tabla\rupak01.wav,44100,44100,2,1,5.857165532879819,5.857165532879819,258301,258301,.wav,1033248,2814ee30d857bbf4f818502e31ed0b428e1d1e84140d051f481f48b7a6225b49,0b0986e3cc2b6d47dfb0efefe3d56ae80cea3160d4c88149a1ed41f950415bc0,0.06199941784143448,NORMAL,STANDARDIZED,,downmixed to mono,
tabla_000513.wav,rupak02.wav,tabla,Tabla,Tabla\rupak02.wav,44100,44100,2,1,5.858979591836735,5.858979591836735,258381,258381,.wav,1033568,19d06bdea15c9842d61341db677bc7207b11e63165ee8f7add6522c43ec11b74,b1cf4e5a677f3a89afe732db94456779c64a8ddb95a5a8df218791385428260f,0.058433640748262405,NORMAL,STANDARDIZED,,downmixed to mono,
tabla_000514.wav,rupak03.wav,tabla,Tabla,Tabla\rupak03.wav,44100,44100,2,1,5.8500680272108845,5.8500680272108845,257988,257988,.wav,1031996,d7d144c6ff24a1708cfe7ca8319511eaba2b7e402b26032310c2df4fce84fb0a,f98861ed032adc40d8f8a13f2ff7410feaeeb35ba9b0889a09a5d21da9548cee,0.056709617376327515,NORMAL,STANDARDIZED,,downmixed to mono,
tabla_000515.wav,rupak04.wav,tabla,Tabla,Tabla\rupak04.wav,44100,44100,2,1,5.875986394557823,5.875986394557823,259131,259131,.wav,1036568,94d803465399d4f256737cf698b11e7de2e091ba5183d407d6c3a1975489b061,b81aef1eb3d6f437b8ba05fef8859d50f0f09db3a4d7fb8711ff06b2b912ea7b,0.06042185425758362,NORMAL,STANDARDIZED,,downmixed to mono,
tabla_000516.wav,rupak05.wav,tabla,Tabla,Tabla\rupak05.wav,44100,44100,2,1,5.8219047619047615,5.8219047619047615,256746,256746,.wav,1027028,a84fb7a28064f15968f5a41dcd2f816e1baee89e3b150d04c3e88a117c2640cb,82d24297a97e83bf0ee594a1bf6bcbff10cee12412b6fdeb68b1e383c7cc63ad,0.056102342903614044,NORMAL,STANDARDIZED,,downmixed to mono,
tabla_000517.wav,rupak06.wav,tabla,Tabla,Tabla\rupak06.wav,44100,44100,2,1,5.848866213151927,5.848866213151927,257935,257935,.wav,1031784,6bd5c3478bc4bfe929aa8d68de65b77b6e0caa741c76cffe2576f445a765eb90,0d6c24d20e056b45d949db51bb36d2985c13d94e764ea0bb1423c4c59b1f04c5,0.05471058189868927,NORMAL,STANDARDIZED,,downmixed to mono,
tabla_000518.wav,rupak07.wav,tabla,Tabla,Tabla\rupak07.wav,44100,44100,2,1,5.789863945578231,5.789863945578231,255333,255333,.wav,1021376,33404c35a04abdab69d26c068b70c7514fc12c8e610ec26bf075d63fd6d7cc26,d9821ae0a7f6b346a1233620311a6f4d10806757b9821dd49c96293d61f1e1ee,0.04832150414586067,NORMAL,STANDARDIZED,,downmixed to mono,
tabla_000519.wav,rupak08.wav,tabla,Tabla,Tabla\rupak08.wav,44100,44100,2,1,5.8888208616780044,5.8888208616780044,259697,259697,.wav,1038832,41b877389f369093d348fbf4322d6e00766d007ce2045ca2a85694427b027e58,befc6dd0cc6350ad17ea8b0b9edb2bc18bfebe0fdf7f07aab3fd3d5ea078474a,0.051338598132133484,NORMAL,STANDARDIZED,,downmixed to mono,
tabla_000520.wav,rupak09.wav,tabla,Tabla,Tabla\rupak09.wav,44100,44100,2,1,5.887777777777778,5.887777777777778,259651,259651,.wav,1038648,b9388be902cf2416021279b6aef308e24e597107844e99b032b89e43dcfa1214,c636fd10692165241708061592ca253160f7294b7ede60ca79568e09721c2998,0.06402521580457687,NORMAL,STANDARDIZED,,downmixed to mono,
tabla_000521.wav,rupak10.wav,tabla,Tabla,Tabla\rupak10.wav,44100,44100,2,1,5.847301587301588,5.847301587301588,257866,257866,.wav,1031508,49438c93ca8a769c143bbea1373982a758ce7726566eee51548b07c02cf1d94d,e38d47f193507ebb270b6a81ece12ddda14e82ec06fdb16f489b3bfe8551f7d3,0.06517643481492996,NORMAL,STANDARDIZED,,downmixed to mono,
tabla_000522.wav,rupak11.wav,tabla,Tabla,Tabla\rupak11.wav,44100,44100,2,1,5.829410430839002,5.829410430839002,257077,257077,.wav,1028352,2320e41bdcc6f6d2d1d80b1c98808678f928fa0ef4ff0f61341c94d02dfaabbf,79fe1a322d7bba755e19a774792c1dfd6896780c29b330d6da9b1f1328047263,0.06318291276693344,NORMAL,STANDARDIZED,,downmixed to mono,
tabla_000523.wav,rupak12.wav,tabla,Tabla,Tabla\rupak12.wav,44100,44100,2,1,5.797460317460318,5.797460317460318,255668,255668,.wav,1022716,8650720d271b9dfa86c9bbf844d1f0b868968a1c1a7c08b5c82dc03db83383f0,868fd1068721791dbc9d1d76423b9083551679a0a8aef629208c1edfc7223cf8,0.059294186532497406,NORMAL,STANDARDIZED,,downmixed to mono,
tabla_000524.wav,rupak13.wav,tabla,Tabla,Tabla\rupak13.wav,44100,44100,2,1,4.837074829931972,4.837074829931972,213315,213315,.wav,853304,439854a2435be3b3f8bfeb0129b438a588bc33be1359352c94b2e6e9d4008b88,12976b865f923074ad1b7d0ec765ce65411394238ceda2eeb927ed33647442a4,0.05903789773583412,NORMAL,STANDARDIZED,,downmixed to mono,
tabla_000525.wav,rupak14.wav,tabla,Tabla,Tabla\rupak14.wav,44100,44100,2,1,4.77108843537415,4.77108843537415,210405,210405,.wav,841664,36495c38c2bb2d5eb7e3640755f8aa50f9b1298891be0ab6260ce4ec5ee7681f,774120341289d728a08c3fb75f8c4ca078c7a6ad92deaa2925e5a687d6b331ec,0.057946838438510895,NORMAL,STANDARDIZED,,downmixed to mono,
tabla_000526.wav,rupak15.wav,tabla,Tabla,Tabla\rupak15.wav,44100,44100,2,1,4.828775510204082,4.828775510204082,212949,212949,.wav,851840,5252ee61746fd8e51433308b66a1bad8f6d46a9c93136ea3077b20712dc6f0fe,9621f5554bf239433967e851581bfe2e9cfda84ee55c428f400d957c342ab171,0.05544634163379669,NORMAL,STANDARDIZED,,downmixed to mono,
tabla_000527.wav,rupak16.wav,tabla,Tabla,Tabla\rupak16.wav,44100,44100,2,1,4.865306122448979,4.865306122448979,214560,214560,.wav,858284,e35038a456d5b3eaa6ed9c9cdff301869a84a72cd25bb8ce3b121d7eccf12773,0d31d25e3589a805485ed9515b0fe4c790d6c23befbb22b8167094c1a6ffeff0,0.06021467596292496,NORMAL,STANDARDIZED,,downmixed to mono,
tabla_000528.wav,rupak17.wav,tabla,Tabla,Tabla\rupak17.wav,44100,44100,2,1,4.863945578231292,4.863945578231292,214500,214500,.wav,858044,23e47a086aec28f0ae9ef6e4959fe74c6dd353401d1792b30141c1c91ff24b89,16124e5467f0185cc91118c401b270e52fad52ddf8a7191ff3aad1a4eac80b8d,0.055828757584095,NORMAL,STANDARDIZED,,downmixed to mono,
tabla_000529.wav,rupak18.wav,tabla,Tabla,Tabla\rupak18.wav,44100,44100,2,1,4.890634920634921,4.890634920634921,215677,215677,.wav,862752,80ba43680825f0cc7b5d94900efcc123e1b2a21d81c919c6301371d181ca2c88,6e056cc5de0b6e8f1abbe1675efbdb516378797be8547e24b1f8eceeb2c285d1,0.05396418645977974,NORMAL,STANDARDIZED,,downmixed to mono,
tabla_000530.wav,rupak19.wav,tabla,Tabla,Tabla\rupak19.wav,44100,44100,2,1,4.789092970521542,4.789092970521542,211199,211199,.wav,844840,3f07c8fd53445b172eea3de08f89972dfac73cba0c6d52d4ff61fb96e6514ea9,3d6e1a64b68cdc47df9d77031dc0255180727546d870937efe756750c5153f0e,0.04785030335187912,NORMAL,STANDARDIZED,,downmixed to mono,
tabla_000531.wav,rupak20.wav,tabla,Tabla,Tabla\rupak20.wav,44100,44100,2,1,4.823333333333333,4.823333333333333,212709,212709,.wav,850880,9de38b4fa9c95ed4ff640f251efecfd5fc501a3aa5b78e0f6e6e69cca3c56f4f,bd0244c9f036e18ef32f339471c3d51579114a513cb4bc70c7e3ff2146985f91,0.048732247203588486,NORMAL,STANDARDIZED,,downmixed to mono,
tabla_000532.wav,rupak21.wav,tabla,Tabla,Tabla\rupak21.wav,44100,44100,2,1,4.864965986394558,4.864965986394558,214545,214545,.wav,858224,57d6064d4e6c44a767d71204aba35cea7b4742558a3809212ca3ce9a7fb55d6d,7300590fdcadc60b3d7d9551713724d50cc72ac3207cfbd96ba388cc4b099173,0.06252750009298325,NORMAL,STANDARDIZED,,downmixed to mono,
tabla_000533.wav,rupak22.wav,tabla,Tabla,Tabla\rupak22.wav,44100,44100,2,1,4.85297052154195,4.85297052154195,214016,214016,.wav,856108,7856177da716082ec441c8bbecb848b133a3726df8f0ee2b2d79656a3ecc775e,e6d32897f046af33cc7923af2b81b86d0267f77f5966018ad21700b2336ee18d,0.06091643497347832,NORMAL,STANDARDIZED,,downmixed to mono,
tabla_000534.wav,rupak23.wav,tabla,Tabla,Tabla\rupak23.wav,44100,44100,2,1,4.853628117913832,4.853628117913832,214045,214045,.wav,856224,626faacc41fd5226582c34265edaba070dfb930c7e11ed60d331a1577a80e560,26ec3b10961ceab4f21d41f2be8440609ea40c00860233392bf49f25ac58a415,0.06339387595653534,NORMAL,STANDARDIZED,,downmixed to mono,
tabla_000535.wav,rupak24.wav,tabla,Tabla,Tabla\rupak24.wav,44100,44100,2,1,4.864149659863946,4.864149659863946,214509,214509,.wav,858080,237f5e61cd74b98a35e681b0518d81f6c31bec27c293e3d2105a28dddf1148be,71b4b59dfc92418de49127ac5ba3f2284a6dd7b08cf39cc2e23b20a67adf8546,0.057733919471502304,NORMAL,STANDARDIZED,,downmixed to mono,
tabla_000536.wav,rupak25.wav,tabla,Tabla,Tabla\rupak25.wav,44100,44100,2,1,3.7159410430839004,3.7159410430839004,163873,163873,.wav,655536,21f2525bd8436e2ef816cc9f0249e605c037bd3c09b6af565f91c774531a0f61,228cee8264468f153bf621e8847869407cad4c2a3cd49294e5877b4aecf46958,0.0676775872707367,NORMAL,STANDARDIZED,,downmixed to mono,
tabla_000537.wav,rupak26.wav,tabla,Tabla,Tabla\rupak26.wav,44100,44100,2,1,3.6800226757369616,3.6800226757369616,162289,162289,.wav,649200,3666405de021d9b7d7b55249c2c41352a7e4db4eb683d610ff82fa81bbab1aa8,86bf73b43b91e44b762bae3f7adaf7d05aaaf4f48418ee5b70ccbe9c88781e10,0.06754224747419357,NORMAL,STANDARDIZED,,downmixed to mono,
tabla_000538.wav,rupak27.wav,tabla,Tabla,Tabla\rupak27.wav,44100,44100,2,1,3.719795918367347,3.719795918367347,164043,164043,.wav,656216,9b8d60d0613c1f25c9de1bfe2e7848d6eb93628f648d8694f201cf0c98757839,761711fc330982ac4142447c50c1297b40e874150e0acf05955c75ab87f99aca,0.06717835366725922,NORMAL,STANDARDIZED,,downmixed to mono,
tabla_000539.wav,rupak28.wav,tabla,Tabla,Tabla\rupak28.wav,44100,44100,2,1,3.7219274376417233,3.7219274376417233,164137,164137,.wav,656592,d835415848bea3e1b701cd65e6f33a71fbd5d95a41838237a6b54d3db58de8ac,11d76068a9bf16589c07f9b0688ca7077d342b1cd291496c76c99edfc731451f,0.0679544061422348,NORMAL,STANDARDIZED,,downmixed to mono,
tabla_000540.wav,rupak29.wav,tabla,Tabla,Tabla\rupak29.wav,44100,44100,2,1,3.7170521541950112,3.7170521541950112,163922,163922,.wav,655732,fa13b0deb8e5b387231d6982009baeb600015024a2ffde19e715cecae9e094f3,33f55f162f02b75850b5970322ada2733a719073cd5243993c31590c307c0f1d,0.06862752884626389,NORMAL,STANDARDIZED,,downmixed to mono,
tabla_000541.wav,rupak30.wav,tabla,Tabla,Tabla\rupak30.wav,44100,44100,2,1,3.715736961451247,3.715736961451247,163864,163864,.wav,655500,0bf0c9e2fc6dd44ab443134f797d4c38c4f6c333a6c275678f6b4c7a0e114039,d1e53f8fcbec501941109ef1175c728eafc0c813ea18599c8b545cce7da19f19,0.061066269874572754,NORMAL,STANDARDIZED,,downmixed to mono,
tabla_000542.wav,rupak31.wav,tabla,Tabla,Tabla\rupak31.wav,44100,44100,2,1,3.7120861678004533,3.7120861678004533,163703,163703,.wav,654856,8c35bbd31c5d0100aba5cbc7a8f52304059845b0659241c6723cbe7719ddf4be,5f39c170ef7a9f9e6da978d6634f27738983ed46792f4e202d8363010bb44c65,0.05736711621284485,NORMAL,STANDARDIZED,,downmixed to mono,
tabla_000543.wav,rupak32.wav,tabla,Tabla,Tabla\rupak32.wav,44100,44100,2,1,3.6856009070294786,3.6856009070294786,162535,162535,.wav,650184,9f8c4ad7359ea390c40a7ee95db4641be2a320f9575483df4a02b4685a941dd8,9137512b8527bda1149d59a9949ceb9800d9f8a4e854d5ae32a9971d0dabb343,0.055226460099220276,NORMAL,STANDARDIZED,,downmixed to mono,
tabla_000544.wav,rupak33.wav,tabla,Tabla,Tabla\rupak33.wav,44100,44100,2,1,3.719092970521542,3.719092970521542,164012,164012,.wav,656092,04e83d6f89c67cc712a55cd3c84c364d29956229cd3f99c2708cb112d44e28a0,e5175dfc9f4fbba8ca9b2d8d6b95ecaf9447ff0d480935b486772341554d5df8,0.07589976489543915,NORMAL,STANDARDIZED,,downmixed to mono,
tabla_000545.wav,rupak34.wav,tabla,Tabla,Tabla\rupak34.wav,44100,44100,2,1,3.6867573696145124,3.6867573696145124,162586,162586,.wav,650388,0c4ef3b5b79dded700c6b064829625d2e5968902d7de7b6cb02f09ada97a3106,0dc409837b95021357803c68d43ea67dec318c1f9bacec8b87d1873d9ac36be0,0.07244066894054413,NORMAL,STANDARDIZED,,downmixed to mono,
tabla_000546.wav,rupak35.wav,tabla,Tabla,Tabla\rupak35.wav,44100,44100,2,1,3.6886621315192745,3.6886621315192745,162670,162670,.wav,650724,30c5d0378a319426fb699482fb279a6c125791b5320ecc9fe567da18cb72506c,faa6f52ceba74c92dca931a6b15d316d40679c8f2a71cf787756bb3ed765cdfd,0.0690603256225586,NORMAL,STANDARDIZED,,downmixed to mono,
tabla_000547.wav,rupak36.wav,tabla,Tabla,Tabla\rupak36.wav,44100,44100,2,1,3.6874149659863944,3.6874149659863944,162615,162615,.wav,650504,6faafa7b8ac9df706a275a4b434977528faea277dfb78d99fad9ab30e9f39716,11b5dccf22135d7e2b5292a2c5714bfca344ed5477fe4512cb496c152fd5e78e,0.0707133337855339,NORMAL,STANDARDIZED,,downmixed to mono,
tabla_000548.wav,rupak37.wav,tabla,Tabla,Tabla\rupak37.wav,44100,44100,2,1,3.038253968253968,3.038253968253968,133987,133987,.wav,535992,33a738ee8e26be98253e76199d7b7f31066219baca4d587d4639c1f805df0fb5,4f07b28b4828d5b9f2d2fffffe78eb222bdee989c9a98e2892da78006f2005bd,0.06852686405181885,NORMAL,STANDARDIZED,,downmixed to mono,
tabla_000549.wav,rupak38.wav,tabla,Tabla,Tabla\rupak38.wav,44100,44100,2,1,3.021224489795918,3.021224489795918,133236,133236,.wav,532988,89a0ef53d6ea484927e0debabd63459832b797108fd0889f4409a8e83f2f3f6a,e84042e3777199cb35319be4987c420d320730f34d9a933e2172c018dba003e2,0.07443831115961075,NORMAL,STANDARDIZED,,downmixed to mono,
tabla_000550.wav,rupak39.wav,tabla,Tabla,Tabla\rupak39.wav,44100,44100,2,1,2.9972108843537413,2.9972108843537413,132177,132177,.wav,528752,7a206c45460637bf863fd2b0091bdc5e21a0514955fb9820763479ce916e417e,c1dac1741222ef2aef0d9c3ba14a3478443233ee3a3db605956e72500cccabe8,0.07154949009418488,NORMAL,STANDARDIZED,,downmixed to mono,
tabla_000551.wav,rupak40.wav,tabla,Tabla,Tabla\rupak40.wav,44100,44100,2,1,2.9783219954648525,2.9783219954648525,131344,131344,.wav,525420,1f12e302b71ec7818640f50cdfaa21c161fb66ebf3424f403e8203b8006876ad,ff57abb61a5b703972709a066fea1b111335b35f3f151866778a9cc64e4c12c7,0.06798882782459259,NORMAL,STANDARDIZED,,downmixed to mono,
tabla_000552.wav,rupak41.wav,tabla,Tabla,Tabla\rupak41.wav,44100,44100,2,1,3.00702947845805,3.00702947845805,132610,132610,.wav,530484,1b227f0a8653b51ae1a4a653aa860453356380cb703500efd668c48c08698e92,259e9004f51044751bde1d3360e3bb0cca0a6d3c5546c6245299ecc79f2073f2,0.07131944596767426,NORMAL,STANDARDIZED,,downmixed to mono,
tabla_000553.wav,rupak42.wav,tabla,Tabla,Tabla\rupak42.wav,44100,44100,2,1,2.9605442176870747,2.9605442176870747,130560,130560,.wav,522284,07f1b9902aa615ecdf45093ee14cd97c3644e6e07415bbc33379d3e4a14ff288,196b6a21d83314866690be5957cbce303ca865afc4ee64a53b63cec6efc13a04,0.061837732791900635,NORMAL,STANDARDIZED,,downmixed to mono,
tabla_000554.wav,rupak43.wav,tabla,Tabla,Tabla\rupak43.wav,44100,44100,2,1,2.9811111111111113,2.9811111111111113,131467,131467,.wav,525912,d1e57cb8081176fecb55fe0071e7f67c525890e6781a09f9da39cb14f483fa37,364697b471b3627858785e70aca9d8c7379c12666be0d8a0f212e8ca4be0dbcc,0.05923669785261154,NORMAL,STANDARDIZED,,downmixed to mono,
tabla_000555.wav,rupak44.wav,tabla,Tabla,Tabla\rupak44.wav,44100,44100,2,1,3.0211564625850342,3.0211564625850342,133233,133233,.wav,532976,c8766d6166a551cff9d705811b799400fe5c979ed25498373418b58e4f943dd2,89e02aca303a7b5e621a9e8e6d3fe554d8d1dc4ab1c6debeaa0f92c0f0ba3a0b,0.060365404933691025,NORMAL,STANDARDIZED,,downmixed to mono,
tabla_000556.wav,rupak45.wav,tabla,Tabla,Tabla\rupak45.wav,44100,44100,2,1,3.067074829931973,3.067074829931973,135258,135258,.wav,541076,0414ce9b6fc3ebcb1e9f925d2a5dac5a827d1da08c4084836988da6a2c2ac1df,5b52d74c825fc5c18cf39ca8f26258198d43178f1c5bbecd9d0736c0fc524aaa,0.0777502954006195,NORMAL,STANDARDIZED,,downmixed to mono,
tabla_000557.wav,rupak46.wav,tabla,Tabla,Tabla\rupak46.wav,44100,44100,2,1,3.01390022675737,3.01390022675737,132913,132913,.wav,531696,0051f9c8cff2f4f98548f749ba46a7a74184391ca277b7f6a406d80930b7dd1f,da1156acd556b1fb7dc0c36592639a91e16dc2a322afaf3490cb1acd2fc4834a,0.0720771998167038,NORMAL,STANDARDIZED,,downmixed to mono,
tabla_000558.wav,rupak47.wav,tabla,Tabla,Tabla\rupak47.wav,44100,44100,2,1,2.9920861678004536,2.9920861678004536,131951,131951,.wav,527848,6f7a0ac970a352a09aca611f20dbdce08164971218fdc8b05c24aa93468467c2,38cce065dd09470fb288f713268ff325b1c21b434386a916e63f7d8f17d49d86,0.07203537225723267,NORMAL,STANDARDIZED,,downmixed to mono,
tabla_000559.wav,rupak48.wav,tabla,Tabla,Tabla\rupak48.wav,44100,44100,2,1,2.985170068027211,2.985170068027211,131646,131646,.wav,526628,2c1b5ed524e5a73db06659f5f0e11b1312bc9d02090df354021835b960de4408,486d21f316da3298eddf49e8293f3e1cd948f8d5948ba59d6303dfd3c0d135d6,0.06984778493642807,NORMAL,STANDARDIZED,,downmixed to mono,
tabla_000560.wav,rupak49.wav,tabla,Tabla,Tabla\rupak49.wav,44100,44100,2,1,2.325532879818594,2.325532879818594,102556,102556,.wav,410268,3925e25095a1fbeeaf3913a0d65416cc2dda44f57520afeece3aa9a33559c15a,49b58af4ec677f4be157ea67ae4305cb13030799e3575f88d8486852faf622e3,0.082706518471241,NORMAL,STANDARDIZED,,downmixed to mono,
tabla_000561.wav,rupak50.wav,tabla,Tabla,Tabla\rupak50.wav,44100,44100,2,1,2.2922448979591836,2.2922448979591836,101088,101088,.wav,404396,673e5a0873339ea450780a8325a345fc061f842a9fcbbd32e24d625ac987494a,e0cf5aa3133c4f8029d2f278b73931b69d9c77cd9d37b7b5b39e495048f887b9,0.08163923025131226,NORMAL,STANDARDIZED,,downmixed to mono,
tabla_000562.wav,rupak51.wav,tabla,Tabla,Tabla\rupak51.wav,44100,44100,2,1,2.293219954648526,2.293219954648526,101131,101131,.wav,404568,3c803bb51657c9180dd4d32ee0dea0cf5c736f70192b9f6263a005b484c6c88c,17820cd6d9e143f905e01707dd2d175c4c252251ac388382aa855f7397ca8f64,0.07849882543087006,NORMAL,STANDARDIZED,,downmixed to mono,
tabla_000563.wav,rupak52.wav,tabla,Tabla,Tabla\rupak52.wav,44100,44100,2,1,2.2830839002267576,2.2830839002267576,100684,100684,.wav,402780,b28c818df85868a260097ed71ab0e6d9a7873d00ba36f8c5d756d93ecb913e4c,19f366fefc89cfbe7224b82ad146be400e3d1fc2dafd4279a02f6e0140394e07,0.08004797995090485,NORMAL,STANDARDIZED,,downmixed to mono,
tabla_000564.wav,rupak53.wav,tabla,Tabla,Tabla\rupak53.wav,44100,44100,2,1,2.295873015873016,2.295873015873016,101248,101248,.wav,405036,5d1bb95bed516f9a2409c2f20a63bcc8afa83b77764b83f0c54557ba6f47a2d7,777780eab7c81f1679f60b31bc0b3eee85ecb5276e8129298b01a8dfa771ecba,0.08020119369029999,NORMAL,STANDARDIZED,,downmixed to mono,
tabla_000565.wav,rupak54.wav,tabla,Tabla,Tabla\rupak54.wav,44100,44100,2,1,2.2929931972789115,2.2929931972789115,101121,101121,.wav,404528,481bb155d875292e0d0e1b11acd68f32b2eef0aa3b5bcbba7eb814c89b257db3,a56b2c40ff8dab458e3bfdfc486b7ca7a3c8318e0a79ea5ae732e8c304ce8e77,0.07257715612649918,NORMAL,STANDARDIZED,,downmixed to mono,
tabla_000566.wav,rupak55.wav,tabla,Tabla,Tabla\rupak55.wav,44100,44100,2,1,2.2889342403628117,2.2889342403628117,100942,100942,.wav,403812,c1702165c0463f69caba22b2f96f204e74ab65d9329fde467900581897d5b652,530f581924e37fe15e389d1d8d089437b012862b1fc4cb745612505ee111f07d,0.06624241173267365,NORMAL,STANDARDIZED,,downmixed to mono,
tabla_000567.wav,rupak56.wav,tabla,Tabla,Tabla\rupak56.wav,44100,44100,2,1,2.3,2.3,101430,101430,.wav,405764,811e6e1859c50710dabffa4df08b5cd89f59316613920f1f6d41a866a7d2efff,89b3d47b6120722e213bb7404ed5d540daf7941cbb51e2d3d4fa5c58fe3113b6,0.07084845751523972,NORMAL,STANDARDIZED,,downmixed to mono,
tabla_000568.wav,rupak57.wav,tabla,Tabla,Tabla\rupak57.wav,44100,44100,2,1,2.3500680272108845,2.3500680272108845,103638,103638,.wav,414596,f6cd0f255822d48ace3cb1b4692278e1a45fa10a6c0010c4bb91006c06e8b8fd,ced09f139086baeb6101451ce44c9353ec40583cf27b645494136ca44a6c2aed,0.08791914582252502,NORMAL,STANDARDIZED,,downmixed to mono,
tabla_000569.wav,rupak58.wav,tabla,Tabla,Tabla\rupak58.wav,44100,44100,2,1,2.2973015873015874,2.2973015873015874,101311,101311,.wav,405288,14dadc8806c5b81870a5d7d98b5f6a1cdcc688c53a76b36b5a8e77b713b58187,623c2c874bc91aec6bf10172ec4a019ad53a45611c4820c8227a03626fb60763,0.08067096024751663,NORMAL,STANDARDIZED,,downmixed to mono,
tabla_000570.wav,rupak59.wav,tabla,Tabla,Tabla\rupak59.wav,44100,44100,2,1,2.2930385487528344,2.2930385487528344,101123,101123,.wav,404536,34dd9bc70572050886430d4033b72b2fbee77cc8feed76df58982611e1e9e334,0664e325223661f98f2b650f07d4d7094a873ecedc6b34c19f56cd1a8723dd0c,0.08327582478523254,NORMAL,STANDARDIZED,,downmixed to mono,
tabla_000571.wav,rupak60.wav,tabla,Tabla,Tabla\rupak60.wav,44100,44100,2,1,2.292018140589569,2.292018140589569,101078,101078,.wav,404356,cdce53ffa210e94a9ba845fcec3d0c7e605cce281e520a2bec834084e58adc1e,0c2b437d78cd9c4cb983c758e5ff9d37dd230fe101150d3dedc0866b3d55d2da,0.07945992797613144,NORMAL,STANDARDIZED,,downmixed to mono,
tabla_000572.wav,shyaam_SRC.wav,tabla,Tabla,Tabla\shyaam_SRC.wav,16000,44100,1,1,112.228625,112.22863945578231,1795658,4949283,.wav,3591360,4d9eb84167da38e6b53fbd7a93d0f068978bc1b8eea33699f2d8e3dd832385fc,d4c2d1fdcecefbd3d7d3964b3b1efac8eaa87ad2628d913d56878cba3e5a79d2,0.032932065427303314,NORMAL,STANDARDIZED,,resampled from 16000 to 44100,
tabla_000573.wav,SK_comp_1.wav,tabla,Tabla,Tabla\SK_comp_1.wav,16000,44100,1,1,21.5896875,21.5897052154195,345435,952106,.wav,690914,100428264de1b3b87521a03d7a1af3cee4317c9e428b3928f93cbf5be3e0838a,a6f8d1dbae2258573962af2e9a8dd523640c8db5cbca0b907bfa2d28ecc7308d,0.1620224416255951,NORMAL,STANDARDIZED,,resampled from 16000 to 44100,
tabla_000574.wav,SK_comp_2.wav,tabla,Tabla,Tabla\SK_comp_2.wav,16000,44100,1,1,12.4475625,12.447573696145124,199161,548938,.wav,398366,a7620dc939252d03fc6f35022cac6b9eab5709cb3db8793723e214f9e147960e,fe1ce1854b244db58a8b6b80180a1bc98f99ea77d2a8bb47a7cbb46ba690fca9,0.13985642790794373,NORMAL,STANDARDIZED,,resampled from 16000 to 44100,
tabla_000575.wav,SK_comp_3.wav,tabla,Tabla,Tabla\SK_comp_3.wav,16000,44100,1,1,15.267,15.267006802721088,244272,673275,.wav,488588,704fcd9b0a5323a27316b3e6be87d6df8e8a126882d1b88d7421f171f72594f2,d09586f1bf8af98192c3493f8112ffeabb985f83deaf2248c23dad0b57884634,0.1235419362783432,NORMAL,STANDARDIZED,,resampled from 16000 to 44100,
tabla_000576.wav,SK_comp_4.wav,tabla,Tabla,Tabla\SK_comp_4.wav,16000,44100,1,1,12.16975,12.169750566893423,194716,536686,.wav,389476,9e01b4a5a60d9779570190fa71b2e1f5d64fa78bc43d816160dbfcd34fade5bb,d354b9c5c7791feb8536b1470f1e865367ab4c8e7eb48fec67a6d864692c4d0c,0.1215210109949112,NORMAL,STANDARDIZED,,resampled from 16000 to 44100,
tabla_000577.wav,SK_comp_5.wav,tabla,Tabla,Tabla\SK_comp_5.wav,16000,44100,1,1,21.4974375,21.497437641723355,343959,948037,.wav,687962,1c984f75ed867e861f13f45c41baf6bdd27b93eac726642d27b76e7f27099f89,12fd04061d8462f57bc24bff660f24edd23aab785a327e618dd90a411d4997a4,0.1383841633796692,NORMAL,STANDARDIZED,,resampled from 16000 to 44100,
tabla_000578.wav,SK_comp_6.wav,tabla,Tabla,Tabla\SK_comp_6.wav,16000,44100,1,1,12.27775,12.277755102040816,196444,541449,.wav,392932,bbc0705e476c9e9a24b1e783ffd740769e1cbecec2e20fd3c4b75af91e10ee2e,6d965fb2fe95ecc568d8aa00a85d2389495218971958435f4861aa16bf82ec50,0.1365523785352707,NORMAL,STANDARDIZED,,resampled from 16000 to 44100,
tabla_000579.wav,SK_comp_7.wav,tabla,Tabla,Tabla\SK_comp_7.wav,16000,44100,1,1,23.62025,23.620272108843537,377924,1041654,.wav,755892,84b22d9fc877a2e65edeb3427009c0ab160460df5de4ae8c0d4a319920c4bb73,2f1a22974d6d24ea18eb927cb0197b599954ebaeaf92c037fe575fd630c2a819,0.13273616135120392,NORMAL,STANDARDIZED,,resampled from 16000 to 44100,
tabla_000580.wav,SK_dadra.wav,tabla,Tabla,Tabla\SK_dadra.wav,16000,44100,1,1,9.988375,9.988390022675738,159814,440488,.wav,319672,d3560557c3c29b17995b028dbf9829e313366ada106899f2448e45b05bd51c76,4b7bcfc7731a4a01351a057227f3750b46f14f55c969128407f09c67ec4d72c9,0.11740954220294952,NORMAL,STANDARDIZED,,resampled from 16000 to 44100,
tabla_000581.wav,SK_ektaal.wav,tabla,Tabla,Tabla\SK_ektaal.wav,16000,44100,1,1,16.7816875,16.78170068027211,268507,740073,.wav,537058,64e700516adb573f58c26f3a3c91dce7a677cca92464f8646eefa8ccc5d46777,65291629eb608e00fe5cc9f9c0003510232b56bf6a62cad5c5545d66f4cde3d2,0.11158853024244308,NORMAL,STANDARDIZED,,resampled from 16000 to 44100,
tabla_000582.wav,SK_ektaal_drut.wav,tabla,Tabla,Tabla\SK_ektaal_drut.wav,16000,44100,1,1,9.05725,9.057256235827664,144916,399425,.wav,289876,195a667eaf0b8de41bca1b4b87cc70f7e495b0c3870f7eac0dd1c9899363fe80,4619f64b5c47ba134b60fc2bd9a77e34c5b14c7184a12fee8e0cab662e674406,0.1306554079055786,NORMAL,STANDARDIZED,,resampled from 16000 to 44100,
tabla_000583.wav,SK_ektaal_vilambit.wav,tabla,Tabla,Tabla\SK_ektaal_vilambit.wav,16000,44100,1,1,26.863625,26.863628117913834,429818,1184686,.wav,859680,1eba286233b36a690577abac93ab12b0b01cc67f1f49d6e4401eab72273d096d,d0e7d4521e25f7e4c89fd1d1beb276f70a577549c44a77775afce899aaa29a65,0.11169931292533875,NORMAL,STANDARDIZED,,resampled from 16000 to 44100,
tabla_000584.wav,SK_jhoomra.wav,tabla,Tabla,Tabla\SK_jhoomra.wav,16000,44100,1,1,19.1940625,19.194081632653063,307105,846459,.wav,614254,05a3ac052e67a99d1ba4c663ae0ef5610a0f52500a012b0d28da293dbab2a0d8,ec6d8e893a99b4c0e7105782558eea3cef1700a6a217f26976ec5cf843eb1a0b,0.1296113282442093,NORMAL,STANDARDIZED,,resampled from 16000 to 44100,
tabla_000585.wav,SK_kaida_1.wav,tabla,Tabla,Tabla\SK_kaida_1.wav,16000,44100,1,1,223.1135625,223.11358276643992,3569817,9839309,.wav,7139678,6b9a270605cf21532b5adacbe135ee4d6aa19383dbc0038482601bd2f07018f4,9e8c969b362c758ba148c824e3ecfdda12864a80cbb674810e60134919451d53,0.1537315845489502,NORMAL,STANDARDIZED,,resampled from 16000 to 44100,
tabla_000586.wav,SK_rela_1.wav,tabla,Tabla,Tabla\SK_rela_1.wav,16000,44100,1,1,99.5403125,99.54031746031745,1592645,4389728,.wav,3185334,1b9eb96c7bc54c829b8b33446de2314e219d5e38b4475066668df8836900d564,a473a5e08f58c4e1a642956c02f6ea4bb85993f584ef43c9eb5174d23008ca88,0.1362025886774063,NORMAL,STANDARDIZED,,resampled from 16000 to 44100,
tabla_000587.wav,SK_roopak.wav,tabla,Tabla,Tabla\SK_roopak.wav,16000,44100,1,1,11.0144375,11.014444444444445,176231,485737,.wav,352506,4eaac4f6a7f90646355ca1c08cc863a459c7e02fd8875c95cabfcaf39c6d9e73,c41dc94a8ad1d246ae8e333bdf96af7539cf0e5be7104fa9f7c9c80cedd3fe81,0.09764845669269562,NORMAL,STANDARDIZED,,resampled from 16000 to 44100,
tabla_000588.wav,SK_teentaal.wav,tabla,Tabla,Tabla\SK_teentaal.wav,16000,44100,1,1,21.638125,21.63814058956916,346210,954242,.wav,692464,9bbc2418bdc3709969d457e995e56473affbce99b2b898eb924a0bd4f7c7aa4c,aafb23a0f256a74acaf12bb72fb0a592d01d7c00770f56de40e3a27fda00c329,0.12606264650821686,NORMAL,STANDARDIZED,,resampled from 16000 to 44100,
tabla_000589.wav,SK_teentaal_drut.wav,tabla,Tabla,Tabla\SK_teentaal_drut.wav,16000,44100,1,1,11.8636875,11.863696145124717,189819,523189,.wav,379682,ace2353708a7fe783062bf3cf38d7cbb1858c51e198c58c439e8e877084be3af,5931e578d1c7bd085819d77dc4968af2c54d94af8cfa5c4659479ea2297afac9,0.14747419953346252,NORMAL,STANDARDIZED,,resampled from 16000 to 44100,
tabla_000590.wav,SK_teentaal_mahadrut.wav,tabla,Tabla,Tabla\SK_teentaal_mahadrut.wav,16000,44100,1,1,9.68325,9.683265306122449,154932,427032,.wav,309908,e47f5f327406c659140a8f9de590a8dd0c0a9db8150e5f3e075909349850eb83,a9001ac28cfdc666fb1b4eae4b379c5f802abbe4bffba1394f1dd1ddc70d0e9b,0.15618912875652313,NORMAL,STANDARDIZED,,resampled from 16000 to 44100,
tabla_000591.wav,SK_teentaal_punjabi.wav,tabla,Tabla,Tabla\SK_teentaal_punjabi.wav,16000,44100,1,1,21.3453125,21.345328798185943,341525,941329,.wav,683094,c2aae195f0784e33dccba126348e5482ed2d0db6d87d141b13cbc09c1fe1c15e,b73c58d05a1f11192f0a30a0e5a8245a8a43cba30149124d427147d3bf0d7c46,0.12743359804153442,NORMAL,STANDARDIZED,,resampled from 16000 to 44100,
tabla_000592.wav,SK_teentaal_vilambit.wav,tabla,Tabla,Tabla\SK_teentaal_vilambit.wav,16000,44100,1,1,34.5555,34.555510204081635,552888,1523898,.wav,1105820,c16dffa8231884337ea84d5d7a8826808f69f63374ae428180ac937a1f293e5f,ac2f43c6964986469798882a31d7912622062ddfd8fef6648adfc2471b180a16,0.12438320368528366,NORMAL,STANDARDIZED,,resampled from 16000 to 44100,
tabla_000593.wav,SK_uthan_1.wav,tabla,Tabla,Tabla\SK_uthan_1.wav,16000,44100,1,1,34.7344375,34.73444444444444,555751,1531789,.wav,1111546,61d86e8cc4855add2a456896c05effd896ea59042408b6964ae0b2227234b22e,5bfc3168154cfaad089108250b45293ef8ccab2c516678ee1a98d8d13fb83282,0.13905830681324005,NORMAL,STANDARDIZED,,resampled from 16000 to 44100,
tabla_000594.wav,SM_chakradhar.wav,tabla,Tabla,Tabla\SM_chakradhar.wav,16000,44100,1,1,34.4795,34.47950113378685,551672,1520546,.wav,1103388,c586a3c8b286e125b0e2994e33541da6188189c1e204063992b21ec9d32a695e,a9c308aa34e036d532a04af916fc90ff334fa8fb2fe275508546f452edeb814e,0.1384349912405014,NORMAL,STANDARDIZED,,resampled from 16000 to 44100,
tabla_000595.wav,SM_kayda_1.wav,tabla,Tabla,Tabla\SM_kayda_1.wav,16000,44100,1,1,170.2795,170.27950113378685,2724472,7509326,.wav,5448988,4a82fb013ed7d05ed4f6ce4892ec817ee3e483258a83b86709451a067a08f93f,24c96447c79cfe47085d33a5eb36a3810a52e48a12cc04d60337db0c656d5fda,0.16153983771800995,NORMAL,STANDARDIZED,,resampled from 16000 to 44100,
tabla_000596.wav,SM_kayda_2.wav,tabla,Tabla,Tabla\SM_kayda_2.wav,16000,44100,1,1,182.5595,182.55950113378685,2920952,8050874,.wav,5841948,d3c98f1a48469c9c34ef0c55d7768c17e923c3df1d8ecf7c21bcb791de586154,a1747d711dc38e4b186317b8308cb2832507283616c9059a8767abb390e8ef45,0.1382794827222824,NORMAL,STANDARDIZED,,resampled from 16000 to 44100,
tabla_000597.wav,SM_peshkar.wav,tabla,Tabla,Tabla\SM_peshkar.wav,16000,44100,1,1,184.4795,184.47950113378684,2951672,8135546,.wav,5903388,0bd8c09dd1db305b29edea6a8f33a8f8bcaa41dff2b7ff026bc117e50d7b6c95,593b1514e9267a26fc00a9c6fa624ca3e72626465599f94d91c275d93cf94e18,0.15372943878173828,NORMAL,STANDARDIZED,,resampled from 16000 to 44100,
tabla_000598.wav,SM_uthan.wav,tabla,Tabla,Tabla\SM_uthan.wav,16000,44100,1,1,55.7595,55.75950113378685,892152,2458994,.wav,1784348,d374b6b2cc4d48cbcd0c92f93b3b591eca9fb4602cdc22c7ede2c7a5d06c255e,6fac341025293bd7911380924149db11b8fa53ab1a0f6de5ab12a4bff32cc202,0.1299431473016739,NORMAL,STANDARDIZED,,resampled from 16000 to 44100,
tabla_000599.wav,sourashtra-soma_UK2.wav,tabla,Tabla,Tabla\sourashtra-soma_UK2.wav,16000,44100,1,1,84.1148125,84.11482993197279,1345837,3709464,.wav,2691718,232ded045a2601c892cddccb1658fc17316155b21399cc5d6720cfa4e69578ce,608b46a319e25481bf99b07db8594c541226c50567ee9c377bf5afba1f2279e0,0.12386368960142136,NORMAL,STANDARDIZED,,resampled from 16000 to 44100,
tabla_000600.wav,swarmalika-desh_SRC.wav,tabla,Tabla,Tabla\swarmalika-desh_SRC.wav,16000,44100,1,1,112.6151875,112.61519274376417,1801843,4966330,.wav,3603730,2c15fa7ca52f7ee9cf063a7d8f3d326717ab615f553bcd45ee574dd4cc289d54,9860e99bf050966b4d1e6038f2fd00684d069682818d9e5e97f3a3f1b3f43893,0.02953914925456047,NORMAL,STANDARDIZED,,resampled from 16000 to 44100,
tabla_000601.wav,T4_02.wav,tabla,Tabla,Tabla\T4_02.wav,16000,44100,1,1,10.145,10.14501133786848,162320,447395,.wav,324684,09977e87014ffed3cfcc63dd25122b6be320940e9533e2556349179a8c96609f,ef1ac39c1caa958e5596c6b962dbd9f5937770492af33c242a970eeed4272e13,0.08434275537729263,NORMAL,STANDARDIZED,,resampled from 16000 to 44100,
tabla_000602.wav,T4_Ben_03.wav,tabla,Tabla,Tabla\T4_Ben_03.wav,16000,44100,1,1,17.664,17.664013605442175,282624,778983,.wav,565292,619ca6d4d23531ac008a085e0d69d8ac0376796b87d049a2035d810ca7291020,b43cf2e606054757f2f455aee8def6d3dbb54ee6ecd4bf52124129bffa0bea5d,0.1278018355369568,NORMAL,STANDARDIZED,,resampled from 16000 to 44100,
tabla_000603.wav,T4_Dli_01.wav,tabla,Tabla,Tabla\T4_Dli_01.wav,16000,44100,1,1,5.3644375,5.364444444444445,85831,236572,.wav,171706,9cce9bd0830695001a7e4f5ab32edf20acb9907d81af71b50d2564ad831b8a76,3ceefe558788ffc77eaa2a1748e8f37d13e687db153536e4f74e7ad2dfd635ac,0.18521837890148163,NORMAL,STANDARDIZED,,resampled from 16000 to 44100,
tabla_000604.wav,T4_Dli_02.wav,tabla,Tabla,Tabla\T4_Dli_02.wav,16000,44100,1,1,10.602625,10.602630385487528,169642,467576,.wav,339328,4f1ed6250d84d37c19689bce5b8e74394db07745924e6f7fcc98c8f9e14efb09,f8ff34e92f1905c8459f6ccb37194321097b917d845d159650f28f7dda14ac7c,0.15618905425071716,NORMAL,STANDARDIZED,,resampled from 16000 to 44100,
tabla_000605.wav,T4_Dli_03.wav,tabla,Tabla,Tabla\T4_Dli_03.wav,16000,44100,1,1,10.673375,10.673378684807256,170774,470696,.wav,341592,d51278223b15694f57e86508f9b1e49ded13e840c3578d7423139695d245e2d6,32a7d6de6e59de75a2bdcaa4afe5bd0dd507a613ede881e0614e5fd326ad599a,0.14250783622264862,NORMAL,STANDARDIZED,,resampled from 16000 to 44100,
tabla_000606.wav,T4_Dli_04.wav,tabla,Tabla,Tabla\T4_Dli_04.wav,16000,44100,1,1,10.7541875,10.754195011337869,172067,474260,.wav,344178,6975135af9cd1f667e7524abec33c3c3e05a7dc68a64e6a8a260b249834b28ea,52ba39a321dd43ceffc13e22a1780f63b4bb07017ee9c915c7685bdb0d448cf7,0.15032736957073212,NORMAL,STANDARDIZED,,resampled from 16000 to 44100,
tabla_000607.wav,T4_Dli_05.wav,tabla,Tabla,Tabla\T4_Dli_05.wav,16000,44100,1,1,7.2334375,7.23344671201814,115735,318995,.wav,231514,506687ecae5a11df71c23a4688d12bb4a8d8d868ac2b77cc6848712801221f0c,616733cda824661ed47aa2cbbd08796ade459782f84d527625373974a4558f52,0.17370450496673584,NORMAL,STANDARDIZED,,resampled from 16000 to 44100,
tabla_000608.wav,T4_Drut_01.wav,tabla,Tabla,Tabla\T4_Drut_01.wav,16000,44100,1,1,6.0375,6.037505668934241,96600,266254,.wav,193244,ce320fb3110990e185a635db0e3e6d7242830f60662ea2b3c4436a211c2e8ead,39496d177318e8174a46489fe8207812f62be40f21671d5a8dd5968c29ca1dd5,0.14514748752117157,NORMAL,STANDARDIZED,,resampled from 16000 to 44100,
tabla_000609.wav,T4_Drut_02.wav,tabla,Tabla,Tabla\T4_Drut_02.wav,16000,44100,1,1,6.50275,6.502766439909297,104044,286772,.wav,208132,013a4a0216b6ca84f8d723139c064f00f2331f319ccd2253f7dd08bd30fe1266,cd571c9e098d3b4d234305e2e326bbe2401418f3778c8194e980b7bc301f27a6,0.16609600186347961,NORMAL,STANDARDIZED,,resampled from 16000 to 44100,
tabla_000610.wav,T4_Drut_03.wav,tabla,Tabla,Tabla\T4_Drut_03.wav,16000,44100,1,1,5.303125,5.30312925170068,84850,233868,.wav,169744,cbc7b29e120b34daf9c2b73db72d7961a22927681864a2cfbcca578cb43ca881,140b10a71ae29e333942562a02a7bc0b1039cac294b5ba6733d5372b05131ae5,0.1140768751502037,NORMAL,STANDARDIZED,,resampled from 16000 to 44100,
tabla_000611.wav,T4_Gat_01.wav,tabla,Tabla,Tabla\T4_Gat_01.wav,16000,44100,1,1,5.4775,5.47750566893424,87640,241558,.wav,175324,2c5d156bc55b8523697682945a975f0d4864e9db604e4f7972df3b58bc8c15c4,e44323bab15dfea3080998d12dbdafa55f5b9fd0f61d1ff82f895a5040221fcb,0.19334331154823303,NORMAL,STANDARDIZED,,resampled from 16000 to 44100,
tabla_000612.wav,T4_Gat_02.wav,tabla,Tabla,Tabla\T4_Gat_02.wav,16000,44100,1,1,10.8141875,10.814195011337869,173027,476906,.wav,346098,383ab09e017365dc7026d686f89f0f479c92ec4829a156b08ca923371463637a,9ab9b7bccb9d9a32d1ef92c7b1acd0898973188f13ef23e137449bd40ef88c03,0.17653682827949524,NORMAL,STANDARDIZED,,resampled from 16000 to 44100,
tabla_000613.wav,T4_Gat_03.wav,tabla,Tabla,Tabla\T4_Gat_03.wav,16000,44100,1,1,10.88875,10.88875283446712,174220,480194,.wav,348484,c321e06e3c0fda5da409d1701ee936e4594f085e066c52a43e9fa3c027aefc2f,3f80cb240fe07c7d6399f65c09fe432821e0cab9d1284a49b322d144932a6f7b,0.18387115001678467,NORMAL,STANDARDIZED,,resampled from 16000 to 44100,
tabla_000614.wav,T4_Gat_04.wav,tabla,Tabla,Tabla\T4_Gat_04.wav,16000,44100,1,1,10.8418125,10.841814058956917,173469,478124,.wav,346982,ee212294e2e91ee4483f6a7aa63fa8f320d1218e7df0f46d45e25b90778bb140,20b73ffea6724f881348620c92b2483b338374fd7714c75003392cd0cf8b7bc3,0.16833578050136566,NORMAL,STANDARDIZED,,resampled from 16000 to 44100,
tabla_000615.wav,T4_Gat_05.wav,tabla,Tabla,Tabla\T4_Gat_05.wav,16000,44100,1,1,11.223,11.223015873015873,179568,494935,.wav,359180,21b19d409810bfd9035c9e078002450b90ae1a92f46c86b673cc14a78bc7a4fc,a9a6dc6aaee476266a994d3e9f94e2600f793b377cafac2efb8e546a934f9ce8,0.16073787212371826,NORMAL,STANDARDIZED,,resampled from 16000 to 44100,
tabla_000616.wav,T4_Gat_pra_00.wav,tabla,Tabla,Tabla\T4_Gat_pra_00.wav,16000,44100,1,1,2.83075,2.8307709750566894,45292,124837,.wav,90628,105ed44182f93ae68a0784651d93748e1e8e99640005add5ab569056ab188fef,9d086df64ff58508deac5a0121639d996dc10852ee08fbb8af0f5a268dc0758c,0.21860936284065247,NORMAL,STANDARDIZED,,resampled from 16000 to 44100,
tabla_000617.wav,T4_Gat_pra_01.wav,tabla,Tabla,Tabla\T4_Gat_pra_01.wav,16000,44100,1,1,5.2400625,5.240068027210884,83841,231087,.wav,167726,1e6f972cc6367555a3f312ba52c58a8fb645f1d7f0908ee1dcfc15099cf183ee,2adeef237168127e33212fc77674c59963a6b4cd4240ac974bfcbc8117369102,0.18262113630771637,NORMAL,STANDARDIZED,,resampled from 16000 to 44100,
tabla_000618.wav,T4_Gat_pra_02.wav,tabla,Tabla,Tabla\T4_Gat_pra_02.wav,16000,44100,1,1,10.365,10.36501133786848,165840,457097,.wav,331724,d25fabe893e85b1d2a4ebb75235054c024758a17158423d3336f8d1787aa4eed,8ea352c504fa319a0deec4a4a6d7d1d9c46e2dcc00c2b9bf1925db63c4d37e8a,0.16003668308258057,NORMAL,STANDARDIZED,,resampled from 16000 to 44100,
tabla_000619.wav,T4_Luc_01.wav,tabla,Tabla,Tabla\T4_Luc_01.wav,16000,44100,1,1,5.2968125,5.296825396825397,84749,233590,.wav,169542,fd1bb493b70615bd84d029768503edd8859c04806ad319999333897a7e929732,acdf5dd5c8688d743332361552762fca7e303acc75b86353293f4517b47e9dbd,0.19936828315258026,NORMAL,STANDARDIZED,,resampled from 16000 to 44100,
tabla_000620.wav,T4_Luc_02.wav,tabla,Tabla,Tabla\T4_Luc_02.wav,16000,44100,1,1,10.7071875,10.70718820861678,171315,472187,.wav,342674,a192cf6e83b7bccfd647dae43a2f3aba02f0a5dfade74cc39fe3591d256aa9e5,42a7d2a08e76e19344f4483d39f4b3a17d2eee3e756e399b17e64b7255cb3d1c,0.2049287110567093,NORMAL,STANDARDIZED,,resampled from 16000 to 44100,
tabla_000621.wav,T4_Luc_03.wav,tabla,Tabla,Tabla\T4_Luc_03.wav,16000,44100,1,1,10.88,10.88,174080,479808,.wav,348204,542f88f946962377e31144462ab56e47e05e8b61aa99131a814a8f349cd8f2db,8232185880e93f5de18b1b53adea61e330b02bb97b5967bf57310831786a1c72,0.1869126707315445,NORMAL,STANDARDIZED,,resampled from 16000 to 44100,
tabla_000622.wav,T4_Luc_04.wav,tabla,Tabla,Tabla\T4_Luc_04.wav,16000,44100,1,1,11.2145625,11.214580498866214,179433,494563,.wav,358910,8d8d68c458e87aed2f328d85b9d0873c48c19f2b32e6b7325cf918ed82ed31aa,7b1b9aa40ebb7409ea5a7eec705b0a524711a5fe06f9ff1618886e1ec6e94e99,0.18229879438877106,NORMAL,STANDARDIZED,,resampled from 16000 to 44100,
tabla_000623.wav,T4_Luc_05.wav,tabla,Tabla,Tabla\T4_Luc_05.wav,16000,44100,1,1,10.8188125,10.818820861678004,173101,477110,.wav,346246,403a51eb4f42f835c19227c6b76a0550579feb5309ab1f03df1f76446c2147ed,8267569181b72152eb7b970e2666361a8176821d60468f4b26a45b8f09dceac7,0.1974530816078186,NORMAL,STANDARDIZED,,resampled from 16000 to 44100,
tabla_000624.wav,T4_Luc_06.wav,tabla,Tabla,Tabla\T4_Luc_06.wav,16000,44100,1,1,15.7591875,15.75920634920635,252147,694981,.wav,504338,3a4577dc6c73664aff1859c9a124762456c784a7d0bf28fd37848743cea332a2,b0680bfcfc9cf76e60a65cc4e3d0909f38dd76b285fc723c47ff3afdbf7a09dd,0.19525574147701263,NORMAL,STANDARDIZED,,resampled from 16000 to 44100,
tabla_000625.wav,T4_Mukuda_01.wav,tabla,Tabla,Tabla\T4_Mukuda_01.wav,16000,44100,1,1,10.7115625,10.71156462585034,171385,472380,.wav,342814,c162e89a90494d525b07cd8cb3d69e42488ed8d819c6359db688ad3daa152094,a24933f86da455f077b627bb277522c105eda1653b05fe90e1fe43ad59562484,0.12154368311166763,NORMAL,STANDARDIZED,,resampled from 16000 to 44100,
tabla_000626.wav,T4_Pur_01.wav,tabla,Tabla,Tabla\T4_Pur_01.wav,16000,44100,1,1,6.7799375,6.779954648526077,108479,298996,.wav,217002,1fb0ad59faf7c4effcbd082c04e89f31a099a2e8e04bf3af867a2b768a5ec2b3,5d055f00a6e0442d7911aa1c3ac2b98b8ddde9db2934ac48a3dd446457cef90b,0.12033063173294067,NORMAL,STANDARDIZED,,resampled from 16000 to 44100,
tabla_000627.wav,T4_Pur_02.wav,tabla,Tabla,Tabla\T4_Pur_02.wav,16000,44100,1,1,6.675875,6.675895691609977,106814,294407,.wav,213672,d01b8d46ace8abc5daa1db3b6cc21d45c31c15c3477bb2912fbce933ef25ec56,9ea9777f24cc527c386ee8da481a8acb7dae956caacaabb75721d4dc05486f54,0.11817009001970291,NORMAL,STANDARDIZED,,resampled from 16000 to 44100,
tabla_000628.wav,T4_Pur_03.wav,tabla,Tabla,Tabla\T4_Pur_03.wav,16000,44100,1,1,6.5878125,6.587823129251701,105405,290523,.wav,210854,fce084bad3c42e446bf0940d54d1add2b3415f32a782a40582e6487e41236e3f,fd2aa69c890e37977a612c690f1ec61f2479ddc657c34e02c973833c5b9e047c,0.12134303897619247,NORMAL,STANDARDIZED,,resampled from 16000 to 44100,
tabla_000629.wav,T4_Pur_04.wav,tabla,Tabla,Tabla\T4_Pur_04.wav,16000,44100,1,1,6.627875,6.627891156462585,106046,292290,.wav,212136,c1ebb689914d6e51fb85332188d8bc8c7f4d5d62e9046bd9c46588ca07b1f813,f719502a127eaed1bbdb0d217bdcfd4b9ca6027310d20e0a1021bbf03760d11d,0.11216329783201218,NORMAL,STANDARDIZED,,resampled from 16000 to 44100,
tabla_000630.wav,T4_Pur_05.wav,tabla,Tabla,Tabla\T4_Pur_05.wav,16000,44100,1,1,6.7799375,6.779954648526077,108479,298996,.wav,217002,03f235a403567a489e6f48df79f31d1083482dfea4b0552abe0b038674cd99fa,3085622e84df43b939c600bd513a4eb2d1d2e18d945d931631b0be6eced31585,0.12129883468151093,NORMAL,STANDARDIZED,,resampled from 16000 to 44100,
tabla_000631.wav,T4_Tukuda_01.wav,tabla,Tabla,Tabla\T4_Tukuda_01.wav,16000,44100,1,1,4.7640625,4.7640816326530615,76225,210096,.wav,152494,60500e76ee504d8aae251ab5f9afd4668f02b4483712962d32d4e381d8a2d298,23b1c00c74b5265faecfefcce939f57094f5c25299638a7a44088d251fb50b96,0.13584335148334503,NORMAL,STANDARDIZED,,resampled from 16000 to 44100,
tabla_000632.wav,T4_Tukuda_02.wav,tabla,Tabla,Tabla\T4_Tukuda_02.wav,16000,44100,1,1,5.0581875,5.058208616780045,80931,223067,.wav,161906,1e6a5fac8056bc56b4e09017a8180c906d057a65cc775307bad462132579a2eb,0726fd693fc17f072783e32ee72300bf6d156ec3f6152d9013d59cf0745ed435,0.13111303746700287,NORMAL,STANDARDIZED,,resampled from 16000 to 44100,
tabla_000633.wav,T4_Tukuda_03.wav,tabla,Tabla,Tabla\T4_Tukuda_03.wav,16000,44100,1,1,5.234625,5.234625850340136,83754,230847,.wav,167552,eda981ef2fcd3bc5b53b42df9526645d04d09ca5d6f26ccdba5f307fcc1de6ad,24411ea7b9db80f6b65768586d09c37045f0527c4ad6b751e81132d3167e1ac7,0.11338198930025101,NORMAL,STANDARDIZED,,resampled from 16000 to 44100,
tabla_000634.wav,T4_Tukuda_04.wav,tabla,Tabla,Tabla\T4_Tukuda_04.wav,16000,44100,1,1,5.1758125,5.175827664399093,82813,228254,.wav,165670,44b2937f9e68912eb67b06baa2dc26b38a697d094957c782c22b05661e5dc69b,0c1b5375e4abfd12b6f964d4458a1ccc36aa930dbb51468ee734c07acdd3d557,0.12094856053590775,NORMAL,STANDARDIZED,,resampled from 16000 to 44100,
tabla_000635.wav,T4_Tukuda_05.wav,tabla,Tabla,Tabla\T4_Tukuda_05.wav,16000,44100,1,1,5.2934375,5.293446712018141,84695,233441,.wav,169434,c620637750d5f5213d7eff277db08372038c12dff4ef69ad1841cd3564fe1538,e1150cd3ecccac7270a68bdf9f5408ef30aaa3c18423fea8f6b68f5205afd8a0,0.12245528399944305,NORMAL,STANDARDIZED,,resampled from 16000 to 44100,
tabla_000636.wav,T4_Tukuda_Ben_01.wav,tabla,Tabla,Tabla\T4_Tukuda_Ben_01.wav,16000,44100,1,1,7.72825,7.728253968253968,123652,340816,.wav,247348,7712649bbf0431bb204a0f610040706315c5fa8dee6ea8927ee105f261530605,18eecb963c991ec0f6df0f038d288c1a0092df9c14eea2874584dc3392db29ef,0.13527575135231018,NORMAL,STANDARDIZED,,resampled from 16000 to 44100,
tabla_000637.wav,T4_Tukuda_Ben_02.wav,tabla,Tabla,Tabla\T4_Tukuda_Ben_02.wav,16000,44100,1,1,8.439625,8.439637188208616,135034,372188,.wav,270112,3a63cb76fb00aff5148c89d1475ab8b66c80faef0468eb6d1306bcde9414f175,2761ebe5349810eb781d2117850b046c453c0c7111a9bf625df4ab9c0c81c24f,0.1303950548171997,NORMAL,STANDARDIZED,,resampled from 16000 to 44100,
tabla_000638.wav,T4_Tukuda_Ben_03.wav,tabla,Tabla,Tabla\T4_Tukuda_Ben_03.wav,16000,44100,1,1,8.01925,8.019251700680272,128308,353649,.wav,256660,dd9a710804b3f858b30afb6d1f42fcb6392a7ca312b5c6f0a9947d5f1f08327f,03b1b9a67fa9e27a380fa9e7da06c466543b71ec673bdbea2bb8f598ff06af0a,0.10347770154476166,NORMAL,STANDARDIZED,,resampled from 16000 to 44100,
tabla_000639.wav,T4_Tukuda_Ben_04.wav,tabla,Tabla,Tabla\T4_Tukuda_Ben_04.wav,16000,44100,1,1,9.021625,9.021632653061225,144346,397854,.wav,288736,669ebdf1dbd51bdae63101fe69b9b674c874e0f4579245c723390306d3550a40,b120a2b1e1fb641641290fca5b0d77e54802c8400379b09e338f6e4c69787380,0.11252454668283463,NORMAL,STANDARDIZED,,resampled from 16000 to 44100,
tabla_000640.wav,T4_Tukuda_Japh_01.wav,tabla,Tabla,Tabla\T4_Tukuda_Japh_01.wav,16000,44100,1,1,5.1725,5.172517006802721,82760,228108,.wav,165564,4432e2f760495da69678794d40490048d353032cf2e65d1ee89dafb7e1848d19,5447c7c6b6811fe6e7175612463426282835d8e0e5b2c7364d8edf89d741684d,0.10489290952682495,NORMAL,STANDARDIZED,,resampled from 16000 to 44100,
tabla_000641.wav,T4_Tukuda_Japh_02.wav,tabla,Tabla,Tabla\T4_Tukuda_Japh_02.wav,16000,44100,1,1,5.7931875,5.793197278911564,92691,255480,.wav,185426,1c54c8c3b6937006a2c903f7d3ac1ef5c6daa41db4bcbbc0d5332ff079160652,9a28a41fe970357a861d21ff0d578541917769372691a424a73ecf444d84def7,0.1267433613538742,NORMAL,STANDARDIZED,,resampled from 16000 to 44100,
tabla_000642.wav,T4_Tukuda_Japh_03.wav,tabla,Tabla,Tabla\T4_Tukuda_Japh_03.wav,16000,44100,1,1,5.3203125,5.32031746031746,85125,234626,.wav,170294,b7f66e21dace512bb3bb290fb56ee035d050f396d80c742aa60a65e9a791847c,a0fcef173d6f5694d34a5cf0bd7e1f3df511102b75e956c387466a5e6df4bdc4,0.08773300051689148,NORMAL,STANDARDIZED,,resampled from 16000 to 44100,
tabla_000643.wav,T4_Tukuda_Japh_04.wav,tabla,Tabla,Tabla\T4_Tukuda_Japh_04.wav,16000,44100,1,1,5.7931875,5.793197278911564,92691,255480,.wav,185426,1b1fcf043471f6d24c95bf931d652306a8f2fd3badbc8c7e876e01507e5f56eb,78f36af4207b7e88624fd15238d9bde3d9f978f0d997a999b5dae9e9d4d260b5,0.08350381255149841,NORMAL,STANDARDIZED,,resampled from 16000 to 44100,
tabla_000644.wav,T4_Tukuda_Japh_05.wav,tabla,Tabla,Tabla\T4_Tukuda_Japh_05.wav,16000,44100,1,1,6.5616875,6.561700680272109,104987,289371,.wav,210018,db2359ba83945183600d0933730d1bb42a4de1fcd42e144b5353e4d20254656a,151c335fe3c4e80e0918a9382c83a9442288566b29956f2170bdeb4c3896926a,0.09639278054237366,NORMAL,STANDARDIZED,,resampled from 16000 to 44100,
tabla_000645.wav,T4_Vilambit_01.wav,tabla,Tabla,Tabla\T4_Vilambit_01.wav,16000,44100,1,1,14.8685625,14.868571428571428,237897,655704,.wav,475838,f81cb7044b67e0278b21267f6e2990ad5d578a1de2d19dab8050e14c9f5e1292,781fca652556eea7b7c04d9d9195dc7730b9c6a17b31fe88f5497511c6dd979b,0.10909460484981537,NORMAL,STANDARDIZED,,resampled from 16000 to 44100,
tabla_000646.wav,T5_Dli_01.wav,tabla,Tabla,Tabla\T5_Dli_01.wav,16000,44100,1,1,10.5614375,10.561451247165532,168983,465760,.wav,338010,18ade2a4f1015a735552067f880846eab2ccbba8ebb5689d3b44c7c1c1b53310,993be108a8a4ef538dd5d5bff2837b66675d836b8b2a9a96d1c90898f3cc8960,0.19654685258865356,NORMAL,STANDARDIZED,,resampled from 16000 to 44100,
tabla_000647.wav,T5_Dli_02.wav,tabla,Tabla,Tabla\T5_Dli_02.wav,16000,44100,1,1,10.818125,10.818140589569161,173090,477080,.wav,346224,ba43667f9def5b8cfd667b9875f967e35b96e732bacc42e355ace56e335ef291,48b4b15c489e4ba77c68a4067d45cb6520f6ed88f3addc30c87d24aea25fce66,0.19746476411819458,NORMAL,STANDARDIZED,,resampled from 16000 to 44100,
tabla_000648.wav,T5_Dli_03.wav,tabla,Tabla,Tabla\T5_Dli_03.wav,16000,44100,1,1,7.3534375,7.35344671201814,117655,324287,.wav,235354,7e45b635009fa159040fc4e342a840da331194dc2cd5508d0a0b2d8be2d20a09,9359e264255386e6d755f98af35ec87bb6d3537a1e77530c812a6658ecd3f029,0.23372989892959595,NORMAL,STANDARDIZED,,resampled from 16000 to 44100,
tabla_000649.wav,T5_Dli_04.wav,tabla,Tabla,Tabla\T5_Dli_04.wav,16000,44100,1,1,5.5266875,5.526689342403628,88427,243727,.wav,176898,753dc6bf660ac59a018078df814ce50fd5a49a7be51f90c808f8d77f94cfe888,2da015d32cd740496a2d983d79cfc3db613ceea7aac2f748c563490dbc1e4798,0.22206145524978638,NORMAL,STANDARDIZED,,resampled from 16000 to 44100,
tabla_000650.wav,T5_Dli_05.wav,tabla,Tabla,Tabla\T5_Dli_05.wav,16000,44100,1,1,10.9913125,10.991315192743764,175861,484717,.wav,351766,d0310be7bf401999c976d93b70750f2a2720f475f92b903f17b6f2b0f520d03b,b7b9befcc6abfe86c39a50ac5f990a3f7bd815ef9330605082d4c4c67838445a,0.19162409007549286,NORMAL,STANDARDIZED,,resampled from 16000 to 44100,
tabla_000651.wav,T5_Gat_01.wav,tabla,Tabla,Tabla\T5_Gat_01.wav,16000,44100,1,1,5.6586875,5.658707482993197,90539,249549,.wav,181122,84d9cc874276bbedc2e2c647a471f1a694686fbd2f4918cf0a95d81981b6b569,2bd764b5e29f35d63d762637a2f1b2e776d5aad894c676109716dafe668a601b,0.24746283888816833,NORMAL,STANDARDIZED,,resampled from 16000 to 44100,
tabla_000652.wav,T5_Gat_02.wav,tabla,Tabla,Tabla\T5_Gat_02.wav,16000,44100,1,1,11.1991875,11.19920634920635,179187,493885,.wav,358418,5c851038af175f9e51284badbd58eae7b928aca804c68ce2889b984f6f810b08,f2f32c37b4649ca6a431093c1e6adcb42bb7b028f5a4ccbf2e31dc52410f66de,0.22291837632656097,NORMAL,STANDARDIZED,,resampled from 16000 to 44100,
tabla_000653.wav,T5_Gat_03.wav,tabla,Tabla,Tabla\T5_Gat_03.wav,16000,44100,1,1,5.6409375,5.640952380952381,90255,248766,.wav,180554,459cec1a092fc13b47265784f114260d9fe68efb442d709ae135ef4162fe508f,6d8c1d80c9336b9e4e5bad9712af2f0763a7f1a95a8167bd30896db7bb2045a6,0.2617860734462738,NORMAL,STANDARDIZED,,resampled from 16000 to 44100,
tabla_000654.wav,T5_Gat_03_1.wav,tabla,Tabla,Tabla\T5_Gat_03_1.wav,16000,44100,1,1,5.58175,5.581768707482993,89308,246156,.wav,178660,05f467adab78933be6eeacd171b7043cd80d59dfc7101981d58bdac9f5b9ae3e,dedfe8d6e519eef02c67163f3c7e78431d497aa907ae677cc4f930ba5ec4e23f,0.23532430827617645,NORMAL,STANDARDIZED,,resampled from 16000 to 44100,
tabla_000655.wav,T5_Gat_04.wav,tabla,Tabla,Tabla\T5_Gat_04.wav,16000,44100,1,1,11.08825,11.088253968253968,177412,488992,.wav,354868,9bb8230276acb4d7622eed8f985a99ea72500939661bfd49c6a5dbcbffa61a3e,cf284dcd02b74e5d02c51f9267850df4873d625f989bfc1cd6d53f306df7d699,0.22106069326400757,NORMAL,STANDARDIZED,,resampled from 16000 to 44100,
tabla_000656.wav,T5_Gat_05.wav,tabla,Tabla,Tabla\T5_Gat_05.wav,16000,44100,1,1,11.5153125,11.51532879818594,184245,507826,.wav,368534,7fae72d95b9cde13599d336f55b20396da1dc85e5b509608989c40ab87dc9adf,d0285520d25449d42d20c8935eee3ea986af67a96246662b33f7df299be6bb5f,0.21305912733078003,NORMAL,STANDARDIZED,,resampled from 16000 to 44100,
tabla_000657.wav,T5_Luc_01.wav,tabla,Tabla,Tabla\T5_Luc_01.wav,16000,44100,1,1,5.3915,5.391519274376417,86264,237766,.wav,172572,a8483c59d015bb8b0a3d55a77793f29b3117ad27c075004affadfa0d1130e64f,47405ba0b6b690968d6cb678ca871b0d798e9f6d11c1ca5da352572c85149e6b,0.23387624323368073,NORMAL,STANDARDIZED,,resampled from 16000 to 44100,
tabla_000658.wav,T5_Luc_02.wav,tabla,Tabla,Tabla\T5_Luc_02.wav,16000,44100,1,1,10.786875,10.78689342403628,172590,475702,.wav,345224,f2ebbb992f257fa8b4268f299b3b380a8ebb2a8fb11741f2de8f0b0012f21101,30695b7a353199671eac86dccfda219c440da1c6ccdd7a13436b8d20786d31bb,0.21157151460647583,NORMAL,STANDARDIZED,,resampled from 16000 to 44100,
tabla_000659.wav,T5_Luc_03.wav,tabla,Tabla,Tabla\T5_Luc_03.wav,16000,44100,1,1,10.9844375,10.984444444444444,175751,484414,.wav,351546,dffe6cf750aac72d7be6076ece04f9fb346ae39ce8d620fa87dcfcb4db85dee6,2018371b2a6978b878dccdc6c10d07391a6cc4b13bcfaa3ea093f6397b8916e7,0.21713599562644958,NORMAL,STANDARDIZED,,resampled from 16000 to 44100,
tabla_000660.wav,T5_Luc_04.wav,tabla,Tabla,Tabla\T5_Luc_04.wav,16000,44100,1,1,11.26525,11.265260770975056,180244,496798,.wav,360532,86c92769561362a9c7fc092a4dd049d2744a7ac81782c90ce1541e593d36565a,1f44368ad1fc5f34a20c0b1528300a5bccaa02a46ba8b49ed294f783e4720fa5,0.19479238986968994,NORMAL,STANDARDIZED,,resampled from 16000 to 44100,
tabla_000661.wav,T5_Luc_05.wav,tabla,Tabla,Tabla\T5_Luc_05.wav,16000,44100,1,1,10.8809375,10.880952380952381,174095,479850,.wav,348234,98a542d6d8117b1637c86c56d38e8ecdce0864cb26622c8c08abdd40e9b3e10d,891a282bf6af90f7a4a408a17e52bb0c0b76d2c9c01f2872769c371fe8565c9e,0.23831240832805634,NORMAL,STANDARDIZED,,resampled from 16000 to 44100,
tabla_000662.wav,T5_Luc_06.wav,tabla,Tabla,Tabla\T5_Luc_06.wav,16000,44100,1,1,10.6825,10.68251700680272,170920,471099,.wav,341884,4e64e0e4b5ba20291ffd971ccdd989f3a901dbb5592a5af3176deaedb5389abd,10ea81c67656b3ccc1e908b6e4784037dc47c3be26ca0404c30eb824d0b113f3,0.21017985045909882,NORMAL,STANDARDIZED,,resampled from 16000 to 44100,
tabla_000663.wav,T5_Luc_07.wav,tabla,Tabla,Tabla\T5_Luc_07.wav,16000,44100,1,1,11.250875,11.250884353741496,180014,496164,.wav,360072,5ac31bbc78f7df3441a058e3cd11fee185aee90c696931356cc51f682474eec8,b963cc540db45934f2b084c969480e9e1c99c32c9e0291376f04aecc3d13ef44,0.18893060088157654,NORMAL,STANDARDIZED,,resampled from 16000 to 44100,
tabla_000664.wav,T7_Ben_tukuda_01.wav,tabla,Tabla,Tabla\T7_Ben_tukuda_01.wav,16000,44100,1,1,8.865125,8.865147392290249,141842,390953,.wav,283728,48e39d071a0a094918d36ae36e096540b03783605f9a005b7b55ba95aee302a9,e29ee5eb6231eee7558530c17fd12b991e6d2af56358e9ac96039048f98ce048,0.10038312524557114,NORMAL,STANDARDIZED,,resampled from 16000 to 44100,
tabla_000665.wav,T7_Ben_tukuda_02.wav,tabla,Tabla,Tabla\T7_Ben_tukuda_02.wav,16000,44100,1,1,9.003625,9.003628117913832,144058,397060,.wav,288160,872d34e78c037eec8324c01b79f4e61d95ebb5a3fb36101c9bd528473abb5aaa,0ca088df26f2f1898ff0dd24f58806a10710f6d03d65c69edf0418efe9c49c79,0.11403065174818039,NORMAL,STANDARDIZED,,resampled from 16000 to 44100,
tabla_000666.wav,T7_Ben_tukuda_03.wav,tabla,Tabla,Tabla\T7_Ben_tukuda_03.wav,16000,44100,1,1,8.4841875,8.484195011337869,135747,374153,.wav,271538,a157a1b6f5b819c9f3e45053826687bb6f4a170d886a7555022f7a96fb72cacb,3dc96ba4dc7c040037754e4920e9046c28e4f31320d6aa4560f86b564a439246,0.09922734647989273,NORMAL,STANDARDIZED,,resampled from 16000 to 44100,
tabla_000667.wav,T7_Ben_tukuda_04.wav,tabla,Tabla,Tabla\T7_Ben_tukuda_04.wav,16000,44100,1,1,8.89975,8.899750566893424,142396,392479,.wav,284836,84e7c4257b0b7a828e85eb70432a77cec4eaa3605c87dffff2123deed2bae9e8,e097b2572c05f4a71e8a832f22cb86aa110ecee0455dd0acb032312f34d2be48,0.10996367037296295,NORMAL,STANDARDIZED,,resampled from 16000 to 44100,
tabla_000668.wav,T7_Ben_tukuda_05.wav,tabla,Tabla,Tabla\T7_Ben_tukuda_05.wav,16000,44100,1,1,17.6,17.6,281600,776160,.wav,563244,058679ac0ccfafb7e4e802bd22bc86fbfbeee825dd722b3283532c8a83f45188,6edf5302c6992bed2abc41a00991060db9d272befb9f14a9088d47797326db55,0.11605638265609741,NORMAL,STANDARDIZED,,resampled from 16000 to 44100,
tabla_000669.wav,T7_DLI_01.wav,tabla,Tabla,Tabla\T7_DLI_01.wav,16000,44100,1,1,45.2064375,45.20643990929705,723303,1993604,.wav,1446650,46e9655e48ce52d9317bca99afebaf87f068f76d311e8da5ca031c0211dbd3c4,18e2aa1f13ac4147e44a4231f8dd0e43d1915d5141495d220aabd17e8a6679ac,0.17164583504199982,NORMAL,STANDARDIZED,,resampled from 16000 to 44100,
tabla_000670.wav,T7_Fur_01.wav,tabla,Tabla,Tabla\T7_Fur_01.wav,16000,44100,1,1,9.749625,9.749637188208617,155994,429959,.wav,312032,81de24b82f4cfd8461b9e964c3e0a0c355b96f722722a5dd37ad7100cd84cffa,bf27a3c682b0661befa49cfdd8bbddfc7e1d3f7dcb28f3f5b0cebcd8d894ad33,0.11718425154685974,NORMAL,STANDARDIZED,,resampled from 16000 to 44100,
tabla_000671.wav,T7_Fur_02.wav,tabla,Tabla,Tabla\T7_Fur_02.wav,16000,44100,1,1,9.498375,9.498390022675737,151974,418879,.wav,303992,c31b0356564bc3ae1a96c7f76117d0244430768dc66761c9c2010769d6b511cf,bf76dddc2b2bf2f96353dc3f0fb5296d0222b2a14a2579437a778e5bafa25090,0.12206823378801346,NORMAL,STANDARDIZED,,resampled from 16000 to 44100,
tabla_000672.wav,T7_Fur_03.wav,tabla,Tabla,Tabla\T7_Fur_03.wav,16000,44100,1,1,14.3313125,14.331315192743764,229301,632011,.wav,458646,8b83495650ec921ed585fa6d2d260433e184fcd5d71302caebc68f6bc184c981,9279b22e96b81e35ca96c84f79a376d151911fcd445f9ec700072c2124952c8b,0.12584413588047028,NORMAL,STANDARDIZED,,resampled from 16000 to 44100,
tabla_000673.wav,T7_Fur_04.wav,tabla,Tabla,Tabla\T7_Fur_04.wav,16000,44100,1,1,14.0441875,14.044195011337868,224707,619349,.wav,449458,638210273e47d1b52fe6ef91bb7cbbf555ab3e0454a8a7e7a571161fcf48d101,220e690b41075c9fbc1ca18b20f6c0b30c649925e12b1ab014636aa564618315,0.1095259040594101,NORMAL,STANDARDIZED,,resampled from 16000 to 44100,
tabla_000674.wav,T7_GAT_01.wav,tabla,Tabla,Tabla\T7_GAT_01.wav,16000,44100,1,1,45.3746875,45.37469387755102,725995,2001024,.wav,1452034,c8ef212deeec7a5433e239e3c1f16b3ce548ddda17c9d8e65063984c90797baf,1adccc23d78ec6aa4fe29fd364e4f8e485721a14a621d4516f00c8782e8ce5d7,0.18365314602851868,NORMAL,STANDARDIZED,,resampled from 16000 to 44100,
tabla_000675.wav,T7_Gat_tukuda_01.wav,tabla,Tabla,Tabla\T7_Gat_tukuda_01.wav,16000,44100,1,1,6.1210625,6.1210657596371885,97937,269939,.wav,195918,ec121bed77488274ecd4376ffea57c61dd51ee87ffa05cd1bb1c92d59d12cd69,1467bc66b7ae9809deaca4ada7323a2e8b1db32452e59f46f13df637e7ef4289,0.11507927626371384,NORMAL,STANDARDIZED,,resampled from 16000 to 44100,
tabla_000676.wav,T7_Jap_Tukuda_01.wav,tabla,Tabla,Tabla\T7_Jap_Tukuda_01.wav,16000,44100,1,1,5.441125,5.441133786848073,87058,239954,.wav,174160,9e380863039fcbfdc9e29d827c320a6a7e331a3a087e94526e3e0ec4ed264567,e18d38d0063861ea8823b51247ce707f6fad8d1ee81862d2a60cb8446843f430,0.11380124092102051,NORMAL,STANDARDIZED,,resampled from 16000 to 44100,
tabla_000677.wav,T7_Jap_Tukuda_02.wav,tabla,Tabla,Tabla\T7_Jap_Tukuda_02.wav,16000,44100,1,1,5.7131875,5.713197278911565,91411,251952,.wav,182866,103959d6ce9d6d41b2dfd2248a20fbb117217edf1829733405f3a57381d63026,b833c3bcb75fb1b0eb2e9ab4ab9edfd51d6413af898a3e4403a1b56700a73276,0.1240265741944313,NORMAL,STANDARDIZED,,resampled from 16000 to 44100,
tabla_000678.wav,T7_Jap_Tukuda_03.wav,tabla,Tabla,Tabla\T7_Jap_Tukuda_03.wav,16000,44100,1,1,5.3201875,5.320204081632653,85123,234621,.wav,170290,d84827a1e25649c59bdae46be784033c0d5007b7e5e8ed7bda1b64b7ccc8adbb,dcf068a77603837d395e395e2dfba55719b7813f049c58b295b6f541813994e4,0.09835933893918991,NORMAL,STANDARDIZED,,resampled from 16000 to 44100,
tabla_000679.wav,T7_Jap_Tukuda_04.wav,tabla,Tabla,Tabla\T7_Jap_Tukuda_04.wav,16000,44100,1,1,5.29,5.29,84640,233289,.wav,169324,4b058c5d25d5157d1d7578114cb7f31083ee0fb4fbea639879166b098cd6aa55,ededb90366d9367eba0d2e773eda691ef54afdbe46aeed719b8f29f44b7973ae,0.10064820200204849,NORMAL,STANDARDIZED,,resampled from 16000 to 44100,
tabla_000680.wav,T7_Jap_Tukuda_05.wav,tabla,Tabla,Tabla\T7_Jap_Tukuda_05.wav,16000,44100,1,1,5.7131875,5.713197278911565,91411,251952,.wav,182866,3900e9be30848c0f766e5879fdb4b7a3a6b3f5af3850442a67e7dbca484772b8,0823019639008763e0c8ec6462975fe96010799f8ac5c210a24f53b5af37ad65,0.11821933835744858,NORMAL,STANDARDIZED,,resampled from 16000 to 44100,
tabla_000681.wav,T7_LUC_01.wav,tabla,Tabla,Tabla\T7_LUC_01.wav,16000,44100,1,1,25.304125,25.304126984126984,404866,1115912,.wav,809776,0b219424f970043a3507fba279393220fde8e13d2a366c425eff894e4dac12c6,69682c340fec7ddab224232f145afc9c0a930e9b7c4f46381fcd7b53b06a74b7,0.1936282366514206,NORMAL,STANDARDIZED,,resampled from 16000 to 44100,
tabla_000682.wav,T7_Luc_jap_01.wav,tabla,Tabla,Tabla\T7_Luc_jap_01.wav,16000,44100,1,1,9.1093125,9.109319727891156,145749,401721,.wav,291542,051670aefb714de973330145c57efff7d474d707bf39c370db6a022e0840fa4e,a60237afdf7ebd3387b127d12636192802fb751ef8ee211139ffafb9f51e0f6c,0.10062486678361893,NORMAL,STANDARDIZED,,resampled from 16000 to 44100,
tabla_000683.wav,T7_Mukuda_01.wav,tabla,Tabla,Tabla\T7_Mukuda_01.wav,16000,44100,1,1,10.4469375,10.446938775510205,167151,460710,.wav,334346,34de3ad1ed32428c899235dab3a110b91809c5ebae6d8f87e84b54e511377365,cac9f99aed41216c16fd7f48c1067941cedf787facfe96264f7468405bec1dcc,0.1053507924079895,NORMAL,STANDARDIZED,,resampled from 16000 to 44100,
tabla_000684.wav,T7_Pur_01.wav,tabla,Tabla,Tabla\T7_Pur_01.wav,16000,44100,1,1,6.89775,6.897755102040817,110364,304191,.wav,220772,e5b8a6e35d7cef23a842a0b0a47f398ba15497f80187a00b6df75a49fd4f760a,e219a8dd8c9b1d26398aa67730de667c9b1673f53dcf24f31633fb4e874ef0ee,0.13560642302036285,NORMAL,STANDARDIZED,,resampled from 16000 to 44100,
tabla_000685.wav,T7_Pur_02.wav,tabla,Tabla,Tabla\T7_Pur_02.wav,16000,44100,1,1,6.74025,6.740272108843538,107844,297246,.wav,215732,23d3c7aa6a8ef5b7ff731ef10bf0e3ecb2df213927d4de9438749d33b9904472,e73ca1224be1861f5615545e29e49cfc7afef3876a310f502c152b7c0a030032,0.10776031762361526,NORMAL,STANDARDIZED,,resampled from 16000 to 44100,
tabla_000686.wav,T7_Pur_03.wav,tabla,Tabla,Tabla\T7_Pur_03.wav,16000,44100,1,1,6.7245,6.724512471655329,107592,296551,.wav,215228,e58957be9a22edd50e2f0f0f11962d52e0fb364ec60b1516339f15bf23d26465,5841a1c72cbd14b39e7d2a0277e324e2065e5626c3921b7fc9ceeb139fe5aeda,0.10428702086210251,NORMAL,STANDARDIZED,,resampled from 16000 to 44100,
tabla_000687.wav,T7_Pur_04.wav,tabla,Tabla,Tabla\T7_Pur_04.wav,16000,44100,1,1,6.7875,6.787505668934241,108600,299329,.wav,217244,b551bccd0def5d4f69b66a4729104a1d70e71272b38aada13b0019dfa04a3547,76471b05aedd1c966c8055e6da3e75e062b5a216059532e6d90319ef2efad9fd,0.11490704119205475,NORMAL,STANDARDIZED,,resampled from 16000 to 44100,
tabla_000688.wav,T7_Pur_05.wav,tabla,Tabla,Tabla\T7_Pur_05.wav,16000,44100,1,1,6.8505,6.850521541950114,109608,302108,.wav,219260,decdafcdb93eb058d487ec540387b1ca63c6e69b089b5e1ed6f034bf3a5dfe77,398b0e6d5ce1b6217e3b951244b518eb880ebe35a73a1cf9a7e1317e5c10f983,0.11136899143457413,NORMAL,STANDARDIZED,,resampled from 16000 to 44100,
tabla_000689.wav,T7_Rela_01.wav,tabla,Tabla,Tabla\T7_Rela_01.wav,16000,44100,1,1,8.915625,8.9156462585034,142650,393180,.wav,285344,46a0956a69763ef7cd28f64c55ceaa376b30f4cad8b0070e921cde97d9dec261,6b945b46325c34682821f95ef8614eb674153778b3d33a6150db69e5b5fb1541,0.12996527552604675,NORMAL,STANDARDIZED,,resampled from 16000 to 44100,
tabla_000690.wav,T7_TAA1_01.wav,tabla,Tabla,Tabla\T7_TAA1_01.wav,16000,44100,1,1,15.717625,15.717641723356008,251482,693148,.wav,503008,ca26de7fc7501ce10d1da7470d5b36d13cb8354fcf7cab986fe19c04c625b124,cb7d0e68b0680aee21a88c207ef834abf169eff974d5422facb62435a6752e51,0.20038340985774994,NORMAL,STANDARDIZED,,resampled from 16000 to 44100,
tabla_000691.wav,T7_TAA5_01.wav,tabla,Tabla,Tabla\T7_TAA5_01.wav,16000,44100,1,1,39.4690625,39.46907029478458,631505,1740586,.wav,1263054,80f96e9cf40092b5218bdcc64b21e514ef608928dc478c0dfbc2273594e8e166,477dca86e4fd697a5c06a0ba3122959b1813053d2b61add90835cb6ead097b3f,0.1532720923423767,NORMAL,STANDARDIZED,,resampled from 16000 to 44100,
tabla_000692.wav,T7_TAA5_02.wav,tabla,Tabla,Tabla\T7_TAA5_02.wav,16000,44100,1,1,24.204875,24.20487528344671,387278,1067435,.wav,774600,5da89681a1fc49033f0edaff918ee27f84a34f4bf20b6bb0987b568231291079,8ae4f564503f9642446c8237f3b522c8dea07c6ae6a5ef6642d5ab6b18831e74,0.15262608230113983,NORMAL,STANDARDIZED,,resampled from 16000 to 44100,
tabla_000693.wav,T7_Tukuda_01.wav,tabla,Tabla,Tabla\T7_Tukuda_01.wav,16000,44100,1,1,5.2810625,5.281065759637189,84497,232895,.wav,169038,fe583451751b465418dcd434a82c6dc15db3e2ae0a592f833acd15a3b5cf28eb,5f5e613eedcd3414a65e35cd72fc75635d3cafdd7fc64039bb0753853ff3efac,0.11552423238754272,NORMAL,STANDARDIZED,,resampled from 16000 to 44100,
tabla_000694.wav,T7_Tukuda_02.wav,tabla,Tabla,Tabla\T7_Tukuda_02.wav,16000,44100,1,1,5.1030625,5.103083900226757,81649,225046,.wav,163342,90fb372c1544d30c0bf88e3a0f74b2cd5d5587dcbd5b8b91a12f8636971a53bd,8dde192b610ca89f0e841bef46dd78d768a57821203b9ac51d405c77ae39e3b7,0.13993637263774872,NORMAL,STANDARDIZED,,resampled from 16000 to 44100,
tabla_000695.wav,T7_Tukuda_03.wav,tabla,Tabla,Tabla\T7_Tukuda_03.wav,16000,44100,1,1,5.3404375,5.340453514739229,85447,235514,.wav,170938,f1cf1abaedd7af657494cfa52794261487d38a4cd4d473968d5717b759e65e82,4629e8df082e4f668cc92270dda17ae0d791b02cd1691452c07a81f58d25e050,0.10917320847511292,NORMAL,STANDARDIZED,,resampled from 16000 to 44100,
tabla_000696.wav,T7_Tukuda_04.wav,tabla,Tabla,Tabla\T7_Tukuda_04.wav,16000,44100,1,1,5.7535625,5.7535827664399095,92057,253733,.wav,184158,be7c26bf3b412a7d501c3655d0356b898a88998a701fb350b307cd35da110e9c,42e534568d7b59818d9eba21bf5986eb2f8fc484857fa97cf0dafca5bd236638,0.11104657500982285,NORMAL,STANDARDIZED,,resampled from 16000 to 44100,
tabla_000697.wav,T7_Tukuda_05.wav,tabla,Tabla,Tabla\T7_Tukuda_05.wav,16000,44100,1,1,5.4294375,5.4294557823129255,86871,239439,.wav,173786,9217cee98bba772eee485b38a0d5c3d7341602f2478105aa0c7be5a0d63da6e6,2ad767fcbe3d11c76d2e923050727e81d5afbc9f73c2ef08f7953f45db450757,0.11793376505374908,NORMAL,STANDARDIZED,,resampled from 16000 to 44100,
tabla_000698.wav,tarana-darbari_UK2.wav,tabla,Tabla,Tabla\tarana-darbari_UK2.wav,16000,44100,1,1,72.5743125,72.57433106575964,1161189,3200528,.wav,2322422,6105aa5d2b354b34b4346676a948406064e982cce9161d3859f9d0a7081f3ab7,1ae4f0700ffdfcbc26d553103260d43c58e673e4b2957cadb17a8918907ba58a,0.03443487733602524,NORMAL,STANDARDIZED,,resampled from 16000 to 44100,
tabla_000699.wav,trital01.wav,tabla,Tabla,Tabla\trital01.wav,44100,44100,2,1,11.536621315192743,11.536621315192743,508765,508765,.wav,2035104,d85013f56fc02d55199842fffa769bac50a0ad0c753e8b404c4a59b98949d054,f32611dacf2799d64d780ded0df560ec5d0d6689916b204adf927ab80e095542,0.09834862500429153,NORMAL,STANDARDIZED,,downmixed to mono,
tabla_000700.wav,trital02.wav,tabla,Tabla,Tabla\trital02.wav,44100,44100,2,1,8.223356009070296,8.223356009070296,362650,362650,.wav,1450644,0f377e606b53540a9033841e1fa2b9e2f582a1adac3a93c76b521de843a406c2,4a3b98e1b11ba14c1e9ea078ddc5d192a28414fbff01f28acb97865317c8b02d,0.13156571984291077,NORMAL,STANDARDIZED,,downmixed to mono,
tabla_000701.wav,trital03.wav,tabla,Tabla,Tabla\trital03.wav,44100,44100,2,1,7.506439909297052,7.506439909297052,331034,331034,.wav,1324180,e7f5559ec23683e6b27cf146f5cd133b7d31e519f8079dd0113580460b22bf7a,14f0c24706d4cb74c3ad958baf0ef32781ca20e27eafe57b64e3f68333b4e58c,0.13675500452518463,NORMAL,STANDARDIZED,,downmixed to mono,
tabla_000702.wav,trital04.wav,tabla,Tabla,Tabla\trital04.wav,44100,44100,2,1,6.349115646258503,6.349115646258503,279996,279996,.wav,1120028,76e3a0099e2905235cbc72bc848e6e2505f07328f836486b0d62fbd78a43cc59,dde2f780f426ac895b974692b6224180784cfe8317a740f42b976d1e9d960737,0.14593762159347534,NORMAL,STANDARDIZED,,downmixed to mono,
tabla_000703.wav,trital05.wav,tabla,Tabla,Tabla\trital05.wav,44100,44100,2,1,5.543673469387755,5.543673469387755,244476,244476,.wav,977948,baca67965d98240c2373e738e58d4f55acffdc8256f8df570c81af91c5eab6e5,f13eec6b0da4fe83d7b64de011e6848cd6c42228e9ec0ac9244cd234bc255fec,0.1518348604440689,NORMAL,STANDARDIZED,,downmixed to mono,
tabla_000704.wav,trital06.wav,tabla,Tabla,Tabla\trital06.wav,44100,44100,2,1,5.152222222222222,5.152222222222222,227213,227213,.wav,908896,90cf57e6431c7d11f64dbeb28b137e4beb011f2c6d9b71b44fd9d43254a6642c,502627a0a3418b9c3452ca2df5eda10006889da6f5f38d9f3aefa6557ddb73c5,0.21622991561889648,NORMAL,STANDARDIZED,,downmixed to mono,
tabla_000705.wav,trital07.wav,tabla,Tabla,Tabla\trital07.wav,44100,44100,2,1,3.3760997732426303,3.3760997732426303,148886,148886,.wav,595588,c08146647d199fddc1b8331b7b8a127f12c6bc168908d57c2f293c7ee5ff7668,5bc379dacb8ef3d01df665dd5f003928af48d32611f6115070d97034b3bfc73c,0.2720850110054016,NORMAL,STANDARDIZED,,downmixed to mono,
tabla_000706.wav,trital08.wav,tabla,Tabla,Tabla\trital08.wav,44100,44100,2,1,3.980997732426304,3.980997732426304,175562,175562,.wav,702292,4100ec06e774b80798890a68ee25f87f765a7ee74276fc14f041ad496f6e3e26,aaf7477719e81eccb299b9102c02415b3901c683fa2e57604b46b54b7b337a38,0.2516055703163147,NORMAL,STANDARDIZED,,downmixed to mono,
tabla_000707.wav,trital09.wav,tabla,Tabla,Tabla\trital09.wav,44100,44100,2,1,3.5490702947845807,3.5490702947845807,156514,156514,.wav,626100,905727fc7df72851eaeac693a1db84abbfb6d9209049d2a75e9713b31f90b084,b35e5d7447e357b25598cee4e2c6a7d5862341ab81d624309a9249d408031bbf,0.21395564079284668,NORMAL,STANDARDIZED,,downmixed to mono,
tabla_000708.wav,trital10.wav,tabla,Tabla,Tabla\trital10.wav,44100,44100,2,1,11.558480725623582,11.558480725623582,509729,509729,.wav,2038960,ee80fe3792fbccfc07adfe32e6aa4cd54988c7d2d8bef775145a3418780ca1a3,eea95ab92f559e8986e4aa7dffa08ef83f451d1af32696c61f7455db8b63e827,0.1487468034029007,NORMAL,STANDARDIZED,,downmixed to mono,
tabla_000709.wav,trital100.wav,tabla,Tabla,Tabla\trital100.wav,44100,44100,2,1,4.684263038548753,4.684263038548753,206576,206576,.wav,826348,0cd12b734cb0f8ac1ded7f2da850bd9aac7582e1c098bccf63aa24d5512ea93f,43d5279ed890d4ff1905409d8c1198dbce97e8fe4966bb206fbba01bf2fa0eef,0.17474761605262756,NORMAL,STANDARDIZED,,downmixed to mono,
tabla_000710.wav,trital11.wav,tabla,Tabla,Tabla\trital11.wav,44100,44100,2,1,8.130952380952381,8.130952380952381,358575,358575,.wav,1434344,984493f8eda91c4737bb25653a9d0f330ed92271eb9e90b92252d2bdfc9ddf16,691f5b4c15ac1238a7024cb3460da19362891624a9ca45f5d87924bb82203623,0.2233992964029312,NORMAL,STANDARDIZED,,downmixed to mono,
tabla_000711.wav,trital12.wav,tabla,Tabla,Tabla\trital12.wav,44100,44100,2,1,8.885918367346939,8.885918367346939,391869,391869,.wav,1567520,f2523e78df3faea302a4ab37e9113fc9a851b2d2a5904c81c28260f0b83a5a4a,74f47c8f37b4bef6f24688f75ef421b3b3ff96a1f80e97dce2ec499ed976eadb,0.2203933447599411,NORMAL,STANDARDIZED,,downmixed to mono,
tabla_000712.wav,trital13.wav,tabla,Tabla,Tabla\trital13.wav,44100,44100,2,1,7.550657596371882,7.550657596371882,332984,332984,.wav,1331980,553d3dde32a5bab0b5de7d3d8f73f8e5b6671f0220acaabdc7d8399845ef2553,755f3861c06249482bb6e7fe08ddf500b3014b107efca6d9673e7889b5732f77,0.22650153934955597,NORMAL,STANDARDIZED,,downmixed to mono,
tabla_000713.wav,trital14.wav,tabla,Tabla,Tabla\trital14.wav,44100,44100,2,1,5.5777551020408165,5.5777551020408165,245979,245979,.wav,983960,c7468f6ad94543a2ec08a2744c57f2d83b9595246d350b7bfaaec58e109a3919,52468f3cc001390b3aca5cd16d6f28672c797a33d1996609a6ca2cf4abac2f62,0.24954448640346527,NORMAL,STANDARDIZED,,downmixed to mono,
tabla_000714.wav,trital15.wav,tabla,Tabla,Tabla\trital15.wav,44100,44100,2,1,5.7103401360544215,5.7103401360544215,251826,251826,.wav,1007348,384c9c7fb789b5508ea39e8bb8db818ac034c632f295a69d00a4eab3ec15e9ce,826db599ebd42c5d713ebf8a752aaba175820a2e092640f19b34571ccd10541e,0.24343372881412506,NORMAL,STANDARDIZED,,downmixed to mono,
tabla_000715.wav,trital16.wav,tabla,Tabla,Tabla\trital16.wav,44100,44100,2,1,5.7103401360544215,5.7103401360544215,251826,251826,.wav,1007348,81ab6e3ea8104f35993f3d8220c7ae2b9002746bf244adf7e4465ac227e02cb6,17e6c98f2ec039c04c34e99ea7942bba500f712884521848192d7780d986f8df,0.24343372881412506,NORMAL,STANDARDIZED,,downmixed to mono,
tabla_000716.wav,trital17.wav,tabla,Tabla,Tabla\trital17.wav,44100,44100,2,1,4.418684807256236,4.418684807256236,194864,194864,.wav,779500,61078b5007d8ad45ee32f7b932cef5a252c60f45c3c25b823bc6f7bd07f53df5,f8e502b9258d574bae475c6144320b92e7c47c8d6f43a1e840f41629d39ff4f5,0.25593310594558716,NORMAL,STANDARDIZED,,downmixed to mono,
tabla_000717.wav,trital18.wav,tabla,Tabla,Tabla\trital18.wav,44100,44100,2,1,3.612312925170068,3.612312925170068,159303,159303,.wav,637256,4079718c91fec5fa1b3c05d7de4eac383c81beddad0348813f02c0e291f5cb21,1a98e36be4811cdf3cadc47b782c4384357678c3e1456bc955ea721cbf0db215,0.2764720320701599,NORMAL,STANDARDIZED,,downmixed to mono,
tabla_000718.wav,trital19.wav,tabla,Tabla,Tabla\trital19.wav,44100,44100,2,1,2.7692290249433107,2.7692290249433107,122123,122123,.wav,488536,fb4e8760a17b0fcbd14c556b3f32d4452dc6bab7d59078ac0da1ee79a25d6ee8,58bd9105b21f379d562c2bc8c50a9911a749e0fc9a1895773965771041999beb,0.3150472044944763,NORMAL,STANDARDIZED,,downmixed to mono,
tabla_000719.wav,trital20.wav,tabla,Tabla,Tabla\trital20.wav,44100,44100,2,1,10.948208616780045,10.948208616780045,482816,482816,.wav,1931308,012ebba0dc1a90741eb3ffc112b914fc71cca50bcb6d94e58c1c81797942cda6,b73671e1b67883df34d490816dfe773235d82b239fb76a1552d14d5494193462,0.213735431432724,NORMAL,STANDARDIZED,,downmixed to mono,
tabla_000720.wav,trital21.wav,tabla,Tabla,Tabla\trital21.wav,44100,44100,2,1,11.867256235827664,11.867256235827664,523346,523346,.wav,2093428,650f1252a0127e98c62ce10326f8bcd73215fa4d2f0cf131114a23fe3bc02164,d8bcdf02e45f40870c6e8c15822102f6cd34fe0ab33f69cf78b808c600b31579,0.20758110284805298,NORMAL,STANDARDIZED,,downmixed to mono,
tabla_000721.wav,trital22.wav,tabla,Tabla,Tabla\trital22.wav,44100,44100,2,1,11.57514739229025,11.57514739229025,510464,510464,.wav,2041900,f01ada2f69a1c44a6ab736ac0184603d81b6d88c99d0a5fbf49941596d0d7d0c,54cd15e7dea3ae869966e4acf6c66db1101fd5497b42b2040dcb683fdb177a13,0.2082352489233017,NORMAL,STANDARDIZED,,downmixed to mono,
tabla_000722.wav,trital23.wav,tabla,Tabla,Tabla\trital23.wav,44100,44100,2,1,11.517097505668934,11.517097505668934,507904,507904,.wav,2031660,6099333b278ded01c1636648b0fc2bd9b1f9a6e08aa34a5f81b65175794f26be,c4d2a41b37b449a4187a5a225a10a55209defb20d74e753a728c4ac7da075188,0.19977612793445587,NORMAL,STANDARDIZED,,downmixed to mono,
tabla_000723.wav,trital24.wav,tabla,Tabla,Tabla\trital24.wav,44100,44100,2,1,11.61265306122449,11.61265306122449,512118,512118,.wav,2048516,5e5a4f8293b60ccfd84fe702fccfafa2cf0dabfe7f7b53a12ce01464ff6cfcba,9bf35e291bbc2ea919fb5b5a7fd73b4db884d9246f1e70f7da8c5e77f99cf57b,0.20602284371852875,NORMAL,STANDARDIZED,,downmixed to mono,
tabla_000724.wav,trital25.wav,tabla,Tabla,Tabla\trital25.wav,44100,44100,2,1,11.969501133786848,11.969501133786848,527855,527855,.wav,2111464,6470ca0e5f8cc89221e9e0b71c874b29f0d452e9b1213286c5065358bc730813,69a5478203ad60f8f30a97893a7d3d160b3fdf9abb28da1ace6c8078a1d6263f,0.20428143441677094,NORMAL,STANDARDIZED,,downmixed to mono,
tabla_000725.wav,trital26.wav,tabla,Tabla,Tabla\trital26.wav,44100,44100,2,1,11.840430839002268,11.840430839002268,522163,522163,.wav,2088696,aced74f46dd8b7719fe07a107cf21f09970532d0cea9b1edb7445ffc301b3923,d39576377f291c966bc63c14ec6d7933439b5de626d76a1a2b6babe148feb31b,0.20099231600761414,NORMAL,STANDARDIZED,,downmixed to mono,
tabla_000726.wav,trital27.wav,tabla,Tabla,Tabla\trital27.wav,44100,44100,2,1,11.447437641723356,11.447437641723356,504832,504832,.wav,2019372,5a996501251f2bc2bc3a74e8d0e6a0d0d1e701a2d48f669f9df026fb7316355c,dfc82d008978515e696cbc2e921b24fd4edf386b87f8861282e13ebdb77936df,0.22711612284183502,NORMAL,STANDARDIZED,,downmixed to mono,
tabla_000727.wav,trital28.wav,tabla,Tabla,Tabla\trital28.wav,44100,44100,2,1,11.609977324263038,11.609977324263038,512000,512000,.wav,2048044,64fc0a31cb79fbeed96fead95143568e099d0038fa4ab146f16d4f736ddd98b1,7bf8ceea2f2940d4a455165f73141aecfad3cb831b428f42186a38bcc1b5ce9a,0.22252142429351807,NORMAL,STANDARDIZED,,downmixed to mono,
tabla_000728.wav,trital29.wav,tabla,Tabla,Tabla\trital29.wav,44100,44100,2,1,11.76061224489796,11.76061224489796,518643,518643,.wav,2074616,e0d505a7714a9b4fdf0a95346ead31bd319c9b813feacbd4ca8d112dd559167a,58731b225dee160618743f8491d3617a29480da78ebec97b7061a2f100c6defc,0.21608266234397888,NORMAL,STANDARDIZED,,downmixed to mono,
tabla_000729.wav,trital30.wav,tabla,Tabla,Tabla\trital30.wav,44100,44100,2,1,11.515668934240363,11.515668934240363,507841,507841,.wav,2031408,3efc49db64a087b3ac046b92907fde8c8ce4a690643586286f4a3abd12d2db47,24ff8ad3b8ada5c8345cf9be24189a6d1dd32bde27e3b3e50436f66b5f44d0ca,0.21034739911556244,NORMAL,STANDARDIZED,,downmixed to mono,
tabla_000730.wav,trital31.wav,tabla,Tabla,Tabla\trital31.wav,44100,44100,2,1,8.798662131519274,8.798662131519274,388021,388021,.wav,1552128,28e59a7b38a243624734c8caa187ec2e39a12f4f39bfa6ae8ca736d976b2f4d1,30990ffbf5534923122873e4c97d6ddd459af66609ad4a638eebc4d56c7101b6,0.18183079361915588,NORMAL,STANDARDIZED,,downmixed to mono,
tabla_000731.wav,trital32.wav,tabla,Tabla,Tabla\trital32.wav,44100,44100,2,1,8.95451247165533,8.95451247165533,394894,394894,.wav,1579620,60dbc9add469ef5677624c9db981421bc7b7537506e1816b5d6110fdb364d3c5,8a6e4162169594727bdf506c98b2612da372ffdb83f8239b6717ca2455d644ca,0.18444250524044037,NORMAL,STANDARDIZED,,downmixed to mono,
tabla_000732.wav,trital33.wav,tabla,Tabla,Tabla\trital33.wav,44100,44100,2,1,8.94265306122449,8.94265306122449,394371,394371,.wav,1577528,5699a46cbccb4bf56fd7cacfc127d3e6589135bdde104bfbabbaa54481deb6ac,87ebd42795dc8326290e4aef65fe7f6080e94f50d54fb2af5925bcc019296a04,0.18057331442832947,NORMAL,STANDARDIZED,,downmixed to mono,
tabla_000733.wav,trital34.wav,tabla,Tabla,Tabla\trital34.wav,44100,44100,2,1,8.192925170068028,8.192925170068028,361308,361308,.wav,1445276,58c81db6b5f507d5b80f12554505eb104b90f3e3e32b87d797a1724b9e5d1825,523ba7653ad8b5be77d471e14ba053c4b1f153461fe1e5432d25bd2941557d7e,0.18701283633708954,NORMAL,STANDARDIZED,,downmixed to mono,
tabla_000734.wav,trital35.wav,tabla,Tabla,Tabla\trital35.wav,44100,44100,2,1,8.258616780045351,8.258616780045351,364205,364205,.wav,1456864,9eb21bf010bcfe971d21c8441d9b4f7447385caa11d38db83b7354ad15ddaeeb,35f787ab41ee45ff36d4461157cfdc21cfd886a6d603ce9cb397ea2d6ca22064,0.18169806897640228,NORMAL,STANDARDIZED,,downmixed to mono,
tabla_000735.wav,trital36.wav,tabla,Tabla,Tabla\trital36.wav,44100,44100,2,1,9.07297052154195,9.07297052154195,400118,400118,.wav,1600516,68114c3e6c73b6e4c2ab0e07cad1e58a2c4da4faf6106074c73f55a279fe288d,a90ed9f3499c91c8c8d2ec27cf1c54e20068c905c2664264036bdf261a66d5b5,0.17413082718849182,NORMAL,STANDARDIZED,,downmixed to mono,
tabla_000736.wav,trital37.wav,tabla,Tabla,Tabla\trital37.wav,44100,44100,2,1,8.902108843537414,8.902108843537414,392583,392583,.wav,1570376,49473a3da408473c4e343b3cffb4fe8642fa5476e3a8018373d891a7fe6d5b1a,abb802c8d0dc576dd7d587269803480b533c5523eb517706a8232fa1524d939a,0.18161922693252563,NORMAL,STANDARDIZED,,downmixed to mono,
tabla_000737.wav,trital38.wav,tabla,Tabla,Tabla\trital38.wav,44100,44100,2,1,9.078095238095239,9.078095238095239,400344,400344,.wav,1601420,8c68dc75f82cff3c489414e647f8765faf36691dda5de35c6eb7ce223d27ea72,8a0eec88d3f722ad4adb28fcb82aa1a65401085f38e24dacd787360e027a6f73,0.17272087931632996,NORMAL,STANDARDIZED,,downmixed to mono,
tabla_000738.wav,trital39.wav,tabla,Tabla,Tabla\trital39.wav,44100,44100,2,1,8.794829931972789,8.794829931972789,387852,387852,.wav,1551452,1b15b15591014bc8fdca003f46d02f3d28c1f3fb1c524f8896dddbfe0ad5ae06,8486b90ab1f255b1a7f5cf250cd166df3cf5796ce1ac216947545d6d8da84357,0.19755499064922333,NORMAL,STANDARDIZED,,downmixed to mono,
tabla_000739.wav,trital40.wav,tabla,Tabla,Tabla\trital40.wav,44100,44100,2,1,8.322018140589568,8.322018140589568,367001,367001,.wav,1468048,e4d38f3b2dae42283ec5f103c5942a7efff163500052dae04ae5a4322c9deea9,7cef6bcf0d404a39cc2d99d35aecd20383037abd311d183115f24f43ce080bbe,0.2014722228050232,NORMAL,STANDARDIZED,,downmixed to mono,
tabla_000740.wav,trital41.wav,tabla,Tabla,Tabla\trital41.wav,44100,44100,2,1,8.223242630385487,8.223242630385487,362645,362645,.wav,1450624,4284a4f2aba30241875907854ff7712ec36a3f7a62ab66e4021b6e0ba7ceebc5,6cabd681ad48bbd10e0545a9e4666b3d1633552b62c5b4d0ba6c68657b176941,0.20002658665180206,NORMAL,STANDARDIZED,,downmixed to mono,
tabla_000741.wav,trital42.wav,tabla,Tabla,Tabla\trital42.wav,44100,44100,2,1,8.267142857142858,8.267142857142858,364581,364581,.wav,1458368,4371a185f2d229f8e728807c3eafbe3a6e207c3d7a08f9b31f9a784b2e4cf4ed,3249bec3a3296c7e62f84bbcdbf5c250ae9451027390ab5bfe5853c5c9c68c41,0.19445796310901642,NORMAL,STANDARDIZED,,downmixed to mono,
tabla_000742.wav,trital43.wav,tabla,Tabla,Tabla\trital43.wav,44100,44100,2,1,9.072879818594105,9.072879818594105,400114,400114,.wav,1600500,56c0ab78ac3c7ccb1da0162135545d52c3451bc27cc7de75b9795ebc723a0c49,5db3bf4125cd21c8a619f09069839d1df4d8b2ad1319c5e18770444693b55d7c,0.1812911033630371,NORMAL,STANDARDIZED,,downmixed to mono,
tabla_000743.wav,trital44.wav,tabla,Tabla,Tabla\trital44.wav,44100,44100,2,1,8.287256235827664,8.287256235827664,365468,365468,.wav,1461916,866a329cb0207bc6e361a1c26def84946e9ea589c6b807f367ce12d36f6dc694,0416e092a7e59acd0e55709eb768efa948107c6bf196067d3f69d4a3a4a49909,0.18676351010799408,NORMAL,STANDARDIZED,,downmixed to mono,
tabla_000744.wav,trital45.wav,tabla,Tabla,Tabla\trital45.wav,44100,44100,2,1,8.267256235827665,8.267256235827665,364586,364586,.wav,1458388,8941988727a8c62ef1e1d6874c67935d6986d3b6b17863e75a7606f869d51836,21d5d9cad905f28b42e0c6f0ac0a30b26ca620360ee3bf50f7a225167ae3cb4c,0.18925607204437256,NORMAL,STANDARDIZED,,downmixed to mono,
tabla_000745.wav,trital46.wav,tabla,Tabla,Tabla\trital46.wav,44100,44100,2,1,8.192222222222222,8.192222222222222,361277,361277,.wav,1445152,b6ff965a89969a11035acdd7dc76d07d5b56ee68b2a015a318e9fa2b0147f825,ca9ce73ef7c468b65dbcf34b5f1ef023d515031274037a8ee01ce5daaaf54a64,0.18761903047561646,NORMAL,STANDARDIZED,,downmixed to mono,
tabla_000746.wav,trital47.wav,tabla,Tabla,Tabla\trital47.wav,44100,44100,2,1,8.171746031746032,8.171746031746032,360374,360374,.wav,1441540,1f92f611f0b631503977ddd5b450d32f9ad7333d006136ab7c6a0e149ea0a6c4,46f8de7d5b88b20ea2ad52b4bef28a42eabfde1c04415c3bdd500fce69c9cb29,0.18197624385356903,NORMAL,STANDARDIZED,,downmixed to mono,
tabla_000747.wav,trital48.wav,tabla,Tabla,Tabla\trital48.wav,44100,44100,2,1,8.301133786848073,8.301133786848073,366080,366080,.wav,1464364,9416b1773e4dae251a7421cc1d228641cd8500acbfc3316a5c3b3898df8aaf98,9abc58d24d8605a14853bb8a1f5fdd9150677f9b4dcd5927382d7e1e81c5e40c,0.18706554174423218,NORMAL,STANDARDIZED,,downmixed to mono,
tabla_000748.wav,trital49.wav,tabla,Tabla,Tabla\trital49.wav,44100,44100,2,1,9.032562358276644,9.032562358276644,398336,398336,.wav,1593388,f832eeb23f091b59f71e572e768c930385875c9c2232c8d781e1d1d3960c45a1,3d2f8839f6395f82958438a3596e705e0f4abd199921d78c7d5542f4ee72b9a7,0.1772611141204834,NORMAL,STANDARDIZED,,downmixed to mono,
tabla_000749.wav,trital50.wav,tabla,Tabla,Tabla\trital50.wav,44100,44100,2,1,9.287981859410431,9.287981859410431,409600,409600,.wav,1638444,fbabaf2f1e5d83913b527b4177028818ddbfee920116b33eb7b5b16334d5d142,b80304b75ed472df6677daa595b034f495ac49596256c2bf15476e825f55d851,0.17606684565544128,NORMAL,STANDARDIZED,,downmixed to mono,
tabla_000750.wav,trital51.wav,tabla,Tabla,Tabla\trital51.wav,44100,44100,2,1,7.532789115646258,7.532789115646258,332196,332196,.wav,1328828,411a19b1cfe963f449ec826866cb1e828123d95d2f6d4d280bc16c8340b2a518,6a47bbdf112af99c62c5cf44a142d14453c8db3c43e8ed58d9b7c99de596b27d,0.19465354084968567,NORMAL,STANDARDIZED,,downmixed to mono,
tabla_000751.wav,trital52.wav,tabla,Tabla,Tabla\trital52.wav,44100,44100,2,1,7.662585034013605,7.662585034013605,337920,337920,.wav,1351724,a29df5991ebaf5e35b045a9b247014d09c3b3b5c1d224044c914e2c1781eb503,28c05b0671baed01ac8beb7ff4f6fe0965c4f439d0cbd0e84b44d80ddebe4815,0.18756629526615143,NORMAL,STANDARDIZED,,downmixed to mono,
tabla_000752.wav,trital53.wav,tabla,Tabla,Tabla\trital53.wav,44100,44100,2,1,7.558095238095238,7.558095238095238,333312,333312,.wav,1333292,b49a264ba60b6654a0ce3cf58f141adb2de6c0ed018b83daaf0a81158e7c5959,9b1671266036485068681b039d1b48ede9e591050934398fe2d3752b3b857514,0.18745239078998566,NORMAL,STANDARDIZED,,downmixed to mono,
tabla_000753.wav,trital54.wav,tabla,Tabla,Tabla\trital54.wav,44100,44100,2,1,7.572607709750567,7.572607709750567,333952,333952,.wav,1335852,7dda59be4eb48a57b6714610930b27305070c2006ed4779d84cf589905dba101,2d6be4fd69fd3d13f2cf7c98237c43d89df178bb9f9e684eefa6e178648252e6,0.19203811883926392,NORMAL,STANDARDIZED,,downmixed to mono,
tabla_000754.wav,trital55.wav,tabla,Tabla,Tabla\trital55.wav,44100,44100,2,1,6.651814058956916,6.651814058956916,293345,293345,.wav,1173424,58a3d7dc5e5c48b97662beb7334e93cb269a9f54b04896a4a0ca9154b0086ea4,3d5b79aa9256943aa81ef28c7108003cf9cccbcb7fe2f9f4ff5602c19942785f,0.19665759801864624,NORMAL,STANDARDIZED,,downmixed to mono,
tabla_000755.wav,trital56.wav,tabla,Tabla,Tabla\trital56.wav,44100,44100,2,1,7.2523356009070294,7.2523356009070294,319828,319828,.wav,1279356,7e49e1f9fab08e697a7411103f82f36bb9391781b70d1061e239cd98f9c9c8a8,ac29dc117b8b0216d0a9dbf28706c7e9356ef09ae2601517f791750585b67342,0.1919284611940384,NORMAL,STANDARDIZED,,downmixed to mono,
tabla_000756.wav,trital57.wav,tabla,Tabla,Tabla\trital57.wav,44100,44100,2,1,6.624875283446712,6.624875283446712,292157,292157,.wav,1168672,e45a641a5decd5f760f14eaae3888e6b007eafafaa0821258e823bb383631464,b73d6bd0270caa01170957f3be9adfd7af660f392f68f819827d807e2c6625aa,0.204137921333313,NORMAL,STANDARDIZED,,downmixed to mono,
tabla_000757.wav,trital58.wav,tabla,Tabla,Tabla\trital58.wav,44100,44100,2,1,6.544852607709751,6.544852607709751,288628,288628,.wav,1154556,9668a4ed4464a435f32e6f92ae07198728a19a423cc172ea84781d6ad762d85f,e12aa6cd23ae0ec1db5faa4934decff51348190cffa8b06d01f6aaae6ef4698e,0.19643045961856842,NORMAL,STANDARDIZED,,downmixed to mono,
tabla_000758.wav,trital59.wav,tabla,Tabla,Tabla\trital59.wav,44100,44100,2,1,6.716394557823129,6.716394557823129,296193,296193,.wav,1184816,400a2ea5605c47cc0fc2d462ee08171c970b97732edcc4334f4b7bdf0395f6e2,399ccddc1846c099a39f774bbc48fb4c81331b1d86a13cc5f9ddd41e7923a4fd,0.21640102565288544,NORMAL,STANDARDIZED,,downmixed to mono,
tabla_000759.wav,trital60.wav,tabla,Tabla,Tabla\trital60.wav,44100,44100,2,1,6.652312925170068,6.652312925170068,293367,293367,.wav,1173512,c8a1c3c0d97fac7b00418204811fa5d3b93cd9911407e0854055fe39bb185aa7,91469bbca1c59c9b39005b1e2267ceea8aafa13aa690430932ed31bc216ef55b,0.21814322471618652,NORMAL,STANDARDIZED,,downmixed to mono,
tabla_000760.wav,trital61.wav,tabla,Tabla,Tabla\trital61.wav,44100,44100,2,1,6.658820861678005,6.658820861678005,293654,293654,.wav,1174660,4ed70caf312994090080b71e3f59cadb4a06a7a41cdb513220d20d9b64ad81d7,c968b199ee857df75c9ebd027f78ca9b9d9f766e5feb1d0b14958872d3158b0c,0.2125111222267151,NORMAL,STANDARDIZED,,downmixed to mono,
tabla_000761.wav,trital62.wav,tabla,Tabla,Tabla\trital62.wav,44100,44100,2,1,6.669342403628118,6.669342403628118,294118,294118,.wav,1176516,7a6d3f4a3a9f04b17ea8de6d8c21519bce90c1075016900707b94fd6c54a739f,8f151c54d56350a576a55f459473ecb3900a11d99d65377bb102b475c8aabb01,0.210290789604187,NORMAL,STANDARDIZED,,downmixed to mono,
tabla_000762.wav,trital63.wav,tabla,Tabla,Tabla\trital63.wav,44100,44100,2,1,6.674625850340136,6.674625850340136,294351,294351,.wav,1177448,3cf636dccb7a2031378c0f31b69d3e35273ae5c231d9a007d8e1308e3b25a51e,3c48a46b2b502cb8db0249ad31f2c5aaca9fa76fd78ef8a351bb391d1ec01368,0.20327121019363403,NORMAL,STANDARDIZED,,downmixed to mono,
tabla_000763.wav,trital64.wav,tabla,Tabla,Tabla\trital64.wav,44100,44100,2,1,7.476281179138322,7.476281179138322,329704,329704,.wav,1318860,083bca38faf39644914f2a80ad235d4b7d7d13ac6db72545c53ba9757007aba5,60223828db4f052fd694dc3ba4500cca2744279a0ad5b71e65e8190a6d48ec3b,0.1931411325931549,NORMAL,STANDARDIZED,,downmixed to mono,
tabla_000764.wav,trital65.wav,tabla,Tabla,Tabla\trital65.wav,44100,44100,2,1,6.692947845804989,6.692947845804989,295159,295159,.wav,1180680,8bb8a2f506e771c4d8765e019555b5a11804ddafd1b87e256cd13800c286ea23,e88d0624b67b41a10c0797efbfc3c22c7d6222224048871ed3571585be3f480a,0.20730865001678467,NORMAL,STANDARDIZED,,downmixed to mono,
tabla_000765.wav,trital66.wav,tabla,Tabla,Tabla\trital66.wav,44100,44100,2,1,6.659614512471656,6.659614512471656,293689,293689,.wav,1174800,2d99604857f468fb2951c651420ce151cb77f945cdbe77298c722776e595bf1a,fbfa78bd55fbd7aa5fa690ae4f197d40df613e4157bda2d20b5f4369acd5e798,0.20363906025886536,NORMAL,STANDARDIZED,,downmixed to mono,
tabla_000766.wav,trital67.wav,tabla,Tabla,Tabla\trital67.wav,44100,44100,2,1,7.5724943310657595,7.5724943310657595,333947,333947,.wav,1335832,3b65ecf1f4319cce3f2b2c9c0506bd045f041c7f62098e4960332f24ac922524,35d9309be68d277f929b83908b1970349f9bee47c2409c519fad0f31b09243e9,0.182464599609375,NORMAL,STANDARDIZED,,downmixed to mono,
tabla_000767.wav,trital68.wav,tabla,Tabla,Tabla\trital68.wav,44100,44100,2,1,6.6611337868480724,6.6611337868480724,293756,293756,.wav,1175068,e1abdb41eb7715985d976198713d337948b0894fff5bd59ebf3b4b46088ea3c4,1ac3d2c640518cb5ea441a9887f6df7bcc6ba718f47118e7e0bfc85968bac527,0.2017916738986969,NORMAL,STANDARDIZED,,downmixed to mono,
tabla_000768.wav,trital69.wav,tabla,Tabla,Tabla\trital69.wav,44100,44100,2,1,6.698684807256236,6.698684807256236,295412,295412,.wav,1181692,fe2c0365dbe3a77322054d9b1b6219546ed5e86c46b66605f776c8f1635d2faf,eac2eecba7cc0eac47ae15cda80eb984cd2f3b3545cebedbb8e6e3289e3f51e6,0.20584672689437866,NORMAL,STANDARDIZED,,downmixed to mono,
tabla_000769.wav,trital70.wav,tabla,Tabla,Tabla\trital70.wav,44100,44100,2,1,6.629297052154195,6.629297052154195,292352,292352,.wav,1169452,b446137bf0ed271711de7a05be16338c9d59e2acfb5e559c60c91e0fb287f919,c2650dc3d6b38d293d2964fc1566225fa2134ca5def0ff51d620e819b2922adc,0.20052386820316315,NORMAL,STANDARDIZED,,downmixed to mono,
tabla_000770.wav,trital71.wav,tabla,Tabla,Tabla\trital71.wav,44100,44100,2,1,5.035328798185941,5.035328798185941,222058,222058,.wav,888276,183ae7571e216d9ec251c2bb7a3e01291d431d7f192e9a28179fccd9eba45277,7dee99e7224227480cc39f59fad30f8a860a4a1b9659640404c206eb8332de51,0.22560109198093414,NORMAL,STANDARDIZED,,downmixed to mono,
tabla_000771.wav,trital72.wav,tabla,Tabla,Tabla\trital72.wav,44100,44100,2,1,5.999614512471656,5.999614512471656,264583,264583,.wav,1058376,46ee1ac4bb289c097804e47b6f1d7bbd8cc7154f23ea273e3ac25a275e72b737,18b42c26beec6e2f3175795a262695371a1278ac621c27e736c90f871c7cf665,0.20182576775550842,NORMAL,STANDARDIZED,,downmixed to mono,
tabla_000772.wav,trital73.wav,tabla,Tabla,Tabla\trital73.wav,44100,44100,2,1,5.937845804988662,5.937845804988662,261859,261859,.wav,1047480,da8e1de461fa3b0a1552f151ab60d17d4270e6f264b0b0eae751dfc456b27451,b67db8cdd10b9d1403d5b9e892e877396d58a4778bf5096583e003cc57c6a246,0.2002866119146347,NORMAL,STANDARDIZED,,downmixed to mono,
tabla_000773.wav,trital74.wav,tabla,Tabla,Tabla\trital74.wav,44100,44100,2,1,5.1140589569161,5.1140589569161,225530,225530,.wav,902164,d582a38fa51834f2e9ae836fd154e999d9582975fec7a287cb0b6f3f71a2a4b7,aee610b3b5db77b3c50e191b91802be3e9649c8399e8e5dc5b69c4ed8732ded0,0.216629296541214,NORMAL,STANDARDIZED,,downmixed to mono,
tabla_000774.wav,trital76.wav,tabla,Tabla,Tabla\trital76.wav,44100,44100,2,1,5.1210657596371885,5.1210657596371885,225839,225839,.wav,903400,477f47f619d4bb38751ae6c82eb427574f7f17bedaf7978b37a2c5d3724f6e03,c816986da49fe2044ca0e395f2fb2628cce8ef89acae8617a58d529bb6251ec1,0.21343539655208588,NORMAL,STANDARDIZED,,downmixed to mono,
tabla_000775.wav,trital77.wav,tabla,Tabla,Tabla\trital77.wav,44100,44100,2,1,5.939024943310658,5.939024943310658,261911,261911,.wav,1047688,4588bef8bb4bea43e3ccf3c85b7d7ddbab8a593230af2fea3d1fd42c30f7d5c1,f1120b2da433a7f998f6502ddd6ef1bfe48209aaa700a8ddeb286402058d13d4,0.19855858385562897,NORMAL,STANDARDIZED,,downmixed to mono,
tabla_000776.wav,trital78.wav,tabla,Tabla,Tabla\trital78.wav,44100,44100,2,1,5.5495691609977325,5.5495691609977325,244736,244736,.wav,978988,a9bac61aeab0fb966f886706e3a5273e853245cf4c7e1db116a5a64afd5dd1d9,9f9bf972a6204a31872fbe5d0c1be92bc8e19b44317693ac29d87e1d12991cd3,0.2104869931936264,NORMAL,STANDARDIZED,,downmixed to mono,
tabla_000777.wav,trital79.wav,tabla,Tabla,Tabla\trital79.wav,44100,44100,2,1,5.825555555555556,5.825555555555556,256907,256907,.wav,1027672,1c766edcdfd4876e9b10395ae2fec3bf503063063419bd52ba6371897674056a,c9bea8ae05de215e1ea66290d394000ac595a43ecfd7faeb7769a3f426ce862a,0.1988239735364914,NORMAL,STANDARDIZED,,downmixed to mono,
tabla_000778.wav,trital80.wav,tabla,Tabla,Tabla\trital80.wav,44100,44100,2,1,5.083605442176871,5.083605442176871,224187,224187,.wav,896792,7b0dc9ef6dabd3a0c26497d4ca6878cce501e69cd0452a16b65982436bc1edfe,732a02d9520d3febeef66fb4c5b0382a744db7ee0de0a121f2ff7891527e1f91,0.23997007310390472,NORMAL,STANDARDIZED,,downmixed to mono,
tabla_000779.wav,trital81.wav,tabla,Tabla,Tabla\trital81.wav,44100,44100,2,1,5.050340136054421,5.050340136054421,222720,222720,.wav,890924,2c279437a80ba38411877b6d2a446ea7228eeb094e79454c15b6f6672ee74323,b21e4885064fbdebaac08aa7621ca9e6b65a466ab6d0c1dfaca271ded6936a19,0.23514343798160553,NORMAL,STANDARDIZED,,downmixed to mono,
tabla_000780.wav,trital82.wav,tabla,Tabla,Tabla\trital82.wav,44100,44100,2,1,5.995578231292517,5.995578231292517,264405,264405,.wav,1057664,934aee9a4a727d336d61f3cf3e7fc00bb9230a94a1cb12367b40dc8a17448173,327b7bd498ab9ddf51067b20686c8a81ee2a795df08ef275c9a1c0b0db01ba31,0.21231845021247864,NORMAL,STANDARDIZED,,downmixed to mono,
tabla_000781.wav,trital83.wav,tabla,Tabla,Tabla\trital83.wav,44100,44100,2,1,5.122494331065759,5.122494331065759,225902,225902,.wav,903652,2c26fb79f342d58a186398b4e73789ab62cf9fac7cc311d08929acbd07b865a3,7ed6d6aa30e49f4a29916a5680032a89c01601733c5ae981dc730cd0d27cb255,0.2278444766998291,NORMAL,STANDARDIZED,,downmixed to mono,
tabla_000782.wav,trital84.wav,tabla,Tabla,Tabla\trital84.wav,44100,44100,2,1,5.659365079365079,5.659365079365079,249578,249578,.wav,998356,d1a8bc85e004d636f8ae9d2ccf751a2e487727b9276df2cfdc4092527fbc60f4,86cda668a07bda803046643fdfa52f082193c7dd9425f0cc0c6b89a8d9a9f47e,0.20829631388187408,NORMAL,STANDARDIZED,,downmixed to mono,
tabla_000783.wav,trital85.wav,tabla,Tabla,Tabla\trital85.wav,44100,44100,2,1,5.116848072562358,5.116848072562358,225653,225653,.wav,902656,3df3cd5ac219968a029528676dc587990415907b19d7b49a80ef12d1feb41e98,41ab79c454f0e8a46051d2ec9a80b33c3b5b26436948fecfa369b7ff0397050c,0.2240992933511734,NORMAL,STANDARDIZED,,downmixed to mono,
tabla_000784.wav,trital86.wav,tabla,Tabla,Tabla\trital86.wav,44100,44100,2,1,5.106802721088435,5.106802721088435,225210,225210,.wav,900884,4257befc09bac348042bd33afe7387e28f4b0030e5009aeb20a35695e5ae74ba,5c57482727401e200650803ace354d8c2538f386316f6b12cc37e02749f540e1,0.2220214456319809,NORMAL,STANDARDIZED,,downmixed to mono,
tabla_000785.wav,trital87.wav,tabla,Tabla,Tabla\trital87.wav,44100,44100,2,1,5.107482993197279,5.107482993197279,225240,225240,.wav,901004,349cc81ce99ba99dd008edff202e7726e557f9587a4a91ed10266dd95688743e,32a4ef6475fcadcd72520ee25255e4f744b82579ffca65d8f3ccba1b029ec910,0.21803408861160278,NORMAL,STANDARDIZED,,downmixed to mono,
tabla_000786.wav,trital88.wav,tabla,Tabla,Tabla\trital88.wav,44100,44100,2,1,5.088185941043084,5.088185941043084,224389,224389,.wav,897600,05d02264c0e1ab0f9c70ebe93752a05be9b478aa1c960eef8903be110c89b5f1,d5a6e75d4cd5b9217c8a329b314aa842f664f6857de8ce36edc1def31ab57f79,0.21810181438922882,NORMAL,STANDARDIZED,,downmixed to mono,
tabla_000787.wav,trital89.wav,tabla,Tabla,Tabla\trital89.wav,44100,44100,2,1,6.104331065759637,6.104331065759637,269201,269201,.wav,1076848,8607e8e2eef6149bd0f28c8f888688c38ccc52e8e4a92a3befc9d5578d106ee3,1c48fb8ab645f5e1ad6d513da7a78c399f1bfe7e35415c3ae10a01f8313fc82b,0.1915227174758911,NORMAL,STANDARDIZED,,downmixed to mono,
tabla_000788.wav,trital90.wav,tabla,Tabla,Tabla\trital90.wav,44100,44100,2,1,5.0836961451247165,5.0836961451247165,224191,224191,.wav,896808,9540822bb7e1b57d10889d589dc34d623cc2ceb9473bf1d840619170ba65ac8a,3b31a886942fa72609343d1cb904d00275fffb113897f938d8351c33dfc2a32b,0.22013187408447266,NORMAL,STANDARDIZED,,downmixed to mono,
tabla_000789.wav,trital91.wav,tabla,Tabla,Tabla\trital91.wav,44100,44100,2,1,5.06124716553288,5.06124716553288,223201,223201,.wav,892848,8a879b740f4097c5d987ac30f27c6e749e8b5cfd4351f332c211fb323796be83,ed9065967d48dfca119c0ba68191cc4e00291e9f11b7e7d0a72d6c3d6e2eef0f,0.21474024653434753,NORMAL,STANDARDIZED,,downmixed to mono,
tabla_000790.wav,trital92.wav,tabla,Tabla,Tabla\trital92.wav,44100,44100,2,1,4.559637188208617,4.559637188208617,201080,201080,.wav,804364,3a239c7586bbb978974cf0417b630ca84ad209e4b5d1af66ac975a604418b83f,201608172794d32c6fc96503f9101e91bc0038971bfd6cddd282a953e4b5403a,0.16673149168491364,NORMAL,STANDARDIZED,,downmixed to mono,
tabla_000791.wav,trital93.wav,tabla,Tabla,Tabla\trital93.wav,44100,44100,2,1,4.555147392290249,4.555147392290249,200882,200882,.wav,803572,7e13ca07024d5cb29258f98c9be2a1c5a1d484f4e6cfdfa31a4ffdb86c66dfa7,258840e67511fb6e294991c3c53f9bc246df7c179904d030f71694c7fbd888e8,0.16814881563186646,NORMAL,STANDARDIZED,,downmixed to mono,
tabla_000792.wav,trital94.wav,tabla,Tabla,Tabla\trital94.wav,44100,44100,2,1,4.608185941043084,4.608185941043084,203221,203221,.wav,812928,2941f448ed961ecddfd666c1945792803eafd81f781de69c87ae2c8bbe50d6e0,4d42e63b78afd9050d8250692a15f1d056f988995af748466846d524879d165d,0.16880343854427338,NORMAL,STANDARDIZED,,downmixed to mono,
tabla_000793.wav,trital95.wav,tabla,Tabla,Tabla\trital95.wav,44100,44100,2,1,4.596031746031746,4.596031746031746,202685,202685,.wav,810784,2eb293195778897778c38a99fe94335e0ee6fdbcf028b3c01e454dab08ee7885,a4dd5532d567701b8a9aacea6bf370e82d3ff5e4694686c776b89fdb5f913136,0.16691987216472626,NORMAL,STANDARDIZED,,downmixed to mono,
tabla_000794.wav,trital96.wav,tabla,Tabla,Tabla\trital96.wav,44100,44100,2,1,4.556303854875283,4.556303854875283,200933,200933,.wav,803776,9b3ab5dc33afec8efedc9b9515046c5344ead701f85d8e236ccadee45663727c,e0601c64ec01989d6ff1a6863535155967be9559b75d3f1acfa415f73a6e455e,0.15664850175380707,NORMAL,STANDARDIZED,,downmixed to mono,
tabla_000795.wav,trital97.wav,tabla,Tabla,Tabla\trital97.wav,44100,44100,2,1,4.517528344671202,4.517528344671202,199223,199223,.wav,796936,2410d89331667ea71c8e72160677e22f62f87686e903c86c01b39730fdb5af78,fe477e04a074882c4223ff5d0d848094807d69dc354747263a321447944beb59,0.1607486605644226,NORMAL,STANDARDIZED,,downmixed to mono,
tabla_000796.wav,trital98.wav,tabla,Tabla,Tabla\trital98.wav,44100,44100,2,1,4.589410430839003,4.589410430839003,202393,202393,.wav,809616,d54b3576b6dfa256dbb6c88e8cffac06fdb0967edbae292d5e5cab5ae307db01,76a2989a13ff203d131ce16dc29092adaf7945997f635de8a834c18857865800,0.16104528307914734,NORMAL,STANDARDIZED,,downmixed to mono,
tabla_000797.wav,trital99.wav,tabla,Tabla,Tabla\trital99.wav,44100,44100,2,1,4.587392290249433,4.587392290249433,202304,202304,.wav,809260,ea5f5fc4c4b87e85e8eafad10b75404c2584fe0ab94e14f72794150dca69b8be,5f1be888805630295b7d150a8ec1fef045fd210ed4bf35a17bdabf38d5fd29d0,0.1571582704782486,NORMAL,STANDARDIZED,,downmixed to mono,
