standardized_filename,original_filename,instrument,source_dataset,original_path,original_sample_rate,standardized_sample_rate,original_channels,standardized_channels,original_duration_seconds,standardized_duration_seconds,original_num_samples,standardized_num_samples,original_format,original_file_size,original_sha256,standardized_sha256,rms_level,signal_quality_status,curation_status,exclusion_reason,processing_applied,notes
harmonium_000001.wav,1.wav,harmonium,Harmonium,Harmonium\1.wav,22050,44100,1,1,3.0,3.0,66150,132300,.wav,132344,b0fb8bb264f020cde200555aa5740aa710a0c1df7f6c0b72613191e9a8062e24,a608797d562dfd8905357efe76892669b15049c1e6a00fd05c1e8770e7df189b,0.08553039282560349,NORMAL,STANDARDIZED,,resampled from 22050 to 44100,
harmonium_000002.wav,10.wav,harmonium,Harmonium,Harmonium\10.wav,22050,44100,1,1,3.0,3.0,66150,132300,.wav,132344,4640e28652838cd19cd72a179b8b98ffdaf38d59c1d50834c6925249f5cf4048,df9b0461bb6584cd0d9f7e09eab9d6050eda965da6127f544902e341364ff926,0.42970478534698486,NORMAL,STANDARDIZED,,resampled from 22050 to 44100,
harmonium_000003.wav,100.wav,harmonium,Harmonium,Harmonium\100.wav,22050,44100,1,1,3.0,3.0,66150,132300,.wav,132344,f506abe9f926a98232ebd5ce7dd97e90e43b59bf85a171650c2fade3288d8c23,a58b7d437e0b56691836cf4294f5e02de480805899c10e6a79171b27180670ab,0.37794095277786255,NORMAL,STANDARDIZED,,resampled from 22050 to 44100,
harmonium_000004.wav,1000.wav,harmonium,Harmonium,Harmonium\1000.wav,22050,44100,1,1,3.0,3.0,66150,132300,.wav,132344,0f00d078a31165d1d765773a34a1c959ecec73a35333b5b4db79e296e026d8f8,50743bc92d7fa2339813aed5a0439a675992e1c99a45b429843e73ed3c385232,0.4460360109806061,NORMAL,STANDARDIZED,,resampled from 22050 to 44100,
harmonium_000005.wav,1001.wav,harmonium,Harmonium,Harmonium\1001.wav,22050,44100,1,1,3.0,3.0,66150,132300,.wav,132344,875a2484b3a11a52c3dd060250f9412707a7581806f539d65d03e83695435130,036dbce6b58768adc4c9a7b763b655e5339f3fd6871b4b9e973fa51a131c5baf,0.3956736624240875,NORMAL,STANDARDIZED,,resampled from 22050 to 44100,
harmonium_000006.wav,1002.wav,harmonium,Harmonium,Harmonium\1002.wav,22050,44100,1,1,3.0,3.0,66150,132300,.wav,132344,54eb26c91f564294cecbc52bf70bb7305508c48d93888a140a2e31f316ecf00a,607b0f48e0d96eb6e1fd89ab74beb6e30fbb6f8b6ba64ff50a5b048b2857cc5a,0.41551244258880615,NORMAL,STANDARDIZED,,resampled from 22050 to 44100,
harmonium_000007.wav,1003.wav,harmonium,Harmonium,Harmonium\1003.wav,22050,44100,1,1,3.0,3.0,66150,132300,.wav,132344,95f828f491059fba057936e2582b288a011ebc8d02c19b2f1eee28caaa9d7688,182cbd3623ea952d29bffe76d65cad2015eaf3d92b6a25078a5b184d7fa6d93a,0.3814559280872345,NORMAL,STANDARDIZED,,resampled from 22050 to 44100,
harmonium_000008.wav,1004.wav,harmonium,Harmonium,Harmonium\1004.wav,22050,44100,1,1,3.0,3.0,66150,132300,.wav,132344,eb2dd3d781681272dd4e8c7daf7772a83eaf98a2f4e34099ff50565bdd505421,7778b21809db182dbd01b24b7c9ebbc2a322c257a39177128ce0b9b528d7c826,0.42442837357521057,NORMAL,STANDARDIZED,,resampled from 22050 to 44100,
harmonium_000009.wav,1005.wav,harmonium,Harmonium,Harmonium\1005.wav,22050,44100,1,1,3.0,3.0,66150,132300,.wav,132344,6dc173785c3ba35a81bddec168160bfb8f54a9d6c2606b3be0f6c32e82d80efe,b0e6634cf27bf9f60f008d37364b9939c452604ccc995abd47277c0779bfe043,0.46405309438705444,NORMAL,STANDARDIZED,,resampled from 22050 to 44100,
harmonium_000010.wav,1006.wav,harmonium,Harmonium,Harmonium\1006.wav,22050,44100,1,1,3.0,3.0,66150,132300,.wav,132344,e4773d4972ca911488ff1da89e25599664f52d80d03588b2fdd10fc097c148ee,e77a28fcd056a1724413eb751e91b6db5d6961294a8d7a2cc2c594b8b64c9b9f,0.44073912501335144,NORMAL,STANDARDIZED,,resampled from 22050 to 44100,
harmonium_000011.wav,1007.wav,harmonium,Harmonium,Harmonium\1007.wav,22050,44100,1,1,3.0,3.0,66150,132300,.wav,132344,c77b7cb742d40b7da3dcdbeea95b8ab1e7fbd8e105896b278570c06dbb55c159,f836ab88242a86f972076061f4c5110385bcfa0d8f5631387d6637965a198ac8,0.37654319405555725,NORMAL,STANDARDIZED,,resampled from 22050 to 44100,
harmonium_000012.wav,1008.wav,harmonium,Harmonium,Harmonium\1008.wav,22050,44100,1,1,3.0,3.0,66150,132300,.wav,132344,d0dcf4a54cf1c75be30db871f2bcc226316935760f210f78f4133c1b5898e617,079b15d96554fa586eb80d6ef7f3b121cf3c9fb6dd1e0cdcd46499c7aa174f02,0.45530185103416443,NORMAL,STANDARDIZED,,resampled from 22050 to 44100,
harmonium_000013.wav,1009.wav,harmonium,Harmonium,Harmonium\1009.wav,22050,44100,1,1,3.0,3.0,66150,132300,.wav,132344,bf97ec66636f1882a75e3f1663ac80d3a347c77dd19896c95490e2741ec9dd70,29abfb38a9367b7f0d6c1decaae30fe683ce220be7bc4d53082ec53d0a7bc00a,0.3983234465122223,NORMAL,STANDARDIZED,,resampled from 22050 to 44100,
harmonium_000014.wav,101.wav,harmonium,Harmonium,Harmonium\101.wav,22050,44100,1,1,3.0,3.0,66150,132300,.wav,132344,6a9305e79f2cd15d83a97f970808568e99a03151d77d1b89e6444ce33c427c6f,20f50b0c032695b15ab05de3bc2114af062ee79fe46487a2f6d43d0cc62dec49,0.38166001439094543,NORMAL,STANDARDIZED,,resampled from 22050 to 44100,
harmonium_000015.wav,1010.wav,harmonium,Harmonium,Harmonium\1010.wav,22050,44100,1,1,3.0,3.0,66150,132300,.wav,132344,55fc53d56ea3f2365d5f160edfee5d3cc524d8c49b311d0bc6c6f560a0b4e7b3,3bf1ca75ff293d995181c76648b0b2efe4d26f16ab4ed2b947c0d432d7d4e20b,0.42304468154907227,NORMAL,STANDARDIZED,,resampled from 22050 to 44100,
harmonium_000016.wav,1011.wav,harmonium,Harmonium,Harmonium\1011.wav,22050,44100,1,1,3.0,3.0,66150,132300,.wav,132344,937452d35779bf8f281a48a7fffa3aa5758ec87a6da932c97044f29bb426f978,b2e05ed1745ad094d80bd68b534346594d3867469fe2d766ad8c6b79c4e04b97,0.379995733499527,NORMAL,STANDARDIZED,,resampled from 22050 to 44100,
harmonium_000017.wav,1012.wav,harmonium,Harmonium,Harmonium\1012.wav,22050,44100,1,1,3.0,3.0,66150,132300,.wav,132344,d8c16e39519cf1bb6124d85b960a1f70b3f84acf859d09fc56f583fd1baa73e9,2d49187eb279bd63241a0c8ee026ab71791c9ed2e6219c629c45aa7496acfc68,0.42201516032218933,NORMAL,STANDARDIZED,,resampled from 22050 to 44100,
harmonium_000018.wav,1013.wav,harmonium,Harmonium,Harmonium\1013.wav,22050,44100,1,1,3.0,3.0,66150,132300,.wav,132344,a540bb13a9a31d8937e224ec20800e3fb6fb618feb8ae467b166e7fdadaadf3f,9ab6659a5f85f04e90199b28f836789b65bdeb0f82606236821eba2cbc4f5484,0.46387529373168945,NORMAL,STANDARDIZED,,resampled from 22050 to 44100,
harmonium_000019.wav,1014.wav,harmonium,Harmonium,Harmonium\1014.wav,22050,44100,1,1,3.0,3.0,66150,132300,.wav,132344,23a5aead52bec794279210cc1fd78a7b4028bc7e434b88e8322d240204b0df51,198e6afc25caf2ee809bcbd60bac6b23cfc961f0a54398d3580d59c7878a0863,0.43556585907936096,NORMAL,STANDARDIZED,,resampled from 22050 to 44100,
harmonium_000020.wav,1015.wav,harmonium,Harmonium,Harmonium\1015.wav,22050,44100,1,1,3.0,3.0,66150,132300,.wav,132344,52ea55a6e33423a1064a37d51a6a23c1f1776d06e433220b1dd81f922786d829,8a3872a1343b54131e6318e03d8fb5d1147672185cf16014e545e648af06767d,0.3729590177536011,NORMAL,STANDARDIZED,,resampled from 22050 to 44100,
harmonium_000021.wav,1016.wav,harmonium,Harmonium,Harmonium\1016.wav,22050,44100,1,1,3.0,3.0,66150,132300,.wav,132344,cafc39e90e9834b0c20bc47aa97f5bf64f8fc2b202e2d6d221d964cb117ad101,a0e7ad94c4b0c22d3522f27e94934611ed52fce46bc46c2bfa6cecc4a015f9bd,0.44527074694633484,NORMAL,STANDARDIZED,,resampled from 22050 to 44100,
harmonium_000022.wav,1017.wav,harmonium,Harmonium,Harmonium\1017.wav,22050,44100,1,1,3.0,3.0,66150,132300,.wav,132344,a65e0ad7cdb25a76418643c8a053360e7c3e73d22c4f462dbc7d3955d222a9f5,fbf35698f97b3e214b121148fd4bc279795e00e38c8cfcacf27267e65cd2ce8a,0.3951233923435211,NORMAL,STANDARDIZED,,resampled from 22050 to 44100,
harmonium_000023.wav,1018.wav,harmonium,Harmonium,Harmonium\1018.wav,22050,44100,1,1,3.0,3.0,66150,132300,.wav,132344,352a885a2a0769d7f3ad57c58d9fc782d7489f5d1bf7b39933e590b275c44f07,0b5239f52ff06b3168c4b56b7cb042ce9175ec23934db5e4ceef1472dbd75a71,0.42055150866508484,NORMAL,STANDARDIZED,,resampled from 22050 to 44100,
harmonium_000024.wav,1019.wav,harmonium,Harmonium,Harmonium\1019.wav,22050,44100,1,1,3.0,3.0,66150,132300,.wav,132344,4e8b836e9c35e6ffab1e4970a747440f1c6a74b30b89828e25a4155d3728e381,882f018c1c6ad5f6758e81f1a2057cc69fda1f54d5ce7ebb6912687851a3a634,0.38334593176841736,NORMAL,STANDARDIZED,,resampled from 22050 to 44100,
harmonium_000025.wav,102.wav,harmonium,Harmonium,Harmonium\102.wav,22050,44100,1,1,3.0,3.0,66150,132300,.wav,132344,9137cf345add4948ebe964d3748f98af2a85cb0c0bc0abd41188ba44392d8a12,95ca5e4f3dadb3b28ed57b268e940acdf94285d571368789f253959789d077e3,0.42729857563972473,NORMAL,STANDARDIZED,,resampled from 22050 to 44100,
harmonium_000026.wav,1020.wav,harmonium,Harmonium,Harmonium\1020.wav,22050,44100,1,1,3.0,3.0,66150,132300,.wav,132344,4076e835088df2ff4086dc61d0db2830a4fc89ff1538b0f098354421d331c0ef,58b185a53a30c30639e7bb80100fecc04bc7d8a9a4a3bc02ae4e3646f21f606c,0.42271873354911804,NORMAL,STANDARDIZED,,resampled from 22050 to 44100,
harmonium_000027.wav,1021.wav,harmonium,Harmonium,Harmonium\1021.wav,22050,44100,1,1,3.0,3.0,66150,132300,.wav,132344,87209e09a51fb6f3f1436c9d9990139c64360794c15e686fe2719e7035a93426,435abe53aabbcbca17d13d9f220cf407171c1dcf61d9197a1e6c5c2a87cb152d,0.4645896852016449,NORMAL,STANDARDIZED,,resampled from 22050 to 44100,
harmonium_000028.wav,1022.wav,harmonium,Harmonium,Harmonium\1022.wav,22050,44100,1,1,3.0,3.0,66150,132300,.wav,132344,22a9306d304b6e683883429301501ae5ec07e5d2b8363c3df49bf58aeed8c1f2,461ef7629b22db21e528563398c2dfd2cbfcea7ee1c8827fd67701eb20504371,0.4393635392189026,NORMAL,STANDARDIZED,,resampled from 22050 to 44100,
harmonium_000029.wav,1023.wav,harmonium,Harmonium,Harmonium\1023.wav,22050,44100,1,1,3.0,3.0,66150,132300,.wav,132344,75afedcca46dece44bd0dc4058772cd14357092b3402f53ee4a3f4e1621d19ee,1406b4119270817fcabb4158d2f4e5aac0f2e9d5730d5e20f57fd777d7fb4686,0.37246033549308777,NORMAL,STANDARDIZED,,resampled from 22050 to 44100,
harmonium_000030.wav,1024.wav,harmonium,Harmonium,Harmonium\1024.wav,22050,44100,1,1,3.0,3.0,66150,132300,.wav,132344,e782a0878ce1a910bd5589885c3fa0aa88fb9c3076fa1d09c2b8bc19b64bda0d,5e6521e88c03e4a1544cd2e37d768e34169451bc0b7f1ee39c4f979db7c03342,0.44901490211486816,NORMAL,STANDARDIZED,,resampled from 22050 to 44100,
harmonium_000031.wav,1025.wav,harmonium,Harmonium,Harmonium\1025.wav,22050,44100,1,1,3.0,3.0,66150,132300,.wav,132344,332175d8b7ea8c8efb6fabf10857575e0cfcc5277c7ab90ff2ea55c3b75b5e86,3606ad6db1266daa03e9eaca4cfcfc034d7482d3a09b484676bf2117a6e0adde,0.3964062035083771,NORMAL,STANDARDIZED,,resampled from 22050 to 44100,
harmonium_000032.wav,1026.wav,harmonium,Harmonium,Harmonium\1026.wav,22050,44100,1,1,3.0,3.0,66150,132300,.wav,132344,5931229521a989e26d8a1ffdba6d6ddd02ae4a57deb0031e21a698e4c153e2e0,35a3ff1752faa681f334c2ebaa580954c09c7722da807696996b06e6bdd1168c,0.41977885365486145,NORMAL,STANDARDIZED,,resampled from 22050 to 44100,
harmonium_000033.wav,1027.wav,harmonium,Harmonium,Harmonium\1027.wav,22050,44100,1,1,3.0,3.0,66150,132300,.wav,132344,88a6bb6a8e783ba92927787da6fd428c480e8f23810834a2578406ca195e4e4b,d93714b21a43972cc83c93cc938ef48d5638ac0d641d92dd4f911826cf384ac3,0.3788011372089386,NORMAL,STANDARDIZED,,resampled from 22050 to 44100,
harmonium_000034.wav,1028.wav,harmonium,Harmonium,Harmonium\1028.wav,22050,44100,1,1,3.0,3.0,66150,132300,.wav,132344,37c62f225b56c6dd173d9d8c19be091921fe738f730b4c869f62889c27bde894,2171c1729f45fd84eba02c0f6fff028d39e377c90d4058c3f4551bbee434f90b,0.43242478370666504,NORMAL,STANDARDIZED,,resampled from 22050 to 44100,
harmonium_000035.wav,1029.wav,harmonium,Harmonium,Harmonium\1029.wav,22050,44100,1,1,3.0,3.0,66150,132300,.wav,132344,3854c974dda7749fff21d5a69db1639a4f809512aff9202f1b5ed6aff4d94534,b8fdba99d73e42de4a6700a45ef2aa40742b1fadce37d36e86ef280be086c045,0.48498839139938354,NORMAL,STANDARDIZED,,resampled from 22050 to 44100,
harmonium_000036.wav,103.wav,harmonium,Harmonium,Harmonium\103.wav,22050,44100,1,1,3.0,3.0,66150,132300,.wav,132344,3c90bd689b5045ea1e62c7e1ed86c1e41e380a745e5c26ad935a4b9e840d17ea,22a0b03e7a65518d322270c28c77c6e114ee93ba4d649337f665965af5850a0b,0.3871932625770569,NORMAL,STANDARDIZED,,resampled from 22050 to 44100,
harmonium_000037.wav,1030.wav,harmonium,Harmonium,Harmonium\1030.wav,22050,44100,1,1,3.0,3.0,66150,132300,.wav,132344,83668226f945dc83ea92ba20023773e5db40dbdd0c185d25fb29fb15e48fcb36,acc8e34e9e4a4dcd3c8a83944eca63eead33bd9c0f8bd5e4757ec633f8bee2eb,0.45270106196403503,NORMAL,STANDARDIZED,,resampled from 22050 to 44100,
harmonium_000038.wav,1031.wav,harmonium,Harmonium,Harmonium\1031.wav,22050,44100,1,1,3.0,3.0,66150,132300,.wav,132344,57e4ab53e6c08756def1586e6574cdc6e08916175c3192a4a0853cd43d8b03e5,23cfdae59257e47210a6674f1fdbb59f48a7dc9c31b432781a4fc9d44bca8d60,0.37321212887763977,NORMAL,STANDARDIZED,,resampled from 22050 to 44100,
harmonium_000039.wav,1032.wav,harmonium,Harmonium,Harmonium\1032.wav,22050,44100,1,1,3.0,3.0,66150,132300,.wav,132344,b051784467341f9d4240e54bc9ef56d8b257a7e40726b82b1be4a2c6f1a83e7b,068417fdf1ee9e5403817d0c80cd56db7d0e5040232a1129bb911656777250d2,0.4469339847564697,NORMAL,STANDARDIZED,,resampled from 22050 to 44100,
harmonium_000040.wav,1033.wav,harmonium,Harmonium,Harmonium\1033.wav,22050,44100,1,1,3.0,3.0,66150,132300,.wav,132344,07ef6691d1311ef27a502212ea66aef07fbacec60808fe7f1c52e1d1f26b187d,5363a3a6b456ab74b97706e8a9d3cd1dec3f8d731087a7f542ac866d2448888d,0.4019477665424347,NORMAL,STANDARDIZED,,resampled from 22050 to 44100,
harmonium_000041.wav,1034.wav,harmonium,Harmonium,Harmonium\1034.wav,22050,44100,1,1,3.0,3.0,66150,132300,.wav,132344,0717fa659c13fb3b7fe685bf570212d820a5d28e699a6c04a8b216c0e575d47f,701e6ed5c529d97a9b19aa7c898e83936498d69d0b1ced6e05e42db772802be7,0.4164084494113922,NORMAL,STANDARDIZED,,resampled from 22050 to 44100,
harmonium_000042.wav,1035.wav,harmonium,Harmonium,Harmonium\1035.wav,22050,44100,1,1,3.0,3.0,66150,132300,.wav,132344,a446a5b209f0f903e6d4ff2809729371812c9098328a05181020c21faf2c5f7b,e5b8c46a1adb5d35be8e2862629bff8fd876a9cf48ffd0fa414228de3782fc1d,0.38002529740333557,NORMAL,STANDARDIZED,,resampled from 22050 to 44100,
harmonium_000043.wav,1036.wav,harmonium,Harmonium,Harmonium\1036.wav,22050,44100,1,1,3.0,3.0,66150,132300,.wav,132344,5b47f987dafba211fecd6564b0dc6c62bdc9d674df1b3f4e8838af0d80574ddf,f4e0c0a7c8331ebb8cd1f30c096cd5b53ff3f37a03c44b4d0669c3191aaad22e,0.4216662347316742,NORMAL,STANDARDIZED,,resampled from 22050 to 44100,
harmonium_000044.wav,1037.wav,harmonium,Harmonium,Harmonium\1037.wav,22050,44100,1,1,3.0,3.0,66150,132300,.wav,132344,ee293e9f85523e2b1faf4e3f2620ec3c202ab2501e2197fd82edd32982b6b0c6,d8ea041a955e3a190d5da00930f24b5b4f7d8299c2e92c2c557dcbccc462fa06,0.4588218927383423,NORMAL,STANDARDIZED,,resampled from 22050 to 44100,
harmonium_000045.wav,1038.wav,harmonium,Harmonium,Harmonium\1038.wav,22050,44100,1,1,3.0,3.0,66150,132300,.wav,132344,a9941475e42a670359d3ef1ef7e16c46a620066e7e4145fb61d162a9b1caf39c,1d1ca5ce306e0ad9b573002ed8b87d74b1cf0f66916813d8fb618dd07a0ce47c,0.44304412603378296,NORMAL,STANDARDIZED,,resampled from 22050 to 44100,
harmonium_000046.wav,1039.wav,harmonium,Harmonium,Harmonium\1039.wav,22050,44100,1,1,3.0,3.0,66150,132300,.wav,132344,c1e32409697bc2cf1e98e0ebd4215f97b68f595eff481d673db0c7b63f49759e,c40a1f521cd40acb6ef51bac41fbfbc37dd91032950ef382455bfa5c69dc3df3,0.37019386887550354,NORMAL,STANDARDIZED,,resampled from 22050 to 44100,
harmonium_000047.wav,104.wav,harmonium,Harmonium,Harmonium\104.wav,22050,44100,1,1,3.0,3.0,66150,132300,.wav,132344,fd37b7480797400a8ee61a82324bd1163be5b2cef3170d8642d9bc5a90f14d00,ba2f4ba7a7f276763692252c574c95105cab5a986f2ff2142acfde452e88069d,0.3781934380531311,NORMAL,STANDARDIZED,,resampled from 22050 to 44100,
harmonium_000048.wav,1040.wav,harmonium,Harmonium,Harmonium\1040.wav,22050,44100,1,1,3.0,3.0,66150,132300,.wav,132344,40a0338d16ef917bf7107100736dd608d9cc8d2d1537df1514b29e12a6b90ab4,bb1b9a68d1faa7366c9a76cdcf4da1e2d911c1ceaab51aeaa50c77446b89b9c9,0.4463653564453125,NORMAL,STANDARDIZED,,resampled from 22050 to 44100,
harmonium_000049.wav,1041.wav,harmonium,Harmonium,Harmonium\1041.wav,22050,44100,1,1,3.0,3.0,66150,132300,.wav,132344,32a1a70b4097140b171a8cb29c5a9a65d1add05c88fdde6294228f013231de76,89b9195a2f9226466077fe7279f1e6799c7e7e8a0f85be4b36c275889cf43b78,0.4017654359340668,NORMAL,STANDARDIZED,,resampled from 22050 to 44100,
harmonium_000050.wav,1042.wav,harmonium,Harmonium,Harmonium\1042.wav,22050,44100,1,1,3.0,3.0,66150,132300,.wav,132344,d1309f9db75f762059e9ef1c01f09137f60309b271229552c0a3b520c22ce27d,f99401759190c1b8f90b9454d79cb014366dd4f81a2c329555ebf1ec55df4c03,0.42339831590652466,NORMAL,STANDARDIZED,,resampled from 22050 to 44100,
harmonium_000051.wav,1043.wav,harmonium,Harmonium,Harmonium\1043.wav,22050,44100,1,1,3.0,3.0,66150,132300,.wav,132344,27d7c78156ac1af52cba6faccb0a23148afb44c98f06a6af085c24939d8d08be,3223353d11d184ece22648132d45285e7af10f5128c9fb73437d17952eddbae8,0.3778112530708313,NORMAL,STANDARDIZED,,resampled from 22050 to 44100,
harmonium_000052.wav,1044.wav,harmonium,Harmonium,Harmonium\1044.wav,22050,44100,1,1,3.0,3.0,66150,132300,.wav,132344,53ec157391c787e73fede8d58efaa33b4ae16b1e37c14aa6274ffed61ac32af4,e03e442123a7f4cf005064afb393c7d26c0e3630b143fc6731ea684f87243d22,0.4241170585155487,NORMAL,STANDARDIZED,,resampled from 22050 to 44100,
harmonium_000053.wav,1045.wav,harmonium,Harmonium,Harmonium\1045.wav,22050,44100,1,1,3.0,3.0,66150,132300,.wav,132344,99e7f10412867b83a105c1a04d020d7572676abd41c5d6539d6b5851c71fbb02,66100409478a792f9a4bae0a60f0ee7b848e1a2f903797967d6627569c07a96a,0.46117764711380005,NORMAL,STANDARDIZED,,resampled from 22050 to 44100,
harmonium_000054.wav,1046.wav,harmonium,Harmonium,Harmonium\1046.wav,22050,44100,1,1,3.0,3.0,66150,132300,.wav,132344,b42053f04c4f4ff8115b21527b045abbe55ce41ea240580f2a84651a2fc42f06,a231878be7c923a483bd4ce600952875d80e5962b2ce009efc45540e0cabd7dd,0.44440600275993347,NORMAL,STANDARDIZED,,resampled from 22050 to 44100,
harmonium_000055.wav,1047.wav,harmonium,Harmonium,Harmonium\1047.wav,22050,44100,1,1,3.0,3.0,66150,132300,.wav,132344,72e72ff251f1e87907bc4295f421d310b144854f2de5dbe83711edfab2816a5a,063e3fc2c6793a6571d36ab1dc42ecd9989cb9444d1ee0640d883407f8900514,0.36970895528793335,NORMAL,STANDARDIZED,,resampled from 22050 to 44100,
harmonium_000056.wav,1048.wav,harmonium,Harmonium,Harmonium\1048.wav,22050,44100,1,1,3.0,3.0,66150,132300,.wav,132344,528a949d7cf965795d676b225e8a1cb80e19e0a9e2dffa1852a244ad63ddd623,82b2331dc9630a0ab2551ab85d9e8a8942c8bd7bd8f0726d54669f3f717fe8bc,0.4568762481212616,NORMAL,STANDARDIZED,,resampled from 22050 to 44100,
harmonium_000057.wav,1049.wav,harmonium,Harmonium,Harmonium\1049.wav,22050,44100,1,1,3.0,3.0,66150,132300,.wav,132344,e9a980012eb1b89155094832139c3ecc886c5172b6cdaa54111434ef1b170e51,cf53e1467aefcc2c319df9ea1677277bec5bf5fda2c2934096967614c74151fb,0.3947272300720215,NORMAL,STANDARDIZED,,resampled from 22050 to 44100,
harmonium_000058.wav,105.wav,harmonium,Harmonium,Harmonium\105.wav,22050,44100,1,1,3.0,3.0,66150,132300,.wav,132344,3006533945813240c6af1b48a91b6089de7638fa173fee3712238e43b5ec80a7,154de58b890b1845c5747127560525ba587d5c22905d6e245b6dc36aea7139d6,0.3769414722919464,NORMAL,STANDARDIZED,,resampled from 22050 to 44100,
harmonium_000059.wav,1050.wav,harmonium,Harmonium,Harmonium\1050.wav,22050,44100,1,1,3.0,3.0,66150,132300,.wav,132344,fc31265d49950b0d45ed04f0272e4d2492e3e51f931a39dded8d669a212dc2f5,abf34fdd90aa8c7d5551f90659ed3b2cf9deef4e81b6a8e80b0a1b49131272e8,0.42157894372940063,NORMAL,STANDARDIZED,,resampled from 22050 to 44100,
harmonium_000060.wav,1051.wav,harmonium,Harmonium,Harmonium\1051.wav,22050,44100,1,1,3.0,3.0,66150,132300,.wav,132344,b457867dad68e1ddf5bbe33bcdd1493fedfa3f3a7440edaf4306ac1d135d99da,715ae276c26249f27c638aa75a5a626d7bc20a01159b80d76cdbecafa1202230,0.3829004764556885,NORMAL,STANDARDIZED,,resampled from 22050 to 44100,
harmonium_000061.wav,1052.wav,harmonium,Harmonium,Harmonium\1052.wav,22050,44100,1,1,3.0,3.0,66150,132300,.wav,132344,dc585ef181479a27838debd4a2a8887453737c9b6a817a77a876efdb12b607ae,e2d0af94224860d6eb9243efd4a05b90a1fb5eaab00ace4080781e68fbdf62be,0.4233193099498749,NORMAL,STANDARDIZED,,resampled from 22050 to 44100,
harmonium_000062.wav,1053.wav,harmonium,Harmonium,Harmonium\1053.wav,22050,44100,1,1,3.0,3.0,66150,132300,.wav,132344,0f03116f8a1ece891bd45bc6d54c82e9128e51b716a317c87cd165718dd6f82d,6092471ceed087db4b66d367001c81fce65a19f516b436de3a372a20ab94fdb9,0.46361568570137024,NORMAL,STANDARDIZED,,resampled from 22050 to 44100,
harmonium_000063.wav,1054.wav,harmonium,Harmonium,Harmonium\1054.wav,22050,44100,1,1,3.0,3.0,66150,132300,.wav,132344,85519aabd384ed56e6713298937b86d49fef595963de370459bc319bea09e284,2b9b1aff1b4c835715934d96fc3eb05d8ff83703e1e381e823ebcafedd11162d,0.43758514523506165,NORMAL,STANDARDIZED,,resampled from 22050 to 44100,
harmonium_000064.wav,1055.wav,harmonium,Harmonium,Harmonium\1055.wav,22050,44100,1,1,3.0,3.0,66150,132300,.wav,132344,011a4fbf1e2af921d2c429dbb02035ed749e15d65517ebb27235492cb0c65204,9fc2e1a1ea03fbdadfd5dab4e0c3b41bd359f5ebfcd1fb7fc3735b4f67daaa46,0.3735295832157135,NORMAL,STANDARDIZED,,resampled from 22050 to 44100,
harmonium_000065.wav,1056.wav,harmonium,Harmonium,Harmonium\1056.wav,22050,44100,1,1,3.0,3.0,66150,132300,.wav,132344,d80274cb90268fa973b3362abebe09ec251458687ee34ea6dd21d2d6c09ceac4,e55f4f9052e0fe5cb0a4a85b4f7eeaa8b0fc42c8b2e3dbb62db5d1ad963ea44e,0.44256162643432617,NORMAL,STANDARDIZED,,resampled from 22050 to 44100,
harmonium_000066.wav,1057.wav,harmonium,Harmonium,Harmonium\1057.wav,22050,44100,1,1,3.0,3.0,66150,132300,.wav,132344,1ab18826d2885682bf1b8e5ee88a6a9d2d81fb874c2c38d413376b18543e7cca,1c94594b3d3b06b391696e8cae57319ae05adc2c76f3b7f80a6cdf70f4ba0ffc,0.3981460630893707,NORMAL,STANDARDIZED,,resampled from 22050 to 44100,
harmonium_000067.wav,1058.wav,harmonium,Harmonium,Harmonium\1058.wav,22050,44100,1,1,3.0,3.0,66150,132300,.wav,132344,d52a49d155c67a7cc389deb500625c78cea91b57029882743639bd5dce9d40a2,761b3ec8059c72288cae3fb113d5da7248e46440a026bf9028a319598527c5c9,0.41609299182891846,NORMAL,STANDARDIZED,,resampled from 22050 to 44100,
harmonium_000068.wav,1059.wav,harmonium,Harmonium,Harmonium\1059.wav,22050,44100,1,1,3.0,3.0,66150,132300,.wav,132344,9abc21e9c2612fd784e9c7be24a6a4d04f463aadba030a0fc0613ee6b770a96b,8124a5b8f7231223df0bc9ad2f567dd174ee332109d8ebc0d07af4984e447115,0.38099774718284607,NORMAL,STANDARDIZED,,resampled from 22050 to 44100,
harmonium_000069.wav,106.wav,harmonium,Harmonium,Harmonium\106.wav,22050,44100,1,1,3.0,3.0,66150,132300,.wav,132344,3e2a5154c5f62f5e6b816ba115dcd74a96e0dbfb42c8d81cf66eca87bb90166b,5742d5c614f646447762c4f9fddaf73046bc7c4069bb7d42e55f922db0532d40,0.42955467104911804,NORMAL,STANDARDIZED,,resampled from 22050 to 44100,
harmonium_000070.wav,1060.wav,harmonium,Harmonium,Harmonium\1060.wav,22050,44100,1,1,3.0,3.0,66150,132300,.wav,132344,159ab0c80e0caf0678985c5497f636eb90e0c3615381110a47a279c0acffcfa4,23e1c684c43f79180c3a9fa002fbe96d3d29875923b236479317941ece54eed3,0.4216158092021942,NORMAL,STANDARDIZED,,resampled from 22050 to 44100,
harmonium_000071.wav,1061.wav,harmonium,Harmonium,Harmonium\1061.wav,22050,44100,1,1,3.0,3.0,66150,132300,.wav,132344,46895cc9fcbaa16a48987ef27a0a19bcc2d12dc81e28e36f01ae7524557c4b93,1deaaf2748b78a7cc3d9e61d44681e8c7bdae6d28485d787522fe20fd8e03e8a,0.46219602227211,NORMAL,STANDARDIZED,,resampled from 22050 to 44100,
harmonium_000072.wav,1062.wav,harmonium,Harmonium,Harmonium\1062.wav,22050,44100,1,1,3.0,3.0,66150,132300,.wav,132344,8ae1acee24f56a13cc696520534b552b6764399dfd8a907b61446f32a7e5902e,26db6b23459b4152495ff42bb26a8e475fa1c1955edcc1176b25f848878bc581,0.4385330080986023,NORMAL,STANDARDIZED,,resampled from 22050 to 44100,
harmonium_000073.wav,1063.wav,harmonium,Harmonium,Harmonium\1063.wav,22050,44100,1,1,3.0,3.0,66150,132300,.wav,132344,a4403849cc73d74f36b95bce0090b89d79832600e8ccc66bc7b323c7434ec4e2,c35cf0ee285d8fd578ae4f66a1462328057d61ab6e032db574d0fa28c63c66ef,0.37604382634162903,NORMAL,STANDARDIZED,,resampled from 22050 to 44100,
harmonium_000074.wav,1064.wav,harmonium,Harmonium,Harmonium\1064.wav,22050,44100,1,1,3.0,3.0,66150,132300,.wav,132344,a8fefa0edf59fab26ae86d35961d0dc0eb59a140d992b4deba3a6f7694dc2d84,5f1c21e2f922a834dd9935e3d0baa4947be9149b0cac4300d84b1ca18f9c17d7,0.4426463842391968,NORMAL,STANDARDIZED,,resampled from 22050 to 44100,
harmonium_000075.wav,1065.wav,harmonium,Harmonium,Harmonium\1065.wav,22050,44100,1,1,3.0,3.0,66150,132300,.wav,132344,3a5330f8be97280594a82103a8ad9c26e376faf94e910bc4aab403a16feb1fb4,22859ac8588511c7b2251d7137bdd3322dd50b5c24000fd51b39c285ce3cb251,0.3949749767780304,NORMAL,STANDARDIZED,,resampled from 22050 to 44100,
harmonium_000076.wav,1066.wav,harmonium,Harmonium,Harmonium\1066.wav,22050,44100,1,1,3.0,3.0,66150,132300,.wav,132344,d0282e7703381427dc33931342711dc7e2f8bd626eeaa3273a27a88addc77152,c37abc484375f609be88d21f79a51b3a6421abd6bced258c4d6b1df27826a924,0.421416699886322,NORMAL,STANDARDIZED,,resampled from 22050 to 44100,
harmonium_000077.wav,1067.wav,harmonium,Harmonium,Harmonium\1067.wav,22050,44100,1,1,3.0,3.0,66150,132300,.wav,132344,7cd39529f413e7ec641afc26fdaf8bc30d96ad166feba36c58f5bc66f57f36b1,eb23a6b3d4bd6b3969ccaf7dddfb24ebf17563dcd4d16275e52475a674180603,0.3811050057411194,NORMAL,STANDARDIZED,,resampled from 22050 to 44100,
harmonium_000078.wav,1068.wav,harmonium,Harmonium,Harmonium\1068.wav,22050,44100,1,1,3.0,3.0,66150,132300,.wav,132344,151793fec92df4a62ddc665ca88b88cb671dcd6a87b24ba266aab0998ab5ccbf,725a2de9ed7bf0187229f1b5f512584cd6bb916ffecc4bd127fb5dc479b897ae,0.4329432547092438,NORMAL,STANDARDIZED,,resampled from 22050 to 44100,
harmonium_000079.wav,1069.wav,harmonium,Harmonium,Harmonium\1069.wav,22050,44100,1,1,3.0,3.0,66150,132300,.wav,132344,f962e376995eedb0f89a63881ba52bdb45f92344c97da0cbbcd2ae49899bfda7,75af5d27f2a0128b1da56db30faa7f0c74b0069b49a17fb380b05c44a40ddb5d,0.48826783895492554,NORMAL,STANDARDIZED,,resampled from 22050 to 44100,
harmonium_000080.wav,107.wav,harmonium,Harmonium,Harmonium\107.wav,22050,44100,1,1,3.0,3.0,66150,132300,.wav,132344,4efdc7850212edd2dcb5b0b014fd40ad7d8a63330b32be1f576872dfb46eef58,6c0c729248df41f8188a2027a99b9c5c910afaf1162a0a2c199c4a84e837e660,0.3854706287384033,NORMAL,STANDARDIZED,,resampled from 22050 to 44100,
harmonium_000081.wav,1070.wav,harmonium,Harmonium,Harmonium\1070.wav,22050,44100,1,1,3.0,3.0,66150,132300,.wav,132344,cb686cc126a83badbd277170a6bcb03304a509aedc0d0f4db89349d3f7e28a51,5f9b1b022e0a11381bc59423ddbb9272c3ef6bb1cc6641a548c77ad1c73a73db,0.45704448223114014,NORMAL,STANDARDIZED,,resampled from 22050 to 44100,
harmonium_000082.wav,1071.wav,harmonium,Harmonium,Harmonium\1071.wav,22050,44100,1,1,3.0,3.0,66150,132300,.wav,132344,26cfe8deba82887b56c953158657e0463134b24c15bcb45c197ca0ca5ddf19a2,ddfa4134f9ba9ce4e9dd5fe7376ca0f48028aa6f9802730816e483a89529d9d7,0.3745124340057373,NORMAL,STANDARDIZED,,resampled from 22050 to 44100,
harmonium_000083.wav,1072.wav,harmonium,Harmonium,Harmonium\1072.wav,22050,44100,1,1,3.0,3.0,66150,132300,.wav,132344,6856bac62828276ac4340be8bae57c42f8f050f457eb4fc157ca1d46b8831277,da89a984d3a12c8263455cacaec418c7d24c41d0eb3d098acfb01d2ac7816d16,0.44745180010795593,NORMAL,STANDARDIZED,,resampled from 22050 to 44100,
harmonium_000084.wav,1073.wav,harmonium,Harmonium,Harmonium\1073.wav,22050,44100,1,1,3.0,3.0,66150,132300,.wav,132344,61539d8b450f4cc7fee9cd3c591880c8a6021036cc7b8fbe6837a42729e9ea94,8fe63df17aca23ddbb4c8a19de8926ed3f71f19437cd5da5a235ecfd7bd72ae6,0.39383620023727417,NORMAL,STANDARDIZED,,resampled from 22050 to 44100,
harmonium_000085.wav,1074.wav,harmonium,Harmonium,Harmonium\1074.wav,22050,44100,1,1,3.0,3.0,66150,132300,.wav,132344,ba4c46197840df3fbf115dc499f095edce3fef05efba5e28f48d84839f93003b,154310c832f9ed45a9b8390aa1c5064ce27a8d05030f7931fe6ec25ceca134ef,0.4168872833251953,NORMAL,STANDARDIZED,,resampled from 22050 to 44100,
harmonium_000086.wav,1075.wav,harmonium,Harmonium,Harmonium\1075.wav,22050,44100,1,1,3.0,3.0,66150,132300,.wav,132344,c8bd93daff31ef3e79db78f5cca03f772a7726f859a3fa859aa4d209663b3bba,92a1fd29858cb30cffd39bf49deb6404ac6996f62c49c5cc5bb49b0d0ee93bc7,0.3780515193939209,NORMAL,STANDARDIZED,,resampled from 22050 to 44100,
harmonium_000087.wav,1076.wav,harmonium,Harmonium,Harmonium\1076.wav,22050,44100,1,1,3.0,3.0,66150,132300,.wav,132344,307e867a20fe402cedb1a9a1699cfa9d71c3b344ccfa5311a7c22901056e9928,d379ae3439d83c417a177cbb4815b17e0bcd7e41c47a2d8f35e0aa6bb1e95399,0.42662739753723145,NORMAL,STANDARDIZED,,resampled from 22050 to 44100,
harmonium_000088.wav,1077.wav,harmonium,Harmonium,Harmonium\1077.wav,22050,44100,1,1,3.0,3.0,66150,132300,.wav,132344,8286a695a13cb47b9d015f0f976cda1e5a473e5ba847c7e5ac8fc21323d3d516,9d1067fed5b615a20ffcae405cd6a11e40589129ccc89611a45f59a33d4232f1,0.4679393172264099,NORMAL,STANDARDIZED,,resampled from 22050 to 44100,
harmonium_000089.wav,1078.wav,harmonium,Harmonium,Harmonium\1078.wav,22050,44100,1,1,3.0,3.0,66150,132300,.wav,132344,ddb00debce653ac66913b49e68d104ac4885fa3c4ef41b668852a99919ba29c9,ee8e8f3496f8dec48158a3de460a1817557d4043f4aabca4a836058e2b488dde,0.44057297706604004,NORMAL,STANDARDIZED,,resampled from 22050 to 44100,
harmonium_000090.wav,1079.wav,harmonium,Harmonium,Harmonium\1079.wav,22050,44100,1,1,3.0,3.0,66150,132300,.wav,132344,248b62248e5e8016c5bb38556e7ea2786bbc4d4a4589880b621f1c98681d5e4a,8ef3fe546fa55564c69cff12cfb596618d50b68b9c821f0bbd703f77573a1e78,0.3638136386871338,NORMAL,STANDARDIZED,,resampled from 22050 to 44100,
harmonium_000091.wav,108.wav,harmonium,Harmonium,Harmonium\108.wav,22050,44100,1,1,3.0,3.0,66150,132300,.wav,132344,7c2a1d70a07177eb934a2b6b51b3472048d031f2c4bc06f7c9142c913181fe47,99927324b0c51a1b71ed5a6b072979cb86d29674941c9093bf75e75038b6b6c7,0.38305801153182983,NORMAL,STANDARDIZED,,resampled from 22050 to 44100,
harmonium_000092.wav,1080.wav,harmonium,Harmonium,Harmonium\1080.wav,22050,44100,1,1,3.0,3.0,66150,132300,.wav,132344,9ef7b4f780dd20b821997eba5cedd1048e8c1e44f4228769ee2ee6f412e4f9ce,5a9534cb29b7fe6c1fb536ce766b70312bf2ee8c9c1719c80195d0c93de9783a,0.4455023407936096,NORMAL,STANDARDIZED,,resampled from 22050 to 44100,
harmonium_000093.wav,1081.wav,harmonium,Harmonium,Harmonium\1081.wav,22050,44100,1,1,3.0,3.0,66150,132300,.wav,132344,af6194c33bca1794b25337d85b68c63c5c2250f58bb86e0369c82ca541542988,1dfa65f5c78df96a1821daf916f318285be5846c35cb9be77f15cf7c43828a39,0.4047841727733612,NORMAL,STANDARDIZED,,resampled from 22050 to 44100,
harmonium_000094.wav,1082.wav,harmonium,Harmonium,Harmonium\1082.wav,22050,44100,1,1,3.0,3.0,66150,132300,.wav,132344,341fc293f535cf15540b584042420190e209fddbf13d511366c3e92ee8fb65cf,ec7d83b389aed7f28e6d32deb7adb91be4e88482507c4f1df50459e715bfa483,0.4174867570400238,NORMAL,STANDARDIZED,,resampled from 22050 to 44100,
harmonium_000095.wav,1083.wav,harmonium,Harmonium,Harmonium\1083.wav,22050,44100,1,1,3.0,3.0,66150,132300,.wav,132344,f5ffe3a4519efef2372569db5fa089bf30d34c10f30eb79440529c34bff31125,fa13674be96804579a26481b776b3cabdf062f8289fdfee4bd6cc3477543e7f4,0.380798876285553,NORMAL,STANDARDIZED,,resampled from 22050 to 44100,
harmonium_000096.wav,1084.wav,harmonium,Harmonium,Harmonium\1084.wav,22050,44100,1,1,3.0,3.0,66150,132300,.wav,132344,aedc34379cd89b1aaaab8ad729605f92cae1ce1b1cf1513b2ac0117f096e3492,dc4bd1218b182fad8d0e5d4a5fe07a34113673608f215bfe9a8c2652d5a5f9f6,0.42789918184280396,NORMAL,STANDARDIZED,,resampled from 22050 to 44100,
harmonium_000097.wav,1085.wav,harmonium,Harmonium,Harmonium\1085.wav,22050,44100,1,1,3.0,3.0,66150,132300,.wav,132344,e7054901aaf9d13afcfb0c6ce9844aeb3197b6e6a9810d2269541afe17f2f95e,d226616262633c3b18eee01ad2fb7b38130d65ed3d4989d6cd502e34b955193b,0.4584355652332306,NORMAL,STANDARDIZED,,resampled from 22050 to 44100,
harmonium_000098.wav,1086.wav,harmonium,Harmonium,Harmonium\1086.wav,22050,44100,1,1,3.0,3.0,66150,132300,.wav,132344,edacacbf2d85a8b2a9c08b800718dc5fb366b94ca9a9443ce3077233927527a1,1fe146e37e012466018799bbe7c5d115ef0fe057deeaddca95316124fcc7da15,0.44133850932121277,NORMAL,STANDARDIZED,,resampled from 22050 to 44100,
harmonium_000099.wav,1087.wav,harmonium,Harmonium,Harmonium\1087.wav,22050,44100,1,1,3.0,3.0,66150,132300,.wav,132344,d4cf8ec947bf709ed4a838870e660dea91a1f27b2e75921e6c434629b7b130e0,19b00de533051063f3cd10d1d04c4ad2ff60f3fec049cb277ebef46254df5795,0.3692294955253601,NORMAL,STANDARDIZED,,resampled from 22050 to 44100,
harmonium_000100.wav,1088.wav,harmonium,Harmonium,Harmonium\1088.wav,22050,44100,1,1,3.0,3.0,66150,132300,.wav,132344,d0b38ae36a2497249e00a649a6d175f6003711fa6a593b013f1b2c107166dbf4,a80a4336173f5349f2f57db70064fb7de3bfcab0c45bba24426c46fa43a46f19,0.45139917731285095,NORMAL,STANDARDIZED,,resampled from 22050 to 44100,
harmonium_000101.wav,1089.wav,harmonium,Harmonium,Harmonium\1089.wav,22050,44100,1,1,3.0,3.0,66150,132300,.wav,132344,d390b50c06592e6d2c6ff6810188fc88268aa7c3b8c0f5dc6b9f3d17aa78b69a,d0c875f082a43fb3e11edbfe1ffab64af5b7ae9e36bf3f14937b5fb67caa8eec,0.39616647362709045,NORMAL,STANDARDIZED,,resampled from 22050 to 44100,
harmonium_000102.wav,109.wav,harmonium,Harmonium,Harmonium\109.wav,22050,44100,1,1,3.0,3.0,66150,132300,.wav,132344,3bb0558ca57ffc115fb6b568faf498ffd1034b848915ddaedf5c59c46c1d7128,4fec3f8d674aa90d61a9e3b039b8ce115443d29b72d630752e81aa98be8acd8c,0.3782768249511719,NORMAL,STANDARDIZED,,resampled from 22050 to 44100,
harmonium_000103.wav,1090.wav,harmonium,Harmonium,Harmonium\1090.wav,22050,44100,1,1,3.0,3.0,66150,132300,.wav,132344,0eae2cd5802a286f64257a77e2291e9052d779b1b1d96f1bddc837ee7e673141,da58783a2f7039207fdacf24c0733ff94fbaa872031f69b3877b350d387d238c,0.4263407289981842,NORMAL,STANDARDIZED,,resampled from 22050 to 44100,
harmonium_000104.wav,1091.wav,harmonium,Harmonium,Harmonium\1091.wav,22050,44100,1,1,3.0,3.0,66150,132300,.wav,132344,88e61616ad37a200d54b553bcccb1adc754f8579428cd3f51fc3948b60c14ba4,7d42418cf547c128636e878ed571208c9f15b2be5a44811ca974e62581db3a75,0.3813658058643341,NORMAL,STANDARDIZED,,resampled from 22050 to 44100,
harmonium_000105.wav,1092.wav,harmonium,Harmonium,Harmonium\1092.wav,22050,44100,1,1,3.0,3.0,66150,132300,.wav,132344,bc3a26b13ac4ebc72597e6779a20227c11af0a6cb3372fcd2eb197b17cf6664c,29070d7b2403aaf37fa68dcc4d7cc353e97a94aa1697a68ca135568045aae690,0.4302939772605896,NORMAL,STANDARDIZED,,resampled from 22050 to 44100,
harmonium_000106.wav,1093.wav,harmonium,Harmonium,Harmonium\1093.wav,22050,44100,1,1,3.0,3.0,66150,132300,.wav,132344,29c5a204390dd304530b11999426d5b02910a6fb5f0d37dba0e252ed4ab821d1,6513e9439d819b63bffda778ea67702d3b053883d10623345f1a899bb8eb776d,0.4655839502811432,NORMAL,STANDARDIZED,,resampled from 22050 to 44100,
harmonium_000107.wav,1094.wav,harmonium,Harmonium,Harmonium\1094.wav,22050,44100,1,1,3.0,3.0,66150,132300,.wav,132344,37a232dd6f639315e5211cc435b8b15f389126386f9db91aa3fa0e3015a915f1,25d927c0b74a5fcc9fe60297b084721c0e2990906d8f885a94c35859e89a3dd5,0.4357145428657532,NORMAL,STANDARDIZED,,resampled from 22050 to 44100,
harmonium_000108.wav,1095.wav,harmonium,Harmonium,Harmonium\1095.wav,22050,44100,1,1,3.0,3.0,66150,132300,.wav,132344,b706c66ea0c717653b0ffe60601f5dee0913cc83987601bf08f4285b74de4e97,e57256b1c00ac220bf45c98cff7e07550241fbc4bb102434acd958745c4e59e9,0.3688648045063019,NORMAL,STANDARDIZED,,resampled from 22050 to 44100,
harmonium_000109.wav,1096.wav,harmonium,Harmonium,Harmonium\1096.wav,22050,44100,1,1,3.0,3.0,66150,132300,.wav,132344,dd195132b1e48beb1f1c631fc0dccad0f1fcf3197dd25bd273864c5d4ac09298,5215a2e36a16c8d14f384c6b37b458988b17a42b7711fd92ea05c3899ab99e02,0.4370217025279999,NORMAL,STANDARDIZED,,resampled from 22050 to 44100,
harmonium_000110.wav,1097.wav,harmonium,Harmonium,Harmonium\1097.wav,22050,44100,1,1,3.0,3.0,66150,132300,.wav,132344,57617fed1eb5399e181ffaa804a3e6ea18b38eac39cdb1b66a3c8099aae52c7c,46897d2a6d96af4fc900d1db3671feec34d3cfe31d79da2062a9e66a56c13269,0.4012962877750397,NORMAL,STANDARDIZED,,resampled from 22050 to 44100,
harmonium_000111.wav,1098.wav,harmonium,Harmonium,Harmonium\1098.wav,22050,44100,1,1,3.0,3.0,66150,132300,.wav,132344,5be3fa8ab328da840b275819d6a44e49468657cf58f4fb09c35b52dc01a8e655,4e4fa18f18b8409dcb1885d6819ec0e735b958c1c19b77cecc26809303f9213b,0.4134168326854706,NORMAL,STANDARDIZED,,resampled from 22050 to 44100,
harmonium_000112.wav,1099.wav,harmonium,Harmonium,Harmonium\1099.wav,22050,44100,1,1,3.0,3.0,66150,132300,.wav,132344,4757d0d97ac7995159c25dfb580066b397df48c6f9ddd9572b2973d1ea918bd0,ae81b6fab5f5f064143c636eb4b34da93cbade344e7f277af7817c99e6e1ac69,0.381107896566391,NORMAL,STANDARDIZED,,resampled from 22050 to 44100,
harmonium_000113.wav,11.wav,harmonium,Harmonium,Harmonium\11.wav,22050,44100,1,1,3.0,3.0,66150,132300,.wav,132344,6289790c37d7d133982af602611e4ced995ed245cf97df169a440d7bb9040eaf,7a202c4dd7dfa1733b6988a9d924bc9e3c16375dc03b03dfb6df0db93fdee2a3,0.38556143641471863,NORMAL,STANDARDIZED,,resampled from 22050 to 44100,
harmonium_000114.wav,110.wav,harmonium,Harmonium,Harmonium\110.wav,22050,44100,1,1,3.0,3.0,66150,132300,.wav,132344,5ad2d8e72bee787ccca9f35fce6b87a8d39e5c9e87b9fd04282d9d6a31b53407,45426bdf9c2094c570acbcb0ba949d6f0671612d04569c1722dde918bdb1b568,0.4337282180786133,NORMAL,STANDARDIZED,,resampled from 22050 to 44100,
harmonium_000115.wav,1100.wav,harmonium,Harmonium,Harmonium\1100.wav,22050,44100,1,1,3.0,3.0,66150,132300,.wav,132344,8b5f635998b87e3a28622ce3c40cb0c3c3de9547f8187397b84b4d8f0db182b0,c71416ae22e5b14cfa63ab9cda0fe1b97a7ea13853bf03d0541c8c12672a3360,0.42554986476898193,NORMAL,STANDARDIZED,,resampled from 22050 to 44100,
harmonium_000116.wav,1101.wav,harmonium,Harmonium,Harmonium\1101.wav,22050,44100,1,1,3.0,3.0,66150,132300,.wav,132344,bba81d615af7aa4657d874fddb5b081a21de894a808933f00fbe0b3447b9999f,301fc5b2dd0b63c416c31884ca9cb8af26cad3c962b5adfa1583d96d3fbc691d,0.46741554141044617,NORMAL,STANDARDIZED,,resampled from 22050 to 44100,
harmonium_000117.wav,1102.wav,harmonium,Harmonium,Harmonium\1102.wav,22050,44100,1,1,3.0,3.0,66150,132300,.wav,132344,2da65af86264793cb3a7855637462512348a8d09e07bf849e22bbfa1fbe6bf26,29980ae56081ab1f5cddb6f1e8b8ebba8417c2352445e679fc69ba12d8d08b51,0.4385969936847687,NORMAL,STANDARDIZED,,resampled from 22050 to 44100,
harmonium_000118.wav,1103.wav,harmonium,Harmonium,Harmonium\1103.wav,22050,44100,1,1,3.0,3.0,66150,132300,.wav,132344,7926a272a92eec12070a52eb13587cf8cc3a0c408f2202103a2b463fb26519f7,0dd3760634e200ef9b24b71def0b4048ee9c5618ea6a3011a74a2bd2b66db567,0.3732236325740814,NORMAL,STANDARDIZED,,resampled from 22050 to 44100,
harmonium_000119.wav,1104.wav,harmonium,Harmonium,Harmonium\1104.wav,22050,44100,1,1,3.0,3.0,66150,132300,.wav,132344,7bccaad110127fc795fca257aec55a46210a938485d8cb666aa8ebbacd287ab0,9bd68ff50bf5cc434ced35fae9f539d669bbb14bbb61574ff82c060b51ff6ee3,0.4418336749076843,NORMAL,STANDARDIZED,,resampled from 22050 to 44100,
harmonium_000120.wav,1105.wav,harmonium,Harmonium,Harmonium\1105.wav,22050,44100,1,1,3.0,3.0,66150,132300,.wav,132344,60284edda651d2625a2db349e09a915ed54c12779b707d4e30064a3052492320,b9b1fefaa2149a7a1c5bb2ae05db16d820ef71fda72eea35adf83e243c03633b,0.39392006397247314,NORMAL,STANDARDIZED,,resampled from 22050 to 44100,
harmonium_000121.wav,1106.wav,harmonium,Harmonium,Harmonium\1106.wav,22050,44100,1,1,3.0,3.0,66150,132300,.wav,132344,72ea309141cfa1f7402cadb624c624edc76c61eecc86bc0d7cfd94f195c22eea,832f163b1e0b414fd7cedb4c6ca229f7009ca652c964401cf9c91c08749922b1,0.418060839176178,NORMAL,STANDARDIZED,,resampled from 22050 to 44100,
harmonium_000122.wav,1107.wav,harmonium,Harmonium,Harmonium\1107.wav,22050,44100,1,1,3.0,3.0,66150,132300,.wav,132344,efe957bc3fb185d5073c1b072bc9a10b419ef1c9ce2f96a31aac04fc177df014,b3c0cdd5e0440263585ac5c06c43fb8bd7a11b04f7d3994ed3c24cfead1700d8,0.37999364733695984,NORMAL,STANDARDIZED,,resampled from 22050 to 44100,
harmonium_000123.wav,1108.wav,harmonium,Harmonium,Harmonium\1108.wav,22050,44100,1,1,3.0,3.0,66150,132300,.wav,132344,4a9f01edb6ac3bf741e0c51649671f8a564296155a5eea2d5ce69886f93e58fa,0febcffb81aa90f1ee29d0218d7bb7764afc553ed59e37b7d7619f254d91f051,0.42692261934280396,NORMAL,STANDARDIZED,,resampled from 22050 to 44100,
harmonium_000124.wav,1109.wav,harmonium,Harmonium,Harmonium\1109.wav,22050,44100,1,1,3.0,3.0,66150,132300,.wav,132344,4a42bf49bcaf29a0026b0e1e33cba44c87fe94798c19742be131eb9594b516a9,c56bd27c0df824b95fbde72c2f66877f337d5be384d7eb4204f3f548c7fc251f,0.48384663462638855,NORMAL,STANDARDIZED,,resampled from 22050 to 44100,
harmonium_000125.wav,111.wav,harmonium,Harmonium,Harmonium\111.wav,22050,44100,1,1,3.0,3.0,66150,132300,.wav,132344,544f57d55aea6664612ee05bfd715bc0f178829d169b3934fd804c6b6176c893,246ff4449fe6336248a73c6e1068880a3cdaf9c20bced998da51efcf2ede1e6b,0.38211551308631897,NORMAL,STANDARDIZED,,resampled from 22050 to 44100,
harmonium_000126.wav,1110.wav,harmonium,Harmonium,Harmonium\1110.wav,22050,44100,1,1,3.0,3.0,66150,132300,.wav,132344,1f415305c74587449ee56c52c3622ef7ea327f33af5331589fafa2317fa48a08,0d1ede4e7df3b7c3202490e808d34813eb8795fdef7f7fd2ec975b45c62cb928,0.4607832431793213,NORMAL,STANDARDIZED,,resampled from 22050 to 44100,
harmonium_000127.wav,1111.wav,harmonium,Harmonium,Harmonium\1111.wav,22050,44100,1,1,3.0,3.0,66150,132300,.wav,132344,a786ce76f8a41fb9294a78a3a5fbe0d2229b40f4cdfa6ce53f408856b803b34a,c9037e04d693dc578e42744f1c33f01bcb792b543a8b87ccb84f5bd5ce9453c7,0.3699828088283539,NORMAL,STANDARDIZED,,resampled from 22050 to 44100,
harmonium_000128.wav,1112.wav,harmonium,Harmonium,Harmonium\1112.wav,22050,44100,1,1,3.0,3.0,66150,132300,.wav,132344,67fdb856f3b765ea254fd3a997232a05ab004b2575781dbf0b9d6d2a40e84f64,48a3857969844ab89bacf25de3fa7ea3d62f20acbf459b0eca16a0f56088b3e1,0.44310376048088074,NORMAL,STANDARDIZED,,resampled from 22050 to 44100,
harmonium_000129.wav,1113.wav,harmonium,Harmonium,Harmonium\1113.wav,22050,44100,1,1,3.0,3.0,66150,132300,.wav,132344,2e64aaa1bf5747ed49b3f80c569616ca710b717da55f46bf2cd6c47e8a4bc3e4,47e6eeca5f71e736752229a3cb926adecf77a3245ac1b5afb0e8152658af0bd0,0.3961317539215088,NORMAL,STANDARDIZED,,resampled from 22050 to 44100,
harmonium_000130.wav,1114.wav,harmonium,Harmonium,Harmonium\1114.wav,22050,44100,1,1,3.0,3.0,66150,132300,.wav,132344,8a0e9381fd15d25c94e34f15e5ebf419bfa08121298c6de3e006e22c8bb2ef17,b50ea5292910798e47193b40618254cefc34cbd707b40fcc6e18b11bd952d37f,0.41827672719955444,NORMAL,STANDARDIZED,,resampled from 22050 to 44100,
harmonium_000131.wav,1115.wav,harmonium,Harmonium,Harmonium\1115.wav,22050,44100,1,1,3.0,3.0,66150,132300,.wav,132344,45e5095865ab0a51f329eafcd97df26caedc911093e5766a74d2c2537da4046c,bec6799ec383b0f8c98aa646b3ce57a37b0137da0c019f0085f670743a3f4914,0.380260169506073,NORMAL,STANDARDIZED,,resampled from 22050 to 44100,
harmonium_000132.wav,1116.wav,harmonium,Harmonium,Harmonium\1116.wav,22050,44100,1,1,3.0,3.0,66150,132300,.wav,132344,485727c013765b14c7cb77eeae83c70e0f3726e84c32d23802960630d1c95ab6,09f63d129a2fe3e735388f002b5cb87d4c42786e6efbcc14447df13339fe2289,0.42157262563705444,NORMAL,STANDARDIZED,,resampled from 22050 to 44100,
harmonium_000133.wav,1117.wav,harmonium,Harmonium,Harmonium\1117.wav,22050,44100,1,1,3.0,3.0,66150,132300,.wav,132344,ee5350fea1fea22b8614f7ccb2209ae04306e6f24b9ce3ccbe808692e6b60898,72f2cb1fe0a540a9670107b299dcf3cdfb1d4a37710a4c6890366e81141c3afc,0.46856674551963806,NORMAL,STANDARDIZED,,resampled from 22050 to 44100,
harmonium_000134.wav,1118.wav,harmonium,Harmonium,Harmonium\1118.wav,22050,44100,1,1,3.0,3.0,66150,132300,.wav,132344,57d9cdaeffd0c8d7adee8902500cc2e255ed79cf30a967a2e11b53d60b6d17df,be6d10035079d90213ac87e66d100a86d8a3738b0f20d8e7712ab53e509188a8,0.43704164028167725,NORMAL,STANDARDIZED,,resampled from 22050 to 44100,
harmonium_000135.wav,1119.wav,harmonium,Harmonium,Harmonium\1119.wav,22050,44100,1,1,3.0,3.0,66150,132300,.wav,132344,fa6b9e6d716e5e00f584d3a3c1732a779f9cd2009c6fbedf57678b142dc9a3ce,8f99db1b60045d1ec0e5d0a207f73680b983d6044d8af5eb13390327db62faa9,0.37164390087127686,NORMAL,STANDARDIZED,,resampled from 22050 to 44100,
harmonium_000136.wav,112.wav,harmonium,Harmonium,Harmonium\112.wav,22050,44100,1,1,3.0,3.0,66150,132300,.wav,132344,159007e4c68b8f6041acda1361d6b6bb8ed029d7e03e241ebd9d7709de6f784b,65c202f905125a7f980fb7c3e8c4da3c5e28462a8fe62deb5d7576c0764ecec6,0.38062193989753723,NORMAL,STANDARDIZED,,resampled from 22050 to 44100,
harmonium_000137.wav,1120.wav,harmonium,Harmonium,Harmonium\1120.wav,22050,44100,1,1,3.0,3.0,66150,132300,.wav,132344,bad393cc1516f355c5c954d2d4bb4348236943140b2b7ba2591565229115f237,fdb918ca42d97081b677b9a92bd04d82927b57e373495036758a5a9c30671bdd,0.4423821270465851,NORMAL,STANDARDIZED,,resampled from 22050 to 44100,
harmonium_000138.wav,1121.wav,harmonium,Harmonium,Harmonium\1121.wav,22050,44100,1,1,3.0,3.0,66150,132300,.wav,132344,af7f5b3fd45ecba817d182da45bccf9d506b23d2a0a315a276fd433570bbde76,38a2f4be32c9676a0f01b56d297f33335ddab49f7887d7911111fe8d65433dec,0.3991696238517761,NORMAL,STANDARDIZED,,resampled from 22050 to 44100,
harmonium_000139.wav,1122.wav,harmonium,Harmonium,Harmonium\1122.wav,22050,44100,1,1,3.0,3.0,66150,132300,.wav,132344,b3bcb5f0849a602c6ab8c77e5594ef43d526d641d8d509c1b915fd9b90a7faa1,0491e8ae579983eca99a9e6f0e5bd2c648606b4436944ad012487c68c5c57c06,0.4186991751194,NORMAL,STANDARDIZED,,resampled from 22050 to 44100,
harmonium_000140.wav,1123.wav,harmonium,Harmonium,Harmonium\1123.wav,22050,44100,1,1,3.0,3.0,66150,132300,.wav,132344,de57e381707751dfa2339533afffef239d1d765cf666557d3ec28736a82404ed,cbbd6cbff31056e824ea0244d0b593f2b0a65a52e5d8e2d2927d68aa9d508b11,0.37991902232170105,NORMAL,STANDARDIZED,,resampled from 22050 to 44100,
harmonium_000141.wav,1124.wav,harmonium,Harmonium,Harmonium\1124.wav,22050,44100,1,1,3.0,3.0,66150,132300,.wav,132344,c0c3662ef319eb2ede1348498c3092f7d94064fc67fa272fb4cac12624a49c97,007c9a160c3c1fda8f94e955e8fad3fad2b27a395ccc84d1f72756c72963a07c,0.4213475286960602,NORMAL,STANDARDIZED,,resampled from 22050 to 44100,
harmonium_000142.wav,1125.wav,harmonium,Harmonium,Harmonium\1125.wav,22050,44100,1,1,3.0,3.0,66150,132300,.wav,132344,428324a6e0ec4e064de5c6a534aff70b8570e72b76053383b4b9c1b3c6cb363b,26557a39bfc77c98b6f8b8089fcc6438ce4e18d521ad202c3f07bbacba01f6ae,0.4680672883987427,NORMAL,STANDARDIZED,,resampled from 22050 to 44100,
harmonium_000143.wav,1126.wav,harmonium,Harmonium,Harmonium\1126.wav,22050,44100,1,1,3.0,3.0,66150,132300,.wav,132344,9ea4bbaeb5e2e4cc229314caa03f1fac045b1a79b7b4bcaf74623685b6f06589,09abffad2a93d410662bf5235488202168769536d49cf20ad9832af99bdf9842,0.4366024136543274,NORMAL,STANDARDIZED,,resampled from 22050 to 44100,
harmonium_000144.wav,1127.wav,harmonium,Harmonium,Harmonium\1127.wav,22050,44100,1,1,3.0,3.0,66150,132300,.wav,132344,9423b2b8c61ab6bc9c1b74bc3596380d692c0c630f10612130f43b6951a9a319,1f7e49c75dce7354b2209c62f0e4a2b3559313031e4933c1d1c239652f006feb,0.3657316267490387,NORMAL,STANDARDIZED,,resampled from 22050 to 44100,
harmonium_000145.wav,1128.wav,harmonium,Harmonium,Harmonium\1128.wav,22050,44100,1,1,3.0,3.0,66150,132300,.wav,132344,08dc1ea0b09adaec91d3aa98a08c045909099294a902f2dbe77b09a44b3355cc,e9046f72cce3857119feb2e35adb3d37363de0d83019bb6226e219ee99159bd1,0.4457583725452423,NORMAL,STANDARDIZED,,resampled from 22050 to 44100,
harmonium_000146.wav,1129.wav,harmonium,Harmonium,Harmonium\1129.wav,22050,44100,1,1,3.0,3.0,66150,132300,.wav,132344,5ece1d4348862b768ce1afea8845f34ffdcba261cd44b1e59ad1fc7636304feb,598d1d6d8a50d0c29914119bd30ee1c225f673f4172995e56636fa2ea5b7b2a3,0.39622989296913147,NORMAL,STANDARDIZED,,resampled from 22050 to 44100,
harmonium_000147.wav,113.wav,harmonium,Harmonium,Harmonium\113.wav,22050,44100,1,1,3.0,3.0,66150,132300,.wav,132344,d3a20ca2a465b1e9a8c091077c86c35f3b7c0db143f0eb4d9a403c3dc587dfe5,6531b4370dcbb556d5694cbc30fa71a1f55a81b1bf4856cca90c8010697487db,0.38314422965049744,NORMAL,STANDARDIZED,,resampled from 22050 to 44100,
harmonium_000148.wav,1130.wav,harmonium,Harmonium,Harmonium\1130.wav,22050,44100,1,1,3.0,3.0,66150,132300,.wav,132344,18b92f05ca0e6811bd5b8df510bca239476713646124ef357cccca1b92c2e452,5fe450a4fb2c01888b11003f37fc5483949696ea3553f98685d8064952087495,0.42082759737968445,NORMAL,STANDARDIZED,,resampled from 22050 to 44100,
harmonium_000149.wav,1131.wav,harmonium,Harmonium,Harmonium\1131.wav,22050,44100,1,1,3.0,3.0,66150,132300,.wav,132344,e57808b94f476389e25d4e0284ab8db41ab895493922d6c35d28efc2705c9fbb,a0f83f6a8ff151c9d89b1e019da5f22cc4d7f16c6895a6bd660d655820450eb8,0.3797653615474701,NORMAL,STANDARDIZED,,resampled from 22050 to 44100,
harmonium_000150.wav,1132.wav,harmonium,Harmonium,Harmonium\1132.wav,22050,44100,1,1,3.0,3.0,66150,132300,.wav,132344,ac9c028d7aee871913b87126ee70a1d1376854f4c3422c3a504de2197bb71cae,778e9f755baf7eae7d7fa6ed22af3803e988c6f462b7d78587c154a4466b0d09,0.42944735288619995,NORMAL,STANDARDIZED,,resampled from 22050 to 44100,
harmonium_000151.wav,1133.wav,harmonium,Harmonium,Harmonium\1133.wav,22050,44100,1,1,3.0,3.0,66150,132300,.wav,132344,c4caf7762c320f07c3ab0388a029588b9aae39539461dbf6c027cee93227f471,3b8054cf292392eebeacbaa199c6656762da1ecfdb0fa0f3b751ec48aef1d5f0,0.46128708124160767,NORMAL,STANDARDIZED,,resampled from 22050 to 44100,
harmonium_000152.wav,1134.wav,harmonium,Harmonium,Harmonium\1134.wav,22050,44100,1,1,3.0,3.0,66150,132300,.wav,132344,7b139fd7844f9a9eca3b4d54a57f551d16d2830293d7a96060eb7e14f78bc649,8c722a5b701daeff1f79ea436734fc7c279116cdb9f76e70227f66ce675f4cc7,0.44446367025375366,NORMAL,STANDARDIZED,,resampled from 22050 to 44100,
harmonium_000153.wav,1135.wav,harmonium,Harmonium,Harmonium\1135.wav,22050,44100,1,1,3.0,3.0,66150,132300,.wav,132344,bccdc4bba7f904b7dd8698f61c36b683b1143cdb93a33a4d06d3a976e81c6c9b,d8e7adbad7b17efbbeddcb899b682f46a530a400a679657bdfcc2428c187edc1,0.37356942892074585,NORMAL,STANDARDIZED,,resampled from 22050 to 44100,
harmonium_000154.wav,1136.wav,harmonium,Harmonium,Harmonium\1136.wav,22050,44100,1,1,3.0,3.0,66150,132300,.wav,132344,6d30bc6d20e685fb46e097b3a931347834c13ab3141c7f541aa74ac54cf05539,6fbef059c5ea5db7c20d78668bee18a582da1cc0d3d08cd2e822fc928111baf5,0.44642746448516846,NORMAL,STANDARDIZED,,resampled from 22050 to 44100,
harmonium_000155.wav,1137.wav,harmonium,Harmonium,Harmonium\1137.wav,22050,44100,1,1,3.0,3.0,66150,132300,.wav,132344,a7031d3ac16e582b5ddf1935107f296e40cc2b08eb781974c2dcb2eae33be0de,c2245153020f2b42aea04c99a3db35c5864456dd9d0c59a4573ee03b1b8e7197,0.40218082070350647,NORMAL,STANDARDIZED,,resampled from 22050 to 44100,
harmonium_000156.wav,1138.wav,harmonium,Harmonium,Harmonium\1138.wav,22050,44100,1,1,3.0,3.0,66150,132300,.wav,132344,631812f442a0f05cb0c70ad09c3946d0cec3c47d9cfbc9b28d305f06c92100c3,1198659a533aa0c7ef72f55dfc9933059c36fd7e21ed8a304a980c09022903ae,0.41929134726524353,NORMAL,STANDARDIZED,,resampled from 22050 to 44100,
harmonium_000157.wav,1139.wav,harmonium,Harmonium,Harmonium\1139.wav,22050,44100,1,1,3.0,3.0,66150,132300,.wav,132344,cddcc3f071cefc25a08d1cd2d9cd152db74bfaa8124b7fc6acc49db249cd7e59,44a468d6f016e13a159818078f019e89ade83d3b31051056c1520c4430721f54,0.37809866666793823,NORMAL,STANDARDIZED,,resampled from 22050 to 44100,
harmonium_000158.wav,114.wav,harmonium,Harmonium,Harmonium\114.wav,22050,44100,1,1,3.0,3.0,66150,132300,.wav,132344,902a8cb6d7e510bae3d1157d6b804e127fc2cfe4959f36cb7620b01fb3f2f815,f3a7fa706cb3e1d404fca71c1507147b236a589a335f0415a8df0188ee56b486,0.42855802178382874,NORMAL,STANDARDIZED,,resampled from 22050 to 44100,
harmonium_000159.wav,1140.wav,harmonium,Harmonium,Harmonium\1140.wav,22050,44100,1,1,3.0,3.0,66150,132300,.wav,132344,41af797a296f57103c9b79e69459fea68dc8a06bc5a114c769bcc34d7f234a0a,ee749248b370d33e33491a6a2a7b3b105b31d36b4ac5a170e2f3bd9ae0b7015a,0.4278242886066437,NORMAL,STANDARDIZED,,resampled from 22050 to 44100,
harmonium_000160.wav,1141.wav,harmonium,Harmonium,Harmonium\1141.wav,22050,44100,1,1,3.0,3.0,66150,132300,.wav,132344,d7dc6d2f3a125fb1d02ac121d2b2d46a82b6cb755232371a113cd7a3a57e3a13,ca8ad8d44b76d59a7c6d2874f8122058540aaee668ef63fd382dd7ac832495e8,0.45876219868659973,NORMAL,STANDARDIZED,,resampled from 22050 to 44100,
harmonium_000161.wav,1142.wav,harmonium,Harmonium,Harmonium\1142.wav,22050,44100,1,1,3.0,3.0,66150,132300,.wav,132344,04f795af147e787079d9e1487d9cef05c822d8128c4b99cec7d95f59b531cfa8,5a18277ae1477f9b8d8c6b61def7fc5fd5f622521c606c74aa06f6a584ad1ec7,0.4386456608772278,NORMAL,STANDARDIZED,,resampled from 22050 to 44100,
harmonium_000162.wav,1143.wav,harmonium,Harmonium,Harmonium\1143.wav,22050,44100,1,1,3.0,3.0,66150,132300,.wav,132344,565ad15065d7fc484a5e223bf639728184434a5b2e6af6e3e0a2b48ef518860e,e686541916905ff40f1513746db0991a5edc088b62d836d91175cc62b39cf407,0.37001022696495056,NORMAL,STANDARDIZED,,resampled from 22050 to 44100,
harmonium_000163.wav,1144.wav,harmonium,Harmonium,Harmonium\1144.wav,22050,44100,1,1,3.0,3.0,66150,132300,.wav,132344,82532da14c3e9ae0010f0d50fa1d40a4ca189ef747f1c58c529b1de097da399a,fb71da2f6473e94d38f7fce63d17494d752a35c8fefe0e91dd22e839d9a96dea,0.43742820620536804,NORMAL,STANDARDIZED,,resampled from 22050 to 44100,
harmonium_000164.wav,1145.wav,harmonium,Harmonium,Harmonium\1145.wav,22050,44100,1,1,3.0,3.0,66150,132300,.wav,132344,b7b80b45eba9ef9485b609e08aa86a728e33794134c93c96ca622276870f9bf6,718429d8e2c3cd6d57aba3e04c7ed475bbec563a576565c0f69e966d1002a602,0.4006398022174835,NORMAL,STANDARDIZED,,resampled from 22050 to 44100,
harmonium_000165.wav,1146.wav,harmonium,Harmonium,Harmonium\1146.wav,22050,44100,1,1,3.0,3.0,66150,132300,.wav,132344,0106ec244a1b14f0e0e3f876488fa34759918db6998271145cb11d763562b683,b14951142cb56c722f76a3e8764d1cfa4a04bba0548ee316541dc15d1836a604,0.42397382855415344,NORMAL,STANDARDIZED,,resampled from 22050 to 44100,
harmonium_000166.wav,1147.wav,harmonium,Harmonium,Harmonium\1147.wav,22050,44100,1,1,3.0,3.0,66150,132300,.wav,132344,03e7c16b45ae922923b48a53d699be305a063b8e8577e7ab914f2f1754eced25,9e7bdba7523b5b4e0498274d807a83d7203440af497b331cd7a0d7471125adc1,0.3844256103038788,NORMAL,STANDARDIZED,,resampled from 22050 to 44100,
harmonium_000167.wav,1148.wav,harmonium,Harmonium,Harmonium\1148.wav,22050,44100,1,1,3.0,3.0,66150,132300,.wav,132344,d04217947850bde0a6ee96361efe24fdeca719606aa76197a598525ff5b8585a,8a53ff49c7b1af90125bd7219ea681a6ca93ca67ffb84ae18f49ec60237ac3b9,0.42694127559661865,NORMAL,STANDARDIZED,,resampled from 22050 to 44100,
harmonium_000168.wav,1149.wav,harmonium,Harmonium,Harmonium\1149.wav,22050,44100,1,1,3.0,3.0,66150,132300,.wav,132344,c60cc11eef5038f26c1dc5ef0a3673e27e1e6b563f2bf308049fe4fd50b39921,35c1b1ee004c2e273f6f7c13480995918cdd7a1bd785e2eec747f29d3838df9c,0.4801066815853119,NORMAL,STANDARDIZED,,resampled from 22050 to 44100,
harmonium_000169.wav,115.wav,harmonium,Harmonium,Harmonium\115.wav,22050,44100,1,1,3.0,3.0,66150,132300,.wav,132344,8815259faf171e4dea1c8f9495941867b6008d36773de9a7b314537b8e5b83a0,69ebd6c41831b3e80a6ce91419be0833b7b3b1422b3344cf406d88fc3f8d53ca,0.3839569389820099,NORMAL,STANDARDIZED,,resampled from 22050 to 44100,
harmonium_000170.wav,1150.wav,harmonium,Harmonium,Harmonium\1150.wav,22050,44100,1,1,3.0,3.0,66150,132300,.wav,132344,b6150b1832e0057c33ba1a9e05ebfc88fbf7b1349c3c505cfd07c84c76bdb3c8,5b687e61752f692c2120e96b4eca374630331fe864809cf5a42547f2531f769d,0.4605267345905304,NORMAL,STANDARDIZED,,resampled from 22050 to 44100,
harmonium_000171.wav,1151.wav,harmonium,Harmonium,Harmonium\1151.wav,22050,44100,1,1,3.0,3.0,66150,132300,.wav,132344,17067d6af29c483653d1408cf7cb645d1bb7f8f1f30fd068e68a2f086b18ac30,b92887a8ea447020865ab1f2b7cade291c5e6c549e6053b056c8f3503a509584,0.3720499575138092,NORMAL,STANDARDIZED,,resampled from 22050 to 44100,
harmonium_000172.wav,1152.wav,harmonium,Harmonium,Harmonium\1152.wav,22050,44100,1,1,3.0,3.0,66150,132300,.wav,132344,3becbf366e82afa7b57c4542bfbd1cc9b952acf639435c526bf5035b17e1de3d,09f3d0e1288be9e1ef9bc06ec04c0ccf8aa334d65aa1df43dea7be29b2e659a5,0.44690218567848206,NORMAL,STANDARDIZED,,resampled from 22050 to 44100,
harmonium_000173.wav,1153.wav,harmonium,Harmonium,Harmonium\1153.wav,22050,44100,1,1,3.0,3.0,66150,132300,.wav,132344,319f29e27de199e64e325363fad675da520cafef9ec80b55cd2971eb36b65229,93e2f16d8a8da05c1fab0a7648cc9b2e7d02e6967b208d42cfbcd0b0eb951f83,0.3982026278972626,NORMAL,STANDARDIZED,,resampled from 22050 to 44100,
harmonium_000174.wav,1154.wav,harmonium,Harmonium,Harmonium\1154.wav,22050,44100,1,1,3.0,3.0,66150,132300,.wav,132344,475595f2852fff493368b31a3a034bc522a5f5e982767b87f36378d274ddb4df,11d771a15317a570a9f94068cfab5f628d5fad193a7c35b4c7c9eb5a569c1ae2,0.4146018624305725,NORMAL,STANDARDIZED,,resampled from 22050 to 44100,
harmonium_000175.wav,1155.wav,harmonium,Harmonium,Harmonium\1155.wav,22050,44100,1,1,3.0,3.0,66150,132300,.wav,132344,215c2b26a7c3fc7c7dfcacf8412f40e917d0d101258a996bf1635402fb9dbe52,c204a089fb735bc1f82eede1623a32ab20d03e34bcd1b44cbbf8aea858dd1385,0.38129088282585144,NORMAL,STANDARDIZED,,resampled from 22050 to 44100,
harmonium_000176.wav,1156.wav,harmonium,Harmonium,Harmonium\1156.wav,22050,44100,1,1,3.0,3.0,66150,132300,.wav,132344,d0466830a072ff80c7c498ba1d0203f82fab7a74f509f0d7c7d75d7b0a8684f1,131afcd0f3bdcf176d0e68764767395bea1ece14c6ce5a645dd83396988cde75,0.42223307490348816,NORMAL,STANDARDIZED,,resampled from 22050 to 44100,
harmonium_000177.wav,1157.wav,harmonium,Harmonium,Harmonium\1157.wav,22050,44100,1,1,3.0,3.0,66150,132300,.wav,132344,13f9a994c81dc9848716eda49c9106a073d7aeb43737947b97337119c9eb406d,019edc9c3f5b542d676c3b2a27c21033ecc7de510bc0d4fd1b3fc82bec778521,0.46353524923324585,NORMAL,STANDARDIZED,,resampled from 22050 to 44100,
harmonium_000178.wav,1158.wav,harmonium,Harmonium,Harmonium\1158.wav,22050,44100,1,1,3.0,3.0,66150,132300,.wav,132344,439a4ad997feaa832a3b4e70cf6d24cc664a68aead1914f938172a6a5f8e097a,0dc64a902dab9c1417fd3a8765770c8654b2d89a88a765b474ecae44c3be1d15,0.4381478428840637,NORMAL,STANDARDIZED,,resampled from 22050 to 44100,
harmonium_000179.wav,1159.wav,harmonium,Harmonium,Harmonium\1159.wav,22050,44100,1,1,3.0,3.0,66150,132300,.wav,132344,a027d7c40054c74b4bf53b0f686e23f277c9e6e77accc8fde32e353244d3273b,d61e447bca8b72079f8fecaccbf35ae44fc3ac865fc0a2889b979106736bf33f,0.3718098998069763,NORMAL,STANDARDIZED,,resampled from 22050 to 44100,
harmonium_000180.wav,116.wav,harmonium,Harmonium,Harmonium\116.wav,22050,44100,1,1,3.0,3.0,66150,132300,.wav,132344,4ea9e035047c4fbd4f6687fbb5ddce96ec2828cdf7af98c9dc250662be9e3495,b2245ba7b944d03b3a2f63bbf579cb98b299b6201aa2f500bdbf418f80dd40dd,0.37793853878974915,NORMAL,STANDARDIZED,,resampled from 22050 to 44100,
harmonium_000181.wav,1160.wav,harmonium,Harmonium,Harmonium\1160.wav,22050,44100,1,1,3.0,3.0,66150,132300,.wav,132344,c4c159f09f711e0bfdce5ac6dc7963dea6a1c9a8e4f04e21fb6d9c8a31f897c1,6187ba00c9053aa06cfdbcef549718f2fc29e8fb31272cccc5ce4a7bb69e23c3,0.4448675215244293,NORMAL,STANDARDIZED,,resampled from 22050 to 44100,
harmonium_000182.wav,1161.wav,harmonium,Harmonium,Harmonium\1161.wav,22050,44100,1,1,3.0,3.0,66150,132300,.wav,132344,7f1a31525704114cac6d7a2fe1496cd51aa021397958f8bf3ae86c195e61f7db,ce8d994c4bb9a8525fb5441a2d6f057f13564abe8f8fc40d3c5e74c71e4801d1,0.39962032437324524,NORMAL,STANDARDIZED,,resampled from 22050 to 44100,
harmonium_000183.wav,1162.wav,harmonium,Harmonium,Harmonium\1162.wav,22050,44100,1,1,3.0,3.0,66150,132300,.wav,132344,634b72a9f17c5727a088c7538edf14218a77571f2386e48d03ec474b7950c38c,a92762b662c68261dd45b991c71aa279fd9de6d9096e2eb55c8ffcce39b6cfa0,0.419879674911499,NORMAL,STANDARDIZED,,resampled from 22050 to 44100,
harmonium_000184.wav,1163.wav,harmonium,Harmonium,Harmonium\1163.wav,22050,44100,1,1,3.0,3.0,66150,132300,.wav,132344,6aa824b8fa3e33c9e29105916f0e1e18de8b8549f33c06dbf1c2db4a50b85165,a3b1973a3333ea2129e5ff49def67221b60da90ba9545934243b21c91a392d47,0.38073110580444336,NORMAL,STANDARDIZED,,resampled from 22050 to 44100,
harmonium_000185.wav,1164.wav,harmonium,Harmonium,Harmonium\1164.wav,22050,44100,1,1,3.0,3.0,66150,132300,.wav,132344,fee9b95358201d0cadad53490f4f3ff30a57f8a4bac3b414d49c749e8e54af23,9ec0192c9d927bebf478155a47243130280c9b4ba76cf1da961caee865ea4230,0.42235955595970154,NORMAL,STANDARDIZED,,resampled from 22050 to 44100,
harmonium_000186.wav,1165.wav,harmonium,Harmonium,Harmonium\1165.wav,22050,44100,1,1,3.0,3.0,66150,132300,.wav,132344,4b13c13d8acc3fd83a2d63a392024b53266f5f5549121fcba003504c4a782283,b359c1f9891c8b9df87542ce069a997f498a13dd75ef7af559de857650c6a3db,0.46711239218711853,NORMAL,STANDARDIZED,,resampled from 22050 to 44100,
harmonium_000187.wav,1166.wav,harmonium,Harmonium,Harmonium\1166.wav,22050,44100,1,1,3.0,3.0,66150,132300,.wav,132344,d7471dd7449bbc52497289303c9ce8dfa85ec904cad8c2862c165da8ce8ad84a,ba67ff0828f5d1f00f5ed46fd32c883d1ba5ef6ff3c3ba3cd20eac21dbf3d14b,0.4361923336982727,NORMAL,STANDARDIZED,,resampled from 22050 to 44100,
harmonium_000188.wav,1167.wav,harmonium,Harmonium,Harmonium\1167.wav,22050,44100,1,1,3.0,3.0,66150,132300,.wav,132344,dd258265bb55c597956243b3cc0134738beab17bd7ee9cde0672d6de29984441,a65129401072fe66bb407b70d60bd302120671a52782e3eba32f4f60172a37d9,0.37157151103019714,NORMAL,STANDARDIZED,,resampled from 22050 to 44100,
harmonium_000189.wav,1168.wav,harmonium,Harmonium,Harmonium\1168.wav,22050,44100,1,1,3.0,3.0,66150,132300,.wav,132344,3975ec88fe0343bda5caa50d56827c51680ebc5655d1d12a474fd7109726afa4,fa4b60aa8335b0702ac70614008b351c8d649184801534d22d12c6df74c3289d,0.44239482283592224,NORMAL,STANDARDIZED,,resampled from 22050 to 44100,
harmonium_000190.wav,1169.wav,harmonium,Harmonium,Harmonium\1169.wav,22050,44100,1,1,3.0,3.0,66150,132300,.wav,132344,e95c62575165ec5e4242ad5f469cffe02fe92add6e0335b173bde30846251d17,804f5d7715e3ea29be6724ec127f5c97fd8ff697cfcd2615156bdabaced74ca7,0.3922054171562195,NORMAL,STANDARDIZED,,resampled from 22050 to 44100,
harmonium_000191.wav,117.wav,harmonium,Harmonium,Harmonium\117.wav,22050,44100,1,1,3.0,3.0,66150,132300,.wav,132344,b4c2a401ac1a8876c3d644a2b7f7a17027ea5ef289cdfebcaa6526cfbac34362,9912fae66fd0ca112ac5ca695c9adbf1916a58e52c0f5bcff3a08ede04fe545f,0.38161492347717285,NORMAL,STANDARDIZED,,resampled from 22050 to 44100,
harmonium_000192.wav,1170.wav,harmonium,Harmonium,Harmonium\1170.wav,22050,44100,1,1,3.0,3.0,66150,132300,.wav,132344,e97e1e8fc847ff0016ab37d63cadf2ba69c4bc38c0856400d4526eaa6f7108b3,980a1bc97537ff8df92cee0967309451fa86f59a7435f586c4e4456a6521439b,0.42187753319740295,NORMAL,STANDARDIZED,,resampled from 22050 to 44100,
harmonium_000193.wav,1171.wav,harmonium,Harmonium,Harmonium\1171.wav,22050,44100,1,1,3.0,3.0,66150,132300,.wav,132344,2bde529ccb845bcaf7eb5a1cf758321c319d6f2bc19aea1511575eb6a34f74c0,4fa1d6c86d9a8f0b1e231bcbdc34e4c211a451328857f1628e8a6ba7d2efb545,0.37916749715805054,NORMAL,STANDARDIZED,,resampled from 22050 to 44100,
harmonium_000194.wav,1172.wav,harmonium,Harmonium,Harmonium\1172.wav,22050,44100,1,1,3.0,3.0,66150,132300,.wav,132344,9c398a6a61e7e8dd9c07c24916475deda0abba70824a0250abb9fc4e47fdcaa4,5ced5a6c60da1095773c5466ce3591f567d77fdc446c3098b8186a6a491fdfc0,0.42867904901504517,NORMAL,STANDARDIZED,,resampled from 22050 to 44100,
harmonium_000195.wav,1173.wav,harmonium,Harmonium,Harmonium\1173.wav,22050,44100,1,1,3.0,3.0,66150,132300,.wav,132344,a40df2bd3aff5c700a23b69773decf1b17be2f281a269d2e2723ed9598aaa020,6d9653ab04a7981e6e7711e44aae4ec87e6660e40f9999e56438a35a437265b2,0.46404942870140076,NORMAL,STANDARDIZED,,resampled from 22050 to 44100,
harmonium_000196.wav,1174.wav,harmonium,Harmonium,Harmonium\1174.wav,22050,44100,1,1,3.0,3.0,66150,132300,.wav,132344,7133d7891939685b4b6d300eeab9cc82b6a1c65ad30c950d4c56c20eab948bce,02a39c36063b63c2f339d5cb353d4af44afcf911a95787121c905535eacd8fcc,0.436865895986557,NORMAL,STANDARDIZED,,resampled from 22050 to 44100,
harmonium_000197.wav,1175.wav,harmonium,Harmonium,Harmonium\1175.wav,22050,44100,1,1,3.0,3.0,66150,132300,.wav,132344,69e8b5d76233ca62a294b811d2f26c44014ea64e4421a921202ed94a9e272f3a,b9f45ffb4e51f507e574fa1915714aa469c7b2444ccf317e289e7cf9c77f3c43,0.3665483295917511,NORMAL,STANDARDIZED,,resampled from 22050 to 44100,
harmonium_000198.wav,1176.wav,harmonium,Harmonium,Harmonium\1176.wav,22050,44100,1,1,3.0,3.0,66150,132300,.wav,132344,da923eddbee9a594246cb4f09693020f39dea607ecf99e8b288c43a25aeba106,d4409435593cd31b644d67c8c889bee8c0f3ee08e39565a90a8184b78876fe71,0.44160404801368713,NORMAL,STANDARDIZED,,resampled from 22050 to 44100,
harmonium_000199.wav,1177.wav,harmonium,Harmonium,Harmonium\1177.wav,22050,44100,1,1,3.0,3.0,66150,132300,.wav,132344,2589421feaedd288a6983959cfb7cd4f5b43eb92e80a20d1eb10e3b648cca80a,d889babcd429460b71a5b54ef65d1f85c3a63b1d2ebf05971509d194be3529ad,0.3993895649909973,NORMAL,STANDARDIZED,,resampled from 22050 to 44100,
harmonium_000200.wav,1178.wav,harmonium,Harmonium,Harmonium\1178.wav,22050,44100,1,1,3.0,3.0,66150,132300,.wav,132344,0c1c775f78205b7a4f2026e490a9118e731c943f1d0fa09849c1ebf6b821b570,74bef7f099615ddf3d855b4201aca567bc1267298cdf8d090a954dfe0678d9ef,0.4129919707775116,NORMAL,STANDARDIZED,,resampled from 22050 to 44100,
harmonium_000201.wav,1179.wav,harmonium,Harmonium,Harmonium\1179.wav,22050,44100,1,1,3.0,3.0,66150,132300,.wav,132344,8c57d5db3e37eb86b549d6ffe6e44b41f25898759bb1ed3d6285a6bc6ab09d5e,d25489d5e93ea0d0c2cee5efec8bd578340ff42b419969b967b223a3b6033063,0.38341090083122253,NORMAL,STANDARDIZED,,resampled from 22050 to 44100,
harmonium_000202.wav,118.wav,harmonium,Harmonium,Harmonium\118.wav,22050,44100,1,1,3.0,3.0,66150,132300,.wav,132344,a9a13c9fb091a17f74195c4e582c4f39845b54b9715df3112f75c61fcc23fe05,5b88ae96d45679c845890846304c69af546da51ed316f03c209e98e5f79b3a25,0.4273098409175873,NORMAL,STANDARDIZED,,resampled from 22050 to 44100,
harmonium_000203.wav,1180.wav,harmonium,Harmonium,Harmonium\1180.wav,22050,44100,1,1,3.0,3.0,66150,132300,.wav,132344,b145464097c06c1bfdb59b1e278f8f8180874ca70a6151635f67dc6bfd00767f,2eaa16cf58eb09b7eb7df0640b932361068ae98ef74e95d5c74c4fbb2834ef7b,0.4244283139705658,NORMAL,STANDARDIZED,,resampled from 22050 to 44100,
harmonium_000204.wav,1181.wav,harmonium,Harmonium,Harmonium\1181.wav,22050,44100,1,1,3.0,3.0,66150,132300,.wav,132344,f2d523f36addbb6a8a2ced1c31de4e1c407e140feacf68945b91a2efe9cc13ab,ca625ba277bc0ed7c1a1e73b62cce17c785ca8b2df2a7f1a34c3093739e2930c,0.46182796359062195,NORMAL,STANDARDIZED,,resampled from 22050 to 44100,
harmonium_000205.wav,1182.wav,harmonium,Harmonium,Harmonium\1182.wav,22050,44100,1,1,3.0,3.0,66150,132300,.wav,132344,29cae756f81efcc4bf54030e3509f19620170741b339a4527128c2cc9c101d70,50a12c8932a136eb95ee4fd915297bc4eb74803bbe02f5a934ac05e5f27aaf2b,0.4432018995285034,NORMAL,STANDARDIZED,,resampled from 22050 to 44100,
harmonium_000206.wav,1183.wav,harmonium,Harmonium,Harmonium\1183.wav,22050,44100,1,1,3.0,3.0,66150,132300,.wav,132344,06550e46b8ee5ee54c3369baed234e91b26006c23347589729d705734cef7171,6386c1be31b4d6f509ff8d8b0e25c0484efc02c955d243ae8bfc4f82fb141ba5,0.37508296966552734,NORMAL,STANDARDIZED,,resampled from 22050 to 44100,
harmonium_000207.wav,1184.wav,harmonium,Harmonium,Harmonium\1184.wav,22050,44100,1,1,3.0,3.0,66150,132300,.wav,132344,48b8f20ece9ca075fba5d096589414f7de16d644303e1ca2399d7e0ba8be7325,cfb1c227b8ebbe657f83595bb7380a16577cea69570790bfb2500fd758f386b4,0.447775661945343,NORMAL,STANDARDIZED,,resampled from 22050 to 44100,
harmonium_000208.wav,1185.wav,harmonium,Harmonium,Harmonium\1185.wav,22050,44100,1,1,3.0,3.0,66150,132300,.wav,132344,05c5a3dcf0a14ad4c4b3eecf67ecd31bd2203857092c98c2a9edaf64651e21eb,6417c60272cb10bf6c7b89a03408c0f4f37a2a756df8eca81a1c3c72b5c0322d,0.4003990888595581,NORMAL,STANDARDIZED,,resampled from 22050 to 44100,
harmonium_000209.wav,1186.wav,harmonium,Harmonium,Harmonium\1186.wav,22050,44100,1,1,3.0,3.0,66150,132300,.wav,132344,695be142994aa537b527234c4cf972a840fd8673c6f3b2de0e05cb2dadffe28a,738bca78eb3454ed347eac9ff396cf086b6da57b88d77aca6823397ddb03806a,0.4158393442630768,NORMAL,STANDARDIZED,,resampled from 22050 to 44100,
harmonium_000210.wav,1187.wav,harmonium,Harmonium,Harmonium\1187.wav,22050,44100,1,1,3.0,3.0,66150,132300,.wav,132344,f6387f24e535fa4a2f9fc2fb5a8ce905cf06d57f9632df8324870c58332e7b24,5631b422645b3c97edfd35cd3d001b1aca4d58f00c236912e911c915a87dd671,0.3798343539237976,NORMAL,STANDARDIZED,,resampled from 22050 to 44100,
harmonium_000211.wav,1188.wav,harmonium,Harmonium,Harmonium\1188.wav,22050,44100,1,1,3.0,3.0,66150,132300,.wav,132344,7f7ec7f1fe4cf12c0673701d46610ed09dd49bb0f1e027f056c891f2a6b0a0df,9e79a50557d860feeb85966bfe7146cd2adbb7e457a79eddfe592b061bbe2d26,0.4231010377407074,NORMAL,STANDARDIZED,,resampled from 22050 to 44100,
harmonium_000212.wav,1189.wav,harmonium,Harmonium,Harmonium\1189.wav,22050,44100,1,1,3.0,3.0,66150,132300,.wav,132344,b6f0f10e3832588fc200d52f93d2d36e58002094d28fc04cf6145436ebc75763,0d27ae6569f05924e1a0e78b861bfc35ebf1856e1b5fc7e907f39e3b0c9279a3,0.46734917163848877,NORMAL,STANDARDIZED,,resampled from 22050 to 44100,
harmonium_000213.wav,119.wav,harmonium,Harmonium,Harmonium\119.wav,22050,44100,1,1,3.0,3.0,66150,132300,.wav,132344,b970077c0d98b624f63452db02812b876ec489bde87fe01d226c0779cd4ff306,ca15a3e48501b0a33f331b1118ce236e49eac86d15e5bcaaf0ed41804dbd4d4e,0.3873153030872345,NORMAL,STANDARDIZED,,resampled from 22050 to 44100,
harmonium_000214.wav,1190.wav,harmonium,Harmonium,Harmonium\1190.wav,22050,44100,1,1,3.0,3.0,66150,132300,.wav,132344,3d17a353caaab55a5beb13e80277c9b678868a0796a2e6ee80de9904e888350a,9849339ed5327506cde8eb1dd27488956a145d2ee1cba10c3edabe81a75cc598,0.4606097340583801,NORMAL,STANDARDIZED,,resampled from 22050 to 44100,
harmonium_000215.wav,1191.wav,harmonium,Harmonium,Harmonium\1191.wav,22050,44100,1,1,3.0,3.0,66150,132300,.wav,132344,a756d47385c8ce474b05ebc17a6d2bf9123c95e0fcdb9f78cad99338331479be,9537d6b41bfaa117cc4ee8f65fc6efa0dd178681f9ef33988f3a5a044424ade0,0.37280622124671936,NORMAL,STANDARDIZED,,resampled from 22050 to 44100,
harmonium_000216.wav,1192.wav,harmonium,Harmonium,Harmonium\1192.wav,22050,44100,1,1,3.0,3.0,66150,132300,.wav,132344,88a22922136c9e283bf09e1b88ddfe25206b813c94fff4996d5d898ac387144b,9fcb11e443e3770017c034efbf4d632b37a9497f4a1173169248bfe8f579896b,0.44516733288764954,NORMAL,STANDARDIZED,,resampled from 22050 to 44100,
harmonium_000217.wav,1193.wav,harmonium,Harmonium,Harmonium\1193.wav,22050,44100,1,1,3.0,3.0,66150,132300,.wav,132344,38adc7ba8f17434f71444dfffc05cf5bcf842ecaf675974e873439c9e2a1af88,476bf08cc44a0723cfd1e88e421b44334a6654bbc0db3769e1a059bcf9d3700b,0.3986738622188568,NORMAL,STANDARDIZED,,resampled from 22050 to 44100,
harmonium_000218.wav,1194.wav,harmonium,Harmonium,Harmonium\1194.wav,22050,44100,1,1,3.0,3.0,66150,132300,.wav,132344,d95a9387dd4ce03a6ffcb23e92dbc08e2e78289bb0c11dbf417fea66fc534e06,cddc17dd88e1ad6994c2b5d566b4a312e61dbb0cffbb2e06469fa680d2016ad5,0.4218522310256958,NORMAL,STANDARDIZED,,resampled from 22050 to 44100,
harmonium_000219.wav,1195.wav,harmonium,Harmonium,Harmonium\1195.wav,22050,44100,1,1,3.0,3.0,66150,132300,.wav,132344,71265fcb69c22ee667f28f1da2f0753de7b096c54b623d876da234780352b2ab,a1e8e0758d2dcde9a79d4706880377c6e3f78d22d4bce4b3781246c6a7dc8d37,0.37960609793663025,NORMAL,STANDARDIZED,,resampled from 22050 to 44100,
harmonium_000220.wav,1196.wav,harmonium,Harmonium,Harmonium\1196.wav,22050,44100,1,1,3.0,3.0,66150,132300,.wav,132344,6c1fde3565f94ffb2f569a163c18451103fb1c1d855eff867d935459ec99b8bb,0832c679d8b18245bea14a9ef2a9e8d2a5e30c017f37e7e71fa40024bc1ab655,0.4284767806529999,NORMAL,STANDARDIZED,,resampled from 22050 to 44100,
harmonium_000221.wav,1197.wav,harmonium,Harmonium,Harmonium\1197.wav,22050,44100,1,1,3.0,3.0,66150,132300,.wav,132344,9e39c2a6499d2e749f4e3fa45647c35cf86f2a563f01dd97f330b9b0cd650e0c,48027f8767383624342467e3b494a5570ec55315191f717013461bf4785ab3fc,0.46569207310676575,NORMAL,STANDARDIZED,,resampled from 22050 to 44100,
harmonium_000222.wav,1198.wav,harmonium,Harmonium,Harmonium\1198.wav,22050,44100,1,1,3.0,3.0,66150,132300,.wav,132344,ad43535a231838cca1269c678cded72c1417f975780948211677273703d805f2,e5599fdad0a38991a5f1bb21a38e027b300a02600c69f1041e445768d5a34364,0.4399670958518982,NORMAL,STANDARDIZED,,resampled from 22050 to 44100,
harmonium_000223.wav,1199.wav,harmonium,Harmonium,Harmonium\1199.wav,22050,44100,1,1,3.0,3.0,66150,132300,.wav,132344,b1b22b85edc195e0300610b1181c98c4cad839e6ff87fac4c41445791b743642,efb775c9999ce7c455a0c55aac398de47c9f6d68d3abcfb5162f5da885426431,0.36918285489082336,NORMAL,STANDARDIZED,,resampled from 22050 to 44100,
harmonium_000224.wav,12.wav,harmonium,Harmonium,Harmonium\12.wav,22050,44100,1,1,3.0,3.0,66150,132300,.wav,132344,3033fc3f49826dcf5bc071f76c39607abc879648db6197ac5ceda7460e9ba104,907819b89e42a692b097b7537dc35e8d068db82e1d6c601f1827fa06d05a5989,0.38306257128715515,NORMAL,STANDARDIZED,,resampled from 22050 to 44100,
harmonium_000225.wav,120.wav,harmonium,Harmonium,Harmonium\120.wav,22050,44100,1,1,3.0,3.0,66150,132300,.wav,132344,ddfc9f445de3d8d9c42446f4b7c3f294163c56866ed17af747ae09e65f6d8418,c095a2f8682b39009a59354de057f6c8f65fddf864b391b5a312509145f92ec1,0.3780917525291443,NORMAL,STANDARDIZED,,resampled from 22050 to 44100,
harmonium_000226.wav,1200.wav,harmonium,Harmonium,Harmonium\1200.wav,22050,44100,1,1,3.0,3.0,66150,132300,.wav,132344,1efe6006dc3ee36380453558fa849ebe20ade495ac0d5fd6e55c47c52d45bfdf,2c40d3baa835ebd0d96e438aed4d61d03fbd8062a8dd5a7495fb313d9fce9472,0.44201719760894775,NORMAL,STANDARDIZED,,resampled from 22050 to 44100,
harmonium_000227.wav,1201.wav,harmonium,Harmonium,Harmonium\1201.wav,22050,44100,1,1,3.0,3.0,66150,132300,.wav,132344,712f88dac178581ecabe1439dc8f63260ce2fea69792db1b1d9ec759b6d95294,6391f2fc6d6c49e97a64efb86f1c74fca1d62c35d34f01a0497aafe642ad3eba,0.3947022557258606,NORMAL,STANDARDIZED,,resampled from 22050 to 44100,
harmonium_000228.wav,1202.wav,harmonium,Harmonium,Harmonium\1202.wav,22050,44100,1,1,3.0,3.0,66150,132300,.wav,132344,e7573df3195ddd2c353da068ebf3eb70fc80db8fdf05dce81ca381fc82081f65,06ac4793e12ab6d5cf6364e99aa2509936c6e81ae4f2c35d9d12077e54505170,0.4191276729106903,NORMAL,STANDARDIZED,,resampled from 22050 to 44100,
harmonium_000229.wav,1203.wav,harmonium,Harmonium,Harmonium\1203.wav,22050,44100,1,1,3.0,3.0,66150,132300,.wav,132344,c0ba70e5344e15f40ea8663166c3e952ec0ed7d15db69b4e6b293c05ea539b1f,d76b0689ea1d4a5b75e6b20e37aa5754681c310058b9e3b8c32d8a8b5a080287,0.3823780119419098,NORMAL,STANDARDIZED,,resampled from 22050 to 44100,
harmonium_000230.wav,1204.wav,harmonium,Harmonium,Harmonium\1204.wav,22050,44100,1,1,3.0,3.0,66150,132300,.wav,132344,ef6a214a81bfbf03e6895cead7e496bc281c42d927783ad05a6bfd4736ffe87f,2c069c3af00df400642bb5dc1f76bfe9b1a5157b55996fc459974ee423f133d8,0.4234354496002197,NORMAL,STANDARDIZED,,resampled from 22050 to 44100,
harmonium_000231.wav,1205.wav,harmonium,Harmonium,Harmonium\1205.wav,22050,44100,1,1,3.0,3.0,66150,132300,.wav,132344,7ca7520e9ff3cee9b5b278c2db8647bcc508ffab1cf6d4930c9c3af357c3632a,abac800da388b1f7a09f28c14e3bc612191e50dc090a96c591e210989f5af35f,0.463749498128891,NORMAL,STANDARDIZED,,resampled from 22050 to 44100,
harmonium_000232.wav,1206.wav,harmonium,Harmonium,Harmonium\1206.wav,22050,44100,1,1,3.0,3.0,66150,132300,.wav,132344,b553f12d9000846ce0c6d1a29197250294a952eae0974ef36fa40e1beb44c3c2,ca496c8cda7c8e8052b14b3ac0e6af6cbad338a1d3aec60970d31bb3a134b4c0,0.4384101331233978,NORMAL,STANDARDIZED,,resampled from 22050 to 44100,
harmonium_000233.wav,1207.wav,harmonium,Harmonium,Harmonium\1207.wav,22050,44100,1,1,3.0,3.0,66150,132300,.wav,132344,c389d7fccce44c4b8f7e040b4d45e034901fb4a7a9b7f18335878d83b5078931,3d1e34d40b7793c172bf0aa7fee678bc5ba02e625fc7750046ea9ae5fbdd06c8,0.3717544674873352,NORMAL,STANDARDIZED,,resampled from 22050 to 44100,
harmonium_000234.wav,1208.wav,harmonium,Harmonium,Harmonium\1208.wav,22050,44100,1,1,3.0,3.0,66150,132300,.wav,132344,a8dbb5fd4158e0928cb0b2132bb3e52d0721ff5dea46756b1f3ede6eb80fae51,7e0c0c74d547f7221fad639852ebb355200e48cb08095c74a7debd1cb153fa93,0.44490504264831543,NORMAL,STANDARDIZED,,resampled from 22050 to 44100,
harmonium_000235.wav,1209.wav,harmonium,Harmonium,Harmonium\1209.wav,22050,44100,1,1,3.0,3.0,66150,132300,.wav,132344,8a41f75e85a3d6a40c92860d6a8851f914a0a853580b25228b4d720224245b57,5e65105b9b41104f8f4d0b8db0a82ada8c48fd2a47374221f50f7e2ace48b447,0.397504061460495,NORMAL,STANDARDIZED,,resampled from 22050 to 44100,
harmonium_000236.wav,121.wav,harmonium,Harmonium,Harmonium\121.wav,22050,44100,1,1,3.0,3.0,66150,132300,.wav,132344,879ef21d5f2f57f008216afde3a37a5d94897f693be512fcdd2c6714bcf6965a,6783267e1a363e8b4b8a2548216423fedfaf74a3b968a4540a57db391611319b,0.37694820761680603,NORMAL,STANDARDIZED,,resampled from 22050 to 44100,
harmonium_000237.wav,1210.wav,harmonium,Harmonium,Harmonium\1210.wav,22050,44100,1,1,3.0,3.0,66150,132300,.wav,132344,8290874d0e738aacf9e75fac430a40efcc9e666ade660dfb7d23e4457d3229ef,c51f6830f0d3c60333f087d5727f9aa74f720380d7be69bbb48673f76e212575,0.420236200094223,NORMAL,STANDARDIZED,,resampled from 22050 to 44100,
harmonium_000238.wav,1211.wav,harmonium,Harmonium,Harmonium\1211.wav,22050,44100,1,1,3.0,3.0,66150,132300,.wav,132344,6a15acbf0293b9128d23ad80c6378f0b56888717e84623aedbf1edb123af8f46,7cfb6163e1ad393a9738ed970d509324ec14a9810582e2eb3a7691692a9bdfe1,0.37962549924850464,NORMAL,STANDARDIZED,,resampled from 22050 to 44100,
harmonium_000239.wav,1212.wav,harmonium,Harmonium,Harmonium\1212.wav,22050,44100,1,1,3.0,3.0,66150,132300,.wav,132344,39a1c99122cceca74f2a6f0c5af9e964a3b7566aa0f00469fc3e97bebd0730d2,ce1079030dbbe2814f5540c4fc50c9057575e43013d6860167ad07a0bc6f03c6,0.42238739132881165,NORMAL,STANDARDIZED,,resampled from 22050 to 44100,
harmonium_000240.wav,1213.wav,harmonium,Harmonium,Harmonium\1213.wav,22050,44100,1,1,3.0,3.0,66150,132300,.wav,132344,2b13e8ca122a2f33c154a202c36f5ed75a20357310c88d6866e4783506bb0654,7bec3ecf6ce27e6e07dab7e4c83b9e987d32bf9a3eb37352de50328ee2f2ca32,0.4664458632469177,NORMAL,STANDARDIZED,,resampled from 22050 to 44100,
harmonium_000241.wav,1214.wav,harmonium,Harmonium,Harmonium\1214.wav,22050,44100,1,1,3.0,3.0,66150,132300,.wav,132344,7406d34c91da6e4f8f21489c4fb76657038f78bbf96aa4194f86a535438c6410,73e83b85cf04ec741a076aed2cfb04f9bbc579b11924912cdea9177ce5bcc949,0.43787920475006104,NORMAL,STANDARDIZED,,resampled from 22050 to 44100,
harmonium_000242.wav,1215.wav,harmonium,Harmonium,Harmonium\1215.wav,22050,44100,1,1,3.0,3.0,66150,132300,.wav,132344,184d98b3549b1994538a73fe867eb9f6d552096e925ea9c4d3d780a4f7cd95f0,d0c63dd858ab3fb41ae578e0751b322c3511bc9c61a6c0f0f69c5fd0e8ecf6f9,0.3687100112438202,NORMAL,STANDARDIZED,,resampled from 22050 to 44100,
harmonium_000243.wav,1216.wav,harmonium,Harmonium,Harmonium\1216.wav,22050,44100,1,1,3.0,3.0,66150,132300,.wav,132344,b19cd8b1765696ee9593868acedffb308cb1b35cad3efaa57a90dd85342b587a,9a324c8235ec0bc835dcbb65a3da4675349833df4789b230ecbaae7138bd2971,0.44889530539512634,NORMAL,STANDARDIZED,,resampled from 22050 to 44100,
harmonium_000244.wav,1217.wav,harmonium,Harmonium,Harmonium\1217.wav,22050,44100,1,1,3.0,3.0,66150,132300,.wav,132344,ef2b9be2dc80f6837de999ceeddf2d11fb72d22a0ff44f139fccbcdf71ff3ee6,0daa5016d7a0cfa1250f4a7a16c9f07fdfb6c8e7dd24b654a6ec3486a611bff8,0.39589330554008484,NORMAL,STANDARDIZED,,resampled from 22050 to 44100,
harmonium_000245.wav,1218.wav,harmonium,Harmonium,Harmonium\1218.wav,22050,44100,1,1,3.0,3.0,66150,132300,.wav,132344,b5100483dfc314205b4216ef640da9af2d4ba1d78077ba4c93d5fb765c03eba9,c2f36a7646671cb98a0592094f2597f3d0ce374de3b134ffc865b16f2648f2a9,0.4180281162261963,NORMAL,STANDARDIZED,,resampled from 22050 to 44100,
harmonium_000246.wav,1219.wav,harmonium,Harmonium,Harmonium\1219.wav,22050,44100,1,1,3.0,3.0,66150,132300,.wav,132344,caf6577c10318fce7fca2f3638499a5dbc5240d4293be48914357b3853d8a929,d105204ac3d42297d195422a2bb47bd4cdece7edb9fad12176ca1582146c6832,0.37872645258903503,NORMAL,STANDARDIZED,,resampled from 22050 to 44100,
harmonium_000247.wav,122.wav,harmonium,Harmonium,Harmonium\122.wav,22050,44100,1,1,3.0,3.0,66150,132300,.wav,132344,00d3f936cffe6c78216016b860513b5fb2295e260d9f208cbccf4b1445a2fca0,a14d48632b10211287f7ccd7dedb236a48cf2259edfd26bfb6144cadc759ebc1,0.4296337068080902,NORMAL,STANDARDIZED,,resampled from 22050 to 44100,
harmonium_000248.wav,1220.wav,harmonium,Harmonium,Harmonium\1220.wav,22050,44100,1,1,3.0,3.0,66150,132300,.wav,132344,f610b9fbf97e7e8451168fb8d52762963bc42c451994c8bbecda64dabf476711,5cee42c05a9ea065f6e4ba5cd35df46f3c860fc689c2beac89fb62846f0b1850,0.42399612069129944,NORMAL,STANDARDIZED,,resampled from 22050 to 44100,
harmonium_000249.wav,1221.wav,harmonium,Harmonium,Harmonium\1221.wav,22050,44100,1,1,3.0,3.0,66150,132300,.wav,132344,70fbcd6613223388d9b337e02cc0f276cd7febfc3ccc54e2d23e48d6bc7624d4,203166d1a5c2e0bf10c07810289290c5bea447c515139bb01a3e830ca3a79ea0,0.46449413895606995,NORMAL,STANDARDIZED,,resampled from 22050 to 44100,
harmonium_000250.wav,1222.wav,harmonium,Harmonium,Harmonium\1222.wav,22050,44100,1,1,3.0,3.0,66150,132300,.wav,132344,bc6183087b0bf56a692a25db5b6c5196b8d32d41e3e3f140ebdffcc3d16f44fb,f07fc37037e6f3e950032397768d3cbdce791ab52aa927dd12be1bd7ddc1468c,0.4399392306804657,NORMAL,STANDARDIZED,,resampled from 22050 to 44100,
harmonium_000251.wav,1223.wav,harmonium,Harmonium,Harmonium\1223.wav,22050,44100,1,1,3.0,3.0,66150,132300,.wav,132344,15c8b4035dfe00e41c1656959877556d804e22e333919b20fa2f5fe6ec25d634,86aa877ffd48d6b89f1e30cb4c58d1ffba5fadb079aa97c929b8e31de213d022,0.36638733744621277,NORMAL,STANDARDIZED,,resampled from 22050 to 44100,
harmonium_000252.wav,1224.wav,harmonium,Harmonium,Harmonium\1224.wav,22050,44100,1,1,3.0,3.0,66150,132300,.wav,132344,bbd71aea4e048f0dc752a94bc8cf5092639e4f77c96c2f9fac61bd03bf8f2b88,051352b0369b53ce7936cfc88f5a1303cc30cb5bba9c110f58e25ad761b5ac07,0.44247230887413025,NORMAL,STANDARDIZED,,resampled from 22050 to 44100,
harmonium_000253.wav,1225.wav,harmonium,Harmonium,Harmonium\1225.wav,22050,44100,1,1,3.0,3.0,66150,132300,.wav,132344,dbeaf2bca39f499640012d812b99ddba3ef6169dfaf06baeac485f5eb3a4da3a,7cbd53bff6769c3374035fbd0cc730a1173caeb720b4dbecbf57b3d1ca8b3ee4,0.3928317427635193,NORMAL,STANDARDIZED,,resampled from 22050 to 44100,
harmonium_000254.wav,1226.wav,harmonium,Harmonium,Harmonium\1226.wav,22050,44100,1,1,3.0,3.0,66150,132300,.wav,132344,eafb16dca50935cb9794725bedbd49a529a747e11c146077605671a81cc5a0d4,94716e278e9dcefaabd80b2282a0ccaf42e7f9ab1176d60fcbe015f388c04131,0.4184586703777313,NORMAL,STANDARDIZED,,resampled from 22050 to 44100,
harmonium_000255.wav,1227.wav,harmonium,Harmonium,Harmonium\1227.wav,22050,44100,1,1,3.0,3.0,66150,132300,.wav,132344,3b9e458983ca1a73f2cdc3f69d5adc52b626b42776f91715874b3817334919ad,2347875d3ce39ae03c8be28cc894070245b21e414b698941613faa34188a82bb,0.3814910650253296,NORMAL,STANDARDIZED,,resampled from 22050 to 44100,
harmonium_000256.wav,1228.wav,harmonium,Harmonium,Harmonium\1228.wav,22050,44100,1,1,3.0,3.0,66150,132300,.wav,132344,82a367adaa945177b5f7d8b2e548a27b0df7f11c484ed73a9758546f0e90257c,5e37cee57b68407f4a82dd8f9c770732f97daf85f90233f008368e54f2193a33,0.42909103631973267,NORMAL,STANDARDIZED,,resampled from 22050 to 44100,
harmonium_000257.wav,1229.wav,harmonium,Harmonium,Harmonium\1229.wav,22050,44100,1,1,3.0,3.0,66150,132300,.wav,132344,cd8df0fbc81ca91a4937a62816403c59056939fdb55762e6173bacd5ab5093dc,9b5feffb40096f9c9365e924457d6e9ccca72b327a2d6dcdd37fcd3432c3020b,0.46688684821128845,NORMAL,STANDARDIZED,,resampled from 22050 to 44100,
harmonium_000258.wav,123.wav,harmonium,Harmonium,Harmonium\123.wav,22050,44100,1,1,3.0,3.0,66150,132300,.wav,132344,e3df8ae79fdb62ed2b26923c688620d10d22ace147d2ee0b66db3192493b963a,8ae679fda5210b7e54aefc5fb0f2605e089ea4f44e17aed179bcce3bf8c4deef,0.38535046577453613,NORMAL,STANDARDIZED,,resampled from 22050 to 44100,
harmonium_000259.wav,1230.wav,harmonium,Harmonium,Harmonium\1230.wav,22050,44100,1,1,3.0,3.0,66150,132300,.wav,132344,939137f40ad8a6931367cf21c754194652539467488e5b764dec47c596cf802f,8857d5206eaa3efc868323b86fe0b0877e241eb57455e7cfc66051e716c6eb93,0.43727773427963257,NORMAL,STANDARDIZED,,resampled from 22050 to 44100,
harmonium_000260.wav,1231.wav,harmonium,Harmonium,Harmonium\1231.wav,22050,44100,1,1,3.0,3.0,66150,132300,.wav,132344,d587b15a411007052960004c440a452b0d12d7ee4187f97029eae15d72bcef8a,4ec3dfb91f229c272aefd4c5012a1920bcfd816fd2a074a3cb9886186ecd10df,0.37780025601387024,NORMAL,STANDARDIZED,,resampled from 22050 to 44100,
harmonium_000261.wav,1232.wav,harmonium,Harmonium,Harmonium\1232.wav,22050,44100,1,1,3.0,3.0,66150,132300,.wav,132344,fc045ac21049fabb80272697eb2be238de2c1c6b6da071ae3a4eef123be2c8b6,4d1772f8467a8ef6a6b9917702a0ddaadcdb99ebc1623181c59dcc86c2e5c6a3,0.4328264594078064,NORMAL,STANDARDIZED,,resampled from 22050 to 44100,
harmonium_000262.wav,1233.wav,harmonium,Harmonium,Harmonium\1233.wav,22050,44100,1,1,3.0,3.0,66150,132300,.wav,132344,7e56b13f0ac4ea0a2675190ccc365ea4de85000fec0027c64287e8b9e5b16a4c,0d9d41aa13b319afd123188be148807f5f038b5ae71d765bfc395b934294d4a7,0.39933234453201294,NORMAL,STANDARDIZED,,resampled from 22050 to 44100,
harmonium_000263.wav,1234.wav,harmonium,Harmonium,Harmonium\1234.wav,22050,44100,1,1,3.0,3.0,66150,132300,.wav,132344,aebb30c17e20a3ec8165fcdabe6444d3c0b01b2a4695c958639d035d9dbff69f,0b965168f541b9bb736ca44760b5ba79bc1dcb19f70c821f26b8c89eb9e6596b,0.4106369614601135,NORMAL,STANDARDIZED,,resampled from 22050 to 44100,
harmonium_000264.wav,1235.wav,harmonium,Harmonium,Harmonium\1235.wav,22050,44100,1,1,3.0,3.0,66150,132300,.wav,132344,745204c909655ab7543f77d674828f01f7aa72d39a37bc20c98aef71dc297a94,053d39beae43c0ad1d89ba132eb8ce922d82c635a9a39738db80ac2b14ad8642,0.37886664271354675,NORMAL,STANDARDIZED,,resampled from 22050 to 44100,
harmonium_000265.wav,1236.wav,harmonium,Harmonium,Harmonium\1236.wav,22050,44100,1,1,3.0,3.0,66150,132300,.wav,132344,ee7eb90267c221fbe6191472464c59767f350bd7febf73be1912ddda540d7115,82b3e76eca2614acdc78211c2a2d84fa19daa2fa220d31b153fc7d65b0637dc4,0.42317646741867065,NORMAL,STANDARDIZED,,resampled from 22050 to 44100,
harmonium_000266.wav,1237.wav,harmonium,Harmonium,Harmonium\1237.wav,22050,44100,1,1,3.0,3.0,66150,132300,.wav,132344,51bab451d7beb763266a9efe6b9245eabeb51d3ef7495c222f223a7b9bff8ef2,1507990640a520f4dc2fa0efcc5e89e627771cb9b80f7176bd0e1641e2766f66,0.4660569727420807,NORMAL,STANDARDIZED,,resampled from 22050 to 44100,
harmonium_000267.wav,1238.wav,harmonium,Harmonium,Harmonium\1238.wav,22050,44100,1,1,3.0,3.0,66150,132300,.wav,132344,0dfdd079a4bd3035657fe9573e5d602876a9fc684738e987a53cd05c4daf63e4,2fa1d3f311218f250ccaafe0b5aa7e1ee69656475ec498d88f3ecee247aa13d2,0.4355004131793976,NORMAL,STANDARDIZED,,resampled from 22050 to 44100,
harmonium_000268.wav,1239.wav,harmonium,Harmonium,Harmonium\1239.wav,22050,44100,1,1,3.0,3.0,66150,132300,.wav,132344,13ff00a5490981d56277a42a36bab53a2d8a04ddd6e5c867bc8563bcaf6a2448,1ee4293cf398f76d8f06e697206030e0cfe39fb9421bca643c123a5150cdd29c,0.3705977499485016,NORMAL,STANDARDIZED,,resampled from 22050 to 44100,
harmonium_000269.wav,124.wav,harmonium,Harmonium,Harmonium\124.wav,22050,44100,1,1,3.0,3.0,66150,132300,.wav,132344,ec26f362da8f2c0aa120066dfebe9e13e80db770225afdbd1deada7e3d2d336c,080b4bb4d9e9cdd38f79f5ece4eea5481ba0c2753d82705a092a2d6299331204,0.3831368088722229,NORMAL,STANDARDIZED,,resampled from 22050 to 44100,
harmonium_000270.wav,1240.wav,harmonium,Harmonium,Harmonium\1240.wav,22050,44100,1,1,3.0,3.0,66150,132300,.wav,132344,84b47106d186fd0d973ed5a082d81f028bce856793ea6340868ccfbadecc3380,761037a0afcf3f8843fc5d3baec770ff3ce56e1c0409ed12851d1caf836c3ec9,0.43492400646209717,NORMAL,STANDARDIZED,,resampled from 22050 to 44100,
harmonium_000271.wav,1241.wav,harmonium,Harmonium,Harmonium\1241.wav,22050,44100,1,1,3.0,3.0,66150,132300,.wav,132344,ac3c4fa5cbfd2b742b024cfb13d3216f17c022ec349b5d071034c0fff562f43c,6ea955c00e6c4b6f521c498bd64a4d6be7a9cbf7ed4d3dc63252b7e76befd46b,0.4009439945220947,NORMAL,STANDARDIZED,,resampled from 22050 to 44100,
harmonium_000272.wav,1242.wav,harmonium,Harmonium,Harmonium\1242.wav,22050,44100,1,1,3.0,3.0,66150,132300,.wav,132344,d7412079d760e74da74cb0cc1010a213d1b296986bcb7155c345f3610c67791a,ce6c7d7179b561b84dc4a111f9529c8fdb6e727a42a59acd21df317f9c11fa15,0.4215361475944519,NORMAL,STANDARDIZED,,resampled from 22050 to 44100,
harmonium_000273.wav,1243.wav,harmonium,Harmonium,Harmonium\1243.wav,22050,44100,1,1,3.0,3.0,66150,132300,.wav,132344,2adcffeeab015928ba7185490543cffdae45d6e7d6c0c482027672d769855a64,d06635aa94465657a24a5dc86c041ee196fb1a7521fc7ad160701b2aab0df89b,0.3754604756832123,NORMAL,STANDARDIZED,,resampled from 22050 to 44100,
harmonium_000274.wav,1244.wav,harmonium,Harmonium,Harmonium\1244.wav,22050,44100,1,1,3.0,3.0,66150,132300,.wav,132344,1c89a83c94d3e4a8ab89fa09c5865b7d2594158b3fe3307c00ccd42b31f1687f,e81716e9286b2612574107110592e5df9805b1e49efc3eb5850301b5d30989bc,0.4309423863887787,NORMAL,STANDARDIZED,,resampled from 22050 to 44100,
harmonium_000275.wav,1245.wav,harmonium,Harmonium,Harmonium\1245.wav,22050,44100,1,1,3.0,3.0,66150,132300,.wav,132344,b55898e1c909292bb1ef48bd8faa92c9d2cbc028f204ccdf7e83e2e3a8dadc10,661288e4f77e73731e2db6649f5fe1a7aa02b77f40538c836f60d08f6ff52277,0.46394243836402893,NORMAL,STANDARDIZED,,resampled from 22050 to 44100,
harmonium_000276.wav,1246.wav,harmonium,Harmonium,Harmonium\1246.wav,22050,44100,1,1,3.0,3.0,66150,132300,.wav,132344,8cd553962ffb4ce4dfd23ccaf2bac4ea4f29dc3b896da4b5d95a7e9b4dacf6ed,ef15314996cf55ad30469dfa3c6ad848035722e8776e3bdac939a33b96125c54,0.436001181602478,NORMAL,STANDARDIZED,,resampled from 22050 to 44100,
harmonium_000277.wav,1247.wav,harmonium,Harmonium,Harmonium\1247.wav,22050,44100,1,1,3.0,3.0,66150,132300,.wav,132344,359afd2b58bfb9ad2e862cc93bc12ae030d1af2d9f1269b5870bed1d14b081d9,031f63cf443df3ee04e596d0da2feff2d08859229503faedf52b141b24ec7c2c,0.37238839268684387,NORMAL,STANDARDIZED,,resampled from 22050 to 44100,
harmonium_000278.wav,1248.wav,harmonium,Harmonium,Harmonium\1248.wav,22050,44100,1,1,3.0,3.0,66150,132300,.wav,132344,08a09593b72f4b0c3c35cde775cb5b503abec057a69f37b4058aa4cbddc75d89,f8fbf0d309c564863232e300a035d8b35737e6c180622f07cecfaaa38af601f1,0.44298025965690613,NORMAL,STANDARDIZED,,resampled from 22050 to 44100,
harmonium_000279.wav,1249.wav,harmonium,Harmonium,Harmonium\1249.wav,22050,44100,1,1,3.0,3.0,66150,132300,.wav,132344,19fc38f371522f18ef6cacc4377aa00c4f8d8f088020f658124ba46925942c58,60934e6ddd1c53afbd72d0636255faa2cb8537df9ad841e5cf06f6161b07e6d2,0.40223345160484314,NORMAL,STANDARDIZED,,resampled from 22050 to 44100,
harmonium_000280.wav,125.wav,harmonium,Harmonium,Harmonium\125.wav,22050,44100,1,1,3.0,3.0,66150,132300,.wav,132344,d6ee4fd50c0b3bed89cf2a947af590788f1089cfa14d8ef27d5cfbd3c269a0cc,525ddcf07418ec19d26e1a374202c97769016342132961ab590586396d607c94,0.37822848558425903,NORMAL,STANDARDIZED,,resampled from 22050 to 44100,
harmonium_000281.wav,1250.wav,harmonium,Harmonium,Harmonium\1250.wav,22050,44100,1,1,3.0,3.0,66150,132300,.wav,132344,b303386d718c326aa355d43894220ad5d4388233eb4ebf56edd7bbdd0a9661c3,0f7df3f7f55850c48937390aa9c247c77dedbb5826bfd747e60bf353f5b975fb,0.41791367530822754,NORMAL,STANDARDIZED,,resampled from 22050 to 44100,
harmonium_000282.wav,1251.wav,harmonium,Harmonium,Harmonium\1251.wav,22050,44100,1,1,3.0,3.0,66150,132300,.wav,132344,51abaa8b2cb5cfb29887e1d96feb0c01a7d3f5622e76c7d811c2285707eb4ee3,ba311bad0bbe1b4c8a6a30406d2602a518b9a26034306cbb85c6efe8a0d443e9,0.37542951107025146,NORMAL,STANDARDIZED,,resampled from 22050 to 44100,
harmonium_000283.wav,1252.wav,harmonium,Harmonium,Harmonium\1252.wav,22050,44100,1,1,3.0,3.0,66150,132300,.wav,132344,d3ceddec3581167907abb024e2c8008654668934bf5eb79c81009edb412233a0,ee69e95d75c789fb487d2f297c42ef26be9f3be775274804820da457013d0b1d,0.43173444271087646,NORMAL,STANDARDIZED,,resampled from 22050 to 44100,
harmonium_000284.wav,1253.wav,harmonium,Harmonium,Harmonium\1253.wav,22050,44100,1,1,3.0,3.0,66150,132300,.wav,132344,cf54b19ac410b9ce64c26f0121aa8f0bdde35e82db77b4c7f39ed0b03d0bf84e,d6ae387484205e3dec6468eaf896b0f590c06a578bafc6a43906240e3c6a77b0,0.46856436133384705,NORMAL,STANDARDIZED,,resampled from 22050 to 44100,
harmonium_000285.wav,1254.wav,harmonium,Harmonium,Harmonium\1254.wav,22050,44100,1,1,3.0,3.0,66150,132300,.wav,132344,056ef8dc2f11dbdcf33ec2383f9d3c1909679664d3b13b815cdcbd7d80617769,7c2d603f9091815f1cf75fa9ed1c8f37ca73834a96dcb2f8981e1724d2f3274d,0.4356852173805237,NORMAL,STANDARDIZED,,resampled from 22050 to 44100,
harmonium_000286.wav,1255.wav,harmonium,Harmonium,Harmonium\1255.wav,22050,44100,1,1,3.0,3.0,66150,132300,.wav,132344,bcf2d23e763c407e9b0dc294fb5fffb633a8e0ab5c873f014a69cb4023b72a96,893ac1f82dc840fbfa413833bae90f3758f139bcf98ba5eccc483f04b38f3f80,0.36819759011268616,NORMAL,STANDARDIZED,,resampled from 22050 to 44100,
harmonium_000287.wav,1256.wav,harmonium,Harmonium,Harmonium\1256.wav,22050,44100,1,1,3.0,3.0,66150,132300,.wav,132344,7790474e566f9056fdc5ca9692e0225ce6aa6a4f8cdb0605e2946a0bb668f6a6,23f35028b2b2e345c1e65063f314aacb8049d1dbaa8d1a314c7fb40296f07740,0.44649839401245117,NORMAL,STANDARDIZED,,resampled from 22050 to 44100,
harmonium_000288.wav,1257.wav,harmonium,Harmonium,Harmonium\1257.wav,22050,44100,1,1,3.0,3.0,66150,132300,.wav,132344,2b9afdbf335673c9c8ac14809024aae78f8795e7ed4629b92b5ebcb3117b9200,40d0e6f7537a6efba22a7ecaff2394ae9f5bfd203fb66e5df3e4bad2f9d27125,0.40351638197898865,NORMAL,STANDARDIZED,,resampled from 22050 to 44100,
harmonium_000289.wav,1258.wav,harmonium,Harmonium,Harmonium\1258.wav,22050,44100,1,1,3.0,3.0,66150,132300,.wav,132344,3d99fc98cc893edc6fcf908c1282e4af6d87bded8f84c32450056d002b5cc104,8170cac413f7c0d042b5d57a90fcb3a18b14bcb4efe3cbc5d9d8f6489ecd6cf9,0.4168662428855896,NORMAL,STANDARDIZED,,resampled from 22050 to 44100,
harmonium_000290.wav,1259.wav,harmonium,Harmonium,Harmonium\1259.wav,22050,44100,1,1,3.0,3.0,66150,132300,.wav,132344,e29a4ed84fc408e9c931657fc9c4d83d8ddbb88ad9309d8cab6259849a90356b,f54a70affc4d41a439f7b72132a6b7547698b186a52b3af7b8f6dba30c8cc310,0.3813130259513855,NORMAL,STANDARDIZED,,resampled from 22050 to 44100,
harmonium_000291.wav,126.wav,harmonium,Harmonium,Harmonium\126.wav,22050,44100,1,1,3.0,3.0,66150,132300,.wav,132344,4380ae3e42dc060a894048e3a6dfc015462a3f4086313cf56bb719a1d8895f40,e7eca6b8569fa4dc964e5f435471128503bfc90a07d5d334f335328ae4402657,0.4337359666824341,NORMAL,STANDARDIZED,,resampled from 22050 to 44100,
harmonium_000292.wav,1260.wav,harmonium,Harmonium,Harmonium\1260.wav,22050,44100,1,1,3.0,3.0,66150,132300,.wav,132344,f00420007e83c1593d343aef1879c18ff8dced803eaaf67a11cd05f52add5988,243f2a0660ad084f2d1903dad17c44ce9eadd5c68bae3664c47d7d7e9568f81c,0.41962945461273193,NORMAL,STANDARDIZED,,resampled from 22050 to 44100,
harmonium_000293.wav,1261.wav,harmonium,Harmonium,Harmonium\1261.wav,22050,44100,1,1,3.0,3.0,66150,132300,.wav,132344,1a3b7cd5d075ed4d284cb21f55b82dccf65c3ce27834257a622789099b516d58,ecbac342800923179c32a31d871e2d21d3632d8f8aac50122ba79e3eee213dfc,0.4652191996574402,NORMAL,STANDARDIZED,,resampled from 22050 to 44100,
harmonium_000294.wav,1262.wav,harmonium,Harmonium,Harmonium\1262.wav,22050,44100,1,1,3.0,3.0,66150,132300,.wav,132344,4bfec688dbee2d3bd68532d6dcfc625894ceb55efc9a1fcfad883ceddb167376,e0dffb2758a926330cfbe65a19ef505d34a1a3f2a2b388449db5f399db42207c,0.4391186833381653,NORMAL,STANDARDIZED,,resampled from 22050 to 44100,
harmonium_000295.wav,1263.wav,harmonium,Harmonium,Harmonium\1263.wav,22050,44100,1,1,3.0,3.0,66150,132300,.wav,132344,532b1b9d2a9633cb2d049a7082b23175a664da7c3620cacbffd4911c57d634f3,0ae6c86b4cf2705b0d99bba238ab3f418cc5c208f413b26096883d49358aab5d,0.367328017950058,NORMAL,STANDARDIZED,,resampled from 22050 to 44100,
harmonium_000296.wav,1264.wav,harmonium,Harmonium,Harmonium\1264.wav,22050,44100,1,1,3.0,3.0,66150,132300,.wav,132344,bfb46861c07eb6af06d20329f9a2c6fe5e49417fc27ddf2aafb33aacd1f6282b,fb51ecbd64c6827182905d213cbad111bb239dae86edeac7aa133dc12d2e53be,0.44594845175743103,NORMAL,STANDARDIZED,,resampled from 22050 to 44100,
harmonium_000297.wav,1265.wav,harmonium,Harmonium,Harmonium\1265.wav,22050,44100,1,1,3.0,3.0,66150,132300,.wav,132344,6707db699ba5c820d7e7845f2a6e1373ef80d4724084fbc4dd27083de957e6bc,3c5cdeb6fb78812870b7827645ca7940f4e98ec33a65b156419566bfd8243f16,0.39743268489837646,NORMAL,STANDARDIZED,,resampled from 22050 to 44100,
harmonium_000298.wav,1266.wav,harmonium,Harmonium,Harmonium\1266.wav,22050,44100,1,1,3.0,3.0,66150,132300,.wav,132344,d6ca76af24b5582863f38e95185f13c1bddf8680ca65c6ffbb13e12fef52b7d5,5b13861ed1b2eb86a03d7e6236fbce3e022d4faaf1b2676efa6b01224b9e1b46,0.4167282283306122,NORMAL,STANDARDIZED,,resampled from 22050 to 44100,
harmonium_000299.wav,1267.wav,harmonium,Harmonium,Harmonium\1267.wav,22050,44100,1,1,3.0,3.0,66150,132300,.wav,132344,b0dda13f282851208b406137b43df494b6e20e2df938011c55b9c2ccdce07664,9a517f991865dbb63c65941ac66cb3f78725c854478eda303f00343b4730689a,0.3792305886745453,NORMAL,STANDARDIZED,,resampled from 22050 to 44100,
harmonium_000300.wav,1268.wav,harmonium,Harmonium,Harmonium\1268.wav,22050,44100,1,1,3.0,3.0,66150,132300,.wav,132344,f08fa8493a4687f2adfc3344e208b15522c141df60fa1294058d609f04b093bd,1f3e97f97fee324094d0a14faca4843e33fa713994c078479a1130f53b60f5c6,0.42243871092796326,NORMAL,STANDARDIZED,,resampled from 22050 to 44100,
harmonium_000301.wav,1269.wav,harmonium,Harmonium,Harmonium\1269.wav,22050,44100,1,1,3.0,3.0,66150,132300,.wav,132344,83e8c5fc553f4e027028a93f170ab71c36f6bea52206f26db03c43964a66b539,1676ffedf7ad976389b21be884813e2c407720aa7d79696acaf14659e8cafff2,0.4696054756641388,NORMAL,STANDARDIZED,,resampled from 22050 to 44100,
harmonium_000302.wav,127.wav,harmonium,Harmonium,Harmonium\127.wav,22050,44100,1,1,3.0,3.0,66150,132300,.wav,132344,f61a2fe1fd98a3690a6ffb5211b8fafbcbca803aa62acc85bdf0347cc0677351,c26b8021796140d5a43871d335ce81041e122bd2ce7cfee2a70b46f4256af741,0.3820594847202301,NORMAL,STANDARDIZED,,resampled from 22050 to 44100,
harmonium_000303.wav,1270.wav,harmonium,Harmonium,Harmonium\1270.wav,22050,44100,1,1,3.0,3.0,66150,132300,.wav,132344,428b3187c8c10abbe638aed5b03ab9daf8c28aa62d459fa302ad830c0e2c8ea3,93bbf2fb1f40222752db2a1908f4e09c4df8eaa7646724988c3a026da83b024d,0.4506983160972595,NORMAL,STANDARDIZED,,resampled from 22050 to 44100,
harmonium_000304.wav,1271.wav,harmonium,Harmonium,Harmonium\1271.wav,22050,44100,1,1,3.0,3.0,66150,132300,.wav,132344,cd5fc786358873cc6285e97d93de77cd2940f378b0b5b406541cc74a94fa6505,9a173524b7143b400ef6519b5c909e21421ab9c01ea509a9b3991a62537d8848,0.37550196051597595,NORMAL,STANDARDIZED,,resampled from 22050 to 44100,
harmonium_000305.wav,1272.wav,harmonium,Harmonium,Harmonium\1272.wav,22050,44100,1,1,3.0,3.0,66150,132300,.wav,132344,7f80a489eb3e4c2d6894b84007c19a64f6679304bd72b462aabba9567eadc090,b6fddf422da18bd2203b33995e054f4d8c3d82a649855446cd8a24200582e31c,0.4549170136451721,NORMAL,STANDARDIZED,,resampled from 22050 to 44100,
harmonium_000306.wav,1273.wav,harmonium,Harmonium,Harmonium\1273.wav,22050,44100,1,1,3.0,3.0,66150,132300,.wav,132344,6518dfe20b1afec40c7ec1501501a4fd84adce98afdb6223e935df016cc27b8d,64b4984058a23e1659b50e87e19d059b98cba55ed3ab29073bfd7534cee38abe,0.39402058720588684,NORMAL,STANDARDIZED,,resampled from 22050 to 44100,
harmonium_000307.wav,1274.wav,harmonium,Harmonium,Harmonium\1274.wav,22050,44100,1,1,3.0,3.0,66150,132300,.wav,132344,f8e672540fb70aebb83880f34b87916da9797d06870579a887707e55cec6ee31,d5c1368a210b83d1921f2d67d5ebf83a02e4e7ca9d183d3bac460709572abb7a,0.41684311628341675,NORMAL,STANDARDIZED,,resampled from 22050 to 44100,
harmonium_000308.wav,1275.wav,harmonium,Harmonium,Harmonium\1275.wav,22050,44100,1,1,3.0,3.0,66150,132300,.wav,132344,c18afa1b47269a8d37457255c257f1808fa97ff48a97e623674d584d659a83eb,61a3d0a6ca7d7374d95e5ecfc2c94d7bfe8b461f38b70ab5a66aa711d13d3ee1,0.3802730143070221,NORMAL,STANDARDIZED,,resampled from 22050 to 44100,
harmonium_000309.wav,1276.wav,harmonium,Harmonium,Harmonium\1276.wav,22050,44100,1,1,3.0,3.0,66150,132300,.wav,132344,c352cbc95089625d4e8ee645345d1a47b6a4ff65ce1b52fcf41e0b10affb9b6f,191b96eb2e99fdde7abf5013cea2c22532f09b6d76faa84366b9e69f20654304,0.42819944024086,NORMAL,STANDARDIZED,,resampled from 22050 to 44100,
harmonium_000310.wav,1277.wav,harmonium,Harmonium,Harmonium\1277.wav,22050,44100,1,1,3.0,3.0,66150,132300,.wav,132344,11e3166fc1182292600e90b5acc8bdd365e8c8185237f774d12e6809eb7ad88f,164f98f17028c00157da5620dd604c45e88675a05cb6dfffe8cf6f53a33b8fcb,0.45831847190856934,NORMAL,STANDARDIZED,,resampled from 22050 to 44100,
harmonium_000311.wav,1278.wav,harmonium,Harmonium,Harmonium\1278.wav,22050,44100,1,1,3.0,3.0,66150,132300,.wav,132344,a15ff9b60135a70407049abd95f632ec631ad2c32d412e064d2158768ff8339d,42dc182c3c02563c74413d5cf1b7e050b32d40e0a9dce44bc7be9b4aab3295d6,0.442064493894577,NORMAL,STANDARDIZED,,resampled from 22050 to 44100,
harmonium_000312.wav,1279.wav,harmonium,Harmonium,Harmonium\1279.wav,22050,44100,1,1,3.0,3.0,66150,132300,.wav,132344,a9bca90c45449f666c0e6b2e9f23b8251015ecf004dde0b417ba4e25342125f3,27d97ef745fcb0dc8c06ac649f8d04112727abfb49f98694a97d67cfbaba9a92,0.3714386224746704,NORMAL,STANDARDIZED,,resampled from 22050 to 44100,
harmonium_000313.wav,128.wav,harmonium,Harmonium,Harmonium\128.wav,22050,44100,1,1,3.0,3.0,66150,132300,.wav,132344,74600b2f9921c3b544ed3e29b2cd601d607b8e00cdf7152563db0b66f4aef7f2,bfe046ce78abf112d38f07c4cba63baa12d851687f9945497d6fa12766416189,0.3803918659687042,NORMAL,STANDARDIZED,,resampled from 22050 to 44100,
harmonium_000314.wav,1280.wav,harmonium,Harmonium,Harmonium\1280.wav,22050,44100,1,1,3.0,3.0,66150,132300,.wav,132344,ac1fb5615b8e9264dc7c435c3c1f730fc986e1049808708474e9ae69a40d1b05,3ba76c1de75ad3cbf25e3dd5a05186d579d0b7adff0b83f094be117439c7c548,0.4398888647556305,NORMAL,STANDARDIZED,,resampled from 22050 to 44100,
harmonium_000315.wav,1281.wav,harmonium,Harmonium,Harmonium\1281.wav,22050,44100,1,1,3.0,3.0,66150,132300,.wav,132344,38c05d5d8588408466037499b7c6103826ca64f356437f978362bdbc16a80f88,d9a5de2425f1b905b43b671890cb19b04c265a2415df936cac48f2059a3b749b,0.39849960803985596,NORMAL,STANDARDIZED,,resampled from 22050 to 44100,
harmonium_000316.wav,1282.wav,harmonium,Harmonium,Harmonium\1282.wav,22050,44100,1,1,3.0,3.0,66150,132300,.wav,132344,54bd046c7408cb473f9087c1bfc9734b0b53cc8948bf91b49828de7cb6a48872,afb4778556a36b7368c7da7f7551f20c7f9741a2b5e00517c8a4c6eb981cdef6,0.41829371452331543,NORMAL,STANDARDIZED,,resampled from 22050 to 44100,
harmonium_000317.wav,1283.wav,harmonium,Harmonium,Harmonium\1283.wav,22050,44100,1,1,3.0,3.0,66150,132300,.wav,132344,a84807b083aebcd86efc1d80f1467ef8ac0ae717b40ad1d14a59dcdaec62fe09,bcf6ab433a5a280f745ae094a1f273a338d5f5baac168d34eac07fb506b2cb6a,0.3785823881626129,NORMAL,STANDARDIZED,,resampled from 22050 to 44100,
harmonium_000318.wav,1284.wav,harmonium,Harmonium,Harmonium\1284.wav,22050,44100,1,1,3.0,3.0,66150,132300,.wav,132344,307a470121df2be45388118c9ea05e8ff56c363b4d786adb61d4516cb29c3d02,61b22d3b82e0b23ec403508bba069fd70d428245b7355accd7c096248aa16a67,0.42838284373283386,NORMAL,STANDARDIZED,,resampled from 22050 to 44100,
harmonium_000319.wav,1285.wav,harmonium,Harmonium,Harmonium\1285.wav,22050,44100,1,1,3.0,3.0,66150,132300,.wav,132344,e877ba699fd37d93edc6271696be22eefac33a328df6a409325c2aa9921b0b07,586b77e711e5e0d2564975902635d2119b2f40cd1f44f9f507af7edc67c29a68,0.4625592529773712,NORMAL,STANDARDIZED,,resampled from 22050 to 44100,
harmonium_000320.wav,1286.wav,harmonium,Harmonium,Harmonium\1286.wav,22050,44100,1,1,3.0,3.0,66150,132300,.wav,132344,cccd4ddbc7179df68c0985ee06e1a5f01bd3a4a2c47df96eac78217fdccfbba1,12a8b1602967e60d2076763ee83492c6d4dc2935f929ea7a7a4296e0a94d88b7,0.43711379170417786,NORMAL,STANDARDIZED,,resampled from 22050 to 44100,
harmonium_000321.wav,1287.wav,harmonium,Harmonium,Harmonium\1287.wav,22050,44100,1,1,3.0,3.0,66150,132300,.wav,132344,8b71aba5c50ec61f7c040a637597683bfa52d77d9fe8274e6dc0094523aab826,22a6b41d33d751589f4067067b2d13c323dd276637d9de68e1d6a150a71e7392,0.37472423911094666,NORMAL,STANDARDIZED,,resampled from 22050 to 44100,
harmonium_000322.wav,1288.wav,harmonium,Harmonium,Harmonium\1288.wav,22050,44100,1,1,3.0,3.0,66150,132300,.wav,132344,bd22d1ed1c7e717d3f636afd53313cef4f7b2537d8ac0343bd9b7d794d4f394f,a26424881c2bb9615f3c7f8e128aa6f26577e2ec57f9d0723ac850458e4f43c0,0.43314388394355774,NORMAL,STANDARDIZED,,resampled from 22050 to 44100,
harmonium_000323.wav,1289.wav,harmonium,Harmonium,Harmonium\1289.wav,22050,44100,1,1,3.0,3.0,66150,132300,.wav,132344,0b0a773b744de64144d2d71b5e32416b7dd2d6c2aa2ba747f245ee38699f3a25,371b59a30030074cbae3e8b3d40247892c2a9adc83b1587c9bff59b8a2f2b36f,0.39984598755836487,NORMAL,STANDARDIZED,,resampled from 22050 to 44100,
harmonium_000324.wav,129.wav,harmonium,Harmonium,Harmonium\129.wav,22050,44100,1,1,3.0,3.0,66150,132300,.wav,132344,9ed6b60f19a18d29bd2f6120104bb172059a9d0717ba2614620e637774de4e64,d8233dcacc36e70328556a6b85c4b2f077b1a93b7bb4ad78443a119142fc81ac,0.3830942213535309,NORMAL,STANDARDIZED,,resampled from 22050 to 44100,
harmonium_000325.wav,1290.wav,harmonium,Harmonium,Harmonium\1290.wav,22050,44100,1,1,3.0,3.0,66150,132300,.wav,132344,526e3db0653a6346f000ba8524fc979e1141d5a5119bc0d878a27ef018c0e0d3,af7da3e8b2f7005a5b2070534097d0848248bc8e5ccfc7937fbd10e6f9f67c05,0.4214893877506256,NORMAL,STANDARDIZED,,resampled from 22050 to 44100,
harmonium_000326.wav,1291.wav,harmonium,Harmonium,Harmonium\1291.wav,22050,44100,1,1,3.0,3.0,66150,132300,.wav,132344,987f364476e131086a8c3edb6e1b1d6662cb615a0c6a6723321c7bd6c5b5dbbb,b42cfe6683912c04159d324400e1579dbebe6019b9638e4246ce787b069381c9,0.3735598027706146,NORMAL,STANDARDIZED,,resampled from 22050 to 44100,
harmonium_000327.wav,1292.wav,harmonium,Harmonium,Harmonium\1292.wav,22050,44100,1,1,3.0,3.0,66150,132300,.wav,132344,4a57326a0a49d72a59e62f76eab013d90fa53baa9db54c24f2ae1ef7babf92fc,efd5b835b830a059216e6e681c7572c72feea6dfd07b50df2a4a99377852769d,0.43406999111175537,NORMAL,STANDARDIZED,,resampled from 22050 to 44100,
harmonium_000328.wav,1293.wav,harmonium,Harmonium,Harmonium\1293.wav,22050,44100,1,1,3.0,3.0,66150,132300,.wav,132344,aca7698bb784eb69083324b1ca3fa5bb6a3c5b13f8284e6e90cf85325f1884af,2fca38729e741f14e402f66597a6c50b6ac2e061bf80932d3462d46fb2415501,0.466327041387558,NORMAL,STANDARDIZED,,resampled from 22050 to 44100,
harmonium_000329.wav,1294.wav,harmonium,Harmonium,Harmonium\1294.wav,22050,44100,1,1,3.0,3.0,66150,132300,.wav,132344,2836f6cd4a95cb230ac184fdcef709749beef215e37c9cfadf05fd468e330fd2,1df0d52507cf2393c3cba5bf4e426ec2752d537c4a566c997e008558a87d9c85,0.44138363003730774,NORMAL,STANDARDIZED,,resampled from 22050 to 44100,
harmonium_000330.wav,1295.wav,harmonium,Harmonium,Harmonium\1295.wav,22050,44100,1,1,3.0,3.0,66150,132300,.wav,132344,80cae6c61ea1039159b1bbe4a2c2f7ed699623d07cc1126721b63ef4749e8d48,48ec3079424e94c21e26773cdc6c3509476035b6bc841b5d4b4eaeb3cc4d1bbf,0.37242624163627625,NORMAL,STANDARDIZED,,resampled from 22050 to 44100,
harmonium_000331.wav,1296.wav,harmonium,Harmonium,Harmonium\1296.wav,22050,44100,1,1,3.0,3.0,66150,132300,.wav,132344,dae4ca70427b8faa41629d5c72c965f53621061f6542e4736038922f64477f5c,ca5b7d3fd64425930b085afdf000559164fb772150dc463eb9c304df0eee3c5a,0.4468810260295868,NORMAL,STANDARDIZED,,resampled from 22050 to 44100,
harmonium_000332.wav,1297.wav,harmonium,Harmonium,Harmonium\1297.wav,22050,44100,1,1,3.0,3.0,66150,132300,.wav,132344,6eac73cbcaab88a1ef8c3d956b8b02d17af719c6f79e25d9c1215b0c2c65e6a8,b09bd1a955669cb3abcab6fd4d9720c3380fdd320cd04d1c44664dda7e3deb00,0.39879387617111206,NORMAL,STANDARDIZED,,resampled from 22050 to 44100,
harmonium_000333.wav,1298.wav,harmonium,Harmonium,Harmonium\1298.wav,22050,44100,1,1,3.0,3.0,66150,132300,.wav,132344,ba7e7954649c48b4b28e39d540a5250b19d58b93a4d1e3df9a4347defc953d1e,720a775fa9f972182d91566021819c4b3a9c58f1c6651def44efc83b87bdc3da,0.421001672744751,NORMAL,STANDARDIZED,,resampled from 22050 to 44100,
harmonium_000334.wav,1299.wav,harmonium,Harmonium,Harmonium\1299.wav,22050,44100,1,1,3.0,3.0,66150,132300,.wav,132344,cd44b07db023d06b042ecb2ad08ca54a56f256fd7e9d3b38eba06d1979ebb6b7,573bfda6a2c81aba782548245684c07a21ffd095ddcc39b8ed051a00c607f0a0,0.37961921095848083,NORMAL,STANDARDIZED,,resampled from 22050 to 44100,
harmonium_000335.wav,13.wav,harmonium,Harmonium,Harmonium\13.wav,22050,44100,1,1,3.0,3.0,66150,132300,.wav,132344,8de976f74480aaea8e05237e2e315851a0689a10ba65da617dc24fe3052d5228,c7006549514c0067ae04c17bfe96037584a4ba08250ebd7e19317c40afa53705,0.37830957770347595,NORMAL,STANDARDIZED,,resampled from 22050 to 44100,
harmonium_000336.wav,130.wav,harmonium,Harmonium,Harmonium\130.wav,22050,44100,1,1,3.0,3.0,66150,132300,.wav,132344,be0f775c61c81a5a2ecdde22af906f5685368e5b40561b552221d8ef71b9e7fb,31645be6ebaccf2af4fe5bc29ed1dda242689ebfc679fa4bfaa44add9bfe9cfc,0.4285675585269928,NORMAL,STANDARDIZED,,resampled from 22050 to 44100,
harmonium_000337.wav,1300.wav,harmonium,Harmonium,Harmonium\1300.wav,22050,44100,1,1,3.0,3.0,66150,132300,.wav,132344,51ff841ee654fdddf8bafc36780a6283f19379cc841cacf379a9f41de414dc37,54baa6020741e6559a1a7bf94b55d04d508ccf6104ba5b91f447ff70c0265190,0.4251786172389984,NORMAL,STANDARDIZED,,resampled from 22050 to 44100,
harmonium_000338.wav,1301.wav,harmonium,Harmonium,Harmonium\1301.wav,22050,44100,1,1,3.0,3.0,66150,132300,.wav,132344,64b1c7845dc1770d33bd3d4faa06caa4ca22092d31556a818e9f5663b69fb6c1,6854d0c9d1cef174f785f31f27b3d2ed3b4f4c42bd4a45418626d07607f14f10,0.46472084522247314,NORMAL,STANDARDIZED,,resampled from 22050 to 44100,
harmonium_000339.wav,1302.wav,harmonium,Harmonium,Harmonium\1302.wav,22050,44100,1,1,3.0,3.0,66150,132300,.wav,132344,b1177440b65663e9810a5ebb2e4710f799ca21fa03c01622c894a7daf2942aba,302318ec5a81ca7a83ea8d9ff0eaf0f426dee25c055359feac7af9b688abda51,0.4386518895626068,NORMAL,STANDARDIZED,,resampled from 22050 to 44100,
harmonium_000340.wav,1303.wav,harmonium,Harmonium,Harmonium\1303.wav,22050,44100,1,1,3.0,3.0,66150,132300,.wav,132344,d27078fade2f3c30d07ad116021767d0c97c276d396397d968851f6025adb65f,8d278b82ae225f75a1f06978b4fca8b684ae15a2720fcc9e097c1d0b420035b1,0.3679782748222351,NORMAL,STANDARDIZED,,resampled from 22050 to 44100,
harmonium_000341.wav,1304.wav,harmonium,Harmonium,Harmonium\1304.wav,22050,44100,1,1,3.0,3.0,66150,132300,.wav,132344,b58a2c7b41f9c15e06c32487ff698a714413b4a0010c6850be1cd1a8191a58fb,d9ca55b5e1b6bd5ae8a6e6294ce38310d3661d852f39a76b5060645b1f538aaa,0.44371023774147034,NORMAL,STANDARDIZED,,resampled from 22050 to 44100,
harmonium_000342.wav,1305.wav,harmonium,Harmonium,Harmonium\1305.wav,22050,44100,1,1,3.0,3.0,66150,132300,.wav,132344,8b4acff8dc8466d42db56026b65d18f92ec94d725cc5c0081c2ca0ae1e8634db,22821feb41800f1c84af04ee595617a10b51eb3a4a660fde3a57f30624dc17ea,0.39565640687942505,NORMAL,STANDARDIZED,,resampled from 22050 to 44100,
harmonium_000343.wav,1306.wav,harmonium,Harmonium,Harmonium\1306.wav,22050,44100,1,1,3.0,3.0,66150,132300,.wav,132344,5b3e47a270ad229c248d9d35b12063c9930e42f570deb1e1d2f6118845b8b3e0,dafbb01a35c5c58062b9f24f494c26cd479d353197c5b0e3be19a941d7fb5ada,0.4164327085018158,NORMAL,STANDARDIZED,,resampled from 22050 to 44100,
harmonium_000344.wav,1307.wav,harmonium,Harmonium,Harmonium\1307.wav,22050,44100,1,1,3.0,3.0,66150,132300,.wav,132344,8ae38fbce6f4636c888694b6a8a598f056cf6f22983d43a4879b02958cb931f3,86786feebd25237555b4f79ebac3cf6862a735f11f9a957656f0d92432149c81,0.3822895884513855,NORMAL,STANDARDIZED,,resampled from 22050 to 44100,
harmonium_000345.wav,1308.wav,harmonium,Harmonium,Harmonium\1308.wav,22050,44100,1,1,3.0,3.0,66150,132300,.wav,132344,1fa03e451e1eeafeb2c5f223505e1cf3d5feeddff5c71a6cffbcffb6bd65346f,f60a5f453e2b96965697ce8424fc1084c991f3a11ecdb080d9f0a4afd6228909,0.42160624265670776,NORMAL,STANDARDIZED,,resampled from 22050 to 44100,
harmonium_000346.wav,1309.wav,harmonium,Harmonium,Harmonium\1309.wav,22050,44100,1,1,3.0,3.0,66150,132300,.wav,132344,078aa27398628a1182ac2f3eb545ccaed00f05ecaf2f5a56007c4057f2e24ae3,a4025a954ed6b5c831df5ad1b0a8176fac3a7c7466d074effc68c7a93144e202,0.46653398871421814,NORMAL,STANDARDIZED,,resampled from 22050 to 44100,
harmonium_000347.wav,131.wav,harmonium,Harmonium,Harmonium\131.wav,22050,44100,1,1,3.0,3.0,66150,132300,.wav,132344,b94e04fcbbc850fd2b0ac3e5f6d14c8c21b101da1d874f536e0c175d768d0aac,1393c5b85ff60bc59acf3d070976c0f9067df720ea5d50c786aa8d3fad64c0fb,0.3841109871864319,NORMAL,STANDARDIZED,,resampled from 22050 to 44100,
harmonium_000348.wav,1310.wav,harmonium,Harmonium,Harmonium\1310.wav,22050,44100,1,1,3.0,3.0,66150,132300,.wav,132344,65960004c86e3a98fbdfa5e322370097eeb113346129d53721053d96b75cd376,7043c79c5ddba12cb7357b317f74c6b74a1261deeca055918d19654afdb55324,0.44679832458496094,NORMAL,STANDARDIZED,,resampled from 22050 to 44100,
harmonium_000349.wav,1311.wav,harmonium,Harmonium,Harmonium\1311.wav,22050,44100,1,1,3.0,3.0,66150,132300,.wav,132344,da0236c56951d07187cdfef614be8c288c83841e673b67c4d867cfa85351ffd2,b0cbaaae0d06a073382c4736b82d540eeb861da3906577ee5cb2c6821324ac86,0.375711590051651,NORMAL,STANDARDIZED,,resampled from 22050 to 44100,
harmonium_000350.wav,1312.wav,harmonium,Harmonium,Harmonium\1312.wav,22050,44100,1,1,3.0,3.0,66150,132300,.wav,132344,2e353d0cc6d54a7c3c91e23cce8dd0ade49bfc854d05d0498f6f2075147e6b55,7c3c225694307b8bfa5b42185ca43dc641db635eabd11ecc976f4a0fbd92f6cc,0.4576578438282013,NORMAL,STANDARDIZED,,resampled from 22050 to 44100,
harmonium_000351.wav,1313.wav,harmonium,Harmonium,Harmonium\1313.wav,22050,44100,1,1,3.0,3.0,66150,132300,.wav,132344,2db9aca9e12a576d20d5ef6a9243b9f6d5686b11edff4b1b673ae2d1f4c899a1,39a4fe7951ffe73acfc003ae9f6873c5fbc727757b63d1b3da706e3b5e8f0cc7,0.34066784381866455,NORMAL,STANDARDIZED,,resampled from 22050 to 44100,
harmonium_000352.wav,1314.wav,harmonium,Harmonium,Harmonium\1314.wav,22050,44100,1,1,3.0,3.0,66150,132300,.wav,132344,02d9c27783d28b8e7f652689c8480dffb78ca553b320db47279a8d83b0d0fd66,b79a87464b4b27f94451c8f5d75f2de8032cc0ec8e4aa6dc0f28102f3ea98a7f,0.1279042512178421,NORMAL,STANDARDIZED,,resampled from 22050 to 44100,
harmonium_000353.wav,132.wav,harmonium,Harmonium,Harmonium\132.wav,22050,44100,1,1,3.0,3.0,66150,132300,.wav,132344,a32a2bbc1858653cebfd47c578c791c4a260fb03d8ce45d4af0489c71f6bd70f,a2b73e45a21cb1bad3c88dcad2384ac1e150b60a8d4baa8b2817128a3a8d99fc,0.37771785259246826,NORMAL,STANDARDIZED,,resampled from 22050 to 44100,
harmonium_000354.wav,133.wav,harmonium,Harmonium,Harmonium\133.wav,22050,44100,1,1,3.0,3.0,66150,132300,.wav,132344,398787052ede726d2c676a449c215497068dd033ed08cdc8054fb146f94fc166,9e251bbc1291f201a891b8c830c92ddcf05a8b713f4caecb7c7edfb535ea6f58,0.381617933511734,NORMAL,STANDARDIZED,,resampled from 22050 to 44100,
harmonium_000355.wav,134.wav,harmonium,Harmonium,Harmonium\134.wav,22050,44100,1,1,3.0,3.0,66150,132300,.wav,132344,82f48b4dff6b5f6abdd8265ebb0d48608adef750b61770fa62116fb863000b5e,fa8af7ecc33ccc71f526b6da732c9846885b9297d58e31ad6bf5fa19084c826a,0.42727145552635193,NORMAL,STANDARDIZED,,resampled from 22050 to 44100,
harmonium_000356.wav,135.wav,harmonium,Harmonium,Harmonium\135.wav,22050,44100,1,1,3.0,3.0,66150,132300,.wav,132344,2e144432ad7a2609db1d54ef798b0b09031073d2a021b8e7618e36612bda15ba,0800667748b0d87c626a2b8840bbb20ee20f88fe2b3e298d5f5905feabeb02b6,0.3873930871486664,NORMAL,STANDARDIZED,,resampled from 22050 to 44100,
harmonium_000357.wav,136.wav,harmonium,Harmonium,Harmonium\136.wav,22050,44100,1,1,3.0,3.0,66150,132300,.wav,132344,8ab8fa70a1553d268ca9b1da093cce63f2fcf9b5aa99751d0b01bdd2639e566e,6611f257ddcd1164a677bdcc018f492fd06f7e9a480ad3cb44c255a7206c784c,0.3780900239944458,NORMAL,STANDARDIZED,,resampled from 22050 to 44100,
harmonium_000358.wav,137.wav,harmonium,Harmonium,Harmonium\137.wav,22050,44100,1,1,3.0,3.0,66150,132300,.wav,132344,50dff07457824e0fa799961df424d1f9d166aa7592bf9df6de6702bf39dea176,bfd9a47eda44c97ce7000b03625eb86772156a2571e92a6e56ef31cdc5674faf,0.3769557476043701,NORMAL,STANDARDIZED,,resampled from 22050 to 44100,
harmonium_000359.wav,138.wav,harmonium,Harmonium,Harmonium\138.wav,22050,44100,1,1,3.0,3.0,66150,132300,.wav,132344,936596b7ea24fdad15ef3e3a56de062f7a8577197190064216c4267f467cea14,fc4cd64a217f141d0c3063d507d10ab1ba838028d80db84feff97d88fb7de51b,0.42969146370887756,NORMAL,STANDARDIZED,,resampled from 22050 to 44100,
harmonium_000360.wav,139.wav,harmonium,Harmonium,Harmonium\139.wav,22050,44100,1,1,3.0,3.0,66150,132300,.wav,132344,6c7535630e48bb708523b5fb1b9dc40f600182c0539ac711323ab169959f360b,75fdf66c0bfefc4148dc7fb5377ad1106d0fc2d8ed62b71f16395fde51a51b1b,0.38551411032676697,NORMAL,STANDARDIZED,,resampled from 22050 to 44100,
harmonium_000361.wav,14.wav,harmonium,Harmonium,Harmonium\14.wav,22050,44100,1,1,3.0,3.0,66150,132300,.wav,132344,e6a9a1e9f590f85329bb81b6afc81372305d6c93c2befa484c1f69fc564a3154,a6d0a4aa5f46ebf52c03fbe870e4992367fa44e60b52d51106bf69e4c5205518,0.4337365925312042,NORMAL,STANDARDIZED,,resampled from 22050 to 44100,
harmonium_000362.wav,140.wav,harmonium,Harmonium,Harmonium\140.wav,22050,44100,1,1,3.0,3.0,66150,132300,.wav,132344,3a45472ca8f0a143db18ffc42da85042494e577abf8ead1f12695ca6a67049a7,bb4c1454e1022c482cf00e87f63ab9a8dfc2362840f8760108a051af3e23e916,0.38313013315200806,NORMAL,STANDARDIZED,,resampled from 22050 to 44100,
harmonium_000363.wav,141.wav,harmonium,Harmonium,Harmonium\141.wav,22050,44100,1,1,3.0,3.0,66150,132300,.wav,132344,df70d82de664465463eb4ac1c25e512806cb9ac73624dda908cd9a4647448851,14dcea4bab405ff14f4c9794bbde4c3db25031986b06a7c8f400facd3dd8f5c9,0.3783514201641083,NORMAL,STANDARDIZED,,resampled from 22050 to 44100,
harmonium_000364.wav,142.wav,harmonium,Harmonium,Harmonium\142.wav,22050,44100,1,1,3.0,3.0,66150,132300,.wav,132344,9769dc844e1e0edc1d41791f578ddec0e285d31301767a54b9d40d51fe572bed,ff770cda5159e8d6d45100b19d5760322556c56cfb621ba5cbe502e5ec5dacf9,0.4337174594402313,NORMAL,STANDARDIZED,,resampled from 22050 to 44100,
harmonium_000365.wav,143.wav,harmonium,Harmonium,Harmonium\143.wav,22050,44100,1,1,3.0,3.0,66150,132300,.wav,132344,dc70e181d6c44b1b477d45cfe4d675c0cb87728eb9555f1ccae562f80911dd84,a8090686aa674a3843c667a60a7c1727e0a798f2b965e442166e1dc7ebb0e037,0.3822457790374756,NORMAL,STANDARDIZED,,resampled from 22050 to 44100,
harmonium_000366.wav,144.wav,harmonium,Harmonium,Harmonium\144.wav,22050,44100,1,1,3.0,3.0,66150,132300,.wav,132344,cec4a44d81b87cecf04aa7ffc3fe4325bb9543638e1317234c6a65dbbbc0bb69,820e545fa8bf0937c7d55b082dec90ff98638d14f5142d36753b8282815b8476,0.3806562125682831,NORMAL,STANDARDIZED,,resampled from 22050 to 44100,
harmonium_000367.wav,145.wav,harmonium,Harmonium,Harmonium\145.wav,22050,44100,1,1,3.0,3.0,66150,132300,.wav,132344,c30792529d1eae70eb7ceb9423a5f007c0338ba7f183335a987dda282c3fa6bd,af20cc2452f157620853dbd46ac8d62014e5f68c7edd71153133ff0f16975d74,0.3830125331878662,NORMAL,STANDARDIZED,,resampled from 22050 to 44100,
harmonium_000368.wav,146.wav,harmonium,Harmonium,Harmonium\146.wav,22050,44100,1,1,3.0,3.0,66150,132300,.wav,132344,ef99d0e9b68b0a74cbf4ed47daa652ce4b20d92d053175b4c36c9370b1dfb4e3,8a100a2ef2f2283593d736213eab73ba6057e38785a6120a4124396bb4167b41,0.42863646149635315,NORMAL,STANDARDIZED,,resampled from 22050 to 44100,
harmonium_000369.wav,147.wav,harmonium,Harmonium,Harmonium\147.wav,22050,44100,1,1,3.0,3.0,66150,132300,.wav,132344,0414ba3e9990f5537fc21ba5add1dbd888ab4d83412d48398cf5a8397e3c038a,020ad51fffd8f26ac510d1f4a85e420d087db779350c0a062dfbbfb4fd7cde9b,0.38406020402908325,NORMAL,STANDARDIZED,,resampled from 22050 to 44100,
harmonium_000370.wav,148.wav,harmonium,Harmonium,Harmonium\148.wav,22050,44100,1,1,3.0,3.0,66150,132300,.wav,132344,5cb15e71a1c39e159d9d6ff6b06dfd1484bf5609a3cf14eeea97faf8794773d7,3bbcf994cd29f8235a3191a23c20fb21017482459015651a4231b99b08c63019,0.37797054648399353,NORMAL,STANDARDIZED,,resampled from 22050 to 44100,
harmonium_000371.wav,149.wav,harmonium,Harmonium,Harmonium\149.wav,22050,44100,1,1,3.0,3.0,66150,132300,.wav,132344,827ff1f67b8daa34af39a7b8809a7f84b5a043b1ac071472d0a5eac92d9dbb4a,5c6518ec980f031ff9adcad59ddae5e05094e705b16f12006106e2bfd6f73d09,0.3817974627017975,NORMAL,STANDARDIZED,,resampled from 22050 to 44100,
harmonium_000372.wav,15.wav,harmonium,Harmonium,Harmonium\15.wav,22050,44100,1,1,3.0,3.0,66150,132300,.wav,132344,10fedb55a44d7f638049d7ce66be689540a6111bfeb5f37a875bcf0bd12837e8,6ad03f5db605c505eb026b400160273d5a6e04fb48ae293a2940c9cdc9f73d39,0.38197723031044006,NORMAL,STANDARDIZED,,resampled from 22050 to 44100,
harmonium_000373.wav,150.wav,harmonium,Harmonium,Harmonium\150.wav,22050,44100,1,1,3.0,3.0,66150,132300,.wav,132344,f79da66d61b62072bc59938a140c86d8b33382c82f3fda60950346ebabf4dfa8,336354200e1524f75c7f71577724cb425aea657162411c5d0682c3d064b1126f,0.4272347092628479,NORMAL,STANDARDIZED,,resampled from 22050 to 44100,
harmonium_000374.wav,151.wav,harmonium,Harmonium,Harmonium\151.wav,22050,44100,1,1,3.0,3.0,66150,132300,.wav,132344,11bd0998eade883b01c2ac8003c96ea66b8024764ee07049b460afe33241d145,38e91a3e1c439b1ecab0497c0fa04be632982bfd341b830ee909b12fad2ac679,0.38733237981796265,NORMAL,STANDARDIZED,,resampled from 22050 to 44100,
harmonium_000375.wav,152.wav,harmonium,Harmonium,Harmonium\152.wav,22050,44100,1,1,3.0,3.0,66150,132300,.wav,132344,7e674d361eab2cb14a42d345a4c16e51761a67238f9b74d7cae22d9ee7501e81,ca7b154a54f1b2ac26990fdca04fff3f86b4ff1b224a1b4e5386c9ec3a8220ec,0.3781384825706482,NORMAL,STANDARDIZED,,resampled from 22050 to 44100,
harmonium_000376.wav,153.wav,harmonium,Harmonium,Harmonium\153.wav,22050,44100,1,1,3.0,3.0,66150,132300,.wav,132344,1116fcf9ba9dad1ebecb8193604ccf58fbc5e9ba57e7273e6af3159d9b4ad2cb,626b6c6c089254e12b5b3cfac59a21f1574fbe3ba286fc7e78765762c33f4b5a,0.3770415782928467,NORMAL,STANDARDIZED,,resampled from 22050 to 44100,
harmonium_000377.wav,154.wav,harmonium,Harmonium,Harmonium\154.wav,22050,44100,1,1,3.0,3.0,66150,132300,.wav,132344,d785dda5a06b53f273a0b70144268baa3b6c6c768ba4f62b33190185b15837d8,066c63cf9a82147e87b77a4275a3215a1a684db3b367a0067865d61baeece4e8,0.4296664893627167,NORMAL,STANDARDIZED,,resampled from 22050 to 44100,
harmonium_000378.wav,155.wav,harmonium,Harmonium,Harmonium\155.wav,22050,44100,1,1,3.0,3.0,66150,132300,.wav,132344,350bf2d09a337dab0a0486c13b1d3e1f5e18cfe3a8790ecc7c6f5f21d46a8fb7,60fe4a02b50513b742e4bb9c3ec4fae67327f9a7dfbdab4f1223c5bb8c745176,0.3854173719882965,NORMAL,STANDARDIZED,,resampled from 22050 to 44100,
harmonium_000379.wav,156.wav,harmonium,Harmonium,Harmonium\156.wav,22050,44100,1,1,3.0,3.0,66150,132300,.wav,132344,93c34d0ee6b2db308624cd261db6ab86611cac1578ec443a9094354004310279,813099fdba8c842712427ff199e3b4cc384a05c3bb5b40f02dcff134dde8d201,0.383025199174881,NORMAL,STANDARDIZED,,resampled from 22050 to 44100,
harmonium_000380.wav,157.wav,harmonium,Harmonium,Harmonium\157.wav,22050,44100,1,1,3.0,3.0,66150,132300,.wav,132344,fefd225a78eb665c57e3e685f84efb8a11c1b54608010d7e2ab4c8cd9fd01225,14481d18d7a0c60b3dc8bbdcb759327c8beb43b7953692bbfb200f7cd385fabf,0.37815549969673157,NORMAL,STANDARDIZED,,resampled from 22050 to 44100,
harmonium_000381.wav,158.wav,harmonium,Harmonium,Harmonium\158.wav,22050,44100,1,1,3.0,3.0,66150,132300,.wav,132344,cff8a7adc8150a27a9e81eaa25063ee7dda1d6dc09f779d314ed4babc0db26a3,550dd9452c8ed899f0cd419067787ccfb2c2c277c1558760efeaf24b6235d98c,0.43371766805648804,NORMAL,STANDARDIZED,,resampled from 22050 to 44100,
harmonium_000382.wav,159.wav,harmonium,Harmonium,Harmonium\159.wav,22050,44100,1,1,3.0,3.0,66150,132300,.wav,132344,c1afc10eca3af1f069e41b6b4a8f0063e50f19fb00274e0da01a4130d0f790e6,b9759862c0af12771d0ec8437cb44eb132ad808835bda56ecdccccb597d3f8b7,0.3822510838508606,NORMAL,STANDARDIZED,,resampled from 22050 to 44100,
harmonium_000383.wav,16.wav,harmonium,Harmonium,Harmonium\16.wav,22050,44100,1,1,3.0,3.0,66150,132300,.wav,132344,58b8a923dffae0aa0e57dfe352def015d3c001d3b436516e3b087ce988c1e110,aa42f2e32f55e58ad5614a9d8eff6c3216d4d0017a0ea2c44365b869d80f20d3,0.38047587871551514,NORMAL,STANDARDIZED,,resampled from 22050 to 44100,
harmonium_000384.wav,160.wav,harmonium,Harmonium,Harmonium\160.wav,22050,44100,1,1,3.0,3.0,66150,132300,.wav,132344,a048b27a45d1fb989a9146ccbeb0e3637293b430f719d4fd486d03d868253150,318ef24f34d49ce2060431307c06568f206497b7892361482d8e16eee6124b11,0.38046056032180786,NORMAL,STANDARDIZED,,resampled from 22050 to 44100,
harmonium_000385.wav,161.wav,harmonium,Harmonium,Harmonium\161.wav,22050,44100,1,1,3.0,3.0,66150,132300,.wav,132344,9bf9c4fa1a1a8c4b62e575247118c499dc104dcd31e3674e6dbbcc96df319afd,e980bdb895293d54d90ffe4c50f9cbe83fd6d8f21990d392bc6a64658fa5f87e,0.3830646276473999,NORMAL,STANDARDIZED,,resampled from 22050 to 44100,
harmonium_000386.wav,162.wav,harmonium,Harmonium,Harmonium\162.wav,22050,44100,1,1,3.0,3.0,66150,132300,.wav,132344,04421f6a81d70742436122cea5ae8f1e4a0806a4a616d15b6197599ec500f60c,03c6fb9ee13e8b30e808f92af736fec908e08a38a3ae719582586fe0f4128f8d,0.42856743931770325,NORMAL,STANDARDIZED,,resampled from 22050 to 44100,
harmonium_000387.wav,163.wav,harmonium,Harmonium,Harmonium\163.wav,22050,44100,1,1,3.0,3.0,66150,132300,.wav,132344,65a97d1a730f57d439f5f168dd898645647be563b4e18fce3ccee876af4fcacf,96b50f4bb6b366f9cbd00f578800dead5fb73497d9956e9584ce0c1ed2c85ade,0.3840237259864807,NORMAL,STANDARDIZED,,resampled from 22050 to 44100,
harmonium_000388.wav,164.wav,harmonium,Harmonium,Harmonium\164.wav,22050,44100,1,1,3.0,3.0,66150,132300,.wav,132344,549b17ca4d7f6b2a7fddbcf2aa9ef1ca40fbf950d8dbcddb2be7b64125bb9d1e,39f4beb578758c4580eb108ef90d9531f638ff3aedca6d6735e11915e7c5512e,0.37779733538627625,NORMAL,STANDARDIZED,,resampled from 22050 to 44100,
harmonium_000389.wav,165.wav,harmonium,Harmonium,Harmonium\165.wav,22050,44100,1,1,3.0,3.0,66150,132300,.wav,132344,abdb3922a8468958b0cf5882dd3be10fce202b19e50968a7f80d901e5d0dfeca,9ba359ed55beff41981e16a1ff4aaecfdab5d743f12cb1e383937e2f1d336891,0.38168075680732727,NORMAL,STANDARDIZED,,resampled from 22050 to 44100,
harmonium_000390.wav,166.wav,harmonium,Harmonium,Harmonium\166.wav,22050,44100,1,1,3.0,3.0,66150,132300,.wav,132344,745be8d1100d16ccda55c5541380a61a12bcbfd2b9b60af89f6b56e1a8f7c6b7,77e11236bd80b5bad9e5a6ee3a9d16e83b8a97fa9b3700e34f7c6aad102b6ac9,0.4273502230644226,NORMAL,STANDARDIZED,,resampled from 22050 to 44100,
harmonium_000391.wav,167.wav,harmonium,Harmonium,Harmonium\167.wav,22050,44100,1,1,3.0,3.0,66150,132300,.wav,132344,a57dfe50de48d8b37f0d49a3537b37bdf343b81a045d5a267e7d4f174fb0cd9e,709dd245527e361f3291faf935e0b77cbf2b067418aced1fe9becf5630beac1e,0.3871150016784668,NORMAL,STANDARDIZED,,resampled from 22050 to 44100,
harmonium_000392.wav,168.wav,harmonium,Harmonium,Harmonium\168.wav,22050,44100,1,1,3.0,3.0,66150,132300,.wav,132344,24ac7dac0903a4168e5c270d9bdbaac87f11e44168dfa12952fc2c412e4895ee,5d372da9c3fdd5bb868742384ea2fec2c6e5b017d9f7478ae0a5b8afeb817d61,0.3781569004058838,NORMAL,STANDARDIZED,,resampled from 22050 to 44100,
harmonium_000393.wav,169.wav,harmonium,Harmonium,Harmonium\169.wav,22050,44100,1,1,3.0,3.0,66150,132300,.wav,132344,8e4e634c0db69dc95c789ca6a477ae66fae03e0baf5ad105bf24937d5badd070,bd450248f1398af474faebcb601d4d697bb479b2afebefbe49dd8c36ef3bdf7e,0.37701746821403503,NORMAL,STANDARDIZED,,resampled from 22050 to 44100,
harmonium_000394.wav,17.wav,harmonium,Harmonium,Harmonium\17.wav,22050,44100,1,1,3.0,3.0,66150,132300,.wav,132344,e6280b16e1fa86bf4a826434a76d8afb5122ec2174b8baeb33d41e236bc04cc2,a3e8b6910142369136a77cf685bbd8a48614b5aa9a35e698c6dc7b704d33444b,0.38285890221595764,NORMAL,STANDARDIZED,,resampled from 22050 to 44100,
harmonium_000395.wav,170.wav,harmonium,Harmonium,Harmonium\170.wav,22050,44100,1,1,3.0,3.0,66150,132300,.wav,132344,ee6e67ce23fb5f9bf3656b4e5dcc5014b65af147275a0161b7dc00dd4a92b137,b0f414b78ccd77a9027de308f926a71245ae79d4ca56aca2c45506afa4c70cf7,0.42962154746055603,NORMAL,STANDARDIZED,,resampled from 22050 to 44100,
harmonium_000396.wav,171.wav,harmonium,Harmonium,Harmonium\171.wav,22050,44100,1,1,3.0,3.0,66150,132300,.wav,132344,f68f0fdbf81ff1c59018e37bea3f6017720d70ca2151f39035c41bf14d589237,501dcb2f05822fe75faac2b7d3ae72c2c244dc6860818abdfa57f5babc464698,0.3855060040950775,NORMAL,STANDARDIZED,,resampled from 22050 to 44100,
harmonium_000397.wav,172.wav,harmonium,Harmonium,Harmonium\172.wav,22050,44100,1,1,3.0,3.0,66150,132300,.wav,132344,556fdd762189fbacf45b11db1d3d9103351eca2edc1f6a3a6ba46f6e2737d7d1,2eb21aa094bd7f6dfbf83913627e97fdf68bd2a5098e7f3c9bc58f7e09b80445,0.3831580877304077,NORMAL,STANDARDIZED,,resampled from 22050 to 44100,
harmonium_000398.wav,173.wav,harmonium,Harmonium,Harmonium\173.wav,22050,44100,1,1,3.0,3.0,66150,132300,.wav,132344,424b11b610972983fddd8f1fbc40d0ae8170f73e198c461ebfcc071a47bd2d51,6ef614cf58f2a974741a8ec87ce08770da65fca28f8cfc1dae489a1a7f3199d2,0.37824732065200806,NORMAL,STANDARDIZED,,resampled from 22050 to 44100,
harmonium_000399.wav,174.wav,harmonium,Harmonium,Harmonium\174.wav,22050,44100,1,1,3.0,3.0,66150,132300,.wav,132344,7a4209d0adc9df5376ea54e48aef40e5cd05cebcff0c59366df179f622691c88,6fd8868dc5d70138fc520f775d927a4b3e66e009e61bfe8fd401dd3474a1d621,0.4337210953235626,NORMAL,STANDARDIZED,,resampled from 22050 to 44100,
harmonium_000400.wav,175.wav,harmonium,Harmonium,Harmonium\175.wav,22050,44100,1,1,3.0,3.0,66150,132300,.wav,132344,2b1b344496e018038027e47adba39cd01d107fb618d0d7fee7d02908eb3bea83,abe9f24004cc03e403829213c207de7d2061ff0edf98bd4dcc7912b0cb7434f7,0.3821488618850708,NORMAL,STANDARDIZED,,resampled from 22050 to 44100,
harmonium_000401.wav,176.wav,harmonium,Harmonium,Harmonium\176.wav,22050,44100,1,1,3.0,3.0,66150,132300,.wav,132344,02792dfe6e4d3bb3f1142594a6f17a1bfd94adf098cc8f5e1570484a29489f9c,bb219163df46ef07b86c209ce8d6fcd407906b15b86e8f0804a5ad09023c10cd,0.3806217908859253,NORMAL,STANDARDIZED,,resampled from 22050 to 44100,
harmonium_000402.wav,177.wav,harmonium,Harmonium,Harmonium\177.wav,22050,44100,1,1,3.0,3.0,66150,132300,.wav,132344,8af315fcb82ab566af7d843a9da7b79c894108588f2078c0f75d53d9028f68ec,6551049ac4ada7365320ac61733d795eb5f1c4d277f94e4e79b83ab7eb0a309f,0.3831213712692261,NORMAL,STANDARDIZED,,resampled from 22050 to 44100,
harmonium_000403.wav,178.wav,harmonium,Harmonium,Harmonium\178.wav,22050,44100,1,1,3.0,3.0,66150,132300,.wav,132344,732d3f7494fc11789acdf045b5917f1302fd657f02ec21323145d1be12603fd4,75567f71abe9e45a7fa8e1930e89807fea065c9cfc6c54a1e74ec3482cc84d9f,0.42862147092819214,NORMAL,STANDARDIZED,,resampled from 22050 to 44100,
harmonium_000404.wav,179.wav,harmonium,Harmonium,Harmonium\179.wav,22050,44100,1,1,3.0,3.0,66150,132300,.wav,132344,11040b6345c8900e5b650459a7434ec614ee28ca9087595d59142039c55116cb,518595b3c37c5e27872a9fa756cbe0478395b7dfbcbe424734da3406c3ee3d5c,0.3839704692363739,NORMAL,STANDARDIZED,,resampled from 22050 to 44100,
harmonium_000405.wav,18.wav,harmonium,Harmonium,Harmonium\18.wav,22050,44100,1,1,3.0,3.0,66150,132300,.wav,132344,4455795c1229d1f45cdb0de2437a122679fc38d2b1a8a12c6b378b432fad4bc0,e9ed6a2db386385b589ffe71baef5ff6f719168652fd54f969d8a76ba72d5ddb,0.4285571873188019,NORMAL,STANDARDIZED,,resampled from 22050 to 44100,
harmonium_000406.wav,180.wav,harmonium,Harmonium,Harmonium\180.wav,22050,44100,1,1,3.0,3.0,66150,132300,.wav,132344,241ae2aa12bbcc98b5a40768ce9e4c6e83fac27dbff758d6bf6b3dadfeafc052,48efb52379fd5a753ca4a9b02195addde177c3947929585bb313447952faded5,0.3778591752052307,NORMAL,STANDARDIZED,,resampled from 22050 to 44100,
harmonium_000407.wav,181.wav,harmonium,Harmonium,Harmonium\181.wav,22050,44100,1,1,3.0,3.0,66150,132300,.wav,132344,1919d13423e739e4b0035648107ccc8af76b60f6fe70b56c4df02cb11cbf6c4e,e34c0e37802e70475e996e035e4d6a924f02298aefc17f9d7db8933a413d5b2a,0.38152721524238586,NORMAL,STANDARDIZED,,resampled from 22050 to 44100,
harmonium_000408.wav,182.wav,harmonium,Harmonium,Harmonium\182.wav,22050,44100,1,1,3.0,3.0,66150,132300,.wav,132344,663b7b3fcf0a8fe5295e432884fe51111d7334caf5fa64e6cc4d329e262e1184,b4ac99b020042b984a70f96ddbae9aa6c533c379ca228d6ba37cc9f11bef430e,0.42717573046684265,NORMAL,STANDARDIZED,,resampled from 22050 to 44100,
harmonium_000409.wav,183.wav,harmonium,Harmonium,Harmonium\183.wav,22050,44100,1,1,3.0,3.0,66150,132300,.wav,132344,3b6cdb4adb05b78d1bef0cb0926ff5b12f97f4eea3cc081d1e1c9ed3f15bdd01,6198374e88084b72f2ffd7270a9982feb70350da17dc18f0ef1d72c9e50f9064,0.387379914522171,NORMAL,STANDARDIZED,,resampled from 22050 to 44100,
harmonium_000410.wav,184.wav,harmonium,Harmonium,Harmonium\184.wav,22050,44100,1,1,3.0,3.0,66150,132300,.wav,132344,46d5b2cdc199e2978b17e6cb6908dc092f5d6fe2739e66ddb297a7afca4a2a9e,626706c136419983d6b180aa9988da8cfb7e782534011e50cf20c4217e35e457,0.37816980481147766,NORMAL,STANDARDIZED,,resampled from 22050 to 44100,
harmonium_000411.wav,185.wav,harmonium,Harmonium,Harmonium\185.wav,22050,44100,1,1,3.0,3.0,66150,132300,.wav,132344,53d6952203b710f63b9fa290bf7351c153d0e4019c370107bb4df14d222026b1,9a998e1c319ab189ac57d8306bdea79f81ddea567c955b7022c105d5fc5b01d9,0.377136766910553,NORMAL,STANDARDIZED,,resampled from 22050 to 44100,
harmonium_000412.wav,186.wav,harmonium,Harmonium,Harmonium\186.wav,22050,44100,1,1,3.0,3.0,66150,132300,.wav,132344,c896dddddc5b0e5289bbba9f0a7494d3d508a1ed408987f4bb0b93c6439e9b05,f3ebedd13b7fe82f84ac54efce5c5a027f9c59dcb0b4ba35d96d1389af27eba4,0.4297336935997009,NORMAL,STANDARDIZED,,resampled from 22050 to 44100,
harmonium_000413.wav,187.wav,harmonium,Harmonium,Harmonium\187.wav,22050,44100,1,1,3.0,3.0,66150,132300,.wav,132344,2fb2500faa60dffadfc71be63628b70968df9d62292912203189e9bcfc860da7,9447eb2d86b4c35ecb604b26919611c03c71a55ac8498e57de9f28393f5502fd,0.3854224383831024,NORMAL,STANDARDIZED,,resampled from 22050 to 44100,
harmonium_000414.wav,188.wav,harmonium,Harmonium,Harmonium\188.wav,22050,44100,1,1,3.0,3.0,66150,132300,.wav,132344,00ec0a42a456840c6d611fa2f17024a08be0c22122beb4c76a98af2a2bd2480b,6c18780a0e64b983df6c60df8c1ae4c13ad385808cbb676b98b73664caded087,0.38315221667289734,NORMAL,STANDARDIZED,,resampled from 22050 to 44100,
harmonium_000415.wav,189.wav,harmonium,Harmonium,Harmonium\189.wav,22050,44100,1,1,3.0,3.0,66150,132300,.wav,132344,20a50f352da1bae512ef2ff9058530d040dd698672a2154e1f386cb228dffb69,3a97d95287e6e12deffc6caed3b08bee52fc3d48754e7c58b1d57db547f65f40,0.3782624900341034,NORMAL,STANDARDIZED,,resampled from 22050 to 44100,
harmonium_000416.wav,19.wav,harmonium,Harmonium,Harmonium\19.wav,22050,44100,1,1,3.0,3.0,66150,132300,.wav,132344,2998f1ce66c14c5605dfe5018c9590b1f6637e493f18ce4e2f71c6757cd28442,d70c48e40d5588b9ef06757a9b2b538d99acbc77a8ff53d0fb11eed2876405b7,0.38402116298675537,NORMAL,STANDARDIZED,,resampled from 22050 to 44100,
harmonium_000417.wav,190.wav,harmonium,Harmonium,Harmonium\190.wav,22050,44100,1,1,3.0,3.0,66150,132300,.wav,132344,96d709f1a4328aaa024aeda475e6022388ed872640ca6beb6cd2b46d23cf7250,44b1cd3f37c695baa6e5ffc6362cfe7a5463649017cccee527be91d48892b6cf,0.4335819482803345,NORMAL,STANDARDIZED,,resampled from 22050 to 44100,
harmonium_000418.wav,191.wav,harmonium,Harmonium,Harmonium\191.wav,22050,44100,1,1,3.0,3.0,66150,132300,.wav,132344,ec31c9f51e000efb4803746bb75d1efb964c5de23801f35143c9776ae3b910c3,a6d559123574790d84bbfd0bf43e5f5d8470ee33c081ca824a5477b66f6de4f4,0.38203564286231995,NORMAL,STANDARDIZED,,resampled from 22050 to 44100,
harmonium_000419.wav,192.wav,harmonium,Harmonium,Harmonium\192.wav,22050,44100,1,1,3.0,3.0,66150,132300,.wav,132344,3d088144cca413d86bbc4b0b58d3856d4a53b884349ca90f825a0a9200a09f1a,e658624b8d611a3cbf79c480dfd765802d6b3855a49f688671889bc71490c12e,0.3805435299873352,NORMAL,STANDARDIZED,,resampled from 22050 to 44100,
harmonium_000420.wav,193.wav,harmonium,Harmonium,Harmonium\193.wav,22050,44100,1,1,3.0,3.0,66150,132300,.wav,132344,81adf7febcc32a6f1954058e9709cf46bb23a537ec41b908496057e7b023aeb8,c308021d448b1bc6e9df4da514cdbf8d663f4666381fbda63c03b5684e6cffe0,0.383044570684433,NORMAL,STANDARDIZED,,resampled from 22050 to 44100,
harmonium_000421.wav,194.wav,harmonium,Harmonium,Harmonium\194.wav,22050,44100,1,1,3.0,3.0,66150,132300,.wav,132344,47622791dfba1eda6d69c2b48f2edaecc55025813177ef106719c4aabb65188d,f2708e460861e26fcb5d3912b62d10eafae2c24bdd3ad63b20dfeefca48de70d,0.42860090732574463,NORMAL,STANDARDIZED,,resampled from 22050 to 44100,
harmonium_000422.wav,195.wav,harmonium,Harmonium,Harmonium\195.wav,22050,44100,1,1,3.0,3.0,66150,132300,.wav,132344,22004be49028221c5810422ccb703f3c3f5d0145cacf7c87655a4bd6389e543a,48c09b8caf46a163f9d868747a3e0907b4152a4e2a56343219afaed65356dd81,0.38398274779319763,NORMAL,STANDARDIZED,,resampled from 22050 to 44100,
harmonium_000423.wav,196.wav,harmonium,Harmonium,Harmonium\196.wav,22050,44100,1,1,3.0,3.0,66150,132300,.wav,132344,e8e113c5c6d38df8c4fc20398dfd35749e03c4408d5c2d3989a256f3cb546378,498a753e831383fa264a1933e312aa10fb6903468e0728c6b067a6979e577e74,0.377698689699173,NORMAL,STANDARDIZED,,resampled from 22050 to 44100,
harmonium_000424.wav,197.wav,harmonium,Harmonium,Harmonium\197.wav,22050,44100,1,1,3.0,3.0,66150,132300,.wav,132344,0dafb146586dfd18e3c2057b540fe78b0828cbba39c5bba48989b3680701af80,925f95eed9a2d45b7ec4d39d08bc99851e64fd1496eb2c8980204beb3c7559d9,0.3815813362598419,NORMAL,STANDARDIZED,,resampled from 22050 to 44100,
harmonium_000425.wav,198.wav,harmonium,Harmonium,Harmonium\198.wav,22050,44100,1,1,3.0,3.0,66150,132300,.wav,132344,212df694096266de8cca0d57684382b496e808fa5d9dd7b5f4273595da781e9f,d1bb355915e272ad3548f4e5a32ae38aa56cd3ed90a6dba0a25b55e5da721c09,0.4273533225059509,NORMAL,STANDARDIZED,,resampled from 22050 to 44100,
harmonium_000426.wav,199.wav,harmonium,Harmonium,Harmonium\199.wav,22050,44100,1,1,3.0,3.0,66150,132300,.wav,132344,837f3e63f1a428038a9fa135eec14b124716e191f1823769c686455a313a5639,1dae2fe726234d19475b4d6a360ddd89ce3c90c1a9664ad02457f86d2dcc8cd6,0.38727259635925293,NORMAL,STANDARDIZED,,resampled from 22050 to 44100,
harmonium_000427.wav,2.wav,harmonium,Harmonium,Harmonium\2.wav,22050,44100,1,1,3.0,3.0,66150,132300,.wav,132344,43dc7356a7dcb7edd6d074e92f6701ac3ef6108d6f41cc51ec9adf0fb1f97f5d,6d22301c47782c8f6baaef39ffd0b59f657fc5f794e99719ceb3df8a76a2d008,0.10249464958906174,NORMAL,STANDARDIZED,,resampled from 22050 to 44100,
harmonium_000428.wav,20.wav,harmonium,Harmonium,Harmonium\20.wav,22050,44100,1,1,3.0,3.0,66150,132300,.wav,132344,52f1a90b75f2c85531cf0ff1a219b6677987aeaf6447871b85211db8625d2d72,1352c780f9e7650cec16504c6ecc1f421ec75f40b9427a6dc03d50883c03fee3,0.37775248289108276,NORMAL,STANDARDIZED,,resampled from 22050 to 44100,
harmonium_000429.wav,200.wav,harmonium,Harmonium,Harmonium\200.wav,22050,44100,1,1,3.0,3.0,66150,132300,.wav,132344,93a6af16f868d8bd0977cccdf9f19c4c67b6e15000845c33994088bcebe1562c,515cbed114ba89c5c86a8dbce54657f6f2b21dee4c83a2676b4627a4acb1efff,0.37811002135276794,NORMAL,STANDARDIZED,,resampled from 22050 to 44100,
harmonium_000430.wav,201.wav,harmonium,Harmonium,Harmonium\201.wav,22050,44100,1,1,3.0,3.0,66150,132300,.wav,132344,dc69992ce476b96f0f8e12df32e937b4fef0f5aa8e19a1f4bcaaee38f2515adc,228e842b7eada60347085e33859e34ac70c60c93c203c4d87fd53fda898e0cc9,0.3771030902862549,NORMAL,STANDARDIZED,,resampled from 22050 to 44100,
harmonium_000431.wav,202.wav,harmonium,Harmonium,Harmonium\202.wav,22050,44100,1,1,3.0,3.0,66150,132300,.wav,132344,c1f3ca36778561ef401698a957e26f93a784a75457a272da217c3d754b31fe4b,fb25841bcf7a9ed308124f13152e42d8fe3e68eccb15bce42d93f2a677bf1a8f,0.4296683967113495,NORMAL,STANDARDIZED,,resampled from 22050 to 44100,
harmonium_000432.wav,203.wav,harmonium,Harmonium,Harmonium\203.wav,22050,44100,1,1,3.0,3.0,66150,132300,.wav,132344,2a05ddf8870d39a6ee7ad6307be3ec70c4d0bdf4edd4b15c41eeec5e2de66239,fdeb74497150df9e0cf5948b5d0ab5a6069a333e2cfaba72f97d3f7d3f2b3fe1,0.38544484972953796,NORMAL,STANDARDIZED,,resampled from 22050 to 44100,
harmonium_000433.wav,204.wav,harmonium,Harmonium,Harmonium\204.wav,22050,44100,1,1,3.0,3.0,66150,132300,.wav,132344,b6856db4a4f0b60b565423ebbf6fea04ac82860268c6bb486c9a9450593c50ce,aea980fe3b38d7335f23c49c3258d05b80d01bc6ae8d1dbf10be3e3adf45dc90,0.38320186734199524,NORMAL,STANDARDIZED,,resampled from 22050 to 44100,
harmonium_000434.wav,205.wav,harmonium,Harmonium,Harmonium\205.wav,22050,44100,1,1,3.0,3.0,66150,132300,.wav,132344,ca2dd473809cd0bb2f020ae548661be85602a6e59114fa9f2862aec05ee5337b,181482bda0b82dbe051823442ff5fd8b2067600ec93c8b04b4037217f48d20d8,0.3784103989601135,NORMAL,STANDARDIZED,,resampled from 22050 to 44100,
harmonium_000435.wav,206.wav,harmonium,Harmonium,Harmonium\206.wav,22050,44100,1,1,3.0,3.0,66150,132300,.wav,132344,f3307bb81d185abe35992cb76031fe441484c8bc68be0a40d880beed0758b818,27c00ed32dc851a149048094c0bb11d83ef961c5452ea0d25d2b55bf879b99cf,0.43367403745651245,NORMAL,STANDARDIZED,,resampled from 22050 to 44100,
harmonium_000436.wav,207.wav,harmonium,Harmonium,Harmonium\207.wav,22050,44100,1,1,3.0,3.0,66150,132300,.wav,132344,72ba63e7f98d0f699cc0d9044417002b2109afd1bb159d5000ceca2a95c3dc78,c682be0d79ef76aaa4f926a9370acdb2327f67a5036eaa8bb92f87f687cfe2ae,0.38215163350105286,NORMAL,STANDARDIZED,,resampled from 22050 to 44100,
harmonium_000437.wav,208.wav,harmonium,Harmonium,Harmonium\208.wav,22050,44100,1,1,3.0,3.0,66150,132300,.wav,132344,553480f9cc60b3d18440478a3b5d988bd5e3a98e8acbb3c03978c9c472c45d2f,0f6bfd049f758626e7eef4f253e582b39ce66e3f058abc5ad5b7dc5d1a634ca3,0.38056692481040955,NORMAL,STANDARDIZED,,resampled from 22050 to 44100,
harmonium_000438.wav,209.wav,harmonium,Harmonium,Harmonium\209.wav,22050,44100,1,1,3.0,3.0,66150,132300,.wav,132344,690e7c0bc570aa1ed11d0917a28000269ef90fdb9a5ba38726844432a5456eb5,a4028ad67522013a5b768d8632ceaaaba370ad1b2cb65fc6b54cdc58f6c486eb,0.3831062316894531,NORMAL,STANDARDIZED,,resampled from 22050 to 44100,
harmonium_000439.wav,21.wav,harmonium,Harmonium,Harmonium\21.wav,22050,44100,1,1,3.0,3.0,66150,132300,.wav,132344,3184cda83ac27037c655caa4a20872c224117475f445c3963b16b14562c96731,308d60b2bba0ad35070758e4f5906f6deab26ee6a5763bbd74b6e9a3c1422e43,0.3816634714603424,NORMAL,STANDARDIZED,,resampled from 22050 to 44100,
harmonium_000440.wav,210.wav,harmonium,Harmonium,Harmonium\210.wav,22050,44100,1,1,3.0,3.0,66150,132300,.wav,132344,007a61b9c92ce5178f1a1ae4c6b8878ea244d8753878f229fc4442d91991c9b3,d4120311ab2a962e9f8e20925b2ec99a0e4e8dd61bbf7e982d0cb56343ee4d79,0.4285258948802948,NORMAL,STANDARDIZED,,resampled from 22050 to 44100,
harmonium_000441.wav,211.wav,harmonium,Harmonium,Harmonium\211.wav,22050,44100,1,1,3.0,3.0,66150,132300,.wav,132344,d6597841993b46b9da8fc56fb38234399f58e241c9114bac65137c58dfd41e68,0bc8bd6dc6f3d39a920442e524dfb8b068e8923724a35cf583050c798976caeb,0.38400784134864807,NORMAL,STANDARDIZED,,resampled from 22050 to 44100,
harmonium_000442.wav,212.wav,harmonium,Harmonium,Harmonium\212.wav,22050,44100,1,1,3.0,3.0,66150,132300,.wav,132344,56390b56d357cf73dc3b76ede8d31afaabbf8b6a3f905b26b169d3a6826d6c53,651917f565b6e72f5b980c67dba5cd82efe07ec702f82fdd92ed8b77cbdd968f,0.37786978483200073,NORMAL,STANDARDIZED,,resampled from 22050 to 44100,
harmonium_000443.wav,213.wav,harmonium,Harmonium,Harmonium\213.wav,22050,44100,1,1,3.0,3.0,66150,132300,.wav,132344,aaa3669040d59f54e308fc6bf4fa3a4f99afe25fd274a46db826467a7ae01d8d,36dc71b960eefd0129fc2ed79818beaba0b8fdcf0c05ced816670a6b1751b53c,0.3815590739250183,NORMAL,STANDARDIZED,,resampled from 22050 to 44100,
harmonium_000444.wav,214.wav,harmonium,Harmonium,Harmonium\214.wav,22050,44100,1,1,3.0,3.0,66150,132300,.wav,132344,d7b338c3c8c3d71f6829881deec6368ee082142b04e2f61add74b18c3c33345a,88fb86f2267fe7f651329188553324a9718753231664dd92b25927fcb1a56eb5,0.42724740505218506,NORMAL,STANDARDIZED,,resampled from 22050 to 44100,
harmonium_000445.wav,215.wav,harmonium,Harmonium,Harmonium\215.wav,22050,44100,1,1,3.0,3.0,66150,132300,.wav,132344,4fb8557bbb7b02923db93bc11b0a70f8c9c5610bef8a88e26e2cc51a9bd6623b,dcf217179f83f226a5b30c495e8d5844ba0189837b8baaf169adfa0385df3dd9,0.38726797699928284,NORMAL,STANDARDIZED,,resampled from 22050 to 44100,
harmonium_000446.wav,216.wav,harmonium,Harmonium,Harmonium\216.wav,22050,44100,1,1,3.0,3.0,66150,132300,.wav,132344,613f5fa02e9389284b46d6b501620eabf167e9d1b2e481d47137918e5d1976a2,98d7d998e3e9cd53875860381f218535ad7c05d50d2f451b9fcaee6bb1c8cfe9,0.3781825602054596,NORMAL,STANDARDIZED,,resampled from 22050 to 44100,
harmonium_000447.wav,217.wav,harmonium,Harmonium,Harmonium\217.wav,22050,44100,1,1,3.0,3.0,66150,132300,.wav,132344,1c7b820c7fa9c097914df2a256eefa095a6b50b515e7ceda56b4d55c347f363e,c7c2f1e23ac75197d7172680f66dcb486d2d3f81e1196a66dff3e0818c0b8faa,0.3770199120044708,NORMAL,STANDARDIZED,,resampled from 22050 to 44100,
harmonium_000448.wav,218.wav,harmonium,Harmonium,Harmonium\218.wav,22050,44100,1,1,3.0,3.0,66150,132300,.wav,132344,3233ef898f033c9b80e876460148531bf6b5f574c8b74c59847de24d8353fa8f,c31d7280d886b363a341d6d0ea63bc29c37e127f8788735d7fc128224ef3f9ea,0.4297237694263458,NORMAL,STANDARDIZED,,resampled from 22050 to 44100,
harmonium_000449.wav,219.wav,harmonium,Harmonium,Harmonium\219.wav,22050,44100,1,1,3.0,3.0,66150,132300,.wav,132344,322342ae3bac15ca0c7b1f5e311ac8336b6c8a6cd5f9f346e302db2ab2d67938,3fc8c4f2a12ffea0ddf70ad3b8c4856c00bfaf4ad9417904f067d783090edfec,0.38543158769607544,NORMAL,STANDARDIZED,,resampled from 22050 to 44100,
harmonium_000450.wav,22.wav,harmonium,Harmonium,Harmonium\22.wav,22050,44100,1,1,3.0,3.0,66150,132300,.wav,132344,c2c780a3665d372fd64a13a87aef8e8661afb720733dca0abee151cd980c4fa8,503d478ba48c3edfd692e457e035f037fcfbb07090f6fd0e04049ed555876935,0.4274444282054901,NORMAL,STANDARDIZED,,resampled from 22050 to 44100,
harmonium_000451.wav,220.wav,harmonium,Harmonium,Harmonium\220.wav,22050,44100,1,1,3.0,3.0,66150,132300,.wav,132344,a3e67b96c23aea229f0bcc8cdc99aaf6e6545d927c56000300a1be73c2f7cc32,3afc8d96d57f9c1830c5c219bd5d2c6cd4d2058da06d982057843c1438f72a45,0.383056640625,NORMAL,STANDARDIZED,,resampled from 22050 to 44100,
harmonium_000452.wav,221.wav,harmonium,Harmonium,Harmonium\221.wav,22050,44100,1,1,3.0,3.0,66150,132300,.wav,132344,9074b07b208eead64f3d85df9d513e8f4b15c3b0885910239f3970a400e4709d,e683fc79875651bab8651a0bf1b3aaf825e88f05a07e79ca13ecbf10e6272724,0.3784013092517853,NORMAL,STANDARDIZED,,resampled from 22050 to 44100,
harmonium_000453.wav,222.wav,harmonium,Harmonium,Harmonium\222.wav,22050,44100,1,1,3.0,3.0,66150,132300,.wav,132344,4fc2725da4defd036681f68975dded479968fc6385ad07337233616c0b08de74,dc4fa51ee521201589cf97d65ff4eb107aded2907222490e86c31ae6179b7f1c,0.4337252974510193,NORMAL,STANDARDIZED,,resampled from 22050 to 44100,
harmonium_000454.wav,223.wav,harmonium,Harmonium,Harmonium\223.wav,22050,44100,1,1,3.0,3.0,66150,132300,.wav,132344,e082ef0715144c52856c5f0cdd2077735e0bbeba53449f8d17879ceb4cf4271e,2594d29ca696cb67cbbbb6beff4f79fc502a602e66beecffc8bbff39f4f43814,0.3820090591907501,NORMAL,STANDARDIZED,,resampled from 22050 to 44100,
harmonium_000455.wav,224.wav,harmonium,Harmonium,Harmonium\224.wav,22050,44100,1,1,3.0,3.0,66150,132300,.wav,132344,1cdb89836f33035a0f92b66e4974e8b75d57e2aceb7cde808c7fdff23050632e,36ea276c7a4a50b4571bbe457bf982f2250931bb53fcdaf18f1e297a5863a2d7,0.3805592954158783,NORMAL,STANDARDIZED,,resampled from 22050 to 44100,
harmonium_000456.wav,225.wav,harmonium,Harmonium,Harmonium\225.wav,22050,44100,1,1,3.0,3.0,66150,132300,.wav,132344,594640c4884afa2c50cfe29639f2eed47b3b2f8a38a75b98e8ad492e88391b50,a46d255f59594d8076190f9cee401eeb3eed245a50f44cbfb932a488500b5f77,0.3831484317779541,NORMAL,STANDARDIZED,,resampled from 22050 to 44100,
harmonium_000457.wav,226.wav,harmonium,Harmonium,Harmonium\226.wav,22050,44100,1,1,3.0,3.0,66150,132300,.wav,132344,29834e8b3f3b71be5c46a3a4b3cbd135534d42242936ba28626ee83b70a9eb52,53641d65f450ed0321c6657ddca69d975176a2e0a8d6ca5bec4d3e1a28d3c894,0.42870745062828064,NORMAL,STANDARDIZED,,resampled from 22050 to 44100,
harmonium_000458.wav,227.wav,harmonium,Harmonium,Harmonium\227.wav,22050,44100,1,1,3.0,3.0,66150,132300,.wav,132344,deeb686a1ddd3980cc252f740f5dcd33f3e7edaa431e32f10d4c35b90e7ac27a,37f9fe2741bf6a3d6a2f3384447f666bd1ad9881fc41ed7cec0ad5086564c568,0.38400694727897644,NORMAL,STANDARDIZED,,resampled from 22050 to 44100,
harmonium_000459.wav,228.wav,harmonium,Harmonium,Harmonium\228.wav,22050,44100,1,1,3.0,3.0,66150,132300,.wav,132344,c0b9bb0b3caadd861a0da301891690f0213483ea3ca9ad422215ccc3eaf292a4,8c11578c30b83f6c36b16717c573b52005d24d074fb31cba8ea72502aa84e7d6,0.377865731716156,NORMAL,STANDARDIZED,,resampled from 22050 to 44100,
harmonium_000460.wav,229.wav,harmonium,Harmonium,Harmonium\229.wav,22050,44100,1,1,3.0,3.0,66150,132300,.wav,132344,5878b21fd297f1268bb7ef0ce846fc6a93666b00a48ec9ac55e2acf403288a7b,9a06e39fb55e08f0f8b9da0d7c15ab61bb466db029a6b3a9b8d553b422bff247,0.38161900639533997,NORMAL,STANDARDIZED,,resampled from 22050 to 44100,
harmonium_000461.wav,23.wav,harmonium,Harmonium,Harmonium\23.wav,22050,44100,1,1,3.0,3.0,66150,132300,.wav,132344,4fcae06ed5773f7c9b36e7672a760d994bb2b7bac6a0b00b9f67b47d1420e351,de3af1e51190177e3ba5ce1ed6d704cf412d331ccbdab57a5c4b56636dadd1cc,0.3872697949409485,NORMAL,STANDARDIZED,,resampled from 22050 to 44100,
harmonium_000462.wav,230.wav,harmonium,Harmonium,Harmonium\230.wav,22050,44100,1,1,3.0,3.0,66150,132300,.wav,132344,833476057e7a2f20f8213c070f9fcce762ecb71fc3b0b4d399e4575aa112261d,84e9fc4b2a30ddb59fd513f4d518c00d17ee737b3422ffc0d75c81d4dda2bb17,0.4272150993347168,NORMAL,STANDARDIZED,,resampled from 22050 to 44100,
harmonium_000463.wav,231.wav,harmonium,Harmonium,Harmonium\231.wav,22050,44100,1,1,3.0,3.0,66150,132300,.wav,132344,bdb8d2076850862df7cf128bd1e2a4bec26b74fe8a2f6c79d368b31f1a66925e,8d6659dfaf7d6df6e4e7e97fe88c5bde13b0c48bc220531b0f94af7c84290a9c,0.38712871074676514,NORMAL,STANDARDIZED,,resampled from 22050 to 44100,
harmonium_000464.wav,232.wav,harmonium,Harmonium,Harmonium\232.wav,22050,44100,1,1,3.0,3.0,66150,132300,.wav,132344,bc4db8621af493184b0ff08eff58f2f0f63316d3f029af74df9c7fb41a0d2cf7,1967b5552a75046df07f761b24f6d2a0bfb1ff52a7fb9fa7332a1a0c4d20f60a,0.3781002461910248,NORMAL,STANDARDIZED,,resampled from 22050 to 44100,
harmonium_000465.wav,233.wav,harmonium,Harmonium,Harmonium\233.wav,22050,44100,1,1,3.0,3.0,66150,132300,.wav,132344,c318dfc44f308a97474a719eec5b41aa4553f5ff030e2316c6a2d08df8c8238b,a732d3637bb5d91e48e4788b174f2d0376767a13b516397fbbb300b8a3332951,0.3770304322242737,NORMAL,STANDARDIZED,,resampled from 22050 to 44100,
harmonium_000466.wav,234.wav,harmonium,Harmonium,Harmonium\234.wav,22050,44100,1,1,3.0,3.0,66150,132300,.wav,132344,c1b412ebb289b22bed652eaf508202e499843e01749be7212f4d789b8cd01356,c401dfdce504b5558fe15f716205e5bb3e92d8d7a32bbb86fe1d6baf2efb5d79,0.4296453595161438,NORMAL,STANDARDIZED,,resampled from 22050 to 44100,
harmonium_000467.wav,235.wav,harmonium,Harmonium,Harmonium\235.wav,22050,44100,1,1,3.0,3.0,66150,132300,.wav,132344,2aa5e6494cc703e744d5f0ec4f93c5986954cd58d79d19333b2c29c32b83e8e8,a860bc9cf720a43424f0fe519912cce2c3bc27d72bf18c786916306e1dc35c9f,0.3854568898677826,NORMAL,STANDARDIZED,,resampled from 22050 to 44100,
harmonium_000468.wav,236.wav,harmonium,Harmonium,Harmonium\236.wav,22050,44100,1,1,3.0,3.0,66150,132300,.wav,132344,fda82639cac5935569d2629a1408331c5d76901581b2c2147e2c9fae770111bb,b0260e8da0aea525c35f9f46fc42b8726470b2d34b89c7d051841cd129b51f29,0.38303226232528687,NORMAL,STANDARDIZED,,resampled from 22050 to 44100,
harmonium_000469.wav,237.wav,harmonium,Harmonium,Harmonium\237.wav,22050,44100,1,1,3.0,3.0,66150,132300,.wav,132344,1b440f0320abb5c8c39786a1f9e657dfd83eb2626eef794ea43f6831e47c33be,8e2f61fdf563359ff84e25383ceee6c83a471d230bf9c9c28c292eb851dbfb3f,0.37832480669021606,NORMAL,STANDARDIZED,,resampled from 22050 to 44100,
harmonium_000470.wav,238.wav,harmonium,Harmonium,Harmonium\238.wav,22050,44100,1,1,3.0,3.0,66150,132300,.wav,132344,dc1f4043b35ff591120fb8b4ff2a283a580e28829278df7edb3bef4d34a96dee,25f9593be9f0b9d19583b5bc6b41ad0fec6d711a10ee9164a8f24c726f5cad29,0.4337023198604584,NORMAL,STANDARDIZED,,resampled from 22050 to 44100,
harmonium_000471.wav,239.wav,harmonium,Harmonium,Harmonium\239.wav,22050,44100,1,1,3.0,3.0,66150,132300,.wav,132344,82467bd60ae01ff0b8582c629c0ebbae6dd29cc6814b6c8af5e142cfd5e81dfa,7973298617f399fff2b98f8c50ebbb72468a3bfec5df211edd0c515987250503,0.38196489214897156,NORMAL,STANDARDIZED,,resampled from 22050 to 44100,
harmonium_000472.wav,24.wav,harmonium,Harmonium,Harmonium\24.wav,22050,44100,1,1,3.0,3.0,66150,132300,.wav,132344,9d05543adb4e0b28e24cd8487a05f09a9be1d2905043984f6318874a1ff79285,68797c3fa8b3b52172291ff81a82e88c286e2ca4e63ba666a60b1e5a9a9806c9,0.3782152831554413,NORMAL,STANDARDIZED,,resampled from 22050 to 44100,
harmonium_000473.wav,240.wav,harmonium,Harmonium,Harmonium\240.wav,22050,44100,1,1,3.0,3.0,66150,132300,.wav,132344,f47e9c724e66ca7a5aca071398099c2f1b72a63df206a8a91337a0db88bd0e0a,4565f9000834359b83cbc8a359127d4aa1c5014307ad74a4f20273677c14bc32,0.38060030341148376,NORMAL,STANDARDIZED,,resampled from 22050 to 44100,
harmonium_000474.wav,241.wav,harmonium,Harmonium,Harmonium\241.wav,22050,44100,1,1,3.0,3.0,66150,132300,.wav,132344,6bfe126a7e2785ae555b9af56c7cf56afd569677e7593aa3dc75695d087fbc27,e484f4fb9733713293b8945eedbbc383d819751897fdff8760be706b4493bb09,0.38298889994621277,NORMAL,STANDARDIZED,,resampled from 22050 to 44100,
harmonium_000475.wav,242.wav,harmonium,Harmonium,Harmonium\242.wav,22050,44100,1,1,3.0,3.0,66150,132300,.wav,132344,2b03099a7bac18d7ccc7715a38d4d025bf6d2a30f4171e9a9b72065cf8e12a6e,7445bdd21ecb1e60fbdb0ef698b17c559305753fcd690dc179844771c170a8b3,0.42857426404953003,NORMAL,STANDARDIZED,,resampled from 22050 to 44100,
harmonium_000476.wav,243.wav,harmonium,Harmonium,Harmonium\243.wav,22050,44100,1,1,3.0,3.0,66150,132300,.wav,132344,08ff7bf0ac2ff01732eeb2ceaf0687f9c98c9a3625f8a04f59ab1139588d11f8,c117c843f3ebc1e9e1804cbf21b7e67786d9b46879ed06d2556628411ce1ea95,0.3841635584831238,NORMAL,STANDARDIZED,,resampled from 22050 to 44100,
harmonium_000477.wav,244.wav,harmonium,Harmonium,Harmonium\244.wav,22050,44100,1,1,3.0,3.0,66150,132300,.wav,132344,af8bbd08930f0b9c6854e3fa8f2f2da33bae8276280d50e92366237110f6f064,d074fab6fe964d08fe0421e61aaa1ef4a9bf025565454fa0db7879409634258e,0.3780151605606079,NORMAL,STANDARDIZED,,resampled from 22050 to 44100,
harmonium_000478.wav,245.wav,harmonium,Harmonium,Harmonium\245.wav,22050,44100,1,1,3.0,3.0,66150,132300,.wav,132344,52895fbc865d9fe723a291973c49fa69d32d8baa82725807a268d89b28733113,ea3729fc177f8926c670e22a226af8df78407e8c73b9fb24aaef112031a4ba91,0.3816024661064148,NORMAL,STANDARDIZED,,resampled from 22050 to 44100,
harmonium_000479.wav,246.wav,harmonium,Harmonium,Harmonium\246.wav,22050,44100,1,1,3.0,3.0,66150,132300,.wav,132344,00cd25440671d57b2771c92a5e35077636a8614ee54cc66e6188a2246b846089,59ccd13a708d308e9c7b0d13338e242cc7ff60578101e91d9d4853465cee901a,0.4273427724838257,NORMAL,STANDARDIZED,,resampled from 22050 to 44100,
harmonium_000480.wav,247.wav,harmonium,Harmonium,Harmonium\247.wav,22050,44100,1,1,3.0,3.0,66150,132300,.wav,132344,29e9d418b69db3125cbf4dc06953afa4a07ce92b0e883a05d1747ac7ba266b19,05f281cce6a9d11915d8f62c4a9ddef0829df02813c0d22af116dcf11f8894e9,0.3871123790740967,NORMAL,STANDARDIZED,,resampled from 22050 to 44100,
harmonium_000481.wav,248.wav,harmonium,Harmonium,Harmonium\248.wav,22050,44100,1,1,3.0,3.0,66150,132300,.wav,132344,e1d0056c6203eb70d60bb4d27d4dfb6ba2f3923c36e7311ca43841ee87e9fa64,c9748eb89486f7e8bc8b04d71d9ac7fd2b267f0207df9d87556db3fc5eb42aec,0.378110408782959,NORMAL,STANDARDIZED,,resampled from 22050 to 44100,
harmonium_000482.wav,249.wav,harmonium,Harmonium,Harmonium\249.wav,22050,44100,1,1,3.0,3.0,66150,132300,.wav,132344,a1d31d3e4f4bfd9dc4771d65fadd46f445ba409010b7ceafe33da6b2885da5d5,f3ab6b34116a8a891362c7145976e7c07fb9d950b5ffa209d0a2ccf6757a2373,0.3771344721317291,NORMAL,STANDARDIZED,,resampled from 22050 to 44100,
harmonium_000483.wav,25.wav,harmonium,Harmonium,Harmonium\25.wav,22050,44100,1,1,3.0,3.0,66150,132300,.wav,132344,bbf22947ac29f6b2b71f2c3f24f226c0380ef9b4ba19fcb9a81095af1014c096,856b2c934699273ab24b24663b4071f7e8d98e1a56c1bca920bf8aea3b538a6b,0.37706616520881653,NORMAL,STANDARDIZED,,resampled from 22050 to 44100,
harmonium_000484.wav,250.wav,harmonium,Harmonium,Harmonium\250.wav,22050,44100,1,1,3.0,3.0,66150,132300,.wav,132344,8ede64621a0ae3a36eec8bb2b4da015801fc22224264633d46f8a077036ab9ef,42c6c89a8321cf18ee3c59faf0cb48aeabe16a9dc5eb4481f1ae18016979b7ff,0.42962610721588135,NORMAL,STANDARDIZED,,resampled from 22050 to 44100,
harmonium_000485.wav,251.wav,harmonium,Harmonium,Harmonium\251.wav,22050,44100,1,1,3.0,3.0,66150,132300,.wav,132344,c05e69d5913debe116ea7ffdcda1097aa138d12584b2c3fd3015a9fd03d10df8,b8d6589635b16326185b4ee83311058e0bddfa842d0cf94e0fbcc3b3ef5cc420,0.3855752944946289,NORMAL,STANDARDIZED,,resampled from 22050 to 44100,
harmonium_000486.wav,252.wav,harmonium,Harmonium,Harmonium\252.wav,22050,44100,1,1,3.0,3.0,66150,132300,.wav,132344,f8ce4426074ff84cf3edeb62ad8cc7488f2b3fb4d97216ef2ca5c8dc40b5667c,668fd7ff383ba3f7b13de103e04b5fdaf99ac85957d57b2c64d54aba945fcf02,0.3830972909927368,NORMAL,STANDARDIZED,,resampled from 22050 to 44100,
harmonium_000487.wav,253.wav,harmonium,Harmonium,Harmonium\253.wav,22050,44100,1,1,3.0,3.0,66150,132300,.wav,132344,e98abf502a6aa10170958189ae8509ae7af0a388c4c6748dfab6e33c63dd90be,6deb7b3e782fc77844465a69b7e1b72c41ab92648479eca12dd01f2d746caa8b,0.3782837390899658,NORMAL,STANDARDIZED,,resampled from 22050 to 44100,
harmonium_000488.wav,254.wav,harmonium,Harmonium,Harmonium\254.wav,22050,44100,1,1,3.0,3.0,66150,132300,.wav,132344,913e8d02f018936b0c06d46757eebc0af55968ca72f56cff2001ef06797638b3,2a5944e6ae88cfb76e9d8424db4d1cf0b52b87315264c2f29645c4df1756d285,0.433668315410614,NORMAL,STANDARDIZED,,resampled from 22050 to 44100,
harmonium_000489.wav,255.wav,harmonium,Harmonium,Harmonium\255.wav,22050,44100,1,1,3.0,3.0,66150,132300,.wav,132344,5d0adc406c7d4b17569095cd2fa6a934c2fa8a936955a55664e115bab9ec2b9a,67739ad6763e6e3f2bb59278632d6df7919d94ab605547d8238a3c3eff001647,0.3821137249469757,NORMAL,STANDARDIZED,,resampled from 22050 to 44100,
harmonium_000490.wav,256.wav,harmonium,Harmonium,Harmonium\256.wav,22050,44100,1,1,3.0,3.0,66150,132300,.wav,132344,f73b5c1622158a6b8e045f44731f7b9edc3df80948c365ae4623afdbaeddf85e,a52d251f089e43d54b575546c4cf8846e5d69da73e8f421ce4bc3c17c942998e,0.38062068819999695,NORMAL,STANDARDIZED,,resampled from 22050 to 44100,
harmonium_000491.wav,257.wav,harmonium,Harmonium,Harmonium\257.wav,22050,44100,1,1,3.0,3.0,66150,132300,.wav,132344,9b9ac08f44587d4f977a05c1c6a9a7aa2713f06416b038f8a27d56f52cfdaf5b,cb2396394e83d579bace8a88024300585bf792d839d5a3aec6c38783ab69ad02,0.38308975100517273,NORMAL,STANDARDIZED,,resampled from 22050 to 44100,
harmonium_000492.wav,258.wav,harmonium,Harmonium,Harmonium\258.wav,22050,44100,1,1,3.0,3.0,66150,132300,.wav,132344,e82d9fccc7a71c438834aa0b590117f27a412bfb988b920bc07357a2762a6f05,76cf6f12517f36d54da9925cd5b948e24ef1d2e8aab119b526f82fc039cf406d,0.4287106990814209,NORMAL,STANDARDIZED,,resampled from 22050 to 44100,
harmonium_000493.wav,259.wav,harmonium,Harmonium,Harmonium\259.wav,22050,44100,1,1,3.0,3.0,66150,132300,.wav,132344,ab8d34759b25a06fd847f5555e8653ac65025ee32e5a1a5c06ce7617c24ccffb,c804e784456af7690fee01dc96f226bb24a8d98826195aff70452118ce32e55e,0.38400349020957947,NORMAL,STANDARDIZED,,resampled from 22050 to 44100,
harmonium_000494.wav,26.wav,harmonium,Harmonium,Harmonium\26.wav,22050,44100,1,1,3.0,3.0,66150,132300,.wav,132344,77c00f779cd80b9f6f0c8ca28a3c17f3f33dfe21aa0c47d314162ace49b24c56,a2fe120deac05f375b28584a6150a47e8e2ea1c9bfe34314a2c61b0084a64c12,0.4295385479927063,NORMAL,STANDARDIZED,,resampled from 22050 to 44100,
harmonium_000495.wav,260.wav,harmonium,Harmonium,Harmonium\260.wav,22050,44100,1,1,3.0,3.0,66150,132300,.wav,132344,aff27bb6cf453c0a7d7fa93d7e2288c457b25a145f143679240ea7be7ad5fa4c,4a1dc4d6b10b55f08185079c05572fc2c00b738f99626d6d42f95696c45328b4,0.37780067324638367,NORMAL,STANDARDIZED,,resampled from 22050 to 44100,
harmonium_000496.wav,261.wav,harmonium,Harmonium,Harmonium\261.wav,22050,44100,1,1,3.0,3.0,66150,132300,.wav,132344,d4fe2f79e8e1454383a5c6031a029462960347ed9df5cdf489a0ee5f160ae189,af962dbfcb5de5010638b44c7f6ffedcf68edda1f5a0d019f354891af240130b,0.38158658146858215,NORMAL,STANDARDIZED,,resampled from 22050 to 44100,
harmonium_000497.wav,262.wav,harmonium,Harmonium,Harmonium\262.wav,22050,44100,1,1,3.0,3.0,66150,132300,.wav,132344,a7e605a040c5875df110d6a4fd2d3c23e3442717a1d220103aac744783cc5faa,678335657b0b2f571b4840bcc04f8bfc4e3d04338702a0e3f9b4452a0d556ccf,0.4272083640098572,NORMAL,STANDARDIZED,,resampled from 22050 to 44100,
harmonium_000498.wav,263.wav,harmonium,Harmonium,Harmonium\263.wav,22050,44100,1,1,3.0,3.0,66150,132300,.wav,132344,186e6c8323135abcdc68714cfe3aae6aac53e7774c1847b9bc423d640cee6e9a,65f7d1d55912af40d3c46606900367094d79cb6a213f6d394417e8a70f341c60,0.3872665762901306,NORMAL,STANDARDIZED,,resampled from 22050 to 44100,
harmonium_000499.wav,264.wav,harmonium,Harmonium,Harmonium\264.wav,22050,44100,1,1,3.0,3.0,66150,132300,.wav,132344,a1c02cb07b83db774bbc8c7f7917f651cf2b8be80dd2e377901b2541b880fc89,bf145c7fc98c82da69321a584cd94bad7a2b57f3fefe12d4042fd31d27e60488,0.37801799178123474,NORMAL,STANDARDIZED,,resampled from 22050 to 44100,
harmonium_000500.wav,265.wav,harmonium,Harmonium,Harmonium\265.wav,22050,44100,1,1,3.0,3.0,66150,132300,.wav,132344,460c927c8a5c02d77a5c2b56ebcdf76694439d64973221227e2e41820d93e4f5,253e10fa34e37ed487b446b246f77f8f3affd9a96aa286d72aac65e121f8e3cc,0.3769488036632538,NORMAL,STANDARDIZED,,resampled from 22050 to 44100,
harmonium_000501.wav,266.wav,harmonium,Harmonium,Harmonium\266.wav,22050,44100,1,1,3.0,3.0,66150,132300,.wav,132344,4ede3d5cfede221b8de148ad6656bb493b0da2cc91f30832d8834f13fdd056f4,fd2c38755570b7f68c0a3b97425b6123b796fbc9fa5aa0fdb0108b86c4bf4012,0.42971980571746826,NORMAL,STANDARDIZED,,resampled from 22050 to 44100,
harmonium_000502.wav,267.wav,harmonium,Harmonium,Harmonium\267.wav,22050,44100,1,1,3.0,3.0,66150,132300,.wav,132344,e9159cda22b9c1cc62bc003619415c5b0579d5282a3ef1b35510203cac386543,9417d0cb5d0c3f0f63cf3f5477ed24814efb8060d3c763acb944e70841b47fd0,0.38550642132759094,NORMAL,STANDARDIZED,,resampled from 22050 to 44100,
harmonium_000503.wav,268.wav,harmonium,Harmonium,Harmonium\268.wav,22050,44100,1,1,3.0,3.0,66150,132300,.wav,132344,aa72c6fb3129c7b47ec8dc1ba569bed7e3b0fa090fa50c3ddb3564ca58959fb5,148d7adc2e83e8e6dba2a7c5b3432fdd46af9f8c73f9eef66ae239e4bb73b5c2,0.38302695751190186,NORMAL,STANDARDIZED,,resampled from 22050 to 44100,
harmonium_000504.wav,269.wav,harmonium,Harmonium,Harmonium\269.wav,22050,44100,1,1,3.0,3.0,66150,132300,.wav,132344,b9fce58fe3108fafb5542f44cdfa7313cfafcc5473fc112694b153bc76978ee8,8219d6235315961497c4e57025c386f468b125c635279ebadc4b91ec1983d68a,0.3782605230808258,NORMAL,STANDARDIZED,,resampled from 22050 to 44100,
harmonium_000505.wav,27.wav,harmonium,Harmonium,Harmonium\27.wav,22050,44100,1,1,3.0,3.0,66150,132300,.wav,132344,e6de1afd748187c90b323dcc94c92743ed7c9183b73b20d7eb3e36a37db6a9b0,692640f1554129cefd46c3a60bd58a1dab7d6375f586adad048fe8a3a78c526c,0.38546398282051086,NORMAL,STANDARDIZED,,resampled from 22050 to 44100,
harmonium_000506.wav,270.wav,harmonium,Harmonium,Harmonium\270.wav,22050,44100,1,1,3.0,3.0,66150,132300,.wav,132344,b34c059e2719c099c0b02c2887efc4f6f7193f7082eb0441a67851e6f82e2949,5a7153fd8933d15bbc8f9fb2d0566dce8002ff2b309a18feea854f1f3e5e5b63,0.4336722493171692,NORMAL,STANDARDIZED,,resampled from 22050 to 44100,
harmonium_000507.wav,271.wav,harmonium,Harmonium,Harmonium\271.wav,22050,44100,1,1,3.0,3.0,66150,132300,.wav,132344,ffde103e849b22407fc68b8801293cb5f443423d5f4cd7d5df1ba14bbdaa8aac,a87b86d36ad7e3b67085f75fc821f1548a716b83c63aee5c06ac59f3c9165c28,0.38205432891845703,NORMAL,STANDARDIZED,,resampled from 22050 to 44100,
harmonium_000508.wav,272.wav,harmonium,Harmonium,Harmonium\272.wav,22050,44100,1,1,3.0,3.0,66150,132300,.wav,132344,b40fe6d76cc6ba78e4e74c117b7ead26df81f4f3d8022dc197c03070a6918088,7fb6b5c32e259b01580ca2dfd009678e72775d0f89b15cda4fafecd3af9a06a0,0.3805103898048401,NORMAL,STANDARDIZED,,resampled from 22050 to 44100,
harmonium_000509.wav,273.wav,harmonium,Harmonium,Harmonium\273.wav,22050,44100,1,1,3.0,3.0,66150,132300,.wav,132344,56b59aee45b61db9d9d674783ed9f9faf77345e22eabbb6d8eb77702556c5a54,201ce7aec8f57d88d16a243203d5969f31dbc5b27378d4f135266784cc47349b,0.3829942047595978,NORMAL,STANDARDIZED,,resampled from 22050 to 44100,
harmonium_000510.wav,274.wav,harmonium,Harmonium,Harmonium\274.wav,22050,44100,1,1,3.0,3.0,66150,132300,.wav,132344,39601727406c345393071e35c3dd9d2db2dde343896862bef1c795a7cb7b46fe,cfe5bede65f68ee28274270e3eb642ccedc1d09c6bf6ff96f58e7d1e646bc3e3,0.42863190174102783,NORMAL,STANDARDIZED,,resampled from 22050 to 44100,
harmonium_000511.wav,275.wav,harmonium,Harmonium,Harmonium\275.wav,22050,44100,1,1,3.0,3.0,66150,132300,.wav,132344,314a0ac95dcee150d0843565b7586d840178278d70eee804caa6fcb70af96eea,ea62213ab5eae515d8345ed54ac8f2c442754574a5dc91114957d2914bfbbaca,0.38412174582481384,NORMAL,STANDARDIZED,,resampled from 22050 to 44100,
harmonium_000512.wav,276.wav,harmonium,Harmonium,Harmonium\276.wav,22050,44100,1,1,3.0,3.0,66150,132300,.wav,132344,aee3f13362389676c5b2cfd2ddd0befef81d5c1f2d6b7ecc3bb386de059fbf73,171e7bddb418ada404fa764f9fd4549942a31b532cd738c4143d375133c3b873,0.3777228593826294,NORMAL,STANDARDIZED,,resampled from 22050 to 44100,
harmonium_000513.wav,277.wav,harmonium,Harmonium,Harmonium\277.wav,22050,44100,1,1,3.0,3.0,66150,132300,.wav,132344,bf00a1fd245fe94ef1d35cf584eaaff4648101354fd94b1387e01ea9732529d8,3307132599f8b24b1c6ebde91fa12ef83fc1f2c26da5c8b8c4f61054ac3545d9,0.38160642981529236,NORMAL,STANDARDIZED,,resampled from 22050 to 44100,
harmonium_000514.wav,278.wav,harmonium,Harmonium,Harmonium\278.wav,22050,44100,1,1,3.0,3.0,66150,132300,.wav,132344,04153341e0b8daaa08e9a94479dedbd8a57e8211d7caaae333bc4ef0ae72e971,2e6db83aeae837faa90ebd38174267bd54f5c9f6f441615805d852d7eb2faef3,0.4274241626262665,NORMAL,STANDARDIZED,,resampled from 22050 to 44100,
harmonium_000515.wav,279.wav,harmonium,Harmonium,Harmonium\279.wav,22050,44100,1,1,3.0,3.0,66150,132300,.wav,132344,6b8789304b2dcecee705e760f4d76da0e56f6e6b974a8de1d1e08b231984e272,35d9ac0afd5f5619639a9119884b2c14fdc75bbf05226f8355791abfe7e984ac,0.3873136043548584,NORMAL,STANDARDIZED,,resampled from 22050 to 44100,
harmonium_000516.wav,28.wav,harmonium,Harmonium,Harmonium\28.wav,22050,44100,1,1,3.0,3.0,66150,132300,.wav,132344,442ae77be539611af58dfb117f29777d21129231fd616f8ec218196e8ac4c28c,b3c803e97b1820482121dc43a7a80030fee26aab661a077be20fce187ba96e92,0.38298171758651733,NORMAL,STANDARDIZED,,resampled from 22050 to 44100,
harmonium_000517.wav,280.wav,harmonium,Harmonium,Harmonium\280.wav,22050,44100,1,1,3.0,3.0,66150,132300,.wav,132344,df2e262f634801eb411a832bef1ca737b9629c288c5e8fc435a6b8af4a738151,c8b3ddc579453e3730aa674cff805d8f6e243a17084fc1733e29bfbe5316d240,0.3782407343387604,NORMAL,STANDARDIZED,,resampled from 22050 to 44100,
harmonium_000518.wav,281.wav,harmonium,Harmonium,Harmonium\281.wav,22050,44100,1,1,3.0,3.0,66150,132300,.wav,132344,41bd373a1374010204abac6b8d6bbea6695c207da04c7120838847ae7689f856,1b3f80f3ea9c93dfd3c0c6a38a5044f8ee58de5334e21e0be290d4c31bf66d3c,0.377096027135849,NORMAL,STANDARDIZED,,resampled from 22050 to 44100,
harmonium_000519.wav,282.wav,harmonium,Harmonium,Harmonium\282.wav,22050,44100,1,1,3.0,3.0,66150,132300,.wav,132344,e390234d2ecfe58e0ce411a2795c8a93393683acc625178981ec35459211b726,a22da8d8d3f544e198e405ac94d2b036a8b37949af0e0f00155c6cab2f6db1bc,0.4295467138290405,NORMAL,STANDARDIZED,,resampled from 22050 to 44100,
harmonium_000520.wav,283.wav,harmonium,Harmonium,Harmonium\283.wav,22050,44100,1,1,3.0,3.0,66150,132300,.wav,132344,c2d7bf4e66f84f1c313ccaa075c23d46e2dc7c05f3d755874a583b2a907d066a,bbfeb773350ade2dd4300f7ace2af22cf134b193ea58def7ed61d326c90be4f1,0.38546299934387207,NORMAL,STANDARDIZED,,resampled from 22050 to 44100,
harmonium_000521.wav,284.wav,harmonium,Harmonium,Harmonium\284.wav,22050,44100,1,1,3.0,3.0,66150,132300,.wav,132344,9bcf9be1e9cff15a157f97cf7b9e31ce905981a8cd1c5c5b246649ee4351eece,75aabae736b9b8fd46c725ce1adb44bc7a122ad40be918709800749dfc5f94be,0.3829634487628937,NORMAL,STANDARDIZED,,resampled from 22050 to 44100,
harmonium_000522.wav,285.wav,harmonium,Harmonium,Harmonium\285.wav,22050,44100,1,1,3.0,3.0,66150,132300,.wav,132344,9ec16db109b288b228fe06fc219e4750e85bc0cc5151439161d416ca292cbf7c,54a5d9c8a719c258f2a2e1055ba5be25ba7d3fe6b97d58b1cd0040e349660fcd,0.3783271014690399,NORMAL,STANDARDIZED,,resampled from 22050 to 44100,
harmonium_000523.wav,286.wav,harmonium,Harmonium,Harmonium\286.wav,22050,44100,1,1,3.0,3.0,66150,132300,.wav,132344,5247f51de7425b887d1a49274cf626c2288fe4d35af4d53fee5d6f6a8d6990de,4f8e4be185e7f9fe2d4784ca0afd58cf9ae2d842d48b182917e19d49237df055,0.4337548017501831,NORMAL,STANDARDIZED,,resampled from 22050 to 44100,
harmonium_000524.wav,287.wav,harmonium,Harmonium,Harmonium\287.wav,22050,44100,1,1,3.0,3.0,66150,132300,.wav,132344,36d357c9b2160b4dc73b76db5d502d3dc3caf20dba6ba401ea0a984552fed761,47604c844f11cd7ffd5693ebccf0721362b9c5cc34e39247f584ff2bd02e8c0c,0.38218435645103455,NORMAL,STANDARDIZED,,resampled from 22050 to 44100,
harmonium_000525.wav,288.wav,harmonium,Harmonium,Harmonium\288.wav,22050,44100,1,1,3.0,3.0,66150,132300,.wav,132344,8d5f491657df330dd5005deeb2e832950695da4ad57240a27ca235abdc7db1a3,9d19c011ea48335a4042ac22dafd435289ec1cabfea62de6766b82ec4b4f6a5a,0.3806065320968628,NORMAL,STANDARDIZED,,resampled from 22050 to 44100,
harmonium_000526.wav,289.wav,harmonium,Harmonium,Harmonium\289.wav,22050,44100,1,1,3.0,3.0,66150,132300,.wav,132344,ba7a607ef6ce216e3d87e31f18d608b1e4039eab86bb252dd5a6bc49bfa91848,c214e6c9e0654d2088eefaceb467536c6d693e94d463722972791b6417430123,0.38304436206817627,NORMAL,STANDARDIZED,,resampled from 22050 to 44100,
harmonium_000527.wav,29.wav,harmonium,Harmonium,Harmonium\29.wav,22050,44100,1,1,3.0,3.0,66150,132300,.wav,132344,4ab56cef366800f2d643391ec9a3363e56f84ad7387faea498cc057bf4fe4bf0,1836a78c18021347476713421459ab7905eab314de3e08bf93606777459894d2,0.3783373236656189,NORMAL,STANDARDIZED,,resampled from 22050 to 44100,
harmonium_000528.wav,290.wav,harmonium,Harmonium,Harmonium\290.wav,22050,44100,1,1,3.0,3.0,66150,132300,.wav,132344,f5ec65b2b3c7b079c93175a734da51031f58a32c0d5eec9704945e2f246a0efb,884f8ef7279821494ea52d721041397fb3095246c0aa66249735eb0494ed457e,0.42862558364868164,NORMAL,STANDARDIZED,,resampled from 22050 to 44100,
harmonium_000529.wav,291.wav,harmonium,Harmonium,Harmonium\291.wav,22050,44100,1,1,3.0,3.0,66150,132300,.wav,132344,54aba61c446aec820cd96f0ce2a22e97caa5f8ca549e1ca4daa863ed909e1781,703c44c3e1829f5a04b80967f2c213938c14f49bddf481b4ebc59eb3d8883f68,0.38395950198173523,NORMAL,STANDARDIZED,,resampled from 22050 to 44100,
harmonium_000530.wav,292.wav,harmonium,Harmonium,Harmonium\292.wav,22050,44100,1,1,3.0,3.0,66150,132300,.wav,132344,e4770337aadfe46339ab09639751dfe50d82d55dcaab4f295b3eacee302463f1,00bcec4f92e8d5d2ab0574295c37aa4e25af8fda7c5fcfc539eb07e50222df1a,0.37783417105674744,NORMAL,STANDARDIZED,,resampled from 22050 to 44100,
harmonium_000531.wav,293.wav,harmonium,Harmonium,Harmonium\293.wav,22050,44100,1,1,3.0,3.0,66150,132300,.wav,132344,0333c48ed2a4d923f69620e071f7827277a6c9a694fd07f5d3af6da61144ae9f,b475ec2ec20d964b049225eac912260f0029d4f31a3ee8e882397a8bd4072983,0.38156723976135254,NORMAL,STANDARDIZED,,resampled from 22050 to 44100,
harmonium_000532.wav,294.wav,harmonium,Harmonium,Harmonium\294.wav,22050,44100,1,1,3.0,3.0,66150,132300,.wav,132344,c6eddb77d3e48a507d036d7a073a1811d67a8c1078951b7668743258a97b2733,d1ef3a610927981f5529267d2eee1d1423f37b0123f4155f39a11afd5cb23cbf,0.4272843599319458,NORMAL,STANDARDIZED,,resampled from 22050 to 44100,
harmonium_000533.wav,295.wav,harmonium,Harmonium,Harmonium\295.wav,22050,44100,1,1,3.0,3.0,66150,132300,.wav,132344,cfa546e8444018173deb900db8fd509955870517356aa0a00a5d2b477d22e62a,6280fddf67299c84c87a3c374c97c6ec1dace12d1d768207763d095c06775c12,0.3872235119342804,NORMAL,STANDARDIZED,,resampled from 22050 to 44100,
harmonium_000534.wav,296.wav,harmonium,Harmonium,Harmonium\296.wav,22050,44100,1,1,3.0,3.0,66150,132300,.wav,132344,286ad7c295db18f1628391d6050af0503cd513105a0da381cb2f36ce164c2dde,a0ff79cbc14bad9ce62ec1f27c7f4f81b4f10c50ef8a597c700f7f509629584c,0.37814822793006897,NORMAL,STANDARDIZED,,resampled from 22050 to 44100,
harmonium_000535.wav,297.wav,harmonium,Harmonium,Harmonium\297.wav,22050,44100,1,1,3.0,3.0,66150,132300,.wav,132344,d9bc3d6a28cd9e70f59f8f6b1e004347e86fa6a6eb97db3147b64750b117d710,1d79133bdf73727c060ec0874be6d4ace8b2eec18d1af90cfbc771e19ed0dced,0.37702158093452454,NORMAL,STANDARDIZED,,resampled from 22050 to 44100,
harmonium_000536.wav,298.wav,harmonium,Harmonium,Harmonium\298.wav,22050,44100,1,1,3.0,3.0,66150,132300,.wav,132344,841e76c9f94cf8d5d4549e130f8ea0178923fffb8d7a0de651c0e105e66ead30,3544eb0d36a0b0d9549639306138fd06791d7a71bbc290822c4271f6d714713d,0.4295899271965027,NORMAL,STANDARDIZED,,resampled from 22050 to 44100,
harmonium_000537.wav,299.wav,harmonium,Harmonium,Harmonium\299.wav,22050,44100,1,1,3.0,3.0,66150,132300,.wav,132344,d93685d49e8d9da5788a8994c295b794d9bc30921a7badbde800d3230a0379cc,be59e804a4e258fbf0d897043ffb52c086c5f666df4b133a2909ef65412abbbf,0.3855149447917938,NORMAL,STANDARDIZED,,resampled from 22050 to 44100,
harmonium_000538.wav,3.wav,harmonium,Harmonium,Harmonium\3.wav,22050,44100,1,1,3.0,3.0,66150,132300,.wav,132344,55a287b05f9cf058a3eb1a42909146e4f9050bbf2650c88048c9f429579aac21,01eb4fd3d375f3eb1bc3787ac5a6a2d4354f2b2ecdc158042e3bb4c559fcfccf,0.3749818801879883,NORMAL,STANDARDIZED,,resampled from 22050 to 44100,
harmonium_000539.wav,30.wav,harmonium,Harmonium,Harmonium\30.wav,22050,44100,1,1,3.0,3.0,66150,132300,.wav,132344,d3854642bffec11885932121ca519cf3be8d29b19548646de17f64a0264bcc1b,7a2eec02340e14fa2d746da4a7fccba00da5330236980be20c9382db3f9c08d0,0.4336754083633423,NORMAL,STANDARDIZED,,resampled from 22050 to 44100,
harmonium_000540.wav,300.wav,harmonium,Harmonium,Harmonium\300.wav,22050,44100,1,1,3.0,3.0,66150,132300,.wav,132344,fe0943e800187853183cabfb3f3bfa875d9a239527919c698f46d5f4dfc00c76,c2b7931050fdc73d4ab6563a8e12405ea5116a907e59f56d5e5f89482383b52b,0.3829806447029114,NORMAL,STANDARDIZED,,resampled from 22050 to 44100,
harmonium_000541.wav,301.wav,harmonium,Harmonium,Harmonium\301.wav,22050,44100,1,1,3.0,3.0,66150,132300,.wav,132344,0950ac3796c80d4adfad67faa608db2bbe0d7561e0f94715976dc6ddcffd064b,5b591ae8b2bcae25271dc4306290b44d83e051f3a268923628fd53d1ecfea4f1,0.3783533573150635,NORMAL,STANDARDIZED,,resampled from 22050 to 44100,
harmonium_000542.wav,302.wav,harmonium,Harmonium,Harmonium\302.wav,22050,44100,1,1,3.0,3.0,66150,132300,.wav,132344,48412ef4bb0486484e824f0262819debca6f58742d45079ca67894f2650643ff,f13cad0cb3ddbec0a4abcedd45dafc0e5cbc9a7140a5ef349133570d187bf27a,0.43372803926467896,NORMAL,STANDARDIZED,,resampled from 22050 to 44100,
harmonium_000543.wav,303.wav,harmonium,Harmonium,Harmonium\303.wav,22050,44100,1,1,3.0,3.0,66150,132300,.wav,132344,a4c56c7db38e1cf9e2a5dde01e5f182311c035d900a0c0bdbd4a757e59b0b181,11d1401cf3ae0fccbf12ad95eef13f485a021a5b9f65246a0223cd24540a7e1d,0.3821837604045868,NORMAL,STANDARDIZED,,resampled from 22050 to 44100,
harmonium_000544.wav,304.wav,harmonium,Harmonium,Harmonium\304.wav,22050,44100,1,1,3.0,3.0,66150,132300,.wav,132344,0249fcff5f90d14155ee8a2861ed3b364a5bbc50fb9d06f8363a4f82175e0b3a,2db9a94d1a44553949321b7246df7ce3e0337333f12e256c2e15146e1470b92c,0.3805323839187622,NORMAL,STANDARDIZED,,resampled from 22050 to 44100,
harmonium_000545.wav,305.wav,harmonium,Harmonium,Harmonium\305.wav,22050,44100,1,1,3.0,3.0,66150,132300,.wav,132344,6641f9a780e7a39ae2ffce8566dfad477aa32c5cb306058d28735ef679d6e06a,e40e1c11c2559ef40b820b60e1f4c33665631747a690e51c90012c0595497b8e,0.38310056924819946,NORMAL,STANDARDIZED,,resampled from 22050 to 44100,
harmonium_000546.wav,306.wav,harmonium,Harmonium,Harmonium\306.wav,22050,44100,1,1,3.0,3.0,66150,132300,.wav,132344,395c69b3ae0bbb9b333fa4b32ad87f8d5fea574230dfd13181798fc41cc2a6f1,4e723bbdba6fd2883161be5873cd2a12a58dd9c810e17472a0a15601179320da,0.42864397168159485,NORMAL,STANDARDIZED,,resampled from 22050 to 44100,
harmonium_000547.wav,307.wav,harmonium,Harmonium,Harmonium\307.wav,22050,44100,1,1,3.0,3.0,66150,132300,.wav,132344,1a54e47a4eb8bd6e4301c93b65c97b08f1f5744008f24531eae70665db700421,6b8d26c2d288edd956c2b36cd4626e4faac1489d48fa9a5cd321f7b6fc10ce26,0.3840711712837219,NORMAL,STANDARDIZED,,resampled from 22050 to 44100,
harmonium_000548.wav,308.wav,harmonium,Harmonium,Harmonium\308.wav,22050,44100,1,1,3.0,3.0,66150,132300,.wav,132344,90fdede47a801c9cd31c389bc0452fd04e06a67a49bd33ba60976c7a9c85141b,ff6321364b332f7f28f0af97f3251f6f37f1d99d390ce22f8e82505608e835aa,0.3779110014438629,NORMAL,STANDARDIZED,,resampled from 22050 to 44100,
harmonium_000549.wav,309.wav,harmonium,Harmonium,Harmonium\309.wav,22050,44100,1,1,3.0,3.0,66150,132300,.wav,132344,5882a13459a32bdb119ee2c3d7b5981c6099082a8f624118856dd0e492442745,4f4e93f86166888adf20b1feb6c76ccd81004539aa3a4e8d87d899848a8f95a6,0.3817082345485687,NORMAL,STANDARDIZED,,resampled from 22050 to 44100,
harmonium_000550.wav,31.wav,harmonium,Harmonium,Harmonium\31.wav,22050,44100,1,1,3.0,3.0,66150,132300,.wav,132344,9ad40cceb804b0cdd623bcc8a7eaadddc93e32c258a03855514082a16d79fb53,e64d99afef97dc620a7666c4b47e24f289be52ee24fe74c4fcfcc7d1ca2d2fb6,0.38220858573913574,NORMAL,STANDARDIZED,,resampled from 22050 to 44100,
harmonium_000551.wav,310.wav,harmonium,Harmonium,Harmonium\310.wav,22050,44100,1,1,3.0,3.0,66150,132300,.wav,132344,8eb2b72d0da3bc333257ac7539c5e0117f1a1330ea312c49d549f278af8fc52a,323a6044bf05ecc17fd40e0cc0ad8b32439925d755237ead7c51c2edb8e4d0c3,0.4272960126399994,NORMAL,STANDARDIZED,,resampled from 22050 to 44100,
harmonium_000552.wav,311.wav,harmonium,Harmonium,Harmonium\311.wav,22050,44100,1,1,3.0,3.0,66150,132300,.wav,132344,311c2928e27dc3b3e6058e96586ede22f430ea87e67628258b4e7c1972824d64,b149f93d766d8f5a9b1b9091792111540ac7de83630f7566494177f58e08ff3c,0.3873451352119446,NORMAL,STANDARDIZED,,resampled from 22050 to 44100,
harmonium_000553.wav,312.wav,harmonium,Harmonium,Harmonium\312.wav,22050,44100,1,1,3.0,3.0,66150,132300,.wav,132344,ef7bf9109f8654201d723cd06fb2c000320e152c97a5814a62510459e3ffac9d,651f73a84129d6dff632d6fd14f191577930c6c663b49444923bde7e2fb91b31,0.37802577018737793,NORMAL,STANDARDIZED,,resampled from 22050 to 44100,
harmonium_000554.wav,313.wav,harmonium,Harmonium,Harmonium\313.wav,22050,44100,1,1,3.0,3.0,66150,132300,.wav,132344,78a5aab98ab08dbec82a6f9c2d6bf738d7d7d8bd59f6787b6771420422a3f911,1f46e0987e515110bb56042f8782322f096de22591bb2667300f6b29b5095e74,0.3770733177661896,NORMAL,STANDARDIZED,,resampled from 22050 to 44100,
harmonium_000555.wav,314.wav,harmonium,Harmonium,Harmonium\314.wav,22050,44100,1,1,3.0,3.0,66150,132300,.wav,132344,a32a159679ce6957b53e0a29a342b4752701ebe0dfa9577af7127fa05ada8b1a,21dcc21e365003e7c1fd649d56d4d223f417771a4563dc9af76afe67da768631,0.4296286404132843,NORMAL,STANDARDIZED,,resampled from 22050 to 44100,
harmonium_000556.wav,315.wav,harmonium,Harmonium,Harmonium\315.wav,22050,44100,1,1,3.0,3.0,66150,132300,.wav,132344,0024f1163f6ab804107e64000c9d1792ca598a3cb8c5d098ebd10a6873aa60d6,e3acba24b4ffffac1eb9f881e53b857206ab8ed485d4c7d2371f57ad446d1545,0.3854316473007202,NORMAL,STANDARDIZED,,resampled from 22050 to 44100,
harmonium_000557.wav,316.wav,harmonium,Harmonium,Harmonium\316.wav,22050,44100,1,1,3.0,3.0,66150,132300,.wav,132344,b4d2d8e559f4b8addfa545595486a3750720250c3c6c6423d8780b00df09b0b7,212fdc58f9abc96a3bee393483c8b0ace22f24b1b8600c0d0ff398eac0f5d70f,0.38296690583229065,NORMAL,STANDARDIZED,,resampled from 22050 to 44100,
harmonium_000558.wav,317.wav,harmonium,Harmonium,Harmonium\317.wav,22050,44100,1,1,3.0,3.0,66150,132300,.wav,132344,8dcfc410f1fc912ff1f4827ea24f3d74da659fea8a563f5ce571c339ddd5c5e1,4bd719bfd347edd1c7baf6e4891ed911a35a808a4aae1931cfd921169c3e427b,0.3783922791481018,NORMAL,STANDARDIZED,,resampled from 22050 to 44100,
harmonium_000559.wav,318.wav,harmonium,Harmonium,Harmonium\318.wav,22050,44100,1,1,3.0,3.0,66150,132300,.wav,132344,ad934bf1f807adcdb1e12bd25d051adf4efb657a44eb70629a9a97d4d024e29d,fcdf2f523a7455c7946726c8eec7fc65cd3baf6028910f558714297d6f163196,0.43376949429512024,NORMAL,STANDARDIZED,,resampled from 22050 to 44100,
harmonium_000560.wav,319.wav,harmonium,Harmonium,Harmonium\319.wav,22050,44100,1,1,3.0,3.0,66150,132300,.wav,132344,9317f20202ec0fbda96c5cdf62f51a681a76d09d922de02fd2e7435e3df74bce,0ce09631d3bbd2390bcc8d24a1464f4e592a6c6d9b7e2890c6be36716d6c925e,0.3821747303009033,NORMAL,STANDARDIZED,,resampled from 22050 to 44100,
harmonium_000561.wav,32.wav,harmonium,Harmonium,Harmonium\32.wav,22050,44100,1,1,3.0,3.0,66150,132300,.wav,132344,9e80b1635eda92d60b735444cef761e5eb5d9afe7c54d19fdaeb40f04e2fe8f1,d524a4448184b715366f8f2fb89ceba9f938632d735915a9e3f64a4f7923c365,0.38073503971099854,NORMAL,STANDARDIZED,,resampled from 22050 to 44100,
harmonium_000562.wav,320.wav,harmonium,Harmonium,Harmonium\320.wav,22050,44100,1,1,3.0,3.0,66150,132300,.wav,132344,e91c136298f24fd1cf044ff0053eee38e88bd3e2e2c50939c54a36837f6d514d,f7617cb8406711328a9588c5db7e027af410b02a7c64c7bdb45617b1d06ce55c,0.38050606846809387,NORMAL,STANDARDIZED,,resampled from 22050 to 44100,
harmonium_000563.wav,321.wav,harmonium,Harmonium,Harmonium\321.wav,22050,44100,1,1,3.0,3.0,66150,132300,.wav,132344,13be47160517d47fad84325eb74194c208ceac97ecb2d60a9ce7894a4cbcfc0f,40f935ae1c54f9d46a61f8672c3c2db4c6d5f83349493235178c80d2a838c763,0.38305678963661194,NORMAL,STANDARDIZED,,resampled from 22050 to 44100,
harmonium_000564.wav,322.wav,harmonium,Harmonium,Harmonium\322.wav,22050,44100,1,1,3.0,3.0,66150,132300,.wav,132344,20665b1947953e9ffc9e4a971da7ee06aa6a90755b97f4021ee7c45dd5fdea6f,4549baceac1412b44fba6fc6a68d0893915cf915ff8e8bef2362d2a358107f21,0.4286237955093384,NORMAL,STANDARDIZED,,resampled from 22050 to 44100,
harmonium_000565.wav,323.wav,harmonium,Harmonium,Harmonium\323.wav,22050,44100,1,1,3.0,3.0,66150,132300,.wav,132344,1fffdb7c01a53398554c8348142c4d9277b0c807bebdc944de23fcd0dd75fc4f,d5893fd5127dba4f0f6c1257e1d27bec7d1dd7962f3a97253f376865a8d1e050,0.3839728534221649,NORMAL,STANDARDIZED,,resampled from 22050 to 44100,
harmonium_000566.wav,324.wav,harmonium,Harmonium,Harmonium\324.wav,22050,44100,1,1,3.0,3.0,66150,132300,.wav,132344,06a027fe3b3f6f40bf4e49f0bb48a0cbd285b3ceb1e2a5cf117f5d5b17ff352c,447d7c8df3c3827a62dcb56fac43811ebc7aada88fc1ee67940df25c506421b1,0.3777899444103241,NORMAL,STANDARDIZED,,resampled from 22050 to 44100,
harmonium_000567.wav,325.wav,harmonium,Harmonium,Harmonium\325.wav,22050,44100,1,1,3.0,3.0,66150,132300,.wav,132344,7a5d18870ba5124e6dd5111fc3abcea718b21fdbccecd63edb79f7d8312bd102,93bc1f43181062738a152ad497197e439cb7b0b1d5e6b855a55858661018cead,0.381664901971817,NORMAL,STANDARDIZED,,resampled from 22050 to 44100,
harmonium_000568.wav,326.wav,harmonium,Harmonium,Harmonium\326.wav,22050,44100,1,1,3.0,3.0,66150,132300,.wav,132344,c0ef5ba9f59a1cf28430973e17ce2402ad89c84360440888effa9a9e885974aa,6a2226c3ff13e240130f323aabfd5c213ddb5520e4e5a1caeabd9678d3985cb2,0.4272899627685547,NORMAL,STANDARDIZED,,resampled from 22050 to 44100,
harmonium_000569.wav,327.wav,harmonium,Harmonium,Harmonium\327.wav,22050,44100,1,1,3.0,3.0,66150,132300,.wav,132344,53e350d2d5508cda5263ab7afbbeb0d275e170f422bc7e70901f146381e3c630,ec012a9f669e6561c56272af3ca72da6444744816388188fb4bf6da4d796d19c,0.38736027479171753,NORMAL,STANDARDIZED,,resampled from 22050 to 44100,
harmonium_000570.wav,328.wav,harmonium,Harmonium,Harmonium\328.wav,22050,44100,1,1,3.0,3.0,66150,132300,.wav,132344,7be8158c0f792e979472ee7349637bddd52667bade6f05cb98736e29b31721d3,042e682bf08fdf04985c504ebd87f35ee2aa5d5c1a0799e20365cbbb5e0fe66a,0.37819501757621765,NORMAL,STANDARDIZED,,resampled from 22050 to 44100,
harmonium_000571.wav,329.wav,harmonium,Harmonium,Harmonium\329.wav,22050,44100,1,1,3.0,3.0,66150,132300,.wav,132344,3c3bcffe05c5d4b514fc2a425f918316c14e67596cefa65c476c6463296fccb6,6b04a093e75c7d2a60fa997b32cb287ae3bba0ed55f11f5213ac0e188087f487,0.3771633207798004,NORMAL,STANDARDIZED,,resampled from 22050 to 44100,
harmonium_000572.wav,33.wav,harmonium,Harmonium,Harmonium\33.wav,22050,44100,1,1,3.0,3.0,66150,132300,.wav,132344,1af40d1f7f65df5ec1249c5ae8565f4745e736553f0e0e30d3ed230285034728,ac72af2637dc8755587ebf4bf97323fd563f301e0eadb8d784cb7558ec9d399a,0.3830263912677765,NORMAL,STANDARDIZED,,resampled from 22050 to 44100,
harmonium_000573.wav,330.wav,harmonium,Harmonium,Harmonium\330.wav,22050,44100,1,1,3.0,3.0,66150,132300,.wav,132344,5fa67e12c2f31a11012add9fd40040a82db0dd87b553829623e55bc5854a3ce1,3640fc1af946a90e7a0792582eed571433a714f89a945942a88ff0bf3acef482,0.42971277236938477,NORMAL,STANDARDIZED,,resampled from 22050 to 44100,
harmonium_000574.wav,331.wav,harmonium,Harmonium,Harmonium\331.wav,22050,44100,1,1,3.0,3.0,66150,132300,.wav,132344,8c2ac8cd54d039d8be255317e0dd364d0a89c4ce4c16d125d2f4ce9af6844acd,5d8ecb150bb6d5616ece29d8ea1bba3514d18c85f5a7d5999054b1d25033da5d,0.38545122742652893,NORMAL,STANDARDIZED,,resampled from 22050 to 44100,
harmonium_000575.wav,332.wav,harmonium,Harmonium,Harmonium\332.wav,22050,44100,1,1,3.0,3.0,66150,132300,.wav,132344,adccbda61240c36a60974df6fc3c9673d6217525e9db5f40a2ba5e207d4a1ccb,13d663f0ddafe37bc7ff2e6981511e2c827ab2a08a1da74e945194cf23f54f9f,0.383036345243454,NORMAL,STANDARDIZED,,resampled from 22050 to 44100,
harmonium_000576.wav,333.wav,harmonium,Harmonium,Harmonium\333.wav,22050,44100,1,1,3.0,3.0,66150,132300,.wav,132344,6bd832cb104f89675a0117ae59dd90562d504821a2af2ec839ddca9883d84368,d85594c40fe18758185e83177a603b028cc1663e9abffbc47c5c0955a2b581d3,0.37822091579437256,NORMAL,STANDARDIZED,,resampled from 22050 to 44100,
harmonium_000577.wav,334.wav,harmonium,Harmonium,Harmonium\334.wav,22050,44100,1,1,3.0,3.0,66150,132300,.wav,132344,e86bc2453f0245a578c4e6897bde0dde47e0c23f94ecc85b6e3fa46143d17a4c,c43bc4656cec1fc4e68a3bc1eee3f78141cfb25540b5804f034ebb5422b0ed02,0.4337387979030609,NORMAL,STANDARDIZED,,resampled from 22050 to 44100,
harmonium_000578.wav,335.wav,harmonium,Harmonium,Harmonium\335.wav,22050,44100,1,1,3.0,3.0,66150,132300,.wav,132344,9a030fbe465a865e5083de498e1e11495c8624481001141c8c9786bbef7ceaeb,9141abcfc7413a3fc26cc6454504423cf0511b902c0058cdda42d072e9a8c224,0.38208699226379395,NORMAL,STANDARDIZED,,resampled from 22050 to 44100,
harmonium_000579.wav,336.wav,harmonium,Harmonium,Harmonium\336.wav,22050,44100,1,1,3.0,3.0,66150,132300,.wav,132344,e4be0ca982cf59bb7ecfb99c74c955af0a471725c3b62a88dab6dae44ca46b97,a46f8dcd1136235d52d2190c2079ca326efe73914cee39289e7475343161122e,0.38065460324287415,NORMAL,STANDARDIZED,,resampled from 22050 to 44100,
harmonium_000580.wav,337.wav,harmonium,Harmonium,Harmonium\337.wav,22050,44100,1,1,3.0,3.0,66150,132300,.wav,132344,9772f05ba5afc97f51e90127c2620bd050791dd19ae13ecbe29819f379b43c3a,89234d8937e4c44e11f204698293cf5e6fb2ef74855bbe7ea4c18f9369e48b31,0.3829312026500702,NORMAL,STANDARDIZED,,resampled from 22050 to 44100,
harmonium_000581.wav,338.wav,harmonium,Harmonium,Harmonium\338.wav,22050,44100,1,1,3.0,3.0,66150,132300,.wav,132344,142189039c5cf215d27b716e7b9151b0d7464edcbe61415a09a613a100089665,5932df35585d3e3eb81974e5875a21a1a1c0bf4eced838cc493d85f63f7d2d09,0.42856574058532715,NORMAL,STANDARDIZED,,resampled from 22050 to 44100,
harmonium_000582.wav,339.wav,harmonium,Harmonium,Harmonium\339.wav,22050,44100,1,1,3.0,3.0,66150,132300,.wav,132344,ea1e605871a3470b83b4a38e92a9ca0018e6824af7e8e04bce2cb7fe1317f5dd,7e91b246b28de874edd4883265e13e2403accbde7b3d1dc00d482f18d93a6e4a,0.384112149477005,NORMAL,STANDARDIZED,,resampled from 22050 to 44100,
harmonium_000583.wav,34.wav,harmonium,Harmonium,Harmonium\34.wav,22050,44100,1,1,3.0,3.0,66150,132300,.wav,132344,7800ef3ae38a3970d660a745aeaa45ba8e98288ce6e45673a23392b2f8858f31,c23ec04fbf22278d37ed6fa8f032ddfd6a8f0cce72e1009c54349d150d080902,0.42867857217788696,NORMAL,STANDARDIZED,,resampled from 22050 to 44100,
harmonium_000584.wav,340.wav,harmonium,Harmonium,Harmonium\340.wav,22050,44100,1,1,3.0,3.0,66150,132300,.wav,132344,815542fe09f2d199e2de0e5d97257e1dd1d05478cf87404f3e61b22f0427751a,07c3d9b762d3cde5ea3e1dee30771917c1144cc545b2c1b8097fc379f44b88e6,0.377988338470459,NORMAL,STANDARDIZED,,resampled from 22050 to 44100,
harmonium_000585.wav,341.wav,harmonium,Harmonium,Harmonium\341.wav,22050,44100,1,1,3.0,3.0,66150,132300,.wav,132344,7b7247a0fbb7637c0675bbd61652543963dbb718346e554aa561e77e868dd5ed,77afb4b0caf5a897d40c9f2875e3979b1319d1065c72192bfd9da667682a67a1,0.3817346394062042,NORMAL,STANDARDIZED,,resampled from 22050 to 44100,
harmonium_000586.wav,342.wav,harmonium,Harmonium,Harmonium\342.wav,22050,44100,1,1,3.0,3.0,66150,132300,.wav,132344,64fb0e0ec57abc0fab6b87cf2a25addf738652dcf13f0cd4bc7dfa2ac4e78436,cf370f8e0a4d52d024fb67c7530144a31b977329420aece1888da045c242a67d,0.42720356583595276,NORMAL,STANDARDIZED,,resampled from 22050 to 44100,
harmonium_000587.wav,343.wav,harmonium,Harmonium,Harmonium\343.wav,22050,44100,1,1,3.0,3.0,66150,132300,.wav,132344,414f52181b89e377134139eb03a54041b747ffbcab61ec49d65f71a15632ab1c,50829aad7e9561326a3a076a541fe86833bafd27dec5463fd5bf863661313ae8,0.3873436748981476,NORMAL,STANDARDIZED,,resampled from 22050 to 44100,
harmonium_000588.wav,344.wav,harmonium,Harmonium,Harmonium\344.wav,22050,44100,1,1,3.0,3.0,66150,132300,.wav,132344,29058a058c824c462dc2e18b88989ec34ef992a8e633f10207241cf3096b57bc,501b3eb87ebc07871118314d2f0a53937f0091ab65b7c3794675ee17a92c3873,0.37807339429855347,NORMAL,STANDARDIZED,,resampled from 22050 to 44100,
harmonium_000589.wav,345.wav,harmonium,Harmonium,Harmonium\345.wav,22050,44100,1,1,3.0,3.0,66150,132300,.wav,132344,8c524ff56d7b683be331a89c96a8d7f865dcc29d2e03e9bb9569259e69362602,5f7bed205abfdb39062487b2922583ec33f076ce583e17fb183212da4f5980de,0.37707844376564026,NORMAL,STANDARDIZED,,resampled from 22050 to 44100,
harmonium_000590.wav,346.wav,harmonium,Harmonium,Harmonium\346.wav,22050,44100,1,1,3.0,3.0,66150,132300,.wav,132344,f1223b8d926e0dba5d657ff897ef0868707a9c39f19aba38e9e905349bdd57e0,da41d6140b2d4316a2a591987aa9e3f0cdf4400605b2ad4cf02a5036c3f0b2fc,0.42964857816696167,NORMAL,STANDARDIZED,,resampled from 22050 to 44100,
harmonium_000591.wav,347.wav,harmonium,Harmonium,Harmonium\347.wav,22050,44100,1,1,3.0,3.0,66150,132300,.wav,132344,013229a943efc843e0a16f1b4d24db189f98dc92d3f549ff30ce26ea6887cef5,d7d9caff9825b4d574597837040d951236e86a071636e36873d70e8721a50e71,0.3854306638240814,NORMAL,STANDARDIZED,,resampled from 22050 to 44100,
harmonium_000592.wav,348.wav,harmonium,Harmonium,Harmonium\348.wav,22050,44100,1,1,3.0,3.0,66150,132300,.wav,132344,95ebd12df8279562c0283f9c7f0387f1c4f73ff20b7c9801ee31cd1c9091d8e8,f5463ab1211f776797f49f4a66c222ca72f36a7cc902fe0b28e07b175853a4e7,0.3830600678920746,NORMAL,STANDARDIZED,,resampled from 22050 to 44100,
harmonium_000593.wav,349.wav,harmonium,Harmonium,Harmonium\349.wav,22050,44100,1,1,3.0,3.0,66150,132300,.wav,132344,0c9397246eb74e588a338227822325f24afd5cbf8d4a1f72c580b85e17d3c7b1,e08f52a14d81f6591ffb72878e93ffdae16758edb7f8059cc15c8f1a8ed8ff66,0.3783511519432068,NORMAL,STANDARDIZED,,resampled from 22050 to 44100,
harmonium_000594.wav,35.wav,harmonium,Harmonium,Harmonium\35.wav,22050,44100,1,1,3.0,3.0,66150,132300,.wav,132344,0d1545b7093f9c01b74fa66aae4bd9f20e3dfe04c4374f168cabd5694e372cf8,adadf9e72aaaa3c130c72f0a668142450c968b4356b08152467dd43a1020454c,0.3840644061565399,NORMAL,STANDARDIZED,,resampled from 22050 to 44100,
harmonium_000595.wav,350.wav,harmonium,Harmonium,Harmonium\350.wav,22050,44100,1,1,3.0,3.0,66150,132300,.wav,132344,803b7c6b3b9928dd2aa9d872dc8a77c40d096570dba331156f5a29d5c14607ac,5200199aa01882712afbd897befbc135e51da6c267de294d6db38a041f715668,0.4338863790035248,NORMAL,STANDARDIZED,,resampled from 22050 to 44100,
harmonium_000596.wav,351.wav,harmonium,Harmonium,Harmonium\351.wav,22050,44100,1,1,3.0,3.0,66150,132300,.wav,132344,e98036e341f3ca4655ffbd3ed8acf7223a1a3885e4d051b19008fb9abe040076,1694fb2d4d829e2e09df2988435da943ba220fa705878321a58579a5af143baa,0.38208895921707153,NORMAL,STANDARDIZED,,resampled from 22050 to 44100,
harmonium_000597.wav,352.wav,harmonium,Harmonium,Harmonium\352.wav,22050,44100,1,1,3.0,3.0,66150,132300,.wav,132344,4cbdf4d6fa5f1647d03a743b6bd14e600768e279bb4d42e708ec2be80f056376,26ad6d1b481cca3df90c529db4af406bb60d2bcc54f30eec5cc0a662a0388cfc,0.3804837465286255,NORMAL,STANDARDIZED,,resampled from 22050 to 44100,
harmonium_000598.wav,353.wav,harmonium,Harmonium,Harmonium\353.wav,22050,44100,1,1,3.0,3.0,66150,132300,.wav,132344,0e5372c46ddb4c88f6cbc7e7fd5b9991698c18be4f02906afbec4f4d72efc670,6961bbf043493c22e1404809ad60ad55c98f8f66483477ceea321fd3c85973e5,0.3830156624317169,NORMAL,STANDARDIZED,,resampled from 22050 to 44100,
harmonium_000599.wav,354.wav,harmonium,Harmonium,Harmonium\354.wav,22050,44100,1,1,3.0,3.0,66150,132300,.wav,132344,ba5ac02b50b315b2a990dc66f2b5dacf44c85d10270c6342e2ac32710f99bbfe,bc17be2e4307d8fc450b88c5e7f7dbed2e0f96b72b322790a72e985572b8da34,0.42867881059646606,NORMAL,STANDARDIZED,,resampled from 22050 to 44100,
harmonium_000600.wav,355.wav,harmonium,Harmonium,Harmonium\355.wav,22050,44100,1,1,3.0,3.0,66150,132300,.wav,132344,df01a1bfe66fdf8232d9751b443ad9cc0aafdb9bda7dc64808b4e713427fc1dc,f8b6d54663b45d61ef1b36f8645a6fc98db3443756cef0b4ffa10fce89c25f34,0.3840009868144989,NORMAL,STANDARDIZED,,resampled from 22050 to 44100,
harmonium_000601.wav,356.wav,harmonium,Harmonium,Harmonium\356.wav,22050,44100,1,1,3.0,3.0,66150,132300,.wav,132344,8da2aade891e0c1520d7a4648978c962f54cf1baf537340948627569b19be62b,b1c2a6e10b314515b4d9b362568ac24a9d1719c9fbdf127d9d4b1e60529d34a6,0.37787553668022156,NORMAL,STANDARDIZED,,resampled from 22050 to 44100,
harmonium_000602.wav,357.wav,harmonium,Harmonium,Harmonium\357.wav,22050,44100,1,1,3.0,3.0,66150,132300,.wav,132344,658b1cdc3d50ed6d6a386b9b4cad311b43b463282b8aca65efd43579786d0cfc,aa12cdf6f0d33d5a87506a94c13d00c9cb9b89a929498b222b7ceeb611923347,0.3817243278026581,NORMAL,STANDARDIZED,,resampled from 22050 to 44100,
harmonium_000603.wav,358.wav,harmonium,Harmonium,Harmonium\358.wav,22050,44100,1,1,3.0,3.0,66150,132300,.wav,132344,d4eb4e3f35af79d021a661c1aae4cb6c49370cf5ebb45a29bcc4f78c616f63a7,a43ead68cd83f05769637dfa8b3f9481ee1f6e66f16598f646900ebbdb174509,0.427295446395874,NORMAL,STANDARDIZED,,resampled from 22050 to 44100,
harmonium_000604.wav,359.wav,harmonium,Harmonium,Harmonium\359.wav,22050,44100,1,1,3.0,3.0,66150,132300,.wav,132344,e2864a97543970583f3e9110ea1b41d79f6be7bb4c121463323f1ecae64319d3,b01bfdd2c30fe260e09f776b4a128fe17aa54bdaacd4955be5ff5e0d87c53a20,0.3873152732849121,NORMAL,STANDARDIZED,,resampled from 22050 to 44100,
harmonium_000605.wav,36.wav,harmonium,Harmonium,Harmonium\36.wav,22050,44100,1,1,3.0,3.0,66150,132300,.wav,132344,285014bbd5ce5ac3951772a2b42fb3788fe5d42d0678495c8460dff3234bf44b,404ca2a17978e1f77de9747bf497d8deecff043e836d3fbf69ba5a8947d44770,0.3777373135089874,NORMAL,STANDARDIZED,,resampled from 22050 to 44100,
harmonium_000606.wav,360.wav,harmonium,Harmonium,Harmonium\360.wav,22050,44100,1,1,3.0,3.0,66150,132300,.wav,132344,05101f687402b53bdbce24afb0d4d5ccce2ec64b3ba57daa6be60883176182df,4782224b533ce9955f9cb3c50bff70aa0dc6e077f7ea10129d7b5f89dac32b67,0.37812989950180054,NORMAL,STANDARDIZED,,resampled from 22050 to 44100,
harmonium_000607.wav,361.wav,harmonium,Harmonium,Harmonium\361.wav,22050,44100,1,1,3.0,3.0,66150,132300,.wav,132344,097694029c7218398b604fab0843a8cdffbf8e0b0d2f870f3c76afb7abc80afe,e95f01a9ef674f71ed7116a94036635ee39ebf0d6ab26eb9147960bb83488923,0.37699148058891296,NORMAL,STANDARDIZED,,resampled from 22050 to 44100,
harmonium_000608.wav,362.wav,harmonium,Harmonium,Harmonium\362.wav,22050,44100,1,1,3.0,3.0,66150,132300,.wav,132344,695e887a18962dda3ad570e0b531130c6c753caf18d2d91dce18fe5c7f81a4e3,568fb86b6a7c9b6e641f7905f47f027e492ea25ef6c18b149558b163c7dda762,0.42963069677352905,NORMAL,STANDARDIZED,,resampled from 22050 to 44100,
harmonium_000609.wav,363.wav,harmonium,Harmonium,Harmonium\363.wav,22050,44100,1,1,3.0,3.0,66150,132300,.wav,132344,ef8de2a0c1216f1a2694675655ca78a1e1993a79c0ded7abee93c6a929111050,a0f2e998c5a172b15a19319878777eb63d2caf90210ed9b19eb7f8b88f69db22,0.38556185364723206,NORMAL,STANDARDIZED,,resampled from 22050 to 44100,
harmonium_000610.wav,364.wav,harmonium,Harmonium,Harmonium\364.wav,22050,44100,1,1,3.0,3.0,66150,132300,.wav,132344,f1ae344bfb8a2fc6a52c9803a5a85256d3db3a4c0d8e863c366f2609694ed797,a4850430ed15044b99544115e3700d6d8bbc52b3b528e741d09c3eb45e1d7d8e,0.3830929100513458,NORMAL,STANDARDIZED,,resampled from 22050 to 44100,
harmonium_000611.wav,365.wav,harmonium,Harmonium,Harmonium\365.wav,22050,44100,1,1,3.0,3.0,66150,132300,.wav,132344,9b9f4b502d043d8b6b4f9b9af70045160a9a49b6d1a8d0dfc3d60307a295cd5c,883da23747c1e3a8f5f5358cffa7e54f0678cdfa5f726233c2f7957e8e13a9ff,0.37822315096855164,NORMAL,STANDARDIZED,,resampled from 22050 to 44100,
harmonium_000612.wav,366.wav,harmonium,Harmonium,Harmonium\366.wav,22050,44100,1,1,3.0,3.0,66150,132300,.wav,132344,efe3e59c916325c7411949cba5ad836a187c3e63ade433a713c8da182902a45c,f9ce30922540d91fe4b6d5100239b102ad52365d0080efa3cdadcb2a4f15bad1,0.43376800417900085,NORMAL,STANDARDIZED,,resampled from 22050 to 44100,
harmonium_000613.wav,367.wav,harmonium,Harmonium,Harmonium\367.wav,22050,44100,1,1,3.0,3.0,66150,132300,.wav,132344,2f7d7411bb00132b4c49d4b289b9396d9afd67bfb8b53019e32aaa173c93ad95,dbbf7754d52ddeb115ecab133121c833d7de5c3664acd3858d69ccb1243da22d,0.38213804364204407,NORMAL,STANDARDIZED,,resampled from 22050 to 44100,
harmonium_000614.wav,368.wav,harmonium,Harmonium,Harmonium\368.wav,22050,44100,1,1,3.0,3.0,66150,132300,.wav,132344,aec4b795e43b832ac6a83d142e4c9e489756fa182b6c2d85a32601f0d91c98fa,b5519650b116480d0de45eb89479dfe6617538d5bd5b1ea361e5045711e70e43,0.3806613087654114,NORMAL,STANDARDIZED,,resampled from 22050 to 44100,
harmonium_000615.wav,369.wav,harmonium,Harmonium,Harmonium\369.wav,22050,44100,1,1,3.0,3.0,66150,132300,.wav,132344,7653e56a9b51a5e8634a617ee12c9e684223150d16765bd6ea473b5aac3e931f,8d9fd62fed0d9e019088a1151cf8765f6ca5c9e24885411ee17789041a82768c,0.3830344080924988,NORMAL,STANDARDIZED,,resampled from 22050 to 44100,
harmonium_000616.wav,37.wav,harmonium,Harmonium,Harmonium\37.wav,22050,44100,1,1,3.0,3.0,66150,132300,.wav,132344,813451d3d2767853e42d5223b2f0d3ba8ef4b1801436cd0231649d5c7b2ce128,f0a2881b8ec257d158f46b9665b4b37afc045c079379a5040513079246809825,0.38155701756477356,NORMAL,STANDARDIZED,,resampled from 22050 to 44100,
harmonium_000617.wav,370.wav,harmonium,Harmonium,Harmonium\370.wav,22050,44100,1,1,3.0,3.0,66150,132300,.wav,132344,a76a65740f1491058e60320f51600686e9ed8ac853f1969b1433d310c7bbca3d,233c119fb887f544ef921dada5fc9dbe624aef77825bde5e13bded1eb7aefb3b,0.42847946286201477,NORMAL,STANDARDIZED,,resampled from 22050 to 44100,
harmonium_000618.wav,371.wav,harmonium,Harmonium,Harmonium\371.wav,22050,44100,1,1,3.0,3.0,66150,132300,.wav,132344,d69d74d2de6d9d782bff6be1c2727db907792843774aedb6fe8b0a458ac44554,a3f503191f83fba49dc58a2f5ddf044dbc1727968d6f82c204608a39fe010ab7,0.3839351236820221,NORMAL,STANDARDIZED,,resampled from 22050 to 44100,
harmonium_000619.wav,372.wav,harmonium,Harmonium,Harmonium\372.wav,22050,44100,1,1,3.0,3.0,66150,132300,.wav,132344,f28cc91857a4b6a15888e474da76a6a3a52d8fbd9d097ef8a6909d4f7be9a0df,2af170df96f1044ed5c4b3bcb6579efeb822561a8fac0825c4fd61fd56bce70f,0.3779117166996002,NORMAL,STANDARDIZED,,resampled from 22050 to 44100,
harmonium_000620.wav,373.wav,harmonium,Harmonium,Harmonium\373.wav,22050,44100,1,1,3.0,3.0,66150,132300,.wav,132344,a78ae8979e8c91987e6e84cff003156e16f23a2609b67ea97cb2d2dd719cf51f,e39c6f4e797ea2ba4c42d540f3da6ab420b388863b6d5e1fdf5235015a93672b,0.3815949857234955,NORMAL,STANDARDIZED,,resampled from 22050 to 44100,
harmonium_000621.wav,374.wav,harmonium,Harmonium,Harmonium\374.wav,22050,44100,1,1,3.0,3.0,66150,132300,.wav,132344,899168d8291571f0d6d010bdb0382dc6261dd3317b9ad75c1106509afbba0bda,983357f3eea0247654b780e8c4bcf05376113635e1ab663668d933678b073c59,0.42727550864219666,NORMAL,STANDARDIZED,,resampled from 22050 to 44100,
harmonium_000622.wav,375.wav,harmonium,Harmonium,Harmonium\375.wav,22050,44100,1,1,3.0,3.0,66150,132300,.wav,132344,e1bde990c6a9ddf39aa2915cef2933847d30066f3cfa04d461b9e05501da8bbd,26ee7d37f360e41d1c49a4a32fd0eebecca3275962f5423fea032608a08ed809,0.38728392124176025,NORMAL,STANDARDIZED,,resampled from 22050 to 44100,
harmonium_000623.wav,376.wav,harmonium,Harmonium,Harmonium\376.wav,22050,44100,1,1,3.0,3.0,66150,132300,.wav,132344,0c19e10fe969c43fcc748e7c3cbcf2bd95307a99d86e0877de6642e08be02af8,5b0309a6b8960a0cee363a34366267b50faab2262b6088bfe48a1c4b3dd896a1,0.37801679968833923,NORMAL,STANDARDIZED,,resampled from 22050 to 44100,
harmonium_000624.wav,377.wav,harmonium,Harmonium,Harmonium\377.wav,22050,44100,1,1,3.0,3.0,66150,132300,.wav,132344,1868f66ae77ada7307982b7a2e0e1c42acd313327278e5f50d6482fa4fe7b439,b99472a708daea901d6b34ebad288c49016025aae75cbb0145e369bda53c712e,0.3770536184310913,NORMAL,STANDARDIZED,,resampled from 22050 to 44100,
harmonium_000625.wav,378.wav,harmonium,Harmonium,Harmonium\378.wav,22050,44100,1,1,3.0,3.0,66150,132300,.wav,132344,90bb92609e3ea7c09a849a680a1fc3bf78bad253b6865196c740ad2cffdc879e,46ca0f7c356aebd53476b1f80e4937212cd2969fccc6c0ac1cccd6d7f79b3813,0.42959171533584595,NORMAL,STANDARDIZED,,resampled from 22050 to 44100,
harmonium_000626.wav,379.wav,harmonium,Harmonium,Harmonium\379.wav,22050,44100,1,1,3.0,3.0,66150,132300,.wav,132344,177bd403f5dde6d10bcb8f880d7de285161a63f92d1dcaca27aad18d82779ce6,9ba18cf61d47bda92c5804a57597796e93c6116a5ec49c87403379a2981384ef,0.3853107690811157,NORMAL,STANDARDIZED,,resampled from 22050 to 44100,
harmonium_000627.wav,38.wav,harmonium,Harmonium,Harmonium\38.wav,22050,44100,1,1,3.0,3.0,66150,132300,.wav,132344,e10201695a8fed3daedf278de64ecf8304885b59ce53eb49eb1318ebc59adf58,19bffe2ced661dd59ece4265ddf6c8a59e24485b119fb0fe40f417eb75b25f47,0.4272657632827759,NORMAL,STANDARDIZED,,resampled from 22050 to 44100,
harmonium_000628.wav,380.wav,harmonium,Harmonium,Harmonium\380.wav,22050,44100,1,1,3.0,3.0,66150,132300,.wav,132344,4bc0a43c5357089f6f9ca8768cc9df87bb87b21f257b4fc58c84b7ec372d1baa,3b7b4355b871623345f7e144db815d1bd8e07d7fc624ade333ee108041fe9dda,0.3832065463066101,NORMAL,STANDARDIZED,,resampled from 22050 to 44100,
harmonium_000629.wav,381.wav,harmonium,Harmonium,Harmonium\381.wav,22050,44100,1,1,3.0,3.0,66150,132300,.wav,132344,1a23ff88ea70ecc90564da4394c83fad5e3ecb7b63ef870c390aadb5e1a9b858,49ef1c2781d08c2941413bc5b3ea24a842603a97618d0103d2d2f2f7b00a2fcb,0.3783344328403473,NORMAL,STANDARDIZED,,resampled from 22050 to 44100,
harmonium_000630.wav,382.wav,harmonium,Harmonium,Harmonium\382.wav,22050,44100,1,1,3.0,3.0,66150,132300,.wav,132344,b76669b156866e60158773a09417b39641701bd7448ebb024c226b7b961451f5,ed21c04e1a1780a8267b26eaefdcb50f7fba1e792fae760dd0557c76385f9521,0.43368634581565857,NORMAL,STANDARDIZED,,resampled from 22050 to 44100,
harmonium_000631.wav,383.wav,harmonium,Harmonium,Harmonium\383.wav,22050,44100,1,1,3.0,3.0,66150,132300,.wav,132344,14d33ca1541eecb61837023091a0b4dc9bbfb6968cb295067c73481c73d4043d,c899311ea8d8e7f8d212ade06bd970b1d274883e60e58a6b3217fc0f44a6e152,0.3821699023246765,NORMAL,STANDARDIZED,,resampled from 22050 to 44100,
harmonium_000632.wav,384.wav,harmonium,Harmonium,Harmonium\384.wav,22050,44100,1,1,3.0,3.0,66150,132300,.wav,132344,89a98443f58988722d38f6e4c82564a4a4b6adcf7e0909834f197dbee40794fc,57ae269fe0306da7ead08de3eff2b5218432fce5dcfefcd1caf069dd5d5c9c48,0.3803938627243042,NORMAL,STANDARDIZED,,resampled from 22050 to 44100,
harmonium_000633.wav,385.wav,harmonium,Harmonium,Harmonium\385.wav,22050,44100,1,1,3.0,3.0,66150,132300,.wav,132344,1f35b0c27710261ad2fe5212b6b7e8665fd9a8612e2831d485cb6f0dd2f01737,5d6b9bd03e0a7ae2fb90f708b1aecb7536ac65cea4ff050929d1743261b427ff,0.38309335708618164,NORMAL,STANDARDIZED,,resampled from 22050 to 44100,
harmonium_000634.wav,386.wav,harmonium,Harmonium,Harmonium\386.wav,22050,44100,1,1,3.0,3.0,66150,132300,.wav,132344,fd03e3393660f68a9abce1b777d434339f88d2c08b497f7710b58361a4bbb74f,8ef606507feea9d2abea3b575ac4e48609a94324b30b950a1ca0ca9e7bc0f9d2,0.42851322889328003,NORMAL,STANDARDIZED,,resampled from 22050 to 44100,
harmonium_000635.wav,387.wav,harmonium,Harmonium,Harmonium\387.wav,22050,44100,1,1,3.0,3.0,66150,132300,.wav,132344,c058efcf441af81aed026954ef694531cd816090cb34c027f94a697c15cdfc0c,0bfb83935a818163100ee403085e1b0501978bd56dd581a39eb09e080c2296a4,0.38411447405815125,NORMAL,STANDARDIZED,,resampled from 22050 to 44100,
harmonium_000636.wav,388.wav,harmonium,Harmonium,Harmonium\388.wav,22050,44100,1,1,3.0,3.0,66150,132300,.wav,132344,b7dd85d17c5f2cfcd8f951d506e86209cb630c7e5c37edda6f175e529f8c3aee,26b69dba64ad2810b5ce15010ded5a3a0deb993aedf850f74592facd50e54653,0.377742201089859,NORMAL,STANDARDIZED,,resampled from 22050 to 44100,
harmonium_000637.wav,389.wav,harmonium,Harmonium,Harmonium\389.wav,22050,44100,1,1,3.0,3.0,66150,132300,.wav,132344,638f3f3f706408e9be5361850716d59a88c8729e0de3526ed3e4392dc75e591b,8f4e23510b30bf18452622376b22b1e4470c16267f4e16a21626f27d431e83d6,0.3816186785697937,NORMAL,STANDARDIZED,,resampled from 22050 to 44100,
harmonium_000638.wav,39.wav,harmonium,Harmonium,Harmonium\39.wav,22050,44100,1,1,3.0,3.0,66150,132300,.wav,132344,df095f673798ea84b0a03e6622d72d07cad682d24f59003d3c42976d6caff587,8f5201cd3ab4419334674e8d19e54a2d775b52bf9a9061542cceb40dc7124273,0.3872224986553192,NORMAL,STANDARDIZED,,resampled from 22050 to 44100,
harmonium_000639.wav,390.wav,harmonium,Harmonium,Harmonium\390.wav,22050,44100,1,1,3.0,3.0,66150,132300,.wav,132344,ee8bb25c7fe55e0c0d95ef561e694512d61fd031e8ee683b97a6645ae417dbcc,19dd68bafa3aab27273c83dae6267eb270d3cd12687c19fa5f9c007bad0e1a4c,0.42737194895744324,NORMAL,STANDARDIZED,,resampled from 22050 to 44100,
harmonium_000640.wav,391.wav,harmonium,Harmonium,Harmonium\391.wav,22050,44100,1,1,3.0,3.0,66150,132300,.wav,132344,1fe61e6f7bef404a8f20e8dab95b736c67cbe7513393166dd4f599181af00d5b,8182fc33684a72da84017ec29cc5ab57be13e111d47b4ad17cc1b2decea33237,0.3873201906681061,NORMAL,STANDARDIZED,,resampled from 22050 to 44100,
harmonium_000641.wav,392.wav,harmonium,Harmonium,Harmonium\392.wav,22050,44100,1,1,3.0,3.0,66150,132300,.wav,132344,41b0f3b4c8d8a2f71b778f8efa5cfd13f7c15f1f65a36f5bb363181d848eaae0,5fdf7c58759b161d2c5409bf524220dcf4539047dd0c2a7e2de84e66d89b7d72,0.37812340259552,NORMAL,STANDARDIZED,,resampled from 22050 to 44100,
harmonium_000642.wav,393.wav,harmonium,Harmonium,Harmonium\393.wav,22050,44100,1,1,3.0,3.0,66150,132300,.wav,132344,cbc1002b5b11d43db2ffe9d6c76389d05cb260f0c575d474c42da72e01efc391,2cc09dcccc9282ab3dd90eee007a3e777477af643c5202f0c0d515a8d5988b43,0.37693873047828674,NORMAL,STANDARDIZED,,resampled from 22050 to 44100,
harmonium_000643.wav,394.wav,harmonium,Harmonium,Harmonium\394.wav,22050,44100,1,1,3.0,3.0,66150,132300,.wav,132344,2fd53eb0ef79841e5995a434a1d7edaffde51128e10c4073097d50b5c07b2119,f1a7fe9179514197f6e3d4d0935a41b7379ce61caddaf83987c44ae1cf47b4dc,0.4297054708003998,NORMAL,STANDARDIZED,,resampled from 22050 to 44100,
harmonium_000644.wav,395.wav,harmonium,Harmonium,Harmonium\395.wav,22050,44100,1,1,3.0,3.0,66150,132300,.wav,132344,ba9d851a95819874eda2b7730943b02fad67811c301750a9a57f2358f96de885,4e6bc0b62acb26385ae73e8e0bbc295b27a1e0eb7b608e546fea7fdb35e15540,0.38551270961761475,NORMAL,STANDARDIZED,,resampled from 22050 to 44100,
harmonium_000645.wav,396.wav,harmonium,Harmonium,Harmonium\396.wav,22050,44100,1,1,3.0,3.0,66150,132300,.wav,132344,2eb479a30d7de547f45da71d3f725a3f95332bb952819a3213251aa831716f7b,c2679f19148435c91bc71a9b7dc0dcafe1881d892c2597056ee2c22f00b3b9c3,0.3830816447734833,NORMAL,STANDARDIZED,,resampled from 22050 to 44100,
harmonium_000646.wav,397.wav,harmonium,Harmonium,Harmonium\397.wav,22050,44100,1,1,3.0,3.0,66150,132300,.wav,132344,8310daf4675b229830cf177cc63478bbea6acdb5ff802d9a26aba927c5f2593c,3326d1be2c885768711ed1a51691ef5a2ad61f49fc412e90e0f44b388f419566,0.37844595313072205,NORMAL,STANDARDIZED,,resampled from 22050 to 44100,
harmonium_000647.wav,398.wav,harmonium,Harmonium,Harmonium\398.wav,22050,44100,1,1,3.0,3.0,66150,132300,.wav,132344,c61f2a5c92fcf75d5c049d227303592dddefaa8b4ee94a9428b19d46a3be172a,acbdeb699e4c3f813a0e5ba8cec32b60485b3dc88bc340ea303a75fffb83855a,0.43377256393432617,NORMAL,STANDARDIZED,,resampled from 22050 to 44100,
harmonium_000648.wav,399.wav,harmonium,Harmonium,Harmonium\399.wav,22050,44100,1,1,3.0,3.0,66150,132300,.wav,132344,1609aa2a9bde85902298d9f02d74e7509db661ca45fcc5398577af1dfbcd3b3d,db05d7341b8e3de171c491a025c0ad4bfe7e28b005ab49e9cf1fb564af250683,0.3821561634540558,NORMAL,STANDARDIZED,,resampled from 22050 to 44100,
harmonium_000649.wav,4.wav,harmonium,Harmonium,Harmonium\4.wav,22050,44100,1,1,3.0,3.0,66150,132300,.wav,132344,0513108cbacba63df06ed90be65b7a6daa590cd5bcf4eff13314cfe7af6d5596,f1a9403952df924096455b71a9a2b443df73c02fe30d43ba8e17aed730558885,0.37786996364593506,NORMAL,STANDARDIZED,,resampled from 22050 to 44100,
harmonium_000650.wav,40.wav,harmonium,Harmonium,Harmonium\40.wav,22050,44100,1,1,3.0,3.0,66150,132300,.wav,132344,73a09d95e03152d519ac66c1624069e5e215d06f2ee705ee4d305a5f4dfa2083,45ee67e913d38853e4e12141477eccff89e138c5fa44edbf050c0c3597671acb,0.37813693284988403,NORMAL,STANDARDIZED,,resampled from 22050 to 44100,
harmonium_000651.wav,400.wav,harmonium,Harmonium,Harmonium\400.wav,22050,44100,1,1,3.0,3.0,66150,132300,.wav,132344,ffa08b054114ec1ae00e6079fcba260d02a5b5030dd42e63577b44545acfc8fd,8565d7d359fa47fdf63bc56c8ad84310c617a05d5895d2e4768873deea6e0778,0.38061022758483887,NORMAL,STANDARDIZED,,resampled from 22050 to 44100,
harmonium_000652.wav,401.wav,harmonium,Harmonium,Harmonium\401.wav,22050,44100,1,1,3.0,3.0,66150,132300,.wav,132344,e0f8c1e3bc21323874b5136fd27e961299d6c6a00a9123a2bc6e09120801488d,510e57c3e28e785cccca0931061153da7eeff8e25f66c8edfb98daa1343e756c,0.3830488324165344,NORMAL,STANDARDIZED,,resampled from 22050 to 44100,
harmonium_000653.wav,402.wav,harmonium,Harmonium,Harmonium\402.wav,22050,44100,1,1,3.0,3.0,66150,132300,.wav,132344,72867e5f5a9dac9e0f8a3dbbfffc041638f5ccb1bb7e8d5450ff728fb6115508,517d8b206735f4e7260bb59f5fbaa0ecc720660faa360e9dd3ce7923fb5dbc86,0.42871975898742676,NORMAL,STANDARDIZED,,resampled from 22050 to 44100,
harmonium_000654.wav,403.wav,harmonium,Harmonium,Harmonium\403.wav,22050,44100,1,1,3.0,3.0,66150,132300,.wav,132344,84342f8bf8811fb649a24990ef1f1cbce3d3fcddf9b252b0fcc5c1afda3aae49,49ad8d9872aff60328ba002a9e3bc12c28caf35daadbd7f3a56539acbdc69d01,0.3839978575706482,NORMAL,STANDARDIZED,,resampled from 22050 to 44100,
harmonium_000655.wav,404.wav,harmonium,Harmonium,Harmonium\404.wav,22050,44100,1,1,3.0,3.0,66150,132300,.wav,132344,fd1e35367166297cd61a7f64a03551c523b18a6b6e33db522a18802eba1a6856,de909ace6f1fa4b96b384d8dfc08a9649f5b841896f82790fe6bc62286f26fd9,0.37793222069740295,NORMAL,STANDARDIZED,,resampled from 22050 to 44100,
harmonium_000656.wav,405.wav,harmonium,Harmonium,Harmonium\405.wav,22050,44100,1,1,3.0,3.0,66150,132300,.wav,132344,f999af1632d10406d7a9d16ec304d16e16ede162a51fc436afa456c401675122,5ca2d1ffe7f5001b2f8a96ad783b7e41d615fdb70320edc88727673f5499bf1a,0.38166478276252747,NORMAL,STANDARDIZED,,resampled from 22050 to 44100,
harmonium_000657.wav,406.wav,harmonium,Harmonium,Harmonium\406.wav,22050,44100,1,1,3.0,3.0,66150,132300,.wav,132344,b106da7fc7db923b76d50ce6cccad5a6062a9c70c5a92ef86a46c1c5d30fcf24,523d53b052333aa8ba27affcf620456ce46bc8c34be96b8ccf36a8eec10ee85e,0.4273182451725006,NORMAL,STANDARDIZED,,resampled from 22050 to 44100,
harmonium_000658.wav,407.wav,harmonium,Harmonium,Harmonium\407.wav,22050,44100,1,1,3.0,3.0,66150,132300,.wav,132344,9636d1af259ebd7ba6d6d1111827464a2144bf4076f7cb255b643c3dd3d17070,e0e35dfa567596e1728404381ceebe21956259dfe14209b4bd357c3bdb14770c,0.38735702633857727,NORMAL,STANDARDIZED,,resampled from 22050 to 44100,
harmonium_000659.wav,408.wav,harmonium,Harmonium,Harmonium\408.wav,22050,44100,1,1,3.0,3.0,66150,132300,.wav,132344,fbd60359566994852167af894fbe2c3870087e20606c9f7830fa88fe6905924c,6bdc4bdf81e8b01735e39de7891bbc80b338f56c3f066cabcd25882558d5c754,0.37813740968704224,NORMAL,STANDARDIZED,,resampled from 22050 to 44100,
harmonium_000660.wav,409.wav,harmonium,Harmonium,Harmonium\409.wav,22050,44100,1,1,3.0,3.0,66150,132300,.wav,132344,c67587df623baf89877cc53c8ffded9728081a847ed387b623a44568a229254c,ec547b9204dbf9244ff6ffac688f1991c209d4d8803442638b0038d602e77dba,0.37700188159942627,NORMAL,STANDARDIZED,,resampled from 22050 to 44100,
harmonium_000661.wav,41.wav,harmonium,Harmonium,Harmonium\41.wav,22050,44100,1,1,3.0,3.0,66150,132300,.wav,132344,075d9660af867674b8c219e020316760f6f9f9e0f43561efd1c13f940d9f8d2d,13e34ca34f5d674901800ab1b85ccaa53e07fd94ea6e2f32b44e5a4a7116c88a,0.37717747688293457,NORMAL,STANDARDIZED,,resampled from 22050 to 44100,
harmonium_000662.wav,410.wav,harmonium,Harmonium,Harmonium\410.wav,22050,44100,1,1,3.0,3.0,66150,132300,.wav,132344,e234613d75da77ad5b5ccd91e6683f9f6558c1448e8064023bcf7d4a57d31904,354932312de3ce851513c17485bcc672de5a2d0a285ed8c456f537966948309a,0.4296512007713318,NORMAL,STANDARDIZED,,resampled from 22050 to 44100,
harmonium_000663.wav,411.wav,harmonium,Harmonium,Harmonium\411.wav,22050,44100,1,1,3.0,3.0,66150,132300,.wav,132344,8013a087bc39a736f8e7db9309ed682921072dff274d0561e9da045f0fd75db2,f93ab9bdaddf8b3d6dea296b516ca6e5f0daa649342efc2ef183e22f72245450,0.38534805178642273,NORMAL,STANDARDIZED,,resampled from 22050 to 44100,
harmonium_000664.wav,412.wav,harmonium,Harmonium,Harmonium\412.wav,22050,44100,1,1,3.0,3.0,66150,132300,.wav,132344,9b242f48b391db1d68e0ca782a52333139dd1aa115eef59ec67a0f3e30cebae8,059043720fbd84b929d4109b2fc868c464344ffc6d4b6e9f6ee8a09ec1505e3a,0.38310009241104126,NORMAL,STANDARDIZED,,resampled from 22050 to 44100,
harmonium_000665.wav,413.wav,harmonium,Harmonium,Harmonium\413.wav,22050,44100,1,1,3.0,3.0,66150,132300,.wav,132344,a043514460a1c1347153ba15b9e7a3c834ddc565ecc1e4fc5dffea1c857d3ea2,b2946f792e4d27da1583c9dc0953b5b5a36ed5ffbf8efdaab242ff45c62a6641,0.37823212146759033,NORMAL,STANDARDIZED,,resampled from 22050 to 44100,
harmonium_000666.wav,414.wav,harmonium,Harmonium,Harmonium\414.wav,22050,44100,1,1,3.0,3.0,66150,132300,.wav,132344,c0c9dce93665418d68140d246f031494c84d1c066f2b5c36bfaf0dd41b412ac0,59bf44d05b9cc5b63091c6fc8a5d34056814a85b5fc22e774d2929c6cebfe97e,0.4336901307106018,NORMAL,STANDARDIZED,,resampled from 22050 to 44100,
harmonium_000667.wav,415.wav,harmonium,Harmonium,Harmonium\415.wav,22050,44100,1,1,3.0,3.0,66150,132300,.wav,132344,fa1befa92c610ba5d65e4be8f3fe1a0a6d5bdd86c7bf9d904beb63c4059d761c,39987fe8b3f94043293caf15b7e85c4787bcacb215a1505ef0686e66986b0e9d,0.38224950432777405,NORMAL,STANDARDIZED,,resampled from 22050 to 44100,
harmonium_000668.wav,416.wav,harmonium,Harmonium,Harmonium\416.wav,22050,44100,1,1,3.0,3.0,66150,132300,.wav,132344,1c4f533dff27edb59466b538e1919521cd0d5aedd7560eb63d2cbd3341427422,bea4dbeb70be0a8a9bf3c0c13f73421f5ce348aced611fe240776e80c296c5ff,0.3804471790790558,NORMAL,STANDARDIZED,,resampled from 22050 to 44100,
harmonium_000669.wav,417.wav,harmonium,Harmonium,Harmonium\417.wav,22050,44100,1,1,3.0,3.0,66150,132300,.wav,132344,5c35766e02858583b6d64236c8ac57782aa8c97854c96c5cfb1fd1c179ef680b,6d3d11400c174bd83c7bee0801c85c215a490b47af9ebfaa8a000f02a0f6f8cb,0.38302433490753174,NORMAL,STANDARDIZED,,resampled from 22050 to 44100,
harmonium_000670.wav,418.wav,harmonium,Harmonium,Harmonium\418.wav,22050,44100,1,1,3.0,3.0,66150,132300,.wav,132344,d7389b27b35261b446477208c02f9fa85484119ca638a791659da32591bfbbde,712dbdc432b4ce6d17c80eb570a163a5fd9dc96df2445b3f2baf1885c477bf38,0.42862388491630554,NORMAL,STANDARDIZED,,resampled from 22050 to 44100,
harmonium_000671.wav,419.wav,harmonium,Harmonium,Harmonium\419.wav,22050,44100,1,1,3.0,3.0,66150,132300,.wav,132344,9c9d39de15b3570299cf6319eb4afefb7005173906c6bd5f8f7fae7fd9515e5e,9d597852da8a328bd0393ff7dc7e472c73ab79bfbe145540c4bce71d4596e5c3,0.38401150703430176,NORMAL,STANDARDIZED,,resampled from 22050 to 44100,
harmonium_000672.wav,42.wav,harmonium,Harmonium,Harmonium\42.wav,22050,44100,1,1,3.0,3.0,66150,132300,.wav,132344,f3ae47207bb718a43c40461dccc79bd21fb123d57faa9b5ebd6aba821adfd3b7,9993e785f414d6e781b788f844bbfac627ba1c46a7dc9031545d7672ac85e68d,0.4295806288719177,NORMAL,STANDARDIZED,,resampled from 22050 to 44100,
harmonium_000673.wav,420.wav,harmonium,Harmonium,Harmonium\420.wav,22050,44100,1,1,3.0,3.0,66150,132300,.wav,132344,c37f3bbc38b9a6771a3c46cd6738938f23ec368ba5524ee59cd4ee8285170e33,29e77b1f34d50fd3d98cb3825b12701b6154b84f97e364979ca1806a0b85c3d0,0.3778863251209259,NORMAL,STANDARDIZED,,resampled from 22050 to 44100,
harmonium_000674.wav,421.wav,harmonium,Harmonium,Harmonium\421.wav,22050,44100,1,1,3.0,3.0,66150,132300,.wav,132344,8659c563ad18186d172a19aa20bc5b7cc9f9d79bdd9f4090160e4cb8383a22e0,7b1f17c45c7a4253853d2dfba3f2d3aad78a575e9d4bd7f600b58c046f4c8c01,0.38164618611335754,NORMAL,STANDARDIZED,,resampled from 22050 to 44100,
harmonium_000675.wav,422.wav,harmonium,Harmonium,Harmonium\422.wav,22050,44100,1,1,3.0,3.0,66150,132300,.wav,132344,337972438825a703acc14017ec8965a316c67f86a93a67e345266a8d760fc80a,a34447472b5914d79960c9f25720e7d47fcfd0701979a4e1bebd45f893847a17,0.42737969756126404,NORMAL,STANDARDIZED,,resampled from 22050 to 44100,
harmonium_000676.wav,423.wav,harmonium,Harmonium,Harmonium\423.wav,22050,44100,1,1,3.0,3.0,66150,132300,.wav,132344,58d4531229eac9e979e3e16c9839891d771bbd75aabd15f82dc035d4dca8d81a,61b6f20dccd5a8138964a41228787814969baf4f54fc1971a02b225bb5521c16,0.38719022274017334,NORMAL,STANDARDIZED,,resampled from 22050 to 44100,
harmonium_000677.wav,424.wav,harmonium,Harmonium,Harmonium\424.wav,22050,44100,1,1,3.0,3.0,66150,132300,.wav,132344,e6939e9e58e2dae7b811a78c02107336377605d286a76cfa85d87e18582abb83,0fe32a1928378a3fd0848ad76aee39beaf03a7137c05670c1602183fce551ba1,0.378185898065567,NORMAL,STANDARDIZED,,resampled from 22050 to 44100,
harmonium_000678.wav,425.wav,harmonium,Harmonium,Harmonium\425.wav,22050,44100,1,1,3.0,3.0,66150,132300,.wav,132344,b15df42a58fcdcbfbbc8fa8fa99545cf3956657708e3402e8da7e8b7817e2032,394d3e76d7bae6741752f5606950922e08a7b867c635ee20d04b78f79018b335,0.3771173655986786,NORMAL,STANDARDIZED,,resampled from 22050 to 44100,
harmonium_000679.wav,426.wav,harmonium,Harmonium,Harmonium\426.wav,22050,44100,1,1,3.0,3.0,66150,132300,.wav,132344,d3549953c8e32a0a703057430054ae2ea03315238939b9f87da10faa6e4452cb,cda41b3606c2c5d9ff5280313e178521680ae88d96216c96d423e6c40a661306,0.4295792281627655,NORMAL,STANDARDIZED,,resampled from 22050 to 44100,
harmonium_000680.wav,427.wav,harmonium,Harmonium,Harmonium\427.wav,22050,44100,1,1,3.0,3.0,66150,132300,.wav,132344,82c3504627f68ef13c75da80b0aad387c3b811e7c2d210f783bbf59ed91ab705,6b0b04fb2cf21825eb30ab0aed59b29ff7086e7c1694ea07dddc923ad210d7fb,0.38539817929267883,NORMAL,STANDARDIZED,,resampled from 22050 to 44100,
harmonium_000681.wav,428.wav,harmonium,Harmonium,Harmonium\428.wav,22050,44100,1,1,3.0,3.0,66150,132300,.wav,132344,6eed3b805424853ff25d408df4da5de7c735be0db8fdfd5b47c30408c3ba0aea,7077d16888e9dabeecbd5c35b4979a39ce8e5c6b8453356f25d2a8a79d6d462e,0.3830724060535431,NORMAL,STANDARDIZED,,resampled from 22050 to 44100,
harmonium_000682.wav,429.wav,harmonium,Harmonium,Harmonium\429.wav,22050,44100,1,1,3.0,3.0,66150,132300,.wav,132344,2179a99ad2f930350961fa2e8f9ac9e00c09347d6bed826093cf543c5ddc7fd7,8d95ecbfd51485748915c881800fa22ffbb4cd76c9fde2a080be2d491c181935,0.3782186210155487,NORMAL,STANDARDIZED,,resampled from 22050 to 44100,
harmonium_000683.wav,43.wav,harmonium,Harmonium,Harmonium\43.wav,22050,44100,1,1,3.0,3.0,66150,132300,.wav,132344,77c2c67384122dfbfb0247fbadf69409497b767fd0eb65beb891539ac87792fb,5e196dcae8bcbcf1d5bded2176e8da674551f6202ddfb8f80eced54a453ccbaf,0.38542675971984863,NORMAL,STANDARDIZED,,resampled from 22050 to 44100,
harmonium_000684.wav,430.wav,harmonium,Harmonium,Harmonium\430.wav,22050,44100,1,1,3.0,3.0,66150,132300,.wav,132344,28dfa88ec918d825496a2e199bba2caf99a5e919386a832192d5c8834836a587,ceb95a76edcab75671291461e3abe3e0555deae655ff525f6c964b7faf47248e,0.4337489604949951,NORMAL,STANDARDIZED,,resampled from 22050 to 44100,
harmonium_000685.wav,431.wav,harmonium,Harmonium,Harmonium\431.wav,22050,44100,1,1,3.0,3.0,66150,132300,.wav,132344,9100dc1832885630a6ec6bdac8ec05f9914b7baa0a15936c31551021f46055b1,9b0f11c20fba23708c83a34ad3c6d63b37cc632534634056b6f52be146c8421e,0.3821946680545807,NORMAL,STANDARDIZED,,resampled from 22050 to 44100,
harmonium_000686.wav,432.wav,harmonium,Harmonium,Harmonium\432.wav,22050,44100,1,1,3.0,3.0,66150,132300,.wav,132344,e6be0e72d69a0e19e41729a60ea2b0721f9b89fe5742d8ea170c1c002b869bad,d67bb934d3c27e3c8261671144629cc5afcedb29f6ee0e042305de4137069f48,0.38063985109329224,NORMAL,STANDARDIZED,,resampled from 22050 to 44100,
harmonium_000687.wav,433.wav,harmonium,Harmonium,Harmonium\433.wav,22050,44100,1,1,3.0,3.0,66150,132300,.wav,132344,17953f1f6e822adf3a21d74f4ce14c718958e07dc2d3dbb898c6521e6a2a2862,08c2829d885c8ed923957f24236feb553ff5a60f52cf593dcafaae5837ef8d51,0.3831058144569397,NORMAL,STANDARDIZED,,resampled from 22050 to 44100,
harmonium_000688.wav,434.wav,harmonium,Harmonium,Harmonium\434.wav,22050,44100,1,1,3.0,3.0,66150,132300,.wav,132344,e908e2f6009c0a1c631bd721cfd9e9b0b6c1130a09c4db3f5a244595387fa0d5,87a831d931f0a9c3259672f4786877a7112624ecb0ae6a2f99eb933fd8212ca1,0.42841002345085144,NORMAL,STANDARDIZED,,resampled from 22050 to 44100,
harmonium_000689.wav,435.wav,harmonium,Harmonium,Harmonium\435.wav,22050,44100,1,1,3.0,3.0,66150,132300,.wav,132344,61af2023e848d1deff6bfb6ad47b611487f2abdd2b1e23310ced000c1fb5dc1d,3ded7f69c283fd2dd0d93a8c199c347d93be7be41a7c760f4f8100cd7b17f120,0.3839420676231384,NORMAL,STANDARDIZED,,resampled from 22050 to 44100,
harmonium_000690.wav,436.wav,harmonium,Harmonium,Harmonium\436.wav,22050,44100,1,1,3.0,3.0,66150,132300,.wav,132344,8b7dc0afd829f3872b3fdbd4720a3318eefc22035d06652f760f34c52223a2d5,30594b2d9037231e196295c420627a9e9290345b8bc13948a7bb9dd28e47379b,0.3778606057167053,NORMAL,STANDARDIZED,,resampled from 22050 to 44100,
harmonium_000691.wav,437.wav,harmonium,Harmonium,Harmonium\437.wav,22050,44100,1,1,3.0,3.0,66150,132300,.wav,132344,fbdcc100765d98279c0e3769b0a152f91c2c1406b4d8cd4ce7c67acad9a442c6,22f2183e1d4607c367585cefb51568766d4204c8fa41aa9b3fb82e602241283a,0.18803995847702026,NORMAL,STANDARDIZED,,resampled from 22050 to 44100,
harmonium_000692.wav,438.wav,harmonium,Harmonium,Harmonium\438.wav,22050,44100,1,1,3.0,3.0,66150,132300,.wav,132344,04d9ebf34f5726adc7a5f8d3f8076f43e9b2798e49a9d06387545dc022473ee0,73eda51ce6d68309e227dc0ae44a3cffde3e7a57b70d7afacf233d982911ffb7,0.10865392535924911,NORMAL,STANDARDIZED,,resampled from 22050 to 44100,
harmonium_000693.wav,439.wav,harmonium,Harmonium,Harmonium\439.wav,22050,44100,1,1,3.0,3.0,66150,132300,.wav,132344,5dc04baeb9399a70354c470c0b30f648289bf2efc08913d2b109de5dfdd8bea1,335ce0fb558407777bde2be840e36b0977080f291808d07a793c74a6df75ffef,0.10462871193885803,NORMAL,STANDARDIZED,,resampled from 22050 to 44100,
harmonium_000694.wav,44.wav,harmonium,Harmonium,Harmonium\44.wav,22050,44100,1,1,3.0,3.0,66150,132300,.wav,132344,c4fd856777cd7020040ac662e568622f75fc9fa5b7e192fa2aced08347478216,ba2fe1566549fd9f50924d31717f64f7883a6ce3fd652ae00c718a3518b1bf4a,0.38308951258659363,NORMAL,STANDARDIZED,,resampled from 22050 to 44100,
harmonium_000695.wav,440.wav,harmonium,Harmonium,Harmonium\440.wav,22050,44100,1,1,3.0,3.0,66150,132300,.wav,132344,fde8291131a4408986f25cb58d5a10f9228275ad9e61ebcf1db9f768ea727d21,7fa6c381c53ac6111cedd0d74a433da8621789cd55cc8c29449e66a92bd91be0,0.10042956471443176,NORMAL,STANDARDIZED,,resampled from 22050 to 44100,
harmonium_000696.wav,441.wav,harmonium,Harmonium,Harmonium\441.wav,22050,44100,1,1,3.0,3.0,66150,132300,.wav,132344,0b63b42e538d984ef2815ac640a5489d1878a1d761c8ef8162d0f3834c863064,ae53cf4469ac54a729fe17e2b4763f7a76404e8bd5364446267d464532aa0444,0.10739309340715408,NORMAL,STANDARDIZED,,resampled from 22050 to 44100,
harmonium_000697.wav,442.wav,harmonium,Harmonium,Harmonium\442.wav,22050,44100,1,1,3.0,3.0,66150,132300,.wav,132344,ba34d41e82d4cbbec9ec390ab9e212a61f7cc40e0e05848bfc0c611e285b12c9,da958dca72b6702b8934687f381990321b6009896c4d6e93075fa5657e713dd1,0.10455656051635742,NORMAL,STANDARDIZED,,resampled from 22050 to 44100,
harmonium_000698.wav,443.wav,harmonium,Harmonium,Harmonium\443.wav,22050,44100,1,1,3.0,3.0,66150,132300,.wav,132344,b2d9927d763d2283beef01e8c11283e3463cf476d816427c90f334409a3942c1,87662c9bb91441fdd826959edbf5652193eb8450fae9435363f1bbf601323ce8,0.10114001482725143,NORMAL,STANDARDIZED,,resampled from 22050 to 44100,
harmonium_000699.wav,444.wav,harmonium,Harmonium,Harmonium\444.wav,22050,44100,1,1,3.0,3.0,66150,132300,.wav,132344,277e3a8fa8e3655c4cd9eee444da9e740d9a5c4e3655389c5f064a112abbde9f,1f39fca003be913b41027bae642847bae8fb3ea15a25a54cb2f79b12b1cc5be2,0.06542973220348358,NORMAL,STANDARDIZED,,resampled from 22050 to 44100,
harmonium_000700.wav,445.wav,harmonium,Harmonium,Harmonium\445.wav,22050,44100,1,1,3.0,3.0,66150,132300,.wav,132344,f90a5a41dca493141961dadb5d611be2a6118a6b20ee0c1fe3327687c71e3497,a9b06a06fc7812fdc97fc73dc16469946093e6109c9aef00a009edc4cfa52dd9,0.02155188098549843,NORMAL,STANDARDIZED,,resampled from 22050 to 44100,
harmonium_000701.wav,446.wav,harmonium,Harmonium,Harmonium\446.wav,22050,44100,1,1,3.0,3.0,66150,132300,.wav,132344,48ec80451e33f905bf2812930e28e6c2b543d43ee585a92b5086540a43045940,1fa694a98f6ec4c5266af4e70e53ff1cbecc3908fbf5bf4addcc6a584d945cd6,0.12552550435066223,NORMAL,STANDARDIZED,,resampled from 22050 to 44100,
harmonium_000702.wav,447.wav,harmonium,Harmonium,Harmonium\447.wav,22050,44100,1,1,3.0,3.0,66150,132300,.wav,132344,817eeea7b674d61d9577a041dba2e5497e56b7fe943d52c6051162cb38db466a,52784e014cd6de6986690769d96e2cd6015ef8386c1ff757c68dce6345071d45,0.27276039123535156,NORMAL,STANDARDIZED,,resampled from 22050 to 44100,
harmonium_000703.wav,448.wav,harmonium,Harmonium,Harmonium\448.wav,22050,44100,1,1,3.0,3.0,66150,132300,.wav,132344,cdd3bc7a8c9bd09d7571a519ac6d86ed3f95e0a7df3cf2a81a9e5c7e2bd4d556,36c489fecb69a85c4c49f944f23ff113667b2b420cdecf505490cc8de52ad5c3,0.44085073471069336,NORMAL,STANDARDIZED,,resampled from 22050 to 44100,
harmonium_000704.wav,449.wav,harmonium,Harmonium,Harmonium\449.wav,22050,44100,1,1,3.0,3.0,66150,132300,.wav,132344,31f25a7b0b2b93f959acfb2f7640af1ffe6a40fd4d68ece671cd24167875613f,e468b00f12ccf1846ec23f8e59c726649a151d449c88c794ea0f9755af9eaf09,0.39319688081741333,NORMAL,STANDARDIZED,,resampled from 22050 to 44100,
harmonium_000705.wav,45.wav,harmonium,Harmonium,Harmonium\45.wav,22050,44100,1,1,3.0,3.0,66150,132300,.wav,132344,e2376122cba96b21884e53de97f1891afcdd5e57e63cda0f2a3541e1fd00c8fc,c558e33868b5ee44685d3c8223edb37c56057f80f1dba37968d228fc0efed919,0.3782729506492615,NORMAL,STANDARDIZED,,resampled from 22050 to 44100,
harmonium_000706.wav,450.wav,harmonium,Harmonium,Harmonium\450.wav,22050,44100,1,1,3.0,3.0,66150,132300,.wav,132344,1ebf0e0ff67efb5f7058d32b442cf1978f509afd7ab2fa4690d747dff45f0efa,e165bc93b2c76f57b14d68dbbda4c8e24a592134093e1aa1275538b73470d746,0.4131755828857422,NORMAL,STANDARDIZED,,resampled from 22050 to 44100,
harmonium_000707.wav,451.wav,harmonium,Harmonium,Harmonium\451.wav,22050,44100,1,1,3.0,3.0,66150,132300,.wav,132344,2bfbcbc8068ccc6c641709961b2d5c725faca1bb53b35f0799c7668b9ad78a52,f8d2ac1656e8a2332a007c31af6a39aba54917a612099a47b24a6ade2becf0f9,0.38038918375968933,NORMAL,STANDARDIZED,,resampled from 22050 to 44100,
harmonium_000708.wav,452.wav,harmonium,Harmonium,Harmonium\452.wav,22050,44100,1,1,3.0,3.0,66150,132300,.wav,132344,a8aa0302723d95a509b6ef477bcecee556ee63de1efe20fadc8138e605136a8e,1d3328133abc20b7d0fa1a8558f6af49205384449a8341a6ce9a4687d851745a,0.4229620099067688,NORMAL,STANDARDIZED,,resampled from 22050 to 44100,
harmonium_000709.wav,453.wav,harmonium,Harmonium,Harmonium\453.wav,22050,44100,1,1,3.0,3.0,66150,132300,.wav,132344,80ecbebb9d4aaae98ff5dbcc41f8b99897eb84700c11f8ae71f0c1fbded5857e,6c8ea73cb173c746d1fb093dad4d6ab01bfb079784c8cd16d8c4d08a852a5c5b,0.4608490765094757,NORMAL,STANDARDIZED,,resampled from 22050 to 44100,
harmonium_000710.wav,454.wav,harmonium,Harmonium,Harmonium\454.wav,22050,44100,1,1,3.0,3.0,66150,132300,.wav,132344,c22de626bc8843b6471a4c99b4e5103cb2a75ea86d54ed9a4adab2d798ce43d0,45aa11d80f0e6ca2f709392c236b4e6df351beba66131ffbef412b0d2241643b,0.44062015414237976,NORMAL,STANDARDIZED,,resampled from 22050 to 44100,
harmonium_000711.wav,455.wav,harmonium,Harmonium,Harmonium\455.wav,22050,44100,1,1,3.0,3.0,66150,132300,.wav,132344,83c0c5538cf182a2e89afd9af65581a1e513b010a12732e0695affb8deb9cc42,82ae92c51c4e8b46be4cfff3976010b5aa6274446a2c76a3061885d6442c60e7,0.3707152009010315,NORMAL,STANDARDIZED,,resampled from 22050 to 44100,
harmonium_000712.wav,456.wav,harmonium,Harmonium,Harmonium\456.wav,22050,44100,1,1,3.0,3.0,66150,132300,.wav,132344,12cc8f625f4a8d0369d9abceae74983eb169ca84573d4ed59be04c324f4e7ac2,d6a840991bf7529a725054a53045577638f517223660032855c453394d6068ef,0.4375452697277069,NORMAL,STANDARDIZED,,resampled from 22050 to 44100,
harmonium_000713.wav,457.wav,harmonium,Harmonium,Harmonium\457.wav,22050,44100,1,1,3.0,3.0,66150,132300,.wav,132344,0f5bd6c921479fd6bdf4eec3d827cde1c4c0bca20f4e5d9ebe74cf7e524b66ae,6c2b6abe82f33a26433ee370dbba1763dea9693ed9f51cd255fb8423e39065b1,0.4014851152896881,NORMAL,STANDARDIZED,,resampled from 22050 to 44100,
harmonium_000714.wav,458.wav,harmonium,Harmonium,Harmonium\458.wav,22050,44100,1,1,3.0,3.0,66150,132300,.wav,132344,27e5fc03c699e94075de59bda79384f55a411496e4cc7d48b412e274d18c5b46,0455095b2f2932b6e1e7e0b4ffec6822322c16716e8ebf92d2836dc24f5f490e,0.4214176535606384,NORMAL,STANDARDIZED,,resampled from 22050 to 44100,
harmonium_000715.wav,459.wav,harmonium,Harmonium,Harmonium\459.wav,22050,44100,1,1,3.0,3.0,66150,132300,.wav,132344,ce28192b3519fb77c70fbe296dd7111b54583e2f95951b9527b8287617abab8c,a28eabaf38332615bf181b70f054b443670da1058ee7de419c6b489859746d3c,0.3844722509384155,NORMAL,STANDARDIZED,,resampled from 22050 to 44100,
harmonium_000716.wav,46.wav,harmonium,Harmonium,Harmonium\46.wav,22050,44100,1,1,3.0,3.0,66150,132300,.wav,132344,6cd7c5c03d2229c2f62b8aa007421ed80d94ef2a943bcd26055a6d33b578dc5a,c89589ae31551d7e75ce02f8b6c6f7c3b6e65006d3fef723c679421822d4de13,0.43370890617370605,NORMAL,STANDARDIZED,,resampled from 22050 to 44100,
harmonium_000717.wav,460.wav,harmonium,Harmonium,Harmonium\460.wav,22050,44100,1,1,3.0,3.0,66150,132300,.wav,132344,5e612846ed051f4b559e3865b6ef8fab581b9afdc201b3fd4c6bf61aeaf7450c,cdca8b5a75ff589d24ced1a9649c9d53c36361a209483dc6cc666c301654e88a,0.4267083406448364,NORMAL,STANDARDIZED,,resampled from 22050 to 44100,
harmonium_000718.wav,461.wav,harmonium,Harmonium,Harmonium\461.wav,22050,44100,1,1,3.0,3.0,66150,132300,.wav,132344,29c0d514e6390ca16687e8b78553f85460223cff5cb490864ad25f24fcbd6dec,a0794a0e7d8c82c1afc1318dd70fc1012791d28b4ef6003643d5da9fe2c74bc9,0.468048632144928,NORMAL,STANDARDIZED,,resampled from 22050 to 44100,
harmonium_000719.wav,462.wav,harmonium,Harmonium,Harmonium\462.wav,22050,44100,1,1,3.0,3.0,66150,132300,.wav,132344,b5ee67433a26ff5ab09ba8fd9614acec0f794a23048ddfe85a00ac6c9628cdfd,6127dbc8c944cb72ebd1490b29b83e63c6d523ad8095185190d6e2d917c1d308,0.4370200037956238,NORMAL,STANDARDIZED,,resampled from 22050 to 44100,
harmonium_000720.wav,463.wav,harmonium,Harmonium,Harmonium\463.wav,22050,44100,1,1,3.0,3.0,66150,132300,.wav,132344,ae218ac55f1a5717f7f01650fa6918f2ede1a1c874b8b5da213f830919130f72,64ceec74a725d1219069d884837310c24a74dc1db17aeb96a4f534e146f2174b,0.3717718720436096,NORMAL,STANDARDIZED,,resampled from 22050 to 44100,
harmonium_000721.wav,464.wav,harmonium,Harmonium,Harmonium\464.wav,22050,44100,1,1,3.0,3.0,66150,132300,.wav,132344,319e78cf206ee31b4a33f0dc3ff4ba0ec4a05cb5938a896aa83d968848f323a9,7c3f1774c5299c1db425af55b47817d6ec12a7895081b2c2217c62a08720128d,0.4548901617527008,NORMAL,STANDARDIZED,,resampled from 22050 to 44100,
harmonium_000722.wav,465.wav,harmonium,Harmonium,Harmonium\465.wav,22050,44100,1,1,3.0,3.0,66150,132300,.wav,132344,dae06a5dde5b00ec3515716225c0def38f5eb20d76dd1f105a8b9089c0c0d442,105c898db3cebc3ea1dd46072d5f12da206d1c037a85496724b458e09f15e641,0.39543473720550537,NORMAL,STANDARDIZED,,resampled from 22050 to 44100,
harmonium_000723.wav,466.wav,harmonium,Harmonium,Harmonium\466.wav,22050,44100,1,1,3.0,3.0,66150,132300,.wav,132344,8b4ece35899355be4716622759e36e0a3234a081918dc675fdeca69a5e16e51f,7028d6ec64488f367836d1fc2eae4d901a80a0caa790f22aca7f209fa5910ce0,0.4211127460002899,NORMAL,STANDARDIZED,,resampled from 22050 to 44100,
harmonium_000724.wav,467.wav,harmonium,Harmonium,Harmonium\467.wav,22050,44100,1,1,3.0,3.0,66150,132300,.wav,132344,19a286ca2ffa86f85e773e4ecd68ee6dafdbdaffca9137506351479b714985d8,99686743274eb2b3d04c4971f6f9914c33bdb05aeef1cecb3ef9ebeb4a34e0f4,0.3832055330276489,NORMAL,STANDARDIZED,,resampled from 22050 to 44100,
harmonium_000725.wav,468.wav,harmonium,Harmonium,Harmonium\468.wav,22050,44100,1,1,3.0,3.0,66150,132300,.wav,132344,84ca0caf1ae942043af4eec6bf8db48a8eb699d2f28bb50cf70fb08b1611dcde,f11ad32d0df6e5488cab698109a14aed8d24d937ace1f7b27fd8d7bcc01a3a78,0.4208913743495941,NORMAL,STANDARDIZED,,resampled from 22050 to 44100,
harmonium_000726.wav,469.wav,harmonium,Harmonium,Harmonium\469.wav,22050,44100,1,1,3.0,3.0,66150,132300,.wav,132344,aa9e8721b44b3a0c024a025d9b79c2785f2d5627c5a1d610a4e8f0f4c02eeccc,199f43e9677d6eabfe5b8f062a0f35f556474e7ea885985014659d78d492ee17,0.46425023674964905,NORMAL,STANDARDIZED,,resampled from 22050 to 44100,
harmonium_000727.wav,47.wav,harmonium,Harmonium,Harmonium\47.wav,22050,44100,1,1,3.0,3.0,66150,132300,.wav,132344,5527edf564ddc9d9c75b8c35686b19f24961f4806490a06f5326a29140d47fb2,a6327dd5216fcbc5e2b3124732f633294ad08c3eaaa99c0e08a39eea4dfd93c2,0.38219067454338074,NORMAL,STANDARDIZED,,resampled from 22050 to 44100,
harmonium_000728.wav,470.wav,harmonium,Harmonium,Harmonium\470.wav,22050,44100,1,1,3.0,3.0,66150,132300,.wav,132344,65625b9eadb65fe4ca4e1c66032e101cb5eb6980cfc85a12954175708a102b43,59c91dac0cc32f58c7908a61dad23968f5402ade9b63e1cea38d73bfe7576dee,0.43787622451782227,NORMAL,STANDARDIZED,,resampled from 22050 to 44100,
harmonium_000729.wav,471.wav,harmonium,Harmonium,Harmonium\471.wav,22050,44100,1,1,3.0,3.0,66150,132300,.wav,132344,0eda7d24a24e5a46238989e297651e8030ab361abf41a651a820f29064a4904a,042476df65a14543dd16041c229d2c384211152a63d1d2d621b9a66a71ad4d6d,0.3715064227581024,NORMAL,STANDARDIZED,,resampled from 22050 to 44100,
harmonium_000730.wav,472.wav,harmonium,Harmonium,Harmonium\472.wav,22050,44100,1,1,3.0,3.0,66150,132300,.wav,132344,db630eb8f73440ce791ffd7cba57eb8012ac45d0910545f01fc5535d035dcb02,3449771771975c7b875efd5b784da4d3518029a305c5ad11bee064de60818f6c,0.4431004822254181,NORMAL,STANDARDIZED,,resampled from 22050 to 44100,
harmonium_000731.wav,473.wav,harmonium,Harmonium,Harmonium\473.wav,22050,44100,1,1,3.0,3.0,66150,132300,.wav,132344,4f65e46452a83fc6c68b3507ea4c7e3e8946eabd6ad4815f90cd73b0f77af15d,c8c358ca6b04ed6aa1bee0a46a137b645e7eaa90462478acbb1a80232c786ec5,0.3970852792263031,NORMAL,STANDARDIZED,,resampled from 22050 to 44100,
harmonium_000732.wav,474.wav,harmonium,Harmonium,Harmonium\474.wav,22050,44100,1,1,3.0,3.0,66150,132300,.wav,132344,fa4f5ba73a0cbb80e68442319e10cfc09543aebb97bd292cb191b8bcd7a39a3f,d45ae64a524705145b4c9bb4fff74f0cb3e340497230c9bae00b689b59e68222,0.41890329122543335,NORMAL,STANDARDIZED,,resampled from 22050 to 44100,
harmonium_000733.wav,475.wav,harmonium,Harmonium,Harmonium\475.wav,22050,44100,1,1,3.0,3.0,66150,132300,.wav,132344,042f5ae2a42e7bce901201802fb70dd103be693f4161e1b6ee1dce61171cb837,977a9d33109bad72adbd1086aaafaa6c0e620f5f86c21203f73dfdd5ae69273a,0.3782590329647064,NORMAL,STANDARDIZED,,resampled from 22050 to 44100,
harmonium_000734.wav,476.wav,harmonium,Harmonium,Harmonium\476.wav,22050,44100,1,1,3.0,3.0,66150,132300,.wav,132344,9717adca3759a84e599116fee2ed94dcf330e0bde8026da8f7c7be1011ed1839,5460e13ec90965956f4f06d6c088735771e8c0714c919d29261d0b46b1f9746c,0.42293426394462585,NORMAL,STANDARDIZED,,resampled from 22050 to 44100,
harmonium_000735.wav,477.wav,harmonium,Harmonium,Harmonium\477.wav,22050,44100,1,1,3.0,3.0,66150,132300,.wav,132344,4895165dde5ba105cec360b8001a3cd88957a9fef0fc1f0eb6dccfbbd108242b,8f5598bac91dbf0454246a7770505e31cd07ad59870531946d2a67d406c054fa,0.4656420052051544,NORMAL,STANDARDIZED,,resampled from 22050 to 44100,
harmonium_000736.wav,478.wav,harmonium,Harmonium,Harmonium\478.wav,22050,44100,1,1,3.0,3.0,66150,132300,.wav,132344,c620031b77d9e4dc45d9290dcfc44958acbf8141bc76eec8a9d628308ec81cd9,f8762124e2ea1278c6763b0f29b3a7a986cd712e54d1ba817d9d093bf499b2a5,0.43661609292030334,NORMAL,STANDARDIZED,,resampled from 22050 to 44100,
harmonium_000737.wav,479.wav,harmonium,Harmonium,Harmonium\479.wav,22050,44100,1,1,3.0,3.0,66150,132300,.wav,132344,5b1751980ac2c2f746db61ad4e61806b74a1c2ca5460eff64a86f4b8c58c6d08,89c65cee13bc65adc223f87f1e8abae6dacfcd71468ef717d4b3d06e4bf9f913,0.3736567795276642,NORMAL,STANDARDIZED,,resampled from 22050 to 44100,
harmonium_000738.wav,48.wav,harmonium,Harmonium,Harmonium\48.wav,22050,44100,1,1,3.0,3.0,66150,132300,.wav,132344,ccf0a8a3b70a36194d4ec3c3bd5fe6494e26b9cdef089f0acf8ed2c4db1dadef,855ce371c6537f2b90a724b0a1e88d404eb557d4a9c97d24687f375f3a95f1b9,0.380461722612381,NORMAL,STANDARDIZED,,resampled from 22050 to 44100,
harmonium_000739.wav,480.wav,harmonium,Harmonium,Harmonium\480.wav,22050,44100,1,1,3.0,3.0,66150,132300,.wav,132344,60b8fb87faadc27f83c50a6999737a25496e640fdda032f60c410e60d79553b2,b9073c56fd84c4db03a3828f8d0e2485d8064717371245f5b3d72866e52e41e4,0.44266560673713684,NORMAL,STANDARDIZED,,resampled from 22050 to 44100,
harmonium_000740.wav,481.wav,harmonium,Harmonium,Harmonium\481.wav,22050,44100,1,1,3.0,3.0,66150,132300,.wav,132344,fb07af6f47f85d8b8c4405fd8dd3b85e25ca288431e4a964bcc2ba130d07ac83,5152f3c15e29938a443befd787a202ddd1c45e80af452c20e51ef4bb116f245c,0.39500075578689575,NORMAL,STANDARDIZED,,resampled from 22050 to 44100,
harmonium_000741.wav,482.wav,harmonium,Harmonium,Harmonium\482.wav,22050,44100,1,1,3.0,3.0,66150,132300,.wav,132344,7fd5896969632d793e370728b869b23ed051ac948beac613efe311fb0dedd6a9,c53cfbc9dc719d8f17336ca0f5459ba4c77bffe835f56a2dcf42e219caaa8797,0.42198583483695984,NORMAL,STANDARDIZED,,resampled from 22050 to 44100,
harmonium_000742.wav,483.wav,harmonium,Harmonium,Harmonium\483.wav,22050,44100,1,1,3.0,3.0,66150,132300,.wav,132344,a816a356acab65b0698cc7b12a81e43d150f04647cedb5cbf5f3abbe924b023e,038a0f3f68bf248edb2e1e4d6a059a0a0912608f68372bb1ae1e0557e900db66,0.3838621973991394,NORMAL,STANDARDIZED,,resampled from 22050 to 44100,
harmonium_000743.wav,484.wav,harmonium,Harmonium,Harmonium\484.wav,22050,44100,1,1,3.0,3.0,66150,132300,.wav,132344,9174e719f58088a5e404644daf7165eb76f488ebb34c3b0b8a82695eb1044764,ec4133e5e914fb57015d262e73a8383027f6cfa162b9729300ec507dea278cb7,0.4305093288421631,NORMAL,STANDARDIZED,,resampled from 22050 to 44100,
harmonium_000744.wav,485.wav,harmonium,Harmonium,Harmonium\485.wav,22050,44100,1,1,3.0,3.0,66150,132300,.wav,132344,b8a5013425c0d442d931527fbefcc64d6051cab83d03e23b6c6175131fefe72d,3b59d6b2a84527bd3565b2ad69a881b8fe0ebe00633b67f26f233d2b797c79f6,0.48751506209373474,NORMAL,STANDARDIZED,,resampled from 22050 to 44100,
harmonium_000745.wav,486.wav,harmonium,Harmonium,Harmonium\486.wav,22050,44100,1,1,3.0,3.0,66150,132300,.wav,132344,05339a31a911d1ac0ed5c54f5ce89d303e845393aa5a7bc45d98b1261a9eb2b0,aae4a7a1e2b171b56fa72bb12c8f6f63a4f48950ee0af6fc387780940da34587,0.45542600750923157,NORMAL,STANDARDIZED,,resampled from 22050 to 44100,
harmonium_000746.wav,487.wav,harmonium,Harmonium,Harmonium\487.wav,22050,44100,1,1,3.0,3.0,66150,132300,.wav,132344,ddb30fe3f5ef124db1a7002ee0f7972762c229cd11d2914e3964d5e383539592,7d3ddc52e33e162a91b5cfbf580f6a4c4f460096d9ee145defbd703f4c0e2959,0.37622445821762085,NORMAL,STANDARDIZED,,resampled from 22050 to 44100,
harmonium_000747.wav,488.wav,harmonium,Harmonium,Harmonium\488.wav,22050,44100,1,1,3.0,3.0,66150,132300,.wav,132344,ffc74bbea56a382772ade41637dd212675fe3990b631c64fca5b8a547ddc26d8,0ca88676abdd4ac1928f4e474b23495198ae54b83c9e093ae4a95630d5aebf2b,0.44273748993873596,NORMAL,STANDARDIZED,,resampled from 22050 to 44100,
harmonium_000748.wav,489.wav,harmonium,Harmonium,Harmonium\489.wav,22050,44100,1,1,3.0,3.0,66150,132300,.wav,132344,d80488c6c950b77ff8606ad257802345bc330931e32bbf34bde5f8b01887bdd0,1a2fa452626bc1c35b099547c3374141db75dc359e14f239c503091ccff2e161,0.39414867758750916,NORMAL,STANDARDIZED,,resampled from 22050 to 44100,
harmonium_000749.wav,49.wav,harmonium,Harmonium,Harmonium\49.wav,22050,44100,1,1,3.0,3.0,66150,132300,.wav,132344,90a5463c07c65b9978133b94da3f4a42dfb11bbcf56df91e7e0efcedc0d3df32,68e44e66d4d0c881aa4f37aaaeb1c7d671e5456b7f575e336c758d6ac0f73d23,0.383091539144516,NORMAL,STANDARDIZED,,resampled from 22050 to 44100,
harmonium_000750.wav,490.wav,harmonium,Harmonium,Harmonium\490.wav,22050,44100,1,1,3.0,3.0,66150,132300,.wav,132344,0b784adb20ca89733a303018678a7f977e0d864987448d0f7f4e3443833abf6d,31ed3fe8061a08e7c330c759c8909df9038fccf87c3d8fe9eaf9dae539aa7ee6,0.4142006039619446,NORMAL,STANDARDIZED,,resampled from 22050 to 44100,
harmonium_000751.wav,491.wav,harmonium,Harmonium,Harmonium\491.wav,22050,44100,1,1,3.0,3.0,66150,132300,.wav,132344,8cdac598df30ab72f35740c023a819b173499df36f0c7730d45d17a8fa89850f,0c7469f59ec743b90450ebf84f3b101d241a96e0ad782e56fe181501195696e5,0.3821167051792145,NORMAL,STANDARDIZED,,resampled from 22050 to 44100,
harmonium_000752.wav,492.wav,harmonium,Harmonium,Harmonium\492.wav,22050,44100,1,1,3.0,3.0,66150,132300,.wav,132344,59e637796071ea850edf047b5b4243152387501bacc21a121ed00dc07d3fca99,5ca74a0fff26a70dde54dec90fa293d3d4df05333fe28e7abedc608c497b1780,0.4240758717060089,NORMAL,STANDARDIZED,,resampled from 22050 to 44100,
harmonium_000753.wav,493.wav,harmonium,Harmonium,Harmonium\493.wav,22050,44100,1,1,3.0,3.0,66150,132300,.wav,132344,6ff5a2b75fd840dd446ad6e7e2742a1a8fd25a30491bc577938ae429e03882f3,dfe632053947e8681c242e0b6cc2506c3ac1e7672bb8fb0767d5029a007f359b,0.46556738018989563,NORMAL,STANDARDIZED,,resampled from 22050 to 44100,
harmonium_000754.wav,494.wav,harmonium,Harmonium,Harmonium\494.wav,22050,44100,1,1,3.0,3.0,66150,132300,.wav,132344,3102e177a6c3fc20dc1b8e050a2f7f4afd6ef3b68285cdf2ed05518b69458560,374059cd10b35e11d08bce33572ecd5fb4b01dd3421b673f948a68e0c14653a6,0.4404717683792114,NORMAL,STANDARDIZED,,resampled from 22050 to 44100,
harmonium_000755.wav,495.wav,harmonium,Harmonium,Harmonium\495.wav,22050,44100,1,1,3.0,3.0,66150,132300,.wav,132344,6475e220789565b597b2833cdacae942923f2c3f8210b2f0d37abb8a73c5783a,41a08e2d59f97effd209076e16a8808e17954f7cf143311e874e6bc36941a0a3,0.3654376268386841,NORMAL,STANDARDIZED,,resampled from 22050 to 44100,
harmonium_000756.wav,496.wav,harmonium,Harmonium,Harmonium\496.wav,22050,44100,1,1,3.0,3.0,66150,132300,.wav,132344,ee02753ceb7772a81e709f65deabc8d41f8cf8eadd5cf2e7f47ca3282f8f74bb,fcb8e2cea5d26c867440fcd0cd43e6f6b6c4042cf6ef4e8e280c391ec65a50da,0.4436640739440918,NORMAL,STANDARDIZED,,resampled from 22050 to 44100,
harmonium_000757.wav,497.wav,harmonium,Harmonium,Harmonium\497.wav,22050,44100,1,1,3.0,3.0,66150,132300,.wav,132344,569eced90f88e82f915787d17d7b1b396b1e78dd6e9b3cff5cf5b4f74efe094f,41ca64c1d2ba4e89575330b9e79e51a6c9c3c62007d722cfb54131949f7afe36,0.4026454985141754,NORMAL,STANDARDIZED,,resampled from 22050 to 44100,
harmonium_000758.wav,498.wav,harmonium,Harmonium,Harmonium\498.wav,22050,44100,1,1,3.0,3.0,66150,132300,.wav,132344,1b7938aeced95afd0a980bf2b3fa7af97d4d027d9af03247b00a496a8e4df975,5f58fcc201c6f302117c74d82bfe8befcb166734d360085a13218565aa8c2d59,0.41889122128486633,NORMAL,STANDARDIZED,,resampled from 22050 to 44100,
harmonium_000759.wav,499.wav,harmonium,Harmonium,Harmonium\499.wav,22050,44100,1,1,3.0,3.0,66150,132300,.wav,132344,5f3f50454438b5542fc1884aec1828c0ce9ecf3bf923606dc63b733be815f022,46810acea33a27b22f0c6e6fbe3604e4581f8b1e705ed4abdb23a8cc8be51f2e,0.37911102175712585,NORMAL,STANDARDIZED,,resampled from 22050 to 44100,
harmonium_000760.wav,5.wav,harmonium,Harmonium,Harmonium\5.wav,22050,44100,1,1,3.0,3.0,66150,132300,.wav,132344,f6b89402d55eb63ed374e1233ae7374b7c750f20d6e33d3cb856c76874829779,96279eee8c4b470ff4bd53f8666c89a606bc5115a863c884aa958c0346bdab8f,0.38155612349510193,NORMAL,STANDARDIZED,,resampled from 22050 to 44100,
harmonium_000761.wav,50.wav,harmonium,Harmonium,Harmonium\50.wav,22050,44100,1,1,3.0,3.0,66150,132300,.wav,132344,7b801599b2628eb697144f76ac8b85997bd0baa3280389ea83b6b8c5482b048d,c7653b85aa5910b78bff8751dcbd66f9d7cc761055784ce40f4a57bd651da3ae,0.4285992383956909,NORMAL,STANDARDIZED,,resampled from 22050 to 44100,
harmonium_000762.wav,500.wav,harmonium,Harmonium,Harmonium\500.wav,22050,44100,1,1,3.0,3.0,66150,132300,.wav,132344,8fad900b6834728142829e536a30d9ac5ab51808f45936bf51f204fb8d05f109,fa8400cb858eb18b9f085c7734b92170cda8d7d3409cea2c62f55fbe7b0b68f3,0.42874497175216675,NORMAL,STANDARDIZED,,resampled from 22050 to 44100,
harmonium_000763.wav,501.wav,harmonium,Harmonium,Harmonium\501.wav,22050,44100,1,1,3.0,3.0,66150,132300,.wav,132344,a2c7ee944ba759497acfa622bf77466fa0597f671a00463d5868075048f8ce5d,aeb10a46b705ac0c602400feafa5154f72c9d162dd77aeab3136af3a523ab491,0.4603424668312073,NORMAL,STANDARDIZED,,resampled from 22050 to 44100,
harmonium_000764.wav,502.wav,harmonium,Harmonium,Harmonium\502.wav,22050,44100,1,1,3.0,3.0,66150,132300,.wav,132344,21481ab17f48effd22c781b3326df0c7afaf5371af321a64b9f524a91016456d,b17eb383091e1ff27fd1454bc2e2cd3f49d0e9e3345ca13420f39065d25a1f13,0.4416356086730957,NORMAL,STANDARDIZED,,resampled from 22050 to 44100,
harmonium_000765.wav,503.wav,harmonium,Harmonium,Harmonium\503.wav,22050,44100,1,1,3.0,3.0,66150,132300,.wav,132344,22be6ab77275a91b4871cb6b914507fa619f58102f6c7ddbfa3416fcc72bd331,4acf4463849b8d94e020bb6ef99155c8fbc0fbad0dfe16b8a082045eae5082cd,0.37320616841316223,NORMAL,STANDARDIZED,,resampled from 22050 to 44100,
harmonium_000766.wav,504.wav,harmonium,Harmonium,Harmonium\504.wav,22050,44100,1,1,3.0,3.0,66150,132300,.wav,132344,c3e290e4855ec3b1df8d4137c7cc0eb1ad6fcb300331f5ebebe7976379a47b77,7afa164adafbc107c9b8a001b1bd7e135bfc5d1845809a18f137cce982db2876,0.4442330598831177,NORMAL,STANDARDIZED,,resampled from 22050 to 44100,
harmonium_000767.wav,505.wav,harmonium,Harmonium,Harmonium\505.wav,22050,44100,1,1,3.0,3.0,66150,132300,.wav,132344,66e0b9bfcf14a9daf147f6dbf3994e18e97ed4c8e7a5e70d80d57d475f880026,6335833b8cf5a009f6595422197390ca43f3298c835add629ea249cb90da353b,0.39567330479621887,NORMAL,STANDARDIZED,,resampled from 22050 to 44100,
harmonium_000768.wav,506.wav,harmonium,Harmonium,Harmonium\506.wav,22050,44100,1,1,3.0,3.0,66150,132300,.wav,132344,92f4b910a337f5225cd5ea1c2f4e6b0c87fe367d0de475559638b578a6e38f33,d5a0be9e646fb0042e66557921ec35833bb85791f7d156d3bfb898e55498bc70,0.4266498386859894,NORMAL,STANDARDIZED,,resampled from 22050 to 44100,
harmonium_000769.wav,507.wav,harmonium,Harmonium,Harmonium\507.wav,22050,44100,1,1,3.0,3.0,66150,132300,.wav,132344,aefcbbebc1f298ae26cead9ada547b52292fffac3232619dcdf4e6f5e7dd4499,b41b2684eb65863e87a7b6613c9c6f125daf09c0ba65156e00094cf001b47d19,0.377301424741745,NORMAL,STANDARDIZED,,resampled from 22050 to 44100,
harmonium_000770.wav,508.wav,harmonium,Harmonium,Harmonium\508.wav,22050,44100,1,1,3.0,3.0,66150,132300,.wav,132344,9154e4eaeefe8a7b54d28746f59910fec42ed1c0e03cf05baf771b512f637c18,e61b812f74792e3c765bd90518fe91bfce92dd299e46da0ced85453e36786643,0.4296540915966034,NORMAL,STANDARDIZED,,resampled from 22050 to 44100,
harmonium_000771.wav,509.wav,harmonium,Harmonium,Harmonium\509.wav,22050,44100,1,1,3.0,3.0,66150,132300,.wav,132344,41b7eea59df9fd91036f17a6cada43c46a3720a25656e65f328ac0c5b1295785,5baf46a7aab7e543d76c5a29694df2a3270b68a052d6d53663947ed46155bbb9,0.46502479910850525,NORMAL,STANDARDIZED,,resampled from 22050 to 44100,
harmonium_000772.wav,51.wav,harmonium,Harmonium,Harmonium\51.wav,22050,44100,1,1,3.0,3.0,66150,132300,.wav,132344,263794e69c2c260102ca7ed6de9e2f4a55d46e0335e5fd706c143e712f3d276c,ef5c694ec17c23c920ba258c1555e32c9bdb19b37b0b056883338111a82e4d14,0.38407039642333984,NORMAL,STANDARDIZED,,resampled from 22050 to 44100,
harmonium_000773.wav,510.wav,harmonium,Harmonium,Harmonium\510.wav,22050,44100,1,1,3.0,3.0,66150,132300,.wav,132344,33519ee5e15666c7939a6086658cf910aba38a82308c9a0287d8f76f17e58b23,961834813a487d3b12132a42db0a4eef438049ae3f156646885e4a0736533325,0.441023588180542,NORMAL,STANDARDIZED,,resampled from 22050 to 44100,
harmonium_000774.wav,511.wav,harmonium,Harmonium,Harmonium\511.wav,22050,44100,1,1,3.0,3.0,66150,132300,.wav,132344,32f35705abc413ed9e866074fcd30213b896b92f1abc7c1ab34e00eb0515fdb2,8f8bfce7fe3cb9b06c3e04f6aa2e1fb0c47374e4d79e1c5c03d0fae44162fd5f,0.3691772222518921,NORMAL,STANDARDIZED,,resampled from 22050 to 44100,
harmonium_000775.wav,512.wav,harmonium,Harmonium,Harmonium\512.wav,22050,44100,1,1,3.0,3.0,66150,132300,.wav,132344,727208d4f7da16de7fea2df5a9877daddaa475b1d4ab877a2b6d68004f9f0ece,06bc96f663b83775745de0a631fee82c5f6b7d76fa6446a475b8552729273561,0.44244658946990967,NORMAL,STANDARDIZED,,resampled from 22050 to 44100,
harmonium_000776.wav,513.wav,harmonium,Harmonium,Harmonium\513.wav,22050,44100,1,1,3.0,3.0,66150,132300,.wav,132344,0bf66a98722e7fd319316ec57a130ebcc98a667f53593f2b60b34c7a7542b7aa,8e958cd0a936f8d976b0aabad393929517bed5bb400d9ca5664336beb32a9d5e,0.39920222759246826,NORMAL,STANDARDIZED,,resampled from 22050 to 44100,
harmonium_000777.wav,514.wav,harmonium,Harmonium,Harmonium\514.wav,22050,44100,1,1,3.0,3.0,66150,132300,.wav,132344,37112c19f0359c4a69fb9699b9e714f50555a6cf2bcc2794e51a08fa0b02d0d5,ca444636783c2fe9621af22ea7a91e8f4ea2f78fd3de2ef7829636dca3f1d769,0.4136861562728882,NORMAL,STANDARDIZED,,resampled from 22050 to 44100,
harmonium_000778.wav,515.wav,harmonium,Harmonium,Harmonium\515.wav,22050,44100,1,1,3.0,3.0,66150,132300,.wav,132344,25f8fcb0b4a321680c9509976700f1285f832ff8e24f4a855378d0a4e70ff188,3095ad50e1b38672b4d19d3d2b6d14858331c294352e15a42646063f41a7370b,0.3827788531780243,NORMAL,STANDARDIZED,,resampled from 22050 to 44100,
harmonium_000779.wav,516.wav,harmonium,Harmonium,Harmonium\516.wav,22050,44100,1,1,3.0,3.0,66150,132300,.wav,132344,cfd6c02e437666adf2d38f3cfb27505c0f0b4d432721fba8a8dea7eb5b231e70,1b1d676a0b1cc63d8e473d380a8905efcc9e11b575e624aa24e6591e1674c6e8,0.42339399456977844,NORMAL,STANDARDIZED,,resampled from 22050 to 44100,
harmonium_000780.wav,517.wav,harmonium,Harmonium,Harmonium\517.wav,22050,44100,1,1,3.0,3.0,66150,132300,.wav,132344,7c4c1bd43e0b1616278e3f14e6569dbad5d95c1837c085d029a3bca6537ae119,e5fd7db8a957c7341b992d1250f9257eebf76e1ec49b3c5b197bfb77bc0a064a,0.46551090478897095,NORMAL,STANDARDIZED,,resampled from 22050 to 44100,
harmonium_000781.wav,518.wav,harmonium,Harmonium,Harmonium\518.wav,22050,44100,1,1,3.0,3.0,66150,132300,.wav,132344,032e77ccd765f1f6f1b94b9e526a41833daaa850c1305cdc210d055f36ea6d90,a58a2adb749ed0ac51431ec3fdceedd47f9824c3ed14c9aa5af41b8bd9df656e,0.4416950047016144,NORMAL,STANDARDIZED,,resampled from 22050 to 44100,
harmonium_000782.wav,519.wav,harmonium,Harmonium,Harmonium\519.wav,22050,44100,1,1,3.0,3.0,66150,132300,.wav,132344,283f3d4e63ab9c401ac98a22dec676a052bee7bfa0fa984f4bd1b43f4c673dfa,c13c216f376aab7bea987aefa1781928e5f4f90c91d568a95a796ed2997b54c5,0.3720967173576355,NORMAL,STANDARDIZED,,resampled from 22050 to 44100,
harmonium_000783.wav,52.wav,harmonium,Harmonium,Harmonium\52.wav,22050,44100,1,1,3.0,3.0,66150,132300,.wav,132344,1c84b0fd8478f345ef79c8e231f28f1d7d8b527a227b7cf3512d84f7015de010,98d78ded4d46d1a59800e775eefd493a0a9ee87a30e4f992a784934cc0505f8f,0.37785837054252625,NORMAL,STANDARDIZED,,resampled from 22050 to 44100,
harmonium_000784.wav,520.wav,harmonium,Harmonium,Harmonium\520.wav,22050,44100,1,1,3.0,3.0,66150,132300,.wav,132344,ba9a8b1e200bd3ee983f698b427365e0b082e0ca15c041639edec9bacf9ce7c1,2a2cd6d82172b7ad74932498636b6b99697f6bb186404944fdd5ed53aa8758e1,0.44194650650024414,NORMAL,STANDARDIZED,,resampled from 22050 to 44100,
harmonium_000785.wav,521.wav,harmonium,Harmonium,Harmonium\521.wav,22050,44100,1,1,3.0,3.0,66150,132300,.wav,132344,5d8191657be8a8ebf3fd468a3a86b9c2e7f9176878f7af165e71377876ab52e1,e760e774e2db44432b67981b172b76d19a2c9e108d7d351dee03bee8874ad378,0.39649951457977295,NORMAL,STANDARDIZED,,resampled from 22050 to 44100,
harmonium_000786.wav,522.wav,harmonium,Harmonium,Harmonium\522.wav,22050,44100,1,1,3.0,3.0,66150,132300,.wav,132344,f89023a2b99b49477a6d3e928ef4dc5f2f27786937598afbafb7408066bd871b,1745ed7d579e6cab3374a28913eca89f062a9acda6a6252dc12483324c618c8a,0.4161182641983032,NORMAL,STANDARDIZED,,resampled from 22050 to 44100,
harmonium_000787.wav,523.wav,harmonium,Harmonium,Harmonium\523.wav,22050,44100,1,1,3.0,3.0,66150,132300,.wav,132344,35ab689d68be07d046b09f4bb024ad4a38d7f03d9f335e6b5cd94eb06a8a83a8,5bb3109e971999b03a920358c5a7f6e9c6a5424c473075b044a333e67a5f89e5,0.3791666626930237,NORMAL,STANDARDIZED,,resampled from 22050 to 44100,
harmonium_000788.wav,524.wav,harmonium,Harmonium,Harmonium\524.wav,22050,44100,1,1,3.0,3.0,66150,132300,.wav,132344,41fa55a08ad5cc92440177953f0c7394bb7e6ba804a96e0b580698ec17d563c0,c93bd4c36e13d538c2b6b5cdb482c2212d15416d3550dce9521733322f774cc6,0.4245980679988861,NORMAL,STANDARDIZED,,resampled from 22050 to 44100,
harmonium_000789.wav,525.wav,harmonium,Harmonium,Harmonium\525.wav,22050,44100,1,1,3.0,3.0,66150,132300,.wav,132344,6e05fe077477e0e314bfb03e70eace18d365bbf6e3566a38892b2c0551a6b400,06a3b7f15d96c773fa50d0582c0566d406a50a51f070b7ffb38a2235711f20e0,0.48481881618499756,NORMAL,STANDARDIZED,,resampled from 22050 to 44100,
harmonium_000790.wav,526.wav,harmonium,Harmonium,Harmonium\526.wav,22050,44100,1,1,3.0,3.0,66150,132300,.wav,132344,34241576bd48b6e59303e653c20cbfcc97300631de08f30f6974f7cfdca80ad6,b0a32e2721aad8d251e97449c7db71b18c33881e7ec17dc08526ed41313b1fec,0.46049487590789795,NORMAL,STANDARDIZED,,resampled from 22050 to 44100,
harmonium_000791.wav,527.wav,harmonium,Harmonium,Harmonium\527.wav,22050,44100,1,1,3.0,3.0,66150,132300,.wav,132344,1e0ba8df2c743fa49af653dd29e4c2894d004fb70af8b149d1650f8030e0542c,1af7ea3b317a51e71cc9ba52ad7c0f5122999762eb6f5cc7ee79b3dd1f234b71,0.36812254786491394,NORMAL,STANDARDIZED,,resampled from 22050 to 44100,
harmonium_000792.wav,528.wav,harmonium,Harmonium,Harmonium\528.wav,22050,44100,1,1,3.0,3.0,66150,132300,.wav,132344,f8cc52fd19faf55e15b412025d791fb393dbdd8d3ecc5ee2f288f3218e8a04a1,3c3799e85fa46e2b61595e7ea36bc16dd1b2c7326f63e8a3ece8c16601b813e4,0.4480639398097992,NORMAL,STANDARDIZED,,resampled from 22050 to 44100,
harmonium_000793.wav,529.wav,harmonium,Harmonium,Harmonium\529.wav,22050,44100,1,1,3.0,3.0,66150,132300,.wav,132344,d5fd65f708ef94f8eb020fa278c80558cf0c1da5d795c462b8e3a16efe277900,62d41a825650aeb862f887b53f5c6ad73d46b33175a3b4da78c5788432cac457,0.3987222909927368,NORMAL,STANDARDIZED,,resampled from 22050 to 44100,
harmonium_000794.wav,53.wav,harmonium,Harmonium,Harmonium\53.wav,22050,44100,1,1,3.0,3.0,66150,132300,.wav,132344,af75f1fb61a39d9aa7b8aeddeb014f995e2c07564e9b9f23937b034daad8c601,5c5263f1c250290a76111dfc995e1a792e9bf0bbb82a02bd528e538cdd16c6a2,0.3816339373588562,NORMAL,STANDARDIZED,,resampled from 22050 to 44100,
harmonium_000795.wav,530.wav,harmonium,Harmonium,Harmonium\530.wav,22050,44100,1,1,3.0,3.0,66150,132300,.wav,132344,99bbec2de120a1d6c566301d62763b12f89f0bcec468c2483b1bf89d486a0ae5,decca54b40a34b96fc213a1d36e9ef4a4d8d24a6c51cd98fcf49191ff20c2b8d,0.4179069399833679,NORMAL,STANDARDIZED,,resampled from 22050 to 44100,
harmonium_000796.wav,531.wav,harmonium,Harmonium,Harmonium\531.wav,22050,44100,1,1,3.0,3.0,66150,132300,.wav,132344,4b6ef93b3f7e048b9efc27fec3ddb7df029b2139f0b7b4e1f19e1d261d6b6942,11c4aa5e75b8a358880d034aee087afd30dfe05f6ea78bcd3ac50dfd837368d8,0.37978363037109375,NORMAL,STANDARDIZED,,resampled from 22050 to 44100,
harmonium_000797.wav,532.wav,harmonium,Harmonium,Harmonium\532.wav,22050,44100,1,1,3.0,3.0,66150,132300,.wav,132344,20f02d3a388cb84be919f6a287cbcfeb84a6aee7a94e8838715d7223946eec38,c410d8da80d595d0297939334572e5373238a8a16ed5cf7696afe2817552f06d,0.42436131834983826,NORMAL,STANDARDIZED,,resampled from 22050 to 44100,
harmonium_000798.wav,533.wav,harmonium,Harmonium,Harmonium\533.wav,22050,44100,1,1,3.0,3.0,66150,132300,.wav,132344,e9ffbd9cc5c8d79296b4a2d016e36e1d7b8ab3f9c36f3a3330aa804cd51838d7,7d76457f919872e6a5b94a59fedf3f5720c30052a3cd2ab36bd81410dc91ae60,0.46518710255622864,NORMAL,STANDARDIZED,,resampled from 22050 to 44100,
harmonium_000799.wav,534.wav,harmonium,Harmonium,Harmonium\534.wav,22050,44100,1,1,3.0,3.0,66150,132300,.wav,132344,b3f8fc5317208cdb7f1d0fc7142665c61eabb65d4dc21eceb446bd22c5eabfa0,bc57411ee57d9f196df4a7a3940c886b250f553afbdb16785aa22734a930e1f1,0.4374089241027832,NORMAL,STANDARDIZED,,resampled from 22050 to 44100,
harmonium_000800.wav,535.wav,harmonium,Harmonium,Harmonium\535.wav,22050,44100,1,1,3.0,3.0,66150,132300,.wav,132344,2a909722c9c1b8eb563a1d0d77a40827562ba9b3e2d62e2e1122014fc59a2009,3b8eea938c91d6aad91769c5f27fe3e426ed1ef1dcb3a4f5a08677ff1cfdb6c1,0.3714519441127777,NORMAL,STANDARDIZED,,resampled from 22050 to 44100,
harmonium_000801.wav,536.wav,harmonium,Harmonium,Harmonium\536.wav,22050,44100,1,1,3.0,3.0,66150,132300,.wav,132344,fbbede9d48d0bb3c03122e7e9f774c7a684cdc4f8eabcca324c4ba9c59526000,c707b2b3eb2a2d6735e761b82655ec0e951662c0742a0a7a5eb226a2c7a6b783,0.4411740303039551,NORMAL,STANDARDIZED,,resampled from 22050 to 44100,
harmonium_000802.wav,537.wav,harmonium,Harmonium,Harmonium\537.wav,22050,44100,1,1,3.0,3.0,66150,132300,.wav,132344,1d4a5fffd05cb6fc113a4e725916c8779955e42cfdbe1c5e416ec8659d0a5827,9dc995c75ffef076f0267df139543c70e2c808028ef0555f52a8f9a76d5db93e,0.399521142244339,NORMAL,STANDARDIZED,,resampled from 22050 to 44100,
harmonium_000803.wav,538.wav,harmonium,Harmonium,Harmonium\538.wav,22050,44100,1,1,3.0,3.0,66150,132300,.wav,132344,a6b8989f16239b7fcffe08860842c56d61b8e32c0537ce6747a0f8f43e1b8b85,68957d64bccbba65858e3dbf2addfdce82b7227c7a94b92dcce7c784fd358ce3,0.41784772276878357,NORMAL,STANDARDIZED,,resampled from 22050 to 44100,
harmonium_000804.wav,539.wav,harmonium,Harmonium,Harmonium\539.wav,22050,44100,1,1,3.0,3.0,66150,132300,.wav,132344,29c89f4197a7974f5cd4c1fa95e49a2ea5bfab1a28c26342613a221c3e9fc0ef,9eaa50bf131639adf482a44b20cf77e0ca74b941c05e3793b5267e2f5dabaf89,0.3794972002506256,NORMAL,STANDARDIZED,,resampled from 22050 to 44100,
harmonium_000805.wav,54.wav,harmonium,Harmonium,Harmonium\54.wav,22050,44100,1,1,3.0,3.0,66150,132300,.wav,132344,e9926348fad0bbaa702c6e512ba086a96a710dd1472428fecd0283e06a399119,c9f68d55b20165da8647c3159419dea849c08ec63f540687b61c567fb306cdcc,0.4273131489753723,NORMAL,STANDARDIZED,,resampled from 22050 to 44100,
harmonium_000806.wav,540.wav,harmonium,Harmonium,Harmonium\540.wav,22050,44100,1,1,3.0,3.0,66150,132300,.wav,132344,4aa14ca9666476d4a392c155cd2477bbc20feef0391bd9ca7db82e8dce787185,e4e381aeaf30a9e88652d8ca569f7cbfa122945d828e23af66ba6a420dded325,0.42663758993148804,NORMAL,STANDARDIZED,,resampled from 22050 to 44100,
harmonium_000807.wav,541.wav,harmonium,Harmonium,Harmonium\541.wav,22050,44100,1,1,3.0,3.0,66150,132300,.wav,132344,d875635383e21a5a93c3bd5370b9e49a7622091d33ecc5f2e6ba304ed6f09dc0,266d9f8edf71a7d6a0e4e3a55270352e91b0cac6d5b71a0d800d0e2f5c04ce72,0.46817445755004883,NORMAL,STANDARDIZED,,resampled from 22050 to 44100,
harmonium_000808.wav,542.wav,harmonium,Harmonium,Harmonium\542.wav,22050,44100,1,1,3.0,3.0,66150,132300,.wav,132344,590ea44c38f1a8ef93068517f02dc631ffb694d05fa471cab79993c6a1e29133,b9aab594ac543098feae6be55f37e881ff85c6cfa74668854dba8358779d418b,0.43722864985466003,NORMAL,STANDARDIZED,,resampled from 22050 to 44100,
harmonium_000809.wav,543.wav,harmonium,Harmonium,Harmonium\543.wav,22050,44100,1,1,3.0,3.0,66150,132300,.wav,132344,3cd60bdb349e0e3e42b9fc193c5603bb27f017dc0c248cf8fffdcd6f6154074d,210ba67919dfa75adc3fff44df19be40091702f297ef527c269b122d03ed126c,0.3650839924812317,NORMAL,STANDARDIZED,,resampled from 22050 to 44100,
harmonium_000810.wav,544.wav,harmonium,Harmonium,Harmonium\544.wav,22050,44100,1,1,3.0,3.0,66150,132300,.wav,132344,e9c6c6df5acf45ed5cff098dd2000c7d1909fc4b813b9fa078289510fb2ca898,66d8668fd8b20ecfcdca23c70a966c7209e38dab2e12b143a775c082dafc9cd6,0.44783294200897217,NORMAL,STANDARDIZED,,resampled from 22050 to 44100,
harmonium_000811.wav,545.wav,harmonium,Harmonium,Harmonium\545.wav,22050,44100,1,1,3.0,3.0,66150,132300,.wav,132344,e857e307fe988622a9723b8bcce74c7ef142882639dce80ed2380183e1849447,bfda8726aaed85c148671b4931fee600a3f3672f60081daadeafc829867a6840,0.39686670899391174,NORMAL,STANDARDIZED,,resampled from 22050 to 44100,
harmonium_000812.wav,546.wav,harmonium,Harmonium,Harmonium\546.wav,22050,44100,1,1,3.0,3.0,66150,132300,.wav,132344,03618417ac683ed67bf73888fccc0c7bbbee74fc86c6a7c88609807b191a48fd,249188abf153d926921179f29f587d197215beb676a619967430670abd0fce4e,0.421398788690567,NORMAL,STANDARDIZED,,resampled from 22050 to 44100,
harmonium_000813.wav,547.wav,harmonium,Harmonium,Harmonium\547.wav,22050,44100,1,1,3.0,3.0,66150,132300,.wav,132344,56198ee41970493bf3aaf9448c41842f3ffe15bd5772f5b197ab06f9f3f2f81f,8f43c319843fd1b4c8838660bdd77176b1fd37275cc47c1cbd3a81665952fa4d,0.3769041895866394,NORMAL,STANDARDIZED,,resampled from 22050 to 44100,
harmonium_000814.wav,548.wav,harmonium,Harmonium,Harmonium\548.wav,22050,44100,1,1,3.0,3.0,66150,132300,.wav,132344,d7d4fd8da68a91c7f1b038a2dc9cc94efbd2d304b5f618d210520b6c8743f190,8843afaeea1ecc8a03410ca6a1c3cf9593ed2a4e01073cf2c73e4fd2656ae585,0.43212464451789856,NORMAL,STANDARDIZED,,resampled from 22050 to 44100,
harmonium_000815.wav,549.wav,harmonium,Harmonium,Harmonium\549.wav,22050,44100,1,1,3.0,3.0,66150,132300,.wav,132344,37817e3ee4a7ee21bbd5a3b8d41e1cf2a9736c6e896975433b98a41b550730f2,cd73af327d7415ca08b3248e49b8636c75ed12e63a72bb943eb8bddbb50fb752,0.46518632769584656,NORMAL,STANDARDIZED,,resampled from 22050 to 44100,
harmonium_000816.wav,55.wav,harmonium,Harmonium,Harmonium\55.wav,22050,44100,1,1,3.0,3.0,66150,132300,.wav,132344,ced1b93eb42af455e6df24b86f81f8ad5004d81748a3d313ef5e00fe56fe40af,5de225e70fe1927c25cf31a131cfdf003e11b09c2a91b6045e8801c0576f3a51,0.3872411549091339,NORMAL,STANDARDIZED,,resampled from 22050 to 44100,
harmonium_000817.wav,550.wav,harmonium,Harmonium,Harmonium\550.wav,22050,44100,1,1,3.0,3.0,66150,132300,.wav,132344,c1a56e6085f7228a02b950f13f61d0971108a13e9cd447816ef1047235d47727,ee2b782c61fa29aca2ad5667ad8a5eb9ac96075e75e3e89977e986df237585da,0.4404568076133728,NORMAL,STANDARDIZED,,resampled from 22050 to 44100,
harmonium_000818.wav,551.wav,harmonium,Harmonium,Harmonium\551.wav,22050,44100,1,1,3.0,3.0,66150,132300,.wav,132344,a37606eed72f89912e85340c3f3a6a30557ec2ea600c963311b94fb227d56ae7,d06aaf0122e972c3c3d0cdfcf404db54a49fd1c679c7aebe3d749d2b1a0cfab1,0.37365150451660156,NORMAL,STANDARDIZED,,resampled from 22050 to 44100,
harmonium_000819.wav,552.wav,harmonium,Harmonium,Harmonium\552.wav,22050,44100,1,1,3.0,3.0,66150,132300,.wav,132344,2c334b8ef8e3b32ab6efdb7355d7951f4edc739dfff1cb2a358f02dcb6da67a0,ad8ff7c825750e96b2a20df7f0fc08ba7ae7cae36cc595232ecb613878cf7c61,0.43995964527130127,NORMAL,STANDARDIZED,,resampled from 22050 to 44100,
harmonium_000820.wav,553.wav,harmonium,Harmonium,Harmonium\553.wav,22050,44100,1,1,3.0,3.0,66150,132300,.wav,132344,493de9f83d54eac85c1838bd03664211dd5d0cae5816f6344902e5c4bb7dac62,6562931ae2b7ed45cbd3db51d641fa435a3b5d3f6593c595888831426d5de0a1,0.4027820825576782,NORMAL,STANDARDIZED,,resampled from 22050 to 44100,
harmonium_000821.wav,554.wav,harmonium,Harmonium,Harmonium\554.wav,22050,44100,1,1,3.0,3.0,66150,132300,.wav,132344,bbfd9accfca9ed03b187bd613402a036e1fac55a34542a56193f62f6e920ab0a,3688216c8cfed06458dc81673f8f1c378672159fc1815afb7bae95d23a387804,0.4232022166252136,NORMAL,STANDARDIZED,,resampled from 22050 to 44100,
harmonium_000822.wav,555.wav,harmonium,Harmonium,Harmonium\555.wav,22050,44100,1,1,3.0,3.0,66150,132300,.wav,132344,d28f7fda62ff739782a99bf4a3ac748d335b3f6fcd0513a7f1b17bd467c18a1d,4f50bdd79ffd4c63fea89be9e56088d14ab5d1e858228fa9ffabce9cda37fde3,0.37712153792381287,NORMAL,STANDARDIZED,,resampled from 22050 to 44100,
harmonium_000823.wav,556.wav,harmonium,Harmonium,Harmonium\556.wav,22050,44100,1,1,3.0,3.0,66150,132300,.wav,132344,9b9f01ac85cf1a2b20b49e7cb45cdb80bee726291176a8ba2f233c0b7e9c85ed,c6e1bc206658a8dcaac0d47349ea3855c62e4b02e5dd6c352c3eb3f0f35ae382,0.42867693305015564,NORMAL,STANDARDIZED,,resampled from 22050 to 44100,
harmonium_000824.wav,557.wav,harmonium,Harmonium,Harmonium\557.wav,22050,44100,1,1,3.0,3.0,66150,132300,.wav,132344,8c78494d3b9639cc0eae14d5dc558b7d26364ed1f0ae3db262a34988b6cd5141,84aec8fde1023898708f3f2839aa4c1e101b070b72be5b860d06605ed54e6cf5,0.4564054608345032,NORMAL,STANDARDIZED,,resampled from 22050 to 44100,
harmonium_000825.wav,558.wav,harmonium,Harmonium,Harmonium\558.wav,22050,44100,1,1,3.0,3.0,66150,132300,.wav,132344,bb6729082af34271d59ad3f74575cb521644bf3feae090dc90b506942405983c,c1a33a2c6722260f593ae085ecbf8faf0ea831a58aa3a70c32d260c8b9943c3b,0.4458095133304596,NORMAL,STANDARDIZED,,resampled from 22050 to 44100,
harmonium_000826.wav,559.wav,harmonium,Harmonium,Harmonium\559.wav,22050,44100,1,1,3.0,3.0,66150,132300,.wav,132344,47faa3d3c3daccde953333eafe01bcc25f395b046bdd130cd02c1c2fa852bcb6,d7526b90640d9d43720fad9d1c3464c932e9d91d097e05a27aca6aa9925991e6,0.3693419098854065,NORMAL,STANDARDIZED,,resampled from 22050 to 44100,
harmonium_000827.wav,56.wav,harmonium,Harmonium,Harmonium\56.wav,22050,44100,1,1,3.0,3.0,66150,132300,.wav,132344,66a3e1494f4a0e615d219c9a564db997607ca78f7fd6e79370fd9fa2c860e7a4,406391ad5b6e8faba816f82d733cf74273fcdb98acd69b88a0e537ce914b9fa9,0.3780132830142975,NORMAL,STANDARDIZED,,resampled from 22050 to 44100,
harmonium_000828.wav,560.wav,harmonium,Harmonium,Harmonium\560.wav,22050,44100,1,1,3.0,3.0,66150,132300,.wav,132344,58068cb047e38833b93dd46958ded33a7180bf6b594ad86227644a580b408069,f08fc0c838abc7d5752a04e53e55efb3d7917f95a6cdb212c42b24177e08d238,0.44533953070640564,NORMAL,STANDARDIZED,,resampled from 22050 to 44100,
harmonium_000829.wav,561.wav,harmonium,Harmonium,Harmonium\561.wav,22050,44100,1,1,3.0,3.0,66150,132300,.wav,132344,1e1c75f5cf8076f6feebf7f58c0fe4bfd4a441852466736e80c82708e2ca334f,23078b58f5ca6b5dcb644df54e5e7415183a00e57e3c2c8111d3b88817709a40,0.3991330564022064,NORMAL,STANDARDIZED,,resampled from 22050 to 44100,
harmonium_000830.wav,562.wav,harmonium,Harmonium,Harmonium\562.wav,22050,44100,1,1,3.0,3.0,66150,132300,.wav,132344,8c2a1f3668fa5658f8affb99eff994d5378aefa1ad9af92291a2560f5db9c20a,c2642a9b39b7fcf0279fc164facc06735ff8267cf52260b005856b72eecd88ba,0.42184776067733765,NORMAL,STANDARDIZED,,resampled from 22050 to 44100,
harmonium_000831.wav,563.wav,harmonium,Harmonium,Harmonium\563.wav,22050,44100,1,1,3.0,3.0,66150,132300,.wav,132344,891b2dec7c1441361e596242bc059d5bf14fb19c941f792bdc6226e73059eefe,1a200ac095b91a1224bed4fe6d376db8b9d8a6f75bc6fccce46a94bb8936e8f3,0.3811489939689636,NORMAL,STANDARDIZED,,resampled from 22050 to 44100,
harmonium_000832.wav,564.wav,harmonium,Harmonium,Harmonium\564.wav,22050,44100,1,1,3.0,3.0,66150,132300,.wav,132344,d9c4521c0bed593c571791682b6d1e074cdf0a1047a9425a2150c0bb98feb2e7,4e66ec88465018cfa36dbc0b86c1cff3b59519ad26e465e91cbf7fcb329c4cae,0.42939066886901855,NORMAL,STANDARDIZED,,resampled from 22050 to 44100,
harmonium_000833.wav,565.wav,harmonium,Harmonium,Harmonium\565.wav,22050,44100,1,1,3.0,3.0,66150,132300,.wav,132344,380a0e21ad8dde4593d3e23f8b17292d834d9db20d0fb6bf6de41ca7a22dbe52,4f27c444a505eb2cbf362d85a6272828edeb134be1ea6bd9c91a42b864c1c3bb,0.4824068248271942,NORMAL,STANDARDIZED,,resampled from 22050 to 44100,
harmonium_000834.wav,566.wav,harmonium,Harmonium,Harmonium\566.wav,22050,44100,1,1,3.0,3.0,66150,132300,.wav,132344,042591f3864d258732543002dcb114f0962b5a0bc575994e72f420ff115518f4,d8bbdb09998aa5d82fb7eb13cda7589adf3cc01346a3804cdadbe0745f398363,0.46121537685394287,NORMAL,STANDARDIZED,,resampled from 22050 to 44100,
harmonium_000835.wav,567.wav,harmonium,Harmonium,Harmonium\567.wav,22050,44100,1,1,3.0,3.0,66150,132300,.wav,132344,f98f418e6c254d49038d9c46f228f4fdf347b03914d3cad979f5b32b6042835f,a3fa1e2a725a1e348678c09ede18752b0c44219ab9173bc453bf5523e9e22305,0.36895743012428284,NORMAL,STANDARDIZED,,resampled from 22050 to 44100,
harmonium_000836.wav,568.wav,harmonium,Harmonium,Harmonium\568.wav,22050,44100,1,1,3.0,3.0,66150,132300,.wav,132344,2cf4dcd353aa2334a0560c3558167634bb6b7dbb34195cdc8d2a1fe1ded419d7,1b5ee343a3890bdda27854c953c14a9857882c7fa584889ddf967fa7e76788b4,0.44480404257774353,NORMAL,STANDARDIZED,,resampled from 22050 to 44100,
harmonium_000837.wav,569.wav,harmonium,Harmonium,Harmonium\569.wav,22050,44100,1,1,3.0,3.0,66150,132300,.wav,132344,bccef9f95efb60821fbf939f3b621e74dfc7064d4751b01dc8c2f4d931c21a93,817610868460a4fd5ebb27854034f0768371ddeb33b5858b6efaa36e9b9f7e4b,0.39996951818466187,NORMAL,STANDARDIZED,,resampled from 22050 to 44100,
harmonium_000838.wav,57.wav,harmonium,Harmonium,Harmonium\57.wav,22050,44100,1,1,3.0,3.0,66150,132300,.wav,132344,4a40134207fd6803d5397fb816d55db1d69aa769f63623ba41aa1ee6b132f884,d5eebf28f16e563915e4941be9d0b235e7539429dae15b19f70e59d6213ffb16,0.3770691752433777,NORMAL,STANDARDIZED,,resampled from 22050 to 44100,
harmonium_000839.wav,570.wav,harmonium,Harmonium,Harmonium\570.wav,22050,44100,1,1,3.0,3.0,66150,132300,.wav,132344,8a6beb863f994a3e75d357f631721c9e52f4437c2908663d7e742e705cc159df,7867f42141f657249e30c55c3c29c288a808b4f92492d05f785b61a9f2b98f5f,0.41222062706947327,NORMAL,STANDARDIZED,,resampled from 22050 to 44100,
harmonium_000840.wav,571.wav,harmonium,Harmonium,Harmonium\571.wav,22050,44100,1,1,3.0,3.0,66150,132300,.wav,132344,d42487a738d7b9ef2fdf1a7e73831c0dff5b272f58020de623ffcca9078dc4af,335f8517ed63abb547f4d9518d957c4b0d0fab127726b5cd0ece0405a1eef951,0.3836446702480316,NORMAL,STANDARDIZED,,resampled from 22050 to 44100,
harmonium_000841.wav,572.wav,harmonium,Harmonium,Harmonium\572.wav,22050,44100,1,1,3.0,3.0,66150,132300,.wav,132344,a44c0323cee6a5e18f90eebe4731f6df2286670cbc7b9d0251576b07720cb21d,786ddd48268d646052973484d74bdf42f27ced8c26859d12de06aba2a5772188,0.4199637770652771,NORMAL,STANDARDIZED,,resampled from 22050 to 44100,
harmonium_000842.wav,573.wav,harmonium,Harmonium,Harmonium\573.wav,22050,44100,1,1,3.0,3.0,66150,132300,.wav,132344,cf3004e025859e006c4eb9d881da083117665697ff2d799021209d85ab10a4af,dc9a038067a94715c0694a614e6be38af37125dfd27b41af445b7d7f585f009f,0.46505799889564514,NORMAL,STANDARDIZED,,resampled from 22050 to 44100,
harmonium_000843.wav,574.wav,harmonium,Harmonium,Harmonium\574.wav,22050,44100,1,1,3.0,3.0,66150,132300,.wav,132344,104925c14e3f8833c6bd8ba28479c3f0f90c608d329e1bbc9a4002e61f171f5f,72399c3c072777b849b4cd596d5816ba3b9e8ed068b3dfdf55e997fd3f2b1357,0.4380354583263397,NORMAL,STANDARDIZED,,resampled from 22050 to 44100,
harmonium_000844.wav,575.wav,harmonium,Harmonium,Harmonium\575.wav,22050,44100,1,1,3.0,3.0,66150,132300,.wav,132344,7134411cbf807bed75b73b71e0c64f74262072b5834aa9b3b3d426f6cefc8c0c,b56ee04f3381a3c4e07e7ed930a9e4a97bdace4c36ffa877c1a124f62a45ca48,0.3713705837726593,NORMAL,STANDARDIZED,,resampled from 22050 to 44100,
harmonium_000845.wav,576.wav,harmonium,Harmonium,Harmonium\576.wav,22050,44100,1,1,3.0,3.0,66150,132300,.wav,132344,2380df2d510e01d4b4c0ad6a8840532782188a139686600fa72a507efb1eb57c,16fd9cf4b20be22c0e9a46ebf3228c1d78dd96d805ba00e88fb866a64da4111d,0.4447948932647705,NORMAL,STANDARDIZED,,resampled from 22050 to 44100,
harmonium_000846.wav,577.wav,harmonium,Harmonium,Harmonium\577.wav,22050,44100,1,1,3.0,3.0,66150,132300,.wav,132344,58739851698db34d0ba91900d63246c07dcb51ef598d5b1d7357a955fdaa9da7,c5fda81f8692b55f111f51d8b7a29ecd79e5a5be89eff9d240ae4bad465020a1,0.39739248156547546,NORMAL,STANDARDIZED,,resampled from 22050 to 44100,
harmonium_000847.wav,578.wav,harmonium,Harmonium,Harmonium\578.wav,22050,44100,1,1,3.0,3.0,66150,132300,.wav,132344,a9cb8f999abe0d8f6fbc45c308c1cc0ed6c2f147b3b957b1c292748e6bde2836,02673322246b620060a9e6778b49a365db034c883c36d432a05a4e9c984d0c5f,0.415706604719162,NORMAL,STANDARDIZED,,resampled from 22050 to 44100,
harmonium_000848.wav,579.wav,harmonium,Harmonium,Harmonium\579.wav,22050,44100,1,1,3.0,3.0,66150,132300,.wav,132344,bdad5596ef85de656411739f45569caa247551a456e69637bbfec1b04983b600,cd9dd0a765884e97f30c989eee08b46551820b1b009c1ff39570000e613ce4a5,0.3807937502861023,NORMAL,STANDARDIZED,,resampled from 22050 to 44100,
harmonium_000849.wav,58.wav,harmonium,Harmonium,Harmonium\58.wav,22050,44100,1,1,3.0,3.0,66150,132300,.wav,132344,730081dabccb73d8813e189c9ed42750696def4af0a39faf15ffe4b6831ad8eb,6b6563bb045108b6f005f22a6695ea38dc11692a9ab2aa3296604ea0695bfe65,0.42962220311164856,NORMAL,STANDARDIZED,,resampled from 22050 to 44100,
harmonium_000850.wav,580.wav,harmonium,Harmonium,Harmonium\580.wav,22050,44100,1,1,3.0,3.0,66150,132300,.wav,132344,20d2f5e747dcb88493133ff4c299098216fe753be1e9c2f705a16715b338944d,c23a645aa62c4d68f01258ac6c2d3ee0cdb35102a9cdde0dbf2bbf832f13901c,0.4231199324131012,NORMAL,STANDARDIZED,,resampled from 22050 to 44100,
harmonium_000851.wav,581.wav,harmonium,Harmonium,Harmonium\581.wav,22050,44100,1,1,3.0,3.0,66150,132300,.wav,132344,0425adff7aced31717ce719f86496a36c1241719dc87d5d5b91e3d7f64d4cb91,63e839233bcf74569beca1dd7492d619e6d88701dab8fe71181416e5584e7472,0.46705952286720276,NORMAL,STANDARDIZED,,resampled from 22050 to 44100,
harmonium_000852.wav,582.wav,harmonium,Harmonium,Harmonium\582.wav,22050,44100,1,1,3.0,3.0,66150,132300,.wav,132344,b5b0f7c1d9719fdd291241db68b96ec24c886ee3017136750323f08d248e006f,c220cb172d69bed1797f097476c1fc7022efc490e997c50d83e984082ed2509c,0.43471330404281616,NORMAL,STANDARDIZED,,resampled from 22050 to 44100,
harmonium_000853.wav,583.wav,harmonium,Harmonium,Harmonium\583.wav,22050,44100,1,1,3.0,3.0,66150,132300,.wav,132344,e6b7daf1f51e949cd6bcd95a27040bf96b13f89d1bc15d21e226beeb30a3f3aa,57218f3eca57949621ffb1cecdc8f3c3d3fde35daece4ce0951c29ebefbf5ae8,0.37108302116394043,NORMAL,STANDARDIZED,,resampled from 22050 to 44100,
harmonium_000854.wav,584.wav,harmonium,Harmonium,Harmonium\584.wav,22050,44100,1,1,3.0,3.0,66150,132300,.wav,132344,9b53ad03b26ce6933726fa0f999f3535c1b91590c504bc648728ab667ae376b5,85687790710cf8b9476b2155862ba192f759fb7fc249447f0b36b3371948bd92,0.44678202271461487,NORMAL,STANDARDIZED,,resampled from 22050 to 44100,
harmonium_000855.wav,585.wav,harmonium,Harmonium,Harmonium\585.wav,22050,44100,1,1,3.0,3.0,66150,132300,.wav,132344,9dfaa9155e4debb7f9be34a169ca0339d63c8a1d28e5ac2fb3c3f1783dbb1ed1,1f043f43d5bd5590ae5653bd790bb7a3e1854be09b81ac7ab31a6771815fefde,0.39564675092697144,NORMAL,STANDARDIZED,,resampled from 22050 to 44100,
harmonium_000856.wav,586.wav,harmonium,Harmonium,Harmonium\586.wav,22050,44100,1,1,3.0,3.0,66150,132300,.wav,132344,a5211f1841f1593535519c7eb340ee71dc9ef842fe43e018b4ad0f6bc867164d,783c1800c0476898245d9fe324476492e3cd1b3979bb755d818debb4dd72a6c6,0.4205136299133301,NORMAL,STANDARDIZED,,resampled from 22050 to 44100,
harmonium_000857.wav,587.wav,harmonium,Harmonium,Harmonium\587.wav,22050,44100,1,1,3.0,3.0,66150,132300,.wav,132344,a1b281a14f317a44bfcb74d18cf1e9c03e013c51d2b2fcf36f0c2d56d3cac938,c0210c8a6a6bcb8ac123b236185c0fd74af3dddb5e809412b6e7f831e5943117,0.3775251805782318,NORMAL,STANDARDIZED,,resampled from 22050 to 44100,
harmonium_000858.wav,588.wav,harmonium,Harmonium,Harmonium\588.wav,22050,44100,1,1,3.0,3.0,66150,132300,.wav,132344,c9f3851a79bdef5f727cf8ab14e7b88193ee16271051906aa4b5bf605920ae62,341fcc9027a824309ffb39193b5b2b7048838c4fc39ca685b0356d3758012e5a,0.4283764660358429,NORMAL,STANDARDIZED,,resampled from 22050 to 44100,
harmonium_000859.wav,589.wav,harmonium,Harmonium,Harmonium\589.wav,22050,44100,1,1,3.0,3.0,66150,132300,.wav,132344,9195779455cd810e5537faa3c463f81dcabb5ccae098d903752703be138d7425,27645e6ba5863beea6e9af35c71b9b115b5c41371161bb79fcb11e79bf3d5455,0.4603862762451172,NORMAL,STANDARDIZED,,resampled from 22050 to 44100,
harmonium_000860.wav,59.wav,harmonium,Harmonium,Harmonium\59.wav,22050,44100,1,1,3.0,3.0,66150,132300,.wav,132344,4f2fef757d03e0a9bb84e468cd8af43ad6535f7139d78ebd88b793b15d75f582,8d471dcf35d0dd921041bb9be491c0cb5502f605facc2536f7cab8138937e5bd,0.3854491412639618,NORMAL,STANDARDIZED,,resampled from 22050 to 44100,
harmonium_000861.wav,590.wav,harmonium,Harmonium,Harmonium\590.wav,22050,44100,1,1,3.0,3.0,66150,132300,.wav,132344,3b5c39188a66e951a8d4045cd9fa2a8dfb456c5c2deeeb0355203a582d112459,1c97430c501d2d958f7ca7bf042737f5dd95d309e82ece4ab333b2bb02b74d0c,0.4409668743610382,NORMAL,STANDARDIZED,,resampled from 22050 to 44100,
harmonium_000862.wav,591.wav,harmonium,Harmonium,Harmonium\591.wav,22050,44100,1,1,3.0,3.0,66150,132300,.wav,132344,6ca7c9da6b61f0a7069a0a87bf144f6b34395cc25a4fb13d632e01b4f0768e90,196a6c85c5f700a00b4c55e23f78696715168d57ce6e967e9b7cd4aef83fd937,0.36719951033592224,NORMAL,STANDARDIZED,,resampled from 22050 to 44100,
harmonium_000863.wav,592.wav,harmonium,Harmonium,Harmonium\592.wav,22050,44100,1,1,3.0,3.0,66150,132300,.wav,132344,4c1ad75ded4894c84a9d71637399b499d36ce8c12d802a39a30918c17f411cf3,1ea8a262b128a42a31622f06a752f518b6dd037da3597861e56eac903d3b2b3b,0.44009795784950256,NORMAL,STANDARDIZED,,resampled from 22050 to 44100,
harmonium_000864.wav,593.wav,harmonium,Harmonium,Harmonium\593.wav,22050,44100,1,1,3.0,3.0,66150,132300,.wav,132344,2760ae3ead3a67b2a3474bc240d8685c38eb0b97b91830c761da4f6189b386b5,a2bb6b8ec46612d3265882af63fe96e7a0e311336e31889fe5fb811ebbab0a31,0.3982986807823181,NORMAL,STANDARDIZED,,resampled from 22050 to 44100,
harmonium_000865.wav,594.wav,harmonium,Harmonium,Harmonium\594.wav,22050,44100,1,1,3.0,3.0,66150,132300,.wav,132344,70b2f79f5046e3c2e2ebfbadd7548d1dafd966213c9e79d9697429bae7646730,cbf4700166e69854a55b86e3ea4a16c499021edca44a6ab7650f2e1b0497ec76,0.4161241054534912,NORMAL,STANDARDIZED,,resampled from 22050 to 44100,
harmonium_000866.wav,595.wav,harmonium,Harmonium,Harmonium\595.wav,22050,44100,1,1,3.0,3.0,66150,132300,.wav,132344,c0546ea58e7e7d7f6a5a02b632d132dc511a9c8fef19971456815d40e7f621e4,8443fdda0ddd0f44f22b044f28f289cd8f5b588bf1df7dc229bd6785042e6d5e,0.3793281316757202,NORMAL,STANDARDIZED,,resampled from 22050 to 44100,
harmonium_000867.wav,596.wav,harmonium,Harmonium,Harmonium\596.wav,22050,44100,1,1,3.0,3.0,66150,132300,.wav,132344,81eaf02bd2b5e1629765eafbe3d223fff8a45abfd8f5c26f580e08bf04e20f5d,0153e50cd99cad57c9c89d4722f4b1403b61073bce4e47b7306e5dacf23d10d9,0.42525336146354675,NORMAL,STANDARDIZED,,resampled from 22050 to 44100,
harmonium_000868.wav,597.wav,harmonium,Harmonium,Harmonium\597.wav,22050,44100,1,1,3.0,3.0,66150,132300,.wav,132344,bb92446e259816880b283739e18ad1f186076fffbf1d649d9d35fbf5b42b4c80,d5f139ce7353154ac9c6c4f522a90f240e59bc2f2666b7eb3b595938d5eded8b,0.4637072682380676,NORMAL,STANDARDIZED,,resampled from 22050 to 44100,
harmonium_000869.wav,598.wav,harmonium,Harmonium,Harmonium\598.wav,22050,44100,1,1,3.0,3.0,66150,132300,.wav,132344,27387f09b1bdc9a7e748ed56fc8c4594febcc971094e433fc683d208edb39c09,4de5429a15da82d29e0c2444ebd4c92bdf876aafa03fe88860432cb0c821d50c,0.4388948380947113,NORMAL,STANDARDIZED,,resampled from 22050 to 44100,
harmonium_000870.wav,599.wav,harmonium,Harmonium,Harmonium\599.wav,22050,44100,1,1,3.0,3.0,66150,132300,.wav,132344,d6d27c261712468042a9675b1a717a1a9baeda6867b4c20d91cfa0c1d146957f,3c0e107ffb07db22de43cdb968652042ecb025d54f72a9040da6c48d69f18cd9,0.37665432691574097,NORMAL,STANDARDIZED,,resampled from 22050 to 44100,
harmonium_000871.wav,6.wav,harmonium,Harmonium,Harmonium\6.wav,22050,44100,1,1,3.0,3.0,66150,132300,.wav,132344,f223464bf5397fdc0a13dc1906c32916a8c4e3c02c416c668d40a3ba5c969af8,9b5b8df07976224a094dfdd72d14ff166549d3268fa0e09525b42f4cb34ea3b3,0.4272148311138153,NORMAL,STANDARDIZED,,resampled from 22050 to 44100,
harmonium_000872.wav,60.wav,harmonium,Harmonium,Harmonium\60.wav,22050,44100,1,1,3.0,3.0,66150,132300,.wav,132344,daece430d2a0bbcb914fd64738f38b631c1edfb88d3569f887cac34ee84b246f,a57ad345dc7c0b3172d65815ff93add13c38f6384c972539bb9e34d364ee433f,0.38293203711509705,NORMAL,STANDARDIZED,,resampled from 22050 to 44100,
harmonium_000873.wav,600.wav,harmonium,Harmonium,Harmonium\600.wav,22050,44100,1,1,3.0,3.0,66150,132300,.wav,132344,e915eecf2b786cb98dc38af0bb0357688ea2c1b3a4eeca235dc889fe90ee440e,0e2027422cc2e0a41b707fe8d7d936f0ccf6775074aba46b3384c09a6de4c76a,0.43892863392829895,NORMAL,STANDARDIZED,,resampled from 22050 to 44100,
harmonium_000874.wav,601.wav,harmonium,Harmonium,Harmonium\601.wav,22050,44100,1,1,3.0,3.0,66150,132300,.wav,132344,ac59e0bcb9183bcb0b73200786ac9431c6e4b0138f0eeeace7b3b07c709e09f6,a3e7ded55c5fab868ebc983821ff89f4f4300180efb29a7205bbfab844364937,0.4019831717014313,NORMAL,STANDARDIZED,,resampled from 22050 to 44100,
harmonium_000875.wav,602.wav,harmonium,Harmonium,Harmonium\602.wav,22050,44100,1,1,3.0,3.0,66150,132300,.wav,132344,fd5be3bd4e02b43f29958dfaac6efacab4da70d90b7d1959e8deabed45fa673a,30f71fbd6f2e5e0a1b32bf3a54625ab109b206adcaee0694befbae4a7177b2d0,0.4124082624912262,NORMAL,STANDARDIZED,,resampled from 22050 to 44100,
harmonium_000876.wav,603.wav,harmonium,Harmonium,Harmonium\603.wav,22050,44100,1,1,3.0,3.0,66150,132300,.wav,132344,4b539f60c6de6c0305a5e6b504574b1e475e012c5f396a1ef0f362a6c82bb419,92e9aaa7803a2d519be8b18c1a5e94c614c7aec86d2e18a1e2692faaaa187571,0.3785594701766968,NORMAL,STANDARDIZED,,resampled from 22050 to 44100,
harmonium_000877.wav,604.wav,harmonium,Harmonium,Harmonium\604.wav,22050,44100,1,1,3.0,3.0,66150,132300,.wav,132344,4ce0aa887b19b435f9db97c9c547bdb91e0dac19dfefb5fa3a0a05edfb1f1ba5,b9bfcc310ddf5e8ddd55def0ee778baf66de056b8ac8d14632a74e4c8dc222a0,0.4235370457172394,NORMAL,STANDARDIZED,,resampled from 22050 to 44100,
harmonium_000878.wav,605.wav,harmonium,Harmonium,Harmonium\605.wav,22050,44100,1,1,3.0,3.0,66150,132300,.wav,132344,f8675abfe1c70a5149b19bbd80ba538cf65fc7fbdfe8800811ea7178dd6c24cd,e142bfb82e4f0d5275b4a1523fa4c12f082371e73f4bb7baab856edd56b8f201,0.4661305546760559,NORMAL,STANDARDIZED,,resampled from 22050 to 44100,
harmonium_000879.wav,606.wav,harmonium,Harmonium,Harmonium\606.wav,22050,44100,1,1,3.0,3.0,66150,132300,.wav,132344,5c745f6ce28610628f7616a8bd713be63ab9df82c7a01666b661df8d4a21648e,b13546e3c48e245b1c2bfb69ca9b6bd3a6d6f51f815e64c605f90203ee8367ba,0.4602729380130768,NORMAL,STANDARDIZED,,resampled from 22050 to 44100,
harmonium_000880.wav,607.wav,harmonium,Harmonium,Harmonium\607.wav,22050,44100,1,1,3.0,3.0,66150,132300,.wav,132344,4feff06c7d0e73eee2311981e8602c8e546ca5cfc263eceb83a39ac4470cbc29,95776ef71c48775b5bb878726cd6130479cf554451ce3d9f8d5cd40650aeb02a,0.3729437291622162,NORMAL,STANDARDIZED,,resampled from 22050 to 44100,
harmonium_000881.wav,608.wav,harmonium,Harmonium,Harmonium\608.wav,22050,44100,1,1,3.0,3.0,66150,132300,.wav,132344,599b95fb3a9cb3ef28c5645fdea74130bef38453e2f41f290b7a9016fb2bc0e6,bef6036a1a56455ff22812bcd11920721491f87f3cdf2efde280436d3640668f,0.44467151165008545,NORMAL,STANDARDIZED,,resampled from 22050 to 44100,
harmonium_000882.wav,609.wav,harmonium,Harmonium,Harmonium\609.wav,22050,44100,1,1,3.0,3.0,66150,132300,.wav,132344,1d3f1a775493409b214cf0f9fd1d8e008f6c9f7a43c5c618901d524bf8fad6be,c1d93dcd74c954b9dcf29bb74f4718396d5264655b7fbbef249c0d6b0ff69234,0.39967700839042664,NORMAL,STANDARDIZED,,resampled from 22050 to 44100,
harmonium_000883.wav,61.wav,harmonium,Harmonium,Harmonium\61.wav,22050,44100,1,1,3.0,3.0,66150,132300,.wav,132344,4eb20abc0563ac4158ab2b32d35209cfc6b6bc6dfc339e43ffde97c9310c6258,e97f839aa20d823ae2f8a9360194a6b0e356ab380dd6fc203363f8e2b3774501,0.3783949613571167,NORMAL,STANDARDIZED,,resampled from 22050 to 44100,
harmonium_000884.wav,610.wav,harmonium,Harmonium,Harmonium\610.wav,22050,44100,1,1,3.0,3.0,66150,132300,.wav,132344,5d66f959860f790d78b665edc5f04ab8c6b8943f7f7800c25985417834ef559b,783e4ca40f21c0bef944e54a810fc8d023f2e5a07aac5205188a81efce618e58,0.42114898562431335,NORMAL,STANDARDIZED,,resampled from 22050 to 44100,
harmonium_000885.wav,611.wav,harmonium,Harmonium,Harmonium\611.wav,22050,44100,1,1,3.0,3.0,66150,132300,.wav,132344,eb646780ee5c74b469c96b37b236556f57eb3d095127395d1fceb04d3b36383a,5ba4329124d7eaf1f47da2d927310836b59f331768b231e33fc405eface3d226,0.37911170721054077,NORMAL,STANDARDIZED,,resampled from 22050 to 44100,
harmonium_000886.wav,612.wav,harmonium,Harmonium,Harmonium\612.wav,22050,44100,1,1,3.0,3.0,66150,132300,.wav,132344,a478cac41ad41abfc6d42ded645a58af1d657ca9cbe4e5be0aff110be126c70a,808fc1dac9f5aaab337bb99768ba867c3369f50c1f4d82aea70ce61baace93f2,0.4272853434085846,NORMAL,STANDARDIZED,,resampled from 22050 to 44100,
harmonium_000887.wav,613.wav,harmonium,Harmonium,Harmonium\613.wav,22050,44100,1,1,3.0,3.0,66150,132300,.wav,132344,dde83217f937637677fab0eaf9dcb8bf6a9bf632c0b643844bf41ab3c6bd2cc3,9aac1eaaf4a7acae51dc4fdc886ccdfb83771548b7654c2ad0bbf6ae9af4eea4,0.4637306034564972,NORMAL,STANDARDIZED,,resampled from 22050 to 44100,
harmonium_000888.wav,614.wav,harmonium,Harmonium,Harmonium\614.wav,22050,44100,1,1,3.0,3.0,66150,132300,.wav,132344,c0bd636712bef4fdd81efbbb90308abdc75bd49fd1d22dd474eda00f092e4a11,68e86e80924841b22ab32ad3742f89c43a6225abfa72340aaec4a50b9dc58e56,0.43895402550697327,NORMAL,STANDARDIZED,,resampled from 22050 to 44100,
harmonium_000889.wav,615.wav,harmonium,Harmonium,Harmonium\615.wav,22050,44100,1,1,3.0,3.0,66150,132300,.wav,132344,54255aa9204a750ad41dc9f146c6195ade2bf44a8bdcecc5f4b09aafa048f920,7f7fb0c3b4371e58989a6e40c9dc79a7c5e3623e9158a0619d4fa2ce65003484,0.369546115398407,NORMAL,STANDARDIZED,,resampled from 22050 to 44100,
harmonium_000890.wav,616.wav,harmonium,Harmonium,Harmonium\616.wav,22050,44100,1,1,3.0,3.0,66150,132300,.wav,132344,ffc36805b73639b7dd63c3052d8b549ffb167937857b186627c64d75d8e5a7e9,348078fb5172412579c00b52e8f1cfed93c43bebd25409e20bd67117e796478b,0.4406614601612091,NORMAL,STANDARDIZED,,resampled from 22050 to 44100,
harmonium_000891.wav,617.wav,harmonium,Harmonium,Harmonium\617.wav,22050,44100,1,1,3.0,3.0,66150,132300,.wav,132344,fd095be1ac6a3cc148689fbd635f007d4045880b5d6bcfb4d860d05a9ac69dee,457d7a1e70688639ddb1d94771ac71d9a779b39317352fcb81cdf125ba1de6f3,0.3938000500202179,NORMAL,STANDARDIZED,,resampled from 22050 to 44100,
harmonium_000892.wav,618.wav,harmonium,Harmonium,Harmonium\618.wav,22050,44100,1,1,3.0,3.0,66150,132300,.wav,132344,42501eca6a63c43d6008b7f29ff373e22524f0b8fd26575ba396538276064d90,2c8cd817f31c80842ab196e4d6af1b91a806c08e8b210e2b0e337d840f242847,0.4203736186027527,NORMAL,STANDARDIZED,,resampled from 22050 to 44100,
harmonium_000893.wav,619.wav,harmonium,Harmonium,Harmonium\619.wav,22050,44100,1,1,3.0,3.0,66150,132300,.wav,132344,4f89b2f996e749ef6c7cbb5460b8de049563bf2cb02c8046cf18d946d13807f0,e5a4f24224ede1614937cce34d6d98caa78bd973c8c36ddc0291ebc9c5c38165,0.38273119926452637,NORMAL,STANDARDIZED,,resampled from 22050 to 44100,
harmonium_000894.wav,62.wav,harmonium,Harmonium,Harmonium\62.wav,22050,44100,1,1,3.0,3.0,66150,132300,.wav,132344,7a1d312506c28905388377b16f4a53caad5d51a03a6cd8aaef619aeafcb435c0,e3f45a6f23d1c384223d74b971af414925b5f24e544b7a11bc32f9d2b95b54d6,0.43382754921913147,NORMAL,STANDARDIZED,,resampled from 22050 to 44100,
harmonium_000895.wav,620.wav,harmonium,Harmonium,Harmonium\620.wav,22050,44100,1,1,3.0,3.0,66150,132300,.wav,132344,d84054c5fd25b8fea713df9bce12f94031614afc799528e9c79c769cb21197cb,7f8ef5dcab3643d1287b91304ae0a5bac4f76214cfd4e8347ec9e553415cd0c4,0.42172980308532715,NORMAL,STANDARDIZED,,resampled from 22050 to 44100,
harmonium_000896.wav,621.wav,harmonium,Harmonium,Harmonium\621.wav,22050,44100,1,1,3.0,3.0,66150,132300,.wav,132344,24b4e4fb619127e14f6949f5a053271ce681f1abbd7db4f44ff27a1e7cda87e0,31b1d0d25c272f00f169a9a92d0ca5800138cae6bde94473d45e9a67a41dc400,0.4646848738193512,NORMAL,STANDARDIZED,,resampled from 22050 to 44100,
harmonium_000897.wav,622.wav,harmonium,Harmonium,Harmonium\622.wav,22050,44100,1,1,3.0,3.0,66150,132300,.wav,132344,98b1d8b5b0391fb848f175ed72783e9b3660462383173855150029da7e82ad57,89b4ef7b8a235f0882e7fc47ceb80935ea0918e6fd1afffe49d749e13defc603,0.43720147013664246,NORMAL,STANDARDIZED,,resampled from 22050 to 44100,
harmonium_000898.wav,623.wav,harmonium,Harmonium,Harmonium\623.wav,22050,44100,1,1,3.0,3.0,66150,132300,.wav,132344,9b59a1baf230aa6f05064f16929c958d3b7e5bb54c7ca18f41869c364a16b7a9,11e8f714cd1afda02bd5e5b117821ff9ea9dd3b72b26b290ce155403289d9813,0.36896300315856934,NORMAL,STANDARDIZED,,resampled from 22050 to 44100,
harmonium_000899.wav,624.wav,harmonium,Harmonium,Harmonium\624.wav,22050,44100,1,1,3.0,3.0,66150,132300,.wav,132344,bcf668e61deea6ba06260eb0a8eef7e846173c9b738c971d5f835b4255ea9523,d1acec5e08ac41e641003e44560bdb63e22782413fc4be6f32c0ea9680ffc43a,0.44539332389831543,NORMAL,STANDARDIZED,,resampled from 22050 to 44100,
harmonium_000900.wav,625.wav,harmonium,Harmonium,Harmonium\625.wav,22050,44100,1,1,3.0,3.0,66150,132300,.wav,132344,2b9beea2482dae7f8aa219e78b95df3ffa7ab347bf2189069aa25ffb8b380759,94806e0f0d9bbb5a2ce144204adbcd76c53c4a2c9267a84be4aafa2902d28ed8,0.39979317784309387,NORMAL,STANDARDIZED,,resampled from 22050 to 44100,
harmonium_000901.wav,626.wav,harmonium,Harmonium,Harmonium\626.wav,22050,44100,1,1,3.0,3.0,66150,132300,.wav,132344,d1575612dc631ec672bddaca448d1a3764490c1c0f37a4b0ebe289222ec5b80c,d4e8b3d1b13d248d5a889c1ab78097e0f18c2f960755cf0e448dd687d01c07fb,0.4231051206588745,NORMAL,STANDARDIZED,,resampled from 22050 to 44100,
harmonium_000902.wav,627.wav,harmonium,Harmonium,Harmonium\627.wav,22050,44100,1,1,3.0,3.0,66150,132300,.wav,132344,1a21c5035c5584f45568ca78f271689012a6f813d2d3343675bfc9c38dd0ad62,3f849339a5210f74030b83e40ad95592f6399738adb0a76cb619455d75d7db2d,0.37928587198257446,NORMAL,STANDARDIZED,,resampled from 22050 to 44100,
harmonium_000903.wav,628.wav,harmonium,Harmonium,Harmonium\628.wav,22050,44100,1,1,3.0,3.0,66150,132300,.wav,132344,492309188bf17703de225bfdc2c30771f7e0462f74a2f2dcee7cd926bbf2c2d5,5f64843259ddf0e8cc91bbf28fb3768fce452e158ad4be0092e1ef9d4132d2f3,0.4213869869709015,NORMAL,STANDARDIZED,,resampled from 22050 to 44100,
harmonium_000904.wav,629.wav,harmonium,Harmonium,Harmonium\629.wav,22050,44100,1,1,3.0,3.0,66150,132300,.wav,132344,e019a53246346be534d856f6cebabc428ef75fb45b62968c16a3beac67716807,419057d5a2d38a699f00c120d7f348761bad506195e807bddf9a6c90acd652c7,0.4662671685218811,NORMAL,STANDARDIZED,,resampled from 22050 to 44100,
harmonium_000905.wav,63.wav,harmonium,Harmonium,Harmonium\63.wav,22050,44100,1,1,3.0,3.0,66150,132300,.wav,132344,da330272dee7bc2ff21877fded7014622350b9b618944619d9a48d74be4b50f4,8ffca44556afcf0edbd6207379f6909b482412226a12a233879bd5cb784a1adf,0.38215863704681396,NORMAL,STANDARDIZED,,resampled from 22050 to 44100,
harmonium_000906.wav,630.wav,harmonium,Harmonium,Harmonium\630.wav,22050,44100,1,1,3.0,3.0,66150,132300,.wav,132344,95abf9142950a9ae6b0972b9ea2ea7d8b9f21536cba9de1fdfbfcc69cb8b40f1,4a94dc89f00102cdf7c34181e7270cef537becaec235ebc05d18c9c5be77246e,0.440321147441864,NORMAL,STANDARDIZED,,resampled from 22050 to 44100,
harmonium_000907.wav,631.wav,harmonium,Harmonium,Harmonium\631.wav,22050,44100,1,1,3.0,3.0,66150,132300,.wav,132344,a520485633bba18325091a137b153dfdaedb91b3918c44acfa87dc19b7b4929b,6a08b9140c8b1514825559aade8416296db982d3c85e7de3346441fef1dcd6ce,0.37063103914260864,NORMAL,STANDARDIZED,,resampled from 22050 to 44100,
harmonium_000908.wav,632.wav,harmonium,Harmonium,Harmonium\632.wav,22050,44100,1,1,3.0,3.0,66150,132300,.wav,132344,218d8ecfc9b70f333f842a004cb7c0cc0ae395fe0aff63233f6769083dc0f8fe,190d7259739bd31d49e69947b63bb4b8694040121675e879e03392799e582733,0.4524964690208435,NORMAL,STANDARDIZED,,resampled from 22050 to 44100,
harmonium_000909.wav,633.wav,harmonium,Harmonium,Harmonium\633.wav,22050,44100,1,1,3.0,3.0,66150,132300,.wav,132344,c9995884b77690054664bccf24d3d9f141a479ca592fe6c7f20242e6b88aa7df,b9610a4b5208f3c587d5e4a719bf262468a2ca0823a7c7163432f51ce50cd46f,0.39672765135765076,NORMAL,STANDARDIZED,,resampled from 22050 to 44100,
harmonium_000910.wav,634.wav,harmonium,Harmonium,Harmonium\634.wav,22050,44100,1,1,3.0,3.0,66150,132300,.wav,132344,0b75be6161d72bc4fd0884e4f8ff6be7d4b6107141e9678fad14de707829c509,066bc9017c5afe16f63c709cd4ba7ae87e2bf724a04cc7d9994c9d72aabb0e10,0.4164588153362274,NORMAL,STANDARDIZED,,resampled from 22050 to 44100,
harmonium_000911.wav,635.wav,harmonium,Harmonium,Harmonium\635.wav,22050,44100,1,1,3.0,3.0,66150,132300,.wav,132344,1be166bbc960ecbda5f523340dd15cd04125b386ecb710244975554783e0a948,9e2f5b61542877536f3b4b15b72ecb971f2a1e8671b8ad7b4ee684e4d95c7c8f,0.3821127116680145,NORMAL,STANDARDIZED,,resampled from 22050 to 44100,
harmonium_000912.wav,636.wav,harmonium,Harmonium,Harmonium\636.wav,22050,44100,1,1,3.0,3.0,66150,132300,.wav,132344,80e7b3ee1ea8333cb40cc6ac424ab02ea29d17c487bd6645894524a71669a68e,cfc84c7da7dce788e8b55ec92e2b6c0cbaa0ca987619ebd0fc75327649dc7a07,0.4250504672527313,NORMAL,STANDARDIZED,,resampled from 22050 to 44100,
harmonium_000913.wav,637.wav,harmonium,Harmonium,Harmonium\637.wav,22050,44100,1,1,3.0,3.0,66150,132300,.wav,132344,e8150c77dc094e8a0ef8ca80c048e7149a209a41d873daeb3deccc837a484053,80598f8dc0b009db04d3344e22cfd6ce7e0b4683b5b65054c2405ecb4c0ff76d,0.4623968005180359,NORMAL,STANDARDIZED,,resampled from 22050 to 44100,
harmonium_000914.wav,638.wav,harmonium,Harmonium,Harmonium\638.wav,22050,44100,1,1,3.0,3.0,66150,132300,.wav,132344,e0ec8dda6b269bcdaec5c6574946cda1d6e4d9f6f1bbb5f9a68596d487ad2f54,f13ffebf55bbd2fd2ab121dabc0f6a6fc9b4af69b1c229ac0bd719d69300c914,0.4428308308124542,NORMAL,STANDARDIZED,,resampled from 22050 to 44100,
harmonium_000915.wav,639.wav,harmonium,Harmonium,Harmonium\639.wav,22050,44100,1,1,3.0,3.0,66150,132300,.wav,132344,f63938ee548004978624cc299101aa41efca0231bba88ba0a7cef11d91776bb7,c42d9b76bebd31df899f5494036655032a342798b6c09fc8be86c706afe188f0,0.36625587940216064,NORMAL,STANDARDIZED,,resampled from 22050 to 44100,
harmonium_000916.wav,64.wav,harmonium,Harmonium,Harmonium\64.wav,22050,44100,1,1,3.0,3.0,66150,132300,.wav,132344,4cb8ce26f57d07424a270448181222269fb4cd8e59bb7ccd40d7973b109fc422,59eec71ca531f3393b0afd9d271ba22bbfe53dc6f1d005c27d039e2a31976c45,0.38050198554992676,NORMAL,STANDARDIZED,,resampled from 22050 to 44100,
harmonium_000917.wav,640.wav,harmonium,Harmonium,Harmonium\640.wav,22050,44100,1,1,3.0,3.0,66150,132300,.wav,132344,1ba4e1700d2580bdee758f22113963f31198be6c62a457e45967e2b53434d628,c24486827ed2a0835fa782829075d53febe906ce8ab27ed18dbd572b3d9df74d,0.4452782869338989,NORMAL,STANDARDIZED,,resampled from 22050 to 44100,
harmonium_000918.wav,641.wav,harmonium,Harmonium,Harmonium\641.wav,22050,44100,1,1,3.0,3.0,66150,132300,.wav,132344,11229835f631f0bffdfad977d38b5d15262b18f3ed3017a8313b08351d5efbed,14fa240abb4a8d5f1d712060243b0af707bed25475d23a7d8d8b8b4648a2d698,0.3929949998855591,NORMAL,STANDARDIZED,,resampled from 22050 to 44100,
harmonium_000919.wav,642.wav,harmonium,Harmonium,Harmonium\642.wav,22050,44100,1,1,3.0,3.0,66150,132300,.wav,132344,9a7f6bbb8bb88823dfe26973d082a70600bfb54a50648b3de842921a2b49852e,7e6d2b8d6af9cb88038de6dd92bc28ddc24c23eb7eb83861ff5c4492377f135b,0.4156422019004822,NORMAL,STANDARDIZED,,resampled from 22050 to 44100,
harmonium_000920.wav,643.wav,harmonium,Harmonium,Harmonium\643.wav,22050,44100,1,1,3.0,3.0,66150,132300,.wav,132344,bddf1e68e029cf86fcf84304607fb37e22e65e6692c0fbd9c0489dad2ef17e17,84d3f8509c09b01b6bd949ae2d86a047d80fa41518b65c51e3f6c03053e904bb,0.3834661543369293,NORMAL,STANDARDIZED,,resampled from 22050 to 44100,
harmonium_000921.wav,644.wav,harmonium,Harmonium,Harmonium\644.wav,22050,44100,1,1,3.0,3.0,66150,132300,.wav,132344,249da45cff0cd564d34caaa0b798c04c300edcac2d9a748dc0ada6ccee3a5d4d,751222a8cb8dd03136bba6a238f7d21bd761832e980f1d03d6f39df3708f0cd5,0.4253797233104706,NORMAL,STANDARDIZED,,resampled from 22050 to 44100,
harmonium_000922.wav,645.wav,harmonium,Harmonium,Harmonium\645.wav,22050,44100,1,1,3.0,3.0,66150,132300,.wav,132344,f0cfec960dcde2428e42a966697f67edaf86afa015c68b942f51fefc64890e53,cf44c3776ddeb556be4e93026b06e21719aef48e83e8e5e9f9c922887a78bce9,0.4711640477180481,NORMAL,STANDARDIZED,,resampled from 22050 to 44100,
harmonium_000923.wav,646.wav,harmonium,Harmonium,Harmonium\646.wav,22050,44100,1,1,3.0,3.0,66150,132300,.wav,132344,f37962557d5f8619b34c408fed9b9630b03e3f01a0b23f12d59a28e9e39ef6a5,f400043c5a75ca6a8e9d2718ef17b6ca987b797e64c0d27e1ed3766414fa1b7f,0.45603013038635254,NORMAL,STANDARDIZED,,resampled from 22050 to 44100,
harmonium_000924.wav,647.wav,harmonium,Harmonium,Harmonium\647.wav,22050,44100,1,1,3.0,3.0,66150,132300,.wav,132344,aa1a72568f3ed60e6a21553d09fc529e2e63ce262974e9e721e407a3a785ae41,f937281f8d77dec89a32eb5e78aeeb674c90d57d1ba9b155615b67ebae4cd5eb,0.3780272305011749,NORMAL,STANDARDIZED,,resampled from 22050 to 44100,
harmonium_000925.wav,648.wav,harmonium,Harmonium,Harmonium\648.wav,22050,44100,1,1,3.0,3.0,66150,132300,.wav,132344,2ea34cec59465c3dd6d93ead8ce0f528c3fa40c075f0210d209962af825a5852,746b5107c1d94b118125871159e84e3a29285e9f829fed03994756f62dfed9ac,0.45303571224212646,NORMAL,STANDARDIZED,,resampled from 22050 to 44100,
harmonium_000926.wav,649.wav,harmonium,Harmonium,Harmonium\649.wav,22050,44100,1,1,3.0,3.0,66150,132300,.wav,132344,2a89319330d39b080e62549f084513692b6b75e63089648f36499200f6f441ce,87520073eb5edbb9adc7f5bc4a522b7a3314a749ec7665e38e55cab9469952c4,0.398266077041626,NORMAL,STANDARDIZED,,resampled from 22050 to 44100,
harmonium_000927.wav,65.wav,harmonium,Harmonium,Harmonium\65.wav,22050,44100,1,1,3.0,3.0,66150,132300,.wav,132344,4d2ae5ba827868bf9f4b4137073d5abef7208857ba61d042c2cfdf6b987df376,26c8fb14ad5dcf40f9d9abedbbb9f444baf026e7c5ad6f6f19f3e5bc89515b24,0.3830275535583496,NORMAL,STANDARDIZED,,resampled from 22050 to 44100,
harmonium_000928.wav,650.wav,harmonium,Harmonium,Harmonium\650.wav,22050,44100,1,1,3.0,3.0,66150,132300,.wav,132344,a295acc8e5aa21d9297585a8aa5d478ebd27d22e01601594ec52f22274aa70f9,d59938b00a7fea8eea9464df9f01a0a509bdaf008a716bb4ce959360351a8904,0.4131961166858673,NORMAL,STANDARDIZED,,resampled from 22050 to 44100,
harmonium_000929.wav,651.wav,harmonium,Harmonium,Harmonium\651.wav,22050,44100,1,1,3.0,3.0,66150,132300,.wav,132344,6ec5ec57161be19c8eaaec48122dc51594d05d9858970a5ab6329fbb23813e58,20e6ec2596895d499be031d5434d6af9cf72f7798f5764362ded84a20a5d86e2,0.38097718358039856,NORMAL,STANDARDIZED,,resampled from 22050 to 44100,
harmonium_000930.wav,652.wav,harmonium,Harmonium,Harmonium\652.wav,22050,44100,1,1,3.0,3.0,66150,132300,.wav,132344,bf57a79c9a8cb1121c6147c4af7b2637d97cdf157e41c962b5b8eeb1be97e067,babe30004e6c5f51d90064c157f7322a2c1fd9efa84165216aa85c27f3fab3c2,0.4263043701648712,NORMAL,STANDARDIZED,,resampled from 22050 to 44100,
harmonium_000931.wav,653.wav,harmonium,Harmonium,Harmonium\653.wav,22050,44100,1,1,3.0,3.0,66150,132300,.wav,132344,983b86859676c3db313f2b8e83c9d71ec4cac8cc0c5a1c6b87f6c8872fb98e79,85b5db6b04b775f4a0de50900d6af0081d4c1658cec0d4e491c1b6c95ace615b,0.4652206599712372,NORMAL,STANDARDIZED,,resampled from 22050 to 44100,
harmonium_000932.wav,654.wav,harmonium,Harmonium,Harmonium\654.wav,22050,44100,1,1,3.0,3.0,66150,132300,.wav,132344,397b75dba4a48ad3607add7af0ecd705b44b920d2991d145736a0bae72a3fa5d,5988035e65e8e2f86ea41956483aa0bb7863d2e7b26151bdf9ca774564fc8511,0.4436427652835846,NORMAL,STANDARDIZED,,resampled from 22050 to 44100,
harmonium_000933.wav,655.wav,harmonium,Harmonium,Harmonium\655.wav,22050,44100,1,1,3.0,3.0,66150,132300,.wav,132344,2ea8f9720ffc4d1bf7327ecfd558a6c77bb8149a27545c1a3e74564649f0aee6,1e2668521b4c177c702924ee020d40b85cc48ff9ab8b3dd60c06a24466a52b08,0.37390556931495667,NORMAL,STANDARDIZED,,resampled from 22050 to 44100,
harmonium_000934.wav,656.wav,harmonium,Harmonium,Harmonium\656.wav,22050,44100,1,1,3.0,3.0,66150,132300,.wav,132344,f1ac68bd6eabcc63e0bc38225697a67de6ef7bc3083d0a0a8371cac40b3f7336,ae9a25b2a0c3d188634834d178561822c9a807b45e7797683f8184439c6208b8,0.4428271949291229,NORMAL,STANDARDIZED,,resampled from 22050 to 44100,
harmonium_000935.wav,657.wav,harmonium,Harmonium,Harmonium\657.wav,22050,44100,1,1,3.0,3.0,66150,132300,.wav,132344,271a0442e61f1d44f1a48ee218b6948e2337618afbf6a749769507d6942f2f02,bc1f891546fd0d376f6f6874abc09c3051a548e9db6a7ff8939491c4f2a12577,0.39990830421447754,NORMAL,STANDARDIZED,,resampled from 22050 to 44100,
harmonium_000936.wav,658.wav,harmonium,Harmonium,Harmonium\658.wav,22050,44100,1,1,3.0,3.0,66150,132300,.wav,132344,88ffb014984f08eadf186f7c33554b7475ef2783dc0ba3d0c502c6633760d27c,34ffa07fc903d89adbcfdff06437adb0525f459fc5c9bebf846acb9584461892,0.4214521050453186,NORMAL,STANDARDIZED,,resampled from 22050 to 44100,
harmonium_000937.wav,659.wav,harmonium,Harmonium,Harmonium\659.wav,22050,44100,1,1,3.0,3.0,66150,132300,.wav,132344,33fb98c8197f3399a26db3754396e50648060ec2e1a71bf9430ffb3bd5020524,0a65159af012179256ae34e547a9fc51acd5d67e530d05a91ddc0442c123a6c8,0.37914159893989563,NORMAL,STANDARDIZED,,resampled from 22050 to 44100,
harmonium_000938.wav,66.wav,harmonium,Harmonium,Harmonium\66.wav,22050,44100,1,1,3.0,3.0,66150,132300,.wav,132344,7449d03807a8357a9256a4d0119174bffddee8423fa05936e6c6d26ec12b4d3b,6d21f48d3412730874935953ec9741f5d7cb299437e4d97558bc6c436a310757,0.4286293089389801,NORMAL,STANDARDIZED,,resampled from 22050 to 44100,
harmonium_000939.wav,660.wav,harmonium,Harmonium,Harmonium\660.wav,22050,44100,1,1,3.0,3.0,66150,132300,.wav,132344,0890aa2cccb0313b1f7c6d2bc049449ad904a739ad6365b66ed8244bd6f957c5,50d7227eae978cf99ba33c9eb6144d322b7cf5cfbc8ebaff0a12a35e66c11667,0.4296371042728424,NORMAL,STANDARDIZED,,resampled from 22050 to 44100,
harmonium_000940.wav,661.wav,harmonium,Harmonium,Harmonium\661.wav,22050,44100,1,1,3.0,3.0,66150,132300,.wav,132344,c643f3d4f628116640c430483c845cc2d527c5e62c91db75eae878e0a098c40d,67970d25784e9910b74f45d8210cb7f3e4ecaab59a2dc3e4f9463ad5bdf453b4,0.46309322118759155,NORMAL,STANDARDIZED,,resampled from 22050 to 44100,
harmonium_000941.wav,662.wav,harmonium,Harmonium,Harmonium\662.wav,22050,44100,1,1,3.0,3.0,66150,132300,.wav,132344,3ba57352647e7fb25cfaa9f59326da259688e94408856f3ed29baaebc5280847,235f9e3a0b5a59a421d1bbab9f099f0b852f1528bb81e7cc7666395b9ac01833,0.43695947527885437,NORMAL,STANDARDIZED,,resampled from 22050 to 44100,
harmonium_000942.wav,663.wav,harmonium,Harmonium,Harmonium\663.wav,22050,44100,1,1,3.0,3.0,66150,132300,.wav,132344,ffd73f2ca1397a8a31a67aa4567f7f7469b128fb1ca25f73fcb23224946ad927,4d4e5e42a38eb2012ba9d506aea677a1359f3773aa9b8068400c62e8abab331c,0.3705929219722748,NORMAL,STANDARDIZED,,resampled from 22050 to 44100,
harmonium_000943.wav,664.wav,harmonium,Harmonium,Harmonium\664.wav,22050,44100,1,1,3.0,3.0,66150,132300,.wav,132344,e312bfdae2dd18f0b76a5738ccdacaf38d342f9a31fd73dd3740516fc631fca3,0886409b6ecd804f64e7d9477d93886983f16d7338867ed03da7c175fe7a154d,0.4424266815185547,NORMAL,STANDARDIZED,,resampled from 22050 to 44100,
harmonium_000944.wav,665.wav,harmonium,Harmonium,Harmonium\665.wav,22050,44100,1,1,3.0,3.0,66150,132300,.wav,132344,9617f66708a7edd9920db5480db6ef3b6a75adaead2f74ed6788a60cc12bc38f,e0a51a8cffd5a50ab502297b1fdcd1d40445fae2537faaeb8cbb29c2be577409,0.3988249897956848,NORMAL,STANDARDIZED,,resampled from 22050 to 44100,
harmonium_000945.wav,666.wav,harmonium,Harmonium,Harmonium\666.wav,22050,44100,1,1,3.0,3.0,66150,132300,.wav,132344,de00db1ccefaabb515a233004a41be0019a52e36c676f79283ded52f8af5eddf,ea084a79e2bd8d97ecaeba763c35a828c955be596cb67e805d3a7865c3a34bf7,0.418407678604126,NORMAL,STANDARDIZED,,resampled from 22050 to 44100,
harmonium_000946.wav,667.wav,harmonium,Harmonium,Harmonium\667.wav,22050,44100,1,1,3.0,3.0,66150,132300,.wav,132344,44b41ab4f4fe8b7010b6aa476b756d7ba420639949b46ebb0faa6e3aaa163b3d,228f5b2ebf45ffc50952edbd98813f1eb68447b2c73adcf9c92d12a4c7fbdffe,0.3769470751285553,NORMAL,STANDARDIZED,,resampled from 22050 to 44100,
harmonium_000947.wav,668.wav,harmonium,Harmonium,Harmonium\668.wav,22050,44100,1,1,3.0,3.0,66150,132300,.wav,132344,7360dfacc20a53f77f14bfbdd36eb554681699e12c47f91bdbecee1e8d3d6995,4af6de021b8f8053963613e1fd2cbae9571707708b39867a60c759e641c53adb,0.42763078212738037,NORMAL,STANDARDIZED,,resampled from 22050 to 44100,
harmonium_000948.wav,669.wav,harmonium,Harmonium,Harmonium\669.wav,22050,44100,1,1,3.0,3.0,66150,132300,.wav,132344,d4f1a8e7fa94cb2fe39f8dc9c411aedc0dc93e2f14c95388e5bac11f1edbf4b5,a668782bd267f4a2a4bf79447b1a7eb3c5fb32e0541942325e41a7a63229c579,0.4646880328655243,NORMAL,STANDARDIZED,,resampled from 22050 to 44100,
harmonium_000949.wav,67.wav,harmonium,Harmonium,Harmonium\67.wav,22050,44100,1,1,3.0,3.0,66150,132300,.wav,132344,28a03a3df6ab8cb8617f461bc9841767c33ff87e74bc863839da94a545135f24,b89ce6d7a6c12d82a46ce8856b76945d5a74fea34822a5d9f5f1e1c6f7d55250,0.3838953673839569,NORMAL,STANDARDIZED,,resampled from 22050 to 44100,
harmonium_000950.wav,670.wav,harmonium,Harmonium,Harmonium\670.wav,22050,44100,1,1,3.0,3.0,66150,132300,.wav,132344,95794ae117ecfd8b2e9e7e10e7a67fcff39d8387b86bbafa9bf23225635757f8,8c2e7a8debdeed914a16c6ae33ea8766116c93d104695220377b94b5c318d738,0.4340399205684662,NORMAL,STANDARDIZED,,resampled from 22050 to 44100,
harmonium_000951.wav,671.wav,harmonium,Harmonium,Harmonium\671.wav,22050,44100,1,1,3.0,3.0,66150,132300,.wav,132344,8f83131be4d83de172df850d221966331fd49b7b88dca9c6b72d17571c44a343,7c17eff51f7346ac7833a87620e20c8a2e42c84f26b4d63e090aaa4de2934b10,0.36677995324134827,NORMAL,STANDARDIZED,,resampled from 22050 to 44100,
harmonium_000952.wav,672.wav,harmonium,Harmonium,Harmonium\672.wav,22050,44100,1,1,3.0,3.0,66150,132300,.wav,132344,88410b3faac6fedc46a81282da6eb971385292ad275e1a426fff48b787cefa44,92a84e0b912609cea956eec7c8edd7864f1ae06a5ce4016785057885307257f7,0.4434322714805603,NORMAL,STANDARDIZED,,resampled from 22050 to 44100,
harmonium_000953.wav,673.wav,harmonium,Harmonium,Harmonium\673.wav,22050,44100,1,1,3.0,3.0,66150,132300,.wav,132344,16496bbfe524e29346d987d40e24f0e7689dd55fb14f62d45d0129fd4b10c54b,d036e4e6754597d92da7709905de1269a881ac6ad2949c5385d9a6351ec16e18,0.4010792374610901,NORMAL,STANDARDIZED,,resampled from 22050 to 44100,
harmonium_000954.wav,674.wav,harmonium,Harmonium,Harmonium\674.wav,22050,44100,1,1,3.0,3.0,66150,132300,.wav,132344,5ef9c8471cabb9bda7b01c287977b37bf7e4a1c7d5d4fcf0f04fd74641257c7f,1bca5fb2dc02922f6fb6f450bbb398569c0801c288a5d12c85b8f86c83e15a8c,0.41619160771369934,NORMAL,STANDARDIZED,,resampled from 22050 to 44100,
harmonium_000955.wav,675.wav,harmonium,Harmonium,Harmonium\675.wav,22050,44100,1,1,3.0,3.0,66150,132300,.wav,132344,7eff671933d1d4d40d60c229da4e6ff3e6dd1a9ed39fd94d15402f49a0ea78b5,994d37e3addf56b155cbca79d28bebd9a85df45fd27d297623785c7b57b79f47,0.3827773928642273,NORMAL,STANDARDIZED,,resampled from 22050 to 44100,
harmonium_000956.wav,676.wav,harmonium,Harmonium,Harmonium\676.wav,22050,44100,1,1,3.0,3.0,66150,132300,.wav,132344,dcd89ad44c212cd19b99107588bb7411570966a4c7e6edc5a56a40c3d8e4cd55,eff146ce390f62e3658b206f9ccc4520c92961c97b891dd9c55efa40676b4f87,0.42181292176246643,NORMAL,STANDARDIZED,,resampled from 22050 to 44100,
harmonium_000957.wav,677.wav,harmonium,Harmonium,Harmonium\677.wav,22050,44100,1,1,3.0,3.0,66150,132300,.wav,132344,2cfcfe8c172f8c607dfcab3ae21be4e8079eea9c78025e7a1569ca4f5206e057,babd631c75a0ee6142ba8fa74fd4fedcc577988b12420bd8fae46ae4c4cf3ea2,0.46797043085098267,NORMAL,STANDARDIZED,,resampled from 22050 to 44100,
harmonium_000958.wav,678.wav,harmonium,Harmonium,Harmonium\678.wav,22050,44100,1,1,3.0,3.0,66150,132300,.wav,132344,990f2b877d2afc3435a04de08746f48a31dc250a117a8faade656636b6abed70,4bf2531ef8e45aaa7d3759a1cec975c6880ab9971a57e4e09b9d4e8f24454a06,0.43690910935401917,NORMAL,STANDARDIZED,,resampled from 22050 to 44100,
harmonium_000959.wav,679.wav,harmonium,Harmonium,Harmonium\679.wav,22050,44100,1,1,3.0,3.0,66150,132300,.wav,132344,038e1eeac6f7497da4a61647f316828c8e957e31012f694795d9435287175726,0667101940329ffa37c67651b73371289311bc6203dee4dde274987982497c5d,0.36762431263923645,NORMAL,STANDARDIZED,,resampled from 22050 to 44100,
harmonium_000960.wav,68.wav,harmonium,Harmonium,Harmonium\68.wav,22050,44100,1,1,3.0,3.0,66150,132300,.wav,132344,ba87573777729de95c85fb99a831b6ab9f99cf02f6165ccc498d60369da4f6a9,3b3947658aeb184f45dcdb781923a40ed98ef7a810a60fb446f7e6ffbc2f9336,0.37786051630973816,NORMAL,STANDARDIZED,,resampled from 22050 to 44100,
harmonium_000961.wav,680.wav,harmonium,Harmonium,Harmonium\680.wav,22050,44100,1,1,3.0,3.0,66150,132300,.wav,132344,794380dc902b3b3f1ec63af3c991c6381cd23f8cbe03e6f18859909b678ee128,2959c70dbe9f8b53ff71861a241ccc1135f8bf519ce30abb47cd1a857d76a1f3,0.44729480147361755,NORMAL,STANDARDIZED,,resampled from 22050 to 44100,
harmonium_000962.wav,681.wav,harmonium,Harmonium,Harmonium\681.wav,22050,44100,1,1,3.0,3.0,66150,132300,.wav,132344,3a617510cca155124cd0296b20ec8762733806753c54ec49ad2f187c79da3889,d94a4a271a1be37fd643ca722d985ae2bc45fbcb96f9cc61c1c810fe531ca07a,0.39861610531806946,NORMAL,STANDARDIZED,,resampled from 22050 to 44100,
harmonium_000963.wav,682.wav,harmonium,Harmonium,Harmonium\682.wav,22050,44100,1,1,3.0,3.0,66150,132300,.wav,132344,a0e9d0fa68e9a618ae3700cf869beb74353c0b1edd19364b1887ef7e96d2d8b3,47796211cc938f23a33dd9d4b31e6deca96d679ca9796eb23db427f11a625996,0.4169786274433136,NORMAL,STANDARDIZED,,resampled from 22050 to 44100,
harmonium_000964.wav,683.wav,harmonium,Harmonium,Harmonium\683.wav,22050,44100,1,1,3.0,3.0,66150,132300,.wav,132344,c10c75f607c8b445ff8e9bc57a6a7c15147bdab5cf1ce85eb9ad20e944bfc6b1,cfd4be0c1f3f7f54440b13f364bebadca17bc627ffb01271af70689a8179843c,0.3797265291213989,NORMAL,STANDARDIZED,,resampled from 22050 to 44100,
harmonium_000965.wav,684.wav,harmonium,Harmonium,Harmonium\684.wav,22050,44100,1,1,3.0,3.0,66150,132300,.wav,132344,bd58a2f4fddc07ba7bd0e1ae7fa796aa9e3928eefc9a8d45f7bbff24991de929,208da2753a088a23279e26768f07bbe62611c3b4626bd27e40815e5a9bee71bf,0.42275652289390564,NORMAL,STANDARDIZED,,resampled from 22050 to 44100,
harmonium_000966.wav,685.wav,harmonium,Harmonium,Harmonium\685.wav,22050,44100,1,1,3.0,3.0,66150,132300,.wav,132344,a936e0d714c8c105963171daa01217d7ca1d08ff9c5acd6aea3be241daff499f,a15b7875744fda081d91a29a42699fc665b197345ba06d01a310444341b9c00e,0.46706002950668335,NORMAL,STANDARDIZED,,resampled from 22050 to 44100,
harmonium_000967.wav,686.wav,harmonium,Harmonium,Harmonium\686.wav,22050,44100,1,1,3.0,3.0,66150,132300,.wav,132344,c948ed07a7abca7ae4522c63010aa9f40ecdc149604bfea9ee7a236d76dab339,7a7f7f537f8db67a350491ff2c02d50e086f1214e43285f83a570df296b5d001,0.44989028573036194,NORMAL,STANDARDIZED,,resampled from 22050 to 44100,
harmonium_000968.wav,687.wav,harmonium,Harmonium,Harmonium\687.wav,22050,44100,1,1,3.0,3.0,66150,132300,.wav,132344,a7f422eb6434e5c94e173192356e965acb0b5a9060e8a92f23fe99a1f8452baf,59a31671c5c1e7943fdf39bc7d975e76eaee74af9d32324b74a0a9edc0550d9d,0.37479084730148315,NORMAL,STANDARDIZED,,resampled from 22050 to 44100,
harmonium_000969.wav,688.wav,harmonium,Harmonium,Harmonium\688.wav,22050,44100,1,1,3.0,3.0,66150,132300,.wav,132344,8a67a462d7e5b531dbca3b57ae6731dabd3af705df54775cc44b7e93a026bf74,d7363af2b0fa0e7dd1ce59afe19dc16390070c20ac490dd98da11124ea2e2ea8,0.45202162861824036,NORMAL,STANDARDIZED,,resampled from 22050 to 44100,
harmonium_000970.wav,689.wav,harmonium,Harmonium,Harmonium\689.wav,22050,44100,1,1,3.0,3.0,66150,132300,.wav,132344,946bcb1f14b4ad61a57849bca9bc0962d8e1f6cbefdea6f4c6b5334d79e7e14a,320b24aea9cd84773025b0d466f694341665d5a153edbfcf79d1e9dc763e1008,0.394599974155426,NORMAL,STANDARDIZED,,resampled from 22050 to 44100,
harmonium_000971.wav,69.wav,harmonium,Harmonium,Harmonium\69.wav,22050,44100,1,1,3.0,3.0,66150,132300,.wav,132344,991f5660f4d7204da1c730f0b298a12d4f4ab4229a579faf31b67a5ebd1d3d37,589e4c2995036a4ad82066fc0dcca79011cf44cd256e446ceffa448e80aac313,0.3816105127334595,NORMAL,STANDARDIZED,,resampled from 22050 to 44100,
harmonium_000972.wav,690.wav,harmonium,Harmonium,Harmonium\690.wav,22050,44100,1,1,3.0,3.0,66150,132300,.wav,132344,cfaa0f91e1f17870e76cf3e714237488ab9b38aaaf95ab45ee45279a7ced3d6c,79cbf458673679f667a127da892b8bd4f90830038918964ca84c2334d0651da3,0.41278865933418274,NORMAL,STANDARDIZED,,resampled from 22050 to 44100,
harmonium_000973.wav,691.wav,harmonium,Harmonium,Harmonium\691.wav,22050,44100,1,1,3.0,3.0,66150,132300,.wav,132344,e536bac2ac8ef6e930b8f0e88ed76da59428d9684d4bd3de3d1d946e650f910e,1841146d681202336e301439c7107e06a246bf6024f4d4921776e86a256c6b43,0.3816591799259186,NORMAL,STANDARDIZED,,resampled from 22050 to 44100,
harmonium_000974.wav,692.wav,harmonium,Harmonium,Harmonium\692.wav,22050,44100,1,1,3.0,3.0,66150,132300,.wav,132344,2846cb297ffef6fa07f881fe7c4c6c14e0151654b224a0271a2373e9aa3d9ce1,11582d4af1ea8605a8bc81a3fec9170f83d5dccc12bc5e35a38e5571dd89e5b7,0.42547404766082764,NORMAL,STANDARDIZED,,resampled from 22050 to 44100,
harmonium_000975.wav,693.wav,harmonium,Harmonium,Harmonium\693.wav,22050,44100,1,1,3.0,3.0,66150,132300,.wav,132344,0649c43317962fe46c5e589d97cc8b4f353abd4b5c1b53d41d5bdee8211e0546,ac33647145fa0ab00c8a2da84090d8710aa5376d47ba974c8f0aced3df508cc4,0.4591204822063446,NORMAL,STANDARDIZED,,resampled from 22050 to 44100,
harmonium_000976.wav,694.wav,harmonium,Harmonium,Harmonium\694.wav,22050,44100,1,1,3.0,3.0,66150,132300,.wav,132344,6fdcbfac14105b0576be28a688a0af8f58a7a9914d5921d3fd28f19d39ce81d4,751d83172dc3cec68ad5f95d98eccc083f59f0b19a537627549e5de0bfa15798,0.4430907070636749,NORMAL,STANDARDIZED,,resampled from 22050 to 44100,
harmonium_000977.wav,695.wav,harmonium,Harmonium,Harmonium\695.wav,22050,44100,1,1,3.0,3.0,66150,132300,.wav,132344,ce65bff1c3256b2c4b54fab895b8181cc84108b86b45d209472b23f90ea08390,3af5db9b9f05bff9496f454bbf7b394eeeeb119c3e2d8361c76f4af8e18bd015,0.3734530806541443,NORMAL,STANDARDIZED,,resampled from 22050 to 44100,
harmonium_000978.wav,696.wav,harmonium,Harmonium,Harmonium\696.wav,22050,44100,1,1,3.0,3.0,66150,132300,.wav,132344,fbbe5218ea4038638b321969dd3ca600a3965f0800df6e801df94038e924b2e0,49e5670ed5751bbe13177e2da7ad60c3bf2f39fce0a9d22e593c3d8036240dd8,0.4472332298755646,NORMAL,STANDARDIZED,,resampled from 22050 to 44100,
harmonium_000979.wav,697.wav,harmonium,Harmonium,Harmonium\697.wav,22050,44100,1,1,3.0,3.0,66150,132300,.wav,132344,05bf04fd748759827a891503cf7a27312e704d9bcf82d2a3c54c2a877c9b55c7,fcf997eb169bd14e1bda2ce65822a6ee2631fd57574480ae45dc0d1455b47e17,0.3964252471923828,NORMAL,STANDARDIZED,,resampled from 22050 to 44100,
harmonium_000980.wav,698.wav,harmonium,Harmonium,Harmonium\698.wav,22050,44100,1,1,3.0,3.0,66150,132300,.wav,132344,80987e70d625880d1efa48b3d6c4dbd157e4db85463d60295235adfea7a8411c,eee7aa1d7f840190f799adbf0a0f83b54630569ddd3c3219223b94ea8ad4144a,0.41486266255378723,NORMAL,STANDARDIZED,,resampled from 22050 to 44100,
harmonium_000981.wav,699.wav,harmonium,Harmonium,Harmonium\699.wav,22050,44100,1,1,3.0,3.0,66150,132300,.wav,132344,0c667ca010e3ca142baf07519ff1e7e3b381c261d8781eccad02b9eee612d935,488c35003be23ffbbd1057239baa50baff6c8a432eee5b14907e0bafaefc945b,0.37820330262184143,NORMAL,STANDARDIZED,,resampled from 22050 to 44100,
harmonium_000982.wav,7.wav,harmonium,Harmonium,Harmonium\7.wav,22050,44100,1,1,3.0,3.0,66150,132300,.wav,132344,23d80586476850a6bde681436c7b7be4ed6c6a1842d84c52ce99ad263693d0ca,1bf24e4072692c2cfd7da9a9bdd40572a1d432464648a849b98ec33f089c3a09,0.3871961236000061,NORMAL,STANDARDIZED,,resampled from 22050 to 44100,
harmonium_000983.wav,70.wav,harmonium,Harmonium,Harmonium\70.wav,22050,44100,1,1,3.0,3.0,66150,132300,.wav,132344,367762c4d1033a29d7135c763d2c4e2ef18051e222b7aa91ccb78e6da4e4d800,94dc387a461a85d843cf4a42c7accdeba1d8457f5285d352ac6b531b1972ef1a,0.42729970812797546,NORMAL,STANDARDIZED,,resampled from 22050 to 44100,
harmonium_000984.wav,700.wav,harmonium,Harmonium,Harmonium\700.wav,22050,44100,1,1,3.0,3.0,66150,132300,.wav,132344,d6d65fa87ae028644b7dce4708d9c6257e3cc102fe8350cf376d6b1578534fad,0d4437a2308803e7743de985a25403eca2112e063755ff699091e9bda368ccbc,0.43044447898864746,NORMAL,STANDARDIZED,,resampled from 22050 to 44100,
harmonium_000985.wav,701.wav,harmonium,Harmonium,Harmonium\701.wav,22050,44100,1,1,3.0,3.0,66150,132300,.wav,132344,3f5716cbd95dcb3e1781f327f16e468a5085ff5e666d5c4b51c04d67802ac02b,eeb9b3e181d22810e73a47458d1c472c8bbc56892f45c644a29d6be9a17a0109,0.4600107967853546,NORMAL,STANDARDIZED,,resampled from 22050 to 44100,
harmonium_000986.wav,702.wav,harmonium,Harmonium,Harmonium\702.wav,22050,44100,1,1,3.0,3.0,66150,132300,.wav,132344,1a22c792299a7f8764898042439d58a2c9bbd31f790abe94ab9f31118f76e7ff,6f3a14b21af646d6c361bcdf2fbbda58c81560fa14b21ad2a42088727ba4707b,0.4432375133037567,NORMAL,STANDARDIZED,,resampled from 22050 to 44100,
harmonium_000987.wav,703.wav,harmonium,Harmonium,Harmonium\703.wav,22050,44100,1,1,3.0,3.0,66150,132300,.wav,132344,bf4c26ab234c833a2d6d6d05a23341a8573ff719ddb89d3603bcc5fb695dc516,6861571c45690ba84e6fbbfc2b648ade8db052b40649f681118c1058b20d1b5a,0.3723295032978058,NORMAL,STANDARDIZED,,resampled from 22050 to 44100,
harmonium_000988.wav,704.wav,harmonium,Harmonium,Harmonium\704.wav,22050,44100,1,1,3.0,3.0,66150,132300,.wav,132344,5132bbb2962ed4a5397241f479b19ba320f2a3f6726f23e5db1b2e0875a37464,f49663fc773ebbb6d98fb42e875278c25d57d7c9fe45b756f4f28facaf93cdf8,0.44514504075050354,NORMAL,STANDARDIZED,,resampled from 22050 to 44100,
harmonium_000989.wav,705.wav,harmonium,Harmonium,Harmonium\705.wav,22050,44100,1,1,3.0,3.0,66150,132300,.wav,132344,930ff695707cc9e83487df47562ea266fdb6638e00d8d80992bad45b524ad3fe,371cfd6f96e8f80da78b65589b9cd5c80b62adb1d40a0c2ba81a7f68d882b01e,0.4023306369781494,NORMAL,STANDARDIZED,,resampled from 22050 to 44100,
harmonium_000990.wav,706.wav,harmonium,Harmonium,Harmonium\706.wav,22050,44100,1,1,3.0,3.0,66150,132300,.wav,132344,dd407e0bd43c1e6a9513b2722f4dd2a1d4ea2ec9f35ebb741238ebbaf00d16a3,d850bbe0e40c524c8e4333ef7f547c1da215d8890c84f3b5cbed2420e29150a1,0.4243534505367279,NORMAL,STANDARDIZED,,resampled from 22050 to 44100,
harmonium_000991.wav,707.wav,harmonium,Harmonium,Harmonium\707.wav,22050,44100,1,1,3.0,3.0,66150,132300,.wav,132344,bcf996550b4b64277df9517b86bede337d1b5384462e2c565cc7f6d60f97dfa3,ee6c6a84a9bb41665128990aaba9eda8008e3119e3dd80778e219b9fbbd822bd,0.3807947039604187,NORMAL,STANDARDIZED,,resampled from 22050 to 44100,
harmonium_000992.wav,708.wav,harmonium,Harmonium,Harmonium\708.wav,22050,44100,1,1,3.0,3.0,66150,132300,.wav,132344,700ef7fc737072679720959a7c307e4e8d4c88ab62ab2dc4ff9ec3526e99b4ed,cb0cbbfdbff7adbb3fc353495182b4de384b45e1ced4cba05f408271e12e85ec,0.42842409014701843,NORMAL,STANDARDIZED,,resampled from 22050 to 44100,
harmonium_000993.wav,709.wav,harmonium,Harmonium,Harmonium\709.wav,22050,44100,1,1,3.0,3.0,66150,132300,.wav,132344,eea05fde408926ec38a19e262dd729e9b1b3f1286604fae44b7ed8cdcb7dda1b,4ef203df7df5171383d19388fe789eb1a7c4458c8906c8af01c81ea43890d9d4,0.46679773926734924,NORMAL,STANDARDIZED,,resampled from 22050 to 44100,
harmonium_000994.wav,71.wav,harmonium,Harmonium,Harmonium\71.wav,22050,44100,1,1,3.0,3.0,66150,132300,.wav,132344,63273cbbda09bbd0f79f62b7903002c0fab8124c843773791dbd562e43003f0f,4e3376872f8354a31ec7de71bc362ed1630d35a73c6fc415b5d8089f08d69b27,0.38734170794487,NORMAL,STANDARDIZED,,resampled from 22050 to 44100,
harmonium_000995.wav,710.wav,harmonium,Harmonium,Harmonium\710.wav,22050,44100,1,1,3.0,3.0,66150,132300,.wav,132344,92c8aa438913e9b4eb7c697d47118b8ea1fe40e9a12d4d170042360a7f12010d,93de483adec7639e586d658c371a62389e22b56b5503a921e486b636f47a4e39,0.43844422698020935,NORMAL,STANDARDIZED,,resampled from 22050 to 44100,
harmonium_000996.wav,711.wav,harmonium,Harmonium,Harmonium\711.wav,22050,44100,1,1,3.0,3.0,66150,132300,.wav,132344,245c49343e953cda5241234ca7358d06ad8dcdce77112c25d4c434df7a3f4655,b9510381b388cb4eb53bb9fb25f2d78c07117fd4d3fbd9cc9808ff5854e6aa7d,0.37422460317611694,NORMAL,STANDARDIZED,,resampled from 22050 to 44100,
harmonium_000997.wav,712.wav,harmonium,Harmonium,Harmonium\712.wav,22050,44100,1,1,3.0,3.0,66150,132300,.wav,132344,cf33d6a38be745a705b8bbd09e413073273682c1e7d32f0f00883607d8d76b8e,d9d0a2b364705fef9232df376301e9d0e6af9777d36ba4f1b3beb984be714136,0.4430200159549713,NORMAL,STANDARDIZED,,resampled from 22050 to 44100,
harmonium_000998.wav,713.wav,harmonium,Harmonium,Harmonium\713.wav,22050,44100,1,1,3.0,3.0,66150,132300,.wav,132344,806f7975e84c8b36a7a818839aef1a6a180aa5608285055dc62682dfb48e973b,4ed8d7c63023f75297e2223211cbbd1187286423abda151df948a5ab7ad3f2fb,0.39773130416870117,NORMAL,STANDARDIZED,,resampled from 22050 to 44100,
harmonium_000999.wav,714.wav,harmonium,Harmonium,Harmonium\714.wav,22050,44100,1,1,3.0,3.0,66150,132300,.wav,132344,e7d1ad019525143a20b39e01d242ce5729a855361b3fc55c74b30e8f21ffe4df,c96b4f141394cc1fa6fdc7289b958d215d7de0add060b903d7d340375ea49ee6,0.4215877056121826,NORMAL,STANDARDIZED,,resampled from 22050 to 44100,
harmonium_001000.wav,715.wav,harmonium,Harmonium,Harmonium\715.wav,22050,44100,1,1,3.0,3.0,66150,132300,.wav,132344,f853fecba96d59501265c799fcceca67b73e4689b976bf2a1f23412436315152,0dd50f740812d6bcfec0f798cd2125d8aa165b5bd2b226f49ca73de6db13346b,0.38010647892951965,NORMAL,STANDARDIZED,,resampled from 22050 to 44100,
harmonium_001001.wav,716.wav,harmonium,Harmonium,Harmonium\716.wav,22050,44100,1,1,3.0,3.0,66150,132300,.wav,132344,40f0c5d87ac1077a34eeb4df90d4108bc918b43dbb68c5e903ef3bb4b8a4e584,972a5dfe376d976b27fa8a3e604feaa02687df3576395f35dcf6abb757dd285f,0.4252537488937378,NORMAL,STANDARDIZED,,resampled from 22050 to 44100,
harmonium_001002.wav,717.wav,harmonium,Harmonium,Harmonium\717.wav,22050,44100,1,1,3.0,3.0,66150,132300,.wav,132344,c087ea04ed8fec9fccb3da22a1581fea66207c0da4b89342f09ffda36787c1b9,c17b96fd112e3591d73af297c126b5e9c5ea284209a5d10bf9f225f03e9056ee,0.4648411273956299,NORMAL,STANDARDIZED,,resampled from 22050 to 44100,
harmonium_001003.wav,718.wav,harmonium,Harmonium,Harmonium\718.wav,22050,44100,1,1,3.0,3.0,66150,132300,.wav,132344,0657a2eaa5f3f9c70b0fa300f5b53113632c56122de333602889f5e8ea3055c0,0ce45334bf7104ce5087f4e276fcacc826a7a9788dc39f430cd226863d435a9d,0.43866872787475586,NORMAL,STANDARDIZED,,resampled from 22050 to 44100,
harmonium_001004.wav,719.wav,harmonium,Harmonium,Harmonium\719.wav,22050,44100,1,1,3.0,3.0,66150,132300,.wav,132344,9b7d3d23c49456e24f3a50f024722d74740530833d57a853d8cea14eea23ad51,0f190d640ae468b097fdd3d4a1999244efa6c61303a2e9d661802057e3fe5090,0.36917442083358765,NORMAL,STANDARDIZED,,resampled from 22050 to 44100,
harmonium_001005.wav,72.wav,harmonium,Harmonium,Harmonium\72.wav,22050,44100,1,1,3.0,3.0,66150,132300,.wav,132344,19910569a2dcef7d1dbab458a3ab742f7e97358cd1fbc5e7173c8c34cd9f7808,1abc7c17689f9188d612c41e861ebf318bde540d1711186b881815b5ae2dc05d,0.3782142400741577,NORMAL,STANDARDIZED,,resampled from 22050 to 44100,
harmonium_001006.wav,720.wav,harmonium,Harmonium,Harmonium\720.wav,22050,44100,1,1,3.0,3.0,66150,132300,.wav,132344,158898d8b43bf78f6524fa12421ff7c61f0c5b1935547bbfe18c883f06954b36,29449440eba8e5e4c2c527bf46c036ec40fcfdf9d94f4309e740704e7a944d9e,0.44343334436416626,NORMAL,STANDARDIZED,,resampled from 22050 to 44100,
harmonium_001007.wav,721.wav,harmonium,Harmonium,Harmonium\721.wav,22050,44100,1,1,3.0,3.0,66150,132300,.wav,132344,cd944429a87f655c26c59e32a77fa84e70fb7d1e8be79863f060988ccf597c51,7f8033e13f6911aba7770179c97c78dd5a1c81c9fb81e0164fecb31c93fab380,0.39882656931877136,NORMAL,STANDARDIZED,,resampled from 22050 to 44100,
harmonium_001008.wav,722.wav,harmonium,Harmonium,Harmonium\722.wav,22050,44100,1,1,3.0,3.0,66150,132300,.wav,132344,827c5a194da55f02a76d1532c7b5e5eccfeca8f67a54a9ea1bb21872d5649a2c,dcf00213536f6120a30b101a0f5536e1335055c3531e12db4297a0cdc5cb037f,0.4149530231952667,NORMAL,STANDARDIZED,,resampled from 22050 to 44100,
harmonium_001009.wav,723.wav,harmonium,Harmonium,Harmonium\723.wav,22050,44100,1,1,3.0,3.0,66150,132300,.wav,132344,8799f6a82aac0094bd47c7062c3bb15011c7c7742e337f7b69a43deeb3eb60ca,24001e9c1a78284bec5b093dd655a0950a27647acd4db94e61e6c3b5b0da6d08,0.38255080580711365,NORMAL,STANDARDIZED,,resampled from 22050 to 44100,
harmonium_001010.wav,724.wav,harmonium,Harmonium,Harmonium\724.wav,22050,44100,1,1,3.0,3.0,66150,132300,.wav,132344,cfae56b3768b67139b1827bbeea629fa563e4557eab45846b93ce18bea55f39e,9270a3cb651628dff0ae690ec4315312dd99d20fb6ca3a49bb11c469ef1bcdc1,0.42060586810112,NORMAL,STANDARDIZED,,resampled from 22050 to 44100,
harmonium_001011.wav,725.wav,harmonium,Harmonium,Harmonium\725.wav,22050,44100,1,1,3.0,3.0,66150,132300,.wav,132344,9f941b3a329ea0558110dad41b1bb75ed037266cffeec50d37e681a794d3464a,823f1737db2291fac5d2010252e242b48bfe77c3f8c2e6911de5a49a520d0a82,0.4706469476222992,NORMAL,STANDARDIZED,,resampled from 22050 to 44100,
harmonium_001012.wav,726.wav,harmonium,Harmonium,Harmonium\726.wav,22050,44100,1,1,3.0,3.0,66150,132300,.wav,132344,e47963dde29c324c7d53f65e6a80b3c08c169bacb7d708272843c93dfdb924c6,9763135950aad1aecba2c2cdd7a1a6edd360ca9341cab748b1b42eae3cbb56ea,0.4500424861907959,NORMAL,STANDARDIZED,,resampled from 22050 to 44100,
harmonium_001013.wav,727.wav,harmonium,Harmonium,Harmonium\727.wav,22050,44100,1,1,3.0,3.0,66150,132300,.wav,132344,34bd015e3d4e71c16939d9eb878d617608418b5f0deb3e7a2144ac946c3a2e05,33cd8c26a6e8f18eb970a476b28a603879914e00fcc6681544b69f4dd1c888ce,0.3758400082588196,NORMAL,STANDARDIZED,,resampled from 22050 to 44100,
harmonium_001014.wav,728.wav,harmonium,Harmonium,Harmonium\728.wav,22050,44100,1,1,3.0,3.0,66150,132300,.wav,132344,f984c56b75a2f9b76f1f5cd16fa9125bb3e91c0e516b7acee0cd721ff8572ef5,8e895c241cbb05dfb6ba1c641bcb6341872554e0d8b296b1a5c7fc9947d7d62e,0.45676708221435547,NORMAL,STANDARDIZED,,resampled from 22050 to 44100,
harmonium_001015.wav,729.wav,harmonium,Harmonium,Harmonium\729.wav,22050,44100,1,1,3.0,3.0,66150,132300,.wav,132344,501ca084009adcc7ce362e69ec4f63c667d31d17316ce8138f1a2aac57175a26,bcd8a05ab58df8492baa361312dde29ec0a900d27feb5773ecf219568206b9ab,0.4019774794578552,NORMAL,STANDARDIZED,,resampled from 22050 to 44100,
harmonium_001016.wav,73.wav,harmonium,Harmonium,Harmonium\73.wav,22050,44100,1,1,3.0,3.0,66150,132300,.wav,132344,82ea3c87f4a974af0eb8e44978fa95a23f203fd5e236f38d551f0fe108e7ed5d,e940ce44cea32dd6269d74e3a77ba7a5aeed7512da99dc76907bcce24ffa7d1e,0.3770974576473236,NORMAL,STANDARDIZED,,resampled from 22050 to 44100,
harmonium_001017.wav,730.wav,harmonium,Harmonium,Harmonium\730.wav,22050,44100,1,1,3.0,3.0,66150,132300,.wav,132344,6e746c922958fd2863893fa5cdd67687a87f69cb89eef33c322f75791a7d02c1,7eb6f10a3e5878ae9715099220e5aa25d5c778f7aa7d7a6550a9aebd23fc30e6,0.41803234815597534,NORMAL,STANDARDIZED,,resampled from 22050 to 44100,
harmonium_001018.wav,731.wav,harmonium,Harmonium,Harmonium\731.wav,22050,44100,1,1,3.0,3.0,66150,132300,.wav,132344,e86fb780cafc04d29682a94136a6d86725d8c63024c7a474621428236115e0fa,24d74d4ba81216b32c33d871842664e59c786d27ae90b4adc7527fc6ec84cfac,0.3806907534599304,NORMAL,STANDARDIZED,,resampled from 22050 to 44100,
harmonium_001019.wav,732.wav,harmonium,Harmonium,Harmonium\732.wav,22050,44100,1,1,3.0,3.0,66150,132300,.wav,132344,3ed49fd67b3831df0245aa78ee4d434569630a85a1d13ca3fb1b37b2aa868b09,56e1adc895edf9213a9d94c91256966d51fb49019261f03b4c90af808191a39c,0.42768171429634094,NORMAL,STANDARDIZED,,resampled from 22050 to 44100,
harmonium_001020.wav,733.wav,harmonium,Harmonium,Harmonium\733.wav,22050,44100,1,1,3.0,3.0,66150,132300,.wav,132344,a732866123cd2cdc6c2453af0a4c497ce353438756e6a5c3e12e66b4319d32b8,fbd7822e30693777f4aea7574c9c6566d690a4a7f67c1aa296c3968c954d85b6,0.46903640031814575,NORMAL,STANDARDIZED,,resampled from 22050 to 44100,
harmonium_001021.wav,734.wav,harmonium,Harmonium,Harmonium\734.wav,22050,44100,1,1,3.0,3.0,66150,132300,.wav,132344,24a5312375cab3eb0872d840984cbf53ac03d418c9e57117ad5cd864366863d9,13941540f2fa97c660e0131c1b869cc69505948f997918ab9dc2ac6c3a81c8e7,0.4385969936847687,NORMAL,STANDARDIZED,,resampled from 22050 to 44100,
harmonium_001022.wav,735.wav,harmonium,Harmonium,Harmonium\735.wav,22050,44100,1,1,3.0,3.0,66150,132300,.wav,132344,39ef88e9d3eed44edf63d33f36837f5aef8dfe4aad44fef7f97306d41912fda5,a7f3a94c7ecc3231dafe6d35ebff89da5c069d56fcb68ffffa5cafd2c82e07cf,0.3644924461841583,NORMAL,STANDARDIZED,,resampled from 22050 to 44100,
harmonium_001023.wav,736.wav,harmonium,Harmonium,Harmonium\736.wav,22050,44100,1,1,3.0,3.0,66150,132300,.wav,132344,5530964effeb9e76f935fb807dbc45a14c2e8c5338072b74fe67c76d44b4e2e9,f5cb5d1107b6e58bb4575835d3a4d511ac4809cd9d35233f741bdf2cecbc5f3c,0.4472673833370209,NORMAL,STANDARDIZED,,resampled from 22050 to 44100,
harmonium_001024.wav,737.wav,harmonium,Harmonium,Harmonium\737.wav,22050,44100,1,1,3.0,3.0,66150,132300,.wav,132344,4720c5cc86c348119e5179c431cb0e3c8893f9719e9d640f54d42737a367e7f3,a9687cdfc6a9275ba7d0700333b34259ff0d089f645c76d4a50ca6e947f2cedb,0.39447078108787537,NORMAL,STANDARDIZED,,resampled from 22050 to 44100,
harmonium_001025.wav,738.wav,harmonium,Harmonium,Harmonium\738.wav,22050,44100,1,1,3.0,3.0,66150,132300,.wav,132344,9494832c51deeb9e2571541b2f589b972d46b0a072cb4988877c8e02c44f4c1f,edded702d37f3c6c5256ccefb7c1bfc54e4d8ed986bf6ba663c6225807b2860f,0.41725221276283264,NORMAL,STANDARDIZED,,resampled from 22050 to 44100,
harmonium_001026.wav,739.wav,harmonium,Harmonium,Harmonium\739.wav,22050,44100,1,1,3.0,3.0,66150,132300,.wav,132344,74fa8646d1f0993f39b0693c4929997de4483ab54014b43e27b55d670051dd3e,b9a91c701540c3fb611330774eb8b780c5d9671846b1a6c2f326d2e0abdc9858,0.381133496761322,NORMAL,STANDARDIZED,,resampled from 22050 to 44100,
harmonium_001027.wav,74.wav,harmonium,Harmonium,Harmonium\74.wav,22050,44100,1,1,3.0,3.0,66150,132300,.wav,132344,4dd1b1f22595d166ff3d5e68231b8e2d7e5ab2e257fd2e30bce0f41f329e98dd,01f81e50f0ef8e1a773d9d3eb664efade2a7b2bfd7329c3144c50d0ac478a407,0.4296790063381195,NORMAL,STANDARDIZED,,resampled from 22050 to 44100,
harmonium_001028.wav,740.wav,harmonium,Harmonium,Harmonium\740.wav,22050,44100,1,1,3.0,3.0,66150,132300,.wav,132344,03543ce06fbdb49c7a8ace0387cfd3577d3ad271c737e2d0a9c1133980ebe17a,ffc7608bdbd16ca3c5c722dc4d6cf4815617f8b2d436c55317768989090efba8,0.42706534266471863,NORMAL,STANDARDIZED,,resampled from 22050 to 44100,
harmonium_001029.wav,741.wav,harmonium,Harmonium,Harmonium\741.wav,22050,44100,1,1,3.0,3.0,66150,132300,.wav,132344,b847a8cef9d642ca1cf65d59b5ba7f8b992b6b73ff92b3230ba86959fe61968c,03eda025babf008b187e667237848751a8a493b92d8e0c0f6a61fb02fad65b30,0.46017345786094666,NORMAL,STANDARDIZED,,resampled from 22050 to 44100,
harmonium_001030.wav,742.wav,harmonium,Harmonium,Harmonium\742.wav,22050,44100,1,1,3.0,3.0,66150,132300,.wav,132344,5c4c38dda33b42676702591c93c73da81619cd0afb03b306782fadb138d35542,0809419c64bb32da6d6395df165ad622c97a08aea63ee2e0daad17fea1c75a66,0.4424252510070801,NORMAL,STANDARDIZED,,resampled from 22050 to 44100,
harmonium_001031.wav,743.wav,harmonium,Harmonium,Harmonium\743.wav,22050,44100,1,1,3.0,3.0,66150,132300,.wav,132344,cc7fba32599dc24f7758a596542080f2e7987bb9874e44ba1a3e59e0f59dc12b,13c9d3aba8ad3648f8d73653f9b694e7507060ea82de5441eaaaf1ac7e79683a,0.37425267696380615,NORMAL,STANDARDIZED,,resampled from 22050 to 44100,
harmonium_001032.wav,744.wav,harmonium,Harmonium,Harmonium\744.wav,22050,44100,1,1,3.0,3.0,66150,132300,.wav,132344,dbb40bd659c3245362a959fbde91d56a4acb5ef1ab8564b38f57296b36f0d4d5,089d8f959f6e7144f8234ffdb30fce890604ecb7c53df51b58fa37df1daadcb6,0.4484233260154724,NORMAL,STANDARDIZED,,resampled from 22050 to 44100,
harmonium_001033.wav,745.wav,harmonium,Harmonium,Harmonium\745.wav,22050,44100,1,1,3.0,3.0,66150,132300,.wav,132344,f414056bd752f3e3f9764e914b62ebb7074f5ff2149b431b1e02a1b8e92efff5,cb5147bcc1b5e53c3d08bd6d8555d290cbce03e726cb6295c21ee55c49c936bb,0.3977283835411072,NORMAL,STANDARDIZED,,resampled from 22050 to 44100,
harmonium_001034.wav,746.wav,harmonium,Harmonium,Harmonium\746.wav,22050,44100,1,1,3.0,3.0,66150,132300,.wav,132344,46a93e77dbaa63dca68b44ffaaba4989bb53baaffebcd2832994990972e66b52,30327fdd3aee56b2d46e44808f9902038e3148260a56df3755d5c5d034f9fe9d,0.42028164863586426,NORMAL,STANDARDIZED,,resampled from 22050 to 44100,
harmonium_001035.wav,747.wav,harmonium,Harmonium,Harmonium\747.wav,22050,44100,1,1,3.0,3.0,66150,132300,.wav,132344,7b6d6979e391a3e91369c52db2ab8ea1ec81ab2818be317d59dbc329f2c191cc,947aba7a6d657422f1764c7b0521bfaf6863fabc8345a6aab0fbe93e59fe004f,0.37174391746520996,NORMAL,STANDARDIZED,,resampled from 22050 to 44100,
harmonium_001036.wav,748.wav,harmonium,Harmonium,Harmonium\748.wav,22050,44100,1,1,3.0,3.0,66150,132300,.wav,132344,190eb675462f10aba69363b65e0faf41e2a6727582c7627fe371ad1aa842acba,1fe295ec0cec17acbc67b9a764c9c74d856f2df90018c8c9fb6e43ed6477d50a,0.4363518953323364,NORMAL,STANDARDIZED,,resampled from 22050 to 44100,
harmonium_001037.wav,749.wav,harmonium,Harmonium,Harmonium\749.wav,22050,44100,1,1,3.0,3.0,66150,132300,.wav,132344,67a00aa1646fb4f98e5b2c4875584a601565abadc0e62a3d082f04f3d45e59af,5ee9fc872f58b271aaacc653811a18e36ff2b5dc321b67241c95af737e43f2c5,0.46602576971054077,NORMAL,STANDARDIZED,,resampled from 22050 to 44100,
harmonium_001038.wav,75.wav,harmonium,Harmonium,Harmonium\75.wav,22050,44100,1,1,3.0,3.0,66150,132300,.wav,132344,3aedf20bc4157ac93dba8258b793447d22fdf970b69b72b84ba5b745b0c69581,2568336790d9b3fcc7d28a41beaf3a266ccb2e1ac252ae596831d0ea26dcc7b4,0.3855065703392029,NORMAL,STANDARDIZED,,resampled from 22050 to 44100,
harmonium_001039.wav,750.wav,harmonium,Harmonium,Harmonium\750.wav,22050,44100,1,1,3.0,3.0,66150,132300,.wav,132344,6dc571153fdb5ed70646c2790e1f7787d811c72f1a95257375d9bd785e3ea3dc,25deff9cfe6b6fcde3c389c0856158a9a30fa2fe5d84620e061a92ed0ab80080,0.43474024534225464,NORMAL,STANDARDIZED,,resampled from 22050 to 44100,
harmonium_001040.wav,751.wav,harmonium,Harmonium,Harmonium\751.wav,22050,44100,1,1,3.0,3.0,66150,132300,.wav,132344,e790e022c751c0bca7716254474e3506906cd647882cad8bee51edb427aa451b,d86a8ff8cf77eb05e8e85505e9d98d143a9ecbe7f7f5320bbf8dc35bbb70b1c1,0.3735456168651581,NORMAL,STANDARDIZED,,resampled from 22050 to 44100,
harmonium_001041.wav,752.wav,harmonium,Harmonium,Harmonium\752.wav,22050,44100,1,1,3.0,3.0,66150,132300,.wav,132344,02b22dd802322e7e1f5d9000a3e54c191636a6f51bd0aa31aad46a8e68c4cf06,1cabfa9eada2a9047c72bab8de1f60d668c82ffc29375854375890acdd8155dc,0.4375024437904358,NORMAL,STANDARDIZED,,resampled from 22050 to 44100,
harmonium_001042.wav,753.wav,harmonium,Harmonium,Harmonium\753.wav,22050,44100,1,1,3.0,3.0,66150,132300,.wav,132344,4b02076ca45f79dc6423786c6d93e019893ea5972b0852a08be471211e851b50,f654d2420883e9f4079d46e2c9ca7ecbf2445ae727a05cd17d558d7daf0b7fd0,0.3956192433834076,NORMAL,STANDARDIZED,,resampled from 22050 to 44100,
harmonium_001043.wav,754.wav,harmonium,Harmonium,Harmonium\754.wav,22050,44100,1,1,3.0,3.0,66150,132300,.wav,132344,e6095fecd9b6e3a0a5da298ffff3cc2d00904bb918aba78e7d9da2dcfcc35a8b,13a148f1a30da6c95b35ac17d3332d403ec899a77300752aefd54ca102825454,0.4209434688091278,NORMAL,STANDARDIZED,,resampled from 22050 to 44100,
harmonium_001044.wav,755.wav,harmonium,Harmonium,Harmonium\755.wav,22050,44100,1,1,3.0,3.0,66150,132300,.wav,132344,0480e0d2ad7d12d50eaa707d1f2059f3d4dfce3de8b2889b068ef54d34a62f81,ba88978b3fea1721a22445db52df872bc2a49fdb610b4e5e8b774ad6f12a5f1b,0.3832394480705261,NORMAL,STANDARDIZED,,resampled from 22050 to 44100,
harmonium_001045.wav,756.wav,harmonium,Harmonium,Harmonium\756.wav,22050,44100,1,1,3.0,3.0,66150,132300,.wav,132344,897c2544a94f938e2400e8a3ce18e83dfc29b1988cc39fc52075613c33141844,a7fd0275937f6de65ad0e6ac8c8e6247494de3f7ded16d77753fce889878575a,0.431223064661026,NORMAL,STANDARDIZED,,resampled from 22050 to 44100,
harmonium_001046.wav,757.wav,harmonium,Harmonium,Harmonium\757.wav,22050,44100,1,1,3.0,3.0,66150,132300,.wav,132344,03c42bf018142e2a0af2f0c0c9e053a788d2d3d592016c5308e7814daf601a41,698a84032f71c68c5402c839279b05d74c6248457bdd867d81099e5da034212a,0.4674398899078369,NORMAL,STANDARDIZED,,resampled from 22050 to 44100,
harmonium_001047.wav,758.wav,harmonium,Harmonium,Harmonium\758.wav,22050,44100,1,1,3.0,3.0,66150,132300,.wav,132344,bbd717438f97fff64d4b212c54533091aa09c947df1911280536d33cbab60c63,494ba78f7c544f25d7047484fea89ec0f583f3123823312169100da637b5da79,0.4394519627094269,NORMAL,STANDARDIZED,,resampled from 22050 to 44100,
harmonium_001048.wav,759.wav,harmonium,Harmonium,Harmonium\759.wav,22050,44100,1,1,3.0,3.0,66150,132300,.wav,132344,9259ec5241343725f465679ad5aad357db6a4b6d2ec937e75e397fb9ffb11d3a,bad35aeb40b2c50fc14560678231e600dddc150ef77899812fcb6b0c541f6b26,0.3791755139827728,NORMAL,STANDARDIZED,,resampled from 22050 to 44100,
harmonium_001049.wav,76.wav,harmonium,Harmonium,Harmonium\76.wav,22050,44100,1,1,3.0,3.0,66150,132300,.wav,132344,c35b760af5763ca9e00de7e5015d19cd5e3cbcd524f316cba03ae654bba6c138,7302ac942dab7b5c956337037fb6c68a513d6504d802dd41120ad12f61cd4d75,0.383043497800827,NORMAL,STANDARDIZED,,resampled from 22050 to 44100,
harmonium_001050.wav,760.wav,harmonium,Harmonium,Harmonium\760.wav,22050,44100,1,1,3.0,3.0,66150,132300,.wav,132344,5b592b80100ae104bd23085dc780d7a56bb137b9e27ed656e4ed06c92076b611,673ea9d2eab13f8b1f35038249c747efe7edfced66844c62158d56508a0bfea5,0.4445453882217407,NORMAL,STANDARDIZED,,resampled from 22050 to 44100,
harmonium_001051.wav,761.wav,harmonium,Harmonium,Harmonium\761.wav,22050,44100,1,1,3.0,3.0,66150,132300,.wav,132344,a0fdffe7eaa81c5c2413f329218a8b458442cfb7c225918b4ff5f6e8ee5730e3,af25e3b1c959f4377ab176f77e9d39b745992ee23a2b8bd87d509d76408ab9bb,0.39891961216926575,NORMAL,STANDARDIZED,,resampled from 22050 to 44100,
harmonium_001052.wav,762.wav,harmonium,Harmonium,Harmonium\762.wav,22050,44100,1,1,3.0,3.0,66150,132300,.wav,132344,72872836cb93aac66f8f4d4b2e50da20270ce6d8177f16e64ee277a3846bfe0e,8d4dedccf9f45979640ba5c89dab7b0216ff99f69067a2452dc0d1f717866b41,0.4219702184200287,NORMAL,STANDARDIZED,,resampled from 22050 to 44100,
harmonium_001053.wav,763.wav,harmonium,Harmonium,Harmonium\763.wav,22050,44100,1,1,3.0,3.0,66150,132300,.wav,132344,4432279efb16ce0ebfe274f8065daa534bd25f2d22bc932114837de720d11d11,dc16bea9f1df48a6684d417f63c08b05cb6d1a137b027aae4f624bf55b3f3cb0,0.37881261110305786,NORMAL,STANDARDIZED,,resampled from 22050 to 44100,
harmonium_001054.wav,764.wav,harmonium,Harmonium,Harmonium\764.wav,22050,44100,1,1,3.0,3.0,66150,132300,.wav,132344,ad762cd8b6889dcd14a371638473bed325f4a68c86cc3dc73b325c28974652b9,4079f5b8de63352358e0c3c67ce884c1de2e5f606206c6ecf2e76302996edb28,0.42892932891845703,NORMAL,STANDARDIZED,,resampled from 22050 to 44100,
harmonium_001055.wav,765.wav,harmonium,Harmonium,Harmonium\765.wav,22050,44100,1,1,3.0,3.0,66150,132300,.wav,132344,52f4916702e313f5380cd9ea8e3b43ca8b0f37b277cca97614fe01ba110d6963,e79285098516883f0d03a75eec56c36c24003bf06c68d80a562afdc4e99c80bb,0.4664665758609772,NORMAL,STANDARDIZED,,resampled from 22050 to 44100,
harmonium_001056.wav,766.wav,harmonium,Harmonium,Harmonium\766.wav,22050,44100,1,1,3.0,3.0,66150,132300,.wav,132344,64f5d269392eb9ae3794488a8bf26a7e16cd78207950f5d8602e16cfc182cf3f,e5c5a5f4edbe538ed553356eea0eba7f7b6a7514fc513695b813aa8c58651ec7,0.4426867663860321,NORMAL,STANDARDIZED,,resampled from 22050 to 44100,
harmonium_001057.wav,767.wav,harmonium,Harmonium,Harmonium\767.wav,22050,44100,1,1,3.0,3.0,66150,132300,.wav,132344,749d0209e9a7c03f1f8f0dcd3739cba8ce26283ce570b553067c5629aa8c6102,b8a638b55b6e7ec6038d13ab3086a341b7f35c4f8fb9cba1d3fcc92e404f82fb,0.3748357594013214,NORMAL,STANDARDIZED,,resampled from 22050 to 44100,
harmonium_001058.wav,768.wav,harmonium,Harmonium,Harmonium\768.wav,22050,44100,1,1,3.0,3.0,66150,132300,.wav,132344,4309184f95546815ea0c3d98300ee85d2cfcbfb7b8285d41fe8921e31bfe8e1a,e489c7653a2840d6561c70b2cdcf351b01cb3eefd3c63efc544378f93d5c1297,0.4564220607280731,NORMAL,STANDARDIZED,,resampled from 22050 to 44100,
harmonium_001059.wav,769.wav,harmonium,Harmonium,Harmonium\769.wav,22050,44100,1,1,3.0,3.0,66150,132300,.wav,132344,a61d308172b89a77bff2f1042cc4823b4ac3a2a1c500c57423ce8355a1ddaf91,685392eed1af5ca0cfcfb64b42023d10ae7a4b8239ec257c9ec5b3df03c2d054,0.3991381525993347,NORMAL,STANDARDIZED,,resampled from 22050 to 44100,
harmonium_001060.wav,77.wav,harmonium,Harmonium,Harmonium\77.wav,22050,44100,1,1,3.0,3.0,66150,132300,.wav,132344,63740e7944577c7531570f9935d66e4a5b9d570fae7fca4c14432edc2962c1df,0892e4e1786b050c32162c5f521a7084708ba59f27710568f98eb20f611ef30b,0.37820395827293396,NORMAL,STANDARDIZED,,resampled from 22050 to 44100,
harmonium_001061.wav,770.wav,harmonium,Harmonium,Harmonium\770.wav,22050,44100,1,1,3.0,3.0,66150,132300,.wav,132344,a18fb16ca0f42a76865ebc2e37dbe722b145d30f8b28ec7945fdfc8d6528bad8,6faf36435909398046a0a6cfa0076b4c495899c636acb67610b9997ec1cd765a,0.414964497089386,NORMAL,STANDARDIZED,,resampled from 22050 to 44100,
harmonium_001062.wav,771.wav,harmonium,Harmonium,Harmonium\771.wav,22050,44100,1,1,3.0,3.0,66150,132300,.wav,132344,c0c53db31a2ffc683d300199d2ab3676a7c415ebdb9fd9584bea6cfa9027a3c3,a6c596ad85adbaa99aeda1846e44085e1c5314ead9f04559adef380c7a0b6a2f,0.38123619556427,NORMAL,STANDARDIZED,,resampled from 22050 to 44100,
harmonium_001063.wav,772.wav,harmonium,Harmonium,Harmonium\772.wav,22050,44100,1,1,3.0,3.0,66150,132300,.wav,132344,2de26c04462721c2c9ddeb86ebd32f70b31f78456b9e9ab2a368b4eceb1df515,04ba4c0e1d2127b6c7b7941891c7dbb94c274634fe0b2c565e855cf9dc0e012d,0.42043596506118774,NORMAL,STANDARDIZED,,resampled from 22050 to 44100,
harmonium_001064.wav,773.wav,harmonium,Harmonium,Harmonium\773.wav,22050,44100,1,1,3.0,3.0,66150,132300,.wav,132344,2246f6a9ea72b460a9c03262a24746d79ab24d9c1a843b615ff06308eb7e2f24,393c344aa60de649c60b4adc76c12b63d8d82fff177c54d9f838fda0bed393f7,0.4677712619304657,NORMAL,STANDARDIZED,,resampled from 22050 to 44100,
harmonium_001065.wav,774.wav,harmonium,Harmonium,Harmonium\774.wav,22050,44100,1,1,3.0,3.0,66150,132300,.wav,132344,2f45e8fb5da71f4de7af8c92953ee4234fb75b863845c21ec93343a8f53b3cca,f563a68bd7d5945a7ca8b61841c4366b613609ef9e7fa5babd075dbffdbb2b68,0.43732526898384094,NORMAL,STANDARDIZED,,resampled from 22050 to 44100,
harmonium_001066.wav,775.wav,harmonium,Harmonium,Harmonium\775.wav,22050,44100,1,1,3.0,3.0,66150,132300,.wav,132344,db035571b93cb2951f21affbd2e0ddcbc8a1d75be05cbf177fe95038c09d35d7,c1a87ed4dc97c3722fd2d11b2016c73207a09c4105b8570c71d09e2dfa6cf056,0.3683381676673889,NORMAL,STANDARDIZED,,resampled from 22050 to 44100,
harmonium_001067.wav,776.wav,harmonium,Harmonium,Harmonium\776.wav,22050,44100,1,1,3.0,3.0,66150,132300,.wav,132344,82cbf89f47aa4e4608ef8d3fc6a5412880ca21e072124f1e06d6b7b92a5513b1,b9703b021def11b5df3de0d852606cdcfb205f4d388f7eccf6db9b8e08a1018a,0.44348055124282837,NORMAL,STANDARDIZED,,resampled from 22050 to 44100,
harmonium_001068.wav,777.wav,harmonium,Harmonium,Harmonium\777.wav,22050,44100,1,1,3.0,3.0,66150,132300,.wav,132344,9ac335456826a8796a37452458d36340d6462d97cf65464a83111052fb1697b0,2888ffc9e06d4c070af38f0172e3e031c1e182d997baa6ea12c95b75c4a07f76,0.39566126465797424,NORMAL,STANDARDIZED,,resampled from 22050 to 44100,
harmonium_001069.wav,778.wav,harmonium,Harmonium,Harmonium\778.wav,22050,44100,1,1,3.0,3.0,66150,132300,.wav,132344,77469461d5166574ebf255e4ab2a84257c46e8b56df6ebe57790c1d99f409564,1bca91c81e11860120133c7abfd48e0a97597c022452e9fe814733d7b1f5832f,0.41028693318367004,NORMAL,STANDARDIZED,,resampled from 22050 to 44100,
harmonium_001070.wav,779.wav,harmonium,Harmonium,Harmonium\779.wav,22050,44100,1,1,3.0,3.0,66150,132300,.wav,132344,86b26630f54bd5a5549e7e30b72182b62fcb739cd5d7f4060b33235f20fe4112,fa09efc6bdbc252062bdde189ae667a058c36ffb33c96770b686d59237b819a8,0.38019219040870667,NORMAL,STANDARDIZED,,resampled from 22050 to 44100,
harmonium_001071.wav,78.wav,harmonium,Harmonium,Harmonium\78.wav,22050,44100,1,1,3.0,3.0,66150,132300,.wav,132344,9a815507ded38ad3221b7daa75dfb1a393a3d682a706d52e68b06709cb00b347,dc08b3f5dc9774d44bf8b20e3b49191ccf2a300ac13549266fa351dc0a8e022e,0.433719277381897,NORMAL,STANDARDIZED,,resampled from 22050 to 44100,
harmonium_001072.wav,780.wav,harmonium,Harmonium,Harmonium\780.wav,22050,44100,1,1,3.0,3.0,66150,132300,.wav,132344,331175ee94d26116132ed725fc1657e54ec2c233f6e9fc77d0a09b19f98e1be8,03106988f61441b202c910c746265f00dfa283524cd90d8194f9be61dfc5cfb0,0.4214772582054138,NORMAL,STANDARDIZED,,resampled from 22050 to 44100,
harmonium_001073.wav,781.wav,harmonium,Harmonium,Harmonium\781.wav,22050,44100,1,1,3.0,3.0,66150,132300,.wav,132344,88ed2c4b8b4b141e2388acc4f084fbec25f366c3533a39a6169c746e8f9cef79,9e604ee8bdd4929ebac998e651dbf35f6fa45bca419950c91adff58b2a28e243,0.46815210580825806,NORMAL,STANDARDIZED,,resampled from 22050 to 44100,
harmonium_001074.wav,782.wav,harmonium,Harmonium,Harmonium\782.wav,22050,44100,1,1,3.0,3.0,66150,132300,.wav,132344,02a3b9edad1a7544c60399063a9e802dc3f01cce91c87694b702ba740f12dbd8,dea25eb4ddfa01c7ef4d1811c92410a697d116718a605bf8353c4891c4a7740d,0.43875762820243835,NORMAL,STANDARDIZED,,resampled from 22050 to 44100,
harmonium_001075.wav,783.wav,harmonium,Harmonium,Harmonium\783.wav,22050,44100,1,1,3.0,3.0,66150,132300,.wav,132344,828c4cfa921d974f5724d8622de75f77a441548375bf04e04f8ad102e4605c29,a4d4926675526f927e0ab37f37dd2f5bf957bcac0eb03acf92e6495ba9bdfa9e,0.36683812737464905,NORMAL,STANDARDIZED,,resampled from 22050 to 44100,
harmonium_001076.wav,784.wav,harmonium,Harmonium,Harmonium\784.wav,22050,44100,1,1,3.0,3.0,66150,132300,.wav,132344,278b9dd0845864ca7c98fb4fd323507cc4ea5b0bc5e8a6ff03be9974b287c3e3,06097207866e945adb2faba1e9d0dc58e807cd216bd200af330b92363a41f8ac,0.4468019902706146,NORMAL,STANDARDIZED,,resampled from 22050 to 44100,
harmonium_001077.wav,785.wav,harmonium,Harmonium,Harmonium\785.wav,22050,44100,1,1,3.0,3.0,66150,132300,.wav,132344,07485d67d836d2372afa3792941196d41221a47528f542e4a7d19b2f84de2d70,bdf91e38f5e81f38db2bdf250301cd8cae9c695a7fa052165229eb3aaad48319,0.3979383409023285,NORMAL,STANDARDIZED,,resampled from 22050 to 44100,
harmonium_001078.wav,786.wav,harmonium,Harmonium,Harmonium\786.wav,22050,44100,1,1,3.0,3.0,66150,132300,.wav,132344,b5b4037ec7e669b97715278f02beff594935ebb4b037cc555fc33c7e5519fc32,530cf3b7d4f7ac19ad981274ae32cb50b71b8fcfa6008db781e2cfd220ca7e7b,0.41968944668769836,NORMAL,STANDARDIZED,,resampled from 22050 to 44100,
harmonium_001079.wav,787.wav,harmonium,Harmonium,Harmonium\787.wav,22050,44100,1,1,3.0,3.0,66150,132300,.wav,132344,f9c6785088da33c0c69ebbc0a04c30df3f35ab9b82eb47880be8d206dce85320,90c6692c4084cfd98846677fa626fd92472d1676ba27a63762041725dc90b383,0.3715210258960724,NORMAL,STANDARDIZED,,resampled from 22050 to 44100,
harmonium_001080.wav,788.wav,harmonium,Harmonium,Harmonium\788.wav,22050,44100,1,1,3.0,3.0,66150,132300,.wav,132344,ed9163c5aaa38f368fb4743218bf9079e912db5d245b2b2e3f75bc7d41746312,a1e5e0e952b3b04af66919a7f88e41c0c03da73dc655baa411d1aa2fd027f03e,0.43667206168174744,NORMAL,STANDARDIZED,,resampled from 22050 to 44100,
harmonium_001081.wav,789.wav,harmonium,Harmonium,Harmonium\789.wav,22050,44100,1,1,3.0,3.0,66150,132300,.wav,132344,a24e54c7d118fff966931f4258e434b336911ef49616d0dc6e14541b850bd825,23c8d44ee8b294d5afdb4a63195e77c719888f29c5a7053347d35767cd497389,0.46762996912002563,NORMAL,STANDARDIZED,,resampled from 22050 to 44100,
harmonium_001082.wav,79.wav,harmonium,Harmonium,Harmonium\79.wav,22050,44100,1,1,3.0,3.0,66150,132300,.wav,132344,6261b8a073295e4f8fc56a0820af0de70d73d72b60cc952045b57be5a1689b7f,2a25a6cd097adb2e5304f3d47ec3339d59c286c7775d95cf0ae7add7bc7d55f1,0.3821357190608978,NORMAL,STANDARDIZED,,resampled from 22050 to 44100,
harmonium_001083.wav,790.wav,harmonium,Harmonium,Harmonium\790.wav,22050,44100,1,1,3.0,3.0,66150,132300,.wav,132344,9a4f956c164f5bc71855eb613c6a60fbb8f19e460879d030d2d9fe516622dec3,b808000fdf5abb61e70fef7e7fdca68cdce031b57f3d2a2671215cb22fdd6946,0.44461923837661743,NORMAL,STANDARDIZED,,resampled from 22050 to 44100,
harmonium_001084.wav,791.wav,harmonium,Harmonium,Harmonium\791.wav,22050,44100,1,1,3.0,3.0,66150,132300,.wav,132344,acd31b7e6f0134c855c483ea79b0bfc86757940c8c1e01af154b99e83812ecf5,52691ae872557084067c9291ce1f2112ab4a109c10db5571fe3be329f1261498,0.36913105845451355,NORMAL,STANDARDIZED,,resampled from 22050 to 44100,
harmonium_001085.wav,792.wav,harmonium,Harmonium,Harmonium\792.wav,22050,44100,1,1,3.0,3.0,66150,132300,.wav,132344,f3e14e7a40539a2d217fcbe6038770eb220e3fed3475be6766d7e94a459edb1f,b9a63f5d8f44cb8d11f4cfb59697bf4b372728bdce778e19597a0f842bfe63ee,0.44591662287712097,NORMAL,STANDARDIZED,,resampled from 22050 to 44100,
harmonium_001086.wav,793.wav,harmonium,Harmonium,Harmonium\793.wav,22050,44100,1,1,3.0,3.0,66150,132300,.wav,132344,4cf43247f5c2337eac3c1e472e4f4cf72a90927de73db6a9be885a1438c5ff84,35bdf2bcece30f2655333a9d3ca69b76805c2c9819cbb7d2dea7839eb8f3aad5,0.3975110948085785,NORMAL,STANDARDIZED,,resampled from 22050 to 44100,
harmonium_001087.wav,794.wav,harmonium,Harmonium,Harmonium\794.wav,22050,44100,1,1,3.0,3.0,66150,132300,.wav,132344,d8d8cb46100481deb4a54a4329905a3d53e0749a1aa44c2be24756fb2ac4fd69,73f8577468933c5770fe18b3f0a763d5aceb5d98e31f138850252a1e45625d8d,0.41656574606895447,NORMAL,STANDARDIZED,,resampled from 22050 to 44100,
harmonium_001088.wav,795.wav,harmonium,Harmonium,Harmonium\795.wav,22050,44100,1,1,3.0,3.0,66150,132300,.wav,132344,b53c562d855729fe7c740cf011e7fdf7d999c55eab5091b0b4c0a0ab9454657c,bcb026290f6e4e84a298b12be292637d26a0dac7383ee3271c3f7ea09bcf4ff4,0.37948453426361084,NORMAL,STANDARDIZED,,resampled from 22050 to 44100,
harmonium_001089.wav,796.wav,harmonium,Harmonium,Harmonium\796.wav,22050,44100,1,1,3.0,3.0,66150,132300,.wav,132344,f06a1183e947238c48f10c5c0510b813f45ced7edc23d4d2c910aca0b3179b08,b2f04f4f177d68907531de796fd3aff24c18d3ca1829dcd1c605bb12b54b2431,0.42297104001045227,NORMAL,STANDARDIZED,,resampled from 22050 to 44100,
harmonium_001090.wav,797.wav,harmonium,Harmonium,Harmonium\797.wav,22050,44100,1,1,3.0,3.0,66150,132300,.wav,132344,4056139f92be5ba3181ddaf8cf35d60b39fd51c9da45d2ea12550b1a68cc0ea1,a3305001e640e459491cd470455fbe9dca9bbe0957857633e5b64ed948476fd5,0.4583950638771057,NORMAL,STANDARDIZED,,resampled from 22050 to 44100,
harmonium_001091.wav,798.wav,harmonium,Harmonium,Harmonium\798.wav,22050,44100,1,1,3.0,3.0,66150,132300,.wav,132344,54598f46bed5d0c97ef1b18a3fa7c6dd30798b8dd58cb11f1235475b75a121e4,464f3e4fcba2a5184378265017dce829bde9c1c3755764266f13d799496c1d84,0.43899649381637573,NORMAL,STANDARDIZED,,resampled from 22050 to 44100,
harmonium_001092.wav,799.wav,harmonium,Harmonium,Harmonium\799.wav,22050,44100,1,1,3.0,3.0,66150,132300,.wav,132344,5fb61433f8016b16c916c6f89914c6b841345c6feb7c8ba604144b186746c077,b7d0c0203d911760dbe763001f6a1eff6866fd2b4f397daf2afde7279d7e6a52,0.37445908784866333,NORMAL,STANDARDIZED,,resampled from 22050 to 44100,
harmonium_001093.wav,8.wav,harmonium,Harmonium,Harmonium\8.wav,22050,44100,1,1,3.0,3.0,66150,132300,.wav,132344,470e7aebd673770aa586bfc107c45978671ea01299d7dfe8fbbe6444db702d5d,743ef1dbf84652e317f97d866331c0d10ce70708d87568d6d77d42d966af9731,0.37805190682411194,NORMAL,STANDARDIZED,,resampled from 22050 to 44100,
harmonium_001094.wav,80.wav,harmonium,Harmonium,Harmonium\80.wav,22050,44100,1,1,3.0,3.0,66150,132300,.wav,132344,be14adb67b346bd3553a6f1e9bdb93df59048aa936930ce61097bb801280cce4,327ff64c43d288c1d40d8d4f086348834f53d398454d0b3a1725e7a6b5c2cf44,0.3806649446487427,NORMAL,STANDARDIZED,,resampled from 22050 to 44100,
harmonium_001095.wav,800.wav,harmonium,Harmonium,Harmonium\800.wav,22050,44100,1,1,3.0,3.0,66150,132300,.wav,132344,006f1585ba46f384ec500c8b26d46fd176a807be386e63969464cb5b1138daf5,10c4695d2149471fff59940d646eeeb28c239db8d2d6ba9333fc34c0ce88d878,0.43763187527656555,NORMAL,STANDARDIZED,,resampled from 22050 to 44100,
harmonium_001096.wav,801.wav,harmonium,Harmonium,Harmonium\801.wav,22050,44100,1,1,3.0,3.0,66150,132300,.wav,132344,21aad42cdb3b10c0301f1fc98f484f247e9438d422f9e9ab026f0713eae4edb5,2098e6c190655924e5b3827fe300747394b93f7f6807d82ccd0357b19e8f6da5,0.39765068888664246,NORMAL,STANDARDIZED,,resampled from 22050 to 44100,
harmonium_001097.wav,802.wav,harmonium,Harmonium,Harmonium\802.wav,22050,44100,1,1,3.0,3.0,66150,132300,.wav,132344,722d2d20045c4938db913024be9374bb301cbc706a91e2d5704017819d183529,4f6cbf9ab648dbbe9fbd681a1dbabf1bff1f5c22f83bb8aeb1d943fa2fd312b1,0.41331854462623596,NORMAL,STANDARDIZED,,resampled from 22050 to 44100,
harmonium_001098.wav,803.wav,harmonium,Harmonium,Harmonium\803.wav,22050,44100,1,1,3.0,3.0,66150,132300,.wav,132344,e4a8e043032ea51df8d47b9065e7c7eecf17836534d5a926d9c56b0c512cc93f,0d6e4e15e288a1a24441c8a2b6a2573d7c240e83f4e9c4d3d3e1f19967dc34da,0.3843093812465668,NORMAL,STANDARDIZED,,resampled from 22050 to 44100,
harmonium_001099.wav,804.wav,harmonium,Harmonium,Harmonium\804.wav,22050,44100,1,1,3.0,3.0,66150,132300,.wav,132344,dbdf31ccd788b140a9307b3954a9155306819b699c49a4634a7a8aa2eacb3e1b,e8fe908730772172bf6c965119aa8e7a85482cd04681fee104ec64e40ce5e47b,0.4256226420402527,NORMAL,STANDARDIZED,,resampled from 22050 to 44100,
harmonium_001100.wav,805.wav,harmonium,Harmonium,Harmonium\805.wav,22050,44100,1,1,3.0,3.0,66150,132300,.wav,132344,5e2586c5613c9bd0b3d5483e711a11bf89c6ef94dfa71b963981b0f90ffce058,a52df772a8721c33af797d04d023615fa46a631c6586afee292b20a099621585,0.47071486711502075,NORMAL,STANDARDIZED,,resampled from 22050 to 44100,
harmonium_001101.wav,806.wav,harmonium,Harmonium,Harmonium\806.wav,22050,44100,1,1,3.0,3.0,66150,132300,.wav,132344,c3117c407c1b5559916f8d2e7cbdcc92ff63e8e177e6d368f909547304519834,d7aa5aab0cf1740a35f3d1f45da70e1e3ad6e106baaeef72869e24642b7303d8,0.4394441545009613,NORMAL,STANDARDIZED,,resampled from 22050 to 44100,
harmonium_001102.wav,807.wav,harmonium,Harmonium,Harmonium\807.wav,22050,44100,1,1,3.0,3.0,66150,132300,.wav,132344,861e144142950509c65ab1b47780a9abc921141e8025007c0c9037d40ff9fe9f,f1eb2359647cf27d6f28a2db3cc4880577a3593b74b748e84b1c4273f8872f9f,0.3773544132709503,NORMAL,STANDARDIZED,,resampled from 22050 to 44100,
harmonium_001103.wav,808.wav,harmonium,Harmonium,Harmonium\808.wav,22050,44100,1,1,3.0,3.0,66150,132300,.wav,132344,fbac2e71e8e7733d91c7200e17ae31df02a8550fb79fdfe9bb24d62ef286bc72,328d552fb169460a61f05f41e4dff9f211c96e8775feb3c773a0d7c9ca212334,0.4636967182159424,NORMAL,STANDARDIZED,,resampled from 22050 to 44100,
harmonium_001104.wav,809.wav,harmonium,Harmonium,Harmonium\809.wav,22050,44100,1,1,3.0,3.0,66150,132300,.wav,132344,7bd68b35ef0ecbe1b22b531c4fc0ea7fe0dfb1f149c8619efe5904c9d982c377,cb9211343f72d031dc85f491d2abb51095038eb2353af3cf4ef00693ccf96692,0.40003502368927,NORMAL,STANDARDIZED,,resampled from 22050 to 44100,
harmonium_001105.wav,81.wav,harmonium,Harmonium,Harmonium\81.wav,22050,44100,1,1,3.0,3.0,66150,132300,.wav,132344,08e58b10865a21e406daad059f58ef51974a1f19c1598d022c26c7a8894f8f11,973b84ddfac0c57d9a6d6c108b3510873f6750debf24356acf202e1999d58542,0.3827749490737915,NORMAL,STANDARDIZED,,resampled from 22050 to 44100,
harmonium_001106.wav,810.wav,harmonium,Harmonium,Harmonium\810.wav,22050,44100,1,1,3.0,3.0,66150,132300,.wav,132344,116fad08127c5fcbaea07ef53669fb12d50d422c682a951f928d671318dc010f,1689c40bbeac1dc79043981ece9dd01f054d4c776126b37211eda6bc42cd5f04,0.42334040999412537,NORMAL,STANDARDIZED,,resampled from 22050 to 44100,
harmonium_001107.wav,811.wav,harmonium,Harmonium,Harmonium\811.wav,22050,44100,1,1,3.0,3.0,66150,132300,.wav,132344,eea500cee290401dd17859869edb23001cadca4d52b2554bf78f92fc48644602,7dd045eb15ebd643ff6b8364fb1fadcc3b494befd099094c7708c75af1c6b147,0.3813367784023285,NORMAL,STANDARDIZED,,resampled from 22050 to 44100,
harmonium_001108.wav,812.wav,harmonium,Harmonium,Harmonium\812.wav,22050,44100,1,1,3.0,3.0,66150,132300,.wav,132344,1749590116b3218de69aa487be344cc8b5ccd268a65c6dc47a2c55b1490a05ba,7eef56f7fa2a25ca881f8193c65f01284bb83815123e89250b849c316d1e07ff,0.42812538146972656,NORMAL,STANDARDIZED,,resampled from 22050 to 44100,
harmonium_001109.wav,813.wav,harmonium,Harmonium,Harmonium\813.wav,22050,44100,1,1,3.0,3.0,66150,132300,.wav,132344,1906f7f8281f97b8ee5e06d081575089c15b8d0e9324383ec6081351eeefa547,de6ad4bd3b382fbee5535ddc46b843267536248614f600c27629a2601885f30c,0.46359366178512573,NORMAL,STANDARDIZED,,resampled from 22050 to 44100,
harmonium_001110.wav,814.wav,harmonium,Harmonium,Harmonium\814.wav,22050,44100,1,1,3.0,3.0,66150,132300,.wav,132344,afe35ae2725852934480a4764cd2055c6e34c444014ce76f008d22b5808d78df,5de7845d0df5a676e547534d94ece41b1cdd2b5f5f82b16df558509c0ffb2f6e,0.4373250901699066,NORMAL,STANDARDIZED,,resampled from 22050 to 44100,
harmonium_001111.wav,815.wav,harmonium,Harmonium,Harmonium\815.wav,22050,44100,1,1,3.0,3.0,66150,132300,.wav,132344,fe91f66da3e623932ea40ab9e45669218cee8db64dc6706e6acc576c19c24962,d1599eabc78d87a5f5d1c01641e21028ba179a3f1f5fae8d24710f246fae7049,0.36935243010520935,NORMAL,STANDARDIZED,,resampled from 22050 to 44100,
harmonium_001112.wav,816.wav,harmonium,Harmonium,Harmonium\816.wav,22050,44100,1,1,3.0,3.0,66150,132300,.wav,132344,7c5e83203df2806e99c4bcd7787e3cd8348e3061ccfcbf28ad81eca2973d579e,4ca3f47440c282e22c0de2e57c3ae7499ada10dc66bc32d14e98cd76147f289c,0.4436180293560028,NORMAL,STANDARDIZED,,resampled from 22050 to 44100,
harmonium_001113.wav,817.wav,harmonium,Harmonium,Harmonium\817.wav,22050,44100,1,1,3.0,3.0,66150,132300,.wav,132344,5f728d932ab42a39a6a7f5ca7d71780a5dbb22e214622e3dde2f1f7243c8b87e,aca6ca6a250d98612ffc5ac79b4d9318a9767db1a235584a558ab6d7663c85b1,0.3966797888278961,NORMAL,STANDARDIZED,,resampled from 22050 to 44100,
harmonium_001114.wav,818.wav,harmonium,Harmonium,Harmonium\818.wav,22050,44100,1,1,3.0,3.0,66150,132300,.wav,132344,1e6640a7842d7344b39f54bfb4f6b2215dc07a4fd447d6b566be1484c3960106,68828b8bd5f375a0ab14d2c05ea118531438a578314f0a2ca1fed41ec46ffc7b,0.4210171401500702,NORMAL,STANDARDIZED,,resampled from 22050 to 44100,
harmonium_001115.wav,819.wav,harmonium,Harmonium,Harmonium\819.wav,22050,44100,1,1,3.0,3.0,66150,132300,.wav,132344,16a21f243fef90a7354bacf72eded58bcae2bf1d79480bcd3802cc3498974b94,2592494e2b132a09840c2586317e8ada5c24e12c942fb6646489ec983741958b,0.37977248430252075,NORMAL,STANDARDIZED,,resampled from 22050 to 44100,
harmonium_001116.wav,82.wav,harmonium,Harmonium,Harmonium\82.wav,22050,44100,1,1,3.0,3.0,66150,132300,.wav,132344,5e90cc25a68262f4f6f79a03f1b3f8417267b5d380367ca3a9e9c81353871c7f,f1b9b759f16a6592206774d2ce06f6255eff366f8bddce141cb6ca5ee9bd71b5,0.4286300837993622,NORMAL,STANDARDIZED,,resampled from 22050 to 44100,
harmonium_001117.wav,820.wav,harmonium,Harmonium,Harmonium\820.wav,22050,44100,1,1,3.0,3.0,66150,132300,.wav,132344,2126f4c2fdf3e6f4a2de58f95254c5deffab2ea68114276f9e074a0e16d6a888,7ea34b295299efd96865c64df56ad94acb9461daf22d4d6613e24622c6cd0df1,0.4257254898548126,NORMAL,STANDARDIZED,,resampled from 22050 to 44100,
harmonium_001118.wav,821.wav,harmonium,Harmonium,Harmonium\821.wav,22050,44100,1,1,3.0,3.0,66150,132300,.wav,132344,85eeb46c2c47933392c2e8a0cb2267cfecb1455a94122a559766e599110f0378,fd25b496abb89252771bd72aeddd4486ee25a3bb40f034b4cd15fd00659522ef,0.4672018885612488,NORMAL,STANDARDIZED,,resampled from 22050 to 44100,
harmonium_001119.wav,822.wav,harmonium,Harmonium,Harmonium\822.wav,22050,44100,1,1,3.0,3.0,66150,132300,.wav,132344,cd8383997846153c931902f0dc22e916dba75a3eb164ae6ee5aae49dd7c75c80,64df200565700b5bd805793551754138031f841bde723f7a97a50fa14dc17e0e,0.43622422218322754,NORMAL,STANDARDIZED,,resampled from 22050 to 44100,
harmonium_001120.wav,823.wav,harmonium,Harmonium,Harmonium\823.wav,22050,44100,1,1,3.0,3.0,66150,132300,.wav,132344,1c235c7476bd9c0980287ba564fa5c2902c72e0d018aaecea17c6899be22d9f7,c24150fb3927ff9a723302f05c3eebf539985faad79252294ebcee2006b6c5c3,0.36544543504714966,NORMAL,STANDARDIZED,,resampled from 22050 to 44100,
harmonium_001121.wav,824.wav,harmonium,Harmonium,Harmonium\824.wav,22050,44100,1,1,3.0,3.0,66150,132300,.wav,132344,26ba0887806274596383ceedc0362d7c5715fd34abbe02921a8f0e08c17e3dc4,20e3b7cc6679875d1a659491c96c38987eb7008515c1da98cb24e34d10052250,0.44141241908073425,NORMAL,STANDARDIZED,,resampled from 22050 to 44100,
harmonium_001122.wav,825.wav,harmonium,Harmonium,Harmonium\825.wav,22050,44100,1,1,3.0,3.0,66150,132300,.wav,132344,c722019eaf389abbe2f491a81a3e6da336824fa4f345ea3ac5d46eded605e65b,2cab7317e6b66fcfea48fc301e99d566937b5cf78bffd6ae95cb5e01a00a47f8,0.40178874135017395,NORMAL,STANDARDIZED,,resampled from 22050 to 44100,
harmonium_001123.wav,826.wav,harmonium,Harmonium,Harmonium\826.wav,22050,44100,1,1,3.0,3.0,66150,132300,.wav,132344,7522426c830c0102f199dda364f3a95ab05ff7aebd52ce42c083e9873e1dd428,ae139976636ff29b8de981afe9ee73bb484d5c6816834b97fe5efa4db16f60b6,0.41792652010917664,NORMAL,STANDARDIZED,,resampled from 22050 to 44100,
harmonium_001124.wav,827.wav,harmonium,Harmonium,Harmonium\827.wav,22050,44100,1,1,3.0,3.0,66150,132300,.wav,132344,89c8ef9169bcfecce544ed90435e13b742020b37aba64b4ccf25b477956c156a,1205e21d4119f3388e5edc02aca16e4044add40f2ac613f2e08e05cc8335e323,0.3746689260005951,NORMAL,STANDARDIZED,,resampled from 22050 to 44100,
harmonium_001125.wav,828.wav,harmonium,Harmonium,Harmonium\828.wav,22050,44100,1,1,3.0,3.0,66150,132300,.wav,132344,11f5c7ec0a6e49d3dd69062570111f9fc5af2198f7c8a580bbca14c0c2fbaf55,06353f8212a8aab8433d3166ba25bf14f9e70fac9a2bfbb2cada7a8bcd1a9644,0.4393039345741272,NORMAL,STANDARDIZED,,resampled from 22050 to 44100,
harmonium_001126.wav,829.wav,harmonium,Harmonium,Harmonium\829.wav,22050,44100,1,1,3.0,3.0,66150,132300,.wav,132344,d5c2659affc40c50542e7dbf9b83cbb1e2f7c12ae7c90ba81a452755edea8077,a0609c2e6acff8f1e3754b9305eb79db2d06449dc3903e970da60ed52d767864,0.4670736491680145,NORMAL,STANDARDIZED,,resampled from 22050 to 44100,
harmonium_001127.wav,83.wav,harmonium,Harmonium,Harmonium\83.wav,22050,44100,1,1,3.0,3.0,66150,132300,.wav,132344,169675626887b61d6d4e4153d943eb7cf5d86711e83d920cb3aa76e9145ba812,93a8fd88f300bda638336d8bd980609eeb0cea1ffa7a79f10de6c606ac0b3fbd,0.3840706944465637,NORMAL,STANDARDIZED,,resampled from 22050 to 44100,
harmonium_001128.wav,830.wav,harmonium,Harmonium,Harmonium\830.wav,22050,44100,1,1,3.0,3.0,66150,132300,.wav,132344,12695f8edcab6ff99f3f28dd5482ce00e1c72234691f45fa5207265d085b717f,75ccb2b144eeec813c8c9df4ee8231d452a971666a10aaf80c353f9eee3c5469,0.43724384903907776,NORMAL,STANDARDIZED,,resampled from 22050 to 44100,
harmonium_001129.wav,831.wav,harmonium,Harmonium,Harmonium\831.wav,22050,44100,1,1,3.0,3.0,66150,132300,.wav,132344,ae01e820eaaa0a0832d699b48e51378f3bcd58d11124439a202a50e883022ac0,ef02658f326ef28852b1b74f6602f3e49168839ae87db09f6bf65c4f20cfbc95,0.3694528639316559,NORMAL,STANDARDIZED,,resampled from 22050 to 44100,
harmonium_001130.wav,832.wav,harmonium,Harmonium,Harmonium\832.wav,22050,44100,1,1,3.0,3.0,66150,132300,.wav,132344,f25a1aa6cc10347f250d7e5eb5b8b67317e19d68662042c251f20b2c3f57001e,54e2cedfe479c1b8f6fa9eb33cd4bfa9acef31fabe45d9dc3166da3aec70c5a0,0.44243401288986206,NORMAL,STANDARDIZED,,resampled from 22050 to 44100,
harmonium_001131.wav,833.wav,harmonium,Harmonium,Harmonium\833.wav,22050,44100,1,1,3.0,3.0,66150,132300,.wav,132344,1b9968990cea7c800123a39742dd40a426f221181eced23aac3ff9b037c974af,dbc257453aa725420d2cf83c421f2cf011197d54fb0a27534e0df49ce7647023,0.39963987469673157,NORMAL,STANDARDIZED,,resampled from 22050 to 44100,
harmonium_001132.wav,834.wav,harmonium,Harmonium,Harmonium\834.wav,22050,44100,1,1,3.0,3.0,66150,132300,.wav,132344,88fbfa4e8e7f0c510693a5e038faef5c21ae1af47a2c3b037563b00112fa4be5,d8890a0483fcd8b77c7695f19fab84a0c06b232e3dba815dbefedc207c5f5057,0.41554227471351624,NORMAL,STANDARDIZED,,resampled from 22050 to 44100,
harmonium_001133.wav,835.wav,harmonium,Harmonium,Harmonium\835.wav,22050,44100,1,1,3.0,3.0,66150,132300,.wav,132344,a605e8762acbd1b369311c4cdf8b32618ed88e259123c2cefecd64edde5bf492,68118583f0e255d8d11a9cff412f2614cc96e1d370ba6f409151240156e63cbf,0.38405829668045044,NORMAL,STANDARDIZED,,resampled from 22050 to 44100,
harmonium_001134.wav,836.wav,harmonium,Harmonium,Harmonium\836.wav,22050,44100,1,1,3.0,3.0,66150,132300,.wav,132344,c66151044d1025979969fd9e1606a59e825d044fa10f0a3d527ef201001145a4,57aafcdaf9a746d92ef2f84d3cad24943a8cd51ca3e7797c11b05739e6e332fc,0.4246240556240082,NORMAL,STANDARDIZED,,resampled from 22050 to 44100,
harmonium_001135.wav,837.wav,harmonium,Harmonium,Harmonium\837.wav,22050,44100,1,1,3.0,3.0,66150,132300,.wav,132344,029990d821babbe3974f222799bd7c2a7aba2c100b732e9d231c2f22f54517f9,d4fb64a1c523fcc0e988408337cf60954415ce76425e0c295013b9751433a466,0.46309366822242737,NORMAL,STANDARDIZED,,resampled from 22050 to 44100,
harmonium_001136.wav,838.wav,harmonium,Harmonium,Harmonium\838.wav,22050,44100,1,1,3.0,3.0,66150,132300,.wav,132344,f6e9b54158eb702794db716bf7e1008023fe27dfbb2424e816bfb0e2dd4c3713,58f7d215d9cc5011e81b554e91dba53941f0c2c736d692079ed98c4f1fdb6ebb,0.4423617124557495,NORMAL,STANDARDIZED,,resampled from 22050 to 44100,
harmonium_001137.wav,839.wav,harmonium,Harmonium,Harmonium\839.wav,22050,44100,1,1,3.0,3.0,66150,132300,.wav,132344,40c2a2abf30f02dca69c6baa146aa92730f44b7d3c55ee1c960cfb0634def6aa,7015dbea3b2ea64fa05c2ee3702d5fc8b612787ae791b228a8efd7dddd65eceb,0.37165674567222595,NORMAL,STANDARDIZED,,resampled from 22050 to 44100,
harmonium_001138.wav,84.wav,harmonium,Harmonium,Harmonium\84.wav,22050,44100,1,1,3.0,3.0,66150,132300,.wav,132344,44998f6a19a7e42cf9392526df3b83fc9dea22df8988ff8d405f88207a934fe9,36f8e4a258c9f245c31dcc85e12cc84054fd275d50f4e8da4506a5732980b2fc,0.37798434495925903,NORMAL,STANDARDIZED,,resampled from 22050 to 44100,
harmonium_001139.wav,840.wav,harmonium,Harmonium,Harmonium\840.wav,22050,44100,1,1,3.0,3.0,66150,132300,.wav,132344,5a8e570bcec91f480f70ce52e5d6f34e5fc772be186749b6a2e096e9e1aa240b,6db0bb36aacd47b6df3eec5af1c40e1dd4ef1fa6d1b7bbb2e9c0f86f8d4b4e4e,0.44733092188835144,NORMAL,STANDARDIZED,,resampled from 22050 to 44100,
harmonium_001140.wav,841.wav,harmonium,Harmonium,Harmonium\841.wav,22050,44100,1,1,3.0,3.0,66150,132300,.wav,132344,8af845f38f73ac08d68b3260a0fd092eb9f3f91ed6fc41d60e52955e6206768a,99507797a5dd2fc34c3bcb711affc7023068cfac40e74b2028e2fa4d84f4de1e,0.39550620317459106,NORMAL,STANDARDIZED,,resampled from 22050 to 44100,
harmonium_001141.wav,842.wav,harmonium,Harmonium,Harmonium\842.wav,22050,44100,1,1,3.0,3.0,66150,132300,.wav,132344,78e57fdccee95cca85a8ccdcdcba54c5e7950e11f1184f3df304c4d6465baaae,69b51a39c0b8934f4d3300d46abfb6198cafd1452fb316c72244801a2242779d,0.41362908482551575,NORMAL,STANDARDIZED,,resampled from 22050 to 44100,
harmonium_001142.wav,843.wav,harmonium,Harmonium,Harmonium\843.wav,22050,44100,1,1,3.0,3.0,66150,132300,.wav,132344,6aa616f860c854e31fc251d432828f63ee968490375ff42cc910763afd6326b0,a431666a458cd7e8d64d4186723733eb7cde1a1b986be14dbcaff595d03175ce,0.3813387155532837,NORMAL,STANDARDIZED,,resampled from 22050 to 44100,
harmonium_001143.wav,844.wav,harmonium,Harmonium,Harmonium\844.wav,22050,44100,1,1,3.0,3.0,66150,132300,.wav,132344,be69e91130251560408a963727e916d9971c1fc4dedff2a5c8ce514930a46732,225894af23d74b6cf5329b27824bc80f2ca7fd22f9c75b258fd2c076aabf4178,0.42600691318511963,NORMAL,STANDARDIZED,,resampled from 22050 to 44100,
harmonium_001144.wav,845.wav,harmonium,Harmonium,Harmonium\845.wav,22050,44100,1,1,3.0,3.0,66150,132300,.wav,132344,74fb826c02bb6f7aaf850ed82cf20850cd19e4bf577a779e4a215cc1ac79bdc8,780d45252bbf5be4e0bfed52f2541afcbd87be4636ca73fae1c48401e1dbe1e1,0.4582490026950836,NORMAL,STANDARDIZED,,resampled from 22050 to 44100,
harmonium_001145.wav,846.wav,harmonium,Harmonium,Harmonium\846.wav,22050,44100,1,1,3.0,3.0,66150,132300,.wav,132344,85da5db17827df678e93b44bf7d70d295323886eae233c100fed0891135f09b4,9f4515a627df6d1d466973b9afd562532b2ad4e48658f1233e59c35988997ac7,0.44462981820106506,NORMAL,STANDARDIZED,,resampled from 22050 to 44100,
harmonium_001146.wav,847.wav,harmonium,Harmonium,Harmonium\847.wav,22050,44100,1,1,3.0,3.0,66150,132300,.wav,132344,4edb6fa6c3fc8ce8eec8c4f95fd6aa4f80188d13bd884a4656d6fc27b73f9de2,b3ab4210431aa5df906e638192acb63529621fc5bdc95e018c5b07d882e9dc2c,0.37251031398773193,NORMAL,STANDARDIZED,,resampled from 22050 to 44100,
harmonium_001147.wav,848.wav,harmonium,Harmonium,Harmonium\848.wav,22050,44100,1,1,3.0,3.0,66150,132300,.wav,132344,c6535677801eddc2e6c86339e6f96207d7c7b97f2d3ab58d5832749d803a96fc,9b4423b5f265396d9ef8c31b2de260f9911724287f18e2dcd351dba5e87639ab,0.46536892652511597,NORMAL,STANDARDIZED,,resampled from 22050 to 44100,
harmonium_001148.wav,849.wav,harmonium,Harmonium,Harmonium\849.wav,22050,44100,1,1,3.0,3.0,66150,132300,.wav,132344,47e6a961704edb7db4a9a9f0dcf84e265391e53ee0c9ab3b6ebe46ff6f040973,f920f313fb64c177b898edca11ce91118d1e441412e443bc8dc831f460810275,0.39787185192108154,NORMAL,STANDARDIZED,,resampled from 22050 to 44100,
harmonium_001149.wav,85.wav,harmonium,Harmonium,Harmonium\85.wav,22050,44100,1,1,3.0,3.0,66150,132300,.wav,132344,af81b253bb64097b1f1bf0aef4d17712835053fe86b311c4001a09afb94489e1,e55b35f6b4882eb8f6c5ad2010f152a1989550b2c96d196b4d86aabc348b76c3,0.38176611065864563,NORMAL,STANDARDIZED,,resampled from 22050 to 44100,
harmonium_001150.wav,850.wav,harmonium,Harmonium,Harmonium\850.wav,22050,44100,1,1,3.0,3.0,66150,132300,.wav,132344,19d44d751bfa20d0e972898de84d1295cbfbe2b09d1205adde18cc868891cd14,ad5fbc3bd35f17e319343dabe2026463835c3103d703d32c363c05296392f683,0.41684359312057495,NORMAL,STANDARDIZED,,resampled from 22050 to 44100,
harmonium_001151.wav,851.wav,harmonium,Harmonium,Harmonium\851.wav,22050,44100,1,1,3.0,3.0,66150,132300,.wav,132344,ec4573753476a1bb09692b21500c494e9155a6a9f52bb650b1103e0083b82142,34c292b857f61b4f8772c7f6ab486f0e67838ff7aa74e73bfc9fbb60b1438d1c,0.37834495306015015,NORMAL,STANDARDIZED,,resampled from 22050 to 44100,
harmonium_001152.wav,852.wav,harmonium,Harmonium,Harmonium\852.wav,22050,44100,1,1,3.0,3.0,66150,132300,.wav,132344,d506e09b64b844787da4079df284d42deac3eb65fb196069898449c9b2541e71,798d16fff8823c5454e7ccdb8ec6fd584ab969ee377a4df2be7844cdeb2fc2b8,0.4248298406600952,NORMAL,STANDARDIZED,,resampled from 22050 to 44100,
harmonium_001153.wav,853.wav,harmonium,Harmonium,Harmonium\853.wav,22050,44100,1,1,3.0,3.0,66150,132300,.wav,132344,63b8e4421c423e6571770c7b04dda17461f191a64238e5c755272488beb95cb2,96b0ffad15e7906b1f96fd046c0702214b22e4704b7d0c9eb58d095f8cd970aa,0.46521151065826416,NORMAL,STANDARDIZED,,resampled from 22050 to 44100,
harmonium_001154.wav,854.wav,harmonium,Harmonium,Harmonium\854.wav,22050,44100,1,1,3.0,3.0,66150,132300,.wav,132344,44fc411802d98737eccb008d7577165ce69c2ed29bdb53249d46ded06b736e29,2afdfeadebbf9e624a4b489826e508545c48224a3caf8a5855804374c10424bc,0.44103819131851196,NORMAL,STANDARDIZED,,resampled from 22050 to 44100,
harmonium_001155.wav,855.wav,harmonium,Harmonium,Harmonium\855.wav,22050,44100,1,1,3.0,3.0,66150,132300,.wav,132344,77d8911c4684c1be4e265397c3dcaf9ac3444c47622a8ccc136f0970d39f3a46,a075015cf35cc856b597732ea8e2baf63f783c1a6d70406b4306a5280215d0b6,0.3794015645980835,NORMAL,STANDARDIZED,,resampled from 22050 to 44100,
harmonium_001156.wav,856.wav,harmonium,Harmonium,Harmonium\856.wav,22050,44100,1,1,3.0,3.0,66150,132300,.wav,132344,48d3037a4b6d465ee39a0ea4624c8693e99a229fa7402bc821170fc7589b1370,af276af689eb77426b501c8202a30e12f33ac4b8ff0944a3766643578e9e0429,0.4418701231479645,NORMAL,STANDARDIZED,,resampled from 22050 to 44100,
harmonium_001157.wav,857.wav,harmonium,Harmonium,Harmonium\857.wav,22050,44100,1,1,3.0,3.0,66150,132300,.wav,132344,62143db1df30134f131aa75c1af1416e49d9db1e0737bba892725766414e4d77,205eefd89fcec9192a77ef284b37ae077c7fce4e9baff302fb8a42dc2ffb657b,0.3958471417427063,NORMAL,STANDARDIZED,,resampled from 22050 to 44100,
harmonium_001158.wav,858.wav,harmonium,Harmonium,Harmonium\858.wav,22050,44100,1,1,3.0,3.0,66150,132300,.wav,132344,a884e113b9e129fcc6566619da342e42b49befbb40f46b7e569c46c89560c967,4c36d034e289b54ab8f2bbff4cae490dfbaa645e3b7f4e0c2c9f4de925ba1b9a,0.416490763425827,NORMAL,STANDARDIZED,,resampled from 22050 to 44100,
harmonium_001159.wav,859.wav,harmonium,Harmonium,Harmonium\859.wav,22050,44100,1,1,3.0,3.0,66150,132300,.wav,132344,40579cf80f28e8a6e80c41f67f7977eca3523cfa60e78dd6a185bf1d836ee64e,26455f7d6ab80e948d894ca7a985e7fecdb2bc48922875fa80e85d61052cd53b,0.3834955394268036,NORMAL,STANDARDIZED,,resampled from 22050 to 44100,
harmonium_001160.wav,86.wav,harmonium,Harmonium,Harmonium\86.wav,22050,44100,1,1,3.0,3.0,66150,132300,.wav,132344,260ab96bb89b2eba53808ce370faaef431cd1aee4a1299227be175cc1e3fdc2f,fcfa985712c3fe6a8c76049cd65a6a4618233d350878e60b0a8427349b268d4c,0.4272267520427704,NORMAL,STANDARDIZED,,resampled from 22050 to 44100,
harmonium_001161.wav,860.wav,harmonium,Harmonium,Harmonium\860.wav,22050,44100,1,1,3.0,3.0,66150,132300,.wav,132344,4d523a0a62cd58bdd8f3b8de507454f75c6d1203a510a89ccf86f5bbcbe9c780,a04088655a4ce3bab511fe494888bd17fd565f23aaa2ac251f6a18211aff641d,0.4274769425392151,NORMAL,STANDARDIZED,,resampled from 22050 to 44100,
harmonium_001162.wav,861.wav,harmonium,Harmonium,Harmonium\861.wav,22050,44100,1,1,3.0,3.0,66150,132300,.wav,132344,1956cf458dd42a332cf3eb04ef1ccf1a78ed16501612f493d904e382883267ac,889620d0cc1f872e4ea9123c8922df0af676056a63a151e7b5dc6c34b5f35716,0.46500495076179504,NORMAL,STANDARDIZED,,resampled from 22050 to 44100,
harmonium_001163.wav,862.wav,harmonium,Harmonium,Harmonium\862.wav,22050,44100,1,1,3.0,3.0,66150,132300,.wav,132344,8c5378dd45c5470c615f9f57068ad4cb1bed360674db7a8506c5e48380479b4a,b64202cb49b20f6c764ce24d499babb888b4aff676e444f2fc972033d4ac806a,0.44089066982269287,NORMAL,STANDARDIZED,,resampled from 22050 to 44100,
harmonium_001164.wav,863.wav,harmonium,Harmonium,Harmonium\863.wav,22050,44100,1,1,3.0,3.0,66150,132300,.wav,132344,03ccc2c19d6f3dfad170afe392c190ecdda19a3126db5e11c3f8bb693c83db05,ef3223e29755428da60695b498cdda72b97974f2ad3fbe5b3a77cb7bb0d1bdf5,0.3727245628833771,NORMAL,STANDARDIZED,,resampled from 22050 to 44100,
harmonium_001165.wav,864.wav,harmonium,Harmonium,Harmonium\864.wav,22050,44100,1,1,3.0,3.0,66150,132300,.wav,132344,f1d5b63323cd18d4e94076d659fdf55382bf17efee4aa9869eeab2152e368aeb,9703a4e19bd558e33fc297bfae078a305754b3b4829170b4f6fbe898af9d5ee2,0.4451565444469452,NORMAL,STANDARDIZED,,resampled from 22050 to 44100,
harmonium_001166.wav,865.wav,harmonium,Harmonium,Harmonium\865.wav,22050,44100,1,1,3.0,3.0,66150,132300,.wav,132344,713a08644c9209e60a746d0a6c1ac95c99e9183929939ad69a0391ad02581592,2207ae8734f80c355c3f995dc416afb51b1c5a2e39ba7d67ab140bd2459a358b,0.39631226658821106,NORMAL,STANDARDIZED,,resampled from 22050 to 44100,
harmonium_001167.wav,866.wav,harmonium,Harmonium,Harmonium\866.wav,22050,44100,1,1,3.0,3.0,66150,132300,.wav,132344,8aa4384ab678ab6e66b2bf997bbd7f98c19039d2e3f694c906277fb5958526a0,3193fd405a0bf9817a80daae997ce123f9e9ab9feed6945cc254b1c5ea2454a5,0.42318448424339294,NORMAL,STANDARDIZED,,resampled from 22050 to 44100,
harmonium_001168.wav,867.wav,harmonium,Harmonium,Harmonium\867.wav,22050,44100,1,1,3.0,3.0,66150,132300,.wav,132344,0036bd5d2e244fcb76a4e7cb4f6f461c19fd8fca8af4e935d7152ef2e443c20a,3c7acd8f713a8c94b1b24656b7eae6e2300dd939b447e6da1a9e53bc4955596c,0.37386462092399597,NORMAL,STANDARDIZED,,resampled from 22050 to 44100,
harmonium_001169.wav,868.wav,harmonium,Harmonium,Harmonium\868.wav,22050,44100,1,1,3.0,3.0,66150,132300,.wav,132344,7788d3d10ad331c772045396b6d446e49947e0f711819d6ee8d57a9be5dded94,128ee7af6bc41ff0d472e0111b240d20e49871de8f98f00073ecd612903c8cd6,0.44030657410621643,NORMAL,STANDARDIZED,,resampled from 22050 to 44100,
harmonium_001170.wav,869.wav,harmonium,Harmonium,Harmonium\869.wav,22050,44100,1,1,3.0,3.0,66150,132300,.wav,132344,546f9a9fcefae8df4e2a3c3a8439c37a124ed96aff5bc95c87c7bb1869f5c869,f301f3bba2b64f767c707de9b662156a60e8b86c12b94b48c5e71cd416d1ee36,0.47248852252960205,NORMAL,STANDARDIZED,,resampled from 22050 to 44100,
harmonium_001171.wav,87.wav,harmonium,Harmonium,Harmonium\87.wav,22050,44100,1,1,3.0,3.0,66150,132300,.wav,132344,1006fdcd18d2e797304fa4f9be4f8a07f86f40dd5071f50de4c20b0ab279da8e,44194ecdac1f13028d1e69d18804094ecded5d39eaaa61d3fc84d5cac38606bc,0.38731735944747925,NORMAL,STANDARDIZED,,resampled from 22050 to 44100,
harmonium_001172.wav,870.wav,harmonium,Harmonium,Harmonium\870.wav,22050,44100,1,1,3.0,3.0,66150,132300,.wav,132344,ba7a3c3797b8f6ed86c3874a648fa9367dc8cb053a5a396cf8334d9c2aeb279b,4506b259c805c2f9bb62c1550301cb918479ebffef3902ccea227ba1d515721a,0.4398740231990814,NORMAL,STANDARDIZED,,resampled from 22050 to 44100,
harmonium_001173.wav,871.wav,harmonium,Harmonium,Harmonium\871.wav,22050,44100,1,1,3.0,3.0,66150,132300,.wav,132344,54f53bfd12573404ee07d74b4bdc908188c62f1f4acef7cb35aee3166442446a,4905671cc927237d58f29a2488b86a0be3b4d9bdc6207fda0cb37afb47c5827b,0.36659175157546997,NORMAL,STANDARDIZED,,resampled from 22050 to 44100,
harmonium_001174.wav,872.wav,harmonium,Harmonium,Harmonium\872.wav,22050,44100,1,1,3.0,3.0,66150,132300,.wav,132344,cefd10982b4a45d90b04290edb82197b02661487321a3b484508aa61e15d7035,2b5c297f741c6de443bdf3d26780090857147f0636bd5308d1aa95fc7f9dad89,0.44672319293022156,NORMAL,STANDARDIZED,,resampled from 22050 to 44100,
harmonium_001175.wav,873.wav,harmonium,Harmonium,Harmonium\873.wav,22050,44100,1,1,3.0,3.0,66150,132300,.wav,132344,fcae18eaa1f2a2ff1619cee947e11062f6f587a5fdeed2d0442d80f5443c27b7,b0044407a14c6b386225726f7c1ec06578e485559a2d413eca334c6bcde35eb4,0.39912721514701843,NORMAL,STANDARDIZED,,resampled from 22050 to 44100,
harmonium_001176.wav,874.wav,harmonium,Harmonium,Harmonium\874.wav,22050,44100,1,1,3.0,3.0,66150,132300,.wav,132344,ad158aec019dcb5bb0fcb1099b3cefcecdd0bccb71709dc7292b55772d018162,2bd9299e786ea6502738a1f01e13b9ff04d69d11f373eced322222089a7c4c1b,0.418305903673172,NORMAL,STANDARDIZED,,resampled from 22050 to 44100,
harmonium_001177.wav,875.wav,harmonium,Harmonium,Harmonium\875.wav,22050,44100,1,1,3.0,3.0,66150,132300,.wav,132344,9cb165fdabad7a390352de172dec5ebe8b798fe89798de3217e4017487e322bb,f56c7af9ba8421f8fdb8855e213fbe1b4db7571667fa4ec2fe44edf615cfa547,0.37977316975593567,NORMAL,STANDARDIZED,,resampled from 22050 to 44100,
harmonium_001178.wav,876.wav,harmonium,Harmonium,Harmonium\876.wav,22050,44100,1,1,3.0,3.0,66150,132300,.wav,132344,ba917300c817c1dfac0f61bd19d2f7cf1264562821cea52b2428a4872b666a15,c5516253eb1735c2c8e2ae52a47941a951b86fcfbb5f69a5fcc4fd830291bb3a,0.4223540425300598,NORMAL,STANDARDIZED,,resampled from 22050 to 44100,
harmonium_001179.wav,877.wav,harmonium,Harmonium,Harmonium\877.wav,22050,44100,1,1,3.0,3.0,66150,132300,.wav,132344,a8172ec8cfe56428486441c76e94f804ca76ec6b5409583a3dcef5836e3ce2fb,b820d497ac14771c78eec6b87fc798cad68622dd4714758e928440a4970c1355,0.4652368426322937,NORMAL,STANDARDIZED,,resampled from 22050 to 44100,
harmonium_001180.wav,878.wav,harmonium,Harmonium,Harmonium\878.wav,22050,44100,1,1,3.0,3.0,66150,132300,.wav,132344,0813329ffdf2612dc4a7887aae5d3263ea14446f4927987099ae87d617179ccd,4be8e4bffbc4063c3c7acea77e7effdfe6c864057912ff0a39d02129e3325b49,0.4387512505054474,NORMAL,STANDARDIZED,,resampled from 22050 to 44100,
harmonium_001181.wav,879.wav,harmonium,Harmonium,Harmonium\879.wav,22050,44100,1,1,3.0,3.0,66150,132300,.wav,132344,2f75ce50a4742cb626affaa341f0f23ba9edf672e9b26f832f31ab2c9b0b361f,08e46ed20a7b5faf3288bfa2d3be8b16227cffa000201f27fcfeca8c4f1c3acb,0.36947324872016907,NORMAL,STANDARDIZED,,resampled from 22050 to 44100,
harmonium_001182.wav,88.wav,harmonium,Harmonium,Harmonium\88.wav,22050,44100,1,1,3.0,3.0,66150,132300,.wav,132344,d999c5d18fd761d6a79e07912d6d63c2ba7b2c5aa4392a816c5d11c3407b859f,ca1780dc41e80a9ee27e64e1f5cc53acf172b6291771416b0c80c067cd9b4281,0.37803390622138977,NORMAL,STANDARDIZED,,resampled from 22050 to 44100,
harmonium_001183.wav,880.wav,harmonium,Harmonium,Harmonium\880.wav,22050,44100,1,1,3.0,3.0,66150,132300,.wav,132344,6895c120028bb160937e37b076de9d20fcb0e3e64355e89b8f0d99d502b9b091,b1fce44837b3570b14f4156aba2add39c148f414e0210180fc3e101876fc634b,0.4417356252670288,NORMAL,STANDARDIZED,,resampled from 22050 to 44100,
harmonium_001184.wav,881.wav,harmonium,Harmonium,Harmonium\881.wav,22050,44100,1,1,3.0,3.0,66150,132300,.wav,132344,022380057b8382bbfbc3d228ec7ff9c86aeacbe85481ba8e94a06f5b7b0bdfb1,d9060ff8c9b69de9554e1d5fb150192a94f91f25a2f476c417d985ce88e4331c,0.40250277519226074,NORMAL,STANDARDIZED,,resampled from 22050 to 44100,
harmonium_001185.wav,882.wav,harmonium,Harmonium,Harmonium\882.wav,22050,44100,1,1,3.0,3.0,66150,132300,.wav,132344,716e7615fa2394f4f2e50a6f8002a5e81bc741fba72e88b4c25ff0248d8c782a,f0ecf227412f5964badb51d49082579d3538b0cd0d586ae8d1ccef063f776558,0.41738516092300415,NORMAL,STANDARDIZED,,resampled from 22050 to 44100,
harmonium_001186.wav,883.wav,harmonium,Harmonium,Harmonium\883.wav,22050,44100,1,1,3.0,3.0,66150,132300,.wav,132344,2ad7a0d820f2bb992c99bc92c8e08e6dab5b2a4c2a3eb795e8cc0fc5eaa769b0,21b93b841c6c34ee66eb47c3c6642fda574ad7506f26619c90917e82a32c8c10,0.38002267479896545,NORMAL,STANDARDIZED,,resampled from 22050 to 44100,
harmonium_001187.wav,884.wav,harmonium,Harmonium,Harmonium\884.wav,22050,44100,1,1,3.0,3.0,66150,132300,.wav,132344,57aaaaf6c43c1a49c9aa7817875195d6e043cf149bfff091f2984f4fce66f3f0,f0fb375073fe50021825b5194360058187ed722b98a9493c0e3e3fc41ca7fd26,0.42748895287513733,NORMAL,STANDARDIZED,,resampled from 22050 to 44100,
harmonium_001188.wav,885.wav,harmonium,Harmonium,Harmonium\885.wav,22050,44100,1,1,3.0,3.0,66150,132300,.wav,132344,813814b5a2b393e0c03e01ff9bcbd07c956967d1652388fd0f6f7859b266ac70,0d274ca580db17b247756a6b7e72ba9035bb69dd92bafd371ad576efaaf3cb5b,0.4676688015460968,NORMAL,STANDARDIZED,,resampled from 22050 to 44100,
harmonium_001189.wav,886.wav,harmonium,Harmonium,Harmonium\886.wav,22050,44100,1,1,3.0,3.0,66150,132300,.wav,132344,036d90d24ada6ccc6a3c553f4a9eaa0ab8186ddb236a50bf2d7dbc13eb4481be,a19f5494df3c6ffdea5dc9f634a35f728a7b1811c08ce088c78b220a099cf8ec,0.436842143535614,NORMAL,STANDARDIZED,,resampled from 22050 to 44100,
harmonium_001190.wav,887.wav,harmonium,Harmonium,Harmonium\887.wav,22050,44100,1,1,3.0,3.0,66150,132300,.wav,132344,c9a8da4374548717e381914d04389ce19ca1916419047aaa443d3dec76999a7c,e6f1b27d060b07df5843a7cf88da90a4c9964b6333ef11cb36ae557fa2535781,0.3747096657752991,NORMAL,STANDARDIZED,,resampled from 22050 to 44100,
harmonium_001191.wav,888.wav,harmonium,Harmonium,Harmonium\888.wav,22050,44100,1,1,3.0,3.0,66150,132300,.wav,132344,d2685bd291f942365d8af9c23354baa22cfc36e570c976836ae522083e106847,ee10659801213ce31834bcceeb0f7e8eeb193dc70019ddb6ac7f406fc702422b,0.46286454796791077,NORMAL,STANDARDIZED,,resampled from 22050 to 44100,
harmonium_001192.wav,889.wav,harmonium,Harmonium,Harmonium\889.wav,22050,44100,1,1,3.0,3.0,66150,132300,.wav,132344,4887edc42033b318372d4be9159b6a0191b69a1340678836d0b9d2337ae73d59,c2dd3f3b0a8d801ded697be7b8ad2c36fdcbbf035572a3e59d642f756cc7f2f4,0.40113362669944763,NORMAL,STANDARDIZED,,resampled from 22050 to 44100,
harmonium_001193.wav,89.wav,harmonium,Harmonium,Harmonium\89.wav,22050,44100,1,1,3.0,3.0,66150,132300,.wav,132344,f1e7c7a79315063605e515bed0d2e40c29365e03e4e8185739a0693a2e95a567,e9ab82298300a369160fc4f08bae1fee4cc7d23f859b8158be46b72e0c46072c,0.37694478034973145,NORMAL,STANDARDIZED,,resampled from 22050 to 44100,
harmonium_001194.wav,890.wav,harmonium,Harmonium,Harmonium\890.wav,22050,44100,1,1,3.0,3.0,66150,132300,.wav,132344,27f8c1520899242ac0e13d033c9a891340253808396527641014c600ce6669e7,78380db00e47900ca4795aacb41fa0b81a5c92a6522f1a978f673bb615d3e3af,0.42213866114616394,NORMAL,STANDARDIZED,,resampled from 22050 to 44100,
harmonium_001195.wav,891.wav,harmonium,Harmonium,Harmonium\891.wav,22050,44100,1,1,3.0,3.0,66150,132300,.wav,132344,70e9c2f82b3131aa169f4765836e02eefb728b5caa3c4b21237a87dab0fc44f9,2eb5963e5c9cbffcfcf894bffe8539f62be33952feebaa4aa0b45d0370b30268,0.3797754645347595,NORMAL,STANDARDIZED,,resampled from 22050 to 44100,
harmonium_001196.wav,892.wav,harmonium,Harmonium,Harmonium\892.wav,22050,44100,1,1,3.0,3.0,66150,132300,.wav,132344,a73e1138ab00bc5d5e44eaab3c606dd2ce238e111b5514d1a0e9868af870c33c,18ad83115b30b08f54a86b56af086b365c8e78f7da36d4852adfdb4c3401ada3,0.4237554371356964,NORMAL,STANDARDIZED,,resampled from 22050 to 44100,
harmonium_001197.wav,893.wav,harmonium,Harmonium,Harmonium\893.wav,22050,44100,1,1,3.0,3.0,66150,132300,.wav,132344,0dc41da176fe511f48c7ccdb7a970ba0508006db897001a036b7785075f77509,c5e7294c343319b2c67ee4d8674e23606cf2be183012a787bff6375b097de693,0.4666137993335724,NORMAL,STANDARDIZED,,resampled from 22050 to 44100,
harmonium_001198.wav,894.wav,harmonium,Harmonium,Harmonium\894.wav,22050,44100,1,1,3.0,3.0,66150,132300,.wav,132344,c73cb2f0c44f7ffc7d035db1e06a0e0068b669caba18a9dbcbdb4eb82c39f66b,24e4ea95364ac357ac84e355b4ebb2c8ba97761719f6f8f97da957ebd57e2a52,0.4386599361896515,NORMAL,STANDARDIZED,,resampled from 22050 to 44100,
harmonium_001199.wav,895.wav,harmonium,Harmonium,Harmonium\895.wav,22050,44100,1,1,3.0,3.0,66150,132300,.wav,132344,08c95ea501c18fb0e0bb136e76755a6a718d2780cc769ee21f01c2e31a7f76da,3ad361a23dad6adce725ac93a53e6afeb0f55606d6d54dbdb7363f8f78812cab,0.3724297285079956,NORMAL,STANDARDIZED,,resampled from 22050 to 44100,
harmonium_001200.wav,896.wav,harmonium,Harmonium,Harmonium\896.wav,22050,44100,1,1,3.0,3.0,66150,132300,.wav,132344,4547953072bc66a2120694bb0568584d351c58abcff12b62bf8f49f137d6378f,bc225df25d8c75a9b9fcd3fa3721b32c26b72ff737ff10ce765135c7a8b5acc0,0.43701398372650146,NORMAL,STANDARDIZED,,resampled from 22050 to 44100,
harmonium_001201.wav,897.wav,harmonium,Harmonium,Harmonium\897.wav,22050,44100,1,1,3.0,3.0,66150,132300,.wav,132344,162110fbed1080e55db1c7bd6ca9598291603f3c44639a9495cddf01a2a7e17b,8f942e9406dbf104cc6918757487c4be9648854dc9f94d91d95af07d7ff297bc,0.3943566679954529,NORMAL,STANDARDIZED,,resampled from 22050 to 44100,
harmonium_001202.wav,898.wav,harmonium,Harmonium,Harmonium\898.wav,22050,44100,1,1,3.0,3.0,66150,132300,.wav,132344,0eedd1c24ab8cb600a9b44c8cb6214a7d6a260b635f45c0059d91948fa29c586,bc8cc2016449090663d825f8b276f6a509c0755472bbcc16d8999418e30f05d1,0.4145720899105072,NORMAL,STANDARDIZED,,resampled from 22050 to 44100,
harmonium_001203.wav,899.wav,harmonium,Harmonium,Harmonium\899.wav,22050,44100,1,1,3.0,3.0,66150,132300,.wav,132344,28679e359bbfe17d92e40157b36f3e0a8c00ff99405bbbc5113b0ec21b2ae50b,747f14ed2b27dc81e034bd213f2d022b0a86131a29cb4b58d11501eda173e59d,0.3793116807937622,NORMAL,STANDARDIZED,,resampled from 22050 to 44100,
harmonium_001204.wav,9.wav,harmonium,Harmonium,Harmonium\9.wav,22050,44100,1,1,3.0,3.0,66150,132300,.wav,132344,24b67815da454a4c3c2c4837e5de3d3c16a71420df638163d23155aa31dc89b7,c5d06fcd9bb9862d4ba69b7eced0892f9a5079221065ec0aef0cd58522b44648,0.3769925832748413,NORMAL,STANDARDIZED,,resampled from 22050 to 44100,
harmonium_001205.wav,90.wav,harmonium,Harmonium,Harmonium\90.wav,22050,44100,1,1,3.0,3.0,66150,132300,.wav,132344,c6c43f408d10274646a9502b626cd81cd0b862b52106ea5e849c8aaf5a243948,61feb96039b4e0c03c608da20fdbc2c28a9b67e7f57fb3b6da57214e191d117c,0.4297075569629669,NORMAL,STANDARDIZED,,resampled from 22050 to 44100,
harmonium_001206.wav,900.wav,harmonium,Harmonium,Harmonium\900.wav,22050,44100,1,1,3.0,3.0,66150,132300,.wav,132344,d5319d4db1d457dd59bd70806f0ddae927280ce95fb66239af4488cd1830e7c2,71dc019f80ee0f95525010f24fabc124be201fe9538ee6aaecc06170f39d8b07,0.42588627338409424,NORMAL,STANDARDIZED,,resampled from 22050 to 44100,
harmonium_001207.wav,901.wav,harmonium,Harmonium,Harmonium\901.wav,22050,44100,1,1,3.0,3.0,66150,132300,.wav,132344,cc4ede55b9136288f5784dc21ace8cc59a847cb489ec0e70d6a812d5baae8562,b71d8957999df1dd98488dd19a9814d80eeaf7c1bb1767b7210f73f0d5a139b6,0.46019700169563293,NORMAL,STANDARDIZED,,resampled from 22050 to 44100,
harmonium_001208.wav,902.wav,harmonium,Harmonium,Harmonium\902.wav,22050,44100,1,1,3.0,3.0,66150,132300,.wav,132344,0f328951bca5dabf51d360116cd646061578811763cdc298ccb500be0b904e13,7933efea41f43f36bbbfda7affd8f63cbde36187918a3a1721faf8c4749c8aee,0.44134125113487244,NORMAL,STANDARDIZED,,resampled from 22050 to 44100,
harmonium_001209.wav,903.wav,harmonium,Harmonium,Harmonium\903.wav,22050,44100,1,1,3.0,3.0,66150,132300,.wav,132344,e2cdde90a9719113dce75fb2cba9ca022e6692163500b8571e6fe1a00fd4eaff,7c2f89462df8e8a0dfcad8c9b6e5bc04d7e04fe1cdc9c5bc8f1acb166cbba9bc,0.3748018741607666,NORMAL,STANDARDIZED,,resampled from 22050 to 44100,
harmonium_001210.wav,904.wav,harmonium,Harmonium,Harmonium\904.wav,22050,44100,1,1,3.0,3.0,66150,132300,.wav,132344,88a1a169a4bae65afb44f4c7e8a75744c71f358e0cbdbf970d29ff0841f7ffbb,cf828b25c827a3cdde3f056a4ad1ecf3fe5cc56b2164b55a779f1af4a952d92e,0.4441099464893341,NORMAL,STANDARDIZED,,resampled from 22050 to 44100,
harmonium_001211.wav,905.wav,harmonium,Harmonium,Harmonium\905.wav,22050,44100,1,1,3.0,3.0,66150,132300,.wav,132344,1602a6b8aac1b54cafb18e1b63023b6413da2b2a9aeac30be21fa704374186f5,3891af33111f9b42a0134f5954f8a9bbd66506dc6adc1bfbaf721227832d7e9d,0.3921322524547577,NORMAL,STANDARDIZED,,resampled from 22050 to 44100,
harmonium_001212.wav,906.wav,harmonium,Harmonium,Harmonium\906.wav,22050,44100,1,1,3.0,3.0,66150,132300,.wav,132344,6f574abb0134a2b2f70a48a0a44d9b5b0b2c0b00585f0a11a38f6b5da1ac2514,0f64f3ce981ac4a3014cc058984a830bfaeb74e3d0b91fb2ee96a14ba8f279ad,0.41934332251548767,NORMAL,STANDARDIZED,,resampled from 22050 to 44100,
harmonium_001213.wav,907.wav,harmonium,Harmonium,Harmonium\907.wav,22050,44100,1,1,3.0,3.0,66150,132300,.wav,132344,16b1145390114b0b216242eda7f8fcb591fefbcdf62435155faf8d3d38d1b8f2,0050217e2030c9d5fbdbf1f316ce6ac96c4487af2a8d2feff460015a30bc774c,0.37793871760368347,NORMAL,STANDARDIZED,,resampled from 22050 to 44100,
harmonium_001214.wav,908.wav,harmonium,Harmonium,Harmonium\908.wav,22050,44100,1,1,3.0,3.0,66150,132300,.wav,132344,81254a9ed239c9ada0de20dba778a56a4b2076fb5d580c1ddd58f65e3f943bab,0b41159ff652c311bcd5b65e7b649e8776c523bde50edd2ad08778655113e382,0.44535788893699646,NORMAL,STANDARDIZED,,resampled from 22050 to 44100,
harmonium_001215.wav,909.wav,harmonium,Harmonium,Harmonium\909.wav,22050,44100,1,1,3.0,3.0,66150,132300,.wav,132344,6b56a6fd9497224dd0e51ff0467386b956fd71c2f9a5c5a8912cadac633a2653,530ab2b9a33f741a0b7cfd8730d986f01c3fda4a4dd5e613635635eaa94a8e44,0.47837865352630615,NORMAL,STANDARDIZED,,resampled from 22050 to 44100,
harmonium_001216.wav,91.wav,harmonium,Harmonium,Harmonium\91.wav,22050,44100,1,1,3.0,3.0,66150,132300,.wav,132344,b9a4897f5c3ad9f2986fac321176d40911f3f4466bac2c8f22989dc36f48e6cc,a80fe7c28961fb72d502fa196bc69e9c240a22bd572f353fcff266d2b9eeafca,0.3854459822177887,NORMAL,STANDARDIZED,,resampled from 22050 to 44100,
harmonium_001217.wav,910.wav,harmonium,Harmonium,Harmonium\910.wav,22050,44100,1,1,3.0,3.0,66150,132300,.wav,132344,3ca40e2388a526cb0af589348ab169d8c896a4b3506c8b89ba8aa4d6f95938ab,5668610559546782a1f17d58bf8051589eca7dd55585c04a1dd79efbccbe2c15,0.4408179223537445,NORMAL,STANDARDIZED,,resampled from 22050 to 44100,
harmonium_001218.wav,911.wav,harmonium,Harmonium,Harmonium\911.wav,22050,44100,1,1,3.0,3.0,66150,132300,.wav,132344,82cfdb8cb6330cb4e03e1f8d12772ba53d6880862dc8223c9b7ec35692b5fe72,301ca2c5998719c2c599961c18205f8678623cae313c9d62112ad1275089484c,0.3718990087509155,NORMAL,STANDARDIZED,,resampled from 22050 to 44100,
harmonium_001219.wav,912.wav,harmonium,Harmonium,Harmonium\912.wav,22050,44100,1,1,3.0,3.0,66150,132300,.wav,132344,f667aba7d0dffe8c81ab991ce4a035f5b226ca86d4201384f5791585ce22c6df,43612bade570b1fcf62885a981ffcfb42d2946716fde50a1687089bad13b2609,0.44560638070106506,NORMAL,STANDARDIZED,,resampled from 22050 to 44100,
harmonium_001220.wav,913.wav,harmonium,Harmonium,Harmonium\913.wav,22050,44100,1,1,3.0,3.0,66150,132300,.wav,132344,4996117af2b581e68423167d31e348f965d8898f65bc8e5cb251c2d3c07080aa,cc7e96e1cd069d355db8bdab7982b136b654d51e1f28639793eeabceb13be6ad,0.3941655158996582,NORMAL,STANDARDIZED,,resampled from 22050 to 44100,
harmonium_001221.wav,914.wav,harmonium,Harmonium,Harmonium\914.wav,22050,44100,1,1,3.0,3.0,66150,132300,.wav,132344,22fa10c75dc90fd3885f1a6cbe3a5e45012898f99f505ce2cd147529e1a7f5ff,cc24a87cd83f61704cb90af5e7b977fe2119aa1c2d3fce8b51520452accf3956,0.4237813353538513,NORMAL,STANDARDIZED,,resampled from 22050 to 44100,
harmonium_001222.wav,915.wav,harmonium,Harmonium,Harmonium\915.wav,22050,44100,1,1,3.0,3.0,66150,132300,.wav,132344,6b80abd9b71b02f25498bec9b69f9dbf88134f67121f64ec84f62e69c5c15f1f,a0cf013b0a5bff9e110cdf182345b6edcd535649b941cb49fe1247ab5ec86f3d,0.38243168592453003,NORMAL,STANDARDIZED,,resampled from 22050 to 44100,
harmonium_001223.wav,916.wav,harmonium,Harmonium,Harmonium\916.wav,22050,44100,1,1,3.0,3.0,66150,132300,.wav,132344,4ca60b5597dd0f29ad01ac1e0476c68409533f4a5b96fb12c1106c49d4ba4e4f,f8a113ba3a86e53eb9794a22a0eec080887f7e8fd085250358069bf9011d21ea,0.42393842339515686,NORMAL,STANDARDIZED,,resampled from 22050 to 44100,
harmonium_001224.wav,917.wav,harmonium,Harmonium,Harmonium\917.wav,22050,44100,1,1,3.0,3.0,66150,132300,.wav,132344,2c01bb678e563c627315e6915a99b5b976ace11a87c03fe28b536607bdfaa58f,a8539bb35eb9cf68eebe9070c1fa8ac64cf27e3067e99f866aae9463a930154c,0.46805548667907715,NORMAL,STANDARDIZED,,resampled from 22050 to 44100,
harmonium_001225.wav,918.wav,harmonium,Harmonium,Harmonium\918.wav,22050,44100,1,1,3.0,3.0,66150,132300,.wav,132344,d640097da38bd3d5428526084abf9d470cc19d5f8de3a8ee1930a2f23c34f7a5,7c3b510c7191e0bc489c76fe23542862f3e93bc47386cb3602d60ed4cd4906b1,0.4383910298347473,NORMAL,STANDARDIZED,,resampled from 22050 to 44100,
harmonium_001226.wav,919.wav,harmonium,Harmonium,Harmonium\919.wav,22050,44100,1,1,3.0,3.0,66150,132300,.wav,132344,04297a1374f3ee3cd32a5ae5368ac5ba3cb9f53bc0e7b4775b8afe5056e274e7,6bdaab06ed7edeaa070797a71bf5b27e77720fe1979b9ef140ac85ca01204f47,0.3719834089279175,NORMAL,STANDARDIZED,,resampled from 22050 to 44100,
harmonium_001227.wav,92.wav,harmonium,Harmonium,Harmonium\92.wav,22050,44100,1,1,3.0,3.0,66150,132300,.wav,132344,ff3cd5b41e3422b0bdd52a9658eb881160a6c92c8239317bab1ab9c3a2685454,4fecdabf1c4167b712bf16c09d22508b4312bba0b954bac37118ae964c8268ee,0.3831288814544678,NORMAL,STANDARDIZED,,resampled from 22050 to 44100,
harmonium_001228.wav,920.wav,harmonium,Harmonium,Harmonium\920.wav,22050,44100,1,1,3.0,3.0,66150,132300,.wav,132344,87c5f5ab7fbab2f33b2b0b8212fc58051ccb5c5fc15700c2037d65d94191ebdd,17258a17a1305987e4479e0204e46d89fa40b544071f0775f4ca34691e76814e,0.4448990225791931,NORMAL,STANDARDIZED,,resampled from 22050 to 44100,
harmonium_001229.wav,921.wav,harmonium,Harmonium,Harmonium\921.wav,22050,44100,1,1,3.0,3.0,66150,132300,.wav,132344,cefa5d0a8d7068be0a09e1687b8a1ab7262e67d41d1d986efc27072a839a7172,f6bf6232bc2d4f715b8e449afae1dcbd4186714eca8c05015f7b0c94886de036,0.3991085886955261,NORMAL,STANDARDIZED,,resampled from 22050 to 44100,
harmonium_001230.wav,922.wav,harmonium,Harmonium,Harmonium\922.wav,22050,44100,1,1,3.0,3.0,66150,132300,.wav,132344,3ddc530231a1478428e3e99810b267908e64dc1b40c9a968342af6ce3ce9a89c,bea725ae51f7f5f07c1f64d82845cfe9b45511f62c58bed8479a1c6d36befeac,0.41573598980903625,NORMAL,STANDARDIZED,,resampled from 22050 to 44100,
harmonium_001231.wav,923.wav,harmonium,Harmonium,Harmonium\923.wav,22050,44100,1,1,3.0,3.0,66150,132300,.wav,132344,d880ef30529ad314200b692b685ba697c2809f2ae60fdf21ace776ba59bce4f6,28a8296465bd5253e906aaba2a8c7fd69400f458eb32c2b588ed1f963a6e58d0,0.37971580028533936,NORMAL,STANDARDIZED,,resampled from 22050 to 44100,
harmonium_001232.wav,924.wav,harmonium,Harmonium,Harmonium\924.wav,22050,44100,1,1,3.0,3.0,66150,132300,.wav,132344,726094113b5d5633b584911ee3d6adf4c5bbb6575d0005fbb35f74ca452af9dc,d2b22c5f3e5706e0c7d6d70b46e902c29d73b846fa33abf82c47ee38bedb0ed1,0.42122477293014526,NORMAL,STANDARDIZED,,resampled from 22050 to 44100,
harmonium_001233.wav,925.wav,harmonium,Harmonium,Harmonium\925.wav,22050,44100,1,1,3.0,3.0,66150,132300,.wav,132344,0f0b297e3dacc7c0816d024e4636cf6253565f3e7f069123c03a9a2a80c683a5,4f05023a9c4f61554d689ed217298ffd7d5cec24a202b9d2608969fd5d862933,0.4653643071651459,NORMAL,STANDARDIZED,,resampled from 22050 to 44100,
harmonium_001234.wav,926.wav,harmonium,Harmonium,Harmonium\926.wav,22050,44100,1,1,3.0,3.0,66150,132300,.wav,132344,50272bef3b3d9f8d2d67a332b7b4685bb86266a6bf1afb46de0fdc1930ea8620,4ca97b131daf2ec2b70d423ee6014e84ba95983f0a8848396d2e1a187198a5cb,0.4370288550853729,NORMAL,STANDARDIZED,,resampled from 22050 to 44100,
harmonium_001235.wav,927.wav,harmonium,Harmonium,Harmonium\927.wav,22050,44100,1,1,3.0,3.0,66150,132300,.wav,132344,a21871614dbc8c52c63a9d48f8537e29e1d7cc440728849dffb4e4f068384eed,cc11f558c5bc4c352f426ef5df43e10cdd9433f873bf399dd05ed9746f7a3841,0.37175196409225464,NORMAL,STANDARDIZED,,resampled from 22050 to 44100,
harmonium_001236.wav,928.wav,harmonium,Harmonium,Harmonium\928.wav,22050,44100,1,1,3.0,3.0,66150,132300,.wav,132344,623c3fb6eb8fef1f3b342463fcebef2a62c9c1edfc2e47e14ccb0990d999b326,1ff1ebdae915cb768ac8f703f6238b5dafa00eb4a1f91fd13b89c4fc9c2375db,0.4637087285518646,NORMAL,STANDARDIZED,,resampled from 22050 to 44100,
harmonium_001237.wav,929.wav,harmonium,Harmonium,Harmonium\929.wav,22050,44100,1,1,3.0,3.0,66150,132300,.wav,132344,dda897b2d4568e633080041766844e1b85a3f002f420341177ac5aa09a77bf91,150dff05c05ebaaaa2247a11f58789a8ca7bb5c4a6edd4a00a58b31b86d875a6,0.40340375900268555,NORMAL,STANDARDIZED,,resampled from 22050 to 44100,
harmonium_001238.wav,93.wav,harmonium,Harmonium,Harmonium\93.wav,22050,44100,1,1,3.0,3.0,66150,132300,.wav,132344,ed72ff139977b20d94cdb352287599cd714157a0562a70567ae017e56c6b7f9d,e4e9340a96d712159b659df3d6cb483d72ca2c59b8d07d60707b8a968439b59a,0.37835046648979187,NORMAL,STANDARDIZED,,resampled from 22050 to 44100,
harmonium_001239.wav,930.wav,harmonium,Harmonium,Harmonium\930.wav,22050,44100,1,1,3.0,3.0,66150,132300,.wav,132344,6fdf6fece3075bb4f3ab2032ac90f9e2b4bb5df79bb0364399cff9c434dcca3c,ba38ca4b1169eb14db8bac337af66b9ce7e81d795cf6d2324dc2306fb37b2ca6,0.4210044741630554,NORMAL,STANDARDIZED,,resampled from 22050 to 44100,
harmonium_001240.wav,931.wav,harmonium,Harmonium,Harmonium\931.wav,22050,44100,1,1,3.0,3.0,66150,132300,.wav,132344,62cd5df886e08d1ec196f5db55880e0eb495483d600a4c9e4fee1db19eef067b,f4b150e29da98fb9550b71b7ea8397e4987b4812dc5619f4ef0b66b152481783,0.3797983229160309,NORMAL,STANDARDIZED,,resampled from 22050 to 44100,
harmonium_001241.wav,932.wav,harmonium,Harmonium,Harmonium\932.wav,22050,44100,1,1,3.0,3.0,66150,132300,.wav,132344,fcc434e48bee01c6ee31878fad9729ad83b1925509ebf056b086f778c729bf84,48115f2eed9252b9d4bcaf8b8569a7ec5bf14333db126c3b4ed593df1e347a85,0.4273882210254669,NORMAL,STANDARDIZED,,resampled from 22050 to 44100,
harmonium_001242.wav,933.wav,harmonium,Harmonium,Harmonium\933.wav,22050,44100,1,1,3.0,3.0,66150,132300,.wav,132344,1f4fd2da8b2aaf56cb40c1b9e713453d9de65cdd6b01e3c0857880d377719feb,9cb430bfa1caead88507ef1e7e12788ab340cdd2300979d4762a1d77d3403e49,0.4580913186073303,NORMAL,STANDARDIZED,,resampled from 22050 to 44100,
harmonium_001243.wav,934.wav,harmonium,Harmonium,Harmonium\934.wav,22050,44100,1,1,3.0,3.0,66150,132300,.wav,132344,ed77a6ea2fae1b3aeffaac28360ef3674a3da35e405779b665607f9dcc754f82,23b8b7641ee96c427a818cb73f1489c6e83349e013ff572ad3c3f14b290ee7df,0.44052812457084656,NORMAL,STANDARDIZED,,resampled from 22050 to 44100,
harmonium_001244.wav,935.wav,harmonium,Harmonium,Harmonium\935.wav,22050,44100,1,1,3.0,3.0,66150,132300,.wav,132344,25edccfade237c268e6a185b79a1b67aaa322c503235a0ae7c53970f01227e93,c6a9c68c1d3186b63213861088903956091d6fb6c33c622a59c3f0d25471f57e,0.37053292989730835,NORMAL,STANDARDIZED,,resampled from 22050 to 44100,
harmonium_001245.wav,936.wav,harmonium,Harmonium,Harmonium\936.wav,22050,44100,1,1,3.0,3.0,66150,132300,.wav,132344,61935f77c53331dcf649360366f97a57d99487a202c0ea8d9449f338363027c0,a603baddefd5a1330f70047be9da98916ed084d7ea004fb790a30c75943dc43d,0.43898460268974304,NORMAL,STANDARDIZED,,resampled from 22050 to 44100,
harmonium_001246.wav,937.wav,harmonium,Harmonium,Harmonium\937.wav,22050,44100,1,1,3.0,3.0,66150,132300,.wav,132344,045f43a894b00d41f5a26f238ef6212b999bbf6b99d1282859cbb6786fe39dc3,3f70a8f695183ae60ee0c7ace0b7e87fdb0071d30d86874a4c2c1f51b155ba41,0.39919331669807434,NORMAL,STANDARDIZED,,resampled from 22050 to 44100,
harmonium_001247.wav,938.wav,harmonium,Harmonium,Harmonium\938.wav,22050,44100,1,1,3.0,3.0,66150,132300,.wav,132344,a9ee64e822a5673bb805e98abd4ac09f74d70ddbdda3a2c1462fffafb8eef50f,c8a3f42e47ef3d60ace20f21293d24c40174f13fc3875d5a972cea7b601c759d,0.4158523976802826,NORMAL,STANDARDIZED,,resampled from 22050 to 44100,
harmonium_001248.wav,939.wav,harmonium,Harmonium,Harmonium\939.wav,22050,44100,1,1,3.0,3.0,66150,132300,.wav,132344,05147ebfc4fbd3eea8c8cc13bb65ac3c839b3073a565f6b5f78a251de28aa2cb,6c3355a795975c1b86076acd82f7ac8035f92a1f1ded093a67d4b6dde33e2c7e,0.37883898615837097,NORMAL,STANDARDIZED,,resampled from 22050 to 44100,
harmonium_001249.wav,94.wav,harmonium,Harmonium,Harmonium\94.wav,22050,44100,1,1,3.0,3.0,66150,132300,.wav,132344,90a865e94bb915b6270a9169c470f0d34c03b719c2e9689416d055c06364d572,4c2a3f9c08906b9a942aebb74300fb8cd7d36b80a6446b983f6bced26cf5d94c,0.43374571204185486,NORMAL,STANDARDIZED,,resampled from 22050 to 44100,
harmonium_001250.wav,940.wav,harmonium,Harmonium,Harmonium\940.wav,22050,44100,1,1,3.0,3.0,66150,132300,.wav,132344,986ae8800664fe1ad54b8a3f61df257ee66b44756e18982e18fdf977bbb2683a,403e913e4ace73f5376f30dacfb87de0da143930a729c12a00e6fba29b057652,0.4243159890174866,NORMAL,STANDARDIZED,,resampled from 22050 to 44100,
harmonium_001251.wav,941.wav,harmonium,Harmonium,Harmonium\941.wav,22050,44100,1,1,3.0,3.0,66150,132300,.wav,132344,4b901015f8891905256e5dc22f34e600b9faabb717f56cd36a968f9f960602c4,21d448ba4c975610aba994f639ca273f0cbe521fbe6dd0af3efd7dcdd57ac3e2,0.4635106921195984,NORMAL,STANDARDIZED,,resampled from 22050 to 44100,
harmonium_001252.wav,942.wav,harmonium,Harmonium,Harmonium\942.wav,22050,44100,1,1,3.0,3.0,66150,132300,.wav,132344,eb4d4feebd0c41f05f82041841afb7e5b6ca5475f7a1e970c6b0b05b928f2087,d728c81b7651f0b6a874dc327891634ad364cf926988fc14f80caef46fc04fb8,0.4364964962005615,NORMAL,STANDARDIZED,,resampled from 22050 to 44100,
harmonium_001253.wav,943.wav,harmonium,Harmonium,Harmonium\943.wav,22050,44100,1,1,3.0,3.0,66150,132300,.wav,132344,c2cc645b0196d977c376bcd68f6e9b964c8cd6b09fbb3b0de9432df2d2f9827b,cb4785a368996c4fbdc81147f49cebc34171b0f199ed3e6c0fb6e3d5ff2415e7,0.37259501218795776,NORMAL,STANDARDIZED,,resampled from 22050 to 44100,
harmonium_001254.wav,944.wav,harmonium,Harmonium,Harmonium\944.wav,22050,44100,1,1,3.0,3.0,66150,132300,.wav,132344,4b023a19603cc957770936c8b324233b3ae8f65f1490551dc9bb4c022eda6482,33a1461d9c254857cbfdc65b4a38786dcf2fe1825dcfcd09f613c1fa81179997,0.43504971265792847,NORMAL,STANDARDIZED,,resampled from 22050 to 44100,
harmonium_001255.wav,945.wav,harmonium,Harmonium,Harmonium\945.wav,22050,44100,1,1,3.0,3.0,66150,132300,.wav,132344,cdb01b2841543323bbd1252e746b1e40cc5d7f0fd47f3f583f616bd82df90f05,e2b1af0ece321aa26b12d633e24c253f66f83b5e25ac9814747021b0c3148957,0.3988966643810272,NORMAL,STANDARDIZED,,resampled from 22050 to 44100,
harmonium_001256.wav,946.wav,harmonium,Harmonium,Harmonium\946.wav,22050,44100,1,1,3.0,3.0,66150,132300,.wav,132344,df7becc5e3a7ddd52af940793662760a43030bd6cd4af9c90d3b700cc5542736,27bd8a639577128700ce6bd1efed47f4953e5ca526d572f19f504328ef8bb387,0.41645631194114685,NORMAL,STANDARDIZED,,resampled from 22050 to 44100,
harmonium_001257.wav,947.wav,harmonium,Harmonium,Harmonium\947.wav,22050,44100,1,1,3.0,3.0,66150,132300,.wav,132344,9ab21370faa0fdffe6c4443cf87a4ae4de7a7beacc09dbe025ea5e9ae9964220,dd572b2ceff5a9d7148bd4e36e1d3aa222078230e6a91e32babb39e89d8f85d9,0.3787717819213867,NORMAL,STANDARDIZED,,resampled from 22050 to 44100,
harmonium_001258.wav,948.wav,harmonium,Harmonium,Harmonium\948.wav,22050,44100,1,1,3.0,3.0,66150,132300,.wav,132344,603e8be2a3983b9cbb90397245a65c7bab8da89621ba4cccc297a37da3f8b2a3,5e8583ab0a5e5d28e717e016f1f97cff9efdc2e473022ca5ea238029dd6b9e6c,0.43890365958213806,NORMAL,STANDARDIZED,,resampled from 22050 to 44100,
harmonium_001259.wav,949.wav,harmonium,Harmonium,Harmonium\949.wav,22050,44100,1,1,3.0,3.0,66150,132300,.wav,132344,817ad57bb80822cb764d27fed5928af8fb72f679307b37b9bd57ed92019286e0,27fd43959d92fef7cbf85516b6c73f1608d2d7334573d6e51f4e452bc712c2a2,0.47951871156692505,NORMAL,STANDARDIZED,,resampled from 22050 to 44100,
harmonium_001260.wav,95.wav,harmonium,Harmonium,Harmonium\95.wav,22050,44100,1,1,3.0,3.0,66150,132300,.wav,132344,685a9289f63c312fac3b34ca66b35c543a205f43c4954bf002c3658b1c97b761,22d2e64f8ce9406c7b70cdcb7b61aefcda961c9334cf81b97c3334f4c7015a44,0.38218098878860474,NORMAL,STANDARDIZED,,resampled from 22050 to 44100,
harmonium_001261.wav,950.wav,harmonium,Harmonium,Harmonium\950.wav,22050,44100,1,1,3.0,3.0,66150,132300,.wav,132344,30d51e7863a5a7020d91a9d9c649c221917281f1e4acf00105d09a2b532e2ec4,d052ed5d85eef4fb102741d9627e76f7bbd037f118547ff7f575bb60c415d6ca,0.4470384120941162,NORMAL,STANDARDIZED,,resampled from 22050 to 44100,
harmonium_001262.wav,951.wav,harmonium,Harmonium,Harmonium\951.wav,22050,44100,1,1,3.0,3.0,66150,132300,.wav,132344,f7a88e1d2545fdd072255e8e0a44b866f1c225c5f9d2a75d3188fb19bc0991a0,03e08c4c5d2ac2b98e182f1b61b5712abf7e0d4694119c3c8edf3bb5dcca827f,0.374040812253952,NORMAL,STANDARDIZED,,resampled from 22050 to 44100,
harmonium_001263.wav,952.wav,harmonium,Harmonium,Harmonium\952.wav,22050,44100,1,1,3.0,3.0,66150,132300,.wav,132344,a6c8ff33d36fc4f731e7f4ed8f8e7a86228ba904db376ce021a02fce0f052204,86f3c5b8cef529aecf6203976995daa99e24cb722bc45130cf2f24af40bc506e,0.44585612416267395,NORMAL,STANDARDIZED,,resampled from 22050 to 44100,
harmonium_001264.wav,953.wav,harmonium,Harmonium,Harmonium\953.wav,22050,44100,1,1,3.0,3.0,66150,132300,.wav,132344,030d03f9c817c3aeab6b3510ce90146a225c57697e356a0cc87d39b69fd794f1,9d70fe81e051da615fb6c56216571394f5d1a8d6a0cd9f75a8e58c584a3fe4d5,0.39354565739631653,NORMAL,STANDARDIZED,,resampled from 22050 to 44100,
harmonium_001265.wav,954.wav,harmonium,Harmonium,Harmonium\954.wav,22050,44100,1,1,3.0,3.0,66150,132300,.wav,132344,e0b459f97c93587d7da8fc5981bbb461bdf3266831a052326a1ff9aa7064176d,bfcd5d3db895533b2ed7f3e579eb3c3bee626c47ebd3f572056ad628f53ebb01,0.41783928871154785,NORMAL,STANDARDIZED,,resampled from 22050 to 44100,
harmonium_001266.wav,955.wav,harmonium,Harmonium,Harmonium\955.wav,22050,44100,1,1,3.0,3.0,66150,132300,.wav,132344,b6e629c93d232a5d9ec36bba147bde7adfb5475cc7a52da27651a1ed51bf347a,ad49657e5375c36964e0f115da35458b9c845cf999240348212360c1d3007c79,0.3792656362056732,NORMAL,STANDARDIZED,,resampled from 22050 to 44100,
harmonium_001267.wav,956.wav,harmonium,Harmonium,Harmonium\956.wav,22050,44100,1,1,3.0,3.0,66150,132300,.wav,132344,416349ff02aa408959680bec3303119663999361e3a1a4791ff36998fb345740,09367903c2229132867180eb59465c69215bbfc48bbd72474adac4b14ffff0e2,0.42296919226646423,NORMAL,STANDARDIZED,,resampled from 22050 to 44100,
harmonium_001268.wav,957.wav,harmonium,Harmonium,Harmonium\957.wav,22050,44100,1,1,3.0,3.0,66150,132300,.wav,132344,f5663a99043465fc084f340ae716d509bd659173742041a4390df687a98ab00a,4d5412b11975c23b70d05c6ce6779e3b2acba1e14dd95683e8263b1bc64f8760,0.46411046385765076,NORMAL,STANDARDIZED,,resampled from 22050 to 44100,
harmonium_001269.wav,958.wav,harmonium,Harmonium,Harmonium\958.wav,22050,44100,1,1,3.0,3.0,66150,132300,.wav,132344,5974ad31558ff2f75c112cf0fedf35335c4f637326895934c4622593c7fae1f3,7fe4e2e572c16633bf0f249016c085f7a8af5d11296edb6bcb225d961f89e843,0.43996021151542664,NORMAL,STANDARDIZED,,resampled from 22050 to 44100,
harmonium_001270.wav,959.wav,harmonium,Harmonium,Harmonium\959.wav,22050,44100,1,1,3.0,3.0,66150,132300,.wav,132344,0dbf7934ddd1f32ab4b8e2c0c494f082dbda73a2bc7b86f57d8fc891322b844b,a22770bed5e0fa4baa352bdbc0276876694e63a7f33a2eff99b2cd90dc81219d,0.37543535232543945,NORMAL,STANDARDIZED,,resampled from 22050 to 44100,
harmonium_001271.wav,96.wav,harmonium,Harmonium,Harmonium\96.wav,22050,44100,1,1,3.0,3.0,66150,132300,.wav,132344,b15961b10e00918e7ae9023e8a9e2726ef5c2a58722fb40b30bcad7ae5f7854e,3e1b5afea3c149859f3601a97402f5184fde02c07fba116a886d39690f72fd64,0.38049328327178955,NORMAL,STANDARDIZED,,resampled from 22050 to 44100,
harmonium_001272.wav,960.wav,harmonium,Harmonium,Harmonium\960.wav,22050,44100,1,1,3.0,3.0,66150,132300,.wav,132344,bcc4e17f3a99eb0f6528c01a479b6f9d18582e929c6b487b8c2351da884d149d,7aa24c2ab32b09dc3684425d74fef5651d7a5cf110ea0d43e2d134b671160665,0.44229656457901,NORMAL,STANDARDIZED,,resampled from 22050 to 44100,
harmonium_001273.wav,961.wav,harmonium,Harmonium,Harmonium\961.wav,22050,44100,1,1,3.0,3.0,66150,132300,.wav,132344,b1dd55fc02a25e4cc88176a93f3d07e46b65504165b5315f6cf15bcf6674c7f6,f886c4048edf1905ac2eb90b514b6f3f48fa8ad4b69ddcaf4d432b4c4b4c634f,0.39847591519355774,NORMAL,STANDARDIZED,,resampled from 22050 to 44100,
harmonium_001274.wav,962.wav,harmonium,Harmonium,Harmonium\962.wav,22050,44100,1,1,3.0,3.0,66150,132300,.wav,132344,fe1002f98cfef392c6d898cd36aea431bf65152373efca33ef5862eea57f0762,154d3aed2af00ce9943df45228856cafd8246b0bb288e3e58bd2837e5e66e733,0.42226359248161316,NORMAL,STANDARDIZED,,resampled from 22050 to 44100,
harmonium_001275.wav,963.wav,harmonium,Harmonium,Harmonium\963.wav,22050,44100,1,1,3.0,3.0,66150,132300,.wav,132344,9ecdc002560b7d4ca50c08b384dd1284b6840f1c175df281ee86e9bebf94cb78,ee2aa0739b2e22f615a43cab9907bd95dade0230ede49a221f2a47134bcd92cb,0.38125815987586975,NORMAL,STANDARDIZED,,resampled from 22050 to 44100,
harmonium_001276.wav,964.wav,harmonium,Harmonium,Harmonium\964.wav,22050,44100,1,1,3.0,3.0,66150,132300,.wav,132344,bfb26bc97ef3a88add8296ffe8decf153cb3134b33ee9290c6c56771a602729a,a4e893b4f116cb10e8bd7347b6bc63e88cbcc5380cac1c108134c56b85297f22,0.4273320734500885,NORMAL,STANDARDIZED,,resampled from 22050 to 44100,
harmonium_001277.wav,965.wav,harmonium,Harmonium,Harmonium\965.wav,22050,44100,1,1,3.0,3.0,66150,132300,.wav,132344,de24ee21509909e73849e65c1b8f431603ea4de899a0cc49fc76508e239d6ac8,c030552374203a3c194c7c30d2cd48d3b7a6e1bfd682a43365f9671d79b92eef,0.4658835828304291,NORMAL,STANDARDIZED,,resampled from 22050 to 44100,
harmonium_001278.wav,966.wav,harmonium,Harmonium,Harmonium\966.wav,22050,44100,1,1,3.0,3.0,66150,132300,.wav,132344,dd64310d141655f6c43cdc0ab710ce67b066897519b6cb01df9997fe4beb0b2c,c72b750a996d3c9158cf1e3a0150853bd098d9c52ce35ef5ce4acfa602590f33,0.4361286163330078,NORMAL,STANDARDIZED,,resampled from 22050 to 44100,
harmonium_001279.wav,967.wav,harmonium,Harmonium,Harmonium\967.wav,22050,44100,1,1,3.0,3.0,66150,132300,.wav,132344,06e27a6c67f27d676c25f113e9a1c4957ba7aa3801800c9e6d169550f09a6897,cb52c6efb359daeb5ad31b200c248baefee2ccfde383fec92419086e8ebf0667,0.37395450472831726,NORMAL,STANDARDIZED,,resampled from 22050 to 44100,
harmonium_001280.wav,968.wav,harmonium,Harmonium,Harmonium\968.wav,22050,44100,1,1,3.0,3.0,66150,132300,.wav,132344,80ef1bec257aea4cdc8e3bfc8bf87bb3c964c207275a58d5018b1fa28f3ffcf9,5846f8c190173650af02f2b1b4c1f67abb6d51410b17db7a63ef96b5188b7ccd,0.4453161358833313,NORMAL,STANDARDIZED,,resampled from 22050 to 44100,
harmonium_001281.wav,969.wav,harmonium,Harmonium,Harmonium\969.wav,22050,44100,1,1,3.0,3.0,66150,132300,.wav,132344,9e0159938ff2673bc2c423d9ea4c8ccb0e7bce35d78b6c68667276421a17c51a,0f8da4d1afda6676fb952e4612021ccb83ca7932d32c51bc1e35e63607c4d35f,0.40128907561302185,NORMAL,STANDARDIZED,,resampled from 22050 to 44100,
harmonium_001282.wav,97.wav,harmonium,Harmonium,Harmonium\97.wav,22050,44100,1,1,3.0,3.0,66150,132300,.wav,132344,beda7f91f5d8ce7ff3c849e3d8b970f65b2f77439e17a388b84756b2d74bea41,2f6994c7a86c7efe12682921f9f97cecdf915eaa732fadff4301ca4dcc02015c,0.38293853402137756,NORMAL,STANDARDIZED,,resampled from 22050 to 44100,
harmonium_001283.wav,970.wav,harmonium,Harmonium,Harmonium\970.wav,22050,44100,1,1,3.0,3.0,66150,132300,.wav,132344,c1be16afa9a6e24c5c1b6ab80d9da018c722980bcc8b2946807411dff60e8693,1544dca8957ac004b27c7e212439f2cccefdc11332d12c09b5c74f8bf2524a70,0.41813233494758606,NORMAL,STANDARDIZED,,resampled from 22050 to 44100,
harmonium_001284.wav,971.wav,harmonium,Harmonium,Harmonium\971.wav,22050,44100,1,1,3.0,3.0,66150,132300,.wav,132344,99c57dcfb1bf207172038b826a8cf1a6adba04ffd0d766c66443e3650c0f49e2,d0a90c00fdb8dcf949f4a28bb2ea6ad505c8da131b4c644ce9a8b0a6492a6ffe,0.3784659206867218,NORMAL,STANDARDIZED,,resampled from 22050 to 44100,
harmonium_001285.wav,972.wav,harmonium,Harmonium,Harmonium\972.wav,22050,44100,1,1,3.0,3.0,66150,132300,.wav,132344,4a7d2dd960ad31c77355b1e74b439ab707c5a788f8a6f6ef64eaa9325c816e51,493e8492d38d1d6851486b7071e882f6991f158643c58f53a0e3b48fbe8db356,0.42178308963775635,NORMAL,STANDARDIZED,,resampled from 22050 to 44100,
harmonium_001286.wav,973.wav,harmonium,Harmonium,Harmonium\973.wav,22050,44100,1,1,3.0,3.0,66150,132300,.wav,132344,73e0ac329eba73709709c760ed597577fe50c29c5834d7e8e58ad00c341d14c5,94aa858803fd3614f82f8ead99cc25a26396203fb8232f0998472af8273c93b7,0.465692400932312,NORMAL,STANDARDIZED,,resampled from 22050 to 44100,
harmonium_001287.wav,974.wav,harmonium,Harmonium,Harmonium\974.wav,22050,44100,1,1,3.0,3.0,66150,132300,.wav,132344,57411307c2e67ee9bfacc2ca849ba67bfc0ba585c37b739ab8ff08e0dd9716ea,bb5919645a0463c1ff1fd945609a3f152420b369270b9283e4aaa57a6c0a0edc,0.4392184615135193,NORMAL,STANDARDIZED,,resampled from 22050 to 44100,
harmonium_001288.wav,975.wav,harmonium,Harmonium,Harmonium\975.wav,22050,44100,1,1,3.0,3.0,66150,132300,.wav,132344,4d262e4df3ea86d82906b0d7d1dcba2e2ffa5887e22165c9e3a4445fda991877,520f0d952e5c76368a98239ece111c4f4cd52885d5253cdc78fbbfd046876ff2,0.3730088174343109,NORMAL,STANDARDIZED,,resampled from 22050 to 44100,
harmonium_001289.wav,976.wav,harmonium,Harmonium,Harmonium\976.wav,22050,44100,1,1,3.0,3.0,66150,132300,.wav,132344,09a9d3edca16239e6cc8d169d1053179248100db49a0e79ef48efbb176da243a,afa9724af3d29ca0a3379ae3ea13d3179dae6ab20243c318bed7a707ec081674,0.4513131380081177,NORMAL,STANDARDIZED,,resampled from 22050 to 44100,
harmonium_001290.wav,977.wav,harmonium,Harmonium,Harmonium\977.wav,22050,44100,1,1,3.0,3.0,66150,132300,.wav,132344,ea738316f2c3b289080cfa1f805622659e6aaf40c4dd418ce65a2de447c2c176,7e3d2c2a10b0d049b7fc3c14aa4bbf181f1470534fc7015b472e7d58111c1618,0.40178772807121277,NORMAL,STANDARDIZED,,resampled from 22050 to 44100,
harmonium_001291.wav,978.wav,harmonium,Harmonium,Harmonium\978.wav,22050,44100,1,1,3.0,3.0,66150,132300,.wav,132344,c629c40485ad31c12321e873285eee1cb7948e24a7b235a4a48c7da4c6e314e9,89c28b2782d7a6ee6dfbf87739b046a62848558f913cf6ff8fbb05a2a9283a33,0.41328948736190796,NORMAL,STANDARDIZED,,resampled from 22050 to 44100,
harmonium_001292.wav,979.wav,harmonium,Harmonium,Harmonium\979.wav,22050,44100,1,1,3.0,3.0,66150,132300,.wav,132344,e88c9d8714dc4aca73b33a3d94ac5f99224d4cf68e42fbbae78626fcb168cfe1,4053925fcd15efe973ebbdcc2d4f533370ba82a2c0480df8643e5cba7c9f56a3,0.37966692447662354,NORMAL,STANDARDIZED,,resampled from 22050 to 44100,
harmonium_001293.wav,98.wav,harmonium,Harmonium,Harmonium\98.wav,22050,44100,1,1,3.0,3.0,66150,132300,.wav,132344,d961d77c1ff8c80396eab1cf797b93432e851275f328f9018f5a481a00a7fbd4,cadfdc46f2c63c2ebc9fc59e6d0a3756d5c9a72f809629c22edccebd3f443cba,0.42869171500205994,NORMAL,STANDARDIZED,,resampled from 22050 to 44100,
harmonium_001294.wav,980.wav,harmonium,Harmonium,Harmonium\980.wav,22050,44100,1,1,3.0,3.0,66150,132300,.wav,132344,715f481358437e3cb9b64379aebe92b151b0edca22a660aa788c4c06f5925a36,bd006b7d636e072dcc7a28e9fdb85a682514ee24e24cc224b9d368293d3c55cf,0.42278411984443665,NORMAL,STANDARDIZED,,resampled from 22050 to 44100,
harmonium_001295.wav,981.wav,harmonium,Harmonium,Harmonium\981.wav,22050,44100,1,1,3.0,3.0,66150,132300,.wav,132344,3153ec560fdb4030c547fe7a07116a6adc353ccaf2a530e2082cb824013b7cee,ac6a56b7a59c496599e014f2bba60a8c7f8eab451555525f04e306f808457d0f,0.4635249674320221,NORMAL,STANDARDIZED,,resampled from 22050 to 44100,
harmonium_001296.wav,982.wav,harmonium,Harmonium,Harmonium\982.wav,22050,44100,1,1,3.0,3.0,66150,132300,.wav,132344,a8eca2e68c26bcb67b601620dbdf8a0a914d83a56dfd429dc3f2abe12a0c5503,0d9d5d9eb43feef69e7b2ccb258d4623de865fc0b96e2fa6f8c740d0dd75da5a,0.4436628818511963,NORMAL,STANDARDIZED,,resampled from 22050 to 44100,
harmonium_001297.wav,983.wav,harmonium,Harmonium,Harmonium\983.wav,22050,44100,1,1,3.0,3.0,66150,132300,.wav,132344,2c1846fb15235997a860e28c70356bb8a89c7f79cc6caf43f34e6ade1d600a45,8a809b44b921834aeb558f65d013722b5657948a43874dfea7da2d1fde5b882b,0.36818215250968933,NORMAL,STANDARDIZED,,resampled from 22050 to 44100,
harmonium_001298.wav,984.wav,harmonium,Harmonium,Harmonium\984.wav,22050,44100,1,1,3.0,3.0,66150,132300,.wav,132344,1adab7e0dd63cf06d5645bc7975bff409d1cfc10c852d9875d9bdc7c3dbc1a49,7da2ccfb22582bc3c5793a918bdb448cf89761ac336fe77f7f0dbb472e8796c8,0.445488840341568,NORMAL,STANDARDIZED,,resampled from 22050 to 44100,
harmonium_001299.wav,985.wav,harmonium,Harmonium,Harmonium\985.wav,22050,44100,1,1,3.0,3.0,66150,132300,.wav,132344,cbdef78735a0b2d1e7fa14fb8cf825d08affb7fb516ee8f0403ae8c7529475c4,7d8debbbe0d3a2b147fbfc2c742aadfbc7aac9339e0cdf8933a737c960c9327a,0.40183165669441223,NORMAL,STANDARDIZED,,resampled from 22050 to 44100,
harmonium_001300.wav,986.wav,harmonium,Harmonium,Harmonium\986.wav,22050,44100,1,1,3.0,3.0,66150,132300,.wav,132344,914292b67913f58a4ab1879554da8ab728c94e9860ee3fa9c32542bfabaccc4a,57c93456d5696cc45bfc5013414321b1e71d82abc97abc44c3756c071bf5ca48,0.4167505204677582,NORMAL,STANDARDIZED,,resampled from 22050 to 44100,
harmonium_001301.wav,987.wav,harmonium,Harmonium,Harmonium\987.wav,22050,44100,1,1,3.0,3.0,66150,132300,.wav,132344,35fcf3b37d6acd8def47ba9d6f1f970f085c05c5743e17aa314d0cb6f111ea99,7e1ec55083f7c26abbaab17c40ba284ef4bf00fba850c5d542a8468aa562dda7,0.37857726216316223,NORMAL,STANDARDIZED,,resampled from 22050 to 44100,
harmonium_001302.wav,988.wav,harmonium,Harmonium,Harmonium\988.wav,22050,44100,1,1,3.0,3.0,66150,132300,.wav,132344,2bb3a92632977ea34f2fe0a756c64eb9d0fd4810eb2dd16b370dd19698a9e09d,e23fed868ac4484714732a39f0cb7aa9baae9e783164e8301ffab4343e6ab598,0.43956929445266724,NORMAL,STANDARDIZED,,resampled from 22050 to 44100,
harmonium_001303.wav,989.wav,harmonium,Harmonium,Harmonium\989.wav,22050,44100,1,1,3.0,3.0,66150,132300,.wav,132344,0c31606968f42cf54942fd375b71120b94182ece0d227d661ae8ad1b36531eef,3ff5810e384a58ef7e605ce0eb5a84bb9a6692e5b06b2a81a16322dc5a905c51,0.48360180854797363,NORMAL,STANDARDIZED,,resampled from 22050 to 44100,
harmonium_001304.wav,99.wav,harmonium,Harmonium,Harmonium\99.wav,22050,44100,1,1,3.0,3.0,66150,132300,.wav,132344,d16d884760153e099b334b2914af6764dba40b2a965b84098c4c02e0b0ab102a,15a9c0403ae82a63cb523aa691460debfd6c925b189077838ccff80969c33f40,0.3840561807155609,NORMAL,STANDARDIZED,,resampled from 22050 to 44100,
harmonium_001305.wav,990.wav,harmonium,Harmonium,Harmonium\990.wav,22050,44100,1,1,3.0,3.0,66150,132300,.wav,132344,656bcfcb6e1baddb06418d410442569c4469e673aba963492c0168771b7a3ce7,d37ebcbab6efe7af8149bdb721d122e8e12286282e14a92cbbf2530b022fdcd3,0.4535551965236664,NORMAL,STANDARDIZED,,resampled from 22050 to 44100,
harmonium_001306.wav,991.wav,harmonium,Harmonium,Harmonium\991.wav,22050,44100,1,1,3.0,3.0,66150,132300,.wav,132344,d14499fdcc7615b66a689d24c907c60d8c4867aa47c183ab3caad62f7304b5d4,f0b6190516bff8ff266c57abc6a005767b1554c21cad6cc2cabc2708ba0494a4,0.37048763036727905,NORMAL,STANDARDIZED,,resampled from 22050 to 44100,
harmonium_001307.wav,992.wav,harmonium,Harmonium,Harmonium\992.wav,22050,44100,1,1,3.0,3.0,66150,132300,.wav,132344,c1c86d062c0022167506557a82a889f55ff163f5e2f5a75c79eb7683559e7d26,1549813377bcd73f511dad1f0db396b67572fb40d01d4300c94a134315b26335,0.4481438994407654,NORMAL,STANDARDIZED,,resampled from 22050 to 44100,
harmonium_001308.wav,993.wav,harmonium,Harmonium,Harmonium\993.wav,22050,44100,1,1,3.0,3.0,66150,132300,.wav,132344,a55f23ecfe1dc7389c9f4690f687dc42ce0fe9666bb22aa6daae2531a5754f2a,58b2f8f2292ab23aad0ce712c6bfde259fc56cd49a6bd1b3bc67157b292a2d5a,0.3985866606235504,NORMAL,STANDARDIZED,,resampled from 22050 to 44100,
harmonium_001309.wav,994.wav,harmonium,Harmonium,Harmonium\994.wav,22050,44100,1,1,3.0,3.0,66150,132300,.wav,132344,7e89346d7e3052b52b3b273cd7e4146a909a4bca75230cde06e44ee8e1d53599,0dfb83a6b30b74be1170d1887e87f3b841e80dfe07f935e01d732a02f092d5d5,0.4223426282405853,NORMAL,STANDARDIZED,,resampled from 22050 to 44100,
harmonium_001310.wav,995.wav,harmonium,Harmonium,Harmonium\995.wav,22050,44100,1,1,3.0,3.0,66150,132300,.wav,132344,970428e1dbac9d36db5219c10bf7575bca94acef463b292ac539a281079ba71b,eacb249088799c5f0b7aa89964fd1583251891e9903a91503eb59e88f5fae0fa,0.3808914124965668,NORMAL,STANDARDIZED,,resampled from 22050 to 44100,
harmonium_001311.wav,996.wav,harmonium,Harmonium,Harmonium\996.wav,22050,44100,1,1,3.0,3.0,66150,132300,.wav,132344,4782b9db44fe41e56bf569ae3260df256e4e2e391e53137789cdc0976c45e389,21475fef4d071f92b89f0b3f22bc77ef5bb14c39eac29caf436abd3880039514,0.42344772815704346,NORMAL,STANDARDIZED,,resampled from 22050 to 44100,
harmonium_001312.wav,997.wav,harmonium,Harmonium,Harmonium\997.wav,22050,44100,1,1,3.0,3.0,66150,132300,.wav,132344,f2277f6ea002a907002faa0649d88e619e4406c23258064bd8636c142f651382,e934bd370606758ec0bd04565d39898619310994e4e6f973f2a76424988ff078,0.4635487198829651,NORMAL,STANDARDIZED,,resampled from 22050 to 44100,
harmonium_001313.wav,998.wav,harmonium,Harmonium,Harmonium\998.wav,22050,44100,1,1,3.0,3.0,66150,132300,.wav,132344,1902d32192416d024a753ac8dd2966e26b1a1349268eabcc688d30014b378e20,df973c6d47aa3f9c1a515aa08162b2b9835519d66b68d29c9838ae2cc28a12a7,0.445477157831192,NORMAL,STANDARDIZED,,resampled from 22050 to 44100,
harmonium_001314.wav,999.wav,harmonium,Harmonium,Harmonium\999.wav,22050,44100,1,1,3.0,3.0,66150,132300,.wav,132344,f28e1ccd92857496f04df7f4498f548934a3befcc47290897c40685f2aae9396,5daaf18475809ed8d2e7e65a498c014700ec105e3d3e126d2ea787e46754ee66,0.37166279554367065,NORMAL,STANDARDIZED,,resampled from 22050 to 44100,
harmonium_001315.wav,Harmonium Sample - 01.wav,harmonium,Harmonium,Harmonium\Harmonium Sample - 01.wav,44100,44100,2,1,126.50233560090703,126.50233560090703,5578753,5578753,.wav,22428376,f28c234a81ce94a1c69a42bd23e216c7cdccb102c751f5f4d110e994f96e9f86,20521099e5cb8d0aba4e18f4323d7a3b9fe09bbc9fc384f7adc7144af928de5f,0.05812128633260727,NORMAL,STANDARDIZED,,downmixed to mono,
harmonium_001316.wav,Harmonium Sample - 02.wav,harmonium,Harmonium,Harmonium\Harmonium Sample - 02.wav,44100,44100,2,1,8.870045351473923,8.870045351473923,391169,391169,.wav,1634014,7564a44f0b66db18cd981e0ccbc4c3bde73f4a958e29d867ae6975fe5a9a6ea2,e532db6797c73be40393aa8122b61fcf3fc3df1c82be7d9030de6cd6429e109c,0.14492271840572357,NORMAL,STANDARDIZED,,downmixed to mono,
harmonium_001317.wav,Harmonium Sample - 03.wav,harmonium,Harmonium,Harmonium\Harmonium Sample - 03.wav,44100,44100,2,1,26.90034013605442,26.90034013605442,1186305,1186305,.wav,4852114,8901df73201e1594de4e468d2c3b992674531620c976af88c62af0b530929c42,7220f31d1091e67131b5e2daa835c23dbb577f34d2c10612999f2cc12a8d14a1,0.10739661008119583,NORMAL,STANDARDIZED,,downmixed to mono,
harmonium_001318.wav,Harmonium Sample - 04.wav,harmonium,Harmonium,Harmonium\Harmonium Sample - 04.wav,44100,44100,2,1,72.1280045351474,72.1280045351474,3180845,3180845,.wav,12723458,16a1aa65cd061699421900482f3b88cb10624237e10f542f3d916ab411807bf1,bb0fe94052d9eeb563a29c25a117d3571e0ecacc0e142ffaf9fcaa02c3872a27,0.061924297362565994,NORMAL,STANDARDIZED,,downmixed to mono,
harmonium_001319.wav,Harmonium Sample - 05.wav,harmonium,Harmonium,Harmonium\Harmonium Sample - 05.wav,48000,44100,2,1,90.15466666666667,90.15467120181405,4327424,3975821,.wav,17309774,f1fdc741c0e0407bd9e80722c325f69e27f27700c28843e6befae23ff2a9e9df,40acd7205601ce37fdaace7155dcf7a13049c985717c3539369f3458172d3189,0.03956490010023117,NORMAL,STANDARDIZED,,downmixed to mono | resampled from 48000 to 44100,
harmonium_001320.wav,Harmonium Sample - 06.wav,harmonium,Harmonium,Harmonium\Harmonium Sample - 06.wav,44100,44100,2,1,88.21333333333334,88.21333333333334,3890208,3890208,.wav,15560910,8c35316323d5cf204ee1d9dc77e0bff0dd9e9c708d3bc5e0d6147a8bc1807e8d,d36cd5a00b6e99e7d4d981624eca5fd9b085a4a62ef823cbc24e1486238e490a,0.06219249963760376,NORMAL,STANDARDIZED,,downmixed to mono,
harmonium_001321.wav,Harmonium Sample - 07.wav,harmonium,Harmonium,Harmonium\Harmonium Sample - 07.wav,44100,44100,2,1,315.2426530612245,315.2426530612245,13902201,13902201,.wav,55608882,d5bcf9e43a767eb51d337890bb1237df7c977d2eb9ab57e180647f2118ab5bef,39b9e267331135473bcf26e08bb06016be6d96881d7c4df968c06c7bf8b2d8cf,0.034048378467559814,NORMAL,STANDARDIZED,,downmixed to mono,
harmonium_001322.wav,Harmonium Sample - 08.wav,harmonium,Harmonium,Harmonium\Harmonium Sample - 08.wav,44100,44100,2,1,44.586666666666666,44.586666666666666,1966272,1966272,.wav,7865166,64fea9d6654034cdf7165673ed73b5b185124e8ee26f2c7dbdd005ea5efa7d5a,3e0208c9b11ef2c32258c36b2f1aa945a4f0fd148dd33fcd3ba57500b405ad9b,0.0626603364944458,NORMAL,STANDARDIZED,,downmixed to mono,
