dataset,declared_source,filename,relative_path,extension,codec,sample_rate,channels,sample_format,duration_seconds,num_samples,file_size_bytes,sha256,rms,peak,near_silent_fraction,is_readable,is_probably_isolated,is_mixed_or_contaminated,is_unknown,documentation_evidence,curation_recommendation,requires_manual_review,notes
Dholak,dholak,Dholak Sample - 01.wav,Dholak\Dholak Sample - 01.wav,.wav,WAV,44100,2,PCM_32,6.896326530612245,304128,2436128,de4618266a35618357633b65ea7b7cb6278e9e903d885a113df29b4e765a090a,0.15442633628845215,0.9274806976318359,0.0038963857323232325,True,True,False,False,Found in isolated folder,KEEP,False,
Dholak,dholak,Dholak Sample - 02.wav,Dholak\Dholak Sample - 02.wav,.wav,WAV,44100,2,PCM_32,6.034285714285715,266112,2132002,15a429540935498401194c90f9e987de68d75064dfef92d21cab68ca7e925794,0.05349568650126457,0.6145839691162109,0.016374684343434344,True,True,False,False,Found in isolated folder,KEEP,False,
Dholak,dholak,Dholak Sample - 03.wav,Dholak\Dholak Sample - 03.wav,.wav,WAV,44100,2,PCM_32,6.034285714285715,266112,2132042,1d8894eb1c1a285db783cb625f9cd7bd2f6d475eac1c2051d3bd6c34c0660ca4,0.09177892655134201,0.9606952667236328,0.004996016714766714,True,True,False,False,Found in isolated folder,KEEP,False,
Dholak,dholak,Dholak Sample - 04.wav,Dholak\Dholak Sample - 04.wav,.wav,WAV,44100,2,PCM_32,3.866122448979592,170496,1367074,046abec94357531c8db2426f2ae9027b75248a3da920fca6ed78dae86bb87264,0.07384440302848816,0.8370132446289062,0.007510440127627627,True,True,False,False,Found in isolated folder,KEEP,False,
Dholak,dholak,Dholak Sample - 05.wav,Dholak\Dholak Sample - 05.wav,.wav,WAV,44100,2,PCM_32,6.034285714285715,266112,2132042,b7935a817b9348f660be6aaef5cf4828f24509bda6226b936119737160954bc7,0.09177892655134201,0.9606952667236328,0.004996016714766714,True,True,False,False,Found in isolated folder,KEEP,False,
Dholak,dholak,Dholak Sample - 06.wav,Dholak\Dholak Sample - 06.wav,.wav,WAV,44100,2,PCM_32,6.034285714285715,266112,2132042,dac4dddfc9ff77582645f33595e76c10b3a6160ce6e8d4ba8e24344a4774e971,0.20672813057899475,0.999969482421875,0.008239012145262145,True,True,False,False,Found in isolated folder,KEEP,False,
Dholak,dholak,Dholak Sample - 07.wav,Dholak\Dholak Sample - 07.wav,.wav,WAV,44100,2,PCM_32,9.038367346938776,398592,3191882,87690bca9c236096f4f246824e4f89489430c24e387bf4c802a64e5046cb042b,0.11785665154457092,0.9545612335205078,0.007549072736030829,True,True,False,False,Found in isolated folder,KEEP,False,
Dholak,dholak,Dholak Sample - 08.wav,Dholak\Dholak Sample - 08.wav,.wav,WAV,44100,2,PCM_32,3.369795918367347,148608,1192010,efa4125d36e1d5d395b64cab4e4cbf63b990fc25d8619e327cb4ae3fdc53cff3,0.0991167277097702,0.7374420166015625,0.014057116709732989,True,True,False,False,Found in isolated folder,KEEP,False,
Dholak,dholak,Dholak Sample - 09.wav,Dholak\Dholak Sample - 09.wav,.wav,WAV,44100,2,PCM_32,6.034285714285715,266112,2132042,a3b24a9443194dc724e9c7893ec8ed84bdde9185fdf1d51811c0aa64cb8e659e,0.17120583355426788,0.999969482421875,0.004924618205868206,True,True,False,False,Found in isolated folder,KEEP,False,
Dholak,dholak,Dholak Sample - 10.wav,Dholak\Dholak Sample - 10.wav,.wav,WAV,44100,2,PCM_32,12.042448979591837,531072,4251780,5b34224ebe9d1f489110bc9af4e3398b152ea75a4a1ef4a6a18083ef94cf8861,0.10063920170068741,0.9320793151855469,0.0975724572186069,True,True,False,False,Found in isolated folder,KEEP,False,
Dholak,dholak,Dholak Sample - 11.wav,Dholak\Dholak Sample - 11.wav,.wav,WAV,44100,2,PCM_32,2.4293877551020406,107136,860214,9e623a795a5cda2c3f428163de9bf4e41f57200eccc9f1834dc4863ae1e0a825,0.1848170906305313,0.9581584930419922,0.008101851851851851,True,True,False,False,Found in isolated folder,KEEP,False,
Dholak,dholak,Dholak Sample - 12.wav,Dholak\Dholak Sample - 12.wav,.wav,WAV,44100,2,PCM_32,6.034285714285715,266112,2132100,889f39ea8ae556cdf10d9470baff68f707c2fbec28e1c6fe5dd9d48acc49e811,0.10148613899946213,0.9648094177246094,0.018550459956709956,True,True,False,False,Found in isolated folder,KEEP,False,
Dholak,dholak,Dholak Sample - 13.wav,Dholak\Dholak Sample - 13.wav,.wav,WAV,44100,2,PCM_32,6.034285714285715,266112,2132022,557fb6a68c7c475246aeaa9d3ca2be4ce56c9c92b249536f8d6de0977d178f21,0.04646781459450722,0.5365409851074219,0.019527492183742185,True,True,False,False,Found in isolated folder,KEEP,False,
Dholak,dholak,Dholak Sample - 14.wav,Dholak\Dholak Sample - 14.wav,.wav,WAV,44100,2,PCM_32,4.83265306122449,213120,1708086,fa0317d50f10ace80daca3eed855518c545100b71125fe1b6679022cb54cd37c,0.19919882714748383,0.9754276275634766,0.03950591216216216,True,True,False,False,Found in isolated folder,KEEP,False,
Dholak,dholak,Dholak Sample - 15.wav,Dholak\Dholak Sample - 15.wav,.wav,WAV,44100,2,PCM_32,3.6310204081632653,160128,1284150,573d93b47ab904e9b604f629859fabce6633df6befe1a961e2daa9615d02e0f4,0.11934968829154968,0.6868686676025391,0.2655250799360512,True,True,False,False,Found in isolated folder,KEEP,False,
Dholak,dholak,Dholak Sample - 16.wav,Dholak\Dholak Sample - 16.wav,.wav,WAV,44100,2,PCM_32,4.83265306122449,213120,1708086,57897766f82220c52600bf6da6584d54d087ec73e5bce4c76a499622829fe281,0.15414856374263763,0.9744815826416016,0.00542652027027027,True,True,False,False,Found in isolated folder,KEEP,False,
Dholak,dholak,Dholak Sample - 17.wav,Dholak\Dholak Sample - 17.wav,.wav,WAV,44100,2,PCM_32,3.866122448979592,170496,1367094,fef3bc9f3bf526c67a86065dd0fbb17bdca57477a92aee32d86ab931f61a520a,0.08487456291913986,0.7913799285888672,0.007041220908408408,True,True,False,False,Found in isolated folder,KEEP,False,
Dholak,dholak,Dholak Sample - 18.wav,Dholak\Dholak Sample - 18.wav,.wav,WAV,44100,2,PCM_32,6.034285714285715,266112,2132100,a3041e777598efc8474f2a6505952c32d281ac84870bbf3e600cee296de8ad4d,0.10860323160886765,0.9633064270019531,0.006003111471861472,True,True,False,False,Found in isolated folder,KEEP,False,
Dholak,dholak,Dholak Sample - 19.wav,Dholak\Dholak Sample - 19.wav,.wav,WAV,44100,2,PCM_32,5.616326530612245,247680,1984644,ee159783d523337ea71272caaeeed0184a5b186c3c181022dc8f3bef8c565d3e,0.09409990161657333,0.8519954681396484,0.06372739018087856,True,True,False,False,Found in isolated folder,KEEP,False,
Dholak,dholak,Dholak Sample - 20.wav,Dholak\Dholak Sample - 20.wav,.wav,WAV,44100,2,PCM_32,4.048979591836734,178560,1431684,09d243b057ee6cb6917a7182070f5f480a5cc41a666b2c200df0b2a92bd3e9ca,0.116114042699337,0.8270492553710938,0.01315524193548387,True,True,False,False,Found in isolated folder,KEEP,False,
Dholak,dholak,Dholak Sample - 21.wav,Dholak\Dholak Sample - 21.wav,.wav,WAV,44100,2,PCM_32,6.034285714285715,266112,2132100,4c2a93e725cbcf1bd86a2a6211e8cc8b49344ae1ad5581e0081f6105945e0ae3,0.15432921051979065,0.932830810546875,0.027155859187109187,True,True,False,False,Found in isolated folder,KEEP,False,
Dholak,dholak,Dholak Sample - 22.wav,Dholak\Dholak Sample - 22.wav,.wav,WAV,44100,2,PCM_32,3.9706122448979593,175104,1404036,e66b2ac3344103cc3a5a9a41f94408662d737184f4e51fccffd3e134e0d28ba1,0.12552869319915771,0.9404220581054688,0.007938139619883041,True,True,False,False,Found in isolated folder,KEEP,False,
Dholak,dholak,Dholak Sample - 23.wav,Dholak\Dholak Sample - 23.wav,.wav,WAV,44100,2,PCM_32,13.740408163265306,605952,4850820,8ec93a5736eb200cfddb0c9685559fb7963c368ac4792e5b7e2cd4e03a4a6c9b,0.15933258831501007,0.9554653167724609,0.0018887634664131812,True,True,False,False,Found in isolated folder,KEEP,False,
Dholak,dholak,Dholak Sample - 24.wav,Dholak\Dholak Sample - 24.wav,.wav,WAV,44100,2,PCM_32,6.896326530612245,304128,2436228,5f13802ea2576b8bbd60352bea9ec5d99998a27d5cc054ebc51560fa263bfe38,0.13148830831050873,0.9243850708007812,0.0028392650462962963,True,True,False,False,Found in isolated folder,KEEP,False,
Dholak,dholak,Dholak Sample - 25.wav,Dholak\Dholak Sample - 25.wav,.wav,WAV,44100,2,PCM_32,3.84,169344,1357878,c680efe7ea07d4e1917b41b08d25fb7ffa343854e878176259f81894e7f001b1,0.10536541789770126,0.9838619232177734,0.014101473922902494,True,True,False,False,Found in isolated folder,KEEP,False,
Dholak,dholak,Dholak Sample - 26.wav,Dholak\Dholak Sample - 26.wav,.wav,WAV,44100,2,PCM_32,6.896326530612245,304128,2436228,9be57588fb573439e80d0539a016de5d8b2f3ea2746b03212ae9920f23fd10e2,0.038020405918359756,0.8728656768798828,0.9273595328282829,True,True,False,False,Found in isolated folder,MANUAL_REVIEW,False,EXTREMELY_SHORT_ACTIVE_SIGNAL
Dholak,dholak,Dholak Sample - 27.wav,Dholak\Dholak Sample - 27.wav,.wav,WAV,44100,2,PCM_32,6.034285714285715,266112,2132022,e6ab43d4bc621749e88642e6f7d43723e7c9de899544fdaf3ccc63195cbd6860,0.06974570453166962,0.6165714263916016,0.02330785533910534,True,True,False,False,Found in isolated folder,KEEP,False,
Dholak,dholak,Dholak Sample - 28.wav,Dholak\Dholak Sample - 28.wav,.wav,WAV,44100,2,PCM_32,6.034285714285715,266112,2132100,aa2452d91c3e3f81e5b6fcbbb4e7bd5f6bd925d03a214bc37fcd593bade60e25,0.14686685800552368,0.9415416717529297,0.007181186868686869,True,True,False,False,Found in isolated folder,KEEP,False,
Dholak,dholak,Dholak Sample - 29.wav,Dholak\Dholak Sample - 29.wav,.wav,WAV,44100,2,PCM_32,3.030204081632653,133632,1072182,f50ea0ec64c5a262d93102af5b25df5838b1f3c5a22fe4e8b0610f6c743d66be,0.039560724049806595,0.5882549285888672,0.06408644636015326,True,True,False,False,Found in isolated folder,KEEP,False,
Dholak,dholak,Dholak Sample - 30.wav,Dholak\Dholak Sample - 30.wav,.wav,WAV,44100,2,PCM_32,12.042448979591837,531072,4251780,5cbae625cf15ae8b1fb6c8c6534cee2e4b918f15ddbbeafb40b36c95b62be043,0.22395342588424683,0.999969482421875,0.002951577187274042,True,True,False,False,Found in isolated folder,KEEP,False,
Dholak,dholak,Dholak Sample - 31.wav,Dholak\Dholak Sample - 31.wav,.wav,WAV,44100,2,PCM_32,3.866122448979592,170496,1367094,cf7b6360cb2bd0a5fc4b5308dea0e8229b8f55922b2083b056507f92441fafbf,0.09694110602140427,0.7305259704589844,0.0076863973348348345,True,True,False,False,Found in isolated folder,KEEP,False,
Dholak,dholak,Dholak Sample - 32.wav,Dholak\Dholak Sample - 32.wav,.wav,WAV,44100,2,PCM_32,5.093877551020408,224640,1800246,41e2fda42b7a7af5c969c5b8a72a00f8bb2b82709fe1eb44d5b2a59673f5172e,0.05721572786569595,0.7032814025878906,0.02867031695156695,True,True,False,False,Found in isolated folder,KEEP,False,
Dholak,dholak,Dholak Sample - 33.wav,Dholak\Dholak Sample - 33.wav,.wav,WAV,44100,2,PCM_32,5.093877551020408,224640,1800246,cd05eaedc87e8c4f62d0c2f5accda32d3583d0ed03ada5ea7b2d4a3ffa1d66a0,0.0982445478439331,0.9624919891357422,0.008649394586894586,True,True,False,False,Found in isolated folder,KEEP,False,
Dholak,dholak,Dholak Sample - 34.wav,Dholak\Dholak Sample - 34.wav,.wav,WAV,44100,2,PCM_32,9.038367346938776,398592,3191940,79db17ba7114fddcbe81d44f2158f552027bcc443f5b92db1482888823e0c979,0.11763866245746613,0.9552669525146484,0.004445648683365447,True,True,False,False,Found in isolated folder,KEEP,False,
Dholak,dholak,Dholak Sample - 35.wav,Dholak\Dholak Sample - 35.wav,.wav,WAV,44100,2,PCM_32,13.374693877551021,589824,4721796,9360818105b1156763084a69685dcf54f7a7a6f7edc4988858a8c88fba01d834,0.10522051155567169,0.7259998321533203,0.008440653483072916,True,True,False,False,Found in isolated folder,KEEP,False,
Dholak,dholak,Dholak Sample - 36.wav,Dholak\Dholak Sample - 36.wav,.wav,WAV,44100,2,PCM_32,6.034285714285715,266112,2132100,22f6ae63edb2181e247d5902490d80a5470041ea8b53eea1adc18c0625bcfb26,0.09634541720151901,0.9396915435791016,0.04035894660894661,True,True,False,False,Found in isolated folder,KEEP,False,
Dholak,dholak,Dholak Sample - 37.wav,Dholak\Dholak Sample - 37.wav,.wav,WAV,44100,2,PCM_32,8.045714285714286,354816,2841732,8dee6913f2a5c3b5b1b836ecfb07405101e2c6dca9e280b28ca0889216314f11,0.12494662404060364,0.9566478729248047,0.007243190836940837,True,True,False,False,Found in isolated folder,KEEP,False,
Dholak,dholak,Dholak Sample - 38.wav,Dholak\Dholak Sample - 38.wav,.wav,WAV,44100,2,PCM_32,6.034285714285715,266112,2132100,49aa12e785f1dbc8274107deec704e34fea5c9b6af7aa74f6977cf5932cca02b,0.19688162207603455,0.999969482421875,0.005082446488696489,True,True,False,False,Found in isolated folder,KEEP,False,
Dholak,dholak,Dholak Sample - 39.wav,Dholak\Dholak Sample - 39.wav,.wav,WAV,44100,2,PCM_32,5.093877551020408,224640,1800246,bcbec3eb349aebefbaddaa04483bf69936bbfa0a487d44fd9f86ca9117c67af1,0.08381623774766922,0.7085018157958984,0.009737802706552707,True,True,False,False,Found in isolated folder,KEEP,False,
Dholak,dholak,Dholak Sample - 40.wav,Dholak\Dholak Sample - 40.wav,.wav,WAV,44100,2,PCM_32,6.034285714285715,266112,2132022,99c6e88a9c4e9277eae7eab19870f339751ff93b218fe03feeb9a611aef7287d,0.06281500309705734,0.5661182403564453,0.009492243867243868,True,True,False,False,Found in isolated folder,KEEP,False,
Dholak,dholak,Dholak Sample - 41.wav,Dholak\Dholak Sample - 41.wav,.wav,WAV,44100,2,PCM_32,3.866122448979592,170496,1367094,3c6ad701343a62aaa79f923d2c93c3358c39a3b354d2df071d9addfd440c8f4b,0.0964035764336586,0.7558860778808594,0.005871105480480481,True,True,False,False,Found in isolated folder,KEEP,False,
Dholak,dholak,Dholak Sample - 42.wav,Dholak\Dholak Sample - 42.wav,.wav,WAV,44100,2,PCM_32,5.799183673469388,255744,2049078,6662974984a605329edd3f398102afb17279fb5ea1e644a1035f0961e7ea7344,0.09710343927145004,0.8934841156005859,0.02267110860860861,True,True,False,False,Found in isolated folder,KEEP,False,
Dholak,dholak,Dholak Sample - 43.wav,Dholak\Dholak Sample - 43.wav,.wav,WAV,44100,2,PCM_32,6.034285714285715,266112,2132022,fc122c63783e6f0e8613c227724cb2f01034293d9e0314ef415f29084e3f9536,0.049352649599313736,0.7141704559326172,0.0413265842953343,True,True,False,False,Found in isolated folder,KEEP,False,
Dholak,dholak,Dholak Sample - 44.wav,Dholak\Dholak Sample - 44.wav,.wav,WAV,44100,2,PCM_32,4.048979591836734,178560,1431684,d6f77d8b682d2cf3f44eb3afb7de2cbf7cc2d9e9da7db4c64068e8c6f70bf4e0,0.14067679643630981,0.9704437255859375,0.011041106630824372,True,True,False,False,Found in isolated folder,KEEP,False,
Dholak,dholak,Dholak Sample - 45.wav,Dholak\Dholak Sample - 45.wav,.wav,WAV,44100,2,PCM_32,4.048979591836734,178560,1431684,38e473d1b748f2b15706a177a391d81e2e3cb39d07d46ddbbcba5377c7c34a37,0.14067679643630981,0.9704437255859375,0.011041106630824372,True,True,False,False,Found in isolated folder,KEEP,False,
Dholak,dholak,Dholak Sample - 46.wav,Dholak\Dholak Sample - 46.wav,.wav,WAV,44100,2,PCM_32,3.030204081632653,133632,1072182,a09740677df6ec98c65b954c511fa80f8b7ae06c52877fcd549f1004dd0a8ef0,0.05946158990263939,0.5184440612792969,0.014476323036398467,True,True,False,False,Found in isolated folder,KEEP,False,
Dholak,dholak,Dholak Sample - 47.wav,Dholak\Dholak Sample - 47.wav,.wav,WAV,44100,2,PCM_32,12.042448979591837,531072,4251780,59caae29817ae798a1c49e337789b0efc0d9a3ef099b846befc69754357877fe,0.14369846880435944,0.999969482421875,0.15321651301518438,True,True,False,False,Found in isolated folder,KEEP,False,
Dholak,dholak,Dholak Sample - 48.wav,Dholak\Dholak Sample - 48.wav,.wav,WAV,44100,2,PCM_32,6.034285714285715,266112,2132100,c04c4e9bb299b7f4a1869cbf5f998827f21b958d6c23d75af217e812d615a446,0.15589502453804016,0.8604793548583984,0.00311335076960077,True,True,False,False,Found in isolated folder,KEEP,False,
Dholak,dholak,Dholak Sample - 49.wav,Dholak\Dholak Sample - 49.wav,.wav,WAV,44100,2,PCM_32,3.866122448979592,170496,1367094,40b2dc7d5fc1ea38b63de459cbe60d66e576ebd89d7a202b951045d05e55aec4,0.04578839987516403,0.4113655090332031,0.013070687875375376,True,True,False,False,Found in isolated folder,KEEP,False,
Dholak,dholak,Dholak Sample - 50.wav,Dholak\Dholak Sample - 50.wav,.wav,WAV,44100,2,PCM_32,12.042448979591837,531072,4251780,2db1c8933d164b805634820fab8f0f56d3cf29633cb12c99ef27741da11e81f9,0.14776018261909485,0.9639396667480469,0.003113513798505664,True,True,False,False,Found in isolated folder,KEEP,False,
Dholak,dholak,Dholak Sample - 51.wav,Dholak\Dholak Sample - 51.wav,.wav,WAV,44100,2,PCM_32,4.048979591836734,178560,1431684,a041c1f0e5fc9b0a2f186b80a4f1f21fab9597c06b4e55a9ea858d3a24bdd27e,0.12559781968593597,0.9606666564941406,0.01021785394265233,True,True,False,False,Found in isolated folder,KEEP,False,
Dholak,dholak,Dholak Sample - 52.wav,Dholak\Dholak Sample - 52.wav,.wav,WAV,44100,2,PCM_32,2.5338775510204083,111744,897156,05eaaff96e5f288f88d724bf0d3123b092fad8db74bbe5e26851542e3c6f93dc,0.13793347775936127,0.9357242584228516,0.16476052405498282,True,True,False,False,Found in isolated folder,KEEP,False,
Dholak,dholak,Dholak Sample - 53.wav,Dholak\Dholak Sample - 53.wav,.wav,WAV,44100,2,PCM_32,4.048979591836734,178560,1431684,a491a1e3fa994ff64ec6a076a8778088e7aeb11abfad546af8484af4b3536606,0.12006509304046631,0.9621658325195312,0.012659610215053763,True,True,False,False,Found in isolated folder,KEEP,False,
Dholak,dholak,Dholak Sample - 54.wav,Dholak\Dholak Sample - 54.wav,.wav,WAV,44100,2,PCM_32,4.83265306122449,213120,1708086,cf83946e3bf83bfe89ed8de7d34aa645bee62ca72f068983c6e3888442a9533b,0.15626603364944458,0.9647884368896484,0.00424878003003003,True,True,False,False,Found in isolated folder,KEEP,False,
Dholak,dholak,Dholak Sample - 55.wav,Dholak\Dholak Sample - 55.wav,.wav,WAV,44100,2,PCM_32,3.866122448979592,170496,1367094,ffd77f61009f3a0c114d59b530c0b68f55a20e6cc012d720eae451930ea0fda0,0.08288918435573578,0.7866802215576172,0.009654185435435435,True,True,False,False,Found in isolated folder,KEEP,False,
Dhul,dhul,Assamese  Bihu Dhol (Copyright free).wav,Dhul\Assamese  Bihu Dhol (Copyright free).wav,.wav,WAV,44100,2,PCM_16,229.3318820861678,10113536,40556964,78a2bbef5ed4c732ebb887e60026806ae2b9b23e936e4c3c082bbbe09e022c0e,0.09447698295116425,0.999969482421875,0.011411290769123677,True,True,False,False,Found in isolated folder,KEEP,False,
Dhul,dhul,Assamese Bihu Dhol Recording Session.wav,Dhul\Assamese Bihu Dhol Recording Session.wav,.wav,WAV,44100,2,PCM_16,15.034943310657596,663041,2718672,1085168d4dc5c08b533ba4b205ec0e04231f6b801c051a522fa53467d81ac7ec,0.09007870405912399,0.946563720703125,0.008184260098545943,True,True,False,False,Found in isolated folder,KEEP,False,
Dhul,dhul,Bihu Rhythm Loop _ Indian Pattern.wav,Dhul\Bihu Rhythm Loop _ Indian Pattern.wav,.wav,WAV,44100,2,PCM_16,721.9548526077098,31838209,127463416,47d09ef879de0fd388c4cc7b5a1052eeb045ec619e540920772e718beaadfc85,0.1378461867570877,1.0,0.0040218185639776406,True,True,False,False,Found in isolated folder,KEEP,False,
Dhul,dhul,dhul badan__dholbadan__dhol badan__bihu 2025__bihu dhol__bihu dhul__Assamese bihu dhol__bihu.wav,Dhul\dhul badan__dholbadan__dhol badan__bihu 2025__bihu dhol__bihu dhul__Assamese bihu dhol__bihu.wav,.wav,WAV,44100,2,PCM_16,12.64328798185941,557569,2323322,36129f0f16287009e993d1d906bffa35a407571eeff5ef787691122e2a021d62,0.14811569452285767,0.77972412109375,0.002993351495509973,True,True,False,False,Found in isolated folder,KEEP,False,
Dhul,dhul,Gully-Loops-Bhoral-Dhul-Loop-BPM-160.wav,Dhul\Gully-Loops-Bhoral-Dhul-Loop-BPM-160.wav,.wav,WAV,48000,2,PCM_24,12.0,576000,3456044,16c53a381486486450bad323d9c312e153e31b241b3153e17da1f704c9023ae2,0.09361477941274643,1.0,0.004791666666666666,True,True,False,False,Found in isolated folder,KEEP_AFTER_RESAMPLING,False,
Dhul,dhul,Gully-Loops-Bordoisila-Dhul-Loop-BPM-120.wav,Dhul\Gully-Loops-Bordoisila-Dhul-Loop-BPM-120.wav,.wav,WAV,48000,2,PCM_24,12.0,576000,3456044,7ed49b199ef65b563cc76468b57bf7090393e14e79176e584c4626387fc71a76,0.07667024433612823,0.7208260297775269,0.0058012152777777775,True,True,False,False,Found in isolated folder,KEEP_AFTER_RESAMPLING,False,
Dhul,dhul,Gully-Loops-Dhemaji-Dhul-Loop.wav,Dhul\Gully-Loops-Dhemaji-Dhul-Loop.wav,.wav,WAV,48000,2,PCM_24,9.61875,461700,2770244,4ef2cbb3c8453d12b18634d05f1ef7511cad574fdf78a7fc57023ff722acd0c8,0.09947914630174637,0.825881838798523,0.007680311890838207,True,True,False,False,Found in isolated folder,KEEP_AFTER_RESAMPLING,False,
Dhul,dhul,Gully-Loops-Dhumuha-Dhul-Loop-BPM-100.wav,Dhul\Gully-Loops-Dhumuha-Dhul-Loop-BPM-100.wav,.wav,WAV,48000,2,PCM_24,14.4,691200,4147244,a029f70bd594a4bf8ae55bbc5c77425d66145d6d84ac3a28b53c0caf818ead1e,0.07816226780414581,0.8149162530899048,0.004875578703703704,True,True,False,False,Found in isolated folder,KEEP_AFTER_RESAMPLING,False,
Dhul,dhul,Gully-Loops-Jhumor-Dhul-Loop-BPM-120.wav,Dhul\Gully-Loops-Jhumor-Dhul-Loop-BPM-120.wav,.wav,WAV,48000,2,PCM_24,18.0,864000,5184044,ba484bf3a09e7eefd170c7e41dba611f43ae4abe0a9800b4beb7d45f399f6f31,0.07140383124351501,0.8241268396377563,0.004094907407407407,True,True,False,False,Found in isolated folder,KEEP_AFTER_RESAMPLING,False,
Dhul,dhul,Gully-Loops-Kopou-Loop-BPM-140.wav,Dhul\Gully-Loops-Kopou-Loop-BPM-140.wav,.wav,WAV,48000,2,PCM_24,13.5,648000,3888044,4629403be5fe4626a7e031f0e643427dce79688adbdda647042a37632f6c1f52,0.06347570568323135,0.7694000005722046,0.014688271604938272,True,True,False,False,Found in isolated folder,KEEP_AFTER_RESAMPLING,False,
Dhul,dhul,Gully-Loops-Mahor-Dhul-Loop-BPM-120.wav,Dhul\Gully-Loops-Mahor-Dhul-Loop-BPM-120.wav,.wav,WAV,48000,2,PCM_24,14.0,672000,4032044,1fbedf515b52492020d24077f591ce3edb63f498a4a64e431d74f92dd31d65f3,0.092420294880867,0.817887544631958,0.0028392857142857143,True,True,False,False,Found in isolated folder,KEEP_AFTER_RESAMPLING,False,
Dhul,dhul,Gully-Loops-Nahor-Dhul-Loop.wav,Dhul\Gully-Loops-Nahor-Dhul-Loop.wav,.wav,WAV,48000,2,PCM_24,14.203125,681750,4090544,3f03b106ce2e123f605724197b1a42825ccdcf5b86b8a0daf32c05d8c4eea123,0.08271035552024841,0.817473292350769,0.003942794279427943,True,True,False,False,Found in isolated folder,KEEP_AFTER_RESAMPLING,False,
Dhul,dhul,Gully-Loops-Rohedoi-Dhul-Loop-BPM-100.wav,Dhul\Gully-Loops-Rohedoi-Dhul-Loop-BPM-100.wav,.wav,WAV,48000,2,PCM_24,9.6,460800,2764844,02c7c7a323c81c328616b38ba155b7656e95d82cf511dc8b850739fab966bbd2,0.06489090621471405,0.7683066129684448,0.010399305555555556,True,True,False,False,Found in isolated folder,KEEP_AFTER_RESAMPLING,False,
Flute,flute,100_Dm_SadFlute_01_565.wav,Flute\100_Dm_SadFlute_01_565.wav,.wav,WAV,44100,2,PCM_24,9.6,423360,2584494,311ad7173fa7d35e902bd8c38a72baafe6eb938e291233a9d179d1fa064375c9,0.13341376185417175,0.707945704460144,0.3479072184429327,True,True,False,False,Found in isolated folder,KEEP,False,
Flute,flute,120_C_LongFlute_01_565.wav,Flute\120_C_LongFlute_01_565.wav,.wav,WAV,44100,2,PCM_24,8.0,352800,2153984,53a6e36b9c28335593c460c5f591f7771fbb0e0b33223397fc6b89092689d424,0.14336611330509186,0.7079458236694336,0.04893990929705216,True,True,False,False,Found in isolated folder,KEEP,False,
Flute,flute,120_Em_BluesSlowRiffFlute_01_565.wav,Flute\120_Em_BluesSlowRiffFlute_01_565.wav,.wav,WAV,44100,2,PCM_24,8.0,352800,2153984,77fb70ff08a25ab0eea2be602b7943b69481c4c5dce6694d6e4a2ed637bc51ed,0.07210338115692139,0.707945704460144,0.007876984126984126,True,True,False,False,Found in isolated folder,KEEP,False,
Flute,flute,160_Bm_BluesElectricRiffFlute_01_565.wav,Flute\160_Bm_BluesElectricRiffFlute_01_565.wav,.wav,WAV,44100,2,PCM_24,6.0,264600,1615814,455d7f79f231357ae0c098fc48ecf7e1bda548d419bdb1670c3492e5249ef261,0.13952453434467316,0.7079458236694336,0.28136432350718066,True,True,False,False,Found in isolated folder,KEEP,False,
Flute,flute,160_Bm_BluesTrainFlute_01_565.wav,Flute\160_Bm_BluesTrainFlute_01_565.wav,.wav,WAV,44100,2,PCM_24,6.0,264600,1615814,469d848c21bb31251c74fe27350da923dc6e1f4d868057ee2cf9376333d3fefc,0.1020103394985199,0.7079458236694336,0.24849962207105064,True,True,False,False,Found in isolated folder,KEEP,False,
Flute,flute,160_C_FunkyCarSeatFlute_01_565.wav,Flute\160_C_FunkyCarSeatFlute_01_565.wav,.wav,WAV,44100,2,PCM_24,6.0,264600,1615814,a6777601a042c8315254525ce5a4cea35a9f9eed30c7cfbb5297a00552675b21,0.11478394269943237,0.707945704460144,0.5176643990929706,True,True,False,False,Found in isolated folder,KEEP,False,
Flute,flute,160_Dm_BluesyChorusFlute_01_565.wav,Flute\160_Dm_BluesyChorusFlute_01_565.wav,.wav,WAV,44100,2,PCM_24,6.0,264600,1615814,640c3c516509e9a774e34dbe65236616865eb2834108d1ef218e15def15a7f45,0.09794203191995621,0.707945704460144,0.4411281179138322,True,True,False,False,Found in isolated folder,KEEP,False,
Flute,flute,160_Dm_ChorusFlute_02_565.wav,Flute\160_Dm_ChorusFlute_02_565.wav,.wav,WAV,44100,2,PCM_24,6.0,264600,1615814,bcd1636de3cf6ae356e3968b6d209747c45d2875e140c52063fd02708f15b3a5,0.07816500961780548,0.7079458236694336,0.4396825396825397,True,True,False,False,Found in isolated folder,KEEP,False,
Flute,flute,160_Gm_ChorusRiffFlute_06_565.wav,Flute\160_Gm_ChorusRiffFlute_06_565.wav,.wav,WAV,44100,2,PCM_24,6.0,264600,1615814,1e7ca108bd57e5f84dcee417404ffd922b8a90f84ab2e987ef872c14c08b2a7a,0.12076740711927414,0.707945704460144,0.3456027966742252,True,True,False,False,Found in isolated folder,KEEP,False,
Flute,flute,160_G_SustainedFlute_01_565.wav,Flute\160_G_SustainedFlute_01_565.wav,.wav,WAV,44100,2,PCM_24,6.0,264600,1615814,a3755c638c3552fd894055d1aee6c3d1db5d342b036ec4869e6f9677deb2be0e,0.13037168979644775,0.7079458236694336,0.23617913832199547,True,True,False,False,Found in isolated folder,KEEP,False,
Flute,flute,160_G_SustainedFlute_02_565.wav,Flute\160_G_SustainedFlute_02_565.wav,.wav,WAV,44100,2,PCM_24,6.0,264600,1615814,80b0d0a59b1ca96be35260a85ac10549c4617e9e2a9198d45690b8d70d66983e,0.14732636511325836,0.7079458236694336,0.34554232804232804,True,True,False,False,Found in isolated folder,KEEP,False,
Flute,flute,200_Dm_SsshFlute_02_565.wav,Flute\200_Dm_SsshFlute_02_565.wav,.wav,WAV,44100,2,PCM_24,4.8,211680,1292912,9233245640c29b9b0200e3be3f6370f040da2460ab3dae4e3551a4e1afebf315,0.051189567893743515,0.707945704460144,0.2629913076341648,True,True,False,False,Found in isolated folder,KEEP,False,
Flute,flute,200_Gm_LongFlute_01_565.wav,Flute\200_Gm_LongFlute_01_565.wav,.wav,WAV,44100,2,PCM_24,4.8,211680,1292912,98b0a19706aa285632aeef6b239bdb0c865523c6156b336759c5cad75f7b3b39,0.13525976240634918,0.707945704460144,0.3890542328042328,True,True,False,False,Found in isolated folder,KEEP,False,
Flute,flute,80_Bm_DirtyFlute_01_565.wav,Flute\80_Bm_DirtyFlute_01_565.wav,.wav,WAV,44100,2,PCM_24,6.0,264600,1613730,491fb0dfe9a1855c9936c8cebc821eb076a7903a65bf2f0a6b3da92f39758c7d,0.1158280298113823,0.707945704460144,0.060177626606198034,True,True,False,False,Found in isolated folder,KEEP,False,
Flute,flute,80_Bm_DirtyFlute_02_565.wav,Flute\80_Bm_DirtyFlute_02_565.wav,.wav,WAV,44100,2,PCM_24,6.0,264600,1613730,a72b62339adaf2ec5edc3f6e34a9bbca252b198ac906d002ac3189138ad0747e,0.10013752430677414,0.7079458236694336,0.048518518518518516,True,True,False,False,Found in isolated folder,KEEP,False,
Flute,flute,80_Bm_DirtyFlute_03_565.wav,Flute\80_Bm_DirtyFlute_03_565.wav,.wav,WAV,44100,2,PCM_24,24.0,1058400,6450954,eed73099631d5f8c7c87b8aa4f9fb1693599d5cd0e6d015b690b0e2c9ca08518,0.08747626841068268,0.707945704460144,0.012157501889644746,True,True,False,False,Found in isolated folder,KEEP,False,
Flute,flute,80_Bm_DirtyPatterFlute_01_565.wav,Flute\80_Bm_DirtyPatterFlute_01_565.wav,.wav,WAV,44100,2,PCM_24,6.0,264600,1613730,491b43e60138bded2559845a186bfb3119b9d9e1f009c50d70ebe53e24813e52,0.05995331332087517,0.7079458236694336,0.09296107331821618,True,True,False,False,Found in isolated folder,KEEP,False,
Flute,flute,80_Bm_DirtyPatterFlute_02_565.wav,Flute\80_Bm_DirtyPatterFlute_02_565.wav,.wav,WAV,44100,2,PCM_24,6.0,264600,1613730,b8182df806628f5e991ff37bc1dc7f619a9ca86b2f198f30fe89a5c4c2bec7f8,0.06849674880504608,0.7079458236694336,0.013117913832199547,True,True,False,False,Found in isolated folder,KEEP,False,
Flute,flute,80_Bm_DirtyPatterFlute_03_565.wav,Flute\80_Bm_DirtyPatterFlute_03_565.wav,.wav,WAV,44100,2,PCM_24,6.0,264600,1613730,c721fc82203e58ece7c65beb7392a8dbb7d501c60baf5cb598609253e65c3433,0.09730897843837738,0.707945704460144,0.0515098261526833,True,True,False,False,Found in isolated folder,KEEP,False,
Flute,flute,80_Bm_DirtyStabbyFlute_01_565.wav,Flute\80_Bm_DirtyStabbyFlute_01_565.wav,.wav,WAV,44100,2,PCM_24,6.0,264600,1613730,859dd09fdc66a378438662c09aeb85b6e84dd78f98cb729d6012aab3a8ef38c5,0.04270786792039871,0.7079458236694336,0.07895880574452004,True,True,False,False,Found in isolated folder,KEEP,False,
Flute,flute,80_Bm_DirtyStabbyFlute_02_565.wav,Flute\80_Bm_DirtyStabbyFlute_02_565.wav,.wav,WAV,44100,2,PCM_24,6.0,264600,1613730,e996f4b552df622b1e214dd3e519782329a47165f60c142ab2ce82237a7f31bf,0.07915127277374268,0.707945704460144,0.03639455782312925,True,True,False,False,Found in isolated folder,KEEP,False,
Flute,flute,80_Bm_LongFlute_01_565.wav,Flute\80_Bm_LongFlute_01_565.wav,.wav,WAV,44100,2,PCM_24,6.0,264600,1613730,93ab61743448d84623aeb803e82e67a2e0eec3e930f0a338d3eb71247cf7754d,0.19817401468753815,0.707945704460144,0.01407785336356765,True,True,False,False,Found in isolated folder,KEEP,False,
Flute,flute,80_Bm_LongFlute_02_565.wav,Flute\80_Bm_LongFlute_02_565.wav,.wav,WAV,44100,2,PCM_24,6.0,264600,1613730,6ea6b942ac6ecaf2c0f0f990ee5edb20f178079379d573f179d4b5fc0b60d1e9,0.28079456090927124,0.7079458236694336,0.009525699168556312,True,True,False,False,Found in isolated folder,KEEP,False,
Flute,flute,80_Bm_LongFlute_03_565.wav,Flute\80_Bm_LongFlute_03_565.wav,.wav,WAV,44100,2,PCM_24,6.0,264600,1613730,eac9f8e1cee754eb62287dc8c502dc9e9ed53dc4ed0aa7b11ed6f5857d26cfa9,0.2447933554649353,0.707945704460144,0.004213907785336357,True,True,False,False,Found in isolated folder,KEEP,False,
Flute,flute,80_Bm_LongFlute_04_565.wav,Flute\80_Bm_LongFlute_04_565.wav,.wav,WAV,44100,2,PCM_24,6.0,264600,1613730,54143e82b9cfeb058e2d85868d215765b48b745f018953a0874b78bd6340ef2d,0.20774978399276733,0.707945704460144,0.018724489795918366,True,True,False,False,Found in isolated folder,KEEP,False,
Flute,flute,80_C_CarSeatFlute_01_565.wav,Flute\80_C_CarSeatFlute_01_565.wav,.wav,WAV,44100,2,PCM_24,6.0,264600,1615814,32e7fed355ab647634418a71efb9d07484bd4d30743662b2144c8594353e5274,0.10641796886920929,0.707945704460144,0.5425056689342403,True,True,False,False,Found in isolated folder,KEEP,False,
Flute,flute,80_C_CarSeatFlute_02_565.wav,Flute\80_C_CarSeatFlute_02_565.wav,.wav,WAV,44100,2,PCM_24,6.0,264600,1615814,b92dd1f628235e67220b919787b62ba7faf07a52bfb9b490236d111e4b662885,0.1122550219297409,0.707945704460144,0.15918745275888133,True,True,False,False,Found in isolated folder,KEEP,False,
Flute,flute,80_C_LongFlute_01_565.wav,Flute\80_C_LongFlute_01_565.wav,.wav,WAV,44100,2,PCM_24,6.0,264600,1623182,1a12fdafb07e915291d036384870e334d17e6a5b83b6c29daab2164a3194cfa6,0.08985400944948196,0.707945704460144,0.2187055933484505,True,True,False,False,Found in isolated folder,KEEP,False,
Flute,flute,80_G_DecendingFlute_01_565.wav,Flute\80_G_DecendingFlute_01_565.wav,.wav,WAV,44100,2,PCM_24,12.0,529200,3230298,fe7fab24a1534fd98fc5a5a37a350d6169e797e72c08ecad17f945e9d9555c37,0.1153513565659523,0.707945704460144,0.3277607709750567,True,True,False,False,Found in isolated folder,KEEP,False,
Flute,flute,80_G_FunkyRiffFlute_01_565.wav,Flute\80_G_FunkyRiffFlute_01_565.wav,.wav,WAV,44100,2,PCM_24,12.0,529200,3230298,42418edbd7f18e3d820a2c1fe9025edc5210707c098927a1f62acc23daa04f30,0.08354630321264267,0.7079458236694336,0.011443688586545729,True,True,False,False,Found in isolated folder,KEEP,False,
Flute,flute,allemande_fifth_fragment_preston.wav,Flute\allemande_fifth_fragment_preston.wav,.wav,WAV,44100,1,PCM_16,21.110521541950114,930974,1862026,bacfcde10f96a163735efc114ca365289e4075ac5e28e376ce2e76f3baa3ee10,0.03024895302951336,0.2470703125,0.00676925456564845,True,True,False,False,Found in isolated folder,KEEP,False,
Flute,flute,allemande_fifth_fragment_preston_resampled.wav,Flute\allemande_fifth_fragment_preston_resampled.wav,.wav,WAV,44100,1,PCM_16,19.074149659863945,841170,1682384,a28fff3b0a3cf15a3dcd5aef9f49fa45993d51982f16a2b8790697add005050c,0.03028266318142414,0.24713134765625,0.00719117419784348,True,True,False,False,Found in isolated folder,KEEP,False,
Flute,flute,allemande_fifth_fragment_rampal.wav,Flute\allemande_fifth_fragment_rampal.wav,.wav,WAV,44100,1,PCM_16,18.220702947845805,803533,1607144,98ecd6663d79a722ac165a8b502e65772184b2365dcfdfab7b2d3c2e10b5bb78,0.1347937136888504,0.7509765625,0.0017248824877136347,True,True,False,False,Found in isolated folder,KEEP,False,
Flute,flute,allemande_first_fragment_larrieu.wav,Flute\allemande_first_fragment_larrieu.wav,.wav,WAV,44100,1,PCM_16,23.098049886621315,1018624,2037326,02f007f6382c4727ee026db3a45bf9ed3e6c57946bdee4b72ea91a0687fa13be,0.06520882248878479,0.4315185546875,0.0017297844935913547,True,True,False,False,Found in isolated folder,KEEP,False,
Flute,flute,allemande_first_fragment_nicolet.wav,Flute\allemande_first_fragment_nicolet.wav,.wav,WAV,44100,1,PCM_16,22.945124716553288,1011880,2023838,ebb35b754b9cbb5726aadddd2f7cff809121895124132985f5e53969ac25377b,0.058199431747198105,0.396240234375,0.003107087796971973,True,True,False,False,Found in isolated folder,KEEP,False,
Flute,flute,allemande_fourth_fragment_gerard.wav,Flute\allemande_fourth_fragment_gerard.wav,.wav,WAV,44100,1,PCM_16,16.891972789115645,744936,1489950,3e4c4d9ea7f71f4ca899a7403e46e1abe5f21e1d3b0b0e1e7259183c384333b7,0.054347600787878036,0.30572509765625,0.002055210112009622,True,True,False,False,Found in isolated folder,KEEP,False,
Flute,flute,allemande_fourth_fragment_larrieu.wav,Flute\allemande_fourth_fragment_larrieu.wav,.wav,WAV,44100,1,PCM_16,18.567256235827664,818816,1637710,3ce3d284aed17e2742c38ca5df7b51ef2d53c8568bbea6950c63d797fd36ca4e,0.05833481252193451,0.39617919921875,0.0019296154447397218,True,True,False,False,Found in isolated folder,KEEP,False,
Flute,flute,allemande_second_fragment_gerard.wav,Flute\allemande_second_fragment_gerard.wav,.wav,WAV,44100,1,PCM_16,19.31156462585034,851640,1703358,f6f8b17fe59cc21b2396d3783fa0b066aa92b0498192a6bf8bbd791bddd95c2d,0.04821901395916939,0.25836181640625,0.0020196327086562395,True,True,False,False,Found in isolated folder,KEEP,False,
Flute,flute,allemande_second_fragment_preston.wav,Flute\allemande_second_fragment_preston.wav,.wav,WAV,44100,1,PCM_16,22.984965986394556,1013637,2027352,80dcda1f986863525df5246a245f720be1921d574f7efad6925908ff95a909c5,0.008942407555878162,0.05401611328125,0.01041398449346265,True,True,False,False,Found in isolated folder,KEEP,False,
Flute,flute,allemande_second_fragment_preston_resampled.wav,Flute\allemande_second_fragment_preston_resampled.wav,.wav,WAV,44100,1,PCM_16,20.767777777777777,915859,1831762,6592d410948d3aadd889c90d310d9f7b88ab0e388714ac6039894000fa00b791,0.008949930779635906,0.054046630859375,0.011107604991598052,True,True,False,False,Found in isolated folder,KEEP,False,
Flute,flute,allemande_third_fragment_nicolet.wav,Flute\allemande_third_fragment_nicolet.wav,.wav,WAV,44100,1,PCM_16,13.433877551020409,592434,1184946,93b74b7d55d6bf5a4957c5b2cdb7e2ccf1c4e910e64be294e4402ddd1ade4e52,0.04049946367740631,0.24896240234375,0.002263543280770516,True,True,False,False,Found in isolated folder,KEEP,False,
Flute,flute,allemande_third_fragment_rampal.wav,Flute\allemande_third_fragment_rampal.wav,.wav,WAV,44100,1,PCM_16,13.605442176870747,600000,1200078,2c67e9b849fc23d09ed3dcd997ef49735e71a2c3b2dc0e910aca7334e6708d74,0.04991133138537407,0.320556640625,0.002145,True,True,False,False,Found in isolated folder,KEEP,False,
Flute,flute,density_fifth_fragment_beauregard.wav,Flute\density_fifth_fragment_beauregard.wav,.wav,WAV,44100,1,PCM_16,35.752925170068025,1576704,3153486,fcb4d4930b05fceacf31b4688e3aef41787a47efdeff141fbf920b64518c236f,0.040110208094120026,0.215087890625,0.009060673404773503,True,True,False,False,Found in isolated folder,KEEP,False,
Flute,flute,density_first_fragment_zoon.wav,Flute\density_first_fragment_zoon.wav,.wav,WAV,44100,1,PCM_16,53.852698412698416,2374904,4749886,b0125a97288d5c5356fbdf7a9f7bbc54685197bfd166ef5a1337e9cbbba41a84,0.012852617539465427,0.090087890625,0.033452720615233286,True,True,False,False,Found in isolated folder,KEEP,False,
Flute,flute,density_fourth_fragment_beauregard.wav,Flute\density_fourth_fragment_beauregard.wav,.wav,WAV,44100,1,PCM_16,34.14038548752834,1505591,3011260,9164d5818e5f2daf8b3846cc1b8e70e0d7959e316d025d89471050b0ae163f4d,0.023391537368297577,0.12237548828125,0.012794311336877013,True,True,False,False,Found in isolated folder,KEEP,False,
Flute,flute,density_second_fragment_zoon.wav,Flute\density_second_fragment_zoon.wav,.wav,WAV,44100,1,PCM_16,35.59619047619048,1569792,3139662,082b66a4dfb0add0e4767896539142575b5b6f737e7de2df5065e9d3d8e3ed95,0.018804870545864105,0.136871337890625,0.056341222276581865,True,True,False,False,Found in isolated folder,KEEP,False,
Flute,flute,density_sixth_fragment_beauregard.wav,Flute\density_sixth_fragment_beauregard.wav,.wav,WAV,44100,1,PCM_16,48.476462585034014,2137812,4275702,d0a6068d5fe7f50dfebb376e7d4083a5fc6c7ceb61422cb0efd7a00ea1c0fec9,0.019509760662913322,0.124420166015625,0.011139426666142767,True,True,False,False,Found in isolated folder,KEEP,False,
Flute,flute,density_third_fragment_zoon.wav,Flute\density_third_fragment_zoon.wav,.wav,WAV,44100,1,PCM_16,34.04045351473923,1501184,3002446,cd3cb640e03c62eb5cf1e32a83cc7c917bc824e6e4359fcd8f40a6df6b8971ec,0.01390285324305296,0.11444091796875,0.2326350400750341,True,True,False,False,Found in isolated folder,KEEP,False,
Flute,flute,Gully-Loops-Abyss-Flute-Loop-BPM-150-Pt-2-E.wav,Flute\Gully-Loops-Abyss-Flute-Loop-BPM-150-Pt-2-E.wav,.wav,WAV,48000,2,PCM_24,30.6,1468800,8812844,af0ad08941d37b177693d5ab8d973d207efe2ca293bd11b9b315fef758d48d8b,0.11674673110246658,0.5634558200836182,0.11524441721132897,True,True,False,False,Found in isolated folder,KEEP_AFTER_RESAMPLING,False,
Flute,flute,Gully-Loops-Birds-Flute-Loop-BPM-110-.wav,Flute\Gully-Loops-Birds-Flute-Loop-BPM-110-.wav,.wav,WAV,48000,2,PCM_24,8.727291666666666,418910,2513504,c619bcce6495a4c622e8ca973fc37fa1a0da4a733f9854539691af999d5b5f9d,0.08611617237329483,0.3598290681838989,0.1690983743524862,True,True,False,False,Found in isolated folder,KEEP_AFTER_RESAMPLING,False,
Flute,flute,Gully-Loops-Butter-Flute-Loop-BPM-105-D.wav,Flute\Gully-Loops-Butter-Flute-Loop-BPM-105-D.wav,.wav,WAV,48000,2,PCM_24,9.142875,438858,2633192,6af772f17b460a7fc7e63ea07a46ee11c937e7532b2abf44208611f9a5f37be9,0.17250476777553558,0.5039814710617065,0.0024700472590222806,True,True,False,False,Found in isolated folder,KEEP_AFTER_RESAMPLING,False,
Flute,flute,Gully-Loops-Butterfly-Flute-Loop-BPM-105-D.wav,Flute\Gully-Loops-Butterfly-Flute-Loop-BPM-105-D.wav,.wav,WAV,48000,2,PCM_24,12.285729166666666,589715,3538334,da00bfbea6459eb5fd423402888471c28e25fb0fc12ef59bd569f2fab524925f,0.1207977756857872,0.503981351852417,0.09694174304536937,True,True,False,False,Found in isolated folder,KEEP_AFTER_RESAMPLING,False,
Flute,flute,Gully-Loops-Close-Flute-Loop-BPM-107-E.wav,Flute\Gully-Loops-Close-Flute-Loop-BPM-107-E.wav,.wav,WAV,48000,2,PCM_24,8.971979166666667,430655,2583974,8bdf7b4388d6685be3ad812545487b30e6d37b7ef99033d6ac69115d74b0d8a1,0.13887768983840942,0.6334942579269409,0.15261404140205037,True,True,False,False,Found in isolated folder,KEEP_AFTER_RESAMPLING,False,
Flute,flute,Gully-Loops-Ember-Flute-Loop-BPM-B.wav,Flute\Gully-Loops-Ember-Flute-Loop-BPM-B.wav,.wav,WAV,48000,2,PCM_24,13.714291666666666,658286,3949760,4eebc114ca8cd7d8b73caea23ebdc33418e8fb7b4b9c4aec885d2d2017612b3c,0.13739119470119476,0.5153911113739014,0.006123478245018123,True,True,False,False,Found in isolated folder,KEEP_AFTER_RESAMPLING,False,
Flute,flute,Gully-Loops-Fly-Flute-Loop-BPM-100-A.wav,Flute\Gully-Loops-Fly-Flute-Loop-BPM-100-A.wav,.wav,WAV,48000,2,PCM_24,9.6,460800,2764844,252a2bdbadc59f34bfa441d8d5363194970934fb1b3279900c78d09664ef43fa,0.14431409537792206,0.5720313787460327,0.39709852430555553,True,True,False,False,Found in isolated folder,KEEP_AFTER_RESAMPLING,False,
Flute,flute,Gully-Loops-Genesis-Flute-Loop-BPM-100-A.wav,Flute\Gully-Loops-Genesis-Flute-Loop-BPM-100-A.wav,.wav,WAV,48000,2,PCM_24,28.8,1382400,8294444,3e36623da927344c00334ac659be1972e4caf57111eb8410a458182ec7a86511,0.08474699407815933,0.387453556060791,0.06544777199074074,True,True,False,False,Found in isolated folder,KEEP_AFTER_RESAMPLING,False,
Flute,flute,Gully-Loops-Healing-Flute-Loop-BPM-128-A.wav,Flute\Gully-Loops-Healing-Flute-Loop-BPM-128-A.wav,.wav,WAV,48000,2,PCM_24,30.0,1440000,8640044,800ece629532bdb06246eee9c14c979d6933252acdb746bc2f25a3f0f9d198b0,0.12923136353492737,0.8323854207992554,0.189625,True,True,False,False,Found in isolated folder,KEEP_AFTER_RESAMPLING,False,
Flute,flute,Gully-Loops-Horizon-Flute-Loop-BPM-100-A.wav,Flute\Gully-Loops-Horizon-Flute-Loop-BPM-100-A.wav,.wav,WAV,48000,2,PCM_24,10.05,482400,2894444,d3e149561114787767ea15fba4ef97449fd882e1965ec538230030e047eaed9b,0.1184239611029625,0.513776421546936,0.0018988391376451078,True,True,False,False,Found in isolated folder,KEEP_AFTER_RESAMPLING,False,
Flute,flute,Gully-Loops-Infinite-Love-Flute-Loop.wav,Flute\Gully-Loops-Infinite-Love-Flute-Loop.wav,.wav,WAV,48000,2,PCM_24,52.092020833333336,2500417,15002546,77e5cafbeb632b84fd7c81344228206eb0cdb59e41e3c11ecafcd4c7269e7bf7,0.10201206058263779,0.6156154870986938,0.2079051214257462,True,True,False,False,Found in isolated folder,KEEP_AFTER_RESAMPLING,False,
Flute,flute,Gully-Loops-Kalponik-Flute-Loop-C.wav,Flute\Gully-Loops-Kalponik-Flute-Loop-C.wav,.wav,WAV,48000,2,PCM_24,16.35,784800,4708844,1763ed822a9bbdfa2fc73f34deb8cb4a145a8cfb6a73e1f4b737e4beb32cfc60,0.1445692479610443,0.5832821130752563,0.08842125382262997,True,True,False,False,Found in isolated folder,KEEP_AFTER_RESAMPLING,False,
Flute,flute,Gully-Loops-Maya-Flute-Loop-BPM-128-Pt-2-C.wav,Flute\Gully-Loops-Maya-Flute-Loop-BPM-128-Pt-2-C.wav,.wav,WAV,48000,2,PCM_24,7.5,360000,2160044,124384eb9e1e0c875f6d2788063e1b62cb65b235ea013f725628009be740b8c2,0.2381143718957901,0.8031421899795532,0.014361111111111111,True,True,False,False,Found in isolated folder,KEEP_AFTER_RESAMPLING,False,
Flute,flute,Gully-Loops-Preety-Flute-Loop-BPM-105-A.wav,Flute\Gully-Loops-Preety-Flute-Loop-BPM-105-A.wav,.wav,WAV,48000,2,PCM_24,27.428583333333332,1316572,7899476,3a1874411e8046c738bc6daf1f423dcee86c2aff231f59fd81d62e1f18ec8194,0.1497112512588501,0.5432826280593872,0.13958446632618648,True,True,False,False,Found in isolated folder,KEEP_AFTER_RESAMPLING,False,
Flute,flute,Gully-Loops-Sudden-Flute-Loop-BPM-130-A.wav,Flute\Gully-Loops-Sudden-Flute-Loop-BPM-130-A.wav,.wav,WAV,48000,2,PCM_24,7.384625,354462,2126816,37d9e750dac550a89b6a403a7163b57b8b12213274302437d4d73af002fb9d66,0.08802556991577148,0.2523057460784912,0.002194875614311266,True,True,False,False,Found in isolated folder,KEEP_AFTER_RESAMPLING,False,
Flute,flute,Gully-Loops-Unique-Flute-Loop-BPM-110-A.wav,Flute\Gully-Loops-Unique-Flute-Loop-BPM-110-A.wav,.wav,WAV,48000,2,PCM_24,8.727291666666666,418910,2513504,40d85cdb7bc8ffb743b257b8fa684a00bd352d59c1f5e6a40f5415c4464ef891,0.137903094291687,0.4169456958770752,0.0015182258719056599,True,True,False,False,Found in isolated folder,KEEP_AFTER_RESAMPLING,False,
Flute,flute,Gully-Loops-Velocity-Flute-Loop-BPM-102-F.wav,Flute\Gully-Loops-Velocity-Flute-Loop-BPM-102-F.wav,.wav,WAV,48000,2,PCM_24,22.352958333333333,1072942,6437696,39eb58caf96a61829f291240256b00a1defad19c702e130c7969251a84134be6,0.08564824610948563,0.4422941207885742,0.24712333005884754,True,True,False,False,Found in isolated folder,KEEP_AFTER_RESAMPLING,False,
Flute,flute,sequenza_first_fragment_robison.wav,Flute\sequenza_first_fragment_robison.wav,.wav,WAV,44100,1,PCM_16,32.41541950113378,1429520,2859118,39c17901de4faa7e8cfd5197b350832a8e7cea86e921896490ab9bfbade9388b,0.07219525426626205,0.966705322265625,0.020799988807431866,True,True,False,False,Found in isolated folder,KEEP,False,
Flute,flute,sequenza_fourth_fragment_robison.wav,Flute\sequenza_fourth_fragment_robison.wav,.wav,WAV,44100,1,PCM_16,48.19591836734694,2125440,4250958,6aabffc2496758dac3f70656f14b07ccec5297ca247be03c3af380b8211b4896,0.054618965834379196,0.950408935546875,0.036988576482987055,True,True,False,False,Found in isolated folder,KEEP,False,
Flute,flute,sequenza_second_fragment_robison.wav,Flute\sequenza_second_fragment_robison.wav,.wav,WAV,44100,1,PCM_16,16.384580498866214,722560,1445198,dd7900c0430afc3e54c923c254b19475d3cd225b271ac5e024f082ff8ff4c3fb,0.10821826010942459,0.9732666015625,0.006514337909654561,True,True,False,False,Found in isolated folder,KEEP,False,
Flute,flute,sequenza_sixth_fragment_robison.wav,Flute\sequenza_sixth_fragment_robison.wav,.wav,WAV,44100,1,PCM_16,17.917596371882087,790166,1580410,7410671093316533caae08de40af9832fdad2206ef6d6f1dc2c1c9b09e2a691e,0.1218426525592804,0.91558837890625,0.013627516243422268,True,True,False,False,Found in isolated folder,KEEP,False,
Flute,flute,syrinx_fifth_fragment_bourdin.wav,Flute\syrinx_fifth_fragment_bourdin.wav,.wav,WAV,44100,1,PCM_16,60.61353741496599,2673057,5346192,6a0b7da01dc0006891922fc4c86c140d657c840911af356e5d0e6af3fdf4fd11,0.03452983871102333,0.36041259765625,0.01143858885164065,True,True,False,False,Found in isolated folder,KEEP,False,
Flute,flute,syrinx_fifth_fragment_rhodes.wav,Flute\syrinx_fifth_fragment_rhodes.wav,.wav,WAV,44100,1,PCM_16,57.50693877551021,2536056,5072190,8a4ea40129e0ddf39158fcb719036d03137337518cab5b0253a1f4de1a92fb0d,0.01766980066895485,0.1636962890625,0.044014406621935794,True,True,False,False,Found in isolated folder,KEEP,False,
Flute,flute,syrinx_first_fragment_bernold.wav,Flute\syrinx_first_fragment_bernold.wav,.wav,WAV,44100,1,PCM_16,29.942131519274376,1320448,2640974,9ef4c7cc3a3ee004c724ab7be6156ededdc745bc0a250d94c3af55bd163e48a2,0.022870942950248718,0.101715087890625,0.012738101008142691,True,True,False,False,Found in isolated folder,KEEP,False,
Flute,flute,syrinx_first_fragment_douglas.wav,Flute\syrinx_first_fragment_douglas.wav,.wav,WAV,44100,1,PCM_16,28.979591836734695,1278000,2556078,40ec9c72f37d8511c39a6044d3f18e07b6ae3c6775f6613b6616225849be1920,0.028344253078103065,0.1612548828125,0.02794131455399061,True,True,False,False,Found in isolated folder,KEEP,False,
Flute,flute,syrinx_fourth_fragment_bernold.wav,Flute\syrinx_fourth_fragment_bernold.wav,.wav,WAV,44100,1,PCM_16,23.287097505668935,1026961,2054000,4e43db762aa4843ccd012281928ac09244e46ab183b84814637b10c5a48a50ae,0.02909131906926632,0.255035400390625,0.008513468379032893,True,True,False,False,Found in isolated folder,KEEP,False,
Flute,flute,syrinx_fourth_fragment_dwyer.wav,Flute\syrinx_fourth_fragment_dwyer.wav,.wav,WAV,44100,1,PCM_16,29.42063492063492,1297450,2594978,61f28bf542e67b5b75b55d2c99dbaa60fa37859ab199283442c224701e8375c0,0.03036123514175415,0.22412109375,0.009498631931866354,True,True,False,False,Found in isolated folder,KEEP,False,
Flute,flute,syrinx_second_fragment_bourdin.wav,Flute\syrinx_second_fragment_bourdin.wav,.wav,WAV,44100,1,PCM_16,29.899455782312923,1318566,2637210,49c20f264e7f55c80979c415ae70edc520ae384c79d04848c0de233fb340c04c,0.036538027226924896,0.27191162109375,0.006858208083630247,True,True,False,False,Found in isolated folder,KEEP,False,
Flute,flute,syrinx_second_fragment_dwyer.wav,Flute\syrinx_second_fragment_dwyer.wav,.wav,WAV,44100,1,PCM_16,27.90532879818594,1230625,2461328,b096e1fe3ff9d930bc8059db86feecf2b48e3a747060c067d2103becbc844167,0.02673240192234516,0.19256591796875,0.016073133570340275,True,True,False,False,Found in isolated folder,KEEP,False,
Flute,flute,syrinx_third_fragment_douglas.wav,Flute\syrinx_third_fragment_douglas.wav,.wav,WAV,44100,1,PCM_16,27.10893424036281,1195504,2391086,085c66f59bbd780a5f608b33ec1f2bd1de12628271deddec73f4b833a7a727fd,0.017486603930592537,0.1253662109375,0.01148887833081278,True,True,False,False,Found in isolated folder,KEEP,False,
Flute,flute,syrinx_third_fragment_rhodes.wav,Flute\syrinx_third_fragment_rhodes.wav,.wav,WAV,44100,1,PCM_16,28.89190476190476,1274133,2548344,bde08ebf742624b2f371e600764f32f22d68ecca522221723d169788db172d43,0.01698853075504303,0.18115234375,0.024283179228542076,True,True,False,False,Found in isolated folder,KEEP,False,
Flute,flute,allemande_fifth_fragment_preston.wav,Flute\Kaggle_Classification_Clips\Flute\synth\ground_truth\allemande_fifth_fragment_preston.wav,.wav,WAV,44100,1,PCM_16,21.477392290249433,947153,1894350,1f94b620b5c7a401292b405ad2a749e3e42f688f8515d354da3bd8570fbbd19a,0.08506578952074051,0.222442626953125,0.04583525576121281,True,True,False,False,Found in isolated folder,KEEP,False,
Flute,flute,allemande_fifth_fragment_rampal.wav,Flute\Kaggle_Classification_Clips\Flute\synth\ground_truth\allemande_fifth_fragment_rampal.wav,.wav,WAV,44100,1,PCM_16,17.836916099773244,786608,1573260,565e46e3c16211283cfb77827247a770f47cef7baba77bf2fbae6980df39e1c9,0.08422654122114182,0.223419189453125,0.03463732888554401,True,True,False,False,Found in isolated folder,KEEP,False,
Flute,flute,allemande_first_fragment_larrieu.wav,Flute\Kaggle_Classification_Clips\Flute\synth\ground_truth\allemande_first_fragment_larrieu.wav,.wav,WAV,44100,1,PCM_16,23.73814058956916,1046852,2093748,ab5b59a64f20784abd53b51b2c1d41e7a8aa60a0cec3f019a4798c0342963717,0.08500867336988449,0.235565185546875,0.024653914784515864,True,True,False,False,Found in isolated folder,KEEP,False,
Flute,flute,allemande_first_fragment_nicolet.wav,Flute\Kaggle_Classification_Clips\Flute\synth\ground_truth\allemande_first_fragment_nicolet.wav,.wav,WAV,44100,1,PCM_16,23.524739229024945,1037441,2074926,b6b8d71e358fef1726a48600064b581ad4b976653f0f276d0fe65425f5a5e740,0.08328452706336975,0.223175048828125,0.02683140535220798,True,True,False,False,Found in isolated folder,KEEP,False,
Flute,flute,allemande_fourth_fragment_gerard.wav,Flute\Kaggle_Classification_Clips\Flute\synth\ground_truth\allemande_fourth_fragment_gerard.wav,.wav,WAV,44100,1,PCM_16,17.873673469387754,788229,1576502,2869752fc839dc52b7c08f17713ecd4e19cd15545ab0de326440fd991223a746,0.0816187635064125,0.223846435546875,0.034505200899738526,True,True,False,False,Found in isolated folder,KEEP,False,
Flute,flute,allemande_fourth_fragment_larrieu.wav,Flute\Kaggle_Classification_Clips\Flute\synth\ground_truth\allemande_fourth_fragment_larrieu.wav,.wav,WAV,44100,1,PCM_16,19.370022675736962,854218,1708480,872e8ca0497851977391481788f9d59a35c844f2ca82f8d9622b358c1210bd05,0.08310218900442123,0.227325439453125,0.030215940193252775,True,True,False,False,Found in isolated folder,KEEP,False,
Flute,flute,allemande_second_fragment_gerard.wav,Flute\Kaggle_Classification_Clips\Flute\synth\ground_truth\allemande_second_fragment_gerard.wav,.wav,WAV,44100,1,PCM_16,20.057006802721087,884514,1769072,c6b84025ff8ab1e4f869d6433abfcd27fc9f65fdb7f7f5eb34bfdd75264f0d14,0.08189122378826141,0.22845458984375,0.030729869736375003,True,True,False,False,Found in isolated folder,KEEP,False,
Flute,flute,allemande_second_fragment_preston.wav,Flute\Kaggle_Classification_Clips\Flute\synth\ground_truth\allemande_second_fragment_preston.wav,.wav,WAV,44100,1,PCM_16,23.3284126984127,1028783,2057610,c2fb5132e3a0b07f05899d74cd4c09c38afd4281eb28a54ad6a330edda07d414,0.08746428042650223,0.2164306640625,0.02505970646871109,True,True,False,False,Found in isolated folder,KEEP,False,
Flute,flute,allemande_third_fragment_nicolet.wav,Flute\Kaggle_Classification_Clips\Flute\synth\ground_truth\allemande_third_fragment_nicolet.wav,.wav,WAV,44100,1,PCM_16,14.395578231292516,634845,1269734,4ab6cab1ea5353f899a82e7e602c1151fdc4eead9d3c1d5db2fa042215e5ff5d,0.08082135021686554,0.22808837890625,0.047547039041025765,True,True,False,False,Found in isolated folder,KEEP,False,
Flute,flute,allemande_third_fragment_rampal.wav,Flute\Kaggle_Classification_Clips\Flute\synth\ground_truth\allemande_third_fragment_rampal.wav,.wav,WAV,44100,1,PCM_16,14.067324263038548,620369,1240782,656a8963fce38ab7c174db50382a32d3952f9134203ebc49fe7528f7c259fb96,0.08147988468408585,0.225555419921875,0.04351120059190579,True,True,False,False,Found in isolated folder,KEEP,False,
Flute,flute,density_fifth_fragment_beauregard.wav,Flute\Kaggle_Classification_Clips\Flute\synth\ground_truth\density_fifth_fragment_beauregard.wav,.wav,WAV,44100,1,PCM_16,36.0881179138322,1591486,3183016,2b6d5ebd33c23232a336a75958ea14bf2fd3354e42d035a279411a378a927069,0.09309616684913635,0.24560546875,0.09399831352584942,True,True,False,False,Found in isolated folder,KEEP,False,
Flute,flute,density_first_fragment_zoon.wav,Flute\Kaggle_Classification_Clips\Flute\synth\ground_truth\density_first_fragment_zoon.wav,.wav,WAV,44100,1,PCM_16,52.814195011337866,2329106,4658256,53b668af5c5e1d8581bf37460d41620fa0779b79ea3c2f3f6e3b1cd21ca45d10,0.08580397814512253,0.23150634765625,0.03858089756327106,True,True,False,False,Found in isolated folder,KEEP,False,
Flute,flute,density_fourth_fragment_beauregard.wav,Flute\Kaggle_Classification_Clips\Flute\synth\ground_truth\density_fourth_fragment_beauregard.wav,.wav,WAV,44100,1,PCM_16,33.894013605442176,1494726,2989496,4fd1eaa5542afb972c0e52f034cbd1a23d3ae73b0c3a4d4743327516b14864a8,0.08186374604701996,0.2056884765625,0.05424405543223307,True,True,False,False,Found in isolated folder,KEEP,False,
Flute,flute,density_second_fragment_zoon.wav,Flute\Kaggle_Classification_Clips\Flute\synth\ground_truth\density_second_fragment_zoon.wav,.wav,WAV,44100,1,PCM_16,34.68984126984127,1529822,3059688,1c5e6730ef24cb28046c968a36e18f70e8b6740d31814d6c98aaf1c5f3c4269b,0.09177321195602417,0.232147216796875,0.050178386766565,True,True,False,False,Found in isolated folder,KEEP,False,
Flute,flute,density_sixth_fragment_beauregard.wav,Flute\Kaggle_Classification_Clips\Flute\synth\ground_truth\density_sixth_fragment_beauregard.wav,.wav,WAV,44100,1,PCM_16,47.77428571428572,2106846,4213736,2e4bff613f34ef21d035d0945192b27b04441805d0d9633a6befb66ade0ef8c9,0.09796813130378723,0.23016357421875,0.020072183728663606,True,True,False,False,Found in isolated folder,KEEP,False,
Flute,flute,density_third_fragment_zoon.wav,Flute\Kaggle_Classification_Clips\Flute\synth\ground_truth\density_third_fragment_zoon.wav,.wav,WAV,44100,1,PCM_16,34.25140589569161,1510487,3021018,f7f0742d164bc2d5ad75b77f12e4136cdb365bb3928f2284d05f4a9c22cf63f2,0.07813958078622818,0.2208251953125,0.2361821055063698,True,True,False,False,Found in isolated folder,KEEP,False,
Flute,flute,sequenza_first_fragment_robison.wav,Flute\Kaggle_Classification_Clips\Flute\synth\ground_truth\sequenza_first_fragment_robison.wav,.wav,WAV,44100,1,PCM_16,32.57147392290249,1436402,2872848,8fd76ec3ba09302adf383dd1832922dd49a5e58688b085107366b635dfadca97,0.09246088564395905,0.220855712890625,0.03372593466174511,True,True,False,False,Found in isolated folder,KEEP,False,
Flute,flute,sequenza_fourth_fragment_robison.wav,Flute\Kaggle_Classification_Clips\Flute\synth\ground_truth\sequenza_fourth_fragment_robison.wav,.wav,WAV,44100,1,PCM_16,48.58439909297052,2142572,4285188,55323e263cf0a11b47f8f2716d4230eabc1da1c939b23f91ac7781963936d188,0.09179595857858658,0.2330322265625,0.09515199489212031,True,True,False,False,Found in isolated folder,KEEP,False,
Flute,flute,sequenza_second_fragment_robison.wav,Flute\Kaggle_Classification_Clips\Flute\synth\ground_truth\sequenza_second_fragment_robison.wav,.wav,WAV,44100,1,PCM_16,16.02201814058957,706571,1413186,9eda09748de0a426a1e5206b095310903b07e6e7d25be8be4ec981700f36adb9,0.08607844263315201,0.2159423828125,0.04206937448607429,True,True,False,False,Found in isolated folder,KEEP,False,
Flute,flute,sequenza_sixth_fragment_robison.wav,Flute\Kaggle_Classification_Clips\Flute\synth\ground_truth\sequenza_sixth_fragment_robison.wav,.wav,WAV,44100,1,PCM_16,17.678049886621316,779602,1559248,1a3f269c5f2a1cadef065a67981486ea197c79dc8fa9cce430a9f361b1505c51,0.08188128471374512,0.214263916015625,0.10104258326684641,True,True,False,False,Found in isolated folder,KEEP,False,
Flute,flute,syrinx_fifth_fragment_bourdin.wav,Flute\Kaggle_Classification_Clips\Flute\synth\ground_truth\syrinx_fifth_fragment_bourdin.wav,.wav,WAV,44100,1,PCM_16,57.63759637188208,2541818,5083680,f035ae14e0dc79b2c34d84ff4d32767135b1587d37ce0f89c6d94573497fc912,0.09277024120092392,0.232177734375,0.10009410587225363,True,True,False,False,Found in isolated folder,KEEP,False,
Flute,flute,syrinx_fifth_fragment_rhodes.wav,Flute\Kaggle_Classification_Clips\Flute\synth\ground_truth\syrinx_fifth_fragment_rhodes.wav,.wav,WAV,44100,1,PCM_16,53.41748299319728,2355711,4711466,635e62efda4e9666a846f508ba94127ecb54c43159bd008de66fdfa60e511cae,0.0990062803030014,0.2308349609375,0.061385713272977885,True,True,False,False,Found in isolated folder,KEEP,False,
Flute,flute,syrinx_first_fragment_bernold.wav,Flute\Kaggle_Classification_Clips\Flute\synth\ground_truth\syrinx_first_fragment_bernold.wav,.wav,WAV,44100,1,PCM_16,30.13231292517007,1328835,2657714,56964800dd877b6c7b678af525606580d790dd2fd468b9d7f46ccc41838d1646,0.09021560102701187,0.201416015625,0.1547535999578578,True,True,False,False,Found in isolated folder,KEEP,False,
Flute,flute,syrinx_first_fragment_douglas.wav,Flute\Kaggle_Classification_Clips\Flute\synth\ground_truth\syrinx_first_fragment_douglas.wav,.wav,WAV,44100,1,PCM_16,29.14201814058957,1285163,2570370,4197a11929ff6ef467a3553a08c674eb5119815556942b10d749f4908304110b,0.09411370754241943,0.216766357421875,0.11876470144254075,True,True,False,False,Found in isolated folder,KEEP,False,
Flute,flute,syrinx_fourth_fragment_bernold.wav,Flute\Kaggle_Classification_Clips\Flute\synth\ground_truth\syrinx_fourth_fragment_bernold.wav,.wav,WAV,44100,1,PCM_16,22.888208616780044,1009370,2018784,a420acc977da72cc346ab5c9c9d11c0334c9b2ef13fab03a8ac33480cee178e0,0.08852288872003555,0.229705810546875,0.035100111951018954,True,True,False,False,Found in isolated folder,KEEP,False,
Flute,flute,syrinx_fourth_fragment_dwyer.wav,Flute\Kaggle_Classification_Clips\Flute\synth\ground_truth\syrinx_fourth_fragment_dwyer.wav,.wav,WAV,44100,1,PCM_16,28.965986394557824,1277400,2554844,62b92342e481794347e4aab7d62f7df80b29c99b2f7e17586240d7d46a08154d,0.08801786601543427,0.216339111328125,0.02816580554250822,True,True,False,False,Found in isolated folder,KEEP,False,
Flute,flute,syrinx_second_fragment_bourdin.wav,Flute\Kaggle_Classification_Clips\Flute\synth\ground_truth\syrinx_second_fragment_bourdin.wav,.wav,WAV,44100,1,PCM_16,30.40580498866213,1340896,2681836,0b903da38149f44ebb128b1ecd419e8ba55682480d5f380aee1945405c47e6eb,0.09100586920976639,0.23211669921875,0.14103629215091998,True,True,False,False,Found in isolated folder,KEEP,False,
Flute,flute,syrinx_second_fragment_dwyer.wav,Flute\Kaggle_Classification_Clips\Flute\synth\ground_truth\syrinx_second_fragment_dwyer.wav,.wav,WAV,44100,1,PCM_16,28.389092970521542,1251959,2503962,990432bc4d7a1d0b31a9b857eb82cd207b5cb69ec67557875843e489a917c1b3,0.09404787421226501,0.227020263671875,0.06548696882246144,True,True,False,False,Found in isolated folder,KEEP,False,
Flute,flute,syrinx_third_fragment_douglas.wav,Flute\Kaggle_Classification_Clips\Flute\synth\ground_truth\syrinx_third_fragment_douglas.wav,.wav,WAV,44100,1,PCM_16,27.558503401360543,1215330,2430704,b875dcad4fc91298e693b7d7273a5eeba01d6a9c3d8504319febbed467e7e8fc,0.09140688925981522,0.229156494140625,0.026601828310006334,True,True,False,False,Found in isolated folder,KEEP,False,
Flute,flute,syrinx_third_fragment_rhodes.wav,Flute\Kaggle_Classification_Clips\Flute\synth\ground_truth\syrinx_third_fragment_rhodes.wav,.wav,WAV,44100,1,PCM_16,28.889591836734695,1274031,2548106,5eb235e37b9bf39cf2d4538200877477eedba98e0af0d7c8c642057a273eebfa,0.08765684813261032,0.234527587890625,0.07094175887399914,True,True,False,False,Found in isolated folder,KEEP,False,
Flute,flute,allemande_fifth_fragment_1-0.2.wav,Flute\Kaggle_Classification_Clips\Flute\synth\score\allemande_fifth_fragment_1-0.2.wav,.wav,WAV,44100,1,PCM_16,15.25,672525,1345094,f160e7ba86ff9630939c5bb80448a5fe90c4abdaf40b1b79f883dc1bd8dc1c1d,0.08218732476234436,0.22467041015625,0.03904092784654845,True,True,False,False,Found in isolated folder,KEEP,False,
Flute,flute,allemande_first_fragment_1-0.2.wav,Flute\Kaggle_Classification_Clips\Flute\synth\score\allemande_first_fragment_1-0.2.wav,.wav,WAV,44100,1,PCM_16,20.2,890820,1781684,102d695f93b3bc3a7e8dcec2992ee100bc6ef3565614c990e3c8f908a3408edc,0.08134766668081284,0.23114013671875,0.0292000628634292,True,True,False,False,Found in isolated folder,KEEP,False,
Flute,flute,allemande_fourth_fragment_1-0.2.wav,Flute\Kaggle_Classification_Clips\Flute\synth\score\allemande_fourth_fragment_1-0.2.wav,.wav,WAV,44100,1,PCM_16,15.4,679140,1358324,cc77a8950d9d064e4baea2527f01d59fa47caf6194681f356ecca9d357227929,0.08051765710115433,0.22265625,0.03832494036575669,True,True,False,False,Found in isolated folder,KEEP,False,
Flute,flute,allemande_second_fragment_1-0.2.wav,Flute\Kaggle_Classification_Clips\Flute\synth\score\allemande_second_fragment_1-0.2.wav,.wav,WAV,44100,1,PCM_16,17.65,778365,1556774,0a1626927a0ff5a0a8365154745fadd7f9f7b91a9732e3e416d505c5a7c7ddf7,0.08130376040935516,0.220367431640625,0.03430395765482775,True,True,False,False,Found in isolated folder,KEEP,False,
Flute,flute,allemande_third_fragment_1-0.2.wav,Flute\Kaggle_Classification_Clips\Flute\synth\score\allemande_third_fragment_1-0.2.wav,.wav,WAV,44100,1,PCM_16,13.0,573300,1146644,36ffbe30efe270f07e9c7385ba756d04fd59a99209332c9e9e48938c53f1dc74,0.07995715737342834,0.225860595703125,0.048451072736787025,True,True,False,False,Found in isolated folder,KEEP,False,
Flute,flute,density_fifth_fragment_1-0.2.wav,Flute\Kaggle_Classification_Clips\Flute\synth\score\density_fifth_fragment_1-0.2.wav,.wav,WAV,44100,1,PCM_16,32.24965986394558,1422210,2844464,51ecafd47d935657ab82faad4882cfcc076aed6ad358934b884816d1c0d7c61b,0.09710175544023514,0.240753173828125,0.07002763304997152,True,True,False,False,Found in isolated folder,KEEP,False,
Flute,flute,density_first_fragment_1-0.2.wav,Flute\Kaggle_Classification_Clips\Flute\synth\score\density_first_fragment_1-0.2.wav,.wav,WAV,44100,1,PCM_16,46.416666666666664,2046975,4093994,9fb81979f0716e83f9f62e7f9bed36c55ec851c103ea98205bce2b33c3891fd8,0.08853866904973984,0.229156494140625,0.02144676901281159,True,True,False,False,Found in isolated folder,KEEP,False,
Flute,flute,density_fourth_fragment_1-0.2.wav,Flute\Kaggle_Classification_Clips\Flute\synth\score\density_fourth_fragment_1-0.2.wav,.wav,WAV,44100,1,PCM_16,34.83299319727891,1536135,3072314,23568d89424ab79b808e43f783a6a5de2eb6300dfd873c04a7177a2c511dd8db,0.08516690135002136,0.204833984375,0.038704280548259105,True,True,False,False,Found in isolated folder,KEEP,False,
Flute,flute,density_second_fragment_1-0.2.wav,Flute\Kaggle_Classification_Clips\Flute\synth\score\density_second_fragment_1-0.2.wav,.wav,WAV,44100,1,PCM_16,29.055079365079365,1281329,2562702,624e487e1da3fbe99574548c61d0f47a5a40838b2c1e738bd13807a77192b0b3,0.09804953634738922,0.238006591796875,0.021072651910633414,True,True,False,False,Found in isolated folder,KEEP,False,
Flute,flute,density_sixth_fragment_1-0.2.wav,Flute\Kaggle_Classification_Clips\Flute\synth\score\density_sixth_fragment_1-0.2.wav,.wav,WAV,44100,1,PCM_16,45.5,2006550,4013144,1a74dc23e4ebd923f488615b79dca0b6f4369f6715bcfe7d18590d796a22f325,0.09776895493268967,0.231048583984375,0.014084373676210411,True,True,False,False,Found in isolated folder,KEEP,False,
Flute,flute,density_third_fragment_1-0.2.wav,Flute\Kaggle_Classification_Clips\Flute\synth\score\density_third_fragment_1-0.2.wav,.wav,WAV,44100,1,PCM_16,34.72299319727891,1531284,3062612,29ba35f7048c7defbff4daa48dc898bd6204c2ddc09c101bd0e5e0dba6e273f6,0.07575952261686325,0.214263916015625,0.24679288753751755,True,True,False,False,Found in isolated folder,KEEP,False,
Flute,flute,sequenza_first_fragment_1-0.2.wav,Flute\Kaggle_Classification_Clips\Flute\synth\score\sequenza_first_fragment_1-0.2.wav,.wav,WAV,44100,1,PCM_16,33.28884353741497,1468038,2936120,cc213b3d7efc5b237ec60e83c761ce7010afe53bc23b914a2fb1ebfad03e50b8,0.08164597302675247,0.225067138671875,0.1039939020652054,True,True,False,False,Found in isolated folder,KEEP,False,
Flute,flute,sequenza_fourth_fragment_1-0.2.wav,Flute\Kaggle_Classification_Clips\Flute\synth\score\sequenza_fourth_fragment_1-0.2.wav,.wav,WAV,44100,1,PCM_16,45.4644671201814,2004983,4010010,2c26b7dacc670b228a754f9c953e19f0b4b2c55d52c1c0c33b75398ecc82c0ee,0.08757530897855759,0.222991943359375,0.029335410823932172,True,True,False,False,Found in isolated folder,KEEP,False,
Flute,flute,sequenza_second_fragment_1-0.2.wav,Flute\Kaggle_Classification_Clips\Flute\synth\score\sequenza_second_fragment_1-0.2.wav,.wav,WAV,44100,1,PCM_16,16.514285714285716,728280,1456604,8ac5d464f317b4c850d81c5d7360e3abb7ba9ee6a779b05d53760e548110a838,0.08438077569007874,0.2216796875,0.0716414016587027,True,True,False,False,Found in isolated folder,KEEP,False,
Flute,flute,sequenza_sixth_fragment_1-0.2.wav,Flute\Kaggle_Classification_Clips\Flute\synth\score\sequenza_sixth_fragment_1-0.2.wav,.wav,WAV,44100,1,PCM_16,19.42825396825397,856786,1713616,67317a3a39846ad560902f160541db9b56c839424e5a84eba528b9b2b099f960,0.08076371997594833,0.207611083984375,0.061218320560793474,True,True,False,False,Found in isolated folder,KEEP,False,
Flute,flute,syrinx_fifth_fragment_1-0.2.wav,Flute\Kaggle_Classification_Clips\Flute\synth\score\syrinx_fifth_fragment_1-0.2.wav,.wav,WAV,44100,1,PCM_16,34.0,1499400,2998844,18729c0ba277bde5913b157fb4cdc99f1e6d7cd18a79ece3bcb46915d42fc4f5,0.09658880531787872,0.235382080078125,0.018478724823262637,True,True,False,False,Found in isolated folder,KEEP,False,
Flute,flute,syrinx_first_fragment_1-0.2.wav,Flute\Kaggle_Classification_Clips\Flute\synth\score\syrinx_first_fragment_1-0.2.wav,.wav,WAV,44100,1,PCM_16,19.0,837900,1675844,caaa896831fc639cac6a9483d340fb867496d8f1aeeb3e78dd98abefd2a2ba35,0.10019496083259583,0.20233154296875,0.03361737677527151,True,True,False,False,Found in isolated folder,KEEP,False,
Flute,flute,syrinx_fourth_fragment_1-0.2.wav,Flute\Kaggle_Classification_Clips\Flute\synth\score\syrinx_fourth_fragment_1-0.2.wav,.wav,WAV,44100,1,PCM_16,28.0,1234800,2469644,0e6f440a3a39a64c6c92eb3a76ed19ca81810ae6e9995b5fd41f47c8929a7465,0.09346498548984528,0.2269287109375,0.02175655976676385,True,True,False,False,Found in isolated folder,KEEP,False,
Flute,flute,syrinx_second_fragment_1-0.2.wav,Flute\Kaggle_Classification_Clips\Flute\synth\score\syrinx_second_fragment_1-0.2.wav,.wav,WAV,44100,1,PCM_16,13.056666666666667,575799,1151642,48d8c916cbb75be87bcef021b9fb2b6ee231c54a117e45dd552747aa3cfc9f46,0.08867762237787247,0.23016357421875,0.05530575773837745,True,True,False,False,Found in isolated folder,KEEP,False,
Flute,flute,syrinx_third_fragment_1-0.2.wav,Flute\Kaggle_Classification_Clips\Flute\synth\score\syrinx_third_fragment_1-0.2.wav,.wav,WAV,44100,1,PCM_16,13.499659863945578,595335,1190714,51988e4e01c9bb9950baf6004adca593d6bafc6971c7136a9a333b5a9eeb5990,0.08103597909212112,0.225006103515625,0.04641588349416715,True,True,False,False,Found in isolated folder,KEEP,False,
Harmonium,harmonium,1.wav,Harmonium\1.wav,.wav,WAV,22050,1,PCM_16,3.0,66150,132344,b0fb8bb264f020cde200555aa5740aa710a0c1df7f6c0b72613191e9a8062e24,0.08553051948547363,0.287994384765625,0.036114890400604685,True,True,False,False,Found in isolated folder,KEEP_AFTER_RESAMPLING,False,
Harmonium,harmonium,10.wav,Harmonium\10.wav,.wav,WAV,22050,1,PCM_16,3.0,66150,132344,4640e28652838cd19cd72a179b8b98ffdaf38d59c1d50834c6925249f5cf4048,0.4297052323818207,0.925933837890625,0.00031746031746031746,True,True,False,False,Found in isolated folder,KEEP_AFTER_RESAMPLING,False,
Harmonium,harmonium,100.wav,Harmonium\100.wav,.wav,WAV,22050,1,PCM_16,3.0,66150,132344,f506abe9f926a98232ebd5ce7dd97e90e43b59bf85a171650c2fade3288d8c23,0.3779410421848297,0.928192138671875,0.00031746031746031746,True,True,False,False,Found in isolated folder,KEEP_AFTER_RESAMPLING,False,
Harmonium,harmonium,1000.wav,Harmonium\1000.wav,.wav,WAV,22050,1,PCM_16,3.0,66150,132344,0f00d078a31165d1d765773a34a1c959ecec73a35333b5b4db79e296e026d8f8,0.4460373818874359,0.924896240234375,0.00013605442176870748,True,True,False,False,Found in isolated folder,KEEP_AFTER_RESAMPLING,False,
Harmonium,harmonium,1001.wav,Harmonium\1001.wav,.wav,WAV,22050,1,PCM_16,3.0,66150,132344,875a2484b3a11a52c3dd060250f9412707a7581806f539d65d03e83695435130,0.3956751823425293,0.92047119140625,0.00016628873771730915,True,True,False,False,Found in isolated folder,KEEP_AFTER_RESAMPLING,False,
Harmonium,harmonium,1002.wav,Harmonium\1002.wav,.wav,WAV,22050,1,PCM_16,3.0,66150,132344,54eb26c91f564294cecbc52bf70bb7305508c48d93888a140a2e31f316ecf00a,0.41551312804222107,0.930999755859375,0.00021164021164021165,True,True,False,False,Found in isolated folder,KEEP_AFTER_RESAMPLING,False,
Harmonium,harmonium,1003.wav,Harmonium\1003.wav,.wav,WAV,22050,1,PCM_16,3.0,66150,132344,95f828f491059fba057936e2582b288a011ebc8d02c19b2f1eee28caaa9d7688,0.38145706057548523,0.91595458984375,0.00019652305366591082,True,True,False,False,Found in isolated folder,KEEP_AFTER_RESAMPLING,False,
Harmonium,harmonium,1004.wav,Harmonium\1004.wav,.wav,WAV,22050,1,PCM_16,3.0,66150,132344,eb2dd3d781681272dd4e8c7daf7772a83eaf98a2f4e34099ff50565bdd505421,0.424428790807724,0.923492431640625,0.00016628873771730915,True,True,False,False,Found in isolated folder,KEEP_AFTER_RESAMPLING,False,
Harmonium,harmonium,1005.wav,Harmonium\1005.wav,.wav,WAV,22050,1,PCM_16,3.0,66150,132344,6dc173785c3ba35a81bddec168160bfb8f54a9d6c2606b3be0f6c32e82d80efe,0.4640538692474365,0.93048095703125,0.00012093726379440664,True,True,False,False,Found in isolated folder,KEEP_AFTER_RESAMPLING,False,
Harmonium,harmonium,1006.wav,Harmonium\1006.wav,.wav,WAV,22050,1,PCM_16,3.0,66150,132344,e4773d4972ca911488ff1da89e25599664f52d80d03588b2fdd10fc097c148ee,0.4407392740249634,0.92608642578125,0.0001511715797430083,True,True,False,False,Found in isolated folder,KEEP_AFTER_RESAMPLING,False,
Harmonium,harmonium,1007.wav,Harmonium\1007.wav,.wav,WAV,22050,1,PCM_16,3.0,66150,132344,c77b7cb742d40b7da3dcdbeea95b8ab1e7fbd8e105896b278570c06dbb55c159,0.3765435516834259,0.929229736328125,0.0002418745275888133,True,True,False,False,Found in isolated folder,KEEP_AFTER_RESAMPLING,False,
Harmonium,harmonium,1008.wav,Harmonium\1008.wav,.wav,WAV,22050,1,PCM_16,3.0,66150,132344,d0dcf4a54cf1c75be30db871f2bcc226316935760f210f78f4133c1b5898e617,0.45530301332473755,0.922607421875,0.00022675736961451248,True,True,False,False,Found in isolated folder,KEEP_AFTER_RESAMPLING,False,
Harmonium,harmonium,1009.wav,Harmonium\1009.wav,.wav,WAV,22050,1,PCM_16,3.0,66150,132344,bf97ec66636f1882a75e3f1663ac80d3a347c77dd19896c95490e2741ec9dd70,0.3983248174190521,0.922210693359375,0.000891912320483749,True,True,False,False,Found in isolated folder,KEEP_AFTER_RESAMPLING,False,
Harmonium,harmonium,101.wav,Harmonium\101.wav,.wav,WAV,22050,1,PCM_16,3.0,66150,132344,6a9305e79f2cd15d83a97f970808568e99a03151d77d1b89e6444ce33c427c6f,0.38166019320487976,0.925048828125,0.00021164021164021165,True,True,False,False,Found in isolated folder,KEEP_AFTER_RESAMPLING,False,
Harmonium,harmonium,1010.wav,Harmonium\1010.wav,.wav,WAV,22050,1,PCM_16,3.0,66150,132344,55fc53d56ea3f2365d5f160edfee5d3cc524d8c49b311d0bc6c6f560a0b4e7b3,0.42304521799087524,0.922607421875,0.0001511715797430083,True,True,False,False,Found in isolated folder,KEEP_AFTER_RESAMPLING,False,
Harmonium,harmonium,1011.wav,Harmonium\1011.wav,.wav,WAV,22050,1,PCM_16,3.0,66150,132344,937452d35779bf8f281a48a7fffa3aa5758ec87a6da932c97044f29bb426f978,0.3799969255924225,0.923858642578125,0.00021164021164021165,True,True,False,False,Found in isolated folder,KEEP_AFTER_RESAMPLING,False,
Harmonium,harmonium,1012.wav,Harmonium\1012.wav,.wav,WAV,22050,1,PCM_16,3.0,66150,132344,d8c16e39519cf1bb6124d85b960a1f70b3f84acf859d09fc56f583fd1baa73e9,0.4220156669616699,0.930938720703125,9.070294784580499e-05,True,True,False,False,Found in isolated folder,KEEP_AFTER_RESAMPLING,False,
Harmonium,harmonium,1013.wav,Harmonium\1013.wav,.wav,WAV,22050,1,PCM_16,3.0,66150,132344,a540bb13a9a31d8937e224ec20800e3fb6fb618feb8ae467b166e7fdadaadf3f,0.46387600898742676,0.924224853515625,0.00010582010582010582,True,True,False,False,Found in isolated folder,KEEP_AFTER_RESAMPLING,False,
Harmonium,harmonium,1014.wav,Harmonium\1014.wav,.wav,WAV,22050,1,PCM_16,3.0,66150,132344,23a5aead52bec794279210cc1fd78a7b4028bc7e434b88e8322d240204b0df51,0.4355660378932953,0.9249267578125,0.0001511715797430083,True,True,False,False,Found in isolated folder,KEEP_AFTER_RESAMPLING,False,
Harmonium,harmonium,1015.wav,Harmonium\1015.wav,.wav,WAV,22050,1,PCM_16,3.0,66150,132344,52ea55a6e33423a1064a37d51a6a23c1f1776d06e433220b1dd81f922786d829,0.37295934557914734,0.92626953125,0.00034769463340891913,True,True,False,False,Found in isolated folder,KEEP_AFTER_RESAMPLING,False,
Harmonium,harmonium,1016.wav,Harmonium\1016.wav,.wav,WAV,22050,1,PCM_16,3.0,66150,132344,cafc39e90e9834b0c20bc47aa97f5bf64f8fc2b202e2d6d221d964cb117ad101,0.4452712833881378,0.9281005859375,0.00027210884353741496,True,True,False,False,Found in isolated folder,KEEP_AFTER_RESAMPLING,False,
Harmonium,harmonium,1017.wav,Harmonium\1017.wav,.wav,WAV,22050,1,PCM_16,3.0,66150,132344,a65e0ad7cdb25a76418643c8a053360e7c3e73d22c4f462dbc7d3955d222a9f5,0.39512452483177185,0.933746337890625,0.00016628873771730915,True,True,False,False,Found in isolated folder,KEEP_AFTER_RESAMPLING,False,
Harmonium,harmonium,1018.wav,Harmonium\1018.wav,.wav,WAV,22050,1,PCM_16,3.0,66150,132344,352a885a2a0769d7f3ad57c58d9fc782d7489f5d1bf7b39933e590b275c44f07,0.42055216431617737,0.927490234375,0.00021164021164021165,True,True,False,False,Found in isolated folder,KEEP_AFTER_RESAMPLING,False,
Harmonium,harmonium,1019.wav,Harmonium\1019.wav,.wav,WAV,22050,1,PCM_16,3.0,66150,132344,4e8b836e9c35e6ffab1e4970a747440f1c6a74b30b89828e25a4155d3728e381,0.383347749710083,0.933746337890625,0.0002418745275888133,True,True,False,False,Found in isolated folder,KEEP_AFTER_RESAMPLING,False,
Harmonium,harmonium,102.wav,Harmonium\102.wav,.wav,WAV,22050,1,PCM_16,3.0,66150,132344,9137cf345add4948ebe964d3748f98af2a85cb0c0bc0abd41188ba44392d8a12,0.4272988736629486,0.921234130859375,0.00019652305366591082,True,True,False,False,Found in isolated folder,KEEP_AFTER_RESAMPLING,False,
Harmonium,harmonium,1020.wav,Harmonium\1020.wav,.wav,WAV,22050,1,PCM_16,3.0,66150,132344,4076e835088df2ff4086dc61d0db2830a4fc89ff1538b0f098354421d331c0ef,0.4227190911769867,0.925323486328125,0.00013605442176870748,True,True,False,False,Found in isolated folder,KEEP_AFTER_RESAMPLING,False,
Harmonium,harmonium,1021.wav,Harmonium\1021.wav,.wav,WAV,22050,1,PCM_16,3.0,66150,132344,87209e09a51fb6f3f1436c9d9990139c64360794c15e686fe2719e7035a93426,0.46459025144577026,0.92657470703125,7.558578987150416e-05,True,True,False,False,Found in isolated folder,KEEP_AFTER_RESAMPLING,False,
Harmonium,harmonium,1022.wav,Harmonium\1022.wav,.wav,WAV,22050,1,PCM_16,3.0,66150,132344,22a9306d304b6e683883429301501ae5ec07e5d2b8363c3df49bf58aeed8c1f2,0.4393637478351593,0.92547607421875,0.00010582010582010582,True,True,False,False,Found in isolated folder,KEEP_AFTER_RESAMPLING,False,
Harmonium,harmonium,1023.wav,Harmonium\1023.wav,.wav,WAV,22050,1,PCM_16,3.0,66150,132344,75afedcca46dece44bd0dc4058772cd14357092b3402f53ee4a3f4e1621d19ee,0.3724607229232788,0.935791015625,0.0002418745275888133,True,True,False,False,Found in isolated folder,KEEP_AFTER_RESAMPLING,False,
Harmonium,harmonium,1024.wav,Harmonium\1024.wav,.wav,WAV,22050,1,PCM_16,3.0,66150,132344,e782a0878ce1a910bd5589885c3fa0aa88fb9c3076fa1d09c2b8bc19b64bda0d,0.4490159749984741,0.926666259765625,0.00018140589569160998,True,True,False,False,Found in isolated folder,KEEP_AFTER_RESAMPLING,False,
Harmonium,harmonium,1025.wav,Harmonium\1025.wav,.wav,WAV,22050,1,PCM_16,3.0,66150,132344,332175d8b7ea8c8efb6fabf10857575e0cfcc5277c7ab90ff2ea55c3b75b5e86,0.3964078426361084,0.924346923828125,0.00018140589569160998,True,True,False,False,Found in isolated folder,KEEP_AFTER_RESAMPLING,False,
Harmonium,harmonium,1026.wav,Harmonium\1026.wav,.wav,WAV,22050,1,PCM_16,3.0,66150,132344,5931229521a989e26d8a1ffdba6d6ddd02ae4a57deb0031e21a698e4c153e2e0,0.41977930068969727,0.930145263671875,9.070294784580499e-05,True,True,False,False,Found in isolated folder,KEEP_AFTER_RESAMPLING,False,
Harmonium,harmonium,1027.wav,Harmonium\1027.wav,.wav,WAV,22050,1,PCM_16,3.0,66150,132344,88a6bb6a8e783ba92927787da6fd428c480e8f23810834a2578406ca195e4e4b,0.3788020610809326,0.923004150390625,0.0001511715797430083,True,True,False,False,Found in isolated folder,KEEP_AFTER_RESAMPLING,False,
Harmonium,harmonium,1028.wav,Harmonium\1028.wav,.wav,WAV,22050,1,PCM_16,3.0,66150,132344,37c62f225b56c6dd173d9d8c19be091921fe738f730b4c869f62889c27bde894,0.4324253499507904,0.929779052734375,0.0001511715797430083,True,True,False,False,Found in isolated folder,KEEP_AFTER_RESAMPLING,False,
Harmonium,harmonium,1029.wav,Harmonium\1029.wav,.wav,WAV,22050,1,PCM_16,3.0,66150,132344,3854c974dda7749fff21d5a69db1639a4f809512aff9202f1b5ed6aff4d94534,0.48498913645744324,0.924072265625,9.070294784580499e-05,True,True,False,False,Found in isolated folder,KEEP_AFTER_RESAMPLING,False,
Harmonium,harmonium,103.wav,Harmonium\103.wav,.wav,WAV,22050,1,PCM_16,3.0,66150,132344,3c90bd689b5045ea1e62c7e1ed86c1e41e380a745e5c26ad935a4b9e840d17ea,0.38719484210014343,0.9300537109375,0.0002569916855631141,True,True,False,False,Found in isolated folder,KEEP_AFTER_RESAMPLING,False,
Harmonium,harmonium,1030.wav,Harmonium\1030.wav,.wav,WAV,22050,1,PCM_16,3.0,66150,132344,83668226f945dc83ea92ba20023773e5db40dbdd0c185d25fb29fb15e48fcb36,0.4527011811733246,0.925811767578125,0.0002872260015117158,True,True,False,False,Found in isolated folder,KEEP_AFTER_RESAMPLING,False,
Harmonium,harmonium,1031.wav,Harmonium\1031.wav,.wav,WAV,22050,1,PCM_16,3.0,66150,132344,57e4ab53e6c08756def1586e6574cdc6e08916175c3192a4a0853cd43d8b03e5,0.37321242690086365,0.929107666015625,0.0002569916855631141,True,True,False,False,Found in isolated folder,KEEP_AFTER_RESAMPLING,False,
Harmonium,harmonium,1032.wav,Harmonium\1032.wav,.wav,WAV,22050,1,PCM_16,3.0,66150,132344,b051784467341f9d4240e54bc9ef56d8b257a7e40726b82b1be4a2c6f1a83e7b,0.44693461060523987,0.92694091796875,9.070294784580499e-05,True,True,False,False,Found in isolated folder,KEEP_AFTER_RESAMPLING,False,
Harmonium,harmonium,1033.wav,Harmonium\1033.wav,.wav,WAV,22050,1,PCM_16,3.0,66150,132344,07ef6691d1311ef27a502212ea66aef07fbacec60808fe7f1c52e1d1f26b187d,0.40194839239120483,0.924285888671875,0.0001511715797430083,True,True,False,False,Found in isolated folder,KEEP_AFTER_RESAMPLING,False,
Harmonium,harmonium,1034.wav,Harmonium\1034.wav,.wav,WAV,22050,1,PCM_16,3.0,66150,132344,0717fa659c13fb3b7fe685bf570212d820a5d28e699a6c04a8b216c0e575d47f,0.41640913486480713,0.942657470703125,0.0001511715797430083,True,True,False,False,Found in isolated folder,KEEP_AFTER_RESAMPLING,False,
Harmonium,harmonium,1035.wav,Harmonium\1035.wav,.wav,WAV,22050,1,PCM_16,3.0,66150,132344,a446a5b209f0f903e6d4ff2809729371812c9098328a05181020c21faf2c5f7b,0.380027174949646,0.928924560546875,0.00012093726379440664,True,True,False,False,Found in isolated folder,KEEP_AFTER_RESAMPLING,False,
Harmonium,harmonium,1036.wav,Harmonium\1036.wav,.wav,WAV,22050,1,PCM_16,3.0,66150,132344,5b47f987dafba211fecd6564b0dc6c62bdc9d674df1b3f4e8838af0d80574ddf,0.4216667413711548,0.924407958984375,0.0002418745275888133,True,True,False,False,Found in isolated folder,KEEP_AFTER_RESAMPLING,False,
Harmonium,harmonium,1037.wav,Harmonium\1037.wav,.wav,WAV,22050,1,PCM_16,3.0,66150,132344,ee293e9f85523e2b1faf4e3f2620ec3c202ab2501e2197fd82edd32982b6b0c6,0.45882296562194824,0.92572021484375,9.070294784580499e-05,True,True,False,False,Found in isolated folder,KEEP_AFTER_RESAMPLING,False,
Harmonium,harmonium,1038.wav,Harmonium\1038.wav,.wav,WAV,22050,1,PCM_16,3.0,66150,132344,a9941475e42a670359d3ef1ef7e16c46a620066e7e4145fb61d162a9b1caf39c,0.4430443048477173,0.925048828125,0.0002418745275888133,True,True,False,False,Found in isolated folder,KEEP_AFTER_RESAMPLING,False,
Harmonium,harmonium,1039.wav,Harmonium\1039.wav,.wav,WAV,22050,1,PCM_16,3.0,66150,132344,c1e32409697bc2cf1e98e0ebd4215f97b68f595eff481d673db0c7b63f49759e,0.3701942265033722,0.925201416015625,0.0002569916855631141,True,True,False,False,Found in isolated folder,KEEP_AFTER_RESAMPLING,False,
Harmonium,harmonium,104.wav,Harmonium\104.wav,.wav,WAV,22050,1,PCM_16,3.0,66150,132344,fd37b7480797400a8ee61a82324bd1163be5b2cef3170d8642d9bc5a90f14d00,0.3781936764717102,0.9324951171875,0.00036281179138321996,True,True,False,False,Found in isolated folder,KEEP_AFTER_RESAMPLING,False,
Harmonium,harmonium,1040.wav,Harmonium\1040.wav,.wav,WAV,22050,1,PCM_16,3.0,66150,132344,40a0338d16ef917bf7107100736dd608d9cc8d2d1537df1514b29e12a6b90ab4,0.4463663697242737,0.921600341796875,0.00016628873771730915,True,True,False,False,Found in isolated folder,KEEP_AFTER_RESAMPLING,False,
Harmonium,harmonium,1041.wav,Harmonium\1041.wav,.wav,WAV,22050,1,PCM_16,3.0,66150,132344,32a1a70b4097140b171a8cb29c5a9a65d1add05c88fdde6294228f013231de76,0.4017670452594757,0.92388916015625,0.00018140589569160998,True,True,False,False,Found in isolated folder,KEEP_AFTER_RESAMPLING,False,
Harmonium,harmonium,1042.wav,Harmonium\1042.wav,.wav,WAV,22050,1,PCM_16,3.0,66150,132344,d1309f9db75f762059e9ef1c01f09137f60309b271229552c0a3b520c22ce27d,0.4233987033367157,0.926605224609375,0.00019652305366591082,True,True,False,False,Found in isolated folder,KEEP_AFTER_RESAMPLING,False,
Harmonium,harmonium,1043.wav,Harmonium\1043.wav,.wav,WAV,22050,1,PCM_16,3.0,66150,132344,27d7c78156ac1af52cba6faccb0a23148afb44c98f06a6af085c24939d8d08be,0.37781187891960144,0.925537109375,0.0001511715797430083,True,True,False,False,Found in isolated folder,KEEP_AFTER_RESAMPLING,False,
Harmonium,harmonium,1044.wav,Harmonium\1044.wav,.wav,WAV,22050,1,PCM_16,3.0,66150,132344,53ec157391c787e73fede8d58efaa33b4ae16b1e37c14aa6274ffed61ac32af4,0.4241175353527069,0.928985595703125,0.00013605442176870748,True,True,False,False,Found in isolated folder,KEEP_AFTER_RESAMPLING,False,
Harmonium,harmonium,1045.wav,Harmonium\1045.wav,.wav,WAV,22050,1,PCM_16,3.0,66150,132344,99e7f10412867b83a105c1a04d020d7572676abd41c5d6539d6b5851c71fbb02,0.46117889881134033,0.929962158203125,7.558578987150416e-05,True,True,False,False,Found in isolated folder,KEEP_AFTER_RESAMPLING,False,
Harmonium,harmonium,1046.wav,Harmonium\1046.wav,.wav,WAV,22050,1,PCM_16,3.0,66150,132344,b42053f04c4f4ff8115b21527b045abbe55ce41ea240580f2a84651a2fc42f06,0.44440630078315735,0.9290771484375,0.00010582010582010582,True,True,False,False,Found in isolated folder,KEEP_AFTER_RESAMPLING,False,
Harmonium,harmonium,1047.wav,Harmonium\1047.wav,.wav,WAV,22050,1,PCM_16,3.0,66150,132344,72e72ff251f1e87907bc4295f421d310b144854f2de5dbe83711edfab2816a5a,0.3697092831134796,0.9249267578125,0.0002418745275888133,True,True,False,False,Found in isolated folder,KEEP_AFTER_RESAMPLING,False,
Harmonium,harmonium,1048.wav,Harmonium\1048.wav,.wav,WAV,22050,1,PCM_16,3.0,66150,132344,528a949d7cf965795d676b225e8a1cb80e19e0a9e2dffa1852a244ad63ddd623,0.45687732100486755,0.921875,0.0001511715797430083,True,True,False,False,Found in isolated folder,KEEP_AFTER_RESAMPLING,False,
Harmonium,harmonium,1049.wav,Harmonium\1049.wav,.wav,WAV,22050,1,PCM_16,3.0,66150,132344,e9a980012eb1b89155094832139c3ecc886c5172b6cdaa54111434ef1b170e51,0.39472880959510803,0.919769287109375,0.00031746031746031746,True,True,False,False,Found in isolated folder,KEEP_AFTER_RESAMPLING,False,
Harmonium,harmonium,105.wav,Harmonium\105.wav,.wav,WAV,22050,1,PCM_16,3.0,66150,132344,3006533945813240c6af1b48a91b6089de7638fa173fee3712238e43b5ec80a7,0.37694165110588074,0.923309326171875,0.0002872260015117158,True,True,False,False,Found in isolated folder,KEEP_AFTER_RESAMPLING,False,
Harmonium,harmonium,1050.wav,Harmonium\1050.wav,.wav,WAV,22050,1,PCM_16,3.0,66150,132344,fc31265d49950b0d45ed04f0272e4d2492e3e51f931a39dded8d669a212dc2f5,0.42157939076423645,0.91998291015625,0.0002418745275888133,True,True,False,False,Found in isolated folder,KEEP_AFTER_RESAMPLING,False,
Harmonium,harmonium,1051.wav,Harmonium\1051.wav,.wav,WAV,22050,1,PCM_16,3.0,66150,132344,b457867dad68e1ddf5bbe33bcdd1493fedfa3f3a7440edaf4306ac1d135d99da,0.3829016387462616,0.92291259765625,0.00013605442176870748,True,True,False,False,Found in isolated folder,KEEP_AFTER_RESAMPLING,False,
Harmonium,harmonium,1052.wav,Harmonium\1052.wav,.wav,WAV,22050,1,PCM_16,3.0,66150,132344,dc585ef181479a27838debd4a2a8887453737c9b6a817a77a876efdb12b607ae,0.4233197569847107,0.924957275390625,0.00019652305366591082,True,True,False,False,Found in isolated folder,KEEP_AFTER_RESAMPLING,False,
Harmonium,harmonium,1053.wav,Harmonium\1053.wav,.wav,WAV,22050,1,PCM_16,3.0,66150,132344,0f03116f8a1ece891bd45bc6d54c82e9128e51b716a317c87cd165718dd6f82d,0.46361663937568665,0.9327392578125,0.00016628873771730915,True,True,False,False,Found in isolated folder,KEEP_AFTER_RESAMPLING,False,
Harmonium,harmonium,1054.wav,Harmonium\1054.wav,.wav,WAV,22050,1,PCM_16,3.0,66150,132344,85519aabd384ed56e6713298937b86d49fef595963de370459bc319bea09e284,0.43758535385131836,0.925140380859375,0.00010582010582010582,True,True,False,False,Found in isolated folder,KEEP_AFTER_RESAMPLING,False,
Harmonium,harmonium,1055.wav,Harmonium\1055.wav,.wav,WAV,22050,1,PCM_16,3.0,66150,132344,011a4fbf1e2af921d2c429dbb02035ed749e15d65517ebb27235492cb0c65204,0.37352994084358215,0.9326171875,0.0002418745275888133,True,True,False,False,Found in isolated folder,KEEP_AFTER_RESAMPLING,False,
Harmonium,harmonium,1056.wav,Harmonium\1056.wav,.wav,WAV,22050,1,PCM_16,3.0,66150,132344,d80274cb90268fa973b3362abebe09ec251458687ee34ea6dd21d2d6c09ceac4,0.4425625503063202,0.9263916015625,0.00016628873771730915,True,True,False,False,Found in isolated folder,KEEP_AFTER_RESAMPLING,False,
Harmonium,harmonium,1057.wav,Harmonium\1057.wav,.wav,WAV,22050,1,PCM_16,3.0,66150,132344,1ab18826d2885682bf1b8e5ee88a6a9d2d81fb874c2c38d413376b18543e7cca,0.39814743399620056,0.926605224609375,0.0003325774754346183,True,True,False,False,Found in isolated folder,KEEP_AFTER_RESAMPLING,False,
Harmonium,harmonium,1058.wav,Harmonium\1058.wav,.wav,WAV,22050,1,PCM_16,3.0,66150,132344,d52a49d155c67a7cc389deb500625c78cea91b57029882743639bd5dce9d40a2,0.416093647480011,0.927703857421875,0.0002418745275888133,True,True,False,False,Found in isolated folder,KEEP_AFTER_RESAMPLING,False,
Harmonium,harmonium,1059.wav,Harmonium\1059.wav,.wav,WAV,22050,1,PCM_16,3.0,66150,132344,9abc21e9c2612fd784e9c7be24a6a4d04f463aadba030a0fc0613ee6b770a96b,0.38099929690361023,0.922119140625,0.0002418745275888133,True,True,False,False,Found in isolated folder,KEEP_AFTER_RESAMPLING,False,
Harmonium,harmonium,106.wav,Harmonium\106.wav,.wav,WAV,22050,1,PCM_16,3.0,66150,132344,3e2a5154c5f62f5e6b816ba115dcd74a96e0dbfb42c8d81cf66eca87bb90166b,0.42955511808395386,0.92315673828125,0.0002418745275888133,True,True,False,False,Found in isolated folder,KEEP_AFTER_RESAMPLING,False,
Harmonium,harmonium,1060.wav,Harmonium\1060.wav,.wav,WAV,22050,1,PCM_16,3.0,66150,132344,159ab0c80e0caf0678985c5497f636eb90e0c3615381110a47a279c0acffcfa4,0.4216163754463196,0.92681884765625,0.00019652305366591082,True,True,False,False,Found in isolated folder,KEEP_AFTER_RESAMPLING,False,
Harmonium,harmonium,1061.wav,Harmonium\1061.wav,.wav,WAV,22050,1,PCM_16,3.0,66150,132344,46895cc9fcbaa16a48987ef27a0a19bcc2d12dc81e28e36f01ae7524557c4b93,0.462197482585907,0.923431396484375,0.00016628873771730915,True,True,False,False,Found in isolated folder,KEEP_AFTER_RESAMPLING,False,
Harmonium,harmonium,1062.wav,Harmonium\1062.wav,.wav,WAV,22050,1,PCM_16,3.0,66150,132344,8ae1acee24f56a13cc696520534b552b6764399dfd8a907b61446f32a7e5902e,0.43853312730789185,0.92547607421875,0.0002418745275888133,True,True,False,False,Found in isolated folder,KEEP_AFTER_RESAMPLING,False,
Harmonium,harmonium,1063.wav,Harmonium\1063.wav,.wav,WAV,22050,1,PCM_16,3.0,66150,132344,a4403849cc73d74f36b95bce0090b89d79832600e8ccc66bc7b323c7434ec4e2,0.3760441541671753,0.9302978515625,0.00031746031746031746,True,True,False,False,Found in isolated folder,KEEP_AFTER_RESAMPLING,False,
Harmonium,harmonium,1064.wav,Harmonium\1064.wav,.wav,WAV,22050,1,PCM_16,3.0,66150,132344,a8fefa0edf59fab26ae86d35961d0dc0eb59a140d992b4deba3a6f7694dc2d84,0.44264739751815796,0.926177978515625,7.558578987150416e-05,True,True,False,False,Found in isolated folder,KEEP_AFTER_RESAMPLING,False,
Harmonium,harmonium,1065.wav,Harmonium\1065.wav,.wav,WAV,22050,1,PCM_16,3.0,66150,132344,3a5330f8be97280594a82103a8ad9c26e376faf94e910bc4aab403a16feb1fb4,0.39497649669647217,0.921478271484375,0.00027210884353741496,True,True,False,False,Found in isolated folder,KEEP_AFTER_RESAMPLING,False,
Harmonium,harmonium,1066.wav,Harmonium\1066.wav,.wav,WAV,22050,1,PCM_16,3.0,66150,132344,d0282e7703381427dc33931342711dc7e2f8bd626eeaa3273a27a88addc77152,0.4214174449443817,0.92608642578125,0.0002418745275888133,True,True,False,False,Found in isolated folder,KEEP_AFTER_RESAMPLING,False,
Harmonium,harmonium,1067.wav,Harmonium\1067.wav,.wav,WAV,22050,1,PCM_16,3.0,66150,132344,7cd39529f413e7ec641afc26fdaf8bc30d96ad166feba36c58f5bc66f57f36b1,0.3811070919036865,0.922332763671875,0.00019652305366591082,True,True,False,False,Found in isolated folder,KEEP_AFTER_RESAMPLING,False,
Harmonium,harmonium,1068.wav,Harmonium\1068.wav,.wav,WAV,22050,1,PCM_16,3.0,66150,132344,151793fec92df4a62ddc665ca88b88cb671dcd6a87b24ba266aab0998ab5ccbf,0.4329436123371124,0.927978515625,0.00016628873771730915,True,True,False,False,Found in isolated folder,KEEP_AFTER_RESAMPLING,False,
Harmonium,harmonium,1069.wav,Harmonium\1069.wav,.wav,WAV,22050,1,PCM_16,3.0,66150,132344,f962e376995eedb0f89a63881ba52bdb45f92344c97da0cbbcd2ae49899bfda7,0.48826849460601807,0.920867919921875,7.558578987150416e-05,True,True,False,False,Found in isolated folder,KEEP_AFTER_RESAMPLING,False,
Harmonium,harmonium,107.wav,Harmonium\107.wav,.wav,WAV,22050,1,PCM_16,3.0,66150,132344,4efdc7850212edd2dcb5b0b014fd40ad7d8a63330b32be1f576872dfb46eef58,0.38547271490097046,0.926971435546875,0.00039304610733182163,True,True,False,False,Found in isolated folder,KEEP_AFTER_RESAMPLING,False,
Harmonium,harmonium,1070.wav,Harmonium\1070.wav,.wav,WAV,22050,1,PCM_16,3.0,66150,132344,cb686cc126a83badbd277170a6bcb03304a509aedc0d0f4db89349d3f7e28a51,0.4570445716381073,0.926055908203125,0.00013605442176870748,True,True,False,False,Found in isolated folder,KEEP_AFTER_RESAMPLING,False,
Harmonium,harmonium,1071.wav,Harmonium\1071.wav,.wav,WAV,22050,1,PCM_16,3.0,66150,132344,26cfe8deba82887b56c953158657e0463134b24c15bcb45c197ca0ca5ddf19a2,0.37451279163360596,0.93115234375,0.00021164021164021165,True,True,False,False,Found in isolated folder,KEEP_AFTER_RESAMPLING,False,
Harmonium,harmonium,1072.wav,Harmonium\1072.wav,.wav,WAV,22050,1,PCM_16,3.0,66150,132344,6856bac62828276ac4340be8bae57c42f8f050f457eb4fc157ca1d46b8831277,0.4474527835845947,0.926513671875,0.0002872260015117158,True,True,False,False,Found in isolated folder,KEEP_AFTER_RESAMPLING,False,
Harmonium,harmonium,1073.wav,Harmonium\1073.wav,.wav,WAV,22050,1,PCM_16,3.0,66150,132344,61539d8b450f4cc7fee9cd3c591880c8a6021036cc7b8fbe6837a42729e9ea94,0.3938373923301697,0.928253173828125,0.00019652305366591082,True,True,False,False,Found in isolated folder,KEEP_AFTER_RESAMPLING,False,
Harmonium,harmonium,1074.wav,Harmonium\1074.wav,.wav,WAV,22050,1,PCM_16,3.0,66150,132344,ba4c46197840df3fbf115dc499f095edce3fef05efba5e28f48d84839f93003b,0.41688767075538635,0.928802490234375,0.00018140589569160998,True,True,False,False,Found in isolated folder,KEEP_AFTER_RESAMPLING,False,
Harmonium,harmonium,1075.wav,Harmonium\1075.wav,.wav,WAV,22050,1,PCM_16,3.0,66150,132344,c8bd93daff31ef3e79db78f5cca03f772a7726f859a3fa859aa4d209663b3bba,0.37805214524269104,0.9268798828125,0.0002569916855631141,True,True,False,False,Found in isolated folder,KEEP_AFTER_RESAMPLING,False,
Harmonium,harmonium,1076.wav,Harmonium\1076.wav,.wav,WAV,22050,1,PCM_16,3.0,66150,132344,307e867a20fe402cedb1a9a1699cfa9d71c3b344ccfa5311a7c22901056e9928,0.4266279637813568,0.921112060546875,0.00012093726379440664,True,True,False,False,Found in isolated folder,KEEP_AFTER_RESAMPLING,False,
Harmonium,harmonium,1077.wav,Harmonium\1077.wav,.wav,WAV,22050,1,PCM_16,3.0,66150,132344,8286a695a13cb47b9d015f0f976cda1e5a473e5ba847c7e5ac8fc21323d3d516,0.4679405391216278,0.926300048828125,0.00010582010582010582,True,True,False,False,Found in isolated folder,KEEP_AFTER_RESAMPLING,False,
Harmonium,harmonium,1078.wav,Harmonium\1078.wav,.wav,WAV,22050,1,PCM_16,3.0,66150,132344,ddb00debce653ac66913b49e68d104ac4885fa3c4ef41b668852a99919ba29c9,0.440573126077652,0.9278564453125,0.0002872260015117158,True,True,False,False,Found in isolated folder,KEEP_AFTER_RESAMPLING,False,
Harmonium,harmonium,1079.wav,Harmonium\1079.wav,.wav,WAV,22050,1,PCM_16,3.0,66150,132344,248b62248e5e8016c5bb38556e7ea2786bbc4d4a4589880b621f1c98681d5e4a,0.36381396651268005,0.93524169921875,0.0002872260015117158,True,True,False,False,Found in isolated folder,KEEP_AFTER_RESAMPLING,False,
Harmonium,harmonium,108.wav,Harmonium\108.wav,.wav,WAV,22050,1,PCM_16,3.0,66150,132344,7c2a1d70a07177eb934a2b6b51b3472048d031f2c4bc06f7c9142c913181fe47,0.3830581307411194,0.92431640625,0.00031746031746031746,True,True,False,False,Found in isolated folder,KEEP_AFTER_RESAMPLING,False,
Harmonium,harmonium,1080.wav,Harmonium\1080.wav,.wav,WAV,22050,1,PCM_16,3.0,66150,132344,9ef7b4f780dd20b821997eba5cedd1048e8c1e44f4228769ee2ee6f412e4f9ce,0.4455031454563141,0.922088623046875,0.0001511715797430083,True,True,False,False,Found in isolated folder,KEEP_AFTER_RESAMPLING,False,
Harmonium,harmonium,1081.wav,Harmonium\1081.wav,.wav,WAV,22050,1,PCM_16,3.0,66150,132344,af6194c33bca1794b25337d85b68c63c5c2250f58bb86e0369c82ca541542988,0.40478515625,0.92755126953125,0.00016628873771730915,True,True,False,False,Found in isolated folder,KEEP_AFTER_RESAMPLING,False,
Harmonium,harmonium,1082.wav,Harmonium\1082.wav,.wav,WAV,22050,1,PCM_16,3.0,66150,132344,341fc293f535cf15540b584042420190e209fddbf13d511366c3e92ee8fb65cf,0.4174872636795044,0.93475341796875,0.0002569916855631141,True,True,False,False,Found in isolated folder,KEEP_AFTER_RESAMPLING,False,
Harmonium,harmonium,1083.wav,Harmonium\1083.wav,.wav,WAV,22050,1,PCM_16,3.0,66150,132344,f5ffe3a4519efef2372569db5fa089bf30d34c10f30eb79440529c34bff31125,0.3808000087738037,0.92132568359375,0.00013605442176870748,True,True,False,False,Found in isolated folder,KEEP_AFTER_RESAMPLING,False,
Harmonium,harmonium,1084.wav,Harmonium\1084.wav,.wav,WAV,22050,1,PCM_16,3.0,66150,132344,aedc34379cd89b1aaaab8ad729605f92cae1ce1b1cf1513b2ac0117f096e3492,0.4278995990753174,0.935394287109375,0.00013605442176870748,True,True,False,False,Found in isolated folder,KEEP_AFTER_RESAMPLING,False,
Harmonium,harmonium,1085.wav,Harmonium\1085.wav,.wav,WAV,22050,1,PCM_16,3.0,66150,132344,e7054901aaf9d13afcfb0c6ce9844aeb3197b6e6a9810d2269541afe17f2f95e,0.4584362506866455,0.923248291015625,7.558578987150416e-05,True,True,False,False,Found in isolated folder,KEEP_AFTER_RESAMPLING,False,
Harmonium,harmonium,1086.wav,Harmonium\1086.wav,.wav,WAV,22050,1,PCM_16,3.0,66150,132344,edacacbf2d85a8b2a9c08b800718dc5fb366b94ca9a9443ce3077233927527a1,0.44133880734443665,0.925567626953125,0.00021164021164021165,True,True,False,False,Found in isolated folder,KEEP_AFTER_RESAMPLING,False,
Harmonium,harmonium,1087.wav,Harmonium\1087.wav,.wav,WAV,22050,1,PCM_16,3.0,66150,132344,d4cf8ec947bf709ed4a838870e660dea91a1f27b2e75921e6c434629b7b130e0,0.3692299425601959,0.92828369140625,0.00022675736961451248,True,True,False,False,Found in isolated folder,KEEP_AFTER_RESAMPLING,False,
Harmonium,harmonium,1088.wav,Harmonium\1088.wav,.wav,WAV,22050,1,PCM_16,3.0,66150,132344,d0b38ae36a2497249e00a649a6d175f6003711fa6a593b013f1b2c107166dbf4,0.45140019059181213,0.9248046875,0.00016628873771730915,True,True,False,False,Found in isolated folder,KEEP_AFTER_RESAMPLING,False,
Harmonium,harmonium,1089.wav,Harmonium\1089.wav,.wav,WAV,22050,1,PCM_16,3.0,66150,132344,d390b50c06592e6d2c6ff6810188fc88268aa7c3b8c0f5dc6b9f3d17aa78b69a,0.3961675465106964,0.922576904296875,0.0002418745275888133,True,True,False,False,Found in isolated folder,KEEP_AFTER_RESAMPLING,False,
Harmonium,harmonium,109.wav,Harmonium\109.wav,.wav,WAV,22050,1,PCM_16,3.0,66150,132344,3bb0558ca57ffc115fb6b568faf498ffd1034b848915ddaedf5c59c46c1d7128,0.3782770335674286,0.924652099609375,0.0003779289493575208,True,True,False,False,Found in isolated folder,KEEP_AFTER_RESAMPLING,False,
Harmonium,harmonium,1090.wav,Harmonium\1090.wav,.wav,WAV,22050,1,PCM_16,3.0,66150,132344,0eae2cd5802a286f64257a77e2291e9052d779b1b1d96f1bddc837ee7e673141,0.42634111642837524,0.924102783203125,0.0002569916855631141,True,True,False,False,Found in isolated folder,KEEP_AFTER_RESAMPLING,False,
Harmonium,harmonium,1091.wav,Harmonium\1091.wav,.wav,WAV,22050,1,PCM_16,3.0,66150,132344,88e61616ad37a200d54b553bcccb1adc754f8579428cd3f51fc3948b60c14ba4,0.3813667297363281,0.92041015625,0.00013605442176870748,True,True,False,False,Found in isolated folder,KEEP_AFTER_RESAMPLING,False,
Harmonium,harmonium,1092.wav,Harmonium\1092.wav,.wav,WAV,22050,1,PCM_16,3.0,66150,132344,bc3a26b13ac4ebc72597e6779a20227c11af0a6cb3372fcd2eb197b17cf6664c,0.43029436469078064,0.92999267578125,0.00016628873771730915,True,True,False,False,Found in isolated folder,KEEP_AFTER_RESAMPLING,False,
Harmonium,harmonium,1093.wav,Harmonium\1093.wav,.wav,WAV,22050,1,PCM_16,3.0,66150,132344,29c5a204390dd304530b11999426d5b02910a6fb5f0d37dba0e252ed4ab821d1,0.46558478474617004,0.923095703125,0.00013605442176870748,True,True,False,False,Found in isolated folder,KEEP_AFTER_RESAMPLING,False,
Harmonium,harmonium,1094.wav,Harmonium\1094.wav,.wav,WAV,22050,1,PCM_16,3.0,66150,132344,37a232dd6f639315e5211cc435b8b15f389126386f9db91aa3fa0e3015a915f1,0.43571487069129944,0.930023193359375,0.00016628873771730915,True,True,False,False,Found in isolated folder,KEEP_AFTER_RESAMPLING,False,
Harmonium,harmonium,1095.wav,Harmonium\1095.wav,.wav,WAV,22050,1,PCM_16,3.0,66150,132344,b706c66ea0c717653b0ffe60601f5dee0913cc83987601bf08f4285b74de4e97,0.36886510252952576,0.927642822265625,0.00021164021164021165,True,True,False,False,Found in isolated folder,KEEP_AFTER_RESAMPLING,False,
Harmonium,harmonium,1096.wav,Harmonium\1096.wav,.wav,WAV,22050,1,PCM_16,3.0,66150,132344,dd195132b1e48beb1f1c631fc0dccad0f1fcf3197dd25bd273864c5d4ac09298,0.43702274560928345,0.925506591796875,0.0002569916855631141,True,True,False,False,Found in isolated folder,KEEP_AFTER_RESAMPLING,False,
Harmonium,harmonium,1097.wav,Harmonium\1097.wav,.wav,WAV,22050,1,PCM_16,3.0,66150,132344,57617fed1eb5399e181ffaa804a3e6ea18b38eac39cdb1b66a3c8099aae52c7c,0.40129798650741577,0.93328857421875,0.00013605442176870748,True,True,False,False,Found in isolated folder,KEEP_AFTER_RESAMPLING,False,
Harmonium,harmonium,1098.wav,Harmonium\1098.wav,.wav,WAV,22050,1,PCM_16,3.0,66150,132344,5be3fa8ab328da840b275819d6a44e49468657cf58f4fb09c35b52dc01a8e655,0.4134172201156616,0.933197021484375,0.00013605442176870748,True,True,False,False,Found in isolated folder,KEEP_AFTER_RESAMPLING,False,
Harmonium,harmonium,1099.wav,Harmonium\1099.wav,.wav,WAV,22050,1,PCM_16,3.0,66150,132344,4757d0d97ac7995159c25dfb580066b397df48c6f9ddd9572b2973d1ea918bd0,0.38110867142677307,0.91668701171875,0.0001511715797430083,True,True,False,False,Found in isolated folder,KEEP_AFTER_RESAMPLING,False,
Harmonium,harmonium,11.wav,Harmonium\11.wav,.wav,WAV,22050,1,PCM_16,3.0,66150,132344,6289790c37d7d133982af602611e4ced995ed245cf97df169a440d7bb9040eaf,0.3855634927749634,0.92205810546875,0.00036281179138321996,True,True,False,False,Found in isolated folder,KEEP_AFTER_RESAMPLING,False,
Harmonium,harmonium,110.wav,Harmonium\110.wav,.wav,WAV,22050,1,PCM_16,3.0,66150,132344,5ad2d8e72bee787ccca9f35fce6b87a8d39e5c9e87b9fd04282d9d6a31b53407,0.43372848629951477,0.9249267578125,0.00031746031746031746,True,True,False,False,Found in isolated folder,KEEP_AFTER_RESAMPLING,False,
Harmonium,harmonium,1100.wav,Harmonium\1100.wav,.wav,WAV,22050,1,PCM_16,3.0,66150,132344,8b5f635998b87e3a28622ce3c40cb0c3c3de9547f8187397b84b4d8f0db182b0,0.42555028200149536,0.92718505859375,0.00016628873771730915,True,True,False,False,Found in isolated folder,KEEP_AFTER_RESAMPLING,False,
Harmonium,harmonium,1101.wav,Harmonium\1101.wav,.wav,WAV,22050,1,PCM_16,3.0,66150,132344,bba81d615af7aa4657d874fddb5b081a21de894a808933f00fbe0b3447b9999f,0.46741625666618347,0.92376708984375,0.00012093726379440664,True,True,False,False,Found in isolated folder,KEEP_AFTER_RESAMPLING,False,
Harmonium,harmonium,1102.wav,Harmonium\1102.wav,.wav,WAV,22050,1,PCM_16,3.0,66150,132344,2da65af86264793cb3a7855637462512348a8d09e07bf849e22bbfa1fbe6bf26,0.4385971426963806,0.936248779296875,0.0001511715797430083,True,True,False,False,Found in isolated folder,KEEP_AFTER_RESAMPLING,False,
Harmonium,harmonium,1103.wav,Harmonium\1103.wav,.wav,WAV,22050,1,PCM_16,3.0,66150,132344,7926a272a92eec12070a52eb13587cf8cc3a0c408f2202103a2b463fb26519f7,0.3732239603996277,0.929534912109375,0.0003023431594860166,True,True,False,False,Found in isolated folder,KEEP_AFTER_RESAMPLING,False,
Harmonium,harmonium,1104.wav,Harmonium\1104.wav,.wav,WAV,22050,1,PCM_16,3.0,66150,132344,7bccaad110127fc795fca257aec55a46210a938485d8cb666aa8ebbacd287ab0,0.44183456897735596,0.923248291015625,0.0002872260015117158,True,True,False,False,Found in isolated folder,KEEP_AFTER_RESAMPLING,False,
Harmonium,harmonium,1105.wav,Harmonium\1105.wav,.wav,WAV,22050,1,PCM_16,3.0,66150,132344,60284edda651d2625a2db349e09a915ed54c12779b707d4e30064a3052492320,0.39392057061195374,0.926910400390625,0.00022675736961451248,True,True,False,False,Found in isolated folder,KEEP_AFTER_RESAMPLING,False,
Harmonium,harmonium,1106.wav,Harmonium\1106.wav,.wav,WAV,22050,1,PCM_16,3.0,66150,132344,72ea309141cfa1f7402cadb624c624edc76c61eecc86bc0d7cfd94f195c22eea,0.4180614650249481,0.926605224609375,0.00013605442176870748,True,True,False,False,Found in isolated folder,KEEP_AFTER_RESAMPLING,False,
Harmonium,harmonium,1107.wav,Harmonium\1107.wav,.wav,WAV,22050,1,PCM_16,3.0,66150,132344,efe957bc3fb185d5073c1b072bc9a10b419ef1c9ce2f96a31aac04fc177df014,0.37999483942985535,0.9202880859375,0.00018140589569160998,True,True,False,False,Found in isolated folder,KEEP_AFTER_RESAMPLING,False,
Harmonium,harmonium,1108.wav,Harmonium\1108.wav,.wav,WAV,22050,1,PCM_16,3.0,66150,132344,4a9f01edb6ac3bf741e0c51649671f8a564296155a5eea2d5ce69886f93e58fa,0.42692306637763977,0.9334716796875,7.558578987150416e-05,True,True,False,False,Found in isolated folder,KEEP_AFTER_RESAMPLING,False,
Harmonium,harmonium,1109.wav,Harmonium\1109.wav,.wav,WAV,22050,1,PCM_16,3.0,66150,132344,4a42bf49bcaf29a0026b0e1e33cba44c87fe94798c19742be131eb9594b516a9,0.48384755849838257,0.92425537109375,0.0001511715797430083,True,True,False,False,Found in isolated folder,KEEP_AFTER_RESAMPLING,False,
Harmonium,harmonium,111.wav,Harmonium\111.wav,.wav,WAV,22050,1,PCM_16,3.0,66150,132344,544f57d55aea6664612ee05bfd715bc0f178829d169b3934fd804c6b6176c893,0.38211682438850403,0.92462158203125,0.00022675736961451248,True,True,False,False,Found in isolated folder,KEEP_AFTER_RESAMPLING,False,
Harmonium,harmonium,1110.wav,Harmonium\1110.wav,.wav,WAV,22050,1,PCM_16,3.0,66150,132344,1f415305c74587449ee56c52c3622ef7ea327f33af5331589fafa2317fa48a08,0.46078333258628845,0.922821044921875,0.00012093726379440664,True,True,False,False,Found in isolated folder,KEEP_AFTER_RESAMPLING,False,
Harmonium,harmonium,1111.wav,Harmonium\1111.wav,.wav,WAV,22050,1,PCM_16,3.0,66150,132344,a786ce76f8a41fb9294a78a3a5fbe0d2229b40f4cdfa6ce53f408856b803b34a,0.3699832558631897,0.93157958984375,0.00039304610733182163,True,True,False,False,Found in isolated folder,KEEP_AFTER_RESAMPLING,False,
Harmonium,harmonium,1112.wav,Harmonium\1112.wav,.wav,WAV,22050,1,PCM_16,3.0,66150,132344,67fdb856f3b765ea254fd3a997232a05ab004b2575781dbf0b9d6d2a40e84f64,0.44310489296913147,0.927764892578125,0.00018140589569160998,True,True,False,False,Found in isolated folder,KEEP_AFTER_RESAMPLING,False,
Harmonium,harmonium,1113.wav,Harmonium\1113.wav,.wav,WAV,22050,1,PCM_16,3.0,66150,132344,2e64aaa1bf5747ed49b3f80c569616ca710b717da55f46bf2cd6c47e8a4bc3e4,0.39613252878189087,0.921142578125,0.00018140589569160998,True,True,False,False,Found in isolated folder,KEEP_AFTER_RESAMPLING,False,
Harmonium,harmonium,1114.wav,Harmonium\1114.wav,.wav,WAV,22050,1,PCM_16,3.0,66150,132344,8a0e9381fd15d25c94e34f15e5ebf419bfa08121298c6de3e006e22c8bb2ef17,0.41827720403671265,0.926513671875,0.00022675736961451248,True,True,False,False,Found in isolated folder,KEEP_AFTER_RESAMPLING,False,
Harmonium,harmonium,1115.wav,Harmonium\1115.wav,.wav,WAV,22050,1,PCM_16,3.0,66150,132344,45e5095865ab0a51f329eafcd97df26caedc911093e5766a74d2c2537da4046c,0.3802611827850342,0.923736572265625,0.00027210884353741496,True,True,False,False,Found in isolated folder,KEEP_AFTER_RESAMPLING,False,
Harmonium,harmonium,1116.wav,Harmonium\1116.wav,.wav,WAV,22050,1,PCM_16,3.0,66150,132344,485727c013765b14c7cb77eeae83c70e0f3726e84c32d23802960630d1c95ab6,0.42157304286956787,0.927337646484375,0.00021164021164021165,True,True,False,False,Found in isolated folder,KEEP_AFTER_RESAMPLING,False,
Harmonium,harmonium,1117.wav,Harmonium\1117.wav,.wav,WAV,22050,1,PCM_16,3.0,66150,132344,ee5350fea1fea22b8614f7ccb2209ae04306e6f24b9ce3ccbe808692e6b60898,0.4685674011707306,0.92889404296875,0.00010582010582010582,True,True,False,False,Found in isolated folder,KEEP_AFTER_RESAMPLING,False,
Harmonium,harmonium,1118.wav,Harmonium\1118.wav,.wav,WAV,22050,1,PCM_16,3.0,66150,132344,57d9cdaeffd0c8d7adee8902500cc2e255ed79cf30a967a2e11b53d60b6d17df,0.4370417892932892,0.93646240234375,0.0002569916855631141,True,True,False,False,Found in isolated folder,KEEP_AFTER_RESAMPLING,False,
Harmonium,harmonium,1119.wav,Harmonium\1119.wav,.wav,WAV,22050,1,PCM_16,3.0,66150,132344,fa6b9e6d716e5e00f584d3a3c1732a779f9cd2009c6fbedf57678b142dc9a3ce,0.37164419889450073,0.928497314453125,0.00034769463340891913,True,True,False,False,Found in isolated folder,KEEP_AFTER_RESAMPLING,False,
Harmonium,harmonium,112.wav,Harmonium\112.wav,.wav,WAV,22050,1,PCM_16,3.0,66150,132344,159007e4c68b8f6041acda1361d6b6bb8ed029d7e03e241ebd9d7709de6f784b,0.38062214851379395,0.93035888671875,0.00021164021164021165,True,True,False,False,Found in isolated folder,KEEP_AFTER_RESAMPLING,False,
Harmonium,harmonium,1120.wav,Harmonium\1120.wav,.wav,WAV,22050,1,PCM_16,3.0,66150,132344,bad393cc1516f355c5c954d2d4bb4348236943140b2b7ba2591565229115f237,0.4423828721046448,0.92633056640625,0.00019652305366591082,True,True,False,False,Found in isolated folder,KEEP_AFTER_RESAMPLING,False,
Harmonium,harmonium,1121.wav,Harmonium\1121.wav,.wav,WAV,22050,1,PCM_16,3.0,66150,132344,af7f5b3fd45ecba817d182da45bccf9d506b23d2a0a315a276fd433570bbde76,0.39917081594467163,0.9300537109375,0.00018140589569160998,True,True,False,False,Found in isolated folder,KEEP_AFTER_RESAMPLING,False,
Harmonium,harmonium,1122.wav,Harmonium\1122.wav,.wav,WAV,22050,1,PCM_16,3.0,66150,132344,b3bcb5f0849a602c6ab8c77e5594ef43d526d641d8d509c1b915fd9b90a7faa1,0.4186997413635254,0.932159423828125,0.00018140589569160998,True,True,False,False,Found in isolated folder,KEEP_AFTER_RESAMPLING,False,
Harmonium,harmonium,1123.wav,Harmonium\1123.wav,.wav,WAV,22050,1,PCM_16,3.0,66150,132344,de57e381707751dfa2339533afffef239d1d765cf666557d3ec28736a82404ed,0.37992045283317566,0.93115234375,0.00019652305366591082,True,True,False,False,Found in isolated folder,KEEP_AFTER_RESAMPLING,False,
Harmonium,harmonium,1124.wav,Harmonium\1124.wav,.wav,WAV,22050,1,PCM_16,3.0,66150,132344,c0c3662ef319eb2ede1348498c3092f7d94064fc67fa272fb4cac12624a49c97,0.42134803533554077,0.933197021484375,0.00010582010582010582,True,True,False,False,Found in isolated folder,KEEP_AFTER_RESAMPLING,False,
Harmonium,harmonium,1125.wav,Harmonium\1125.wav,.wav,WAV,22050,1,PCM_16,3.0,66150,132344,428324a6e0ec4e064de5c6a534aff70b8570e72b76053383b4b9c1b3c6cb363b,0.46806830167770386,0.92315673828125,0.00012093726379440664,True,True,False,False,Found in isolated folder,KEEP_AFTER_RESAMPLING,False,
Harmonium,harmonium,1126.wav,Harmonium\1126.wav,.wav,WAV,22050,1,PCM_16,3.0,66150,132344,9ea4bbaeb5e2e4cc229314caa03f1fac045b1a79b7b4bcaf74623685b6f06589,0.43660253286361694,0.92596435546875,0.0001511715797430083,True,True,False,False,Found in isolated folder,KEEP_AFTER_RESAMPLING,False,
Harmonium,harmonium,1127.wav,Harmonium\1127.wav,.wav,WAV,22050,1,PCM_16,3.0,66150,132344,9423b2b8c61ab6bc9c1b74bc3596380d692c0c630f10612130f43b6951a9a319,0.36573201417922974,0.93011474609375,0.00031746031746031746,True,True,False,False,Found in isolated folder,KEEP_AFTER_RESAMPLING,False,
Harmonium,harmonium,1128.wav,Harmonium\1128.wav,.wav,WAV,22050,1,PCM_16,3.0,66150,132344,08dc1ea0b09adaec91d3aa98a08c045909099294a902f2dbe77b09a44b3355cc,0.44575953483581543,0.930145263671875,0.00019652305366591082,True,True,False,False,Found in isolated folder,KEEP_AFTER_RESAMPLING,False,
Harmonium,harmonium,1129.wav,Harmonium\1129.wav,.wav,WAV,22050,1,PCM_16,3.0,66150,132344,5ece1d4348862b768ce1afea8845f34ffdcba261cd44b1e59ad1fc7636304feb,0.39623114466667175,0.923919677734375,0.00022675736961451248,True,True,False,False,Found in isolated folder,KEEP_AFTER_RESAMPLING,False,
Harmonium,harmonium,113.wav,Harmonium\113.wav,.wav,WAV,22050,1,PCM_16,3.0,66150,132344,d3a20ca2a465b1e9a8c091077c86c35f3b7c0db143f0eb4d9a403c3dc587dfe5,0.38314440846443176,0.925445556640625,0.0003023431594860166,True,True,False,False,Found in isolated folder,KEEP_AFTER_RESAMPLING,False,
Harmonium,harmonium,1130.wav,Harmonium\1130.wav,.wav,WAV,22050,1,PCM_16,3.0,66150,132344,18b92f05ca0e6811bd5b8df510bca239476713646124ef357cccca1b92c2e452,0.4208280146121979,0.92462158203125,0.0002418745275888133,True,True,False,False,Found in isolated folder,KEEP_AFTER_RESAMPLING,False,
Harmonium,harmonium,1131.wav,Harmonium\1131.wav,.wav,WAV,22050,1,PCM_16,3.0,66150,132344,e57808b94f476389e25d4e0284ab8db41ab895493922d6c35d28efc2705c9fbb,0.37976640462875366,0.91705322265625,0.00022675736961451248,True,True,False,False,Found in isolated folder,KEEP_AFTER_RESAMPLING,False,
Harmonium,harmonium,1132.wav,Harmonium\1132.wav,.wav,WAV,22050,1,PCM_16,3.0,66150,132344,ac9c028d7aee871913b87126ee70a1d1376854f4c3422c3a504de2197bb71cae,0.4294477701187134,0.929931640625,0.0002418745275888133,True,True,False,False,Found in isolated folder,KEEP_AFTER_RESAMPLING,False,
Harmonium,harmonium,1133.wav,Harmonium\1133.wav,.wav,WAV,22050,1,PCM_16,3.0,66150,132344,c4caf7762c320f07c3ab0388a029588b9aae39539461dbf6c027cee93227f471,0.4612879753112793,0.92315673828125,0.00010582010582010582,True,True,False,False,Found in isolated folder,KEEP_AFTER_RESAMPLING,False,
Harmonium,harmonium,1134.wav,Harmonium\1134.wav,.wav,WAV,22050,1,PCM_16,3.0,66150,132344,7b139fd7844f9a9eca3b4d54a57f551d16d2830293d7a96060eb7e14f78bc649,0.444463849067688,0.927093505859375,0.00016628873771730915,True,True,False,False,Found in isolated folder,KEEP_AFTER_RESAMPLING,False,
Harmonium,harmonium,1135.wav,Harmonium\1135.wav,.wav,WAV,22050,1,PCM_16,3.0,66150,132344,bccdc4bba7f904b7dd8698f61c36b683b1143cdb93a33a4d06d3a976e81c6c9b,0.3735698461532593,0.925872802734375,0.00031746031746031746,True,True,False,False,Found in isolated folder,KEEP_AFTER_RESAMPLING,False,
Harmonium,harmonium,1136.wav,Harmonium\1136.wav,.wav,WAV,22050,1,PCM_16,3.0,66150,132344,6d30bc6d20e685fb46e097b3a931347834c13ab3141c7f541aa74ac54cf05539,0.44642841815948486,0.922515869140625,0.00016628873771730915,True,True,False,False,Found in isolated folder,KEEP_AFTER_RESAMPLING,False,
Harmonium,harmonium,1137.wav,Harmonium\1137.wav,.wav,WAV,22050,1,PCM_16,3.0,66150,132344,a7031d3ac16e582b5ddf1935107f296e40cc2b08eb781974c2dcb2eae33be0de,0.40218210220336914,0.928863525390625,0.00016628873771730915,True,True,False,False,Found in isolated folder,KEEP_AFTER_RESAMPLING,False,
Harmonium,harmonium,1138.wav,Harmonium\1138.wav,.wav,WAV,22050,1,PCM_16,3.0,66150,132344,631812f442a0f05cb0c70ad09c3946d0cec3c47d9cfbc9b28d305f06c92100c3,0.41929173469543457,0.926513671875,7.558578987150416e-05,True,True,False,False,Found in isolated folder,KEEP_AFTER_RESAMPLING,False,
Harmonium,harmonium,1139.wav,Harmonium\1139.wav,.wav,WAV,22050,1,PCM_16,3.0,66150,132344,cddcc3f071cefc25a08d1cd2d9cd152db74bfaa8124b7fc6acc49db249cd7e59,0.3780992031097412,0.925750732421875,0.00013605442176870748,True,True,False,False,Found in isolated folder,KEEP_AFTER_RESAMPLING,False,
Harmonium,harmonium,114.wav,Harmonium\114.wav,.wav,WAV,22050,1,PCM_16,3.0,66150,132344,902a8cb6d7e510bae3d1157d6b804e127fc2cfe4959f36cb7620b01fb3f2f815,0.42855843901634216,0.925689697265625,0.0004232804232804233,True,True,False,False,Found in isolated folder,KEEP_AFTER_RESAMPLING,False,
Harmonium,harmonium,1140.wav,Harmonium\1140.wav,.wav,WAV,22050,1,PCM_16,3.0,66150,132344,41af797a296f57103c9b79e69459fea68dc8a06bc5a114c769bcc34d7f234a0a,0.4278246760368347,0.928558349609375,0.00012093726379440664,True,True,False,False,Found in isolated folder,KEEP_AFTER_RESAMPLING,False,
Harmonium,harmonium,1141.wav,Harmonium\1141.wav,.wav,WAV,22050,1,PCM_16,3.0,66150,132344,d7dc6d2f3a125fb1d02ac121d2b2d46a82b6cb755232371a113cd7a3a57e3a13,0.45876291394233704,0.928375244140625,0.00013605442176870748,True,True,False,False,Found in isolated folder,KEEP_AFTER_RESAMPLING,False,
Harmonium,harmonium,1142.wav,Harmonium\1142.wav,.wav,WAV,22050,1,PCM_16,3.0,66150,132344,04f795af147e787079d9e1487d9cef05c822d8128c4b99cec7d95f59b531cfa8,0.43864578008651733,0.936065673828125,0.0002418745275888133,True,True,False,False,Found in isolated folder,KEEP_AFTER_RESAMPLING,False,
Harmonium,harmonium,1143.wav,Harmonium\1143.wav,.wav,WAV,22050,1,PCM_16,3.0,66150,132344,565ad15065d7fc484a5e223bf639728184434a5b2e6af6e3e0a2b48ef518860e,0.3700105547904968,0.922882080078125,0.00021164021164021165,True,True,False,False,Found in isolated folder,KEEP_AFTER_RESAMPLING,False,
Harmonium,harmonium,1144.wav,Harmonium\1144.wav,.wav,WAV,22050,1,PCM_16,3.0,66150,132344,82532da14c3e9ae0010f0d50fa1d40a4ca189ef747f1c58c529b1de097da399a,0.4374290108680725,0.930145263671875,0.0003023431594860166,True,True,False,False,Found in isolated folder,KEEP_AFTER_RESAMPLING,False,
Harmonium,harmonium,1145.wav,Harmonium\1145.wav,.wav,WAV,22050,1,PCM_16,3.0,66150,132344,b7b80b45eba9ef9485b609e08aa86a728e33794134c93c96ca622276870f9bf6,0.40064170956611633,0.927703857421875,0.00019652305366591082,True,True,False,False,Found in isolated folder,KEEP_AFTER_RESAMPLING,False,
Harmonium,harmonium,1146.wav,Harmonium\1146.wav,.wav,WAV,22050,1,PCM_16,3.0,66150,132344,0106ec244a1b14f0e0e3f876488fa34759918db6998271145cb11d763562b683,0.42397454380989075,0.93389892578125,0.0001511715797430083,True,True,False,False,Found in isolated folder,KEEP_AFTER_RESAMPLING,False,
Harmonium,harmonium,1147.wav,Harmonium\1147.wav,.wav,WAV,22050,1,PCM_16,3.0,66150,132344,03e7c16b45ae922923b48a53d699be305a063b8e8577e7ab914f2f1754eced25,0.3844265937805176,0.922607421875,0.0001511715797430083,True,True,False,False,Found in isolated folder,KEEP_AFTER_RESAMPLING,False,
Harmonium,harmonium,1148.wav,Harmonium\1148.wav,.wav,WAV,22050,1,PCM_16,3.0,66150,132344,d04217947850bde0a6ee96361efe24fdeca719606aa76197a598525ff5b8585a,0.42694202065467834,0.926544189453125,0.00012093726379440664,True,True,False,False,Found in isolated folder,KEEP_AFTER_RESAMPLING,False,
Harmonium,harmonium,1149.wav,Harmonium\1149.wav,.wav,WAV,22050,1,PCM_16,3.0,66150,132344,c60cc11eef5038f26c1dc5ef0a3673e27e1e6b563f2bf308049fe4fd50b39921,0.48010721802711487,0.92291259765625,0.00016628873771730915,True,True,False,False,Found in isolated folder,KEEP_AFTER_RESAMPLING,False,
Harmonium,harmonium,115.wav,Harmonium\115.wav,.wav,WAV,22050,1,PCM_16,3.0,66150,132344,8815259faf171e4dea1c8f9495941867b6008d36773de9a7b314537b8e5b83a0,0.3839591145515442,0.9251708984375,0.00019652305366591082,True,True,False,False,Found in isolated folder,KEEP_AFTER_RESAMPLING,False,
Harmonium,harmonium,1150.wav,Harmonium\1150.wav,.wav,WAV,22050,1,PCM_16,3.0,66150,132344,b6150b1832e0057c33ba1a9e05ebfc88fbf7b1349c3c505cfd07c84c76bdb3c8,0.46052679419517517,0.925567626953125,0.00027210884353741496,True,True,False,False,Found in isolated folder,KEEP_AFTER_RESAMPLING,False,
Harmonium,harmonium,1151.wav,Harmonium\1151.wav,.wav,WAV,22050,1,PCM_16,3.0,66150,132344,17067d6af29c483653d1408cf7cb645d1bb7f8f1f30fd068e68a2f086b18ac30,0.3720504343509674,0.9256591796875,0.0003023431594860166,True,True,False,False,Found in isolated folder,KEEP_AFTER_RESAMPLING,False,
Harmonium,harmonium,1152.wav,Harmonium\1152.wav,.wav,WAV,22050,1,PCM_16,3.0,66150,132344,3becbf366e82afa7b57c4542bfbd1cc9b952acf639435c526bf5035b17e1de3d,0.44690361618995667,0.926055908203125,0.00019652305366591082,True,True,False,False,Found in isolated folder,KEEP_AFTER_RESAMPLING,False,
Harmonium,harmonium,1153.wav,Harmonium\1153.wav,.wav,WAV,22050,1,PCM_16,3.0,66150,132344,319f29e27de199e64e325363fad675da520cafef9ec80b55cd2971eb36b65229,0.39820313453674316,0.92498779296875,9.070294784580499e-05,True,True,False,False,Found in isolated folder,KEEP_AFTER_RESAMPLING,False,
Harmonium,harmonium,1154.wav,Harmonium\1154.wav,.wav,WAV,22050,1,PCM_16,3.0,66150,132344,475595f2852fff493368b31a3a034bc522a5f5e982767b87f36378d274ddb4df,0.4146023690700531,0.9278564453125,0.00013605442176870748,True,True,False,False,Found in isolated folder,KEEP_AFTER_RESAMPLING,False,
Harmonium,harmonium,1155.wav,Harmonium\1155.wav,.wav,WAV,22050,1,PCM_16,3.0,66150,132344,215c2b26a7c3fc7c7dfcacf8412f40e917d0d101258a996bf1635402fb9dbe52,0.38129207491874695,0.925048828125,0.00012093726379440664,True,True,False,False,Found in isolated folder,KEEP_AFTER_RESAMPLING,False,
Harmonium,harmonium,1156.wav,Harmonium\1156.wav,.wav,WAV,22050,1,PCM_16,3.0,66150,132344,d0466830a072ff80c7c498ba1d0203f82fab7a74f509f0d7c7d75d7b0a8684f1,0.4222334921360016,0.92938232421875,0.00012093726379440664,True,True,False,False,Found in isolated folder,KEEP_AFTER_RESAMPLING,False,
Harmonium,harmonium,1157.wav,Harmonium\1157.wav,.wav,WAV,22050,1,PCM_16,3.0,66150,132344,13f9a994c81dc9848716eda49c9106a073d7aeb43737947b97337119c9eb406d,0.46353602409362793,0.92901611328125,0.00010582010582010582,True,True,False,False,Found in isolated folder,KEEP_AFTER_RESAMPLING,False,
Harmonium,harmonium,1158.wav,Harmonium\1158.wav,.wav,WAV,22050,1,PCM_16,3.0,66150,132344,439a4ad997feaa832a3b4e70cf6d24cc664a68aead1914f938172a6a5f8e097a,0.43814799189567566,0.925537109375,0.00013605442176870748,True,True,False,False,Found in isolated folder,KEEP_AFTER_RESAMPLING,False,
Harmonium,harmonium,1159.wav,Harmonium\1159.wav,.wav,WAV,22050,1,PCM_16,3.0,66150,132344,a027d7c40054c74b4bf53b0f686e23f277c9e6e77accc8fde32e353244d3273b,0.3718104362487793,0.92596435546875,0.00027210884353741496,True,True,False,False,Found in isolated folder,KEEP_AFTER_RESAMPLING,False,
Harmonium,harmonium,116.wav,Harmonium\116.wav,.wav,WAV,22050,1,PCM_16,3.0,66150,132344,4ea9e035047c4fbd4f6687fbb5ddce96ec2828cdf7af98c9dc250662be9e3495,0.3779386281967163,0.925201416015625,0.00021164021164021165,True,True,False,False,Found in isolated folder,KEEP_AFTER_RESAMPLING,False,
Harmonium,harmonium,1160.wav,Harmonium\1160.wav,.wav,WAV,22050,1,PCM_16,3.0,66150,132344,c4c159f09f711e0bfdce5ac6dc7963dea6a1c9a8e4f04e21fb6d9c8a31f897c1,0.44486862421035767,0.9256591796875,0.00013605442176870748,True,True,False,False,Found in isolated folder,KEEP_AFTER_RESAMPLING,False,
Harmonium,harmonium,1161.wav,Harmonium\1161.wav,.wav,WAV,22050,1,PCM_16,3.0,66150,132344,7f1a31525704114cac6d7a2fe1496cd51aa021397958f8bf3ae86c195e61f7db,0.39962151646614075,0.92401123046875,0.0001511715797430083,True,True,False,False,Found in isolated folder,KEEP_AFTER_RESAMPLING,False,
Harmonium,harmonium,1162.wav,Harmonium\1162.wav,.wav,WAV,22050,1,PCM_16,3.0,66150,132344,634b72a9f17c5727a088c7538edf14218a77571f2386e48d03ec474b7950c38c,0.4198801517486572,0.9359130859375,0.0002418745275888133,True,True,False,False,Found in isolated folder,KEEP_AFTER_RESAMPLING,False,
Harmonium,harmonium,1163.wav,Harmonium\1163.wav,.wav,WAV,22050,1,PCM_16,3.0,66150,132344,6aa824b8fa3e33c9e29105916f0e1e18de8b8549f33c06dbf1c2db4a50b85165,0.3807319104671478,0.92071533203125,0.00018140589569160998,True,True,False,False,Found in isolated folder,KEEP_AFTER_RESAMPLING,False,
Harmonium,harmonium,1164.wav,Harmonium\1164.wav,.wav,WAV,22050,1,PCM_16,3.0,66150,132344,fee9b95358201d0cadad53490f4f3ff30a57f8a4bac3b414d49c749e8e54af23,0.4223600924015045,0.93609619140625,0.00012093726379440664,True,True,False,False,Found in isolated folder,KEEP_AFTER_RESAMPLING,False,
Harmonium,harmonium,1165.wav,Harmonium\1165.wav,.wav,WAV,22050,1,PCM_16,3.0,66150,132344,4b13c13d8acc3fd83a2d63a392024b53266f5f5549121fcba003504c4a782283,0.4671132266521454,0.927001953125,0.00013605442176870748,True,True,False,False,Found in isolated folder,KEEP_AFTER_RESAMPLING,False,
Harmonium,harmonium,1166.wav,Harmonium\1166.wav,.wav,WAV,22050,1,PCM_16,3.0,66150,132344,d7471dd7449bbc52497289303c9ce8dfa85ec904cad8c2862c165da8ce8ad84a,0.43619245290756226,0.927764892578125,0.00013605442176870748,True,True,False,False,Found in isolated folder,KEEP_AFTER_RESAMPLING,False,
Harmonium,harmonium,1167.wav,Harmonium\1167.wav,.wav,WAV,22050,1,PCM_16,3.0,66150,132344,dd258265bb55c597956243b3cc0134738beab17bd7ee9cde0672d6de29984441,0.3715718388557434,0.944427490234375,0.00019652305366591082,True,True,False,False,Found in isolated folder,KEEP_AFTER_RESAMPLING,False,
Harmonium,harmonium,1168.wav,Harmonium\1168.wav,.wav,WAV,22050,1,PCM_16,3.0,66150,132344,3975ec88fe0343bda5caa50d56827c51680ebc5655d1d12a474fd7109726afa4,0.44239556789398193,0.921783447265625,0.00013605442176870748,True,True,False,False,Found in isolated folder,KEEP_AFTER_RESAMPLING,False,
Harmonium,harmonium,1169.wav,Harmonium\1169.wav,.wav,WAV,22050,1,PCM_16,3.0,66150,132344,e95c62575165ec5e4242ad5f469cffe02fe92add6e0335b173bde30846251d17,0.39220669865608215,0.928009033203125,0.0003023431594860166,True,True,False,False,Found in isolated folder,KEEP_AFTER_RESAMPLING,False,
Harmonium,harmonium,117.wav,Harmonium\117.wav,.wav,WAV,22050,1,PCM_16,3.0,66150,132344,b4c2a401ac1a8876c3d644a2b7f7a17027ea5ef289cdfebcaa6526cfbac34362,0.3816151022911072,0.92767333984375,0.00022675736961451248,True,True,False,False,Found in isolated folder,KEEP_AFTER_RESAMPLING,False,
Harmonium,harmonium,1170.wav,Harmonium\1170.wav,.wav,WAV,22050,1,PCM_16,3.0,66150,132344,e97e1e8fc847ff0016ab37d63cadf2ba69c4bc38c0856400d4526eaa6f7108b3,0.42187806963920593,0.9215087890625,0.00034769463340891913,True,True,False,False,Found in isolated folder,KEEP_AFTER_RESAMPLING,False,
Harmonium,harmonium,1171.wav,Harmonium\1171.wav,.wav,WAV,22050,1,PCM_16,3.0,66150,132344,2bde529ccb845bcaf7eb5a1cf758321c319d6f2bc19aea1511575eb6a34f74c0,0.3791691064834595,0.920379638671875,0.00012093726379440664,True,True,False,False,Found in isolated folder,KEEP_AFTER_RESAMPLING,False,
Harmonium,harmonium,1172.wav,Harmonium\1172.wav,.wav,WAV,22050,1,PCM_16,3.0,66150,132344,9c398a6a61e7e8dd9c07c24916475deda0abba70824a0250abb9fc4e47fdcaa4,0.4286794364452362,0.928680419921875,7.558578987150416e-05,True,True,False,False,Found in isolated folder,KEEP_AFTER_RESAMPLING,False,
Harmonium,harmonium,1173.wav,Harmonium\1173.wav,.wav,WAV,22050,1,PCM_16,3.0,66150,132344,a40df2bd3aff5c700a23b69773decf1b17be2f281a269d2e2723ed9598aaa020,0.46405017375946045,0.93243408203125,4.5351473922902495e-05,True,True,False,False,Found in isolated folder,KEEP_AFTER_RESAMPLING,False,
Harmonium,harmonium,1174.wav,Harmonium\1174.wav,.wav,WAV,22050,1,PCM_16,3.0,66150,132344,7133d7891939685b4b6d300eeab9cc82b6a1c65ad30c950d4c56c20eab948bce,0.43686601519584656,0.925567626953125,0.00018140589569160998,True,True,False,False,Found in isolated folder,KEEP_AFTER_RESAMPLING,False,
Harmonium,harmonium,1175.wav,Harmonium\1175.wav,.wav,WAV,22050,1,PCM_16,3.0,66150,132344,69e8b5d76233ca62a294b811d2f26c44014ea64e4421a921202ed94a9e272f3a,0.3665488064289093,0.9300537109375,0.0003023431594860166,True,True,False,False,Found in isolated folder,KEEP_AFTER_RESAMPLING,False,
Harmonium,harmonium,1176.wav,Harmonium\1176.wav,.wav,WAV,22050,1,PCM_16,3.0,66150,132344,da923eddbee9a594246cb4f09693020f39dea607ecf99e8b288c43a25aeba106,0.44160541892051697,0.925262451171875,0.00018140589569160998,True,True,False,False,Found in isolated folder,KEEP_AFTER_RESAMPLING,False,
Harmonium,harmonium,1177.wav,Harmonium\1177.wav,.wav,WAV,22050,1,PCM_16,3.0,66150,132344,2589421feaedd288a6983959cfb7cd4f5b43eb92e80a20d1eb10e3b648cca80a,0.39939090609550476,0.931488037109375,0.00016628873771730915,True,True,False,False,Found in isolated folder,KEEP_AFTER_RESAMPLING,False,
Harmonium,harmonium,1178.wav,Harmonium\1178.wav,.wav,WAV,22050,1,PCM_16,3.0,66150,132344,0c1c775f78205b7a4f2026e490a9118e731c943f1d0fa09849c1ebf6b821b570,0.4129926860332489,0.92657470703125,0.00013605442176870748,True,True,False,False,Found in isolated folder,KEEP_AFTER_RESAMPLING,False,
Harmonium,harmonium,1179.wav,Harmonium\1179.wav,.wav,WAV,22050,1,PCM_16,3.0,66150,132344,8c57d5db3e37eb86b549d6ffe6e44b41f25898759bb1ed3d6285a6bc6ab09d5e,0.3834126889705658,0.92535400390625,0.00016628873771730915,True,True,False,False,Found in isolated folder,KEEP_AFTER_RESAMPLING,False,
Harmonium,harmonium,118.wav,Harmonium\118.wav,.wav,WAV,22050,1,PCM_16,3.0,66150,132344,a9a13c9fb091a17f74195c4e582c4f39845b54b9715df3112f75c61fcc23fe05,0.42731013894081116,0.921966552734375,0.0002569916855631141,True,True,False,False,Found in isolated folder,KEEP_AFTER_RESAMPLING,False,
Harmonium,harmonium,1180.wav,Harmonium\1180.wav,.wav,WAV,22050,1,PCM_16,3.0,66150,132344,b145464097c06c1bfdb59b1e278f8f8180874ca70a6151635f67dc6bfd00767f,0.4244287610054016,0.927215576171875,0.00016628873771730915,True,True,False,False,Found in isolated folder,KEEP_AFTER_RESAMPLING,False,
Harmonium,harmonium,1181.wav,Harmonium\1181.wav,.wav,WAV,22050,1,PCM_16,3.0,66150,132344,f2d523f36addbb6a8a2ced1c31de4e1c407e140feacf68945b91a2efe9cc13ab,0.4618290066719055,0.92718505859375,4.5351473922902495e-05,True,True,False,False,Found in isolated folder,KEEP_AFTER_RESAMPLING,False,
Harmonium,harmonium,1182.wav,Harmonium\1182.wav,.wav,WAV,22050,1,PCM_16,3.0,66150,132344,29cae756f81efcc4bf54030e3509f19620170741b339a4527128c2cc9c101d70,0.44320204854011536,0.9222412109375,0.0002569916855631141,True,True,False,False,Found in isolated folder,KEEP_AFTER_RESAMPLING,False,
Harmonium,harmonium,1183.wav,Harmonium\1183.wav,.wav,WAV,22050,1,PCM_16,3.0,66150,132344,06550e46b8ee5ee54c3369baed234e91b26006c23347589729d705734cef7171,0.3750832676887512,0.92510986328125,0.0002872260015117158,True,True,False,False,Found in isolated folder,KEEP_AFTER_RESAMPLING,False,
Harmonium,harmonium,1184.wav,Harmonium\1184.wav,.wav,WAV,22050,1,PCM_16,3.0,66150,132344,48b8f20ece9ca075fba5d096589414f7de16d644303e1ca2399d7e0ba8be7325,0.4477764368057251,0.928192138671875,0.00012093726379440664,True,True,False,False,Found in isolated folder,KEEP_AFTER_RESAMPLING,False,
Harmonium,harmonium,1185.wav,Harmonium\1185.wav,.wav,WAV,22050,1,PCM_16,3.0,66150,132344,05c5a3dcf0a14ad4c4b3eecf67ecd31bd2203857092c98c2a9edaf64651e21eb,0.4004005193710327,0.929168701171875,0.00022675736961451248,True,True,False,False,Found in isolated folder,KEEP_AFTER_RESAMPLING,False,
Harmonium,harmonium,1186.wav,Harmonium\1186.wav,.wav,WAV,22050,1,PCM_16,3.0,66150,132344,695be142994aa537b527234c4cf972a840fd8673c6f3b2de0e05cb2dadffe28a,0.41583988070487976,0.924163818359375,0.00013605442176870748,True,True,False,False,Found in isolated folder,KEEP_AFTER_RESAMPLING,False,
Harmonium,harmonium,1187.wav,Harmonium\1187.wav,.wav,WAV,22050,1,PCM_16,3.0,66150,132344,f6387f24e535fa4a2f9fc2fb5a8ce905cf06d57f9632df8324870c58332e7b24,0.37983569502830505,0.9222412109375,0.0002418745275888133,True,True,False,False,Found in isolated folder,KEEP_AFTER_RESAMPLING,False,
Harmonium,harmonium,1188.wav,Harmonium\1188.wav,.wav,WAV,22050,1,PCM_16,3.0,66150,132344,7f7ec7f1fe4cf12c0673701d46610ed09dd49bb0f1e027f056c891f2a6b0a0df,0.42310160398483276,0.926849365234375,0.00010582010582010582,True,True,False,False,Found in isolated folder,KEEP_AFTER_RESAMPLING,False,
Harmonium,harmonium,1189.wav,Harmonium\1189.wav,.wav,WAV,22050,1,PCM_16,3.0,66150,132344,b6f0f10e3832588fc200d52f93d2d36e58002094d28fc04cf6145436ebc75763,0.46734973788261414,0.928619384765625,6.046863189720332e-05,True,True,False,False,Found in isolated folder,KEEP_AFTER_RESAMPLING,False,
Harmonium,harmonium,119.wav,Harmonium\119.wav,.wav,WAV,22050,1,PCM_16,3.0,66150,132344,b970077c0d98b624f63452db02812b876ec489bde87fe01d226c0779cd4ff306,0.38731688261032104,0.93475341796875,0.00022675736961451248,True,True,False,False,Found in isolated folder,KEEP_AFTER_RESAMPLING,False,
Harmonium,harmonium,1190.wav,Harmonium\1190.wav,.wav,WAV,22050,1,PCM_16,3.0,66150,132344,3d17a353caaab55a5beb13e80277c9b678868a0796a2e6ee80de9904e888350a,0.4606097936630249,0.9249267578125,0.0002418745275888133,True,True,False,False,Found in isolated folder,KEEP_AFTER_RESAMPLING,False,
Harmonium,harmonium,1191.wav,Harmonium\1191.wav,.wav,WAV,22050,1,PCM_16,3.0,66150,132344,a756d47385c8ce474b05ebc17a6d2bf9123c95e0fcdb9f78cad99338331479be,0.3728065490722656,0.934844970703125,0.0002569916855631141,True,True,False,False,Found in isolated folder,KEEP_AFTER_RESAMPLING,False,
Harmonium,harmonium,1192.wav,Harmonium\1192.wav,.wav,WAV,22050,1,PCM_16,3.0,66150,132344,88a22922136c9e283bf09e1b88ddfe25206b813c94fff4996d5d898ac387144b,0.4451684355735779,0.92919921875,0.00019652305366591082,True,True,False,False,Found in isolated folder,KEEP_AFTER_RESAMPLING,False,
Harmonium,harmonium,1193.wav,Harmonium\1193.wav,.wav,WAV,22050,1,PCM_16,3.0,66150,132344,38adc7ba8f17434f71444dfffc05cf5bcf842ecaf675974e873439c9e2a1af88,0.3986755907535553,0.9278564453125,0.00021164021164021165,True,True,False,False,Found in isolated folder,KEEP_AFTER_RESAMPLING,False,
Harmonium,harmonium,1194.wav,Harmonium\1194.wav,.wav,WAV,22050,1,PCM_16,3.0,66150,132344,d95a9387dd4ce03a6ffcb23e92dbc08e2e78289bb0c11dbf417fea66fc534e06,0.42185261845588684,0.923614501953125,0.00010582010582010582,True,True,False,False,Found in isolated folder,KEEP_AFTER_RESAMPLING,False,
Harmonium,harmonium,1195.wav,Harmonium\1195.wav,.wav,WAV,22050,1,PCM_16,3.0,66150,132344,71265fcb69c22ee667f28f1da2f0753de7b096c54b623d876da234780352b2ab,0.379606693983078,0.924957275390625,6.046863189720332e-05,True,True,False,False,Found in isolated folder,KEEP_AFTER_RESAMPLING,False,
Harmonium,harmonium,1196.wav,Harmonium\1196.wav,.wav,WAV,22050,1,PCM_16,3.0,66150,132344,6c1fde3565f94ffb2f569a163c18451103fb1c1d855eff867d935459ec99b8bb,0.4284774959087372,0.934417724609375,0.00019652305366591082,True,True,False,False,Found in isolated folder,KEEP_AFTER_RESAMPLING,False,
Harmonium,harmonium,1197.wav,Harmonium\1197.wav,.wav,WAV,22050,1,PCM_16,3.0,66150,132344,9e39c2a6499d2e749f4e3fa45647c35cf86f2a563f01dd97f330b9b0cd650e0c,0.46569275856018066,0.92462158203125,0.00013605442176870748,True,True,False,False,Found in isolated folder,KEEP_AFTER_RESAMPLING,False,
Harmonium,harmonium,1198.wav,Harmonium\1198.wav,.wav,WAV,22050,1,PCM_16,3.0,66150,132344,ad43535a231838cca1269c678cded72c1417f975780948211677273703d805f2,0.4399672746658325,0.92938232421875,0.00031746031746031746,True,True,False,False,Found in isolated folder,KEEP_AFTER_RESAMPLING,False,
Harmonium,harmonium,1199.wav,Harmonium\1199.wav,.wav,WAV,22050,1,PCM_16,3.0,66150,132344,b1b22b85edc195e0300610b1181c98c4cad839e6ff87fac4c41445791b743642,0.36918312311172485,0.929595947265625,0.00021164021164021165,True,True,False,False,Found in isolated folder,KEEP_AFTER_RESAMPLING,False,
Harmonium,harmonium,12.wav,Harmonium\12.wav,.wav,WAV,22050,1,PCM_16,3.0,66150,132344,3033fc3f49826dcf5bc071f76c39607abc879648db6197ac5ceda7460e9ba104,0.3830626904964447,0.9219970703125,0.00016628873771730915,True,True,False,False,Found in isolated folder,KEEP_AFTER_RESAMPLING,False,
Harmonium,harmonium,120.wav,Harmonium\120.wav,.wav,WAV,22050,1,PCM_16,3.0,66150,132344,ddfc9f445de3d8d9c42446f4b7c3f294163c56866ed17af747ae09e65f6d8418,0.3780919313430786,0.9239501953125,0.0002569916855631141,True,True,False,False,Found in isolated folder,KEEP_AFTER_RESAMPLING,False,
Harmonium,harmonium,1200.wav,Harmonium\1200.wav,.wav,WAV,22050,1,PCM_16,3.0,66150,132344,1efe6006dc3ee36380453558fa849ebe20ade495ac0d5fd6e55c47c52d45bfdf,0.44201791286468506,0.925506591796875,0.00021164021164021165,True,True,False,False,Found in isolated folder,KEEP_AFTER_RESAMPLING,False,
Harmonium,harmonium,1201.wav,Harmonium\1201.wav,.wav,WAV,22050,1,PCM_16,3.0,66150,132344,712f88dac178581ecabe1439dc8f63260ce2fea69792db1b1d9ec759b6d95294,0.3947036564350128,0.927001953125,7.558578987150416e-05,True,True,False,False,Found in isolated folder,KEEP_AFTER_RESAMPLING,False,
Harmonium,harmonium,1202.wav,Harmonium\1202.wav,.wav,WAV,22050,1,PCM_16,3.0,66150,132344,e7573df3195ddd2c353da068ebf3eb70fc80db8fdf05dce81ca381fc82081f65,0.4191282391548157,0.924896240234375,0.00012093726379440664,True,True,False,False,Found in isolated folder,KEEP_AFTER_RESAMPLING,False,
Harmonium,harmonium,1203.wav,Harmonium\1203.wav,.wav,WAV,22050,1,PCM_16,3.0,66150,132344,c0ba70e5344e15f40ea8663166c3e952ec0ed7d15db69b4e6b293c05ea539b1f,0.38237953186035156,0.926605224609375,9.070294784580499e-05,True,True,False,False,Found in isolated folder,KEEP_AFTER_RESAMPLING,False,
Harmonium,harmonium,1204.wav,Harmonium\1204.wav,.wav,WAV,22050,1,PCM_16,3.0,66150,132344,ef6a214a81bfbf03e6895cead7e496bc281c42d927783ad05a6bfd4736ffe87f,0.42343610525131226,0.927093505859375,7.558578987150416e-05,True,True,False,False,Found in isolated folder,KEEP_AFTER_RESAMPLING,False,
Harmonium,harmonium,1205.wav,Harmonium\1205.wav,.wav,WAV,22050,1,PCM_16,3.0,66150,132344,7ca7520e9ff3cee9b5b278c2db8647bcc508ffab1cf6d4930c9c3af357c3632a,0.4637508690357208,0.9254150390625,0.00012093726379440664,True,True,False,False,Found in isolated folder,KEEP_AFTER_RESAMPLING,False,
Harmonium,harmonium,1206.wav,Harmonium\1206.wav,.wav,WAV,22050,1,PCM_16,3.0,66150,132344,b553f12d9000846ce0c6d1a29197250294a952eae0974ef36fa40e1beb44c3c2,0.43841034173965454,0.9281005859375,0.00018140589569160998,True,True,False,False,Found in isolated folder,KEEP_AFTER_RESAMPLING,False,
Harmonium,harmonium,1207.wav,Harmonium\1207.wav,.wav,WAV,22050,1,PCM_16,3.0,66150,132344,c389d7fccce44c4b8f7e040b4d45e034901fb4a7a9b7f18335878d83b5078931,0.37175512313842773,0.93817138671875,0.00018140589569160998,True,True,False,False,Found in isolated folder,KEEP_AFTER_RESAMPLING,False,
Harmonium,harmonium,1208.wav,Harmonium\1208.wav,.wav,WAV,22050,1,PCM_16,3.0,66150,132344,a8dbb5fd4158e0928cb0b2132bb3e52d0721ff5dea46756b1f3ede6eb80fae51,0.4449063241481781,0.925445556640625,0.00018140589569160998,True,True,False,False,Found in isolated folder,KEEP_AFTER_RESAMPLING,False,
Harmonium,harmonium,1209.wav,Harmonium\1209.wav,.wav,WAV,22050,1,PCM_16,3.0,66150,132344,8a41f75e85a3d6a40c92860d6a8851f914a0a853580b25228b4d720224245b57,0.39750510454177856,0.926483154296875,0.00016628873771730915,True,True,False,False,Found in isolated folder,KEEP_AFTER_RESAMPLING,False,
Harmonium,harmonium,121.wav,Harmonium\121.wav,.wav,WAV,22050,1,PCM_16,3.0,66150,132344,879ef21d5f2f57f008216afde3a37a5d94897f693be512fcdd2c6714bcf6965a,0.37694835662841797,0.925811767578125,0.00027210884353741496,True,True,False,False,Found in isolated folder,KEEP_AFTER_RESAMPLING,False,
Harmonium,harmonium,1210.wav,Harmonium\1210.wav,.wav,WAV,22050,1,PCM_16,3.0,66150,132344,8290874d0e738aacf9e75fac430a40efcc9e666ade660dfb7d23e4457d3229ef,0.42023661732673645,0.9249267578125,0.00022675736961451248,True,True,False,False,Found in isolated folder,KEEP_AFTER_RESAMPLING,False,
Harmonium,harmonium,1211.wav,Harmonium\1211.wav,.wav,WAV,22050,1,PCM_16,3.0,66150,132344,6a15acbf0293b9128d23ad80c6378f0b56888717e84623aedbf1edb123af8f46,0.37962645292282104,0.92333984375,0.0002569916855631141,True,True,False,False,Found in isolated folder,KEEP_AFTER_RESAMPLING,False,
Harmonium,harmonium,1212.wav,Harmonium\1212.wav,.wav,WAV,22050,1,PCM_16,3.0,66150,132344,39a1c99122cceca74f2a6f0c5af9e964a3b7566aa0f00469fc3e97bebd0730d2,0.42238783836364746,0.9384765625,0.00018140589569160998,True,True,False,False,Found in isolated folder,KEEP_AFTER_RESAMPLING,False,
Harmonium,harmonium,1213.wav,Harmonium\1213.wav,.wav,WAV,22050,1,PCM_16,3.0,66150,132344,2b13e8ca122a2f33c154a202c36f5ed75a20357310c88d6866e4783506bb0654,0.46644702553749084,0.930694580078125,0.0001511715797430083,True,True,False,False,Found in isolated folder,KEEP_AFTER_RESAMPLING,False,
Harmonium,harmonium,1214.wav,Harmonium\1214.wav,.wav,WAV,22050,1,PCM_16,3.0,66150,132344,7406d34c91da6e4f8f21489c4fb76657038f78bbf96aa4194f86a535438c6410,0.43787944316864014,0.924774169921875,0.00021164021164021165,True,True,False,False,Found in isolated folder,KEEP_AFTER_RESAMPLING,False,
Harmonium,harmonium,1215.wav,Harmonium\1215.wav,.wav,WAV,22050,1,PCM_16,3.0,66150,132344,184d98b3549b1994538a73fe867eb9f6d552096e925ea9c4d3d780a4f7cd95f0,0.36871036887168884,0.93975830078125,0.00036281179138321996,True,True,False,False,Found in isolated folder,KEEP_AFTER_RESAMPLING,False,
Harmonium,harmonium,1216.wav,Harmonium\1216.wav,.wav,WAV,22050,1,PCM_16,3.0,66150,132344,b19cd8b1765696ee9593868acedffb308cb1b35cad3efaa57a90dd85342b587a,0.4488960802555084,0.920501708984375,0.00012093726379440664,True,True,False,False,Found in isolated folder,KEEP_AFTER_RESAMPLING,False,
Harmonium,harmonium,1217.wav,Harmonium\1217.wav,.wav,WAV,22050,1,PCM_16,3.0,66150,132344,ef2b9be2dc80f6837de999ceeddf2d11fb72d22a0ff44f139fccbcdf71ff3ee6,0.3958943784236908,0.93365478515625,0.00016628873771730915,True,True,False,False,Found in isolated folder,KEEP_AFTER_RESAMPLING,False,
Harmonium,harmonium,1218.wav,Harmonium\1218.wav,.wav,WAV,22050,1,PCM_16,3.0,66150,132344,b5100483dfc314205b4216ef640da9af2d4ba1d78077ba4c93d5fb765c03eba9,0.41802868247032166,0.92352294921875,0.00012093726379440664,True,True,False,False,Found in isolated folder,KEEP_AFTER_RESAMPLING,False,
Harmonium,harmonium,1219.wav,Harmonium\1219.wav,.wav,WAV,22050,1,PCM_16,3.0,66150,132344,caf6577c10318fce7fca2f3638499a5dbc5240d4293be48914357b3853d8a929,0.3787277340888977,0.927886962890625,0.00021164021164021165,True,True,False,False,Found in isolated folder,KEEP_AFTER_RESAMPLING,False,
Harmonium,harmonium,122.wav,Harmonium\122.wav,.wav,WAV,22050,1,PCM_16,3.0,66150,132344,00d3f936cffe6c78216016b860513b5fb2295e260d9f208cbccf4b1445a2fca0,0.42963412404060364,0.92529296875,0.00022675736961451248,True,True,False,False,Found in isolated folder,KEEP_AFTER_RESAMPLING,False,
Harmonium,harmonium,1220.wav,Harmonium\1220.wav,.wav,WAV,22050,1,PCM_16,3.0,66150,132344,f610b9fbf97e7e8451168fb8d52762963bc42c451994c8bbecda64dabf476711,0.42399653792381287,0.931060791015625,0.00027210884353741496,True,True,False,False,Found in isolated folder,KEEP_AFTER_RESAMPLING,False,
Harmonium,harmonium,1221.wav,Harmonium\1221.wav,.wav,WAV,22050,1,PCM_16,3.0,66150,132344,70fbcd6613223388d9b337e02cc0f276cd7febfc3ccc54e2d23e48d6bc7624d4,0.46449482440948486,0.933197021484375,0.00018140589569160998,True,True,False,False,Found in isolated folder,KEEP_AFTER_RESAMPLING,False,
Harmonium,harmonium,1222.wav,Harmonium\1222.wav,.wav,WAV,22050,1,PCM_16,3.0,66150,132344,bc6183087b0bf56a692a25db5b6c5196b8d32d41e3e3f140ebdffcc3d16f44fb,0.4399394094944,0.927001953125,0.0002418745275888133,True,True,False,False,Found in isolated folder,KEEP_AFTER_RESAMPLING,False,
Harmonium,harmonium,1223.wav,Harmonium\1223.wav,.wav,WAV,22050,1,PCM_16,3.0,66150,132344,15c8b4035dfe00e41c1656959877556d804e22e333919b20fa2f5fe6ec25d634,0.3663877844810486,0.926483154296875,0.0002418745275888133,True,True,False,False,Found in isolated folder,KEEP_AFTER_RESAMPLING,False,
Harmonium,harmonium,1224.wav,Harmonium\1224.wav,.wav,WAV,22050,1,PCM_16,3.0,66150,132344,bbd71aea4e048f0dc752a94bc8cf5092639e4f77c96c2f9fac61bd03bf8f2b88,0.44247308373451233,0.93914794921875,0.0001511715797430083,True,True,False,False,Found in isolated folder,KEEP_AFTER_RESAMPLING,False,
Harmonium,harmonium,1225.wav,Harmonium\1225.wav,.wav,WAV,22050,1,PCM_16,3.0,66150,132344,dbeaf2bca39f499640012d812b99ddba3ef6169dfaf06baeac485f5eb3a4da3a,0.39283287525177,0.9248046875,0.00016628873771730915,True,True,False,False,Found in isolated folder,KEEP_AFTER_RESAMPLING,False,
Harmonium,harmonium,1226.wav,Harmonium\1226.wav,.wav,WAV,22050,1,PCM_16,3.0,66150,132344,eafb16dca50935cb9794725bedbd49a529a747e11c146077605671a81cc5a0d4,0.41845911741256714,0.9278564453125,0.00019652305366591082,True,True,False,False,Found in isolated folder,KEEP_AFTER_RESAMPLING,False,
Harmonium,harmonium,1227.wav,Harmonium\1227.wav,.wav,WAV,22050,1,PCM_16,3.0,66150,132344,3b9e458983ca1a73f2cdc3f69d5adc52b626b42776f91715874b3817334919ad,0.38149192929267883,0.920654296875,0.00027210884353741496,True,True,False,False,Found in isolated folder,KEEP_AFTER_RESAMPLING,False,
Harmonium,harmonium,1228.wav,Harmonium\1228.wav,.wav,WAV,22050,1,PCM_16,3.0,66150,132344,82a367adaa945177b5f7d8b2e548a27b0df7f11c484ed73a9758546f0e90257c,0.42909160256385803,0.92724609375,0.00021164021164021165,True,True,False,False,Found in isolated folder,KEEP_AFTER_RESAMPLING,False,
Harmonium,harmonium,1229.wav,Harmonium\1229.wav,.wav,WAV,22050,1,PCM_16,3.0,66150,132344,cd8df0fbc81ca91a4937a62816403c59056939fdb55762e6173bacd5ab5093dc,0.46688753366470337,0.922607421875,9.070294784580499e-05,True,True,False,False,Found in isolated folder,KEEP_AFTER_RESAMPLING,False,
Harmonium,harmonium,123.wav,Harmonium\123.wav,.wav,WAV,22050,1,PCM_16,3.0,66150,132344,e3df8ae79fdb62ed2b26923c688620d10d22ace147d2ee0b66db3192493b963a,0.3853524923324585,0.926971435546875,0.00022675736961451248,True,True,False,False,Found in isolated folder,KEEP_AFTER_RESAMPLING,False,
Harmonium,harmonium,1230.wav,Harmonium\1230.wav,.wav,WAV,22050,1,PCM_16,3.0,66150,132344,939137f40ad8a6931367cf21c754194652539467488e5b764dec47c596cf802f,0.43727803230285645,0.930023193359375,0.00019652305366591082,True,True,False,False,Found in isolated folder,KEEP_AFTER_RESAMPLING,False,
Harmonium,harmonium,1231.wav,Harmonium\1231.wav,.wav,WAV,22050,1,PCM_16,3.0,66150,132344,d587b15a411007052960004c440a452b0d12d7ee4187f97029eae15d72bcef8a,0.37780052423477173,0.93377685546875,0.0002418745275888133,True,True,False,False,Found in isolated folder,KEEP_AFTER_RESAMPLING,False,
Harmonium,harmonium,1232.wav,Harmonium\1232.wav,.wav,WAV,22050,1,PCM_16,3.0,66150,132344,fc045ac21049fabb80272697eb2be238de2c1c6b6da071ae3a4eef123be2c8b6,0.432827353477478,0.931427001953125,0.00018140589569160998,True,True,False,False,Found in isolated folder,KEEP_AFTER_RESAMPLING,False,
Harmonium,harmonium,1233.wav,Harmonium\1233.wav,.wav,WAV,22050,1,PCM_16,3.0,66150,132344,7e56b13f0ac4ea0a2675190ccc365ea4de85000fec0027c64287e8b9e5b16a4c,0.3993334472179413,0.931640625,0.00022675736961451248,True,True,False,False,Found in isolated folder,KEEP_AFTER_RESAMPLING,False,
Harmonium,harmonium,1234.wav,Harmonium\1234.wav,.wav,WAV,22050,1,PCM_16,3.0,66150,132344,aebb30c17e20a3ec8165fcdabe6444d3c0b01b2a4695c958639d035d9dbff69f,0.41063758730888367,0.922332763671875,0.00013605442176870748,True,True,False,False,Found in isolated folder,KEEP_AFTER_RESAMPLING,False,
Harmonium,harmonium,1235.wav,Harmonium\1235.wav,.wav,WAV,22050,1,PCM_16,3.0,66150,132344,745204c909655ab7543f77d674828f01f7aa72d39a37bc20c98aef71dc297a94,0.3788684904575348,0.92449951171875,0.00013605442176870748,True,True,False,False,Found in isolated folder,KEEP_AFTER_RESAMPLING,False,
Harmonium,harmonium,1236.wav,Harmonium\1236.wav,.wav,WAV,22050,1,PCM_16,3.0,66150,132344,ee7eb90267c221fbe6191472464c59767f350bd7febf73be1912ddda540d7115,0.4231768250465393,0.931365966796875,0.00018140589569160998,True,True,False,False,Found in isolated folder,KEEP_AFTER_RESAMPLING,False,
Harmonium,harmonium,1237.wav,Harmonium\1237.wav,.wav,WAV,22050,1,PCM_16,3.0,66150,132344,51bab451d7beb763266a9efe6b9245eabeb51d3ef7495c222f223a7b9bff8ef2,0.4660576283931732,0.931304931640625,0.0001511715797430083,True,True,False,False,Found in isolated folder,KEEP_AFTER_RESAMPLING,False,
Harmonium,harmonium,1238.wav,Harmonium\1238.wav,.wav,WAV,22050,1,PCM_16,3.0,66150,132344,0dfdd079a4bd3035657fe9573e5d602876a9fc684738e987a53cd05c4daf63e4,0.4355005621910095,0.930572509765625,0.0002418745275888133,True,True,False,False,Found in isolated folder,KEEP_AFTER_RESAMPLING,False,
Harmonium,harmonium,1239.wav,Harmonium\1239.wav,.wav,WAV,22050,1,PCM_16,3.0,66150,132344,13ff00a5490981d56277a42a36bab53a2d8a04ddd6e5c867bc8563bcaf6a2448,0.3705980181694031,0.9266357421875,0.00019652305366591082,True,True,False,False,Found in isolated folder,KEEP_AFTER_RESAMPLING,False,
Harmonium,harmonium,124.wav,Harmonium\124.wav,.wav,WAV,22050,1,PCM_16,3.0,66150,132344,ec26f362da8f2c0aa120066dfebe9e13e80db770225afdbd1deada7e3d2d336c,0.38313692808151245,0.929290771484375,0.0003023431594860166,True,True,False,False,Found in isolated folder,KEEP_AFTER_RESAMPLING,False,
Harmonium,harmonium,1240.wav,Harmonium\1240.wav,.wav,WAV,22050,1,PCM_16,3.0,66150,132344,84b47106d186fd0d973ed5a082d81f028bce856793ea6340868ccfbadecc3380,0.43492481112480164,0.924530029296875,0.00016628873771730915,True,True,False,False,Found in isolated folder,KEEP_AFTER_RESAMPLING,False,
Harmonium,harmonium,1241.wav,Harmonium\1241.wav,.wav,WAV,22050,1,PCM_16,3.0,66150,132344,ac3c4fa5cbfd2b742b024cfb13d3216f17c022ec349b5d071034c0fff562f43c,0.4009450376033783,0.921905517578125,0.0002418745275888133,True,True,False,False,Found in isolated folder,KEEP_AFTER_RESAMPLING,False,
Harmonium,harmonium,1242.wav,Harmonium\1242.wav,.wav,WAV,22050,1,PCM_16,3.0,66150,132344,d7412079d760e74da74cb0cc1010a213d1b296986bcb7155c345f3610c67791a,0.4215366244316101,0.92303466796875,6.046863189720332e-05,True,True,False,False,Found in isolated folder,KEEP_AFTER_RESAMPLING,False,
Harmonium,harmonium,1243.wav,Harmonium\1243.wav,.wav,WAV,22050,1,PCM_16,3.0,66150,132344,2adcffeeab015928ba7185490543cffdae45d6e7d6c0c482027672d769855a64,0.3754613995552063,0.922821044921875,0.00012093726379440664,True,True,False,False,Found in isolated folder,KEEP_AFTER_RESAMPLING,False,
Harmonium,harmonium,1244.wav,Harmonium\1244.wav,.wav,WAV,22050,1,PCM_16,3.0,66150,132344,1c89a83c94d3e4a8ab89fa09c5865b7d2594158b3fe3307c00ccd42b31f1687f,0.4309427738189697,0.927490234375,0.0002569916855631141,True,True,False,False,Found in isolated folder,KEEP_AFTER_RESAMPLING,False,
Harmonium,harmonium,1245.wav,Harmonium\1245.wav,.wav,WAV,22050,1,PCM_16,3.0,66150,132344,b55898e1c909292bb1ef48bd8faa92c9d2cbc028f204ccdf7e83e2e3a8dadc10,0.4639432728290558,0.92413330078125,0.00019652305366591082,True,True,False,False,Found in isolated folder,KEEP_AFTER_RESAMPLING,False,
Harmonium,harmonium,1246.wav,Harmonium\1246.wav,.wav,WAV,22050,1,PCM_16,3.0,66150,132344,8cd553962ffb4ce4dfd23ccaf2bac4ea4f29dc3b896da4b5d95a7e9b4dacf6ed,0.4360013008117676,0.922882080078125,0.00016628873771730915,True,True,False,False,Found in isolated folder,KEEP_AFTER_RESAMPLING,False,
Harmonium,harmonium,1247.wav,Harmonium\1247.wav,.wav,WAV,22050,1,PCM_16,3.0,66150,132344,359afd2b58bfb9ad2e862cc93bc12ae030d1af2d9f1269b5870bed1d14b081d9,0.3723887503147125,0.924041748046875,0.00021164021164021165,True,True,False,False,Found in isolated folder,KEEP_AFTER_RESAMPLING,False,
Harmonium,harmonium,1248.wav,Harmonium\1248.wav,.wav,WAV,22050,1,PCM_16,3.0,66150,132344,08a09593b72f4b0c3c35cde775cb5b503abec057a69f37b4058aa4cbddc75d89,0.4429815709590912,0.92816162109375,0.0001511715797430083,True,True,False,False,Found in isolated folder,KEEP_AFTER_RESAMPLING,False,
Harmonium,harmonium,1249.wav,Harmonium\1249.wav,.wav,WAV,22050,1,PCM_16,3.0,66150,132344,19fc38f371522f18ef6cacc4377aa00c4f8d8f088020f658124ba46925942c58,0.4022352397441864,0.92291259765625,0.0002569916855631141,True,True,False,False,Found in isolated folder,KEEP_AFTER_RESAMPLING,False,
Harmonium,harmonium,125.wav,Harmonium\125.wav,.wav,WAV,22050,1,PCM_16,3.0,66150,132344,d6ee4fd50c0b3bed89cf2a947af590788f1089cfa14d8ef27d5cfbd3c269a0cc,0.37822869420051575,0.92108154296875,0.0001511715797430083,True,True,False,False,Found in isolated folder,KEEP_AFTER_RESAMPLING,False,
Harmonium,harmonium,1250.wav,Harmonium\1250.wav,.wav,WAV,22050,1,PCM_16,3.0,66150,132344,b303386d718c326aa355d43894220ad5d4388233eb4ebf56edd7bbdd0a9661c3,0.41791412234306335,0.92144775390625,0.0001511715797430083,True,True,False,False,Found in isolated folder,KEEP_AFTER_RESAMPLING,False,
Harmonium,harmonium,1251.wav,Harmonium\1251.wav,.wav,WAV,22050,1,PCM_16,3.0,66150,132344,51abaa8b2cb5cfb29887e1d96feb0c01a7d3f5622e76c7d811c2285707eb4ee3,0.375430703163147,0.918792724609375,0.0001511715797430083,True,True,False,False,Found in isolated folder,KEEP_AFTER_RESAMPLING,False,
Harmonium,harmonium,1252.wav,Harmonium\1252.wav,.wav,WAV,22050,1,PCM_16,3.0,66150,132344,d3ceddec3581167907abb024e2c8008654668934bf5eb79c81009edb412233a0,0.4317348003387451,0.935211181640625,0.00016628873771730915,True,True,False,False,Found in isolated folder,KEEP_AFTER_RESAMPLING,False,
Harmonium,harmonium,1253.wav,Harmonium\1253.wav,.wav,WAV,22050,1,PCM_16,3.0,66150,132344,cf54b19ac410b9ce64c26f0121aa8f0bdde35e82db77b4c7f39ed0b03d0bf84e,0.4685649275779724,0.927642822265625,0.00012093726379440664,True,True,False,False,Found in isolated folder,KEEP_AFTER_RESAMPLING,False,
Harmonium,harmonium,1254.wav,Harmonium\1254.wav,.wav,WAV,22050,1,PCM_16,3.0,66150,132344,056ef8dc2f11dbdcf33ec2383f9d3c1909679664d3b13b815cdcbd7d80617769,0.4356853663921356,0.92889404296875,0.00019652305366591082,True,True,False,False,Found in isolated folder,KEEP_AFTER_RESAMPLING,False,
Harmonium,harmonium,1255.wav,Harmonium\1255.wav,.wav,WAV,22050,1,PCM_16,3.0,66150,132344,bcf2d23e763c407e9b0dc294fb5fffb633a8e0ab5c873f014a69cb4023b72a96,0.368198037147522,0.93194580078125,0.00036281179138321996,True,True,False,False,Found in isolated folder,KEEP_AFTER_RESAMPLING,False,
Harmonium,harmonium,1256.wav,Harmonium\1256.wav,.wav,WAV,22050,1,PCM_16,3.0,66150,132344,7790474e566f9056fdc5ca9692e0225ce6aa6a4f8cdb0605e2946a0bb668f6a6,0.44649943709373474,0.9266357421875,0.00019652305366591082,True,True,False,False,Found in isolated folder,KEEP_AFTER_RESAMPLING,False,
Harmonium,harmonium,1257.wav,Harmonium\1257.wav,.wav,WAV,22050,1,PCM_16,3.0,66150,132344,2b9afdbf335673c9c8ac14809024aae78f8795e7ed4629b92b5ebcb3117b9200,0.4035182297229767,0.93316650390625,0.00016628873771730915,True,True,False,False,Found in isolated folder,KEEP_AFTER_RESAMPLING,False,
Harmonium,harmonium,1258.wav,Harmonium\1258.wav,.wav,WAV,22050,1,PCM_16,3.0,66150,132344,3d99fc98cc893edc6fcf908c1282e4af6d87bded8f84c32450056d002b5cc104,0.4168667197227478,0.9256591796875,9.070294784580499e-05,True,True,False,False,Found in isolated folder,KEEP_AFTER_RESAMPLING,False,
Harmonium,harmonium,1259.wav,Harmonium\1259.wav,.wav,WAV,22050,1,PCM_16,3.0,66150,132344,e29a4ed84fc408e9c931657fc9c4d83d8ddbb88ad9309d8cab6259849a90356b,0.38131392002105713,0.924835205078125,0.00019652305366591082,True,True,False,False,Found in isolated folder,KEEP_AFTER_RESAMPLING,False,
Harmonium,harmonium,126.wav,Harmonium\126.wav,.wav,WAV,22050,1,PCM_16,3.0,66150,132344,4380ae3e42dc060a894048e3a6dfc015462a3f4086313cf56bb719a1d8895f40,0.43373623490333557,0.922760009765625,0.0003325774754346183,True,True,False,False,Found in isolated folder,KEEP_AFTER_RESAMPLING,False,
Harmonium,harmonium,1260.wav,Harmonium\1260.wav,.wav,WAV,22050,1,PCM_16,3.0,66150,132344,f00420007e83c1593d343aef1879c18ff8dced803eaaf67a11cd05f52add5988,0.41962990164756775,0.927978515625,0.0001511715797430083,True,True,False,False,Found in isolated folder,KEEP_AFTER_RESAMPLING,False,
Harmonium,harmonium,1261.wav,Harmonium\1261.wav,.wav,WAV,22050,1,PCM_16,3.0,66150,132344,1a3b7cd5d075ed4d284cb21f55b82dccf65c3ce27834257a622789099b516d58,0.46521997451782227,0.927978515625,9.070294784580499e-05,True,True,False,False,Found in isolated folder,KEEP_AFTER_RESAMPLING,False,
Harmonium,harmonium,1262.wav,Harmonium\1262.wav,.wav,WAV,22050,1,PCM_16,3.0,66150,132344,4bfec688dbee2d3bd68532d6dcfc625894ceb55efc9a1fcfad883ceddb167376,0.4391189217567444,0.926361083984375,0.00018140589569160998,True,True,False,False,Found in isolated folder,KEEP_AFTER_RESAMPLING,False,
Harmonium,harmonium,1263.wav,Harmonium\1263.wav,.wav,WAV,22050,1,PCM_16,3.0,66150,132344,532b1b9d2a9633cb2d049a7082b23175a664da7c3620cacbffd4911c57d634f3,0.3673285245895386,0.933563232421875,0.0002872260015117158,True,True,False,False,Found in isolated folder,KEEP_AFTER_RESAMPLING,False,
Harmonium,harmonium,1264.wav,Harmonium\1264.wav,.wav,WAV,22050,1,PCM_16,3.0,66150,132344,bfb46861c07eb6af06d20329f9a2c6fe5e49417fc27ddf2aafb33aacd1f6282b,0.4459501802921295,0.92559814453125,0.0001511715797430083,True,True,False,False,Found in isolated folder,KEEP_AFTER_RESAMPLING,False,
Harmonium,harmonium,1265.wav,Harmonium\1265.wav,.wav,WAV,22050,1,PCM_16,3.0,66150,132344,6707db699ba5c820d7e7845f2a6e1373ef80d4724084fbc4dd27083de957e6bc,0.3974342346191406,0.927947998046875,0.00019652305366591082,True,True,False,False,Found in isolated folder,KEEP_AFTER_RESAMPLING,False,
Harmonium,harmonium,1266.wav,Harmonium\1266.wav,.wav,WAV,22050,1,PCM_16,3.0,66150,132344,d6ca76af24b5582863f38e95185f13c1bddf8680ca65c6ffbb13e12fef52b7d5,0.4167291224002838,0.925537109375,0.00013605442176870748,True,True,False,False,Found in isolated folder,KEEP_AFTER_RESAMPLING,False,
Harmonium,harmonium,1267.wav,Harmonium\1267.wav,.wav,WAV,22050,1,PCM_16,3.0,66150,132344,b0dda13f282851208b406137b43df494b6e20e2df938011c55b9c2ccdce07664,0.37923184037208557,0.92724609375,0.00010582010582010582,True,True,False,False,Found in isolated folder,KEEP_AFTER_RESAMPLING,False,
Harmonium,harmonium,1268.wav,Harmonium\1268.wav,.wav,WAV,22050,1,PCM_16,3.0,66150,132344,f08fa8493a4687f2adfc3344e208b15522c141df60fa1294058d609f04b093bd,0.4224391579627991,0.930816650390625,0.0001511715797430083,True,True,False,False,Found in isolated folder,KEEP_AFTER_RESAMPLING,False,
Harmonium,harmonium,1269.wav,Harmonium\1269.wav,.wav,WAV,22050,1,PCM_16,3.0,66150,132344,83e8c5fc553f4e027028a93f170ab71c36f6bea52206f26db03c43964a66b539,0.4696064591407776,0.923370361328125,4.5351473922902495e-05,True,True,False,False,Found in isolated folder,KEEP_AFTER_RESAMPLING,False,
Harmonium,harmonium,127.wav,Harmonium\127.wav,.wav,WAV,22050,1,PCM_16,3.0,66150,132344,f61a2fe1fd98a3690a6ffb5211b8fafbcbca803aa62acc85bdf0347cc0677351,0.38206082582473755,0.932220458984375,0.00031746031746031746,True,True,False,False,Found in isolated folder,KEEP_AFTER_RESAMPLING,False,
Harmonium,harmonium,1270.wav,Harmonium\1270.wav,.wav,WAV,22050,1,PCM_16,3.0,66150,132344,428b3187c8c10abbe638aed5b03ab9daf8c28aa62d459fa302ad830c0e2c8ea3,0.4506984055042267,0.928955078125,0.00012093726379440664,True,True,False,False,Found in isolated folder,KEEP_AFTER_RESAMPLING,False,
Harmonium,harmonium,1271.wav,Harmonium\1271.wav,.wav,WAV,22050,1,PCM_16,3.0,66150,132344,cd5fc786358873cc6285e97d93de77cd2940f378b0b5b406541cc74a94fa6505,0.37550225853919983,0.92352294921875,0.00027210884353741496,True,True,False,False,Found in isolated folder,KEEP_AFTER_RESAMPLING,False,
Harmonium,harmonium,1272.wav,Harmonium\1272.wav,.wav,WAV,22050,1,PCM_16,3.0,66150,132344,7f80a489eb3e4c2d6894b84007c19a64f6679304bd72b462aabba9567eadc090,0.45491790771484375,0.92218017578125,0.0001511715797430083,True,True,False,False,Found in isolated folder,KEEP_AFTER_RESAMPLING,False,
Harmonium,harmonium,1273.wav,Harmonium\1273.wav,.wav,WAV,22050,1,PCM_16,3.0,66150,132344,6518dfe20b1afec40c7ec1501501a4fd84adce98afdb6223e935df016cc27b8d,0.3940216898918152,0.92694091796875,0.00013605442176870748,True,True,False,False,Found in isolated folder,KEEP_AFTER_RESAMPLING,False,
Harmonium,harmonium,1274.wav,Harmonium\1274.wav,.wav,WAV,22050,1,PCM_16,3.0,66150,132344,f8e672540fb70aebb83880f34b87916da9797d06870579a887707e55cec6ee31,0.41684362292289734,0.926849365234375,0.00013605442176870748,True,True,False,False,Found in isolated folder,KEEP_AFTER_RESAMPLING,False,
Harmonium,harmonium,1275.wav,Harmonium\1275.wav,.wav,WAV,22050,1,PCM_16,3.0,66150,132344,c18afa1b47269a8d37457255c257f1808fa97ff48a97e623674d584d659a83eb,0.38027411699295044,0.92694091796875,0.0001511715797430083,True,True,False,False,Found in isolated folder,KEEP_AFTER_RESAMPLING,False,
Harmonium,harmonium,1276.wav,Harmonium\1276.wav,.wav,WAV,22050,1,PCM_16,3.0,66150,132344,c352cbc95089625d4e8ee645345d1a47b6a4ff65ce1b52fcf41e0b10affb9b6f,0.4282000660896301,0.94219970703125,0.00012093726379440664,True,True,False,False,Found in isolated folder,KEEP_AFTER_RESAMPLING,False,
Harmonium,harmonium,1277.wav,Harmonium\1277.wav,.wav,WAV,22050,1,PCM_16,3.0,66150,132344,11e3166fc1182292600e90b5acc8bdd365e8c8185237f774d12e6809eb7ad88f,0.4583194851875305,0.9246826171875,0.00010582010582010582,True,True,False,False,Found in isolated folder,KEEP_AFTER_RESAMPLING,False,
Harmonium,harmonium,1278.wav,Harmonium\1278.wav,.wav,WAV,22050,1,PCM_16,3.0,66150,132344,a15ff9b60135a70407049abd95f632ec631ad2c32d412e064d2158768ff8339d,0.44206473231315613,0.931427001953125,0.00016628873771730915,True,True,False,False,Found in isolated folder,KEEP_AFTER_RESAMPLING,False,
Harmonium,harmonium,1279.wav,Harmonium\1279.wav,.wav,WAV,22050,1,PCM_16,3.0,66150,132344,a9bca90c45449f666c0e6b2e9f23b8251015ecf004dde0b417ba4e25342125f3,0.3714389503002167,0.931640625,0.0003779289493575208,True,True,False,False,Found in isolated folder,KEEP_AFTER_RESAMPLING,False,
Harmonium,harmonium,128.wav,Harmonium\128.wav,.wav,WAV,22050,1,PCM_16,3.0,66150,132344,74600b2f9921c3b544ed3e29b2cd601d607b8e00cdf7152563db0b66f4aef7f2,0.38039207458496094,0.923583984375,0.00039304610733182163,True,True,False,False,Found in isolated folder,KEEP_AFTER_RESAMPLING,False,
Harmonium,harmonium,1280.wav,Harmonium\1280.wav,.wav,WAV,22050,1,PCM_16,3.0,66150,132344,ac1fb5615b8e9264dc7c435c3c1f730fc986e1049808708474e9ae69a40d1b05,0.43988949060440063,0.925506591796875,0.0001511715797430083,True,True,False,False,Found in isolated folder,KEEP_AFTER_RESAMPLING,False,
Harmonium,harmonium,1281.wav,Harmonium\1281.wav,.wav,WAV,22050,1,PCM_16,3.0,66150,132344,38c05d5d8588408466037499b7c6103826ca64f356437f978362bdbc16a80f88,0.39850014448165894,0.933990478515625,0.00021164021164021165,True,True,False,False,Found in isolated folder,KEEP_AFTER_RESAMPLING,False,
Harmonium,harmonium,1282.wav,Harmonium\1282.wav,.wav,WAV,22050,1,PCM_16,3.0,66150,132344,54bd046c7408cb473f9087c1bfc9734b0b53cc8948bf91b49828de7cb6a48872,0.4182942509651184,0.92987060546875,0.00018140589569160998,True,True,False,False,Found in isolated folder,KEEP_AFTER_RESAMPLING,False,
Harmonium,harmonium,1283.wav,Harmonium\1283.wav,.wav,WAV,22050,1,PCM_16,3.0,66150,132344,a84807b083aebcd86efc1d80f1467ef8ac0ae717b40ad1d14a59dcdaec62fe09,0.37858346104621887,0.926116943359375,0.00010582010582010582,True,True,False,False,Found in isolated folder,KEEP_AFTER_RESAMPLING,False,
Harmonium,harmonium,1284.wav,Harmonium\1284.wav,.wav,WAV,22050,1,PCM_16,3.0,66150,132344,307a470121df2be45388118c9ea05e8ff56c363b4d786adb61d4516cb29c3d02,0.4283832609653473,0.9285888671875,0.00012093726379440664,True,True,False,False,Found in isolated folder,KEEP_AFTER_RESAMPLING,False,
Harmonium,harmonium,1285.wav,Harmonium\1285.wav,.wav,WAV,22050,1,PCM_16,3.0,66150,132344,e877ba699fd37d93edc6271696be22eefac33a328df6a409325c2aa9921b0b07,0.46256017684936523,0.9267578125,0.00013605442176870748,True,True,False,False,Found in isolated folder,KEEP_AFTER_RESAMPLING,False,
Harmonium,harmonium,1286.wav,Harmonium\1286.wav,.wav,WAV,22050,1,PCM_16,3.0,66150,132344,cccd4ddbc7179df68c0985ee06e1a5f01bd3a4a2c47df96eac78217fdccfbba1,0.43711408972740173,0.92535400390625,0.00034769463340891913,True,True,False,False,Found in isolated folder,KEEP_AFTER_RESAMPLING,False,
Harmonium,harmonium,1287.wav,Harmonium\1287.wav,.wav,WAV,22050,1,PCM_16,3.0,66150,132344,8b71aba5c50ec61f7c040a637597683bfa52d77d9fe8274e6dc0094523aab826,0.3747245967388153,0.928314208984375,0.00031746031746031746,True,True,False,False,Found in isolated folder,KEEP_AFTER_RESAMPLING,False,
Harmonium,harmonium,1288.wav,Harmonium\1288.wav,.wav,WAV,22050,1,PCM_16,3.0,66150,132344,bd22d1ed1c7e717d3f636afd53313cef4f7b2537d8ac0343bd9b7d794d4f394f,0.43314483761787415,0.92626953125,0.00021164021164021165,True,True,False,False,Found in isolated folder,KEEP_AFTER_RESAMPLING,False,
Harmonium,harmonium,1289.wav,Harmonium\1289.wav,.wav,WAV,22050,1,PCM_16,3.0,66150,132344,0b0a773b744de64144d2d71b5e32416b7dd2d6c2aa2ba747f245ee38699f3a25,0.399847149848938,0.92919921875,0.00016628873771730915,True,True,False,False,Found in isolated folder,KEEP_AFTER_RESAMPLING,False,
Harmonium,harmonium,129.wav,Harmonium\129.wav,.wav,WAV,22050,1,PCM_16,3.0,66150,132344,9ed6b60f19a18d29bd2f6120104bb172059a9d0717ba2614620e637774de4e64,0.3830944001674652,0.93035888671875,0.00036281179138321996,True,True,False,False,Found in isolated folder,KEEP_AFTER_RESAMPLING,False,
Harmonium,harmonium,1290.wav,Harmonium\1290.wav,.wav,WAV,22050,1,PCM_16,3.0,66150,132344,526e3db0653a6346f000ba8524fc979e1141d5a5119bc0d878a27ef018c0e0d3,0.4214898645877838,0.923583984375,0.0001511715797430083,True,True,False,False,Found in isolated folder,KEEP_AFTER_RESAMPLING,False,
Harmonium,harmonium,1291.wav,Harmonium\1291.wav,.wav,WAV,22050,1,PCM_16,3.0,66150,132344,987f364476e131086a8c3edb6e1b1d6662cb615a0c6a6723321c7bd6c5b5dbbb,0.3735610544681549,0.922698974609375,0.0002418745275888133,True,True,False,False,Found in isolated folder,KEEP_AFTER_RESAMPLING,False,
Harmonium,harmonium,1292.wav,Harmonium\1292.wav,.wav,WAV,22050,1,PCM_16,3.0,66150,132344,4a57326a0a49d72a59e62f76eab013d90fa53baa9db54c24f2ae1ef7babf92fc,0.434070348739624,0.92822265625,0.0001511715797430083,True,True,False,False,Found in isolated folder,KEEP_AFTER_RESAMPLING,False,
Harmonium,harmonium,1293.wav,Harmonium\1293.wav,.wav,WAV,22050,1,PCM_16,3.0,66150,132344,aca7698bb784eb69083324b1ca3fa5bb6a3c5b13f8284e6e90cf85325f1884af,0.466327965259552,0.932403564453125,9.070294784580499e-05,True,True,False,False,Found in isolated folder,KEEP_AFTER_RESAMPLING,False,
Harmonium,harmonium,1294.wav,Harmonium\1294.wav,.wav,WAV,22050,1,PCM_16,3.0,66150,132344,2836f6cd4a95cb230ac184fdcef709749beef215e37c9cfadf05fd468e330fd2,0.4413837790489197,0.92572021484375,0.00021164021164021165,True,True,False,False,Found in isolated folder,KEEP_AFTER_RESAMPLING,False,
Harmonium,harmonium,1295.wav,Harmonium\1295.wav,.wav,WAV,22050,1,PCM_16,3.0,66150,132344,80cae6c61ea1039159b1bbe4a2c2f7ed699623d07cc1126721b63ef4749e8d48,0.3724266588687897,0.93017578125,0.0003779289493575208,True,True,False,False,Found in isolated folder,KEEP_AFTER_RESAMPLING,False,
Harmonium,harmonium,1296.wav,Harmonium\1296.wav,.wav,WAV,22050,1,PCM_16,3.0,66150,132344,dae4ca70427b8faa41629d5c72c965f53621061f6542e4736038922f64477f5c,0.4468821883201599,0.92303466796875,0.00027210884353741496,True,True,False,False,Found in isolated folder,KEEP_AFTER_RESAMPLING,False,
Harmonium,harmonium,1297.wav,Harmonium\1297.wav,.wav,WAV,22050,1,PCM_16,3.0,66150,132344,6eac73cbcaab88a1ef8c3d956b8b02d17af719c6f79e25d9c1215b0c2c65e6a8,0.3987954556941986,0.9256591796875,0.00013605442176870748,True,True,False,False,Found in isolated folder,KEEP_AFTER_RESAMPLING,False,
Harmonium,harmonium,1298.wav,Harmonium\1298.wav,.wav,WAV,22050,1,PCM_16,3.0,66150,132344,ba7e7954649c48b4b28e39d540a5250b19d58b93a4d1e3df9a4347defc953d1e,0.42100244760513306,0.928070068359375,0.00021164021164021165,True,True,False,False,Found in isolated folder,KEEP_AFTER_RESAMPLING,False,
Harmonium,harmonium,1299.wav,Harmonium\1299.wav,.wav,WAV,22050,1,PCM_16,3.0,66150,132344,cd44b07db023d06b042ecb2ad08ca54a56f256fd7e9d3b38eba06d1979ebb6b7,0.37962085008621216,0.927398681640625,9.070294784580499e-05,True,True,False,False,Found in isolated folder,KEEP_AFTER_RESAMPLING,False,
Harmonium,harmonium,13.wav,Harmonium\13.wav,.wav,WAV,22050,1,PCM_16,3.0,66150,132344,8de976f74480aaea8e05237e2e315851a0689a10ba65da617dc24fe3052d5228,0.37830981612205505,0.92071533203125,0.00021164021164021165,True,True,False,False,Found in isolated folder,KEEP_AFTER_RESAMPLING,False,
Harmonium,harmonium,130.wav,Harmonium\130.wav,.wav,WAV,22050,1,PCM_16,3.0,66150,132344,be0f775c61c81a5a2ecdde22af906f5685368e5b40561b552221d8ef71b9e7fb,0.428568035364151,0.92315673828125,0.0002418745275888133,True,True,False,False,Found in isolated folder,KEEP_AFTER_RESAMPLING,False,
Harmonium,harmonium,1300.wav,Harmonium\1300.wav,.wav,WAV,22050,1,PCM_16,3.0,66150,132344,51ff841ee654fdddf8bafc36780a6283f19379cc841cacf379a9f41de414dc37,0.4251790940761566,0.92431640625,0.0001511715797430083,True,True,False,False,Found in isolated folder,KEEP_AFTER_RESAMPLING,False,
Harmonium,harmonium,1301.wav,Harmonium\1301.wav,.wav,WAV,22050,1,PCM_16,3.0,66150,132344,64b1c7845dc1770d33bd3d4faa06caa4ca22092d31556a818e9f5663b69fb6c1,0.4647219479084015,0.9224853515625,9.070294784580499e-05,True,True,False,False,Found in isolated folder,KEEP_AFTER_RESAMPLING,False,
Harmonium,harmonium,1302.wav,Harmonium\1302.wav,.wav,WAV,22050,1,PCM_16,3.0,66150,132344,b1177440b65663e9810a5ebb2e4710f799ca21fa03c01622c894a7daf2942aba,0.43865206837654114,0.926544189453125,0.00027210884353741496,True,True,False,False,Found in isolated folder,KEEP_AFTER_RESAMPLING,False,
Harmonium,harmonium,1303.wav,Harmonium\1303.wav,.wav,WAV,22050,1,PCM_16,3.0,66150,132344,d27078fade2f3c30d07ad116021767d0c97c276d396397d968851f6025adb65f,0.36797863245010376,0.927703857421875,0.00036281179138321996,True,True,False,False,Found in isolated folder,KEEP_AFTER_RESAMPLING,False,
Harmonium,harmonium,1304.wav,Harmonium\1304.wav,.wav,WAV,22050,1,PCM_16,3.0,66150,132344,b58a2c7b41f9c15e06c32487ff698a714413b4a0010c6850be1cd1a8191a58fb,0.44371140003204346,0.927520751953125,0.00016628873771730915,True,True,False,False,Found in isolated folder,KEEP_AFTER_RESAMPLING,False,
Harmonium,harmonium,1305.wav,Harmonium\1305.wav,.wav,WAV,22050,1,PCM_16,3.0,66150,132344,8b4acff8dc8466d42db56026b65d18f92ec94d725cc5c0081c2ca0ae1e8634db,0.39565837383270264,0.92742919921875,0.00021164021164021165,True,True,False,False,Found in isolated folder,KEEP_AFTER_RESAMPLING,False,
Harmonium,harmonium,1306.wav,Harmonium\1306.wav,.wav,WAV,22050,1,PCM_16,3.0,66150,132344,5b3e47a270ad229c248d9d35b12063c9930e42f570deb1e1d2f6118845b8b3e0,0.4164331257343292,0.924835205078125,0.00018140589569160998,True,True,False,False,Found in isolated folder,KEEP_AFTER_RESAMPLING,False,
Harmonium,harmonium,1307.wav,Harmonium\1307.wav,.wav,WAV,22050,1,PCM_16,3.0,66150,132344,8ae38fbce6f4636c888694b6a8a598f056cf6f22983d43a4879b02958cb931f3,0.38229015469551086,0.9227294921875,0.0001511715797430083,True,True,False,False,Found in isolated folder,KEEP_AFTER_RESAMPLING,False,
Harmonium,harmonium,1308.wav,Harmonium\1308.wav,.wav,WAV,22050,1,PCM_16,3.0,66150,132344,1fa03e451e1eeafeb2c5f223505e1cf3d5feeddff5c71a6cffbcffb6bd65346f,0.42160657048225403,0.9364013671875,0.00016628873771730915,True,True,False,False,Found in isolated folder,KEEP_AFTER_RESAMPLING,False,
Harmonium,harmonium,1309.wav,Harmonium\1309.wav,.wav,WAV,22050,1,PCM_16,3.0,66150,132344,078aa27398628a1182ac2f3eb545ccaed00f05ecaf2f5a56007c4057f2e24ae3,0.46653419733047485,0.92413330078125,0.00010582010582010582,True,True,False,False,Found in isolated folder,KEEP_AFTER_RESAMPLING,False,
Harmonium,harmonium,131.wav,Harmonium\131.wav,.wav,WAV,22050,1,PCM_16,3.0,66150,132344,b94e04fcbbc850fd2b0ac3e5f6d14c8c21b101da1d874f536e0c175d768d0aac,0.38411325216293335,0.93853759765625,0.00019652305366591082,True,True,False,False,Found in isolated folder,KEEP_AFTER_RESAMPLING,False,
Harmonium,harmonium,1310.wav,Harmonium\1310.wav,.wav,WAV,22050,1,PCM_16,3.0,66150,132344,65960004c86e3a98fbdfa5e322370097eeb113346129d53721053d96b75cd376,0.4467984437942505,0.928436279296875,0.00018140589569160998,True,True,False,False,Found in isolated folder,KEEP_AFTER_RESAMPLING,False,
Harmonium,harmonium,1311.wav,Harmonium\1311.wav,.wav,WAV,22050,1,PCM_16,3.0,66150,132344,da0236c56951d07187cdfef614be8c288c83841e673b67c4d867cfa85351ffd2,0.37571191787719727,0.923828125,0.0003779289493575208,True,True,False,False,Found in isolated folder,KEEP_AFTER_RESAMPLING,False,
Harmonium,harmonium,1312.wav,Harmonium\1312.wav,.wav,WAV,22050,1,PCM_16,3.0,66150,132344,2e353d0cc6d54a7c3c91e23cce8dd0ade49bfc854d05d0498f6f2075147e6b55,0.4576590359210968,0.92401123046875,0.00018140589569160998,True,True,False,False,Found in isolated folder,KEEP_AFTER_RESAMPLING,False,
Harmonium,harmonium,1313.wav,Harmonium\1313.wav,.wav,WAV,22050,1,PCM_16,3.0,66150,132344,2db9aca9e12a576d20d5ef6a9243b9f6d5686b11edff4b1b673ae2d1f4c899a1,0.34067031741142273,0.92474365234375,0.00036281179138321996,True,True,False,False,Found in isolated folder,KEEP_AFTER_RESAMPLING,False,
Harmonium,harmonium,1314.wav,Harmonium\1314.wav,.wav,WAV,22050,1,PCM_16,3.0,66150,132344,02d9c27783d28b8e7f652689c8480dffb78ca553b320db47279a8d83b0d0fd66,0.12790563702583313,0.404998779296875,0.1399244142101285,True,True,False,False,Found in isolated folder,KEEP_AFTER_RESAMPLING,False,
Harmonium,harmonium,132.wav,Harmonium\132.wav,.wav,WAV,22050,1,PCM_16,3.0,66150,132344,a32a2bbc1858653cebfd47c578c791c4a260fb03d8ce45d4af0489c71f6bd70f,0.3777179718017578,0.921630859375,0.00022675736961451248,True,True,False,False,Found in isolated folder,KEEP_AFTER_RESAMPLING,False,
Harmonium,harmonium,133.wav,Harmonium\133.wav,.wav,WAV,22050,1,PCM_16,3.0,66150,132344,398787052ede726d2c676a449c215497068dd033ed08cdc8054fb146f94fc166,0.38161811232566833,0.92535400390625,0.00027210884353741496,True,True,False,False,Found in isolated folder,KEEP_AFTER_RESAMPLING,False,
Harmonium,harmonium,134.wav,Harmonium\134.wav,.wav,WAV,22050,1,PCM_16,3.0,66150,132344,82f48b4dff6b5f6abdd8265ebb0d48608adef750b61770fa62116fb863000b5e,0.4272717833518982,0.92486572265625,0.00013605442176870748,True,True,False,False,Found in isolated folder,KEEP_AFTER_RESAMPLING,False,
Harmonium,harmonium,135.wav,Harmonium\135.wav,.wav,WAV,22050,1,PCM_16,3.0,66150,132344,2e144432ad7a2609db1d54ef798b0b09031073d2a021b8e7618e36612bda15ba,0.38739466667175293,0.933807373046875,0.00022675736961451248,True,True,False,False,Found in isolated folder,KEEP_AFTER_RESAMPLING,False,
Harmonium,harmonium,136.wav,Harmonium\136.wav,.wav,WAV,22050,1,PCM_16,3.0,66150,132344,8ab8fa70a1553d268ca9b1da093cce63f2fcf9b5aa99751d0b01bdd2639e566e,0.3780902326107025,0.9276123046875,0.0003325774754346183,True,True,False,False,Found in isolated folder,KEEP_AFTER_RESAMPLING,False,
Harmonium,harmonium,137.wav,Harmonium\137.wav,.wav,WAV,22050,1,PCM_16,3.0,66150,132344,50dff07457824e0fa799961df424d1f9d166aa7592bf9df6de6702bf39dea176,0.37695592641830444,0.929718017578125,0.0002872260015117158,True,True,False,False,Found in isolated folder,KEEP_AFTER_RESAMPLING,False,
Harmonium,harmonium,138.wav,Harmonium\138.wav,.wav,WAV,22050,1,PCM_16,3.0,66150,132344,936596b7ea24fdad15ef3e3a56de062f7a8577197190064216c4267f467cea14,0.42969194054603577,0.928314208984375,0.00018140589569160998,True,True,False,False,Found in isolated folder,KEEP_AFTER_RESAMPLING,False,
Harmonium,harmonium,139.wav,Harmonium\139.wav,.wav,WAV,22050,1,PCM_16,3.0,66150,132344,6c7535630e48bb708523b5fb1b9dc40f600182c0539ac711323ab169959f360b,0.38551613688468933,0.92236328125,0.00036281179138321996,True,True,False,False,Found in isolated folder,KEEP_AFTER_RESAMPLING,False,
Harmonium,harmonium,14.wav,Harmonium\14.wav,.wav,WAV,22050,1,PCM_16,3.0,66150,132344,e6a9a1e9f590f85329bb81b6afc81372305d6c93c2befa484c1f69fc564a3154,0.4337368905544281,0.926177978515625,0.00022675736961451248,True,True,False,False,Found in isolated folder,KEEP_AFTER_RESAMPLING,False,
Harmonium,harmonium,140.wav,Harmonium\140.wav,.wav,WAV,22050,1,PCM_16,3.0,66150,132344,3a45472ca8f0a143db18ffc42da85042494e577abf8ead1f12695ca6a67049a7,0.3831302523612976,0.924560546875,0.00027210884353741496,True,True,False,False,Found in isolated folder,KEEP_AFTER_RESAMPLING,False,
Harmonium,harmonium,141.wav,Harmonium\141.wav,.wav,WAV,22050,1,PCM_16,3.0,66150,132344,df70d82de664465463eb4ac1c25e512806cb9ac73624dda908cd9a4647448851,0.3783515989780426,0.920806884765625,0.00021164021164021165,True,True,False,False,Found in isolated folder,KEEP_AFTER_RESAMPLING,False,
Harmonium,harmonium,142.wav,Harmonium\142.wav,.wav,WAV,22050,1,PCM_16,3.0,66150,132344,9769dc844e1e0edc1d41791f578ddec0e285d31301767a54b9d40d51fe572bed,0.4337177574634552,0.924224853515625,0.00013605442176870748,True,True,False,False,Found in isolated folder,KEEP_AFTER_RESAMPLING,False,
Harmonium,harmonium,143.wav,Harmonium\143.wav,.wav,WAV,22050,1,PCM_16,3.0,66150,132344,dc70e181d6c44b1b477d45cfe4d675c0cb87728eb9555f1ccae562f80911dd84,0.3822471499443054,0.924041748046875,0.0002872260015117158,True,True,False,False,Found in isolated folder,KEEP_AFTER_RESAMPLING,False,
Harmonium,harmonium,144.wav,Harmonium\144.wav,.wav,WAV,22050,1,PCM_16,3.0,66150,132344,cec4a44d81b87cecf04aa7ffc3fe4325bb9543638e1317234c6a65dbbbc0bb69,0.3806563913822174,0.92401123046875,0.0002418745275888133,True,True,False,False,Found in isolated folder,KEEP_AFTER_RESAMPLING,False,
Harmonium,harmonium,145.wav,Harmonium\145.wav,.wav,WAV,22050,1,PCM_16,3.0,66150,132344,c30792529d1eae70eb7ceb9423a5f007c0338ba7f183335a987dda282c3fa6bd,0.38301271200180054,0.927398681640625,0.00040816326530612246,True,True,False,False,Found in isolated folder,KEEP_AFTER_RESAMPLING,False,
Harmonium,harmonium,146.wav,Harmonium\146.wav,.wav,WAV,22050,1,PCM_16,3.0,66150,132344,ef99d0e9b68b0a74cbf4ed47daa652ce4b20d92d053175b4c36c9370b1dfb4e3,0.4286368787288666,0.932952880859375,0.0002872260015117158,True,True,False,False,Found in isolated folder,KEEP_AFTER_RESAMPLING,False,
Harmonium,harmonium,147.wav,Harmonium\147.wav,.wav,WAV,22050,1,PCM_16,3.0,66150,132344,0414ba3e9990f5537fc21ba5add1dbd888ab4d83412d48398cf5a8397e3c038a,0.38406234979629517,0.92230224609375,0.00019652305366591082,True,True,False,False,Found in isolated folder,KEEP_AFTER_RESAMPLING,False,
Harmonium,harmonium,148.wav,Harmonium\148.wav,.wav,WAV,22050,1,PCM_16,3.0,66150,132344,5cb15e71a1c39e159d9d6ff6b06dfd1484bf5609a3cf14eeea97faf8794773d7,0.3779706656932831,0.9207763671875,0.00027210884353741496,True,True,False,False,Found in isolated folder,KEEP_AFTER_RESAMPLING,False,
Harmonium,harmonium,149.wav,Harmonium\149.wav,.wav,WAV,22050,1,PCM_16,3.0,66150,132344,827ff1f67b8daa34af39a7b8809a7f84b5a043b1ac071472d0a5eac92d9dbb4a,0.3817976415157318,0.9412841796875,0.00034769463340891913,True,True,False,False,Found in isolated folder,KEEP_AFTER_RESAMPLING,False,
Harmonium,harmonium,15.wav,Harmonium\15.wav,.wav,WAV,22050,1,PCM_16,3.0,66150,132344,10fedb55a44d7f638049d7ce66be689540a6111bfeb5f37a875bcf0bd12837e8,0.3819786012172699,0.9208984375,0.0002872260015117158,True,True,False,False,Found in isolated folder,KEEP_AFTER_RESAMPLING,False,
Harmonium,harmonium,150.wav,Harmonium\150.wav,.wav,WAV,22050,1,PCM_16,3.0,66150,132344,f79da66d61b62072bc59938a140c86d8b33382c82f3fda60950346ebabf4dfa8,0.4272350072860718,0.923828125,0.00021164021164021165,True,True,False,False,Found in isolated folder,KEEP_AFTER_RESAMPLING,False,
Harmonium,harmonium,151.wav,Harmonium\151.wav,.wav,WAV,22050,1,PCM_16,3.0,66150,132344,11bd0998eade883b01c2ac8003c96ea66b8024764ee07049b460afe33241d145,0.38733386993408203,0.923797607421875,0.00021164021164021165,True,True,False,False,Found in isolated folder,KEEP_AFTER_RESAMPLING,False,
Harmonium,harmonium,152.wav,Harmonium\152.wav,.wav,WAV,22050,1,PCM_16,3.0,66150,132344,7e674d361eab2cb14a42d345a4c16e51761a67238f9b74d7cae22d9ee7501e81,0.3781386911869049,0.919219970703125,0.00019652305366591082,True,True,False,False,Found in isolated folder,KEEP_AFTER_RESAMPLING,False,
Harmonium,harmonium,153.wav,Harmonium\153.wav,.wav,WAV,22050,1,PCM_16,3.0,66150,132344,1116fcf9ba9dad1ebecb8193604ccf58fbc5e9ba57e7273e6af3159d9b4ad2cb,0.3770417273044586,0.92529296875,0.0003023431594860166,True,True,False,False,Found in isolated folder,KEEP_AFTER_RESAMPLING,False,
Harmonium,harmonium,154.wav,Harmonium\154.wav,.wav,WAV,22050,1,PCM_16,3.0,66150,132344,d785dda5a06b53f273a0b70144268baa3b6c6c768ba4f62b33190185b15837d8,0.4296669661998749,0.9263916015625,0.00018140589569160998,True,True,False,False,Found in isolated folder,KEEP_AFTER_RESAMPLING,False,
Harmonium,harmonium,155.wav,Harmonium\155.wav,.wav,WAV,22050,1,PCM_16,3.0,66150,132344,350bf2d09a337dab0a0486c13b1d3e1f5e18cfe3a8790ecc7c6f5f21d46a8fb7,0.38541942834854126,0.92041015625,0.0002418745275888133,True,True,False,False,Found in isolated folder,KEEP_AFTER_RESAMPLING,False,
Harmonium,harmonium,156.wav,Harmonium\156.wav,.wav,WAV,22050,1,PCM_16,3.0,66150,132344,93c34d0ee6b2db308624cd261db6ab86611cac1578ec443a9094354004310279,0.38302528858184814,0.926483154296875,0.0002872260015117158,True,True,False,False,Found in isolated folder,KEEP_AFTER_RESAMPLING,False,
Harmonium,harmonium,157.wav,Harmonium\157.wav,.wav,WAV,22050,1,PCM_16,3.0,66150,132344,fefd225a78eb665c57e3e685f84efb8a11c1b54608010d7e2ab4c8cd9fd01225,0.3781556487083435,0.928466796875,0.00027210884353741496,True,True,False,False,Found in isolated folder,KEEP_AFTER_RESAMPLING,False,
Harmonium,harmonium,158.wav,Harmonium\158.wav,.wav,WAV,22050,1,PCM_16,3.0,66150,132344,cff8a7adc8150a27a9e81eaa25063ee7dda1d6dc09f779d314ed4babc0db26a3,0.4337179660797119,0.9244384765625,0.00019652305366591082,True,True,False,False,Found in isolated folder,KEEP_AFTER_RESAMPLING,False,
Harmonium,harmonium,159.wav,Harmonium\159.wav,.wav,WAV,22050,1,PCM_16,3.0,66150,132344,c1afc10eca3af1f069e41b6b4a8f0063e50f19fb00274e0da01a4130d0f790e6,0.3822524845600128,0.924072265625,0.00018140589569160998,True,True,False,False,Found in isolated folder,KEEP_AFTER_RESAMPLING,False,
Harmonium,harmonium,16.wav,Harmonium\16.wav,.wav,WAV,22050,1,PCM_16,3.0,66150,132344,58b8a923dffae0aa0e57dfe352def015d3c001d3b436516e3b087ce988c1e110,0.38047605752944946,0.920166015625,0.0002569916855631141,True,True,False,False,Found in isolated folder,KEEP_AFTER_RESAMPLING,False,
Harmonium,harmonium,160.wav,Harmonium\160.wav,.wav,WAV,22050,1,PCM_16,3.0,66150,132344,a048b27a45d1fb989a9146ccbeb0e3637293b430f719d4fd486d03d868253150,0.3804607689380646,0.921630859375,0.0002569916855631141,True,True,False,False,Found in isolated folder,KEEP_AFTER_RESAMPLING,False,
Harmonium,harmonium,161.wav,Harmonium\161.wav,.wav,WAV,22050,1,PCM_16,3.0,66150,132344,9bf9c4fa1a1a8c4b62e575247118c499dc104dcd31e3674e6dbbcc96df319afd,0.3830648362636566,0.924957275390625,0.00022675736961451248,True,True,False,False,Found in isolated folder,KEEP_AFTER_RESAMPLING,False,
Harmonium,harmonium,162.wav,Harmonium\162.wav,.wav,WAV,22050,1,PCM_16,3.0,66150,132344,04421f6a81d70742436122cea5ae8f1e4a0806a4a616d15b6197599ec500f60c,0.4285678565502167,0.924346923828125,0.00019652305366591082,True,True,False,False,Found in isolated folder,KEEP_AFTER_RESAMPLING,False,
Harmonium,harmonium,163.wav,Harmonium\163.wav,.wav,WAV,22050,1,PCM_16,3.0,66150,132344,65a97d1a730f57d439f5f168dd898645647be563b4e18fce3ccee876af4fcacf,0.3840258717536926,0.927215576171875,0.00018140589569160998,True,True,False,False,Found in isolated folder,KEEP_AFTER_RESAMPLING,False,
Harmonium,harmonium,164.wav,Harmonium\164.wav,.wav,WAV,22050,1,PCM_16,3.0,66150,132344,549b17ca4d7f6b2a7fddbcf2aa9ef1ca40fbf950d8dbcddb2be7b64125bb9d1e,0.3777974545955658,0.923309326171875,0.00021164021164021165,True,True,False,False,Found in isolated folder,KEEP_AFTER_RESAMPLING,False,
Harmonium,harmonium,165.wav,Harmonium\165.wav,.wav,WAV,22050,1,PCM_16,3.0,66150,132344,abdb3922a8468958b0cf5882dd3be10fce202b19e50968a7f80d901e5d0dfeca,0.3816809356212616,0.924407958984375,0.0002418745275888133,True,True,False,False,Found in isolated folder,KEEP_AFTER_RESAMPLING,False,
Harmonium,harmonium,166.wav,Harmonium\166.wav,.wav,WAV,22050,1,PCM_16,3.0,66150,132344,745be8d1100d16ccda55c5541380a61a12bcbfd2b9b60af89f6b56e1a8f7c6b7,0.4273505210876465,0.9305419921875,0.00018140589569160998,True,True,False,False,Found in isolated folder,KEEP_AFTER_RESAMPLING,False,
Harmonium,harmonium,167.wav,Harmonium\167.wav,.wav,WAV,22050,1,PCM_16,3.0,66150,132344,a57dfe50de48d8b37f0d49a3537b37bdf343b81a045d5a267e7d4f174fb0cd9e,0.38711658120155334,0.925872802734375,0.00019652305366591082,True,True,False,False,Found in isolated folder,KEEP_AFTER_RESAMPLING,False,
Harmonium,harmonium,168.wav,Harmonium\168.wav,.wav,WAV,22050,1,PCM_16,3.0,66150,132344,24ac7dac0903a4168e5c270d9bdbaac87f11e44168dfa12952fc2c412e4895ee,0.3781571090221405,0.924346923828125,0.00034769463340891913,True,True,False,False,Found in isolated folder,KEEP_AFTER_RESAMPLING,False,
Harmonium,harmonium,169.wav,Harmonium\169.wav,.wav,WAV,22050,1,PCM_16,3.0,66150,132344,8e4e634c0db69dc95c789ca6a477ae66fae03e0baf5ad105bf24937d5badd070,0.37701764702796936,0.9228515625,0.00018140589569160998,True,True,False,False,Found in isolated folder,KEEP_AFTER_RESAMPLING,False,
Harmonium,harmonium,17.wav,Harmonium\17.wav,.wav,WAV,22050,1,PCM_16,3.0,66150,132344,e6280b16e1fa86bf4a826434a76d8afb5122ec2174b8baeb33d41e236bc04cc2,0.38285911083221436,0.923858642578125,0.0003023431594860166,True,True,False,False,Found in isolated folder,KEEP_AFTER_RESAMPLING,False,
Harmonium,harmonium,170.wav,Harmonium\170.wav,.wav,WAV,22050,1,PCM_16,3.0,66150,132344,ee6e67ce23fb5f9bf3656b4e5dcc5014b65af147275a0161b7dc00dd4a92b137,0.42962199449539185,0.923675537109375,0.0002418745275888133,True,True,False,False,Found in isolated folder,KEEP_AFTER_RESAMPLING,False,
Harmonium,harmonium,171.wav,Harmonium\171.wav,.wav,WAV,22050,1,PCM_16,3.0,66150,132344,f68f0fdbf81ff1c59018e37bea3f6017720d70ca2151f39035c41bf14d589237,0.3855080306529999,0.923004150390625,0.00031746031746031746,True,True,False,False,Found in isolated folder,KEEP_AFTER_RESAMPLING,False,
Harmonium,harmonium,172.wav,Harmonium\172.wav,.wav,WAV,22050,1,PCM_16,3.0,66150,132344,556fdd762189fbacf45b11db1d3d9103351eca2edc1f6a3a6ba46f6e2737d7d1,0.38315820693969727,0.9259033203125,0.0003325774754346183,True,True,False,False,Found in isolated folder,KEEP_AFTER_RESAMPLING,False,
Harmonium,harmonium,173.wav,Harmonium\173.wav,.wav,WAV,22050,1,PCM_16,3.0,66150,132344,424b11b610972983fddd8f1fbc40d0ae8170f73e198c461ebfcc071a47bd2d51,0.37824752926826477,0.926177978515625,0.0002418745275888133,True,True,False,False,Found in isolated folder,KEEP_AFTER_RESAMPLING,False,
Harmonium,harmonium,174.wav,Harmonium\174.wav,.wav,WAV,22050,1,PCM_16,3.0,66150,132344,7a4209d0adc9df5376ea54e48aef40e5cd05cebcff0c59366df179f622691c88,0.4337213635444641,0.922760009765625,0.00013605442176870748,True,True,False,False,Found in isolated folder,KEEP_AFTER_RESAMPLING,False,
Harmonium,harmonium,175.wav,Harmonium\175.wav,.wav,WAV,22050,1,PCM_16,3.0,66150,132344,2b1b344496e018038027e47adba39cd01d107fb618d0d7fee7d02908eb3bea83,0.38215020298957825,0.92340087890625,0.00018140589569160998,True,True,False,False,Found in isolated folder,KEEP_AFTER_RESAMPLING,False,
Harmonium,harmonium,176.wav,Harmonium\176.wav,.wav,WAV,22050,1,PCM_16,3.0,66150,132344,02792dfe6e4d3bb3f1142594a6f17a1bfd94adf098cc8f5e1570484a29489f9c,0.380621999502182,0.928314208984375,0.0003023431594860166,True,True,False,False,Found in isolated folder,KEEP_AFTER_RESAMPLING,False,
Harmonium,harmonium,177.wav,Harmonium\177.wav,.wav,WAV,22050,1,PCM_16,3.0,66150,132344,8af315fcb82ab566af7d843a9da7b79c894108588f2078c0f75d53d9028f68ec,0.3831215500831604,0.925933837890625,0.00016628873771730915,True,True,False,False,Found in isolated folder,KEEP_AFTER_RESAMPLING,False,
Harmonium,harmonium,178.wav,Harmonium\178.wav,.wav,WAV,22050,1,PCM_16,3.0,66150,132344,732d3f7494fc11789acdf045b5917f1302fd657f02ec21323145d1be12603fd4,0.42862188816070557,0.92657470703125,0.00016628873771730915,True,True,False,False,Found in isolated folder,KEEP_AFTER_RESAMPLING,False,
Harmonium,harmonium,179.wav,Harmonium\179.wav,.wav,WAV,22050,1,PCM_16,3.0,66150,132344,11040b6345c8900e5b650459a7434ec614ee28ca9087595d59142039c55116cb,0.3839726746082306,0.919464111328125,0.00018140589569160998,True,True,False,False,Found in isolated folder,KEEP_AFTER_RESAMPLING,False,
Harmonium,harmonium,18.wav,Harmonium\18.wav,.wav,WAV,22050,1,PCM_16,3.0,66150,132344,4455795c1229d1f45cdb0de2437a122679fc38d2b1a8a12c6b378b432fad4bc0,0.4285576343536377,0.926544189453125,0.0002418745275888133,True,True,False,False,Found in isolated folder,KEEP_AFTER_RESAMPLING,False,
Harmonium,harmonium,180.wav,Harmonium\180.wav,.wav,WAV,22050,1,PCM_16,3.0,66150,132344,241ae2aa12bbcc98b5a40768ce9e4c6e83fac27dbff758d6bf6b3dadfeafc052,0.37785929441452026,0.92169189453125,0.00027210884353741496,True,True,False,False,Found in isolated folder,KEEP_AFTER_RESAMPLING,False,
Harmonium,harmonium,181.wav,Harmonium\181.wav,.wav,WAV,22050,1,PCM_16,3.0,66150,132344,1919d13423e739e4b0035648107ccc8af76b60f6fe70b56c4df02cb11cbf6c4e,0.3815273642539978,0.9256591796875,0.00018140589569160998,True,True,False,False,Found in isolated folder,KEEP_AFTER_RESAMPLING,False,
Harmonium,harmonium,182.wav,Harmonium\182.wav,.wav,WAV,22050,1,PCM_16,3.0,66150,132344,663b7b3fcf0a8fe5295e432884fe51111d7334caf5fa64e6cc4d329e262e1184,0.42717602849006653,0.923614501953125,0.0002569916855631141,True,True,False,False,Found in isolated folder,KEEP_AFTER_RESAMPLING,False,
Harmonium,harmonium,183.wav,Harmonium\183.wav,.wav,WAV,22050,1,PCM_16,3.0,66150,132344,3b6cdb4adb05b78d1bef0cb0926ff5b12f97f4eea3cc081d1e1c9ed3f15bdd01,0.38738149404525757,0.925994873046875,0.0002872260015117158,True,True,False,False,Found in isolated folder,KEEP_AFTER_RESAMPLING,False,
Harmonium,harmonium,184.wav,Harmonium\184.wav,.wav,WAV,22050,1,PCM_16,3.0,66150,132344,46d5b2cdc199e2978b17e6cb6908dc092f5d6fe2739e66ddb297a7afca4a2a9e,0.3781700134277344,0.92327880859375,0.00027210884353741496,True,True,False,False,Found in isolated folder,KEEP_AFTER_RESAMPLING,False,
Harmonium,harmonium,185.wav,Harmonium\185.wav,.wav,WAV,22050,1,PCM_16,3.0,66150,132344,53d6952203b710f63b9fa290bf7351c153d0e4019c370107bb4df14d222026b1,0.3771369457244873,0.930084228515625,0.0002418745275888133,True,True,False,False,Found in isolated folder,KEEP_AFTER_RESAMPLING,False,
Harmonium,harmonium,186.wav,Harmonium\186.wav,.wav,WAV,22050,1,PCM_16,3.0,66150,132344,c896dddddc5b0e5289bbba9f0a7494d3d508a1ed408987f4bb0b93c6439e9b05,0.42973414063453674,0.922607421875,0.00021164021164021165,True,True,False,False,Found in isolated folder,KEEP_AFTER_RESAMPLING,False,
Harmonium,harmonium,187.wav,Harmonium\187.wav,.wav,WAV,22050,1,PCM_16,3.0,66150,132344,2fb2500faa60dffadfc71be63628b70968df9d62292912203189e9bcfc860da7,0.3854244649410248,0.92578125,0.00027210884353741496,True,True,False,False,Found in isolated folder,KEEP_AFTER_RESAMPLING,False,
Harmonium,harmonium,188.wav,Harmonium\188.wav,.wav,WAV,22050,1,PCM_16,3.0,66150,132344,00ec0a42a456840c6d611fa2f17024a08be0c22122beb4c76a98af2a2bd2480b,0.3831523358821869,0.92877197265625,0.0002418745275888133,True,True,False,False,Found in isolated folder,KEEP_AFTER_RESAMPLING,False,
Harmonium,harmonium,189.wav,Harmonium\189.wav,.wav,WAV,22050,1,PCM_16,3.0,66150,132344,20a50f352da1bae512ef2ff9058530d040dd698672a2154e1f386cb228dffb69,0.3782626986503601,0.9234619140625,0.0002569916855631141,True,True,False,False,Found in isolated folder,KEEP_AFTER_RESAMPLING,False,
Harmonium,harmonium,19.wav,Harmonium\19.wav,.wav,WAV,22050,1,PCM_16,3.0,66150,132344,2998f1ce66c14c5605dfe5018c9590b1f6637e493f18ce4e2f71c6757cd28442,0.38402339816093445,0.929290771484375,0.00016628873771730915,True,True,False,False,Found in isolated folder,KEEP_AFTER_RESAMPLING,False,
Harmonium,harmonium,190.wav,Harmonium\190.wav,.wav,WAV,22050,1,PCM_16,3.0,66150,132344,96d709f1a4328aaa024aeda475e6022388ed872640ca6beb6cd2b46d23cf7250,0.43358227610588074,0.923614501953125,0.00019652305366591082,True,True,False,False,Found in isolated folder,KEEP_AFTER_RESAMPLING,False,
Harmonium,harmonium,191.wav,Harmonium\191.wav,.wav,WAV,22050,1,PCM_16,3.0,66150,132344,ec31c9f51e000efb4803746bb75d1efb964c5de23801f35143c9776ae3b910c3,0.38203704357147217,0.923614501953125,0.00027210884353741496,True,True,False,False,Found in isolated folder,KEEP_AFTER_RESAMPLING,False,
Harmonium,harmonium,192.wav,Harmonium\192.wav,.wav,WAV,22050,1,PCM_16,3.0,66150,132344,3d088144cca413d86bbc4b0b58d3856d4a53b884349ca90f825a0a9200a09f1a,0.38054370880126953,0.92657470703125,0.0002418745275888133,True,True,False,False,Found in isolated folder,KEEP_AFTER_RESAMPLING,False,
Harmonium,harmonium,193.wav,Harmonium\193.wav,.wav,WAV,22050,1,PCM_16,3.0,66150,132344,81adf7febcc32a6f1954058e9709cf46bb23a537ec41b908496057e7b023aeb8,0.3830447793006897,0.92987060546875,0.00040816326530612246,True,True,False,False,Found in isolated folder,KEEP_AFTER_RESAMPLING,False,
Harmonium,harmonium,194.wav,Harmonium\194.wav,.wav,WAV,22050,1,PCM_16,3.0,66150,132344,47622791dfba1eda6d69c2b48f2edaecc55025813177ef106719c4aabb65188d,0.42860135436058044,0.9288330078125,0.00022675736961451248,True,True,False,False,Found in isolated folder,KEEP_AFTER_RESAMPLING,False,
Harmonium,harmonium,195.wav,Harmonium\195.wav,.wav,WAV,22050,1,PCM_16,3.0,66150,132344,22004be49028221c5810422ccb703f3c3f5d0145cacf7c87655a4bd6389e543a,0.3839849531650543,0.92144775390625,0.0002569916855631141,True,True,False,False,Found in isolated folder,KEEP_AFTER_RESAMPLING,False,
Harmonium,harmonium,196.wav,Harmonium\196.wav,.wav,WAV,22050,1,PCM_16,3.0,66150,132344,e8e113c5c6d38df8c4fc20398dfd35749e03c4408d5c2d3989a256f3cb546378,0.3776988089084625,0.92333984375,0.00019652305366591082,True,True,False,False,Found in isolated folder,KEEP_AFTER_RESAMPLING,False,
Harmonium,harmonium,197.wav,Harmonium\197.wav,.wav,WAV,22050,1,PCM_16,3.0,66150,132344,0dafb146586dfd18e3c2057b540fe78b0828cbba39c5bba48989b3680701af80,0.38158151507377625,0.93316650390625,0.00021164021164021165,True,True,False,False,Found in isolated folder,KEEP_AFTER_RESAMPLING,False,
Harmonium,harmonium,198.wav,Harmonium\198.wav,.wav,WAV,22050,1,PCM_16,3.0,66150,132344,212df694096266de8cca0d57684382b496e808fa5d9dd7b5f4273595da781e9f,0.4273536205291748,0.925140380859375,0.0001511715797430083,True,True,False,False,Found in isolated folder,KEEP_AFTER_RESAMPLING,False,
Harmonium,harmonium,199.wav,Harmonium\199.wav,.wav,WAV,22050,1,PCM_16,3.0,66150,132344,837f3e63f1a428038a9fa135eec14b124716e191f1823769c686455a313a5639,0.3872741758823395,0.92730712890625,0.0002569916855631141,True,True,False,False,Found in isolated folder,KEEP_AFTER_RESAMPLING,False,
Harmonium,harmonium,2.wav,Harmonium\2.wav,.wav,WAV,22050,1,PCM_16,3.0,66150,132344,43dc7356a7dcb7edd6d074e92f6701ac3ef6108d6f41cc51ec9adf0fb1f97f5d,0.10249494761228561,0.300506591796875,0.000982615268329554,True,True,False,False,Found in isolated folder,KEEP_AFTER_RESAMPLING,False,
Harmonium,harmonium,20.wav,Harmonium\20.wav,.wav,WAV,22050,1,PCM_16,3.0,66150,132344,52f1a90b75f2c85531cf0ff1a219b6677987aeaf6447871b85211db8625d2d72,0.3777526021003723,0.9234619140625,0.00019652305366591082,True,True,False,False,Found in isolated folder,KEEP_AFTER_RESAMPLING,False,
Harmonium,harmonium,200.wav,Harmonium\200.wav,.wav,WAV,22050,1,PCM_16,3.0,66150,132344,93a6af16f868d8bd0977cccdf9f19c4c67b6e15000845c33994088bcebe1562c,0.37811020016670227,0.922210693359375,0.0003325774754346183,True,True,False,False,Found in isolated folder,KEEP_AFTER_RESAMPLING,False,
Harmonium,harmonium,201.wav,Harmonium\201.wav,.wav,WAV,22050,1,PCM_16,3.0,66150,132344,dc69992ce476b96f0f8e12df32e937b4fef0f5aa8e19a1f4bcaaee38f2515adc,0.3771032392978668,0.9266357421875,0.00018140589569160998,True,True,False,False,Found in isolated folder,KEEP_AFTER_RESAMPLING,False,
Harmonium,harmonium,202.wav,Harmonium\202.wav,.wav,WAV,22050,1,PCM_16,3.0,66150,132344,c1f3ca36778561ef401698a957e26f93a784a75457a272da217c3d754b31fe4b,0.4296688139438629,0.92657470703125,0.0002569916855631141,True,True,False,False,Found in isolated folder,KEEP_AFTER_RESAMPLING,False,
Harmonium,harmonium,203.wav,Harmonium\203.wav,.wav,WAV,22050,1,PCM_16,3.0,66150,132344,2a05ddf8870d39a6ee7ad6307be3ec70c4d0bdf4edd4b15c41eeec5e2de66239,0.38544684648513794,0.9212646484375,0.00013605442176870748,True,True,False,False,Found in isolated folder,KEEP_AFTER_RESAMPLING,False,
Harmonium,harmonium,204.wav,Harmonium\204.wav,.wav,WAV,22050,1,PCM_16,3.0,66150,132344,b6856db4a4f0b60b565423ebbf6fea04ac82860268c6bb486c9a9450593c50ce,0.3832019567489624,0.9249267578125,0.00031746031746031746,True,True,False,False,Found in isolated folder,KEEP_AFTER_RESAMPLING,False,
Harmonium,harmonium,205.wav,Harmonium\205.wav,.wav,WAV,22050,1,PCM_16,3.0,66150,132344,ca2dd473809cd0bb2f020ae548661be85602a6e59114fa9f2862aec05ee5337b,0.37841060757637024,0.927520751953125,0.00036281179138321996,True,True,False,False,Found in isolated folder,KEEP_AFTER_RESAMPLING,False,
Harmonium,harmonium,206.wav,Harmonium\206.wav,.wav,WAV,22050,1,PCM_16,3.0,66150,132344,f3307bb81d185abe35992cb76031fe441484c8bc68be0a40d880beed0758b818,0.43367430567741394,0.9254150390625,0.00022675736961451248,True,True,False,False,Found in isolated folder,KEEP_AFTER_RESAMPLING,False,
Harmonium,harmonium,207.wav,Harmonium\207.wav,.wav,WAV,22050,1,PCM_16,3.0,66150,132344,72ba63e7f98d0f699cc0d9044417002b2109afd1bb159d5000ceca2a95c3dc78,0.3821530044078827,0.923614501953125,0.00019652305366591082,True,True,False,False,Found in isolated folder,KEEP_AFTER_RESAMPLING,False,
Harmonium,harmonium,208.wav,Harmonium\208.wav,.wav,WAV,22050,1,PCM_16,3.0,66150,132344,553480f9cc60b3d18440478a3b5d988bd5e3a98e8acbb3c03978c9c472c45d2f,0.38056710362434387,0.923492431640625,0.00022675736961451248,True,True,False,False,Found in isolated folder,KEEP_AFTER_RESAMPLING,False,
Harmonium,harmonium,209.wav,Harmonium\209.wav,.wav,WAV,22050,1,PCM_16,3.0,66150,132344,690e7c0bc570aa1ed11d0917a28000269ef90fdb9a5ba38726844432a5456eb5,0.38310644030570984,0.92840576171875,0.0002569916855631141,True,True,False,False,Found in isolated folder,KEEP_AFTER_RESAMPLING,False,
Harmonium,harmonium,21.wav,Harmonium\21.wav,.wav,WAV,22050,1,PCM_16,3.0,66150,132344,3184cda83ac27037c655caa4a20872c224117475f445c3963b16b14562c96731,0.3816636800765991,0.92388916015625,0.0003325774754346183,True,True,False,False,Found in isolated folder,KEEP_AFTER_RESAMPLING,False,
Harmonium,harmonium,210.wav,Harmonium\210.wav,.wav,WAV,22050,1,PCM_16,3.0,66150,132344,007a61b9c92ce5178f1a1ae4c6b8878ea244d8753878f229fc4442d91991c9b3,0.4285263419151306,0.9217529296875,0.00031746031746031746,True,True,False,False,Found in isolated folder,KEEP_AFTER_RESAMPLING,False,
Harmonium,harmonium,211.wav,Harmonium\211.wav,.wav,WAV,22050,1,PCM_16,3.0,66150,132344,d6597841993b46b9da8fc56fb38234399f58e241c9114bac65137c58dfd41e68,0.38401004672050476,0.9244384765625,0.0002418745275888133,True,True,False,False,Found in isolated folder,KEEP_AFTER_RESAMPLING,False,
Harmonium,harmonium,212.wav,Harmonium\212.wav,.wav,WAV,22050,1,PCM_16,3.0,66150,132344,56390b56d357cf73dc3b76ede8d31afaabbf8b6a3f905b26b169d3a6826d6c53,0.3778699040412903,0.924652099609375,0.0002569916855631141,True,True,False,False,Found in isolated folder,KEEP_AFTER_RESAMPLING,False,
Harmonium,harmonium,213.wav,Harmonium\213.wav,.wav,WAV,22050,1,PCM_16,3.0,66150,132344,aaa3669040d59f54e308fc6bf4fa3a4f99afe25fd274a46db826467a7ae01d8d,0.38155925273895264,0.9261474609375,0.00019652305366591082,True,True,False,False,Found in isolated folder,KEEP_AFTER_RESAMPLING,False,
Harmonium,harmonium,214.wav,Harmonium\214.wav,.wav,WAV,22050,1,PCM_16,3.0,66150,132344,d7b338c3c8c3d71f6829881deec6368ee082142b04e2f61add74b18c3c33345a,0.42724770307540894,0.923248291015625,0.0001511715797430083,True,True,False,False,Found in isolated folder,KEEP_AFTER_RESAMPLING,False,
Harmonium,harmonium,215.wav,Harmonium\215.wav,.wav,WAV,22050,1,PCM_16,3.0,66150,132344,4fb8557bbb7b02923db93bc11b0a70f8c9c5610bef8a88e26e2cc51a9bd6623b,0.387269526720047,0.924713134765625,0.00019652305366591082,True,True,False,False,Found in isolated folder,KEEP_AFTER_RESAMPLING,False,
Harmonium,harmonium,216.wav,Harmonium\216.wav,.wav,WAV,22050,1,PCM_16,3.0,66150,132344,613f5fa02e9389284b46d6b501620eabf167e9d1b2e481d47137918e5d1976a2,0.3781827390193939,0.924041748046875,0.0002418745275888133,True,True,False,False,Found in isolated folder,KEEP_AFTER_RESAMPLING,False,
Harmonium,harmonium,217.wav,Harmonium\217.wav,.wav,WAV,22050,1,PCM_16,3.0,66150,132344,1c7b820c7fa9c097914df2a256eefa095a6b50b515e7ceda56b4d55c347f363e,0.37702009081840515,0.92718505859375,0.00018140589569160998,True,True,False,False,Found in isolated folder,KEEP_AFTER_RESAMPLING,False,
Harmonium,harmonium,218.wav,Harmonium\218.wav,.wav,WAV,22050,1,PCM_16,3.0,66150,132344,3233ef898f033c9b80e876460148531bf6b5f574c8b74c59847de24d8353fa8f,0.42972421646118164,0.92529296875,0.0002569916855631141,True,True,False,False,Found in isolated folder,KEEP_AFTER_RESAMPLING,False,
Harmonium,harmonium,219.wav,Harmonium\219.wav,.wav,WAV,22050,1,PCM_16,3.0,66150,132344,322342ae3bac15ca0c7b1f5e311ac8336b6c8a6cd5f9f346e302db2ab2d67938,0.385433554649353,0.92437744140625,0.00022675736961451248,True,True,False,False,Found in isolated folder,KEEP_AFTER_RESAMPLING,False,
Harmonium,harmonium,22.wav,Harmonium\22.wav,.wav,WAV,22050,1,PCM_16,3.0,66150,132344,c2c780a3665d372fd64a13a87aef8e8661afb720733dca0abee151cd980c4fa8,0.427444726228714,0.924041748046875,0.00018140589569160998,True,True,False,False,Found in isolated folder,KEEP_AFTER_RESAMPLING,False,
Harmonium,harmonium,220.wav,Harmonium\220.wav,.wav,WAV,22050,1,PCM_16,3.0,66150,132344,a3e67b96c23aea229f0bcc8cdc99aaf6e6545d927c56000300a1be73c2f7cc32,0.38305678963661194,0.920928955078125,0.00019652305366591082,True,True,False,False,Found in isolated folder,KEEP_AFTER_RESAMPLING,False,
Harmonium,harmonium,221.wav,Harmonium\221.wav,.wav,WAV,22050,1,PCM_16,3.0,66150,132344,9074b07b208eead64f3d85df9d513e8f4b15c3b0885910239f3970a400e4709d,0.3784014880657196,0.92742919921875,0.00022675736961451248,True,True,False,False,Found in isolated folder,KEEP_AFTER_RESAMPLING,False,
Harmonium,harmonium,222.wav,Harmonium\222.wav,.wav,WAV,22050,1,PCM_16,3.0,66150,132344,4fc2725da4defd036681f68975dded479968fc6385ad07337233616c0b08de74,0.4337255656719208,0.9215087890625,0.00018140589569160998,True,True,False,False,Found in isolated folder,KEEP_AFTER_RESAMPLING,False,
Harmonium,harmonium,223.wav,Harmonium\223.wav,.wav,WAV,22050,1,PCM_16,3.0,66150,132344,e082ef0715144c52856c5f0cdd2077735e0bbeba53449f8d17879ceb4cf4271e,0.3820103704929352,0.923736572265625,0.0003779289493575208,True,True,False,False,Found in isolated folder,KEEP_AFTER_RESAMPLING,False,
Harmonium,harmonium,224.wav,Harmonium\224.wav,.wav,WAV,22050,1,PCM_16,3.0,66150,132344,1cdb89836f33035a0f92b66e4974e8b75d57e2aceb7cde808c7fdff23050632e,0.3805594742298126,0.92193603515625,0.0002872260015117158,True,True,False,False,Found in isolated folder,KEEP_AFTER_RESAMPLING,False,
Harmonium,harmonium,225.wav,Harmonium\225.wav,.wav,WAV,22050,1,PCM_16,3.0,66150,132344,594640c4884afa2c50cfe29639f2eed47b3b2f8a38a75b98e8ad492e88391b50,0.3831486403942108,0.925506591796875,0.00027210884353741496,True,True,False,False,Found in isolated folder,KEEP_AFTER_RESAMPLING,False,
Harmonium,harmonium,226.wav,Harmonium\226.wav,.wav,WAV,22050,1,PCM_16,3.0,66150,132344,29834e8b3f3b71be5c46a3a4b3cbd135534d42242936ba28626ee83b70a9eb52,0.42870786786079407,0.9290771484375,0.0003325774754346183,True,True,False,False,Found in isolated folder,KEEP_AFTER_RESAMPLING,False,
Harmonium,harmonium,227.wav,Harmonium\227.wav,.wav,WAV,22050,1,PCM_16,3.0,66150,132344,deeb686a1ddd3980cc252f740f5dcd33f3e7edaa431e32f10d4c35b90e7ac27a,0.38400906324386597,0.92376708984375,0.0002872260015117158,True,True,False,False,Found in isolated folder,KEEP_AFTER_RESAMPLING,False,
Harmonium,harmonium,228.wav,Harmonium\228.wav,.wav,WAV,22050,1,PCM_16,3.0,66150,132344,c0b9bb0b3caadd861a0da301891690f0213483ea3ca9ad422215ccc3eaf292a4,0.37786585092544556,0.924957275390625,0.0002872260015117158,True,True,False,False,Found in isolated folder,KEEP_AFTER_RESAMPLING,False,
Harmonium,harmonium,229.wav,Harmonium\229.wav,.wav,WAV,22050,1,PCM_16,3.0,66150,132344,5878b21fd297f1268bb7ef0ce846fc6a93666b00a48ec9ac55e2acf403288a7b,0.3816192150115967,0.924346923828125,0.00021164021164021165,True,True,False,False,Found in isolated folder,KEEP_AFTER_RESAMPLING,False,
Harmonium,harmonium,23.wav,Harmonium\23.wav,.wav,WAV,22050,1,PCM_16,3.0,66150,132344,4fcae06ed5773f7c9b36e7672a760d994bb2b7bac6a0b00b9f67b47d1420e351,0.38727137446403503,0.923065185546875,0.0002872260015117158,True,True,False,False,Found in isolated folder,KEEP_AFTER_RESAMPLING,False,
Harmonium,harmonium,230.wav,Harmonium\230.wav,.wav,WAV,22050,1,PCM_16,3.0,66150,132344,833476057e7a2f20f8213c070f9fcce762ecb71fc3b0b4d399e4575aa112261d,0.4272153973579407,0.924957275390625,0.00019652305366591082,True,True,False,False,Found in isolated folder,KEEP_AFTER_RESAMPLING,False,
Harmonium,harmonium,231.wav,Harmonium\231.wav,.wav,WAV,22050,1,PCM_16,3.0,66150,132344,bdb8d2076850862df7cf128bd1e2a4bec26b74fe8a2f6c79d368b31f1a66925e,0.3871302306652069,0.9273681640625,0.0002872260015117158,True,True,False,False,Found in isolated folder,KEEP_AFTER_RESAMPLING,False,
Harmonium,harmonium,232.wav,Harmonium\232.wav,.wav,WAV,22050,1,PCM_16,3.0,66150,132344,bc4db8621af493184b0ff08eff58f2f0f63316d3f029af74df9c7fb41a0d2cf7,0.3781004548072815,0.923309326171875,0.0003325774754346183,True,True,False,False,Found in isolated folder,KEEP_AFTER_RESAMPLING,False,
Harmonium,harmonium,233.wav,Harmonium\233.wav,.wav,WAV,22050,1,PCM_16,3.0,66150,132344,c318dfc44f308a97474a719eec5b41aa4553f5ff030e2316c6a2d08df8c8238b,0.3770306408405304,0.925811767578125,0.00018140589569160998,True,True,False,False,Found in isolated folder,KEEP_AFTER_RESAMPLING,False,
Harmonium,harmonium,234.wav,Harmonium\234.wav,.wav,WAV,22050,1,PCM_16,3.0,66150,132344,c1b412ebb289b22bed652eaf508202e499843e01749be7212f4d789b8cd01356,0.429645836353302,0.92535400390625,0.00027210884353741496,True,True,False,False,Found in isolated folder,KEEP_AFTER_RESAMPLING,False,
Harmonium,harmonium,235.wav,Harmonium\235.wav,.wav,WAV,22050,1,PCM_16,3.0,66150,132344,2aa5e6494cc703e744d5f0ec4f93c5986954cd58d79d19333b2c29c32b83e8e8,0.38545891642570496,0.921966552734375,0.0003023431594860166,True,True,False,False,Found in isolated folder,KEEP_AFTER_RESAMPLING,False,
Harmonium,harmonium,236.wav,Harmonium\236.wav,.wav,WAV,22050,1,PCM_16,3.0,66150,132344,fda82639cac5935569d2629a1408331c5d76901581b2c2147e2c9fae770111bb,0.38303235173225403,0.924652099609375,0.0002569916855631141,True,True,False,False,Found in isolated folder,KEEP_AFTER_RESAMPLING,False,
Harmonium,harmonium,237.wav,Harmonium\237.wav,.wav,WAV,22050,1,PCM_16,3.0,66150,132344,1b440f0320abb5c8c39786a1f9e657dfd83eb2626eef794ea43f6831e47c33be,0.3783250153064728,0.92681884765625,0.0003325774754346183,True,True,False,False,Found in isolated folder,KEEP_AFTER_RESAMPLING,False,
Harmonium,harmonium,238.wav,Harmonium\238.wav,.wav,WAV,22050,1,PCM_16,3.0,66150,132344,dc1f4043b35ff591120fb8b4ff2a283a580e28829278df7edb3bef4d34a96dee,0.43370261788368225,0.92474365234375,0.00010582010582010582,True,True,False,False,Found in isolated folder,KEEP_AFTER_RESAMPLING,False,
Harmonium,harmonium,239.wav,Harmonium\239.wav,.wav,WAV,22050,1,PCM_16,3.0,66150,132344,82467bd60ae01ff0b8582c629c0ebbae6dd29cc6814b6c8af5e142cfd5e81dfa,0.3819662928581238,0.92236328125,0.0002872260015117158,True,True,False,False,Found in isolated folder,KEEP_AFTER_RESAMPLING,False,
Harmonium,harmonium,24.wav,Harmonium\24.wav,.wav,WAV,22050,1,PCM_16,3.0,66150,132344,9d05543adb4e0b28e24cd8487a05f09a9be1d2905043984f6318874a1ff79285,0.3782154619693756,0.925628662109375,0.0004232804232804233,True,True,False,False,Found in isolated folder,KEEP_AFTER_RESAMPLING,False,
Harmonium,harmonium,240.wav,Harmonium\240.wav,.wav,WAV,22050,1,PCM_16,3.0,66150,132344,f47e9c724e66ca7a5aca071398099c2f1b72a63df206a8a91337a0db88bd0e0a,0.3806005120277405,0.924591064453125,0.00027210884353741496,True,True,False,False,Found in isolated folder,KEEP_AFTER_RESAMPLING,False,
Harmonium,harmonium,241.wav,Harmonium\241.wav,.wav,WAV,22050,1,PCM_16,3.0,66150,132344,6bfe126a7e2785ae555b9af56c7cf56afd569677e7593aa3dc75695d087fbc27,0.3829890787601471,0.922149658203125,0.0002569916855631141,True,True,False,False,Found in isolated folder,KEEP_AFTER_RESAMPLING,False,
Harmonium,harmonium,242.wav,Harmonium\242.wav,.wav,WAV,22050,1,PCM_16,3.0,66150,132344,2b03099a7bac18d7ccc7715a38d4d025bf6d2a30f4171e9a9b72065cf8e12a6e,0.42857468128204346,0.92681884765625,0.0002872260015117158,True,True,False,False,Found in isolated folder,KEEP_AFTER_RESAMPLING,False,
Harmonium,harmonium,243.wav,Harmonium\243.wav,.wav,WAV,22050,1,PCM_16,3.0,66150,132344,08ff7bf0ac2ff01732eeb2ceaf0687f9c98c9a3625f8a04f59ab1139588d11f8,0.3841657340526581,0.927490234375,0.0002569916855631141,True,True,False,False,Found in isolated folder,KEEP_AFTER_RESAMPLING,False,
Harmonium,harmonium,244.wav,Harmonium\244.wav,.wav,WAV,22050,1,PCM_16,3.0,66150,132344,af8bbd08930f0b9c6854e3fa8f2f2da33bae8276280d50e92366237110f6f064,0.37801527976989746,0.9283447265625,0.00022675736961451248,True,True,False,False,Found in isolated folder,KEEP_AFTER_RESAMPLING,False,
Harmonium,harmonium,245.wav,Harmonium\245.wav,.wav,WAV,22050,1,PCM_16,3.0,66150,132344,52895fbc865d9fe723a291973c49fa69d32d8baa82725807a268d89b28733113,0.3816026449203491,0.92279052734375,0.0003779289493575208,True,True,False,False,Found in isolated folder,KEEP_AFTER_RESAMPLING,False,
Harmonium,harmonium,246.wav,Harmonium\246.wav,.wav,WAV,22050,1,PCM_16,3.0,66150,132344,00cd25440671d57b2771c92a5e35077636a8614ee54cc66e6188a2246b846089,0.42734307050704956,0.921905517578125,0.00012093726379440664,True,True,False,False,Found in isolated folder,KEEP_AFTER_RESAMPLING,False,
Harmonium,harmonium,247.wav,Harmonium\247.wav,.wav,WAV,22050,1,PCM_16,3.0,66150,132344,29e9d418b69db3125cbf4dc06953afa4a07ce92b0e883a05d1747ac7ba266b19,0.38711389899253845,0.92901611328125,0.0001511715797430083,True,True,False,False,Found in isolated folder,KEEP_AFTER_RESAMPLING,False,
Harmonium,harmonium,248.wav,Harmonium\248.wav,.wav,WAV,22050,1,PCM_16,3.0,66150,132344,e1d0056c6203eb70d60bb4d27d4dfb6ba2f3923c36e7311ca43841ee87e9fa64,0.3781105875968933,0.926483154296875,0.00022675736961451248,True,True,False,False,Found in isolated folder,KEEP_AFTER_RESAMPLING,False,
Harmonium,harmonium,249.wav,Harmonium\249.wav,.wav,WAV,22050,1,PCM_16,3.0,66150,132344,a1d31d3e4f4bfd9dc4771d65fadd46f445ba409010b7ceafe33da6b2885da5d5,0.37713462114334106,0.92303466796875,0.0002569916855631141,True,True,False,False,Found in isolated folder,KEEP_AFTER_RESAMPLING,False,
Harmonium,harmonium,25.wav,Harmonium\25.wav,.wav,WAV,22050,1,PCM_16,3.0,66150,132344,bbf22947ac29f6b2b71f2c3f24f226c0380ef9b4ba19fcb9a81095af1014c096,0.37706634402275085,0.926025390625,0.0002418745275888133,True,True,False,False,Found in isolated folder,KEEP_AFTER_RESAMPLING,False,
Harmonium,harmonium,250.wav,Harmonium\250.wav,.wav,WAV,22050,1,PCM_16,3.0,66150,132344,8ede64621a0ae3a36eec8bb2b4da015801fc22224264633d46f8a077036ab9ef,0.42962655425071716,0.92108154296875,0.00013605442176870748,True,True,False,False,Found in isolated folder,KEEP_AFTER_RESAMPLING,False,
Harmonium,harmonium,251.wav,Harmonium\251.wav,.wav,WAV,22050,1,PCM_16,3.0,66150,132344,c05e69d5913debe116ea7ffdcda1097aa138d12584b2c3fd3015a9fd03d10df8,0.38557735085487366,0.92462158203125,0.00021164021164021165,True,True,False,False,Found in isolated folder,KEEP_AFTER_RESAMPLING,False,
Harmonium,harmonium,252.wav,Harmonium\252.wav,.wav,WAV,22050,1,PCM_16,3.0,66150,132344,f8ce4426074ff84cf3edeb62ad8cc7488f2b3fb4d97216ef2ca5c8dc40b5667c,0.38309741020202637,0.9249267578125,0.00039304610733182163,True,True,False,False,Found in isolated folder,KEEP_AFTER_RESAMPLING,False,
Harmonium,harmonium,253.wav,Harmonium\253.wav,.wav,WAV,22050,1,PCM_16,3.0,66150,132344,e98abf502a6aa10170958189ae8509ae7af0a388c4c6748dfab6e33c63dd90be,0.37828391790390015,0.923187255859375,0.00027210884353741496,True,True,False,False,Found in isolated folder,KEEP_AFTER_RESAMPLING,False,
Harmonium,harmonium,254.wav,Harmonium\254.wav,.wav,WAV,22050,1,PCM_16,3.0,66150,132344,913e8d02f018936b0c06d46757eebc0af55968ca72f56cff2001ef06797638b3,0.4336686134338379,0.9244384765625,0.00016628873771730915,True,True,False,False,Found in isolated folder,KEEP_AFTER_RESAMPLING,False,
Harmonium,harmonium,255.wav,Harmonium\255.wav,.wav,WAV,22050,1,PCM_16,3.0,66150,132344,5d0adc406c7d4b17569095cd2fa6a934c2fa8a936955a55664e115bab9ec2b9a,0.38211503624916077,0.92523193359375,0.0002418745275888133,True,True,False,False,Found in isolated folder,KEEP_AFTER_RESAMPLING,False,
Harmonium,harmonium,256.wav,Harmonium\256.wav,.wav,WAV,22050,1,PCM_16,3.0,66150,132344,f73b5c1622158a6b8e045f44731f7b9edc3df80948c365ae4623afdbaeddf85e,0.38062089681625366,0.9227294921875,0.00031746031746031746,True,True,False,False,Found in isolated folder,KEEP_AFTER_RESAMPLING,False,
Harmonium,harmonium,257.wav,Harmonium\257.wav,.wav,WAV,22050,1,PCM_16,3.0,66150,132344,9b9ac08f44587d4f977a05c1c6a9a7aa2713f06416b038f8a27d56f52cfdaf5b,0.38308992981910706,0.930572509765625,0.00019652305366591082,True,True,False,False,Found in isolated folder,KEEP_AFTER_RESAMPLING,False,
Harmonium,harmonium,258.wav,Harmonium\258.wav,.wav,WAV,22050,1,PCM_16,3.0,66150,132344,e82d9fccc7a71c438834aa0b590117f27a412bfb988b920bc07357a2762a6f05,0.4287111163139343,0.928924560546875,0.0002418745275888133,True,True,False,False,Found in isolated folder,KEEP_AFTER_RESAMPLING,False,
Harmonium,harmonium,259.wav,Harmonium\259.wav,.wav,WAV,22050,1,PCM_16,3.0,66150,132344,ab8d34759b25a06fd847f5555e8653ac65025ee32e5a1a5c06ce7617c24ccffb,0.3840056359767914,0.93292236328125,0.00022675736961451248,True,True,False,False,Found in isolated folder,KEEP_AFTER_RESAMPLING,False,
Harmonium,harmonium,26.wav,Harmonium\26.wav,.wav,WAV,22050,1,PCM_16,3.0,66150,132344,77c00f779cd80b9f6f0c8ca28a3c17f3f33dfe21aa0c47d314162ace49b24c56,0.4295390248298645,0.93304443359375,0.0002872260015117158,True,True,False,False,Found in isolated folder,KEEP_AFTER_RESAMPLING,False,
Harmonium,harmonium,260.wav,Harmonium\260.wav,.wav,WAV,22050,1,PCM_16,3.0,66150,132344,aff27bb6cf453c0a7d7fa93d7e2288c457b25a145f143679240ea7be7ad5fa4c,0.3778007924556732,0.919403076171875,0.00027210884353741496,True,True,False,False,Found in isolated folder,KEEP_AFTER_RESAMPLING,False,
Harmonium,harmonium,261.wav,Harmonium\261.wav,.wav,WAV,22050,1,PCM_16,3.0,66150,132344,d4fe2f79e8e1454383a5c6031a029462960347ed9df5cdf489a0ee5f160ae189,0.38158679008483887,0.929107666015625,0.00022675736961451248,True,True,False,False,Found in isolated folder,KEEP_AFTER_RESAMPLING,False,
Harmonium,harmonium,262.wav,Harmonium\262.wav,.wav,WAV,22050,1,PCM_16,3.0,66150,132344,a7e605a040c5875df110d6a4fd2d3c23e3442717a1d220103aac744783cc5faa,0.42720866203308105,0.923065185546875,0.00021164021164021165,True,True,False,False,Found in isolated folder,KEEP_AFTER_RESAMPLING,False,
Harmonium,harmonium,263.wav,Harmonium\263.wav,.wav,WAV,22050,1,PCM_16,3.0,66150,132344,186e6c8323135abcdc68714cfe3aae6aac53e7774c1847b9bc423d640cee6e9a,0.3872681260108948,0.92437744140625,0.0002569916855631141,True,True,False,False,Found in isolated folder,KEEP_AFTER_RESAMPLING,False,
Harmonium,harmonium,264.wav,Harmonium\264.wav,.wav,WAV,22050,1,PCM_16,3.0,66150,132344,a1c02cb07b83db774bbc8c7f7917f651cf2b8be80dd2e377901b2541b880fc89,0.37801820039749146,0.9293212890625,0.00027210884353741496,True,True,False,False,Found in isolated folder,KEEP_AFTER_RESAMPLING,False,
Harmonium,harmonium,265.wav,Harmonium\265.wav,.wav,WAV,22050,1,PCM_16,3.0,66150,132344,460c927c8a5c02d77a5c2b56ebcdf76694439d64973221227e2e41820d93e4f5,0.3769489824771881,0.922943115234375,0.0002569916855631141,True,True,False,False,Found in isolated folder,KEEP_AFTER_RESAMPLING,False,
Harmonium,harmonium,266.wav,Harmonium\266.wav,.wav,WAV,22050,1,PCM_16,3.0,66150,132344,4ede3d5cfede221b8de148ad6656bb493b0da2cc91f30832d8834f13fdd056f4,0.42972028255462646,0.927703857421875,0.0002569916855631141,True,True,False,False,Found in isolated folder,KEEP_AFTER_RESAMPLING,False,
Harmonium,harmonium,267.wav,Harmonium\267.wav,.wav,WAV,22050,1,PCM_16,3.0,66150,132344,e9159cda22b9c1cc62bc003619415c5b0579d5282a3ef1b35510203cac386543,0.3855084776878357,0.922515869140625,0.00013605442176870748,True,True,False,False,Found in isolated folder,KEEP_AFTER_RESAMPLING,False,
Harmonium,harmonium,268.wav,Harmonium\268.wav,.wav,WAV,22050,1,PCM_16,3.0,66150,132344,aa72c6fb3129c7b47ec8dc1ba569bed7e3b0fa090fa50c3ddb3564ca58959fb5,0.3830270767211914,0.924102783203125,0.0002418745275888133,True,True,False,False,Found in isolated folder,KEEP_AFTER_RESAMPLING,False,
Harmonium,harmonium,269.wav,Harmonium\269.wav,.wav,WAV,22050,1,PCM_16,3.0,66150,132344,b9fce58fe3108fafb5542f44cdfa7313cfafcc5473fc112694b153bc76978ee8,0.3782607316970825,0.92340087890625,0.00031746031746031746,True,True,False,False,Found in isolated folder,KEEP_AFTER_RESAMPLING,False,
Harmonium,harmonium,27.wav,Harmonium\27.wav,.wav,WAV,22050,1,PCM_16,3.0,66150,132344,e6de1afd748187c90b323dcc94c92743ed7c9183b73b20d7eb3e36a37db6a9b0,0.38546597957611084,0.923370361328125,0.0001511715797430083,True,True,False,False,Found in isolated folder,KEEP_AFTER_RESAMPLING,False,
Harmonium,harmonium,270.wav,Harmonium\270.wav,.wav,WAV,22050,1,PCM_16,3.0,66150,132344,b34c059e2719c099c0b02c2887efc4f6f7193f7082eb0441a67851e6f82e2949,0.4336725175380707,0.93292236328125,0.00019652305366591082,True,True,False,False,Found in isolated folder,KEEP_AFTER_RESAMPLING,False,
Harmonium,harmonium,271.wav,Harmonium\271.wav,.wav,WAV,22050,1,PCM_16,3.0,66150,132344,ffde103e849b22407fc68b8801293cb5f443423d5f4cd7d5df1ba14bbdaa8aac,0.38205569982528687,0.921478271484375,0.00021164021164021165,True,True,False,False,Found in isolated folder,KEEP_AFTER_RESAMPLING,False,
Harmonium,harmonium,272.wav,Harmonium\272.wav,.wav,WAV,22050,1,PCM_16,3.0,66150,132344,b40fe6d76cc6ba78e4e74c117b7ead26df81f4f3d8022dc197c03070a6918088,0.3805105686187744,0.92327880859375,0.0002569916855631141,True,True,False,False,Found in isolated folder,KEEP_AFTER_RESAMPLING,False,
Harmonium,harmonium,273.wav,Harmonium\273.wav,.wav,WAV,22050,1,PCM_16,3.0,66150,132344,56b59aee45b61db9d9d674783ed9f9faf77345e22eabbb6d8eb77702556c5a54,0.3829944133758545,0.924896240234375,0.0002872260015117158,True,True,False,False,Found in isolated folder,KEEP_AFTER_RESAMPLING,False,
Harmonium,harmonium,274.wav,Harmonium\274.wav,.wav,WAV,22050,1,PCM_16,3.0,66150,132344,39601727406c345393071e35c3dd9d2db2dde343896862bef1c795a7cb7b46fe,0.42863231897354126,0.925079345703125,0.0002569916855631141,True,True,False,False,Found in isolated folder,KEEP_AFTER_RESAMPLING,False,
Harmonium,harmonium,275.wav,Harmonium\275.wav,.wav,WAV,22050,1,PCM_16,3.0,66150,132344,314a0ac95dcee150d0843565b7586d840178278d70eee804caa6fcb70af96eea,0.38412392139434814,0.93011474609375,0.00039304610733182163,True,True,False,False,Found in isolated folder,KEEP_AFTER_RESAMPLING,False,
Harmonium,harmonium,276.wav,Harmonium\276.wav,.wav,WAV,22050,1,PCM_16,3.0,66150,132344,aee3f13362389676c5b2cfd2ddd0befef81d5c1f2d6b7ecc3bb386de059fbf73,0.37772300839424133,0.927398681640625,0.0003023431594860166,True,True,False,False,Found in isolated folder,KEEP_AFTER_RESAMPLING,False,
Harmonium,harmonium,277.wav,Harmonium\277.wav,.wav,WAV,22050,1,PCM_16,3.0,66150,132344,bf00a1fd245fe94ef1d35cf584eaaff4648101354fd94b1387e01ea9732529d8,0.3816066086292267,0.930572509765625,0.0002872260015117158,True,True,False,False,Found in isolated folder,KEEP_AFTER_RESAMPLING,False,
Harmonium,harmonium,278.wav,Harmonium\278.wav,.wav,WAV,22050,1,PCM_16,3.0,66150,132344,04153341e0b8daaa08e9a94479dedbd8a57e8211d7caaae333bc4ef0ae72e971,0.42742446064949036,0.920379638671875,0.00021164021164021165,True,True,False,False,Found in isolated folder,KEEP_AFTER_RESAMPLING,False,
Harmonium,harmonium,279.wav,Harmonium\279.wav,.wav,WAV,22050,1,PCM_16,3.0,66150,132344,6b8789304b2dcecee705e760f4d76da0e56f6e6b974a8de1d1e08b231984e272,0.38731518387794495,0.92596435546875,0.00027210884353741496,True,True,False,False,Found in isolated folder,KEEP_AFTER_RESAMPLING,False,
Harmonium,harmonium,28.wav,Harmonium\28.wav,.wav,WAV,22050,1,PCM_16,3.0,66150,132344,442ae77be539611af58dfb117f29777d21129231fd616f8ec218196e8ac4c28c,0.3829818665981293,0.927398681640625,0.00022675736961451248,True,True,False,False,Found in isolated folder,KEEP_AFTER_RESAMPLING,False,
Harmonium,harmonium,280.wav,Harmonium\280.wav,.wav,WAV,22050,1,PCM_16,3.0,66150,132344,df2e262f634801eb411a832bef1ca737b9629c288c5e8fc435a6b8af4a738151,0.3782409429550171,0.921417236328125,0.0003023431594860166,True,True,False,False,Found in isolated folder,KEEP_AFTER_RESAMPLING,False,
Harmonium,harmonium,281.wav,Harmonium\281.wav,.wav,WAV,22050,1,PCM_16,3.0,66150,132344,41bd373a1374010204abac6b8d6bbea6695c207da04c7120838847ae7689f856,0.3770962059497833,0.928436279296875,0.00027210884353741496,True,True,False,False,Found in isolated folder,KEEP_AFTER_RESAMPLING,False,
Harmonium,harmonium,282.wav,Harmonium\282.wav,.wav,WAV,22050,1,PCM_16,3.0,66150,132344,e390234d2ecfe58e0ce411a2795c8a93393683acc625178981ec35459211b726,0.42954716086387634,0.925537109375,0.00016628873771730915,True,True,False,False,Found in isolated folder,KEEP_AFTER_RESAMPLING,False,
Harmonium,harmonium,283.wav,Harmonium\283.wav,.wav,WAV,22050,1,PCM_16,3.0,66150,132344,c2d7bf4e66f84f1c313ccaa075c23d46e2dc7c05f3d755874a583b2a907d066a,0.38546496629714966,0.922119140625,0.00018140589569160998,True,True,False,False,Found in isolated folder,KEEP_AFTER_RESAMPLING,False,
Harmonium,harmonium,284.wav,Harmonium\284.wav,.wav,WAV,22050,1,PCM_16,3.0,66150,132344,9bcf9be1e9cff15a157f97cf7b9e31ce905981a8cd1c5c5b246649ee4351eece,0.3829635679721832,0.9224853515625,0.00019652305366591082,True,True,False,False,Found in isolated folder,KEEP_AFTER_RESAMPLING,False,
Harmonium,harmonium,285.wav,Harmonium\285.wav,.wav,WAV,22050,1,PCM_16,3.0,66150,132344,9ec16db109b288b228fe06fc219e4750e85bc0cc5151439161d416ca292cbf7c,0.378327339887619,0.920654296875,0.0002872260015117158,True,True,False,False,Found in isolated folder,KEEP_AFTER_RESAMPLING,False,
Harmonium,harmonium,286.wav,Harmonium\286.wav,.wav,WAV,22050,1,PCM_16,3.0,66150,132344,5247f51de7425b887d1a49274cf626c2288fe4d35af4d53fee5d6f6a8d6990de,0.4337550401687622,0.9259033203125,0.0002872260015117158,True,True,False,False,Found in isolated folder,KEEP_AFTER_RESAMPLING,False,
Harmonium,harmonium,287.wav,Harmonium\287.wav,.wav,WAV,22050,1,PCM_16,3.0,66150,132344,36d357c9b2160b4dc73b76db5d502d3dc3caf20dba6ba401ea0a984552fed761,0.3821857273578644,0.92938232421875,0.00027210884353741496,True,True,False,False,Found in isolated folder,KEEP_AFTER_RESAMPLING,False,
Harmonium,harmonium,288.wav,Harmonium\288.wav,.wav,WAV,22050,1,PCM_16,3.0,66150,132344,8d5f491657df330dd5005deeb2e832950695da4ad57240a27ca235abdc7db1a3,0.3806067109107971,0.927734375,0.0002872260015117158,True,True,False,False,Found in isolated folder,KEEP_AFTER_RESAMPLING,False,
Harmonium,harmonium,289.wav,Harmonium\289.wav,.wav,WAV,22050,1,PCM_16,3.0,66150,132344,ba7a607ef6ce216e3d87e31f18d608b1e4039eab86bb252dd5a6bc49bfa91848,0.3830445408821106,0.923675537109375,0.00036281179138321996,True,True,False,False,Found in isolated folder,KEEP_AFTER_RESAMPLING,False,
Harmonium,harmonium,29.wav,Harmonium\29.wav,.wav,WAV,22050,1,PCM_16,3.0,66150,132344,4ab56cef366800f2d643391ec9a3363e56f84ad7387faea498cc057bf4fe4bf0,0.3783375024795532,0.92718505859375,0.0002418745275888133,True,True,False,False,Found in isolated folder,KEEP_AFTER_RESAMPLING,False,
Harmonium,harmonium,290.wav,Harmonium\290.wav,.wav,WAV,22050,1,PCM_16,3.0,66150,132344,f5ec65b2b3c7b079c93175a734da51031f58a32c0d5eec9704945e2f246a0efb,0.4286259710788727,0.925994873046875,0.0002872260015117158,True,True,False,False,Found in isolated folder,KEEP_AFTER_RESAMPLING,False,
Harmonium,harmonium,291.wav,Harmonium\291.wav,.wav,WAV,22050,1,PCM_16,3.0,66150,132344,54aba61c446aec820cd96f0ce2a22e97caa5f8ca549e1ca4daa863ed909e1781,0.38396164774894714,0.922271728515625,0.0002569916855631141,True,True,False,False,Found in isolated folder,KEEP_AFTER_RESAMPLING,False,
Harmonium,harmonium,292.wav,Harmonium\292.wav,.wav,WAV,22050,1,PCM_16,3.0,66150,132344,e4770337aadfe46339ab09639751dfe50d82d55dcaab4f295b3eacee302463f1,0.377834290266037,0.924346923828125,0.00019652305366591082,True,True,False,False,Found in isolated folder,KEEP_AFTER_RESAMPLING,False,
Harmonium,harmonium,293.wav,Harmonium\293.wav,.wav,WAV,22050,1,PCM_16,3.0,66150,132344,0333c48ed2a4d923f69620e071f7827277a6c9a694fd07f5d3af6da61144ae9f,0.38156741857528687,0.93060302734375,0.00034769463340891913,True,True,False,False,Found in isolated folder,KEEP_AFTER_RESAMPLING,False,
Harmonium,harmonium,294.wav,Harmonium\294.wav,.wav,WAV,22050,1,PCM_16,3.0,66150,132344,c6eddb77d3e48a507d036d7a073a1811d67a8c1078951b7668743258a97b2733,0.4272846281528473,0.9232177734375,0.0001511715797430083,True,True,False,False,Found in isolated folder,KEEP_AFTER_RESAMPLING,False,
Harmonium,harmonium,295.wav,Harmonium\295.wav,.wav,WAV,22050,1,PCM_16,3.0,66150,132344,cfa546e8444018173deb900db8fd509955870517356aa0a00a5d2b477d22e62a,0.3872250020503998,0.922698974609375,0.0002569916855631141,True,True,False,False,Found in isolated folder,KEEP_AFTER_RESAMPLING,False,
Harmonium,harmonium,296.wav,Harmonium\296.wav,.wav,WAV,22050,1,PCM_16,3.0,66150,132344,286ad7c295db18f1628391d6050af0503cd513105a0da381cb2f36ce164c2dde,0.3781484067440033,0.924468994140625,0.0002569916855631141,True,True,False,False,Found in isolated folder,KEEP_AFTER_RESAMPLING,False,
Harmonium,harmonium,297.wav,Harmonium\297.wav,.wav,WAV,22050,1,PCM_16,3.0,66150,132344,d9bc3d6a28cd9e70f59f8f6b1e004347e86fa6a6eb97db3147b64750b117d710,0.37702175974845886,0.934814453125,0.00045351473922902497,True,True,False,False,Found in isolated folder,KEEP_AFTER_RESAMPLING,False,
Harmonium,harmonium,298.wav,Harmonium\298.wav,.wav,WAV,22050,1,PCM_16,3.0,66150,132344,841e76c9f94cf8d5d4549e130f8ea0178923fffb8d7a0de651c0e105e66ead30,0.4295903742313385,0.929962158203125,0.00027210884353741496,True,True,False,False,Found in isolated folder,KEEP_AFTER_RESAMPLING,False,
Harmonium,harmonium,299.wav,Harmonium\299.wav,.wav,WAV,22050,1,PCM_16,3.0,66150,132344,d93685d49e8d9da5788a8994c295b794d9bc30921a7badbde800d3230a0379cc,0.3855169415473938,0.92242431640625,0.00027210884353741496,True,True,False,False,Found in isolated folder,KEEP_AFTER_RESAMPLING,False,
Harmonium,harmonium,3.wav,Harmonium\3.wav,.wav,WAV,22050,1,PCM_16,3.0,66150,132344,55a287b05f9cf058a3eb1a42909146e4f9050bbf2650c88048c9f429579aac21,0.37498199939727783,0.933746337890625,0.00022675736961451248,True,True,False,False,Found in isolated folder,KEEP_AFTER_RESAMPLING,False,
Harmonium,harmonium,30.wav,Harmonium\30.wav,.wav,WAV,22050,1,PCM_16,3.0,66150,132344,d3854642bffec11885932121ca519cf3be8d29b19548646de17f64a0264bcc1b,0.4336756765842438,0.926605224609375,0.00021164021164021165,True,True,False,False,Found in isolated folder,KEEP_AFTER_RESAMPLING,False,
Harmonium,harmonium,300.wav,Harmonium\300.wav,.wav,WAV,22050,1,PCM_16,3.0,66150,132344,fe0943e800187853183cabfb3f3bfa875d9a239527919c698f46d5f4dfc00c76,0.3829807639122009,0.9268798828125,0.00021164021164021165,True,True,False,False,Found in isolated folder,KEEP_AFTER_RESAMPLING,False,
Harmonium,harmonium,301.wav,Harmonium\301.wav,.wav,WAV,22050,1,PCM_16,3.0,66150,132344,0950ac3796c80d4adfad67faa608db2bbe0d7561e0f94715976dc6ddcffd064b,0.3783535361289978,0.939727783203125,0.0004232804232804233,True,True,False,False,Found in isolated folder,KEEP_AFTER_RESAMPLING,False,
Harmonium,harmonium,302.wav,Harmonium\302.wav,.wav,WAV,22050,1,PCM_16,3.0,66150,132344,48412ef4bb0486484e824f0262819debca6f58742d45079ca67894f2650643ff,0.43372830748558044,0.924224853515625,0.00019652305366591082,True,True,False,False,Found in isolated folder,KEEP_AFTER_RESAMPLING,False,
Harmonium,harmonium,303.wav,Harmonium\303.wav,.wav,WAV,22050,1,PCM_16,3.0,66150,132344,a4c56c7db38e1cf9e2a5dde01e5f182311c035d900a0c0bdbd4a757e59b0b181,0.38218507170677185,0.930419921875,0.0002569916855631141,True,True,False,False,Found in isolated folder,KEEP_AFTER_RESAMPLING,False,
Harmonium,harmonium,304.wav,Harmonium\304.wav,.wav,WAV,22050,1,PCM_16,3.0,66150,132344,0249fcff5f90d14155ee8a2861ed3b364a5bbc50fb9d06f8363a4f82175e0b3a,0.3805325925350189,0.922271728515625,0.00036281179138321996,True,True,False,False,Found in isolated folder,KEEP_AFTER_RESAMPLING,False,
Harmonium,harmonium,305.wav,Harmonium\305.wav,.wav,WAV,22050,1,PCM_16,3.0,66150,132344,6641f9a780e7a39ae2ffce8566dfad477aa32c5cb306058d28735ef679d6e06a,0.3831007778644562,0.928009033203125,9.070294784580499e-05,True,True,False,False,Found in isolated folder,KEEP_AFTER_RESAMPLING,False,
Harmonium,harmonium,306.wav,Harmonium\306.wav,.wav,WAV,22050,1,PCM_16,3.0,66150,132344,395c69b3ae0bbb9b333fa4b32ad87f8d5fea574230dfd13181798fc41cc2a6f1,0.42864441871643066,0.930816650390625,0.00021164021164021165,True,True,False,False,Found in isolated folder,KEEP_AFTER_RESAMPLING,False,
Harmonium,harmonium,307.wav,Harmonium\307.wav,.wav,WAV,22050,1,PCM_16,3.0,66150,132344,1a54e47a4eb8bd6e4301c93b65c97b08f1f5744008f24531eae70665db700421,0.38407331705093384,0.92486572265625,0.00043839758125472413,True,True,False,False,Found in isolated folder,KEEP_AFTER_RESAMPLING,False,
Harmonium,harmonium,308.wav,Harmonium\308.wav,.wav,WAV,22050,1,PCM_16,3.0,66150,132344,90fdede47a801c9cd31c389bc0452fd04e06a67a49bd33ba60976c7a9c85141b,0.37791115045547485,0.922027587890625,0.0003023431594860166,True,True,False,False,Found in isolated folder,KEEP_AFTER_RESAMPLING,False,
Harmonium,harmonium,309.wav,Harmonium\309.wav,.wav,WAV,22050,1,PCM_16,3.0,66150,132344,5882a13459a32bdb119ee2c3d7b5981c6099082a8f624118856dd0e492442745,0.38170841336250305,0.9271240234375,0.00022675736961451248,True,True,False,False,Found in isolated folder,KEEP_AFTER_RESAMPLING,False,
Harmonium,harmonium,31.wav,Harmonium\31.wav,.wav,WAV,22050,1,PCM_16,3.0,66150,132344,9ad40cceb804b0cdd623bcc8a7eaadddc93e32c258a03855514082a16d79fb53,0.3822099566459656,0.92938232421875,0.00016628873771730915,True,True,False,False,Found in isolated folder,KEEP_AFTER_RESAMPLING,False,
Harmonium,harmonium,310.wav,Harmonium\310.wav,.wav,WAV,22050,1,PCM_16,3.0,66150,132344,8eb2b72d0da3bc333257ac7539c5e0117f1a1330ea312c49d549f278af8fc52a,0.42729631066322327,0.9251708984375,0.00018140589569160998,True,True,False,False,Found in isolated folder,KEEP_AFTER_RESAMPLING,False,
Harmonium,harmonium,311.wav,Harmonium\311.wav,.wav,WAV,22050,1,PCM_16,3.0,66150,132344,311c2928e27dc3b3e6058e96586ede22f430ea87e67628258b4e7c1972824d64,0.38734665513038635,0.9239501953125,0.00016628873771730915,True,True,False,False,Found in isolated folder,KEEP_AFTER_RESAMPLING,False,
Harmonium,harmonium,312.wav,Harmonium\312.wav,.wav,WAV,22050,1,PCM_16,3.0,66150,132344,ef7bf9109f8654201d723cd06fb2c000320e152c97a5814a62510459e3ffac9d,0.37802594900131226,0.92919921875,0.0002418745275888133,True,True,False,False,Found in isolated folder,KEEP_AFTER_RESAMPLING,False,
Harmonium,harmonium,313.wav,Harmonium\313.wav,.wav,WAV,22050,1,PCM_16,3.0,66150,132344,78a5aab98ab08dbec82a6f9c2d6bf738d7d7d8bd59f6787b6771420422a3f911,0.3770734667778015,0.9259033203125,0.00019652305366591082,True,True,False,False,Found in isolated folder,KEEP_AFTER_RESAMPLING,False,
Harmonium,harmonium,314.wav,Harmonium\314.wav,.wav,WAV,22050,1,PCM_16,3.0,66150,132344,a32a159679ce6957b53e0a29a342b4752701ebe0dfa9577af7127fa05ada8b1a,0.42962905764579773,0.921600341796875,0.00016628873771730915,True,True,False,False,Found in isolated folder,KEEP_AFTER_RESAMPLING,False,
Harmonium,harmonium,315.wav,Harmonium\315.wav,.wav,WAV,22050,1,PCM_16,3.0,66150,132344,0024f1163f6ab804107e64000c9d1792ca598a3cb8c5d098ebd10a6873aa60d6,0.3854336738586426,0.9244384765625,0.0003779289493575208,True,True,False,False,Found in isolated folder,KEEP_AFTER_RESAMPLING,False,
Harmonium,harmonium,316.wav,Harmonium\316.wav,.wav,WAV,22050,1,PCM_16,3.0,66150,132344,b4d2d8e559f4b8addfa545595486a3750720250c3c6c6423d8780b00df09b0b7,0.3829670250415802,0.922027587890625,0.00022675736961451248,True,True,False,False,Found in isolated folder,KEEP_AFTER_RESAMPLING,False,
Harmonium,harmonium,317.wav,Harmonium\317.wav,.wav,WAV,22050,1,PCM_16,3.0,66150,132344,8dcfc410f1fc912ff1f4827ea24f3d74da659fea8a563f5ce571c339ddd5c5e1,0.37839245796203613,0.935791015625,0.00036281179138321996,True,True,False,False,Found in isolated folder,KEEP_AFTER_RESAMPLING,False,
Harmonium,harmonium,318.wav,Harmonium\318.wav,.wav,WAV,22050,1,PCM_16,3.0,66150,132344,ad934bf1f807adcdb1e12bd25d051adf4efb657a44eb70629a9a97d4d024e29d,0.43376976251602173,0.924102783203125,0.00018140589569160998,True,True,False,False,Found in isolated folder,KEEP_AFTER_RESAMPLING,False,
Harmonium,harmonium,319.wav,Harmonium\319.wav,.wav,WAV,22050,1,PCM_16,3.0,66150,132344,9317f20202ec0fbda96c5cdf62f51a681a76d09d922de02fd2e7435e3df74bce,0.38217607140541077,0.930084228515625,0.00027210884353741496,True,True,False,False,Found in isolated folder,KEEP_AFTER_RESAMPLING,False,
Harmonium,harmonium,32.wav,Harmonium\32.wav,.wav,WAV,22050,1,PCM_16,3.0,66150,132344,9e80b1635eda92d60b735444cef761e5eb5d9afe7c54d19fdaeb40f04e2fe8f1,0.38073521852493286,0.92913818359375,0.0003023431594860166,True,True,False,False,Found in isolated folder,KEEP_AFTER_RESAMPLING,False,
Harmonium,harmonium,320.wav,Harmonium\320.wav,.wav,WAV,22050,1,PCM_16,3.0,66150,132344,e91c136298f24fd1cf044ff0053eee38e88bd3e2e2c50939c54a36837f6d514d,0.3805062770843506,0.921600341796875,0.0003325774754346183,True,True,False,False,Found in isolated folder,KEEP_AFTER_RESAMPLING,False,
Harmonium,harmonium,321.wav,Harmonium\321.wav,.wav,WAV,22050,1,PCM_16,3.0,66150,132344,13be47160517d47fad84325eb74194c208ceac97ecb2d60a9ce7894a4cbcfc0f,0.38305699825286865,0.923858642578125,0.00027210884353741496,True,True,False,False,Found in isolated folder,KEEP_AFTER_RESAMPLING,False,
Harmonium,harmonium,322.wav,Harmonium\322.wav,.wav,WAV,22050,1,PCM_16,3.0,66150,132344,20665b1947953e9ffc9e4a971da7ee06aa6a90755b97f4021ee7c45dd5fdea6f,0.4286242127418518,0.92529296875,0.00019652305366591082,True,True,False,False,Found in isolated folder,KEEP_AFTER_RESAMPLING,False,
Harmonium,harmonium,323.wav,Harmonium\323.wav,.wav,WAV,22050,1,PCM_16,3.0,66150,132344,1fffdb7c01a53398554c8348142c4d9277b0c807bebdc944de23fcd0dd75fc4f,0.3839750289916992,0.93536376953125,0.00031746031746031746,True,True,False,False,Found in isolated folder,KEEP_AFTER_RESAMPLING,False,
Harmonium,harmonium,324.wav,Harmonium\324.wav,.wav,WAV,22050,1,PCM_16,3.0,66150,132344,06a027fe3b3f6f40bf4e49f0bb48a0cbd285b3ceb1e2a5cf117f5d5b17ff352c,0.37779006361961365,0.92230224609375,0.00019652305366591082,True,True,False,False,Found in isolated folder,KEEP_AFTER_RESAMPLING,False,
Harmonium,harmonium,325.wav,Harmonium\325.wav,.wav,WAV,22050,1,PCM_16,3.0,66150,132344,7a5d18870ba5124e6dd5111fc3abcea718b21fdbccecd63edb79f7d8312bd102,0.38166511058807373,0.932037353515625,0.0003779289493575208,True,True,False,False,Found in isolated folder,KEEP_AFTER_RESAMPLING,False,
Harmonium,harmonium,326.wav,Harmonium\326.wav,.wav,WAV,22050,1,PCM_16,3.0,66150,132344,c0ef5ba9f59a1cf28430973e17ce2402ad89c84360440888effa9a9e885974aa,0.42729026079177856,0.92474365234375,0.00018140589569160998,True,True,False,False,Found in isolated folder,KEEP_AFTER_RESAMPLING,False,
Harmonium,harmonium,327.wav,Harmonium\327.wav,.wav,WAV,22050,1,PCM_16,3.0,66150,132344,53e350d2d5508cda5263ab7afbbeb0d275e170f422bc7e70901f146381e3c630,0.3873617947101593,0.926849365234375,0.00016628873771730915,True,True,False,False,Found in isolated folder,KEEP_AFTER_RESAMPLING,False,
Harmonium,harmonium,328.wav,Harmonium\328.wav,.wav,WAV,22050,1,PCM_16,3.0,66150,132344,7be8158c0f792e979472ee7349637bddd52667bade6f05cb98736e29b31721d3,0.37819525599479675,0.920623779296875,0.0002418745275888133,True,True,False,False,Found in isolated folder,KEEP_AFTER_RESAMPLING,False,
Harmonium,harmonium,329.wav,Harmonium\329.wav,.wav,WAV,22050,1,PCM_16,3.0,66150,132344,3c3bcffe05c5d4b514fc2a425f918316c14e67596cefa65c476c6463296fccb6,0.37716346979141235,0.931121826171875,0.00027210884353741496,True,True,False,False,Found in isolated folder,KEEP_AFTER_RESAMPLING,False,
Harmonium,harmonium,33.wav,Harmonium\33.wav,.wav,WAV,22050,1,PCM_16,3.0,66150,132344,1af40d1f7f65df5ec1249c5ae8565f4745e736553f0e0e30d3ed230285034728,0.3830265998840332,0.92535400390625,0.00027210884353741496,True,True,False,False,Found in isolated folder,KEEP_AFTER_RESAMPLING,False,
Harmonium,harmonium,330.wav,Harmonium\330.wav,.wav,WAV,22050,1,PCM_16,3.0,66150,132344,5fa67e12c2f31a11012add9fd40040a82db0dd87b553829623e55bc5854a3ce1,0.4297132194042206,0.927398681640625,0.00019652305366591082,True,True,False,False,Found in isolated folder,KEEP_AFTER_RESAMPLING,False,
Harmonium,harmonium,331.wav,Harmonium\331.wav,.wav,WAV,22050,1,PCM_16,3.0,66150,132344,8c2ac8cd54d039d8be255317e0dd364d0a89c4ce4c16d125d2f4ce9af6844acd,0.3854531943798065,0.925628662109375,0.0002418745275888133,True,True,False,False,Found in isolated folder,KEEP_AFTER_RESAMPLING,False,
Harmonium,harmonium,332.wav,Harmonium\332.wav,.wav,WAV,22050,1,PCM_16,3.0,66150,132344,adccbda61240c36a60974df6fc3c9673d6217525e9db5f40a2ba5e207d4a1ccb,0.38303646445274353,0.923919677734375,0.00031746031746031746,True,True,False,False,Found in isolated folder,KEEP_AFTER_RESAMPLING,False,
Harmonium,harmonium,333.wav,Harmonium\333.wav,.wav,WAV,22050,1,PCM_16,3.0,66150,132344,6bd832cb104f89675a0117ae59dd90562d504821a2af2ec839ddca9883d84368,0.3782210946083069,0.92431640625,0.00021164021164021165,True,True,False,False,Found in isolated folder,KEEP_AFTER_RESAMPLING,False,
Harmonium,harmonium,334.wav,Harmonium\334.wav,.wav,WAV,22050,1,PCM_16,3.0,66150,132344,e86bc2453f0245a578c4e6897bde0dde47e0c23f94ecc85b6e3fa46143d17a4c,0.4337390661239624,0.9215087890625,0.00019652305366591082,True,True,False,False,Found in isolated folder,KEEP_AFTER_RESAMPLING,False,
Harmonium,harmonium,335.wav,Harmonium\335.wav,.wav,WAV,22050,1,PCM_16,3.0,66150,132344,9a030fbe465a865e5083de498e1e11495c8624481001141c8c9786bbef7ceaeb,0.3820882737636566,0.927764892578125,0.00027210884353741496,True,True,False,False,Found in isolated folder,KEEP_AFTER_RESAMPLING,False,
Harmonium,harmonium,336.wav,Harmonium\336.wav,.wav,WAV,22050,1,PCM_16,3.0,66150,132344,e4be0ca982cf59bb7ecfb99c74c955af0a471725c3b62a88dab6dae44ca46b97,0.38065478205680847,0.92437744140625,0.00034769463340891913,True,True,False,False,Found in isolated folder,KEEP_AFTER_RESAMPLING,False,
Harmonium,harmonium,337.wav,Harmonium\337.wav,.wav,WAV,22050,1,PCM_16,3.0,66150,132344,9772f05ba5afc97f51e90127c2620bd050791dd19ae13ecbe29819f379b43c3a,0.3829314112663269,0.925140380859375,0.0002872260015117158,True,True,False,False,Found in isolated folder,KEEP_AFTER_RESAMPLING,False,
Harmonium,harmonium,338.wav,Harmonium\338.wav,.wav,WAV,22050,1,PCM_16,3.0,66150,132344,142189039c5cf215d27b716e7b9151b0d7464edcbe61415a09a613a100089665,0.42856618762016296,0.9234619140625,0.00021164021164021165,True,True,False,False,Found in isolated folder,KEEP_AFTER_RESAMPLING,False,
Harmonium,harmonium,339.wav,Harmonium\339.wav,.wav,WAV,22050,1,PCM_16,3.0,66150,132344,ea1e605871a3470b83b4a38e92a9ca0018e6824af7e8e04bce2cb7fe1317f5dd,0.3841143250465393,0.924957275390625,0.00027210884353741496,True,True,False,False,Found in isolated folder,KEEP_AFTER_RESAMPLING,False,
Harmonium,harmonium,34.wav,Harmonium\34.wav,.wav,WAV,22050,1,PCM_16,3.0,66150,132344,7800ef3ae38a3970d660a745aeaa45ba8e98288ce6e45673a23392b2f8858f31,0.4286789894104004,0.921142578125,0.0003325774754346183,True,True,False,False,Found in isolated folder,KEEP_AFTER_RESAMPLING,False,
Harmonium,harmonium,340.wav,Harmonium\340.wav,.wav,WAV,22050,1,PCM_16,3.0,66150,132344,815542fe09f2d199e2de0e5d97257e1dd1d05478cf87404f3e61b22f0427751a,0.37798845767974854,0.92962646484375,0.0002569916855631141,True,True,False,False,Found in isolated folder,KEEP_AFTER_RESAMPLING,False,
Harmonium,harmonium,341.wav,Harmonium\341.wav,.wav,WAV,22050,1,PCM_16,3.0,66150,132344,7b7247a0fbb7637c0675bbd61652543963dbb718346e554aa561e77e868dd5ed,0.38173481822013855,0.927886962890625,0.00022675736961451248,True,True,False,False,Found in isolated folder,KEEP_AFTER_RESAMPLING,False,
Harmonium,harmonium,342.wav,Harmonium\342.wav,.wav,WAV,22050,1,PCM_16,3.0,66150,132344,64fb0e0ec57abc0fab6b87cf2a25addf738652dcf13f0cd4bc7dfa2ac4e78436,0.427203893661499,0.919342041015625,0.00018140589569160998,True,True,False,False,Found in isolated folder,KEEP_AFTER_RESAMPLING,False,
Harmonium,harmonium,343.wav,Harmonium\343.wav,.wav,WAV,22050,1,PCM_16,3.0,66150,132344,414f52181b89e377134139eb03a54041b747ffbcab61ec49d65f71a15632ab1c,0.38734525442123413,0.92437744140625,0.0002418745275888133,True,True,False,False,Found in isolated folder,KEEP_AFTER_RESAMPLING,False,
Harmonium,harmonium,344.wav,Harmonium\344.wav,.wav,WAV,22050,1,PCM_16,3.0,66150,132344,29058a058c824c462dc2e18b88989ec34ef992a8e633f10207241cf3096b57bc,0.3780736029148102,0.925323486328125,0.00027210884353741496,True,True,False,False,Found in isolated folder,KEEP_AFTER_RESAMPLING,False,
Harmonium,harmonium,345.wav,Harmonium\345.wav,.wav,WAV,22050,1,PCM_16,3.0,66150,132344,8c524ff56d7b683be331a89c96a8d7f865dcc29d2e03e9bb9569259e69362602,0.3770785927772522,0.926422119140625,0.0003325774754346183,True,True,False,False,Found in isolated folder,KEEP_AFTER_RESAMPLING,False,
Harmonium,harmonium,346.wav,Harmonium\346.wav,.wav,WAV,22050,1,PCM_16,3.0,66150,132344,f1223b8d926e0dba5d657ff897ef0868707a9c39f19aba38e9e905349bdd57e0,0.4296489953994751,0.928955078125,0.0002569916855631141,True,True,False,False,Found in isolated folder,KEEP_AFTER_RESAMPLING,False,
Harmonium,harmonium,347.wav,Harmonium\347.wav,.wav,WAV,22050,1,PCM_16,3.0,66150,132344,013229a943efc843e0a16f1b4d24db189f98dc92d3f549ff30ce26ea6887cef5,0.38543272018432617,0.921173095703125,0.0003023431594860166,True,True,False,False,Found in isolated folder,KEEP_AFTER_RESAMPLING,False,
Harmonium,harmonium,348.wav,Harmonium\348.wav,.wav,WAV,22050,1,PCM_16,3.0,66150,132344,95ebd12df8279562c0283f9c7f0387f1c4f73ff20b7c9801ee31cd1c9091d8e8,0.38306018710136414,0.923492431640625,0.00022675736961451248,True,True,False,False,Found in isolated folder,KEEP_AFTER_RESAMPLING,False,
Harmonium,harmonium,349.wav,Harmonium\349.wav,.wav,WAV,22050,1,PCM_16,3.0,66150,132344,0c9397246eb74e588a338227822325f24afd5cbf8d4a1f72c580b85e17d3c7b1,0.3783513307571411,0.92413330078125,0.0003325774754346183,True,True,False,False,Found in isolated folder,KEEP_AFTER_RESAMPLING,False,
Harmonium,harmonium,35.wav,Harmonium\35.wav,.wav,WAV,22050,1,PCM_16,3.0,66150,132344,0d1545b7093f9c01b74fa66aae4bd9f20e3dfe04c4374f168cabd5694e372cf8,0.38406652212142944,0.924407958984375,0.00036281179138321996,True,True,False,False,Found in isolated folder,KEEP_AFTER_RESAMPLING,False,
Harmonium,harmonium,350.wav,Harmonium\350.wav,.wav,WAV,22050,1,PCM_16,3.0,66150,132344,803b7c6b3b9928dd2aa9d872dc8a77c40d096570dba331156f5a29d5c14607ac,0.43388664722442627,0.927886962890625,0.0002418745275888133,True,True,False,False,Found in isolated folder,KEEP_AFTER_RESAMPLING,False,
Harmonium,harmonium,351.wav,Harmonium\351.wav,.wav,WAV,22050,1,PCM_16,3.0,66150,132344,e98036e341f3ca4655ffbd3ed8acf7223a1a3885e4d051b19008fb9abe040076,0.38209033012390137,0.92333984375,0.0001511715797430083,True,True,False,False,Found in isolated folder,KEEP_AFTER_RESAMPLING,False,
Harmonium,harmonium,352.wav,Harmonium\352.wav,.wav,WAV,22050,1,PCM_16,3.0,66150,132344,4cbdf4d6fa5f1647d03a743b6bd14e600768e279bb4d42e708ec2be80f056376,0.3804839551448822,0.9208984375,0.0003325774754346183,True,True,False,False,Found in isolated folder,KEEP_AFTER_RESAMPLING,False,
Harmonium,harmonium,353.wav,Harmonium\353.wav,.wav,WAV,22050,1,PCM_16,3.0,66150,132344,0e5372c46ddb4c88f6cbc7e7fd5b9991698c18be4f02906afbec4f4d72efc670,0.38301587104797363,0.93017578125,0.00022675736961451248,True,True,False,False,Found in isolated folder,KEEP_AFTER_RESAMPLING,False,
Harmonium,harmonium,354.wav,Harmonium\354.wav,.wav,WAV,22050,1,PCM_16,3.0,66150,132344,ba5ac02b50b315b2a990dc66f2b5dacf44c85d10270c6342e2ac32710f99bbfe,0.4286792576313019,0.925140380859375,0.00027210884353741496,True,True,False,False,Found in isolated folder,KEEP_AFTER_RESAMPLING,False,
Harmonium,harmonium,355.wav,Harmonium\355.wav,.wav,WAV,22050,1,PCM_16,3.0,66150,132344,df01a1bfe66fdf8232d9751b443ad9cc0aafdb9bda7dc64808b4e713427fc1dc,0.3840031921863556,0.92169189453125,0.00027210884353741496,True,True,False,False,Found in isolated folder,KEEP_AFTER_RESAMPLING,False,
Harmonium,harmonium,356.wav,Harmonium\356.wav,.wav,WAV,22050,1,PCM_16,3.0,66150,132344,8da2aade891e0c1520d7a4648978c962f54cf1baf537340948627569b19be62b,0.3778756558895111,0.924652099609375,0.00027210884353741496,True,True,False,False,Found in isolated folder,KEEP_AFTER_RESAMPLING,False,
Harmonium,harmonium,357.wav,Harmonium\357.wav,.wav,WAV,22050,1,PCM_16,3.0,66150,132344,658b1cdc3d50ed6d6a386b9b4cad311b43b463282b8aca65efd43579786d0cfc,0.3817245364189148,0.923583984375,0.00034769463340891913,True,True,False,False,Found in isolated folder,KEEP_AFTER_RESAMPLING,False,
Harmonium,harmonium,358.wav,Harmonium\358.wav,.wav,WAV,22050,1,PCM_16,3.0,66150,132344,d4eb4e3f35af79d021a661c1aae4cb6c49370cf5ebb45a29bcc4f78c616f63a7,0.4272957444190979,0.9246826171875,0.00012093726379440664,True,True,False,False,Found in isolated folder,KEEP_AFTER_RESAMPLING,False,
Harmonium,harmonium,359.wav,Harmonium\359.wav,.wav,WAV,22050,1,PCM_16,3.0,66150,132344,e2864a97543970583f3e9110ea1b41d79f6be7bb4c121463323f1ecae64319d3,0.38731682300567627,0.9266357421875,0.00043839758125472413,True,True,False,False,Found in isolated folder,KEEP_AFTER_RESAMPLING,False,
Harmonium,harmonium,36.wav,Harmonium\36.wav,.wav,WAV,22050,1,PCM_16,3.0,66150,132344,285014bbd5ce5ac3951772a2b42fb3788fe5d42d0678495c8460dff3234bf44b,0.37773746252059937,0.925628662109375,0.0003023431594860166,True,True,False,False,Found in isolated folder,KEEP_AFTER_RESAMPLING,False,
Harmonium,harmonium,360.wav,Harmonium\360.wav,.wav,WAV,22050,1,PCM_16,3.0,66150,132344,05101f687402b53bdbce24afb0d4d5ccce2ec64b3ba57daa6be60883176182df,0.37813010811805725,0.926422119140625,0.00034769463340891913,True,True,False,False,Found in isolated folder,KEEP_AFTER_RESAMPLING,False,
Harmonium,harmonium,361.wav,Harmonium\361.wav,.wav,WAV,22050,1,PCM_16,3.0,66150,132344,097694029c7218398b604fab0843a8cdffbf8e0b0d2f870f3c76afb7abc80afe,0.3769916594028473,0.924530029296875,0.0002872260015117158,True,True,False,False,Found in isolated folder,KEEP_AFTER_RESAMPLING,False,
Harmonium,harmonium,362.wav,Harmonium\362.wav,.wav,WAV,22050,1,PCM_16,3.0,66150,132344,695e887a18962dda3ad570e0b531130c6c753caf18d2d91dce18fe5c7f81a4e3,0.42963117361068726,0.92291259765625,0.0003023431594860166,True,True,False,False,Found in isolated folder,KEEP_AFTER_RESAMPLING,False,
Harmonium,harmonium,363.wav,Harmonium\363.wav,.wav,WAV,22050,1,PCM_16,3.0,66150,132344,ef8de2a0c1216f1a2694675655ca78a1e1993a79c0ded7abee93c6a929111050,0.3855638802051544,0.92205810546875,0.0002569916855631141,True,True,False,False,Found in isolated folder,KEEP_AFTER_RESAMPLING,False,
Harmonium,harmonium,364.wav,Harmonium\364.wav,.wav,WAV,22050,1,PCM_16,3.0,66150,132344,f1ae344bfb8a2fc6a52c9803a5a85256d3db3a4c0d8e863c366f2609694ed797,0.383092999458313,0.92633056640625,0.0003023431594860166,True,True,False,False,Found in isolated folder,KEEP_AFTER_RESAMPLING,False,
Harmonium,harmonium,365.wav,Harmonium\365.wav,.wav,WAV,22050,1,PCM_16,3.0,66150,132344,9b9f4b502d043d8b6b4f9b9af70045160a9a49b6d1a8d0dfc3d60307a295cd5c,0.37822332978248596,0.92218017578125,0.0003023431594860166,True,True,False,False,Found in isolated folder,KEEP_AFTER_RESAMPLING,False,
Harmonium,harmonium,366.wav,Harmonium\366.wav,.wav,WAV,22050,1,PCM_16,3.0,66150,132344,efe3e59c916325c7411949cba5ad836a187c3e63ade433a713c8da182902a45c,0.43376830220222473,0.925018310546875,0.00012093726379440664,True,True,False,False,Found in isolated folder,KEEP_AFTER_RESAMPLING,False,
Harmonium,harmonium,367.wav,Harmonium\367.wav,.wav,WAV,22050,1,PCM_16,3.0,66150,132344,2f7d7411bb00132b4c49d4b289b9396d9afd67bfb8b53019e32aaa173c93ad95,0.3821393847465515,0.920135498046875,0.00019652305366591082,True,True,False,False,Found in isolated folder,KEEP_AFTER_RESAMPLING,False,
Harmonium,harmonium,368.wav,Harmonium\368.wav,.wav,WAV,22050,1,PCM_16,3.0,66150,132344,aec4b795e43b832ac6a83d142e4c9e489756fa182b6c2d85a32601f0d91c98fa,0.3806615173816681,0.9251708984375,0.00031746031746031746,True,True,False,False,Found in isolated folder,KEEP_AFTER_RESAMPLING,False,
Harmonium,harmonium,369.wav,Harmonium\369.wav,.wav,WAV,22050,1,PCM_16,3.0,66150,132344,7653e56a9b51a5e8634a617ee12c9e684223150d16765bd6ea473b5aac3e931f,0.3830346167087555,0.92376708984375,0.00036281179138321996,True,True,False,False,Found in isolated folder,KEEP_AFTER_RESAMPLING,False,
Harmonium,harmonium,37.wav,Harmonium\37.wav,.wav,WAV,22050,1,PCM_16,3.0,66150,132344,813451d3d2767853e42d5223b2f0d3ba8ef4b1801436cd0231649d5c7b2ce128,0.3815572261810303,0.927032470703125,0.00031746031746031746,True,True,False,False,Found in isolated folder,KEEP_AFTER_RESAMPLING,False,
Harmonium,harmonium,370.wav,Harmonium\370.wav,.wav,WAV,22050,1,PCM_16,3.0,66150,132344,a76a65740f1491058e60320f51600686e9ed8ac853f1969b1433d310c7bbca3d,0.4284798800945282,0.9239501953125,0.00021164021164021165,True,True,False,False,Found in isolated folder,KEEP_AFTER_RESAMPLING,False,
Harmonium,harmonium,371.wav,Harmonium\371.wav,.wav,WAV,22050,1,PCM_16,3.0,66150,132344,d69d74d2de6d9d782bff6be1c2727db907792843774aedb6fe8b0a458ac44554,0.3839372992515564,0.924896240234375,0.0002569916855631141,True,True,False,False,Found in isolated folder,KEEP_AFTER_RESAMPLING,False,
Harmonium,harmonium,372.wav,Harmonium\372.wav,.wav,WAV,22050,1,PCM_16,3.0,66150,132344,f28cc91857a4b6a15888e474da76a6a3a52d8fbd9d097ef8a6909d4f7be9a0df,0.37791183590888977,0.924560546875,0.00022675736961451248,True,True,False,False,Found in isolated folder,KEEP_AFTER_RESAMPLING,False,
Harmonium,harmonium,373.wav,Harmonium\373.wav,.wav,WAV,22050,1,PCM_16,3.0,66150,132344,a78ae8979e8c91987e6e84cff003156e16f23a2609b67ea97cb2d2dd719cf51f,0.3815951645374298,0.930145263671875,0.00016628873771730915,True,True,False,False,Found in isolated folder,KEEP_AFTER_RESAMPLING,False,
Harmonium,harmonium,374.wav,Harmonium\374.wav,.wav,WAV,22050,1,PCM_16,3.0,66150,132344,899168d8291571f0d6d010bdb0382dc6261dd3317b9ad75c1106509afbba0bda,0.42727580666542053,0.92364501953125,0.00021164021164021165,True,True,False,False,Found in isolated folder,KEEP_AFTER_RESAMPLING,False,
Harmonium,harmonium,375.wav,Harmonium\375.wav,.wav,WAV,22050,1,PCM_16,3.0,66150,132344,e1bde990c6a9ddf39aa2915cef2933847d30066f3cfa04d461b9e05501da8bbd,0.3872855007648468,0.923095703125,0.0002569916855631141,True,True,False,False,Found in isolated folder,KEEP_AFTER_RESAMPLING,False,
Harmonium,harmonium,376.wav,Harmonium\376.wav,.wav,WAV,22050,1,PCM_16,3.0,66150,132344,0c19e10fe969c43fcc748e7c3cbcf2bd95307a99d86e0877de6642e08be02af8,0.37801697850227356,0.92138671875,0.0003325774754346183,True,True,False,False,Found in isolated folder,KEEP_AFTER_RESAMPLING,False,
Harmonium,harmonium,377.wav,Harmonium\377.wav,.wav,WAV,22050,1,PCM_16,3.0,66150,132344,1868f66ae77ada7307982b7a2e0e1c42acd313327278e5f50d6482fa4fe7b439,0.377053827047348,0.9271240234375,0.00039304610733182163,True,True,False,False,Found in isolated folder,KEEP_AFTER_RESAMPLING,False,
Harmonium,harmonium,378.wav,Harmonium\378.wav,.wav,WAV,22050,1,PCM_16,3.0,66150,132344,90bb92609e3ea7c09a849a680a1fc3bf78bad253b6865196c740ad2cffdc879e,0.4295921325683594,0.922943115234375,0.00012093726379440664,True,True,False,False,Found in isolated folder,KEEP_AFTER_RESAMPLING,False,
Harmonium,harmonium,379.wav,Harmonium\379.wav,.wav,WAV,22050,1,PCM_16,3.0,66150,132344,177bd403f5dde6d10bcb8f880d7de285161a63f92d1dcaca27aad18d82779ce6,0.3853127658367157,0.92340087890625,0.00018140589569160998,True,True,False,False,Found in isolated folder,KEEP_AFTER_RESAMPLING,False,
Harmonium,harmonium,38.wav,Harmonium\38.wav,.wav,WAV,22050,1,PCM_16,3.0,66150,132344,e10201695a8fed3daedf278de64ecf8304885b59ce53eb49eb1318ebc59adf58,0.42726603150367737,0.928009033203125,0.00045351473922902497,True,True,False,False,Found in isolated folder,KEEP_AFTER_RESAMPLING,False,
Harmonium,harmonium,380.wav,Harmonium\380.wav,.wav,WAV,22050,1,PCM_16,3.0,66150,132344,4bc0a43c5357089f6f9ca8768cc9df87bb87b21f257b4fc58c84b7ec372d1baa,0.38320666551589966,0.9234619140625,0.0002418745275888133,True,True,False,False,Found in isolated folder,KEEP_AFTER_RESAMPLING,False,
Harmonium,harmonium,381.wav,Harmonium\381.wav,.wav,WAV,22050,1,PCM_16,3.0,66150,132344,1a23ff88ea70ecc90564da4394c83fad5e3ecb7b63ef870c390aadb5e1a9b858,0.3783346116542816,0.9219970703125,0.00036281179138321996,True,True,False,False,Found in isolated folder,KEEP_AFTER_RESAMPLING,False,
Harmonium,harmonium,382.wav,Harmonium\382.wav,.wav,WAV,22050,1,PCM_16,3.0,66150,132344,b76669b156866e60158773a09417b39641701bd7448ebb024c226b7b961451f5,0.43368661403656006,0.9266357421875,0.00018140589569160998,True,True,False,False,Found in isolated folder,KEEP_AFTER_RESAMPLING,False,
Harmonium,harmonium,383.wav,Harmonium\383.wav,.wav,WAV,22050,1,PCM_16,3.0,66150,132344,14d33ca1541eecb61837023091a0b4dc9bbfb6968cb295067c73481c73d4043d,0.3821712136268616,0.9259033203125,0.0002569916855631141,True,True,False,False,Found in isolated folder,KEEP_AFTER_RESAMPLING,False,
Harmonium,harmonium,384.wav,Harmonium\384.wav,.wav,WAV,22050,1,PCM_16,3.0,66150,132344,89a98443f58988722d38f6e4c82564a4a4b6adcf7e0909834f197dbee40794fc,0.3803940415382385,0.928497314453125,0.00031746031746031746,True,True,False,False,Found in isolated folder,KEEP_AFTER_RESAMPLING,False,
Harmonium,harmonium,385.wav,Harmonium\385.wav,.wav,WAV,22050,1,PCM_16,3.0,66150,132344,1f35b0c27710261ad2fe5212b6b7e8665fd9a8612e2831d485cb6f0dd2f01737,0.38309359550476074,0.9337158203125,0.00019652305366591082,True,True,False,False,Found in isolated folder,KEEP_AFTER_RESAMPLING,False,
Harmonium,harmonium,386.wav,Harmonium\386.wav,.wav,WAV,22050,1,PCM_16,3.0,66150,132344,fd03e3393660f68a9abce1b777d434339f88d2c08b497f7710b58361a4bbb74f,0.42851364612579346,0.925201416015625,0.0002569916855631141,True,True,False,False,Found in isolated folder,KEEP_AFTER_RESAMPLING,False,
Harmonium,harmonium,387.wav,Harmonium\387.wav,.wav,WAV,22050,1,PCM_16,3.0,66150,132344,c058efcf441af81aed026954ef694531cd816090cb34c027f94a697c15cdfc0c,0.38411664962768555,0.93707275390625,0.00018140589569160998,True,True,False,False,Found in isolated folder,KEEP_AFTER_RESAMPLING,False,
Harmonium,harmonium,388.wav,Harmonium\388.wav,.wav,WAV,22050,1,PCM_16,3.0,66150,132344,b7dd85d17c5f2cfcd8f951d506e86209cb630c7e5c37edda6f175e529f8c3aee,0.37774232029914856,0.924072265625,0.0002418745275888133,True,True,False,False,Found in isolated folder,KEEP_AFTER_RESAMPLING,False,
Harmonium,harmonium,389.wav,Harmonium\389.wav,.wav,WAV,22050,1,PCM_16,3.0,66150,132344,638f3f3f706408e9be5361850716d59a88c8729e0de3526ed3e4392dc75e591b,0.3816188871860504,0.92547607421875,0.00022675736961451248,True,True,False,False,Found in isolated folder,KEEP_AFTER_RESAMPLING,False,
Harmonium,harmonium,39.wav,Harmonium\39.wav,.wav,WAV,22050,1,PCM_16,3.0,66150,132344,df095f673798ea84b0a03e6622d72d07cad682d24f59003d3c42976d6caff587,0.3872239887714386,0.92333984375,0.00036281179138321996,True,True,False,False,Found in isolated folder,KEEP_AFTER_RESAMPLING,False,
Harmonium,harmonium,390.wav,Harmonium\390.wav,.wav,WAV,22050,1,PCM_16,3.0,66150,132344,ee8bb25c7fe55e0c0d95ef561e694512d61fd031e8ee683b97a6645ae417dbcc,0.4273722469806671,0.926177978515625,0.00021164021164021165,True,True,False,False,Found in isolated folder,KEEP_AFTER_RESAMPLING,False,
Harmonium,harmonium,391.wav,Harmonium\391.wav,.wav,WAV,22050,1,PCM_16,3.0,66150,132344,1fe61e6f7bef404a8f20e8dab95b736c67cbe7513393166dd4f599181af00d5b,0.38732174038887024,0.9261474609375,0.0002418745275888133,True,True,False,False,Found in isolated folder,KEEP_AFTER_RESAMPLING,False,
Harmonium,harmonium,392.wav,Harmonium\392.wav,.wav,WAV,22050,1,PCM_16,3.0,66150,132344,41b0f3b4c8d8a2f71b778f8efa5cfd13f7c15f1f65a36f5bb363181d848eaae0,0.37812355160713196,0.927032470703125,0.00027210884353741496,True,True,False,False,Found in isolated folder,KEEP_AFTER_RESAMPLING,False,
Harmonium,harmonium,393.wav,Harmonium\393.wav,.wav,WAV,22050,1,PCM_16,3.0,66150,132344,cbc1002b5b11d43db2ffe9d6c76389d05cb260f0c575d474c42da72e01efc391,0.37693890929222107,0.9300537109375,0.0002872260015117158,True,True,False,False,Found in isolated folder,KEEP_AFTER_RESAMPLING,False,
Harmonium,harmonium,394.wav,Harmonium\394.wav,.wav,WAV,22050,1,PCM_16,3.0,66150,132344,2fd53eb0ef79841e5995a434a1d7edaffde51128e10c4073097d50b5c07b2119,0.4297059178352356,0.927581787109375,0.00018140589569160998,True,True,False,False,Found in isolated folder,KEEP_AFTER_RESAMPLING,False,
Harmonium,harmonium,395.wav,Harmonium\395.wav,.wav,WAV,22050,1,PCM_16,3.0,66150,132344,ba9d851a95819874eda2b7730943b02fad67811c301750a9a57f2358f96de885,0.3855147361755371,0.92730712890625,0.00019652305366591082,True,True,False,False,Found in isolated folder,KEEP_AFTER_RESAMPLING,False,
Harmonium,harmonium,396.wav,Harmonium\396.wav,.wav,WAV,22050,1,PCM_16,3.0,66150,132344,2eb479a30d7de547f45da71d3f725a3f95332bb952819a3213251aa831716f7b,0.3830817639827728,0.92510986328125,0.0002872260015117158,True,True,False,False,Found in isolated folder,KEEP_AFTER_RESAMPLING,False,
Harmonium,harmonium,397.wav,Harmonium\397.wav,.wav,WAV,22050,1,PCM_16,3.0,66150,132344,8310daf4675b229830cf177cc63478bbea6acdb5ff802d9a26aba927c5f2593c,0.37844613194465637,0.927642822265625,0.0002418745275888133,True,True,False,False,Found in isolated folder,KEEP_AFTER_RESAMPLING,False,
Harmonium,harmonium,398.wav,Harmonium\398.wav,.wav,WAV,22050,1,PCM_16,3.0,66150,132344,c61f2a5c92fcf75d5c049d227303592dddefaa8b4ee94a9428b19d46a3be172a,0.43377283215522766,0.9251708984375,0.0002872260015117158,True,True,False,False,Found in isolated folder,KEEP_AFTER_RESAMPLING,False,
Harmonium,harmonium,399.wav,Harmonium\399.wav,.wav,WAV,22050,1,PCM_16,3.0,66150,132344,1609aa2a9bde85902298d9f02d74e7509db661ca45fcc5398577af1dfbcd3b3d,0.382157564163208,0.926361083984375,0.00019652305366591082,True,True,False,False,Found in isolated folder,KEEP_AFTER_RESAMPLING,False,
Harmonium,harmonium,4.wav,Harmonium\4.wav,.wav,WAV,22050,1,PCM_16,3.0,66150,132344,0513108cbacba63df06ed90be65b7a6daa590cd5bcf4eff13314cfe7af6d5596,0.3778700828552246,0.92218017578125,0.00022675736961451248,True,True,False,False,Found in isolated folder,KEEP_AFTER_RESAMPLING,False,
Harmonium,harmonium,40.wav,Harmonium\40.wav,.wav,WAV,22050,1,PCM_16,3.0,66150,132344,73a09d95e03152d519ac66c1624069e5e215d06f2ee705ee4d305a5f4dfa2083,0.37813714146614075,0.92230224609375,0.0003023431594860166,True,True,False,False,Found in isolated folder,KEEP_AFTER_RESAMPLING,False,
Harmonium,harmonium,400.wav,Harmonium\400.wav,.wav,WAV,22050,1,PCM_16,3.0,66150,132344,ffa08b054114ec1ae00e6079fcba260d02a5b5030dd42e63577b44545acfc8fd,0.3806104063987732,0.91973876953125,0.00027210884353741496,True,True,False,False,Found in isolated folder,KEEP_AFTER_RESAMPLING,False,
Harmonium,harmonium,401.wav,Harmonium\401.wav,.wav,WAV,22050,1,PCM_16,3.0,66150,132344,e0f8c1e3bc21323874b5136fd27e961299d6c6a00a9123a2bc6e09120801488d,0.38304901123046875,0.925689697265625,0.0001511715797430083,True,True,False,False,Found in isolated folder,KEEP_AFTER_RESAMPLING,False,
Harmonium,harmonium,402.wav,Harmonium\402.wav,.wav,WAV,22050,1,PCM_16,3.0,66150,132344,72867e5f5a9dac9e0f8a3dbbfffc041638f5ccb1bb7e8d5450ff728fb6115508,0.4287201762199402,0.92437744140625,0.00022675736961451248,True,True,False,False,Found in isolated folder,KEEP_AFTER_RESAMPLING,False,
Harmonium,harmonium,403.wav,Harmonium\403.wav,.wav,WAV,22050,1,PCM_16,3.0,66150,132344,84342f8bf8811fb649a24990ef1f1cbce3d3fcddf9b252b0fcc5c1afda3aae49,0.3840000331401825,0.925537109375,0.0002569916855631141,True,True,False,False,Found in isolated folder,KEEP_AFTER_RESAMPLING,False,
Harmonium,harmonium,404.wav,Harmonium\404.wav,.wav,WAV,22050,1,PCM_16,3.0,66150,132344,fd1e35367166297cd61a7f64a03551c523b18a6b6e33db522a18802eba1a6856,0.3779323399066925,0.92303466796875,0.00021164021164021165,True,True,False,False,Found in isolated folder,KEEP_AFTER_RESAMPLING,False,
Harmonium,harmonium,405.wav,Harmonium\405.wav,.wav,WAV,22050,1,PCM_16,3.0,66150,132344,f999af1632d10406d7a9d16ec304d16e16ede162a51fc436afa456c401675122,0.3816649913787842,0.92626953125,0.0002872260015117158,True,True,False,False,Found in isolated folder,KEEP_AFTER_RESAMPLING,False,
Harmonium,harmonium,406.wav,Harmonium\406.wav,.wav,WAV,22050,1,PCM_16,3.0,66150,132344,b106da7fc7db923b76d50ce6cccad5a6062a9c70c5a92ef86a46c1c5d30fcf24,0.4273185431957245,0.9259033203125,0.00022675736961451248,True,True,False,False,Found in isolated folder,KEEP_AFTER_RESAMPLING,False,
Harmonium,harmonium,407.wav,Harmonium\407.wav,.wav,WAV,22050,1,PCM_16,3.0,66150,132344,9636d1af259ebd7ba6d6d1111827464a2144bf4076f7cb255b643c3dd3d17070,0.38735854625701904,0.92523193359375,0.00018140589569160998,True,True,False,False,Found in isolated folder,KEEP_AFTER_RESAMPLING,False,
Harmonium,harmonium,408.wav,Harmonium\408.wav,.wav,WAV,22050,1,PCM_16,3.0,66150,132344,fbd60359566994852167af894fbe2c3870087e20606c9f7830fa88fe6905924c,0.37813758850097656,0.920166015625,0.0002418745275888133,True,True,False,False,Found in isolated folder,KEEP_AFTER_RESAMPLING,False,
Harmonium,harmonium,409.wav,Harmonium\409.wav,.wav,WAV,22050,1,PCM_16,3.0,66150,132344,c67587df623baf89877cc53c8ffded9728081a847ed387b623a44568a229254c,0.3770020604133606,0.92535400390625,0.00039304610733182163,True,True,False,False,Found in isolated folder,KEEP_AFTER_RESAMPLING,False,
Harmonium,harmonium,41.wav,Harmonium\41.wav,.wav,WAV,22050,1,PCM_16,3.0,66150,132344,075d9660af867674b8c219e020316760f6f9f9e0f43561efd1c13f940d9f8d2d,0.3771776854991913,0.92620849609375,0.0002418745275888133,True,True,False,False,Found in isolated folder,KEEP_AFTER_RESAMPLING,False,
Harmonium,harmonium,410.wav,Harmonium\410.wav,.wav,WAV,22050,1,PCM_16,3.0,66150,132344,e234613d75da77ad5b5ccd91e6683f9f6558c1448e8064023bcf7d4a57d31904,0.4296516478061676,0.931121826171875,0.00021164021164021165,True,True,False,False,Found in isolated folder,KEEP_AFTER_RESAMPLING,False,
Harmonium,harmonium,411.wav,Harmonium\411.wav,.wav,WAV,22050,1,PCM_16,3.0,66150,132344,8013a087bc39a736f8e7db9309ed682921072dff274d0561e9da045f0fd75db2,0.3853500485420227,0.922210693359375,0.00022675736961451248,True,True,False,False,Found in isolated folder,KEEP_AFTER_RESAMPLING,False,
Harmonium,harmonium,412.wav,Harmonium\412.wav,.wav,WAV,22050,1,PCM_16,3.0,66150,132344,9b242f48b391db1d68e0ca782a52333139dd1aa115eef59ec67a0f3e30cebae8,0.3831002116203308,0.92279052734375,0.0003325774754346183,True,True,False,False,Found in isolated folder,KEEP_AFTER_RESAMPLING,False,
Harmonium,harmonium,413.wav,Harmonium\413.wav,.wav,WAV,22050,1,PCM_16,3.0,66150,132344,a043514460a1c1347153ba15b9e7a3c834ddc565ecc1e4fc5dffea1c857d3ea2,0.37823233008384705,0.9300537109375,0.00031746031746031746,True,True,False,False,Found in isolated folder,KEEP_AFTER_RESAMPLING,False,
Harmonium,harmonium,414.wav,Harmonium\414.wav,.wav,WAV,22050,1,PCM_16,3.0,66150,132344,c0c9dce93665418d68140d246f031494c84d1c066f2b5c36bfaf0dd41b412ac0,0.4336903989315033,0.92083740234375,0.0002569916855631141,True,True,False,False,Found in isolated folder,KEEP_AFTER_RESAMPLING,False,
Harmonium,harmonium,415.wav,Harmonium\415.wav,.wav,WAV,22050,1,PCM_16,3.0,66150,132344,fa1befa92c610ba5d65e4be8f3fe1a0a6d5bdd86c7bf9d904beb63c4059d761c,0.3822508752346039,0.93011474609375,0.00021164021164021165,True,True,False,False,Found in isolated folder,KEEP_AFTER_RESAMPLING,False,
Harmonium,harmonium,416.wav,Harmonium\416.wav,.wav,WAV,22050,1,PCM_16,3.0,66150,132344,1c4f533dff27edb59466b538e1919521cd0d5aedd7560eb63d2cbd3341427422,0.3804473876953125,0.9212646484375,0.0003325774754346183,True,True,False,False,Found in isolated folder,KEEP_AFTER_RESAMPLING,False,
Harmonium,harmonium,417.wav,Harmonium\417.wav,.wav,WAV,22050,1,PCM_16,3.0,66150,132344,5c35766e02858583b6d64236c8ac57782aa8c97854c96c5cfb1fd1c179ef680b,0.38302454352378845,0.928466796875,0.0002418745275888133,True,True,False,False,Found in isolated folder,KEEP_AFTER_RESAMPLING,False,
Harmonium,harmonium,418.wav,Harmonium\418.wav,.wav,WAV,22050,1,PCM_16,3.0,66150,132344,d7389b27b35261b446477208c02f9fa85484119ca638a791659da32591bfbbde,0.42862430214881897,0.925994873046875,0.00031746031746031746,True,True,False,False,Found in isolated folder,KEEP_AFTER_RESAMPLING,False,
Harmonium,harmonium,419.wav,Harmonium\419.wav,.wav,WAV,22050,1,PCM_16,3.0,66150,132344,9c9d39de15b3570299cf6319eb4afefb7005173906c6bd5f8f7fae7fd9515e5e,0.38401365280151367,0.925750732421875,0.0001511715797430083,True,True,False,False,Found in isolated folder,KEEP_AFTER_RESAMPLING,False,
Harmonium,harmonium,42.wav,Harmonium\42.wav,.wav,WAV,22050,1,PCM_16,3.0,66150,132344,f3ae47207bb718a43c40461dccc79bd21fb123d57faa9b5ebd6aba821adfd3b7,0.42958107590675354,0.926605224609375,0.00016628873771730915,True,True,False,False,Found in isolated folder,KEEP_AFTER_RESAMPLING,False,
Harmonium,harmonium,420.wav,Harmonium\420.wav,.wav,WAV,22050,1,PCM_16,3.0,66150,132344,c37f3bbc38b9a6771a3c46cd6738938f23ec368ba5524ee59cd4ee8285170e33,0.37788644433021545,0.923431396484375,0.00027210884353741496,True,True,False,False,Found in isolated folder,KEEP_AFTER_RESAMPLING,False,
Harmonium,harmonium,421.wav,Harmonium\421.wav,.wav,WAV,22050,1,PCM_16,3.0,66150,132344,8659c563ad18186d172a19aa20bc5b7cc9f9d79bdd9f4090160e4cb8383a22e0,0.38164639472961426,0.92559814453125,0.0002569916855631141,True,True,False,False,Found in isolated folder,KEEP_AFTER_RESAMPLING,False,
Harmonium,harmonium,422.wav,Harmonium\422.wav,.wav,WAV,22050,1,PCM_16,3.0,66150,132344,337972438825a703acc14017ec8965a316c67f86a93a67e345266a8d760fc80a,0.4273799955844879,0.931243896484375,0.00022675736961451248,True,True,False,False,Found in isolated folder,KEEP_AFTER_RESAMPLING,False,
Harmonium,harmonium,423.wav,Harmonium\423.wav,.wav,WAV,22050,1,PCM_16,3.0,66150,132344,58d4531229eac9e979e3e16c9839891d771bbd75aabd15f82dc035d4dca8d81a,0.3871917724609375,0.931396484375,0.00021164021164021165,True,True,False,False,Found in isolated folder,KEEP_AFTER_RESAMPLING,False,
Harmonium,harmonium,424.wav,Harmonium\424.wav,.wav,WAV,22050,1,PCM_16,3.0,66150,132344,e6939e9e58e2dae7b811a78c02107336377605d286a76cfa85d87e18582abb83,0.37818610668182373,0.923553466796875,0.00027210884353741496,True,True,False,False,Found in isolated folder,KEEP_AFTER_RESAMPLING,False,
Harmonium,harmonium,425.wav,Harmonium\425.wav,.wav,WAV,22050,1,PCM_16,3.0,66150,132344,b15df42a58fcdcbfbbc8fa8fa99545cf3956657708e3402e8da7e8b7817e2032,0.3771175444126129,0.928619384765625,0.0002569916855631141,True,True,False,False,Found in isolated folder,KEEP_AFTER_RESAMPLING,False,
Harmonium,harmonium,426.wav,Harmonium\426.wav,.wav,WAV,22050,1,PCM_16,3.0,66150,132344,d3549953c8e32a0a703057430054ae2ea03315238939b9f87da10faa6e4452cb,0.4295796751976013,0.922576904296875,0.00016628873771730915,True,True,False,False,Found in isolated folder,KEEP_AFTER_RESAMPLING,False,
Harmonium,harmonium,427.wav,Harmonium\427.wav,.wav,WAV,22050,1,PCM_16,3.0,66150,132344,82c3504627f68ef13c75da80b0aad387c3b811e7c2d210f783bbf59ed91ab705,0.3854002058506012,0.923919677734375,0.00031746031746031746,True,True,False,False,Found in isolated folder,KEEP_AFTER_RESAMPLING,False,
Harmonium,harmonium,428.wav,Harmonium\428.wav,.wav,WAV,22050,1,PCM_16,3.0,66150,132344,6eed3b805424853ff25d408df4da5de7c735be0db8fdfd5b47c30408c3ba0aea,0.38307252526283264,0.922088623046875,0.00012093726379440664,True,True,False,False,Found in isolated folder,KEEP_AFTER_RESAMPLING,False,
Harmonium,harmonium,429.wav,Harmonium\429.wav,.wav,WAV,22050,1,PCM_16,3.0,66150,132344,2179a99ad2f930350961fa2e8f9ac9e00c09347d6bed826093cf543c5ddc7fd7,0.37821879982948303,0.924468994140625,0.0002569916855631141,True,True,False,False,Found in isolated folder,KEEP_AFTER_RESAMPLING,False,
Harmonium,harmonium,43.wav,Harmonium\43.wav,.wav,WAV,22050,1,PCM_16,3.0,66150,132344,77c2c67384122dfbfb0247fbadf69409497b767fd0eb65beb891539ac87792fb,0.385428786277771,0.925018310546875,0.00019652305366591082,True,True,False,False,Found in isolated folder,KEEP_AFTER_RESAMPLING,False,
Harmonium,harmonium,430.wav,Harmonium\430.wav,.wav,WAV,22050,1,PCM_16,3.0,66150,132344,28dfa88ec918d825496a2e199bba2caf99a5e919386a832192d5c8834836a587,0.433749258518219,0.92529296875,0.0001511715797430083,True,True,False,False,Found in isolated folder,KEEP_AFTER_RESAMPLING,False,
Harmonium,harmonium,431.wav,Harmonium\431.wav,.wav,WAV,22050,1,PCM_16,3.0,66150,132344,9100dc1832885630a6ec6bdac8ec05f9914b7baa0a15936c31551021f46055b1,0.38219600915908813,0.921844482421875,0.00021164021164021165,True,True,False,False,Found in isolated folder,KEEP_AFTER_RESAMPLING,False,
Harmonium,harmonium,432.wav,Harmonium\432.wav,.wav,WAV,22050,1,PCM_16,3.0,66150,132344,e6be0e72d69a0e19e41729a60ea2b0721f9b89fe5742d8ea170c1c002b869bad,0.38064002990722656,0.92864990234375,0.0003023431594860166,True,True,False,False,Found in isolated folder,KEEP_AFTER_RESAMPLING,False,
Harmonium,harmonium,433.wav,Harmonium\433.wav,.wav,WAV,22050,1,PCM_16,3.0,66150,132344,17953f1f6e822adf3a21d74f4ce14c718958e07dc2d3dbb898c6521e6a2a2862,0.383105993270874,0.93878173828125,0.0002418745275888133,True,True,False,False,Found in isolated folder,KEEP_AFTER_RESAMPLING,False,
Harmonium,harmonium,434.wav,Harmonium\434.wav,.wav,WAV,22050,1,PCM_16,3.0,66150,132344,e908e2f6009c0a1c631bd721cfd9e9b0b6c1130a09c4db3f5a244595387fa0d5,0.42841047048568726,0.92559814453125,0.00031746031746031746,True,True,False,False,Found in isolated folder,KEEP_AFTER_RESAMPLING,False,
Harmonium,harmonium,435.wav,Harmonium\435.wav,.wav,WAV,22050,1,PCM_16,3.0,66150,132344,61af2023e848d1deff6bfb6ad47b611487f2abdd2b1e23310ced000c1fb5dc1d,0.38394421339035034,0.920379638671875,0.00034769463340891913,True,True,False,False,Found in isolated folder,KEEP_AFTER_RESAMPLING,False,
Harmonium,harmonium,436.wav,Harmonium\436.wav,.wav,WAV,22050,1,PCM_16,3.0,66150,132344,8b7dc0afd829f3872b3fdbd4720a3318eefc22035d06652f760f34c52223a2d5,0.3778607249259949,0.92010498046875,0.0003023431594860166,True,True,False,False,Found in isolated folder,KEEP_AFTER_RESAMPLING,False,
Harmonium,harmonium,437.wav,Harmonium\437.wav,.wav,WAV,22050,1,PCM_16,3.0,66150,132344,fbdcc100765d98279c0e3769b0a152f91c2c1406b4d8cd4ce7c67acad9a442c6,0.18804015219211578,0.920806884765625,0.0006651549508692366,True,True,False,False,Found in isolated folder,KEEP_AFTER_RESAMPLING,False,
Harmonium,harmonium,438.wav,Harmonium\438.wav,.wav,WAV,22050,1,PCM_16,3.0,66150,132344,04d9ebf34f5726adc7a5f8d3f8076f43e9b2798e49a9d06387545dc022473ee0,0.10865415632724762,0.289398193359375,0.0006046863189720333,True,True,False,False,Found in isolated folder,KEEP_AFTER_RESAMPLING,False,
Harmonium,harmonium,439.wav,Harmonium\439.wav,.wav,WAV,22050,1,PCM_16,3.0,66150,132344,5dc04baeb9399a70354c470c0b30f648289bf2efc08913d2b109de5dfdd8bea1,0.10462905466556549,0.301849365234375,0.000710506424792139,True,True,False,False,Found in isolated folder,KEEP_AFTER_RESAMPLING,False,
Harmonium,harmonium,44.wav,Harmonium\44.wav,.wav,WAV,22050,1,PCM_16,3.0,66150,132344,c4fd856777cd7020040ac662e568622f75fc9fa5b7e192fa2aced08347478216,0.3830896317958832,0.928955078125,0.0002872260015117158,True,True,False,False,Found in isolated folder,KEEP_AFTER_RESAMPLING,False,
Harmonium,harmonium,440.wav,Harmonium\440.wav,.wav,WAV,22050,1,PCM_16,3.0,66150,132344,fde8291131a4408986f25cb58d5a10f9228275ad9e61ebcf1db9f768ea727d21,0.1004299446940422,0.3004150390625,0.0008465608465608466,True,True,False,False,Found in isolated folder,KEEP_AFTER_RESAMPLING,False,
Harmonium,harmonium,441.wav,Harmonium\441.wav,.wav,WAV,22050,1,PCM_16,3.0,66150,132344,0b63b42e538d984ef2815ac640a5489d1878a1d761c8ef8162d0f3834c863064,0.1073933020234108,0.29931640625,0.0009523809523809524,True,True,False,False,Found in isolated folder,KEEP_AFTER_RESAMPLING,False,
Harmonium,harmonium,442.wav,Harmonium\442.wav,.wav,WAV,22050,1,PCM_16,3.0,66150,132344,ba34d41e82d4cbbec9ec390ab9e212a61f7cc40e0e05848bfc0c611e285b12c9,0.10455695539712906,0.302276611328125,0.0010128495842781557,True,True,False,False,Found in isolated folder,KEEP_AFTER_RESAMPLING,False,
Harmonium,harmonium,443.wav,Harmonium\443.wav,.wav,WAV,22050,1,PCM_16,3.0,66150,132344,b2d9927d763d2283beef01e8c11283e3463cf476d816427c90f334409a3942c1,0.10114026069641113,0.289154052734375,0.0007860922146636433,True,True,False,False,Found in isolated folder,KEEP_AFTER_RESAMPLING,False,
Harmonium,harmonium,444.wav,Harmonium\444.wav,.wav,WAV,22050,1,PCM_16,3.0,66150,132344,277e3a8fa8e3655c4cd9eee444da9e740d9a5c4e3655389c5f064a112abbde9f,0.06542991101741791,0.27996826171875,0.0025850340136054422,True,True,False,False,Found in isolated folder,KEEP_AFTER_RESAMPLING,False,
Harmonium,harmonium,445.wav,Harmonium\445.wav,.wav,WAV,22050,1,PCM_16,3.0,66150,132344,f90a5a41dca493141961dadb5d611be2a6118a6b20ee0c1fe3327687c71e3497,0.021551912650465965,0.15216064453125,0.5303854875283447,True,True,False,False,Found in isolated folder,KEEP_AFTER_RESAMPLING,False,
Harmonium,harmonium,446.wav,Harmonium\446.wav,.wav,WAV,22050,1,PCM_16,3.0,66150,132344,48ec80451e33f905bf2812930e28e6c2b543d43ee585a92b5086540a43045940,0.12552575767040253,0.390838623046875,0.0006651549508692366,True,True,False,False,Found in isolated folder,KEEP_AFTER_RESAMPLING,False,
Harmonium,harmonium,447.wav,Harmonium\447.wav,.wav,WAV,22050,1,PCM_16,3.0,66150,132344,817eeea7b674d61d9577a041dba2e5497e56b7fe943d52c6051162cb38db466a,0.2727607488632202,0.92535400390625,0.0006651549508692366,True,True,False,False,Found in isolated folder,KEEP_AFTER_RESAMPLING,False,
Harmonium,harmonium,448.wav,Harmonium\448.wav,.wav,WAV,22050,1,PCM_16,3.0,66150,132344,cdd3bc7a8c9bd09d7571a519ac6d86ed3f95e0a7df3cf2a81a9e5c7e2bd4d556,0.4408510625362396,0.929901123046875,0.00012093726379440664,True,True,False,False,Found in isolated folder,KEEP_AFTER_RESAMPLING,False,
Harmonium,harmonium,449.wav,Harmonium\449.wav,.wav,WAV,22050,1,PCM_16,3.0,66150,132344,31f25a7b0b2b93f959acfb2f7640af1ffe6a40fd4d68ece671cd24167875613f,0.3931971788406372,0.924072265625,0.00022675736961451248,True,True,False,False,Found in isolated folder,KEEP_AFTER_RESAMPLING,False,
Harmonium,harmonium,45.wav,Harmonium\45.wav,.wav,WAV,22050,1,PCM_16,3.0,66150,132344,e2376122cba96b21884e53de97f1891afcdd5e57e63cda0f2a3541e1fd00c8fc,0.3782731592655182,0.92279052734375,0.0002418745275888133,True,True,False,False,Found in isolated folder,KEEP_AFTER_RESAMPLING,False,
Harmonium,harmonium,450.wav,Harmonium\450.wav,.wav,WAV,22050,1,PCM_16,3.0,66150,132344,1ebf0e0ff67efb5f7058d32b442cf1978f509afd7ab2fa4690d747dff45f0efa,0.41317620873451233,0.927947998046875,0.00021164021164021165,True,True,False,False,Found in isolated folder,KEEP_AFTER_RESAMPLING,False,
Harmonium,harmonium,451.wav,Harmonium\451.wav,.wav,WAV,22050,1,PCM_16,3.0,66150,132344,2bfbcbc8068ccc6c641709961b2d5c725faca1bb53b35f0799c7668b9ad78a52,0.3803901970386505,0.92767333984375,0.0002569916855631141,True,True,False,False,Found in isolated folder,KEEP_AFTER_RESAMPLING,False,
Harmonium,harmonium,452.wav,Harmonium\452.wav,.wav,WAV,22050,1,PCM_16,3.0,66150,132344,a8aa0302723d95a509b6ef477bcecee556ee63de1efe20fadc8138e605136a8e,0.42296236753463745,0.927886962890625,0.00012093726379440664,True,True,False,False,Found in isolated folder,KEEP_AFTER_RESAMPLING,False,
Harmonium,harmonium,453.wav,Harmonium\453.wav,.wav,WAV,22050,1,PCM_16,3.0,66150,132344,80ecbebb9d4aaae98ff5dbcc41f8b99897eb84700c11f8ae71f0c1fbded5857e,0.4608496129512787,0.938140869140625,7.558578987150416e-05,True,True,False,False,Found in isolated folder,KEEP_AFTER_RESAMPLING,False,
Harmonium,harmonium,454.wav,Harmonium\454.wav,.wav,WAV,22050,1,PCM_16,3.0,66150,132344,c22de626bc8843b6471a4c99b4e5103cb2a75ea86d54ed9a4adab2d798ce43d0,0.4406202733516693,0.935455322265625,0.00016628873771730915,True,True,False,False,Found in isolated folder,KEEP_AFTER_RESAMPLING,False,
Harmonium,harmonium,455.wav,Harmonium\455.wav,.wav,WAV,22050,1,PCM_16,3.0,66150,132344,83c0c5538cf182a2e89afd9af65581a1e513b010a12732e0695affb8deb9cc42,0.37071552872657776,0.9281005859375,0.00027210884353741496,True,True,False,False,Found in isolated folder,KEEP_AFTER_RESAMPLING,False,
Harmonium,harmonium,456.wav,Harmonium\456.wav,.wav,WAV,22050,1,PCM_16,3.0,66150,132344,12cc8f625f4a8d0369d9abceae74983eb169ca84573d4ed59be04c324f4e7ac2,0.4375462234020233,0.9287109375,0.00018140589569160998,True,True,False,False,Found in isolated folder,KEEP_AFTER_RESAMPLING,False,
Harmonium,harmonium,457.wav,Harmonium\457.wav,.wav,WAV,22050,1,PCM_16,3.0,66150,132344,0f5bd6c921479fd6bdf4eec3d827cde1c4c0bca20f4e5d9ebe74cf7e524b66ae,0.40148651599884033,0.931610107421875,0.00010582010582010582,True,True,False,False,Found in isolated folder,KEEP_AFTER_RESAMPLING,False,
Harmonium,harmonium,458.wav,Harmonium\458.wav,.wav,WAV,22050,1,PCM_16,3.0,66150,132344,27e5fc03c699e94075de59bda79384f55a411496e4cc7d48b412e274d18c5b46,0.42141807079315186,0.928863525390625,0.0001511715797430083,True,True,False,False,Found in isolated folder,KEEP_AFTER_RESAMPLING,False,
Harmonium,harmonium,459.wav,Harmonium\459.wav,.wav,WAV,22050,1,PCM_16,3.0,66150,132344,ce28192b3519fb77c70fbe296dd7111b54583e2f95951b9527b8287617abab8c,0.38447305560112,0.92578125,9.070294784580499e-05,True,True,False,False,Found in isolated folder,KEEP_AFTER_RESAMPLING,False,
Harmonium,harmonium,46.wav,Harmonium\46.wav,.wav,WAV,22050,1,PCM_16,3.0,66150,132344,6cd7c5c03d2229c2f62b8aa007421ed80d94ef2a943bcd26055a6d33b578dc5a,0.43370917439460754,0.924530029296875,0.0002569916855631141,True,True,False,False,Found in isolated folder,KEEP_AFTER_RESAMPLING,False,
Harmonium,harmonium,460.wav,Harmonium\460.wav,.wav,WAV,22050,1,PCM_16,3.0,66150,132344,5e612846ed051f4b559e3865b6ef8fab581b9afdc201b3fd4c6bf61aeaf7450c,0.426708847284317,0.9307861328125,0.0001511715797430083,True,True,False,False,Found in isolated folder,KEEP_AFTER_RESAMPLING,False,
Harmonium,harmonium,461.wav,Harmonium\461.wav,.wav,WAV,22050,1,PCM_16,3.0,66150,132344,29c0d514e6390ca16687e8b78553f85460223cff5cb490864ad25f24fcbd6dec,0.468049556016922,0.924102783203125,3.023431594860166e-05,True,True,False,False,Found in isolated folder,KEEP_AFTER_RESAMPLING,False,
Harmonium,harmonium,462.wav,Harmonium\462.wav,.wav,WAV,22050,1,PCM_16,3.0,66150,132344,b5ee67433a26ff5ab09ba8fd9614acec0f794a23048ddfe85a00ac6c9628cdfd,0.43702012300491333,0.93267822265625,0.0002418745275888133,True,True,False,False,Found in isolated folder,KEEP_AFTER_RESAMPLING,False,
Harmonium,harmonium,463.wav,Harmonium\463.wav,.wav,WAV,22050,1,PCM_16,3.0,66150,132344,ae218ac55f1a5717f7f01650fa6918f2ede1a1c874b8b5da213f830919130f72,0.3717721998691559,0.92584228515625,0.0002418745275888133,True,True,False,False,Found in isolated folder,KEEP_AFTER_RESAMPLING,False,
Harmonium,harmonium,464.wav,Harmonium\464.wav,.wav,WAV,22050,1,PCM_16,3.0,66150,132344,319e78cf206ee31b4a33f0dc3ff4ba0ec4a05cb5938a896aa83d968848f323a9,0.4548910856246948,0.926300048828125,0.00016628873771730915,True,True,False,False,Found in isolated folder,KEEP_AFTER_RESAMPLING,False,
Harmonium,harmonium,465.wav,Harmonium\465.wav,.wav,WAV,22050,1,PCM_16,3.0,66150,132344,dae06a5dde5b00ec3515716225c0def38f5eb20d76dd1f105a8b9089c0c0d442,0.39543601870536804,0.91937255859375,0.0004686318972033258,True,True,False,False,Found in isolated folder,KEEP_AFTER_RESAMPLING,False,
Harmonium,harmonium,466.wav,Harmonium\466.wav,.wav,WAV,22050,1,PCM_16,3.0,66150,132344,8b4ece35899355be4716622759e36e0a3234a081918dc675fdeca69a5e16e51f,0.42111313343048096,0.92633056640625,9.070294784580499e-05,True,True,False,False,Found in isolated folder,KEEP_AFTER_RESAMPLING,False,
Harmonium,harmonium,467.wav,Harmonium\467.wav,.wav,WAV,22050,1,PCM_16,3.0,66150,132344,19a286ca2ffa86f85e773e4ecd68ee6dafdbdaffca9137506351479b714985d8,0.3832065165042877,0.92010498046875,0.00013605442176870748,True,True,False,False,Found in isolated folder,KEEP_AFTER_RESAMPLING,False,
Harmonium,harmonium,468.wav,Harmonium\468.wav,.wav,WAV,22050,1,PCM_16,3.0,66150,132344,84ca0caf1ae942043af4eec6bf8db48a8eb699d2f28bb50cf70fb08b1611dcde,0.4208921790122986,0.929473876953125,0.0001511715797430083,True,True,False,False,Found in isolated folder,KEEP_AFTER_RESAMPLING,False,
Harmonium,harmonium,469.wav,Harmonium\469.wav,.wav,WAV,22050,1,PCM_16,3.0,66150,132344,aa9e8721b44b3a0c024a025d9b79c2785f2d5627c5a1d610a4e8f0f4c02eeccc,0.46425116062164307,0.93267822265625,6.046863189720332e-05,True,True,False,False,Found in isolated folder,KEEP_AFTER_RESAMPLING,False,
Harmonium,harmonium,47.wav,Harmonium\47.wav,.wav,WAV,22050,1,PCM_16,3.0,66150,132344,5527edf564ddc9d9c75b8c35686b19f24961f4806490a06f5326a29140d47fb2,0.3821919858455658,0.929107666015625,0.00018140589569160998,True,True,False,False,Found in isolated folder,KEEP_AFTER_RESAMPLING,False,
Harmonium,harmonium,470.wav,Harmonium\470.wav,.wav,WAV,22050,1,PCM_16,3.0,66150,132344,65625b9eadb65fe4ca4e1c66032e101cb5eb6980cfc85a12954175708a102b43,0.4378763735294342,0.928466796875,0.00027210884353741496,True,True,False,False,Found in isolated folder,KEEP_AFTER_RESAMPLING,False,
Harmonium,harmonium,471.wav,Harmonium\471.wav,.wav,WAV,22050,1,PCM_16,3.0,66150,132344,0eda7d24a24e5a46238989e297651e8030ab361abf41a651a820f29064a4904a,0.3715067207813263,0.926910400390625,0.0002872260015117158,True,True,False,False,Found in isolated folder,KEEP_AFTER_RESAMPLING,False,
Harmonium,harmonium,472.wav,Harmonium\472.wav,.wav,WAV,22050,1,PCM_16,3.0,66150,132344,db630eb8f73440ce791ffd7cba57eb8012ac45d0910545f01fc5535d035dcb02,0.443101167678833,0.933135986328125,0.00021164021164021165,True,True,False,False,Found in isolated folder,KEEP_AFTER_RESAMPLING,False,
Harmonium,harmonium,473.wav,Harmonium\473.wav,.wav,WAV,22050,1,PCM_16,3.0,66150,132344,4f65e46452a83fc6c68b3507ea4c7e3e8946eabd6ad4815f90cd73b0f77af15d,0.39708638191223145,0.9285888671875,0.00021164021164021165,True,True,False,False,Found in isolated folder,KEEP_AFTER_RESAMPLING,False,
Harmonium,harmonium,474.wav,Harmonium\474.wav,.wav,WAV,22050,1,PCM_16,3.0,66150,132344,fa4f5ba73a0cbb80e68442319e10cfc09543aebb97bd292cb191b8bcd7a39a3f,0.41890373826026917,0.927581787109375,0.00013605442176870748,True,True,False,False,Found in isolated folder,KEEP_AFTER_RESAMPLING,False,
Harmonium,harmonium,475.wav,Harmonium\475.wav,.wav,WAV,22050,1,PCM_16,3.0,66150,132344,042f5ae2a42e7bce901201802fb70dd103be693f4161e1b6ee1dce61171cb837,0.3782598078250885,0.924407958984375,0.0001511715797430083,True,True,False,False,Found in isolated folder,KEEP_AFTER_RESAMPLING,False,
Harmonium,harmonium,476.wav,Harmonium\476.wav,.wav,WAV,22050,1,PCM_16,3.0,66150,132344,9717adca3759a84e599116fee2ed94dcf330e0bde8026da8f7c7be1011ed1839,0.42293477058410645,0.92584228515625,0.00010582010582010582,True,True,False,False,Found in isolated folder,KEEP_AFTER_RESAMPLING,False,
Harmonium,harmonium,477.wav,Harmonium\477.wav,.wav,WAV,22050,1,PCM_16,3.0,66150,132344,4895165dde5ba105cec360b8001a3cd88957a9fef0fc1f0eb6dccfbbd108242b,0.4656432271003723,0.9249267578125,0.00010582010582010582,True,True,False,False,Found in isolated folder,KEEP_AFTER_RESAMPLING,False,
Harmonium,harmonium,478.wav,Harmonium\478.wav,.wav,WAV,22050,1,PCM_16,3.0,66150,132344,c620031b77d9e4dc45d9290dcfc44958acbf8141bc76eec8a9d628308ec81cd9,0.43661627173423767,0.92864990234375,0.0002418745275888133,True,True,False,False,Found in isolated folder,KEEP_AFTER_RESAMPLING,False,
Harmonium,harmonium,479.wav,Harmonium\479.wav,.wav,WAV,22050,1,PCM_16,3.0,66150,132344,5b1751980ac2c2f746db61ad4e61806b74a1c2ca5460eff64a86f4b8c58c6d08,0.3736572265625,0.93133544921875,0.0002569916855631141,True,True,False,False,Found in isolated folder,KEEP_AFTER_RESAMPLING,False,
Harmonium,harmonium,48.wav,Harmonium\48.wav,.wav,WAV,22050,1,PCM_16,3.0,66150,132344,ccf0a8a3b70a36194d4ec3c3bd5fe6494e26b9cdef089f0acf8ed2c4db1dadef,0.3804619014263153,0.926300048828125,0.00022675736961451248,True,True,False,False,Found in isolated folder,KEEP_AFTER_RESAMPLING,False,
Harmonium,harmonium,480.wav,Harmonium\480.wav,.wav,WAV,22050,1,PCM_16,3.0,66150,132344,60b8fb87faadc27f83c50a6999737a25496e640fdda032f60c410e60d79553b2,0.4426668584346771,0.923583984375,0.00018140589569160998,True,True,False,False,Found in isolated folder,KEEP_AFTER_RESAMPLING,False,
Harmonium,harmonium,481.wav,Harmonium\481.wav,.wav,WAV,22050,1,PCM_16,3.0,66150,132344,fb07af6f47f85d8b8c4405fd8dd3b85e25ca288431e4a964bcc2ba130d07ac83,0.3950023353099823,0.92169189453125,0.00022675736961451248,True,True,False,False,Found in isolated folder,KEEP_AFTER_RESAMPLING,False,
Harmonium,harmonium,482.wav,Harmonium\482.wav,.wav,WAV,22050,1,PCM_16,3.0,66150,132344,7fd5896969632d793e370728b869b23ed051ac948beac613efe311fb0dedd6a9,0.42198631167411804,0.926483154296875,0.00016628873771730915,True,True,False,False,Found in isolated folder,KEEP_AFTER_RESAMPLING,False,
Harmonium,harmonium,483.wav,Harmonium\483.wav,.wav,WAV,22050,1,PCM_16,3.0,66150,132344,a816a356acab65b0698cc7b12a81e43d150f04647cedb5cbf5f3abbe924b023e,0.383863240480423,0.93585205078125,0.00010582010582010582,True,True,False,False,Found in isolated folder,KEEP_AFTER_RESAMPLING,False,
Harmonium,harmonium,484.wav,Harmonium\484.wav,.wav,WAV,22050,1,PCM_16,3.0,66150,132344,9174e719f58088a5e404644daf7165eb76f488ebb34c3b0b8a82695eb1044764,0.43050989508628845,0.927093505859375,9.070294784580499e-05,True,True,False,False,Found in isolated folder,KEEP_AFTER_RESAMPLING,False,
Harmonium,harmonium,485.wav,Harmonium\485.wav,.wav,WAV,22050,1,PCM_16,3.0,66150,132344,b8a5013425c0d442d931527fbefcc64d6051cab83d03e23b6c6175131fefe72d,0.48751598596572876,0.922210693359375,0.00012093726379440664,True,True,False,False,Found in isolated folder,KEEP_AFTER_RESAMPLING,False,
Harmonium,harmonium,486.wav,Harmonium\486.wav,.wav,WAV,22050,1,PCM_16,3.0,66150,132344,05339a31a911d1ac0ed5c54f5ce89d303e845393aa5a7bc45d98b1261a9eb2b0,0.45542603731155396,0.926788330078125,0.00016628873771730915,True,True,False,False,Found in isolated folder,KEEP_AFTER_RESAMPLING,False,
Harmonium,harmonium,487.wav,Harmonium\487.wav,.wav,WAV,22050,1,PCM_16,3.0,66150,132344,ddb30fe3f5ef124db1a7002ee0f7972762c229cd11d2914e3964d5e383539592,0.37622472643852234,0.934417724609375,0.00039304610733182163,True,True,False,False,Found in isolated folder,KEEP_AFTER_RESAMPLING,False,
Harmonium,harmonium,488.wav,Harmonium\488.wav,.wav,WAV,22050,1,PCM_16,3.0,66150,132344,ffc74bbea56a382772ade41637dd212675fe3990b631c64fca5b8a547ddc26d8,0.4427381157875061,0.929290771484375,0.00013605442176870748,True,True,False,False,Found in isolated folder,KEEP_AFTER_RESAMPLING,False,
Harmonium,harmonium,489.wav,Harmonium\489.wav,.wav,WAV,22050,1,PCM_16,3.0,66150,132344,d80488c6c950b77ff8606ad257802345bc330931e32bbf34bde5f8b01887bdd0,0.3941498398780823,0.928375244140625,9.070294784580499e-05,True,True,False,False,Found in isolated folder,KEEP_AFTER_RESAMPLING,False,
Harmonium,harmonium,49.wav,Harmonium\49.wav,.wav,WAV,22050,1,PCM_16,3.0,66150,132344,90a5463c07c65b9978133b94da3f4a42dfb11bbcf56df91e7e0efcedc0d3df32,0.3830917477607727,0.925506591796875,0.0003325774754346183,True,True,False,False,Found in isolated folder,KEEP_AFTER_RESAMPLING,False,
Harmonium,harmonium,490.wav,Harmonium\490.wav,.wav,WAV,22050,1,PCM_16,3.0,66150,132344,0b784adb20ca89733a303018678a7f977e0d864987448d0f7f4e3443833abf6d,0.41420120000839233,0.92376708984375,0.00013605442176870748,True,True,False,False,Found in isolated folder,KEEP_AFTER_RESAMPLING,False,
Harmonium,harmonium,491.wav,Harmonium\491.wav,.wav,WAV,22050,1,PCM_16,3.0,66150,132344,8cdac598df30ab72f35740c023a819b173499df36f0c7730d45d17a8fa89850f,0.38211846351623535,0.926605224609375,0.00012093726379440664,True,True,False,False,Found in isolated folder,KEEP_AFTER_RESAMPLING,False,
Harmonium,harmonium,492.wav,Harmonium\492.wav,.wav,WAV,22050,1,PCM_16,3.0,66150,132344,59e637796071ea850edf047b5b4243152387501bacc21a121ed00dc07d3fca99,0.42407622933387756,0.925994873046875,0.00019652305366591082,True,True,False,False,Found in isolated folder,KEEP_AFTER_RESAMPLING,False,
Harmonium,harmonium,493.wav,Harmonium\493.wav,.wav,WAV,22050,1,PCM_16,3.0,66150,132344,6ff5a2b75fd840dd446ad6e7e2742a1a8fd25a30491bc577938ae429e03882f3,0.465567946434021,0.93341064453125,0.00013605442176870748,True,True,False,False,Found in isolated folder,KEEP_AFTER_RESAMPLING,False,
Harmonium,harmonium,494.wav,Harmonium\494.wav,.wav,WAV,22050,1,PCM_16,3.0,66150,132344,3102e177a6c3fc20dc1b8e050a2f7f4afd6ef3b68285cdf2ed05518b69458560,0.4404720067977905,0.922943115234375,0.0002418745275888133,True,True,False,False,Found in isolated folder,KEEP_AFTER_RESAMPLING,False,
Harmonium,harmonium,495.wav,Harmonium\495.wav,.wav,WAV,22050,1,PCM_16,3.0,66150,132344,6475e220789565b597b2833cdacae942923f2c3f8210b2f0d37abb8a73c5783a,0.36543789505958557,0.945159912109375,0.0002569916855631141,True,True,False,False,Found in isolated folder,KEEP_AFTER_RESAMPLING,False,
Harmonium,harmonium,496.wav,Harmonium\496.wav,.wav,WAV,22050,1,PCM_16,3.0,66150,132344,ee02753ceb7772a81e709f65deabc8d41f8cf8eadd5cf2e7f47ca3282f8f74bb,0.4436647891998291,0.921234130859375,0.00021164021164021165,True,True,False,False,Found in isolated folder,KEEP_AFTER_RESAMPLING,False,
Harmonium,harmonium,497.wav,Harmonium\497.wav,.wav,WAV,22050,1,PCM_16,3.0,66150,132344,569eced90f88e82f915787d17d7b1b396b1e78dd6e9b3cff5cf5b4f74efe094f,0.40264660120010376,0.933929443359375,0.00022675736961451248,True,True,False,False,Found in isolated folder,KEEP_AFTER_RESAMPLING,False,
Harmonium,harmonium,498.wav,Harmonium\498.wav,.wav,WAV,22050,1,PCM_16,3.0,66150,132344,1b7938aeced95afd0a980bf2b3fa7af97d4d027d9af03247b00a496a8e4df975,0.41889169812202454,0.926361083984375,0.0002418745275888133,True,True,False,False,Found in isolated folder,KEEP_AFTER_RESAMPLING,False,
Harmonium,harmonium,499.wav,Harmonium\499.wav,.wav,WAV,22050,1,PCM_16,3.0,66150,132344,5f3f50454438b5542fc1884aec1828c0ce9ecf3bf923606dc63b733be815f022,0.37911176681518555,0.923553466796875,0.00013605442176870748,True,True,False,False,Found in isolated folder,KEEP_AFTER_RESAMPLING,False,
Harmonium,harmonium,5.wav,Harmonium\5.wav,.wav,WAV,22050,1,PCM_16,3.0,66150,132344,f6b89402d55eb63ed374e1233ae7374b7c750f20d6e33d3cb856c76874829779,0.38155633211135864,0.92266845703125,0.00027210884353741496,True,True,False,False,Found in isolated folder,KEEP_AFTER_RESAMPLING,False,
Harmonium,harmonium,50.wav,Harmonium\50.wav,.wav,WAV,22050,1,PCM_16,3.0,66150,132344,7b801599b2628eb697144f76ac8b85997bd0baa3280389ea83b6b8c5482b048d,0.42859965562820435,0.925323486328125,0.00027210884353741496,True,True,False,False,Found in isolated folder,KEEP_AFTER_RESAMPLING,False,
Harmonium,harmonium,500.wav,Harmonium\500.wav,.wav,WAV,22050,1,PCM_16,3.0,66150,132344,8fad900b6834728142829e536a30d9ac5ab51808f45936bf51f204fb8d05f109,0.42874541878700256,0.9288330078125,9.070294784580499e-05,True,True,False,False,Found in isolated folder,KEEP_AFTER_RESAMPLING,False,
Harmonium,harmonium,501.wav,Harmonium\501.wav,.wav,WAV,22050,1,PCM_16,3.0,66150,132344,a2c7ee944ba759497acfa622bf77466fa0597f671a00463d5868075048f8ce5d,0.46034327149391174,0.92413330078125,0.0001511715797430083,True,True,False,False,Found in isolated folder,KEEP_AFTER_RESAMPLING,False,
Harmonium,harmonium,502.wav,Harmonium\502.wav,.wav,WAV,22050,1,PCM_16,3.0,66150,132344,21481ab17f48effd22c781b3326df0c7afaf5371af321a64b9f524a91016456d,0.44163575768470764,0.932861328125,0.00021164021164021165,True,True,False,False,Found in isolated folder,KEEP_AFTER_RESAMPLING,False,
Harmonium,harmonium,503.wav,Harmonium\503.wav,.wav,WAV,22050,1,PCM_16,3.0,66150,132344,22be6ab77275a91b4871cb6b914507fa619f58102f6c7ddbfa3416fcc72bd331,0.37320661544799805,0.92889404296875,0.0001511715797430083,True,True,False,False,Found in isolated folder,KEEP_AFTER_RESAMPLING,False,
Harmonium,harmonium,504.wav,Harmonium\504.wav,.wav,WAV,22050,1,PCM_16,3.0,66150,132344,c3e290e4855ec3b1df8d4137c7cc0eb1ad6fcb300331f5ebebe7976379a47b77,0.44423454999923706,0.9246826171875,0.0001511715797430083,True,True,False,False,Found in isolated folder,KEEP_AFTER_RESAMPLING,False,
Harmonium,harmonium,505.wav,Harmonium\505.wav,.wav,WAV,22050,1,PCM_16,3.0,66150,132344,66e0b9bfcf14a9daf147f6dbf3994e18e97ed4c8e7a5e70d80d57d475f880026,0.3956749141216278,0.922271728515625,0.0003023431594860166,True,True,False,False,Found in isolated folder,KEEP_AFTER_RESAMPLING,False,
Harmonium,harmonium,506.wav,Harmonium\506.wav,.wav,WAV,22050,1,PCM_16,3.0,66150,132344,92f4b910a337f5225cd5ea1c2f4e6b0c87fe367d0de475559638b578a6e38f33,0.4266502261161804,0.921173095703125,0.0002569916855631141,True,True,False,False,Found in isolated folder,KEEP_AFTER_RESAMPLING,False,
Harmonium,harmonium,507.wav,Harmonium\507.wav,.wav,WAV,22050,1,PCM_16,3.0,66150,132344,aefcbbebc1f298ae26cead9ada547b52292fffac3232619dcdf4e6f5e7dd4499,0.37730228900909424,0.917816162109375,0.0001511715797430083,True,True,False,False,Found in isolated folder,KEEP_AFTER_RESAMPLING,False,
Harmonium,harmonium,508.wav,Harmonium\508.wav,.wav,WAV,22050,1,PCM_16,3.0,66150,132344,9154e4eaeefe8a7b54d28746f59910fec42ed1c0e03cf05baf771b512f637c18,0.4296545088291168,0.9295654296875,0.0001511715797430083,True,True,False,False,Found in isolated folder,KEEP_AFTER_RESAMPLING,False,
Harmonium,harmonium,509.wav,Harmonium\509.wav,.wav,WAV,22050,1,PCM_16,3.0,66150,132344,41b7eea59df9fd91036f17a6cada43c46a3720a25656e65f328ac0c5b1295785,0.46502554416656494,0.9251708984375,7.558578987150416e-05,True,True,False,False,Found in isolated folder,KEEP_AFTER_RESAMPLING,False,
Harmonium,harmonium,51.wav,Harmonium\51.wav,.wav,WAV,22050,1,PCM_16,3.0,66150,132344,263794e69c2c260102ca7ed6de9e2f4a55d46e0335e5fd706c143e712f3d276c,0.38407251238822937,0.924774169921875,0.00021164021164021165,True,True,False,False,Found in isolated folder,KEEP_AFTER_RESAMPLING,False,
Harmonium,harmonium,510.wav,Harmonium\510.wav,.wav,WAV,22050,1,PCM_16,3.0,66150,132344,33519ee5e15666c7939a6086658cf910aba38a82308c9a0287d8f76f17e58b23,0.4410237669944763,0.92864990234375,0.00022675736961451248,True,True,False,False,Found in isolated folder,KEEP_AFTER_RESAMPLING,False,
Harmonium,harmonium,511.wav,Harmonium\511.wav,.wav,WAV,22050,1,PCM_16,3.0,66150,132344,32f35705abc413ed9e866074fcd30213b896b92f1abc7c1ab34e00eb0515fdb2,0.3691777288913727,0.930084228515625,0.00018140589569160998,True,True,False,False,Found in isolated folder,KEEP_AFTER_RESAMPLING,False,
Harmonium,harmonium,512.wav,Harmonium\512.wav,.wav,WAV,22050,1,PCM_16,3.0,66150,132344,727208d4f7da16de7fea2df5a9877daddaa475b1d4ab877a2b6d68004f9f0ece,0.4424476623535156,0.926300048828125,0.00010582010582010582,True,True,False,False,Found in isolated folder,KEEP_AFTER_RESAMPLING,False,
Harmonium,harmonium,513.wav,Harmonium\513.wav,.wav,WAV,22050,1,PCM_16,3.0,66150,132344,0bf66a98722e7fd319316ec57a130ebcc98a667f53593f2b60b34c7a7542b7aa,0.39920371770858765,0.92718505859375,0.00021164021164021165,True,True,False,False,Found in isolated folder,KEEP_AFTER_RESAMPLING,False,
Harmonium,harmonium,514.wav,Harmonium\514.wav,.wav,WAV,22050,1,PCM_16,3.0,66150,132344,37112c19f0359c4a69fb9699b9e714f50555a6cf2bcc2794e51a08fa0b02d0d5,0.4136866629123688,0.9283447265625,0.0002418745275888133,True,True,False,False,Found in isolated folder,KEEP_AFTER_RESAMPLING,False,
Harmonium,harmonium,515.wav,Harmonium\515.wav,.wav,WAV,22050,1,PCM_16,3.0,66150,132344,25f8fcb0b4a321680c9509976700f1285f832ff8e24f4a855378d0a4e70ff188,0.3827801048755646,0.92889404296875,0.00013605442176870748,True,True,False,False,Found in isolated folder,KEEP_AFTER_RESAMPLING,False,
Harmonium,harmonium,516.wav,Harmonium\516.wav,.wav,WAV,22050,1,PCM_16,3.0,66150,132344,cfd6c02e437666adf2d38f3cfb27505c0f0b4d432721fba8a8dea7eb5b231e70,0.42339441180229187,0.928497314453125,0.0001511715797430083,True,True,False,False,Found in isolated folder,KEEP_AFTER_RESAMPLING,False,
Harmonium,harmonium,517.wav,Harmonium\517.wav,.wav,WAV,22050,1,PCM_16,3.0,66150,132344,7c4c1bd43e0b1616278e3f14e6569dbad5d95c1837c085d029a3bca6537ae119,0.4655117094516754,0.9251708984375,0.00012093726379440664,True,True,False,False,Found in isolated folder,KEEP_AFTER_RESAMPLING,False,
Harmonium,harmonium,518.wav,Harmonium\518.wav,.wav,WAV,22050,1,PCM_16,3.0,66150,132344,032e77ccd765f1f6f1b94b9e526a41833daaa850c1305cdc210d055f36ea6d90,0.4416951835155487,0.929229736328125,0.0001511715797430083,True,True,False,False,Found in isolated folder,KEEP_AFTER_RESAMPLING,False,
Harmonium,harmonium,519.wav,Harmonium\519.wav,.wav,WAV,22050,1,PCM_16,3.0,66150,132344,283f3d4e63ab9c401ac98a22dec676a052bee7bfa0fa984f4bd1b43f4c673dfa,0.3720971941947937,0.928253173828125,0.0002418745275888133,True,True,False,False,Found in isolated folder,KEEP_AFTER_RESAMPLING,False,
Harmonium,harmonium,52.wav,Harmonium\52.wav,.wav,WAV,22050,1,PCM_16,3.0,66150,132344,1c84b0fd8478f345ef79c8e231f28f1d7d8b527a227b7cf3512d84f7015de010,0.3778584897518158,0.923492431640625,0.0002418745275888133,True,True,False,False,Found in isolated folder,KEEP_AFTER_RESAMPLING,False,
Harmonium,harmonium,520.wav,Harmonium\520.wav,.wav,WAV,22050,1,PCM_16,3.0,66150,132344,ba9a8b1e200bd3ee983f698b427365e0b082e0ca15c041639edec9bacf9ce7c1,0.44194820523262024,0.922943115234375,0.00012093726379440664,True,True,False,False,Found in isolated folder,KEEP_AFTER_RESAMPLING,False,
Harmonium,harmonium,521.wav,Harmonium\521.wav,.wav,WAV,22050,1,PCM_16,3.0,66150,132344,5d8191657be8a8ebf3fd468a3a86b9c2e7f9176878f7af165e71377876ab52e1,0.39650073647499084,0.92889404296875,0.00018140589569160998,True,True,False,False,Found in isolated folder,KEEP_AFTER_RESAMPLING,False,
Harmonium,harmonium,522.wav,Harmonium\522.wav,.wav,WAV,22050,1,PCM_16,3.0,66150,132344,f89023a2b99b49477a6d3e928ef4dc5f2f27786937598afbafb7408066bd871b,0.4161190390586853,0.925933837890625,0.00019652305366591082,True,True,False,False,Found in isolated folder,KEEP_AFTER_RESAMPLING,False,
Harmonium,harmonium,523.wav,Harmonium\523.wav,.wav,WAV,22050,1,PCM_16,3.0,66150,132344,35ab689d68be07d046b09f4bb024ad4a38d7f03d9f335e6b5cd94eb06a8a83a8,0.379168301820755,0.9361572265625,0.00018140589569160998,True,True,False,False,Found in isolated folder,KEEP_AFTER_RESAMPLING,False,
Harmonium,harmonium,524.wav,Harmonium\524.wav,.wav,WAV,22050,1,PCM_16,3.0,66150,132344,41fa55a08ad5cc92440177953f0c7394bb7e6ba804a96e0b580698ec17d563c0,0.4245985150337219,0.936676025390625,0.00019652305366591082,True,True,False,False,Found in isolated folder,KEEP_AFTER_RESAMPLING,False,
Harmonium,harmonium,525.wav,Harmonium\525.wav,.wav,WAV,22050,1,PCM_16,3.0,66150,132344,6e05fe077477e0e314bfb03e70eace18d365bbf6e3566a38892b2c0551a6b400,0.4848196804523468,0.924102783203125,0.00012093726379440664,True,True,False,False,Found in isolated folder,KEEP_AFTER_RESAMPLING,False,
Harmonium,harmonium,526.wav,Harmonium\526.wav,.wav,WAV,22050,1,PCM_16,3.0,66150,132344,34241576bd48b6e59303e653c20cbfcc97300631de08f30f6974f7cfdca80ad6,0.4604949653148651,0.924957275390625,0.00027210884353741496,True,True,False,False,Found in isolated folder,KEEP_AFTER_RESAMPLING,False,
Harmonium,harmonium,527.wav,Harmonium\527.wav,.wav,WAV,22050,1,PCM_16,3.0,66150,132344,1e0ba8df2c743fa49af653dd29e4c2894d004fb70af8b149d1650f8030e0542c,0.3681229054927826,0.9295654296875,0.0002872260015117158,True,True,False,False,Found in isolated folder,KEEP_AFTER_RESAMPLING,False,
Harmonium,harmonium,528.wav,Harmonium\528.wav,.wav,WAV,22050,1,PCM_16,3.0,66150,132344,f8cc52fd19faf55e15b412025d791fb393dbdd8d3ecc5ee2f288f3218e8a04a1,0.4480646550655365,0.926483154296875,0.00013605442176870748,True,True,False,False,Found in isolated folder,KEEP_AFTER_RESAMPLING,False,
Harmonium,harmonium,529.wav,Harmonium\529.wav,.wav,WAV,22050,1,PCM_16,3.0,66150,132344,d5fd65f708ef94f8eb020fa278c80558cf0c1da5d795c462b8e3a16efe277900,0.39872345328330994,0.936614990234375,0.00022675736961451248,True,True,False,False,Found in isolated folder,KEEP_AFTER_RESAMPLING,False,
Harmonium,harmonium,53.wav,Harmonium\53.wav,.wav,WAV,22050,1,PCM_16,3.0,66150,132344,af75f1fb61a39d9aa7b8aeddeb014f995e2c07564e9b9f23937b034daad8c601,0.3816341161727905,0.92718505859375,0.0002872260015117158,True,True,False,False,Found in isolated folder,KEEP_AFTER_RESAMPLING,False,
Harmonium,harmonium,530.wav,Harmonium\530.wav,.wav,WAV,22050,1,PCM_16,3.0,66150,132344,99bbec2de120a1d6c566301d62763b12f89f0bcec468c2483b1bf89d486a0ae5,0.4179074168205261,0.925628662109375,0.00010582010582010582,True,True,False,False,Found in isolated folder,KEEP_AFTER_RESAMPLING,False,
Harmonium,harmonium,531.wav,Harmonium\531.wav,.wav,WAV,22050,1,PCM_16,3.0,66150,132344,4b6ef93b3f7e048b9efc27fec3ddb7df029b2139f0b7b4e1f19e1d261d6b6942,0.37978458404541016,0.9244384765625,0.00013605442176870748,True,True,False,False,Found in isolated folder,KEEP_AFTER_RESAMPLING,False,
Harmonium,harmonium,532.wav,Harmonium\532.wav,.wav,WAV,22050,1,PCM_16,3.0,66150,132344,20f02d3a388cb84be919f6a287cbcfeb84a6aee7a94e8838715d7223946eec38,0.4243617653846741,0.929718017578125,0.00019652305366591082,True,True,False,False,Found in isolated folder,KEEP_AFTER_RESAMPLING,False,
Harmonium,harmonium,533.wav,Harmonium\533.wav,.wav,WAV,22050,1,PCM_16,3.0,66150,132344,e9ffbd9cc5c8d79296b4a2d016e36e1d7b8ab3f9c36f3a3330aa804cd51838d7,0.46518802642822266,0.92852783203125,0.0001511715797430083,True,True,False,False,Found in isolated folder,KEEP_AFTER_RESAMPLING,False,
Harmonium,harmonium,534.wav,Harmonium\534.wav,.wav,WAV,22050,1,PCM_16,3.0,66150,132344,b3f8fc5317208cdb7f1d0fc7142665c61eabb65d4dc21eceb446bd22c5eabfa0,0.43740907311439514,0.926849365234375,0.00012093726379440664,True,True,False,False,Found in isolated folder,KEEP_AFTER_RESAMPLING,False,
Harmonium,harmonium,535.wav,Harmonium\535.wav,.wav,WAV,22050,1,PCM_16,3.0,66150,132344,2a909722c9c1b8eb563a1d0d77a40827562ba9b3e2d62e2e1122014fc59a2009,0.3714524507522583,0.932830810546875,0.0002418745275888133,True,True,False,False,Found in isolated folder,KEEP_AFTER_RESAMPLING,False,
Harmonium,harmonium,536.wav,Harmonium\536.wav,.wav,WAV,22050,1,PCM_16,3.0,66150,132344,fbbede9d48d0bb3c03122e7e9f774c7a684cdc4f8eabcca324c4ba9c59526000,0.4411747455596924,0.92706298828125,0.00012093726379440664,True,True,False,False,Found in isolated folder,KEEP_AFTER_RESAMPLING,False,
Harmonium,harmonium,537.wav,Harmonium\537.wav,.wav,WAV,22050,1,PCM_16,3.0,66150,132344,1d4a5fffd05cb6fc113a4e725916c8779955e42cfdbe1c5e416ec8659d0a5827,0.39952224493026733,0.922119140625,0.00031746031746031746,True,True,False,False,Found in isolated folder,KEEP_AFTER_RESAMPLING,False,
Harmonium,harmonium,538.wav,Harmonium\538.wav,.wav,WAV,22050,1,PCM_16,3.0,66150,132344,a6b8989f16239b7fcffe08860842c56d61b8e32c0537ce6747a0f8f43e1b8b85,0.41784825921058655,0.9300537109375,0.00018140589569160998,True,True,False,False,Found in isolated folder,KEEP_AFTER_RESAMPLING,False,
Harmonium,harmonium,539.wav,Harmonium\539.wav,.wav,WAV,22050,1,PCM_16,3.0,66150,132344,29c89f4197a7974f5cd4c1fa95e49a2ea5bfab1a28c26342613a221c3e9fc0ef,0.37949830293655396,0.92523193359375,0.00018140589569160998,True,True,False,False,Found in isolated folder,KEEP_AFTER_RESAMPLING,False,
Harmonium,harmonium,54.wav,Harmonium\54.wav,.wav,WAV,22050,1,PCM_16,3.0,66150,132344,e9926348fad0bbaa702c6e512ba086a96a710dd1472428fecd0283e06a399119,0.4273134171962738,0.9244384765625,0.00013605442176870748,True,True,False,False,Found in isolated folder,KEEP_AFTER_RESAMPLING,False,
Harmonium,harmonium,540.wav,Harmonium\540.wav,.wav,WAV,22050,1,PCM_16,3.0,66150,132344,4aa14ca9666476d4a392c155cd2477bbc20feef0391bd9ca7db82e8dce787185,0.42663809657096863,0.9302978515625,0.0002418745275888133,True,True,False,False,Found in isolated folder,KEEP_AFTER_RESAMPLING,False,
Harmonium,harmonium,541.wav,Harmonium\541.wav,.wav,WAV,22050,1,PCM_16,3.0,66150,132344,d875635383e21a5a93c3bd5370b9e49a7622091d33ecc5f2e6ba304ed6f09dc0,0.4681754410266876,0.927581787109375,0.00010582010582010582,True,True,False,False,Found in isolated folder,KEEP_AFTER_RESAMPLING,False,
Harmonium,harmonium,542.wav,Harmonium\542.wav,.wav,WAV,22050,1,PCM_16,3.0,66150,132344,590ea44c38f1a8ef93068517f02dc631ffb694d05fa471cab79993c6a1e29133,0.43722882866859436,0.921478271484375,0.00016628873771730915,True,True,False,False,Found in isolated folder,KEEP_AFTER_RESAMPLING,False,
Harmonium,harmonium,543.wav,Harmonium\543.wav,.wav,WAV,22050,1,PCM_16,3.0,66150,132344,3cd60bdb349e0e3e42b9fc193c5603bb27f017dc0c248cf8fffdcd6f6154074d,0.36508432030677795,0.9266357421875,0.0002569916855631141,True,True,False,False,Found in isolated folder,KEEP_AFTER_RESAMPLING,False,
Harmonium,harmonium,544.wav,Harmonium\544.wav,.wav,WAV,22050,1,PCM_16,3.0,66150,132344,e9c6c6df5acf45ed5cff098dd2000c7d1909fc4b813b9fa078289510fb2ca898,0.4478338062763214,0.92486572265625,0.00016628873771730915,True,True,False,False,Found in isolated folder,KEEP_AFTER_RESAMPLING,False,
Harmonium,harmonium,545.wav,Harmonium\545.wav,.wav,WAV,22050,1,PCM_16,3.0,66150,132344,e857e307fe988622a9723b8bcce74c7ef142882639dce80ed2380183e1849447,0.3968680500984192,0.9254150390625,0.0003023431594860166,True,True,False,False,Found in isolated folder,KEEP_AFTER_RESAMPLING,False,
Harmonium,harmonium,546.wav,Harmonium\546.wav,.wav,WAV,22050,1,PCM_16,3.0,66150,132344,03618417ac683ed67bf73888fccc0c7bbbee74fc86c6a7c88609807b191a48fd,0.42139917612075806,0.919219970703125,0.00027210884353741496,True,True,False,False,Found in isolated folder,KEEP_AFTER_RESAMPLING,False,
Harmonium,harmonium,547.wav,Harmonium\547.wav,.wav,WAV,22050,1,PCM_16,3.0,66150,132344,56198ee41970493bf3aaf9448c41842f3ffe15bd5772f5b197ab06f9f3f2f81f,0.3769051134586334,0.921966552734375,0.0001511715797430083,True,True,False,False,Found in isolated folder,KEEP_AFTER_RESAMPLING,False,
Harmonium,harmonium,548.wav,Harmonium\548.wav,.wav,WAV,22050,1,PCM_16,3.0,66150,132344,d7d4fd8da68a91c7f1b038a2dc9cc94efbd2d304b5f618d210520b6c8743f190,0.43212515115737915,0.92547607421875,0.00018140589569160998,True,True,False,False,Found in isolated folder,KEEP_AFTER_RESAMPLING,False,
Harmonium,harmonium,549.wav,Harmonium\549.wav,.wav,WAV,22050,1,PCM_16,3.0,66150,132344,37817e3ee4a7ee21bbd5a3b8d41e1cf2a9736c6e896975433b98a41b550730f2,0.4651879370212555,0.928680419921875,0.00010582010582010582,True,True,False,False,Found in isolated folder,KEEP_AFTER_RESAMPLING,False,
Harmonium,harmonium,55.wav,Harmonium\55.wav,.wav,WAV,22050,1,PCM_16,3.0,66150,132344,ced1b93eb42af455e6df24b86f81f8ad5004d81748a3d313ef5e00fe56fe40af,0.3872426748275757,0.92474365234375,0.00022675736961451248,True,True,False,False,Found in isolated folder,KEEP_AFTER_RESAMPLING,False,
Harmonium,harmonium,550.wav,Harmonium\550.wav,.wav,WAV,22050,1,PCM_16,3.0,66150,132344,c1a56e6085f7228a02b950f13f61d0971108a13e9cd447816ef1047235d47727,0.44045695662498474,0.927459716796875,0.0001511715797430083,True,True,False,False,Found in isolated folder,KEEP_AFTER_RESAMPLING,False,
Harmonium,harmonium,551.wav,Harmonium\551.wav,.wav,WAV,22050,1,PCM_16,3.0,66150,132344,a37606eed72f89912e85340c3f3a6a30557ec2ea600c963311b94fb227d56ae7,0.3736519515514374,0.925079345703125,0.00043839758125472413,True,True,False,False,Found in isolated folder,KEEP_AFTER_RESAMPLING,False,
Harmonium,harmonium,552.wav,Harmonium\552.wav,.wav,WAV,22050,1,PCM_16,3.0,66150,132344,2c334b8ef8e3b32ab6efdb7355d7951f4edc739dfff1cb2a358f02dcb6da67a0,0.43996116518974304,0.92620849609375,0.0002569916855631141,True,True,False,False,Found in isolated folder,KEEP_AFTER_RESAMPLING,False,
Harmonium,harmonium,553.wav,Harmonium\553.wav,.wav,WAV,22050,1,PCM_16,3.0,66150,132344,493de9f83d54eac85c1838bd03664211dd5d0cae5816f6344902e5c4bb7dac62,0.40278375148773193,0.9241943359375,0.00018140589569160998,True,True,False,False,Found in isolated folder,KEEP_AFTER_RESAMPLING,False,
Harmonium,harmonium,554.wav,Harmonium\554.wav,.wav,WAV,22050,1,PCM_16,3.0,66150,132344,bbfd9accfca9ed03b187bd613402a036e1fac55a34542a56193f62f6e920ab0a,0.42320263385772705,0.928466796875,0.0001511715797430083,True,True,False,False,Found in isolated folder,KEEP_AFTER_RESAMPLING,False,
Harmonium,harmonium,555.wav,Harmonium\555.wav,.wav,WAV,22050,1,PCM_16,3.0,66150,132344,d28f7fda62ff739782a99bf4a3ac748d335b3f6fcd0513a7f1b17bd467c18a1d,0.3771222233772278,0.919891357421875,0.00018140589569160998,True,True,False,False,Found in isolated folder,KEEP_AFTER_RESAMPLING,False,
Harmonium,harmonium,556.wav,Harmonium\556.wav,.wav,WAV,22050,1,PCM_16,3.0,66150,132344,9b9f01ac85cf1a2b20b49e7cb45cdb80bee726291176a8ba2f233c0b7e9c85ed,0.42867767810821533,0.926361083984375,0.00012093726379440664,True,True,False,False,Found in isolated folder,KEEP_AFTER_RESAMPLING,False,
Harmonium,harmonium,557.wav,Harmonium\557.wav,.wav,WAV,22050,1,PCM_16,3.0,66150,132344,8c78494d3b9639cc0eae14d5dc558b7d26364ed1f0ae3db262a34988b6cd5141,0.45640668272972107,0.92938232421875,0.00021164021164021165,True,True,False,False,Found in isolated folder,KEEP_AFTER_RESAMPLING,False,
Harmonium,harmonium,558.wav,Harmonium\558.wav,.wav,WAV,22050,1,PCM_16,3.0,66150,132344,bb6729082af34271d59ad3f74575cb521644bf3feae090dc90b506942405983c,0.4458097219467163,0.92510986328125,0.00021164021164021165,True,True,False,False,Found in isolated folder,KEEP_AFTER_RESAMPLING,False,
Harmonium,harmonium,559.wav,Harmonium\559.wav,.wav,WAV,22050,1,PCM_16,3.0,66150,132344,47faa3d3c3daccde953333eafe01bcc25f395b046bdd130cd02c1c2fa852bcb6,0.36934229731559753,0.92529296875,0.0003325774754346183,True,True,False,False,Found in isolated folder,KEEP_AFTER_RESAMPLING,False,
Harmonium,harmonium,56.wav,Harmonium\56.wav,.wav,WAV,22050,1,PCM_16,3.0,66150,132344,66a3e1494f4a0e615d219c9a564db997607ca78f7fd6e79370fd9fa2c860e7a4,0.3780134916305542,0.923492431640625,0.00040816326530612246,True,True,False,False,Found in isolated folder,KEEP_AFTER_RESAMPLING,False,
Harmonium,harmonium,560.wav,Harmonium\560.wav,.wav,WAV,22050,1,PCM_16,3.0,66150,132344,58068cb047e38833b93dd46958ded33a7180bf6b594ad86227644a580b408069,0.4453405439853668,0.923004150390625,9.070294784580499e-05,True,True,False,False,Found in isolated folder,KEEP_AFTER_RESAMPLING,False,
Harmonium,harmonium,561.wav,Harmonium\561.wav,.wav,WAV,22050,1,PCM_16,3.0,66150,132344,1e1c75f5cf8076f6feebf7f58c0fe4bfd4a441852466736e80c82708e2ca334f,0.3991345167160034,0.92596435546875,0.00021164021164021165,True,True,False,False,Found in isolated folder,KEEP_AFTER_RESAMPLING,False,
Harmonium,harmonium,562.wav,Harmonium\562.wav,.wav,WAV,22050,1,PCM_16,3.0,66150,132344,8c2a1f3668fa5658f8affb99eff994d5378aefa1ad9af92291a2560f5db9c20a,0.4218486249446869,0.924407958984375,0.00018140589569160998,True,True,False,False,Found in isolated folder,KEEP_AFTER_RESAMPLING,False,
Harmonium,harmonium,563.wav,Harmonium\563.wav,.wav,WAV,22050,1,PCM_16,3.0,66150,132344,891b2dec7c1441361e596242bc059d5bf14fb19c941f792bdc6226e73059eefe,0.38115108013153076,0.934783935546875,0.00018140589569160998,True,True,False,False,Found in isolated folder,KEEP_AFTER_RESAMPLING,False,
Harmonium,harmonium,564.wav,Harmonium\564.wav,.wav,WAV,22050,1,PCM_16,3.0,66150,132344,d9c4521c0bed593c571791682b6d1e074cdf0a1047a9425a2150c0bb98feb2e7,0.42939114570617676,0.931671142578125,0.00019652305366591082,True,True,False,False,Found in isolated folder,KEEP_AFTER_RESAMPLING,False,
Harmonium,harmonium,565.wav,Harmonium\565.wav,.wav,WAV,22050,1,PCM_16,3.0,66150,132344,380a0e21ad8dde4593d3e23f8b17292d834d9db20d0fb6bf6de41ca7a22dbe52,0.4824078381061554,0.924102783203125,4.5351473922902495e-05,True,True,False,False,Found in isolated folder,KEEP_AFTER_RESAMPLING,False,
Harmonium,harmonium,566.wav,Harmonium\566.wav,.wav,WAV,22050,1,PCM_16,3.0,66150,132344,042591f3864d258732543002dcb114f0962b5a0bc575994e72f420ff115518f4,0.46121540665626526,0.92529296875,0.00022675736961451248,True,True,False,False,Found in isolated folder,KEEP_AFTER_RESAMPLING,False,
Harmonium,harmonium,567.wav,Harmonium\567.wav,.wav,WAV,22050,1,PCM_16,3.0,66150,132344,f98f418e6c254d49038d9c46f228f4fdf347b03914d3cad979f5b32b6042835f,0.36895790696144104,0.92840576171875,0.0002569916855631141,True,True,False,False,Found in isolated folder,KEEP_AFTER_RESAMPLING,False,
Harmonium,harmonium,568.wav,Harmonium\568.wav,.wav,WAV,22050,1,PCM_16,3.0,66150,132344,2cf4dcd353aa2334a0560c3558167634bb6b7dbb34195cdc8d2a1fe1ded419d7,0.4448058605194092,0.925750732421875,0.00022675736961451248,True,True,False,False,Found in isolated folder,KEEP_AFTER_RESAMPLING,False,
Harmonium,harmonium,569.wav,Harmonium\569.wav,.wav,WAV,22050,1,PCM_16,3.0,66150,132344,bccef9f95efb60821fbf939f3b621e74dfc7064d4751b01dc8c2f4d931c21a93,0.39997154474258423,0.9248046875,0.0001511715797430083,True,True,False,False,Found in isolated folder,KEEP_AFTER_RESAMPLING,False,
Harmonium,harmonium,57.wav,Harmonium\57.wav,.wav,WAV,22050,1,PCM_16,3.0,66150,132344,4a40134207fd6803d5397fb816d55db1d69aa769f63623ba41aa1ee6b132f884,0.377069354057312,0.923828125,0.00034769463340891913,True,True,False,False,Found in isolated folder,KEEP_AFTER_RESAMPLING,False,
Harmonium,harmonium,570.wav,Harmonium\570.wav,.wav,WAV,22050,1,PCM_16,3.0,66150,132344,8a6beb863f994a3e75d357f631721c9e52f4437c2908663d7e742e705cc159df,0.4122215509414673,0.929534912109375,0.00012093726379440664,True,True,False,False,Found in isolated folder,KEEP_AFTER_RESAMPLING,False,
Harmonium,harmonium,571.wav,Harmonium\571.wav,.wav,WAV,22050,1,PCM_16,3.0,66150,132344,d42487a738d7b9ef2fdf1a7e73831c0dff5b272f58020de623ffcca9078dc4af,0.3836461305618286,0.92333984375,0.00016628873771730915,True,True,False,False,Found in isolated folder,KEEP_AFTER_RESAMPLING,False,
Harmonium,harmonium,572.wav,Harmonium\572.wav,.wav,WAV,22050,1,PCM_16,3.0,66150,132344,a44c0323cee6a5e18f90eebe4731f6df2286670cbc7b9d0251576b07720cb21d,0.4199641942977905,0.932373046875,0.00016628873771730915,True,True,False,False,Found in isolated folder,KEEP_AFTER_RESAMPLING,False,
Harmonium,harmonium,573.wav,Harmonium\573.wav,.wav,WAV,22050,1,PCM_16,3.0,66150,132344,cf3004e025859e006c4eb9d881da083117665697ff2d799021209d85ab10a4af,0.46505874395370483,0.92791748046875,9.070294784580499e-05,True,True,False,False,Found in isolated folder,KEEP_AFTER_RESAMPLING,False,
Harmonium,harmonium,574.wav,Harmonium\574.wav,.wav,WAV,22050,1,PCM_16,3.0,66150,132344,104925c14e3f8833c6bd8ba28479c3f0f90c608d329e1bbc9a4002e61f171f5f,0.4380355775356293,0.925201416015625,0.00019652305366591082,True,True,False,False,Found in isolated folder,KEEP_AFTER_RESAMPLING,False,
Harmonium,harmonium,575.wav,Harmonium\575.wav,.wav,WAV,22050,1,PCM_16,3.0,66150,132344,7134411cbf807bed75b73b71e0c64f74262072b5834aa9b3b3d426f6cefc8c0c,0.37137100100517273,0.92486572265625,0.00022675736961451248,True,True,False,False,Found in isolated folder,KEEP_AFTER_RESAMPLING,False,
Harmonium,harmonium,576.wav,Harmonium\576.wav,.wav,WAV,22050,1,PCM_16,3.0,66150,132344,2380df2d510e01d4b4c0ad6a8840532782188a139686600fa72a507efb1eb57c,0.4447958469390869,0.9263916015625,0.0001511715797430083,True,True,False,False,Found in isolated folder,KEEP_AFTER_RESAMPLING,False,
Harmonium,harmonium,577.wav,Harmonium\577.wav,.wav,WAV,22050,1,PCM_16,3.0,66150,132344,58739851698db34d0ba91900d63246c07dcb51ef598d5b1d7357a955fdaa9da7,0.3973936140537262,0.924652099609375,0.00021164021164021165,True,True,False,False,Found in isolated folder,KEEP_AFTER_RESAMPLING,False,
Harmonium,harmonium,578.wav,Harmonium\578.wav,.wav,WAV,22050,1,PCM_16,3.0,66150,132344,a9cb8f999abe0d8f6fbc45c308c1cc0ed6c2f147b3b957b1c292748e6bde2836,0.4157072603702545,0.927947998046875,0.00010582010582010582,True,True,False,False,Found in isolated folder,KEEP_AFTER_RESAMPLING,False,
Harmonium,harmonium,579.wav,Harmonium\579.wav,.wav,WAV,22050,1,PCM_16,3.0,66150,132344,bdad5596ef85de656411739f45569caa247551a456e69637bbfec1b04983b600,0.3807956576347351,0.92333984375,0.00021164021164021165,True,True,False,False,Found in isolated folder,KEEP_AFTER_RESAMPLING,False,
Harmonium,harmonium,58.wav,Harmonium\58.wav,.wav,WAV,22050,1,PCM_16,3.0,66150,132344,730081dabccb73d8813e189c9ed42750696def4af0a39faf15ffe4b6831ad8eb,0.4296226501464844,0.92474365234375,0.00021164021164021165,True,True,False,False,Found in isolated folder,KEEP_AFTER_RESAMPLING,False,
Harmonium,harmonium,580.wav,Harmonium\580.wav,.wav,WAV,22050,1,PCM_16,3.0,66150,132344,20d2f5e747dcb88493133ff4c299098216fe753be1e9c2f705a16715b338944d,0.42312031984329224,0.928924560546875,0.00019652305366591082,True,True,False,False,Found in isolated folder,KEEP_AFTER_RESAMPLING,False,
Harmonium,harmonium,581.wav,Harmonium\581.wav,.wav,WAV,22050,1,PCM_16,3.0,66150,132344,0425adff7aced31717ce719f86496a36c1241719dc87d5d5b91e3d7f64d4cb91,0.4670597314834595,0.922882080078125,0.0001511715797430083,True,True,False,False,Found in isolated folder,KEEP_AFTER_RESAMPLING,False,
Harmonium,harmonium,582.wav,Harmonium\582.wav,.wav,WAV,22050,1,PCM_16,3.0,66150,132344,b5b0f7c1d9719fdd291241db68b96ec24c886ee3017136750323f08d248e006f,0.4347134530544281,0.927490234375,0.00016628873771730915,True,True,False,False,Found in isolated folder,KEEP_AFTER_RESAMPLING,False,
Harmonium,harmonium,583.wav,Harmonium\583.wav,.wav,WAV,22050,1,PCM_16,3.0,66150,132344,e6b7daf1f51e949cd6bcd95a27040bf96b13f89d1bc15d21e226beeb30a3f3aa,0.371083527803421,0.93890380859375,0.00027210884353741496,True,True,False,False,Found in isolated folder,KEEP_AFTER_RESAMPLING,False,
Harmonium,harmonium,584.wav,Harmonium\584.wav,.wav,WAV,22050,1,PCM_16,3.0,66150,132344,9b53ad03b26ce6933726fa0f999f3535c1b91590c504bc648728ab667ae376b5,0.44678300619125366,0.922943115234375,0.00019652305366591082,True,True,False,False,Found in isolated folder,KEEP_AFTER_RESAMPLING,False,
Harmonium,harmonium,585.wav,Harmonium\585.wav,.wav,WAV,22050,1,PCM_16,3.0,66150,132344,9dfaa9155e4debb7f9be34a169ca0339d63c8a1d28e5ac2fb3c3f1783dbb1ed1,0.39564841985702515,0.923248291015625,0.00021164021164021165,True,True,False,False,Found in isolated folder,KEEP_AFTER_RESAMPLING,False,
Harmonium,harmonium,586.wav,Harmonium\586.wav,.wav,WAV,22050,1,PCM_16,3.0,66150,132344,a5211f1841f1593535519c7eb340ee71dc9ef842fe43e018b4ad0f6bc867164d,0.4205140769481659,0.920440673828125,0.0006953892668178383,True,True,False,False,Found in isolated folder,KEEP_AFTER_RESAMPLING,False,
Harmonium,harmonium,587.wav,Harmonium\587.wav,.wav,WAV,22050,1,PCM_16,3.0,66150,132344,a1b281a14f317a44bfcb74d18cf1e9c03e013c51d2b2fcf36f0c2d56d3cac938,0.37752634286880493,0.92401123046875,0.00010582010582010582,True,True,False,False,Found in isolated folder,KEEP_AFTER_RESAMPLING,False,
Harmonium,harmonium,588.wav,Harmonium\588.wav,.wav,WAV,22050,1,PCM_16,3.0,66150,132344,c9f3851a79bdef5f727cf8ab14e7b88193ee16271051906aa4b5bf605920ae62,0.42837685346603394,0.92523193359375,0.00018140589569160998,True,True,False,False,Found in isolated folder,KEEP_AFTER_RESAMPLING,False,
Harmonium,harmonium,589.wav,Harmonium\589.wav,.wav,WAV,22050,1,PCM_16,3.0,66150,132344,9195779455cd810e5537faa3c463f81dcabb5ccae098d903752703be138d7425,0.46038714051246643,0.920745849609375,9.070294784580499e-05,True,True,False,False,Found in isolated folder,KEEP_AFTER_RESAMPLING,False,
Harmonium,harmonium,59.wav,Harmonium\59.wav,.wav,WAV,22050,1,PCM_16,3.0,66150,132344,4f2fef757d03e0a9bb84e468cd8af43ad6535f7139d78ebd88b793b15d75f582,0.38545122742652893,0.92242431640625,0.00019652305366591082,True,True,False,False,Found in isolated folder,KEEP_AFTER_RESAMPLING,False,
Harmonium,harmonium,590.wav,Harmonium\590.wav,.wav,WAV,22050,1,PCM_16,3.0,66150,132344,3b5c39188a66e951a8d4045cd9fa2a8dfb456c5c2deeeb0355203a582d112459,0.4409670829772949,0.9224853515625,0.0002872260015117158,True,True,False,False,Found in isolated folder,KEEP_AFTER_RESAMPLING,False,
Harmonium,harmonium,591.wav,Harmonium\591.wav,.wav,WAV,22050,1,PCM_16,3.0,66150,132344,6ca7c9da6b61f0a7069a0a87bf144f6b34395cc25a4fb13d632e01b4f0768e90,0.36719992756843567,0.928009033203125,0.0003325774754346183,True,True,False,False,Found in isolated folder,KEEP_AFTER_RESAMPLING,False,
Harmonium,harmonium,592.wav,Harmonium\592.wav,.wav,WAV,22050,1,PCM_16,3.0,66150,132344,4c1ad75ded4894c84a9d71637399b499d36ce8c12d802a39a30918c17f411cf3,0.44009914994239807,0.92626953125,0.0001511715797430083,True,True,False,False,Found in isolated folder,KEEP_AFTER_RESAMPLING,False,
Harmonium,harmonium,593.wav,Harmonium\593.wav,.wav,WAV,22050,1,PCM_16,3.0,66150,132344,2760ae3ead3a67b2a3474bc240d8685c38eb0b97b91830c761da4f6189b386b5,0.39830026030540466,0.9266357421875,0.0002418745275888133,True,True,False,False,Found in isolated folder,KEEP_AFTER_RESAMPLING,False,
Harmonium,harmonium,594.wav,Harmonium\594.wav,.wav,WAV,22050,1,PCM_16,3.0,66150,132344,70b2f79f5046e3c2e2ebfbadd7548d1dafd966213c9e79d9697429bae7646730,0.4161246716976166,0.9310302734375,0.00022675736961451248,True,True,False,False,Found in isolated folder,KEEP_AFTER_RESAMPLING,False,
Harmonium,harmonium,595.wav,Harmonium\595.wav,.wav,WAV,22050,1,PCM_16,3.0,66150,132344,c0546ea58e7e7d7f6a5a02b632d132dc511a9c8fef19971456815d40e7f621e4,0.37932977080345154,0.920806884765625,0.00012093726379440664,True,True,False,False,Found in isolated folder,KEEP_AFTER_RESAMPLING,False,
Harmonium,harmonium,596.wav,Harmonium\596.wav,.wav,WAV,22050,1,PCM_16,3.0,66150,132344,81eaf02bd2b5e1629765eafbe3d223fff8a45abfd8f5c26f580e08bf04e20f5d,0.4252537786960602,0.9268798828125,0.0001511715797430083,True,True,False,False,Found in isolated folder,KEEP_AFTER_RESAMPLING,False,
Harmonium,harmonium,597.wav,Harmonium\597.wav,.wav,WAV,22050,1,PCM_16,3.0,66150,132344,bb92446e259816880b283739e18ad1f186076fffbf1d649d9d35fbf5b42b4c80,0.46370819211006165,0.926788330078125,6.046863189720332e-05,True,True,False,False,Found in isolated folder,KEEP_AFTER_RESAMPLING,False,
Harmonium,harmonium,598.wav,Harmonium\598.wav,.wav,WAV,22050,1,PCM_16,3.0,66150,132344,27387f09b1bdc9a7e748ed56fc8c4594febcc971094e433fc683d208edb39c09,0.43889495730400085,0.927215576171875,0.00022675736961451248,True,True,False,False,Found in isolated folder,KEEP_AFTER_RESAMPLING,False,
Harmonium,harmonium,599.wav,Harmonium\599.wav,.wav,WAV,22050,1,PCM_16,3.0,66150,132344,d6d27c261712468042a9675b1a717a1a9baeda6867b4c20d91cfa0c1d146957f,0.3766546845436096,0.930511474609375,0.0002418745275888133,True,True,False,False,Found in isolated folder,KEEP_AFTER_RESAMPLING,False,
Harmonium,harmonium,6.wav,Harmonium\6.wav,.wav,WAV,22050,1,PCM_16,3.0,66150,132344,f223464bf5397fdc0a13dc1906c32916a8c4e3c02c416c668d40a3ba5c969af8,0.4272151589393616,0.926177978515625,0.00018140589569160998,True,True,False,False,Found in isolated folder,KEEP_AFTER_RESAMPLING,False,
Harmonium,harmonium,60.wav,Harmonium\60.wav,.wav,WAV,22050,1,PCM_16,3.0,66150,132344,daece430d2a0bbcb914fd64738f38b631c1edfb88d3569f887cac34ee84b246f,0.3829321563243866,0.925140380859375,0.00027210884353741496,True,True,False,False,Found in isolated folder,KEEP_AFTER_RESAMPLING,False,
Harmonium,harmonium,600.wav,Harmonium\600.wav,.wav,WAV,22050,1,PCM_16,3.0,66150,132344,e915eecf2b786cb98dc38af0bb0357688ea2c1b3a4eeca235dc889fe90ee440e,0.43892958760261536,0.92578125,0.00022675736961451248,True,True,False,False,Found in isolated folder,KEEP_AFTER_RESAMPLING,False,
Harmonium,harmonium,601.wav,Harmonium\601.wav,.wav,WAV,22050,1,PCM_16,3.0,66150,132344,ac59e0bcb9183bcb0b73200786ac9431c6e4b0138f0eeeace7b3b07c709e09f6,0.4019848704338074,0.93060302734375,0.00022675736961451248,True,True,False,False,Found in isolated folder,KEEP_AFTER_RESAMPLING,False,
Harmonium,harmonium,602.wav,Harmonium\602.wav,.wav,WAV,22050,1,PCM_16,3.0,66150,132344,fd5be3bd4e02b43f29958dfaac6efacab4da70d90b7d1959e8deabed45fa673a,0.4124087393283844,0.92852783203125,0.0003779289493575208,True,True,False,False,Found in isolated folder,KEEP_AFTER_RESAMPLING,False,
Harmonium,harmonium,603.wav,Harmonium\603.wav,.wav,WAV,22050,1,PCM_16,3.0,66150,132344,4b539f60c6de6c0305a5e6b504574b1e475e012c5f396a1ef0f362a6c82bb419,0.3785604238510132,0.928436279296875,0.00021164021164021165,True,True,False,False,Found in isolated folder,KEEP_AFTER_RESAMPLING,False,
Harmonium,harmonium,604.wav,Harmonium\604.wav,.wav,WAV,22050,1,PCM_16,3.0,66150,132344,4ce0aa887b19b435f9db97c9c547bdb91e0dac19dfefb5fa3a0a05edfb1f1ba5,0.4235377609729767,0.926605224609375,0.00013605442176870748,True,True,False,False,Found in isolated folder,KEEP_AFTER_RESAMPLING,False,
Harmonium,harmonium,605.wav,Harmonium\605.wav,.wav,WAV,22050,1,PCM_16,3.0,66150,132344,f8675abfe1c70a5149b19bbd80ba538cf65fc7fbdfe8800811ea7178dd6c24cd,0.4661318063735962,0.933441162109375,7.558578987150416e-05,True,True,False,False,Found in isolated folder,KEEP_AFTER_RESAMPLING,False,
Harmonium,harmonium,606.wav,Harmonium\606.wav,.wav,WAV,22050,1,PCM_16,3.0,66150,132344,5c745f6ce28610628f7616a8bd713be63ab9df82c7a01666b661df8d4a21648e,0.46027302742004395,0.924530029296875,0.00021164021164021165,True,True,False,False,Found in isolated folder,KEEP_AFTER_RESAMPLING,False,
Harmonium,harmonium,607.wav,Harmonium\607.wav,.wav,WAV,22050,1,PCM_16,3.0,66150,132344,4feff06c7d0e73eee2311981e8602c8e546ca5cfc263eceb83a39ac4470cbc29,0.37294405698776245,0.92669677734375,0.00034769463340891913,True,True,False,False,Found in isolated folder,KEEP_AFTER_RESAMPLING,False,
Harmonium,harmonium,608.wav,Harmonium\608.wav,.wav,WAV,22050,1,PCM_16,3.0,66150,132344,599b95fb3a9cb3ef28c5645fdea74130bef38453e2f41f290b7a9016fb2bc0e6,0.444672554731369,0.925628662109375,0.00010582010582010582,True,True,False,False,Found in isolated folder,KEEP_AFTER_RESAMPLING,False,
Harmonium,harmonium,609.wav,Harmonium\609.wav,.wav,WAV,22050,1,PCM_16,3.0,66150,132344,1d3f1a775493409b214cf0f9fd1d8e008f6c9f7a43c5c618901d524bf8fad6be,0.39967837929725647,0.9283447265625,0.00019652305366591082,True,True,False,False,Found in isolated folder,KEEP_AFTER_RESAMPLING,False,
Harmonium,harmonium,61.wav,Harmonium\61.wav,.wav,WAV,22050,1,PCM_16,3.0,66150,132344,4eb20abc0563ac4158ab2b32d35209cfc6b6bc6dfc339e43ffde97c9310c6258,0.3783951699733734,0.92779541015625,0.00019652305366591082,True,True,False,False,Found in isolated folder,KEEP_AFTER_RESAMPLING,False,
Harmonium,harmonium,610.wav,Harmonium\610.wav,.wav,WAV,22050,1,PCM_16,3.0,66150,132344,5d66f959860f790d78b665edc5f04ab8c6b8943f7f7800c25985417834ef559b,0.42114967107772827,0.927490234375,0.0002569916855631141,True,True,False,False,Found in isolated folder,KEEP_AFTER_RESAMPLING,False,
Harmonium,harmonium,611.wav,Harmonium\611.wav,.wav,WAV,22050,1,PCM_16,3.0,66150,132344,eb646780ee5c74b469c96b37b236556f57eb3d095127395d1fceb04d3b36383a,0.3791128993034363,0.923370361328125,0.00022675736961451248,True,True,False,False,Found in isolated folder,KEEP_AFTER_RESAMPLING,False,
Harmonium,harmonium,612.wav,Harmonium\612.wav,.wav,WAV,22050,1,PCM_16,3.0,66150,132344,a478cac41ad41abfc6d42ded645a58af1d657ca9cbe4e5be0aff110be126c70a,0.427285760641098,0.929229736328125,0.00018140589569160998,True,True,False,False,Found in isolated folder,KEEP_AFTER_RESAMPLING,False,
Harmonium,harmonium,613.wav,Harmonium\613.wav,.wav,WAV,22050,1,PCM_16,3.0,66150,132344,dde83217f937637677fab0eaf9dcb8bf6a9bf632c0b643844bf41ab3c6bd2cc3,0.4637313187122345,0.923492431640625,0.0001511715797430083,True,True,False,False,Found in isolated folder,KEEP_AFTER_RESAMPLING,False,
Harmonium,harmonium,614.wav,Harmonium\614.wav,.wav,WAV,22050,1,PCM_16,3.0,66150,132344,c0bd636712bef4fdd81efbbb90308abdc75bd49fd1d22dd474eda00f092e4a11,0.4389541745185852,0.927154541015625,0.00013605442176870748,True,True,False,False,Found in isolated folder,KEEP_AFTER_RESAMPLING,False,
Harmonium,harmonium,615.wav,Harmonium\615.wav,.wav,WAV,22050,1,PCM_16,3.0,66150,132344,54255aa9204a750ad41dc9f146c6195ade2bf44a8bdcecc5f4b09aafa048f920,0.36954641342163086,0.927581787109375,0.0003779289493575208,True,True,False,False,Found in isolated folder,KEEP_AFTER_RESAMPLING,False,
Harmonium,harmonium,616.wav,Harmonium\616.wav,.wav,WAV,22050,1,PCM_16,3.0,66150,132344,ffc36805b73639b7dd63c3052d8b549ffb167937857b186627c64d75d8e5a7e9,0.4406621754169464,0.92578125,0.00019652305366591082,True,True,False,False,Found in isolated folder,KEEP_AFTER_RESAMPLING,False,
Harmonium,harmonium,617.wav,Harmonium\617.wav,.wav,WAV,22050,1,PCM_16,3.0,66150,132344,fd095be1ac6a3cc148689fbd635f007d4045880b5d6bcfb4d860d05a9ac69dee,0.3938016891479492,0.925018310546875,0.00022675736961451248,True,True,False,False,Found in isolated folder,KEEP_AFTER_RESAMPLING,False,
Harmonium,harmonium,618.wav,Harmonium\618.wav,.wav,WAV,22050,1,PCM_16,3.0,66150,132344,42501eca6a63c43d6008b7f29ff373e22524f0b8fd26575ba396538276064d90,0.4203740060329437,0.925750732421875,0.0002418745275888133,True,True,False,False,Found in isolated folder,KEEP_AFTER_RESAMPLING,False,
Harmonium,harmonium,619.wav,Harmonium\619.wav,.wav,WAV,22050,1,PCM_16,3.0,66150,132344,4f89b2f996e749ef6c7cbb5460b8de049563bf2cb02c8046cf18d946d13807f0,0.3827320635318756,0.92724609375,0.00016628873771730915,True,True,False,False,Found in isolated folder,KEEP_AFTER_RESAMPLING,False,
Harmonium,harmonium,62.wav,Harmonium\62.wav,.wav,WAV,22050,1,PCM_16,3.0,66150,132344,7a1d312506c28905388377b16f4a53caad5d51a03a6cd8aaef619aeafcb435c0,0.43382781744003296,0.921630859375,6.046863189720332e-05,True,True,False,False,Found in isolated folder,KEEP_AFTER_RESAMPLING,False,
Harmonium,harmonium,620.wav,Harmonium\620.wav,.wav,WAV,22050,1,PCM_16,3.0,66150,132344,d84054c5fd25b8fea713df9bce12f94031614afc799528e9c79c769cb21197cb,0.42173030972480774,0.930145263671875,0.00016628873771730915,True,True,False,False,Found in isolated folder,KEEP_AFTER_RESAMPLING,False,
Harmonium,harmonium,621.wav,Harmonium\621.wav,.wav,WAV,22050,1,PCM_16,3.0,66150,132344,24b4e4fb619127e14f6949f5a053271ce681f1abbd7db4f44ff27a1e7cda87e0,0.46468597650527954,0.923370361328125,6.046863189720332e-05,True,True,False,False,Found in isolated folder,KEEP_AFTER_RESAMPLING,False,
Harmonium,harmonium,622.wav,Harmonium\622.wav,.wav,WAV,22050,1,PCM_16,3.0,66150,132344,98b1d8b5b0391fb848f175ed72783e9b3660462383173855150029da7e82ad57,0.43720170855522156,0.92291259765625,0.00022675736961451248,True,True,False,False,Found in isolated folder,KEEP_AFTER_RESAMPLING,False,
Harmonium,harmonium,623.wav,Harmonium\623.wav,.wav,WAV,22050,1,PCM_16,3.0,66150,132344,9b59a1baf230aa6f05064f16929c958d3b7e5bb54c7ca18f41869c364a16b7a9,0.3689633309841156,0.92828369140625,0.00022675736961451248,True,True,False,False,Found in isolated folder,KEEP_AFTER_RESAMPLING,False,
Harmonium,harmonium,624.wav,Harmonium\624.wav,.wav,WAV,22050,1,PCM_16,3.0,66150,132344,bcf668e61deea6ba06260eb0a8eef7e846173c9b738c971d5f835b4255ea9523,0.4453940987586975,0.928375244140625,0.00019652305366591082,True,True,False,False,Found in isolated folder,KEEP_AFTER_RESAMPLING,False,
Harmonium,harmonium,625.wav,Harmonium\625.wav,.wav,WAV,22050,1,PCM_16,3.0,66150,132344,2b9beea2482dae7f8aa219e78b95df3ffa7ab347bf2189069aa25ffb8b380759,0.3997943699359894,0.926177978515625,0.0002872260015117158,True,True,False,False,Found in isolated folder,KEEP_AFTER_RESAMPLING,False,
Harmonium,harmonium,626.wav,Harmonium\626.wav,.wav,WAV,22050,1,PCM_16,3.0,66150,132344,d1575612dc631ec672bddaca448d1a3764490c1c0f37a4b0ebe289222ec5b80c,0.42310553789138794,0.91845703125,0.0001511715797430083,True,True,False,False,Found in isolated folder,KEEP_AFTER_RESAMPLING,False,
Harmonium,harmonium,627.wav,Harmonium\627.wav,.wav,WAV,22050,1,PCM_16,3.0,66150,132344,1a21c5035c5584f45568ca78f271689012a6f813d2d3343675bfc9c38dd0ad62,0.3792870044708252,0.919708251953125,0.0002418745275888133,True,True,False,False,Found in isolated folder,KEEP_AFTER_RESAMPLING,False,
Harmonium,harmonium,628.wav,Harmonium\628.wav,.wav,WAV,22050,1,PCM_16,3.0,66150,132344,492309188bf17703de225bfdc2c30771f7e0462f74a2f2dcee7cd926bbf2c2d5,0.42138731479644775,0.927978515625,0.00016628873771730915,True,True,False,False,Found in isolated folder,KEEP_AFTER_RESAMPLING,False,
Harmonium,harmonium,629.wav,Harmonium\629.wav,.wav,WAV,22050,1,PCM_16,3.0,66150,132344,e019a53246346be534d856f6cebabc428ef75fb45b62968c16a3beac67716807,0.4662674069404602,0.924957275390625,7.558578987150416e-05,True,True,False,False,Found in isolated folder,KEEP_AFTER_RESAMPLING,False,
Harmonium,harmonium,63.wav,Harmonium\63.wav,.wav,WAV,22050,1,PCM_16,3.0,66150,132344,da330272dee7bc2ff21877fded7014622350b9b618944619d9a48d74be4b50f4,0.382159948348999,0.92608642578125,0.0002872260015117158,True,True,False,False,Found in isolated folder,KEEP_AFTER_RESAMPLING,False,
Harmonium,harmonium,630.wav,Harmonium\630.wav,.wav,WAV,22050,1,PCM_16,3.0,66150,132344,95abf9142950a9ae6b0972b9ea2ea7d8b9f21536cba9de1fdfbfcc69cb8b40f1,0.44032129645347595,0.93048095703125,0.00021164021164021165,True,True,False,False,Found in isolated folder,KEEP_AFTER_RESAMPLING,False,
Harmonium,harmonium,631.wav,Harmonium\631.wav,.wav,WAV,22050,1,PCM_16,3.0,66150,132344,a520485633bba18325091a137b153dfdaedb91b3918c44acfa87dc19b7b4929b,0.37063145637512207,0.92498779296875,0.0002418745275888133,True,True,False,False,Found in isolated folder,KEEP_AFTER_RESAMPLING,False,
Harmonium,harmonium,632.wav,Harmonium\632.wav,.wav,WAV,22050,1,PCM_16,3.0,66150,132344,218d8ecfc9b70f333f842a004cb7c0cc0ae395fe0aff63233f6769083dc0f8fe,0.452497273683548,0.923126220703125,0.0001511715797430083,True,True,False,False,Found in isolated folder,KEEP_AFTER_RESAMPLING,False,
Harmonium,harmonium,633.wav,Harmonium\633.wav,.wav,WAV,22050,1,PCM_16,3.0,66150,132344,c9995884b77690054664bccf24d3d9f141a479ca592fe6c7f20242e6b88aa7df,0.39672911167144775,0.928497314453125,0.00021164021164021165,True,True,False,False,Found in isolated folder,KEEP_AFTER_RESAMPLING,False,
Harmonium,harmonium,634.wav,Harmonium\634.wav,.wav,WAV,22050,1,PCM_16,3.0,66150,132344,0b75be6161d72bc4fd0884e4f8ff6be7d4b6107141e9678fad14de707829c509,0.416459321975708,0.92767333984375,0.00013605442176870748,True,True,False,False,Found in isolated folder,KEEP_AFTER_RESAMPLING,False,
Harmonium,harmonium,635.wav,Harmonium\635.wav,.wav,WAV,22050,1,PCM_16,3.0,66150,132344,1be166bbc960ecbda5f523340dd15cd04125b386ecb710244975554783e0a948,0.38211342692375183,0.920379638671875,0.00012093726379440664,True,True,False,False,Found in isolated folder,KEEP_AFTER_RESAMPLING,False,
Harmonium,harmonium,636.wav,Harmonium\636.wav,.wav,WAV,22050,1,PCM_16,3.0,66150,132344,80e7b3ee1ea8333cb40cc6ac424ab02ea29d17c487bd6645894524a71669a68e,0.42505091428756714,0.93487548828125,0.00016628873771730915,True,True,False,False,Found in isolated folder,KEEP_AFTER_RESAMPLING,False,
Harmonium,harmonium,637.wav,Harmonium\637.wav,.wav,WAV,22050,1,PCM_16,3.0,66150,132344,e8150c77dc094e8a0ef8ca80c048e7149a209a41d873daeb3deccc837a484053,0.46239736676216125,0.921356201171875,0.00012093726379440664,True,True,False,False,Found in isolated folder,KEEP_AFTER_RESAMPLING,False,
Harmonium,harmonium,638.wav,Harmonium\638.wav,.wav,WAV,22050,1,PCM_16,3.0,66150,132344,e0ec8dda6b269bcdaec5c6574946cda1d6e4d9f6f1bbb5f9a68596d487ad2f54,0.4428310692310333,0.923980712890625,0.0002569916855631141,True,True,False,False,Found in isolated folder,KEEP_AFTER_RESAMPLING,False,
Harmonium,harmonium,639.wav,Harmonium\639.wav,.wav,WAV,22050,1,PCM_16,3.0,66150,132344,f63938ee548004978624cc299101aa41efca0231bba88ba0a7cef11d91776bb7,0.3662562966346741,0.925323486328125,0.00022675736961451248,True,True,False,False,Found in isolated folder,KEEP_AFTER_RESAMPLING,False,
Harmonium,harmonium,64.wav,Harmonium\64.wav,.wav,WAV,22050,1,PCM_16,3.0,66150,132344,4cb8ce26f57d07424a270448181222269fb4cd8e59bb7ccd40d7973b109fc422,0.38050219416618347,0.925689697265625,0.0002872260015117158,True,True,False,False,Found in isolated folder,KEEP_AFTER_RESAMPLING,False,
Harmonium,harmonium,640.wav,Harmonium\640.wav,.wav,WAV,22050,1,PCM_16,3.0,66150,132344,1ba4e1700d2580bdee758f22113963f31198be6c62a457e45967e2b53434d628,0.44527962803840637,0.9229736328125,0.00016628873771730915,True,True,False,False,Found in isolated folder,KEEP_AFTER_RESAMPLING,False,
Harmonium,harmonium,641.wav,Harmonium\641.wav,.wav,WAV,22050,1,PCM_16,3.0,66150,132344,11229835f631f0bffdfad977d38b5d15262b18f3ed3017a8313b08351d5efbed,0.39299634099006653,0.926055908203125,0.00016628873771730915,True,True,False,False,Found in isolated folder,KEEP_AFTER_RESAMPLING,False,
Harmonium,harmonium,642.wav,Harmonium\642.wav,.wav,WAV,22050,1,PCM_16,3.0,66150,132344,9a7f6bbb8bb88823dfe26973d082a70600bfb54a50648b3de842921a2b49852e,0.41564276814460754,0.925933837890625,0.00016628873771730915,True,True,False,False,Found in isolated folder,KEEP_AFTER_RESAMPLING,False,
Harmonium,harmonium,643.wav,Harmonium\643.wav,.wav,WAV,22050,1,PCM_16,3.0,66150,132344,bddf1e68e029cf86fcf84304607fb37e22e65e6692c0fbd9c0489dad2ef17e17,0.38346755504608154,0.92291259765625,0.00016628873771730915,True,True,False,False,Found in isolated folder,KEEP_AFTER_RESAMPLING,False,
Harmonium,harmonium,644.wav,Harmonium\644.wav,.wav,WAV,22050,1,PCM_16,3.0,66150,132344,249da45cff0cd564d34caaa0b798c04c300edcac2d9a748dc0ada6ccee3a5d4d,0.4253801107406616,0.923126220703125,0.00010582010582010582,True,True,False,False,Found in isolated folder,KEEP_AFTER_RESAMPLING,False,
Harmonium,harmonium,645.wav,Harmonium\645.wav,.wav,WAV,22050,1,PCM_16,3.0,66150,132344,f0cfec960dcde2428e42a966697f67edaf86afa015c68b942f51fefc64890e53,0.4711645543575287,0.930816650390625,0.00012093726379440664,True,True,False,False,Found in isolated folder,KEEP_AFTER_RESAMPLING,False,
Harmonium,harmonium,646.wav,Harmonium\646.wav,.wav,WAV,22050,1,PCM_16,3.0,66150,132344,f37962557d5f8619b34c408fed9b9630b03e3f01a0b23f12d59a28e9e39ef6a5,0.4560301899909973,0.927490234375,0.0002569916855631141,True,True,False,False,Found in isolated folder,KEEP_AFTER_RESAMPLING,False,
Harmonium,harmonium,647.wav,Harmonium\647.wav,.wav,WAV,22050,1,PCM_16,3.0,66150,132344,aa1a72568f3ed60e6a21553d09fc529e2e63ce262974e9e721e407a3a785ae41,0.37802746891975403,0.926513671875,0.0002872260015117158,True,True,False,False,Found in isolated folder,KEEP_AFTER_RESAMPLING,False,
Harmonium,harmonium,648.wav,Harmonium\648.wav,.wav,WAV,22050,1,PCM_16,3.0,66150,132344,2ea34cec59465c3dd6d93ead8ce0f528c3fa40c075f0210d209962af825a5852,0.4530366063117981,0.922698974609375,0.00013605442176870748,True,True,False,False,Found in isolated folder,KEEP_AFTER_RESAMPLING,False,
Harmonium,harmonium,649.wav,Harmonium\649.wav,.wav,WAV,22050,1,PCM_16,3.0,66150,132344,2a89319330d39b080e62549f084513692b6b75e63089648f36499200f6f441ce,0.3982677161693573,0.92144775390625,0.00013605442176870748,True,True,False,False,Found in isolated folder,KEEP_AFTER_RESAMPLING,False,
Harmonium,harmonium,65.wav,Harmonium\65.wav,.wav,WAV,22050,1,PCM_16,3.0,66150,132344,4d2ae5ba827868bf9f4b4137073d5abef7208857ba61d042c2cfdf6b987df376,0.38302773237228394,0.925811767578125,0.0002418745275888133,True,True,False,False,Found in isolated folder,KEEP_AFTER_RESAMPLING,False,
Harmonium,harmonium,650.wav,Harmonium\650.wav,.wav,WAV,22050,1,PCM_16,3.0,66150,132344,a295acc8e5aa21d9297585a8aa5d478ebd27d22e01601594ec52f22274aa70f9,0.4131968021392822,0.930572509765625,0.00010582010582010582,True,True,False,False,Found in isolated folder,KEEP_AFTER_RESAMPLING,False,
Harmonium,harmonium,651.wav,Harmonium\651.wav,.wav,WAV,22050,1,PCM_16,3.0,66150,132344,6ec5ec57161be19c8eaaec48122dc51594d05d9858970a5ab6329fbb23813e58,0.3809790015220642,0.921112060546875,0.00010582010582010582,True,True,False,False,Found in isolated folder,KEEP_AFTER_RESAMPLING,False,
Harmonium,harmonium,652.wav,Harmonium\652.wav,.wav,WAV,22050,1,PCM_16,3.0,66150,132344,bf57a79c9a8cb1121c6147c4af7b2637d97cdf157e41c962b5b8eeb1be97e067,0.4263049066066742,0.928741455078125,0.00019652305366591082,True,True,False,False,Found in isolated folder,KEEP_AFTER_RESAMPLING,False,
Harmonium,harmonium,653.wav,Harmonium\653.wav,.wav,WAV,22050,1,PCM_16,3.0,66150,132344,983b86859676c3db313f2b8e83c9d71ec4cac8cc0c5a1c6b87f6c8872fb98e79,0.465221643447876,0.92364501953125,0.00010582010582010582,True,True,False,False,Found in isolated folder,KEEP_AFTER_RESAMPLING,False,
Harmonium,harmonium,654.wav,Harmonium\654.wav,.wav,WAV,22050,1,PCM_16,3.0,66150,132344,397b75dba4a48ad3607add7af0ecd705b44b920d2991d145736a0bae72a3fa5d,0.44364288449287415,0.93212890625,7.558578987150416e-05,True,True,False,False,Found in isolated folder,KEEP_AFTER_RESAMPLING,False,
Harmonium,harmonium,655.wav,Harmonium\655.wav,.wav,WAV,22050,1,PCM_16,3.0,66150,132344,2ea8f9720ffc4d1bf7327ecfd558a6c77bb8149a27545c1a3e74564649f0aee6,0.37390586733818054,0.932708740234375,0.0003325774754346183,True,True,False,False,Found in isolated folder,KEEP_AFTER_RESAMPLING,False,
Harmonium,harmonium,656.wav,Harmonium\656.wav,.wav,WAV,22050,1,PCM_16,3.0,66150,132344,f1ac68bd6eabcc63e0bc38225697a67de6ef7bc3083d0a0a8371cac40b3f7336,0.4428280293941498,0.92266845703125,0.00013605442176870748,True,True,False,False,Found in isolated folder,KEEP_AFTER_RESAMPLING,False,
Harmonium,harmonium,657.wav,Harmonium\657.wav,.wav,WAV,22050,1,PCM_16,3.0,66150,132344,271a0442e61f1d44f1a48ee218b6948e2337618afbf6a749769507d6942f2f02,0.3999096751213074,0.922210693359375,7.558578987150416e-05,True,True,False,False,Found in isolated folder,KEEP_AFTER_RESAMPLING,False,
Harmonium,harmonium,658.wav,Harmonium\658.wav,.wav,WAV,22050,1,PCM_16,3.0,66150,132344,88ffb014984f08eadf186f7c33554b7475ef2783dc0ba3d0c502c6633760d27c,0.42145249247550964,0.9293212890625,0.0001511715797430083,True,True,False,False,Found in isolated folder,KEEP_AFTER_RESAMPLING,False,
Harmonium,harmonium,659.wav,Harmonium\659.wav,.wav,WAV,22050,1,PCM_16,3.0,66150,132344,33fb98c8197f3399a26db3754396e50648060ec2e1a71bf9430ffb3bd5020524,0.37914225459098816,0.927032470703125,9.070294784580499e-05,True,True,False,False,Found in isolated folder,KEEP_AFTER_RESAMPLING,False,
Harmonium,harmonium,66.wav,Harmonium\66.wav,.wav,WAV,22050,1,PCM_16,3.0,66150,132344,7449d03807a8357a9256a4d0119174bffddee8423fa05936e6c6d26ec12b4d3b,0.42862972617149353,0.929473876953125,0.00036281179138321996,True,True,False,False,Found in isolated folder,KEEP_AFTER_RESAMPLING,False,
Harmonium,harmonium,660.wav,Harmonium\660.wav,.wav,WAV,22050,1,PCM_16,3.0,66150,132344,0890aa2cccb0313b1f7c6d2bc049449ad904a739ad6365b66ed8244bd6f957c5,0.42963746190071106,0.925811767578125,0.00012093726379440664,True,True,False,False,Found in isolated folder,KEEP_AFTER_RESAMPLING,False,
Harmonium,harmonium,661.wav,Harmonium\661.wav,.wav,WAV,22050,1,PCM_16,3.0,66150,132344,c643f3d4f628116640c430483c845cc2d527c5e62c91db75eae878e0a098c40d,0.463093638420105,0.927215576171875,9.070294784580499e-05,True,True,False,False,Found in isolated folder,KEEP_AFTER_RESAMPLING,False,
Harmonium,harmonium,662.wav,Harmonium\662.wav,.wav,WAV,22050,1,PCM_16,3.0,66150,132344,3ba57352647e7fb25cfaa9f59326da259688e94408856f3ed29baaebc5280847,0.4369596540927887,0.921630859375,0.00019652305366591082,True,True,False,False,Found in isolated folder,KEEP_AFTER_RESAMPLING,False,
Harmonium,harmonium,663.wav,Harmonium\663.wav,.wav,WAV,22050,1,PCM_16,3.0,66150,132344,ffd73f2ca1397a8a31a67aa4567f7f7469b128fb1ca25f73fcb23224946ad927,0.37059324979782104,0.9229736328125,0.0002569916855631141,True,True,False,False,Found in isolated folder,KEEP_AFTER_RESAMPLING,False,
Harmonium,harmonium,664.wav,Harmonium\664.wav,.wav,WAV,22050,1,PCM_16,3.0,66150,132344,e312bfdae2dd18f0b76a5738ccdacaf38d342f9a31fd73dd3740516fc631fca3,0.44242748618125916,0.9254150390625,0.00016628873771730915,True,True,False,False,Found in isolated folder,KEEP_AFTER_RESAMPLING,False,
Harmonium,harmonium,665.wav,Harmonium\665.wav,.wav,WAV,22050,1,PCM_16,3.0,66150,132344,9617f66708a7edd9920db5480db6ef3b6a75adaead2f74ed6788a60cc12bc38f,0.39882582426071167,0.929534912109375,0.00021164021164021165,True,True,False,False,Found in isolated folder,KEEP_AFTER_RESAMPLING,False,
Harmonium,harmonium,666.wav,Harmonium\666.wav,.wav,WAV,22050,1,PCM_16,3.0,66150,132344,de00db1ccefaabb515a233004a41be0019a52e36c676f79283ded52f8af5eddf,0.4184081554412842,0.92547607421875,0.00019652305366591082,True,True,False,False,Found in isolated folder,KEEP_AFTER_RESAMPLING,False,
Harmonium,harmonium,667.wav,Harmonium\667.wav,.wav,WAV,22050,1,PCM_16,3.0,66150,132344,44b41ab4f4fe8b7010b6aa476b756d7ba420639949b46ebb0faa6e3aaa163b3d,0.37694817781448364,0.91973876953125,0.00010582010582010582,True,True,False,False,Found in isolated folder,KEEP_AFTER_RESAMPLING,False,
Harmonium,harmonium,668.wav,Harmonium\668.wav,.wav,WAV,22050,1,PCM_16,3.0,66150,132344,7360dfacc20a53f77f14bfbdd36eb554681699e12c47f91bdbecee1e8d3d6995,0.4276312589645386,0.936279296875,0.00016628873771730915,True,True,False,False,Found in isolated folder,KEEP_AFTER_RESAMPLING,False,
Harmonium,harmonium,669.wav,Harmonium\669.wav,.wav,WAV,22050,1,PCM_16,3.0,66150,132344,d4f1a8e7fa94cb2fe39f8dc9c411aedc0dc93e2f14c95388e5bac11f1edbf4b5,0.46468913555145264,0.932403564453125,0.0001511715797430083,True,True,False,False,Found in isolated folder,KEEP_AFTER_RESAMPLING,False,
Harmonium,harmonium,67.wav,Harmonium\67.wav,.wav,WAV,22050,1,PCM_16,3.0,66150,132344,28a03a3df6ab8cb8617f461bc9841767c33ff87e74bc863839da94a545135f24,0.3838975429534912,0.92724609375,0.0004232804232804233,True,True,False,False,Found in isolated folder,KEEP_AFTER_RESAMPLING,False,
Harmonium,harmonium,670.wav,Harmonium\670.wav,.wav,WAV,22050,1,PCM_16,3.0,66150,132344,95794ae117ecfd8b2e9e7e10e7a67fcff39d8387b86bbafa9bf23225635757f8,0.43404003977775574,0.9290771484375,0.00018140589569160998,True,True,False,False,Found in isolated folder,KEEP_AFTER_RESAMPLING,False,
Harmonium,harmonium,671.wav,Harmonium\671.wav,.wav,WAV,22050,1,PCM_16,3.0,66150,132344,8f83131be4d83de172df850d221966331fd49b7b88dca9c6b72d17571c44a343,0.3667803108692169,0.927337646484375,0.00036281179138321996,True,True,False,False,Found in isolated folder,KEEP_AFTER_RESAMPLING,False,
Harmonium,harmonium,672.wav,Harmonium\672.wav,.wav,WAV,22050,1,PCM_16,3.0,66150,132344,88410b3faac6fedc46a81282da6eb971385292ad275e1a426fff48b787cefa44,0.44343313574790955,0.928924560546875,0.00018140589569160998,True,True,False,False,Found in isolated folder,KEEP_AFTER_RESAMPLING,False,
Harmonium,harmonium,673.wav,Harmonium\673.wav,.wav,WAV,22050,1,PCM_16,3.0,66150,132344,16496bbfe524e29346d987d40e24f0e7689dd55fb14f62d45d0129fd4b10c54b,0.40108051896095276,0.92254638671875,0.00027210884353741496,True,True,False,False,Found in isolated folder,KEEP_AFTER_RESAMPLING,False,
Harmonium,harmonium,674.wav,Harmonium\674.wav,.wav,WAV,22050,1,PCM_16,3.0,66150,132344,5ef9c8471cabb9bda7b01c287977b37bf7e4a1c7d5d4fcf0f04fd74641257c7f,0.4161921441555023,0.9322509765625,0.00010582010582010582,True,True,False,False,Found in isolated folder,KEEP_AFTER_RESAMPLING,False,
Harmonium,harmonium,675.wav,Harmonium\675.wav,.wav,WAV,22050,1,PCM_16,3.0,66150,132344,7eff671933d1d4d40d60c229da4e6ff3e6dd1a9ed39fd94d15402f49a0ea78b5,0.3827784061431885,0.921783447265625,0.00019652305366591082,True,True,False,False,Found in isolated folder,KEEP_AFTER_RESAMPLING,False,
Harmonium,harmonium,676.wav,Harmonium\676.wav,.wav,WAV,22050,1,PCM_16,3.0,66150,132344,dcd89ad44c212cd19b99107588bb7411570966a4c7e6edc5a56a40c3d8e4cd55,0.42181336879730225,0.936737060546875,0.00021164021164021165,True,True,False,False,Found in isolated folder,KEEP_AFTER_RESAMPLING,False,
Harmonium,harmonium,677.wav,Harmonium\677.wav,.wav,WAV,22050,1,PCM_16,3.0,66150,132344,2cfcfe8c172f8c607dfcab3ae21be4e8079eea9c78025e7a1569ca4f5206e057,0.46797123551368713,0.925079345703125,0.00018140589569160998,True,True,False,False,Found in isolated folder,KEEP_AFTER_RESAMPLING,False,
Harmonium,harmonium,678.wav,Harmonium\678.wav,.wav,WAV,22050,1,PCM_16,3.0,66150,132344,990f2b877d2afc3435a04de08746f48a31dc250a117a8faade656636b6abed70,0.4369092285633087,0.930999755859375,0.00021164021164021165,True,True,False,False,Found in isolated folder,KEEP_AFTER_RESAMPLING,False,
Harmonium,harmonium,679.wav,Harmonium\679.wav,.wav,WAV,22050,1,PCM_16,3.0,66150,132344,038e1eeac6f7497da4a61647f316828c8e957e31012f694795d9435287175726,0.36762458086013794,0.9310302734375,0.00018140589569160998,True,True,False,False,Found in isolated folder,KEEP_AFTER_RESAMPLING,False,
Harmonium,harmonium,68.wav,Harmonium\68.wav,.wav,WAV,22050,1,PCM_16,3.0,66150,132344,ba87573777729de95c85fb99a831b6ab9f99cf02f6165ccc498d60369da4f6a9,0.3778606355190277,0.921905517578125,0.00022675736961451248,True,True,False,False,Found in isolated folder,KEEP_AFTER_RESAMPLING,False,
Harmonium,harmonium,680.wav,Harmonium\680.wav,.wav,WAV,22050,1,PCM_16,3.0,66150,132344,794380dc902b3b3f1ec63af3c991c6381cd23f8cbe03e6f18859909b678ee128,0.4472953677177429,0.9210205078125,0.00021164021164021165,True,True,False,False,Found in isolated folder,KEEP_AFTER_RESAMPLING,False,
Harmonium,harmonium,681.wav,Harmonium\681.wav,.wav,WAV,22050,1,PCM_16,3.0,66150,132344,3a617510cca155124cd0296b20ec8762733806753c54ec49ad2f187c79da3889,0.3986166715621948,0.923309326171875,0.00012093726379440664,True,True,False,False,Found in isolated folder,KEEP_AFTER_RESAMPLING,False,
Harmonium,harmonium,682.wav,Harmonium\682.wav,.wav,WAV,22050,1,PCM_16,3.0,66150,132344,a0e9d0fa68e9a618ae3700cf869beb74353c0b1edd19364b1887ef7e96d2d8b3,0.4169791638851166,0.924591064453125,0.00012093726379440664,True,True,False,False,Found in isolated folder,KEEP_AFTER_RESAMPLING,False,
Harmonium,harmonium,683.wav,Harmonium\683.wav,.wav,WAV,22050,1,PCM_16,3.0,66150,132344,c10c75f607c8b445ff8e9bc57a6a7c15147bdab5cf1ce85eb9ad20e944bfc6b1,0.37972787022590637,0.922454833984375,0.00016628873771730915,True,True,False,False,Found in isolated folder,KEEP_AFTER_RESAMPLING,False,
Harmonium,harmonium,684.wav,Harmonium\684.wav,.wav,WAV,22050,1,PCM_16,3.0,66150,132344,bd58a2f4fddc07ba7bd0e1ae7fa796aa9e3928eefc9a8d45f7bbff24991de929,0.4227570593357086,0.926666259765625,0.00013605442176870748,True,True,False,False,Found in isolated folder,KEEP_AFTER_RESAMPLING,False,
Harmonium,harmonium,685.wav,Harmonium\685.wav,.wav,WAV,22050,1,PCM_16,3.0,66150,132344,a936e0d714c8c105963171daa01217d7ca1d08ff9c5acd6aea3be241daff499f,0.4670608341693878,0.927734375,0.00010582010582010582,True,True,False,False,Found in isolated folder,KEEP_AFTER_RESAMPLING,False,
Harmonium,harmonium,686.wav,Harmonium\686.wav,.wav,WAV,22050,1,PCM_16,3.0,66150,132344,c948ed07a7abca7ae4522c63010aa9f40ecdc149604bfea9ee7a236d76dab339,0.4498903751373291,0.9228515625,0.00021164021164021165,True,True,False,False,Found in isolated folder,KEEP_AFTER_RESAMPLING,False,
Harmonium,harmonium,687.wav,Harmonium\687.wav,.wav,WAV,22050,1,PCM_16,3.0,66150,132344,a7f422eb6434e5c94e173192356e965acb0b5a9060e8a92f23fe99a1f8452baf,0.3747912347316742,0.925933837890625,0.0003779289493575208,True,True,False,False,Found in isolated folder,KEEP_AFTER_RESAMPLING,False,
Harmonium,harmonium,688.wav,Harmonium\688.wav,.wav,WAV,22050,1,PCM_16,3.0,66150,132344,8a67a462d7e5b531dbca3b57ae6731dabd3af705df54775cc44b7e93a026bf74,0.4520231783390045,0.9251708984375,0.00018140589569160998,True,True,False,False,Found in isolated folder,KEEP_AFTER_RESAMPLING,False,
Harmonium,harmonium,689.wav,Harmonium\689.wav,.wav,WAV,22050,1,PCM_16,3.0,66150,132344,946bcb1f14b4ad61a57849bca9bc0962d8e1f6cbefdea6f4c6b5334d79e7e14a,0.39460116624832153,0.9312744140625,0.0001511715797430083,True,True,False,False,Found in isolated folder,KEEP_AFTER_RESAMPLING,False,
Harmonium,harmonium,69.wav,Harmonium\69.wav,.wav,WAV,22050,1,PCM_16,3.0,66150,132344,991f5660f4d7204da1c730f0b298a12d4f4ab4229a579faf31b67a5ebd1d3d37,0.3816107213497162,0.930938720703125,0.0002418745275888133,True,True,False,False,Found in isolated folder,KEEP_AFTER_RESAMPLING,False,
Harmonium,harmonium,690.wav,Harmonium\690.wav,.wav,WAV,22050,1,PCM_16,3.0,66150,132344,cfaa0f91e1f17870e76cf3e714237488ab9b38aaaf95ab45ee45279a7ced3d6c,0.41278910636901855,0.931365966796875,0.00010582010582010582,True,True,False,False,Found in isolated folder,KEEP_AFTER_RESAMPLING,False,
Harmonium,harmonium,691.wav,Harmonium\691.wav,.wav,WAV,22050,1,PCM_16,3.0,66150,132344,e536bac2ac8ef6e930b8f0e88ed76da59428d9684d4bd3de3d1d946e650f910e,0.3816600739955902,0.92535400390625,9.070294784580499e-05,True,True,False,False,Found in isolated folder,KEEP_AFTER_RESAMPLING,False,
Harmonium,harmonium,692.wav,Harmonium\692.wav,.wav,WAV,22050,1,PCM_16,3.0,66150,132344,2846cb297ffef6fa07f881fe7c4c6c14e0151654b224a0271a2373e9aa3d9ce1,0.4254744350910187,0.930023193359375,0.00018140589569160998,True,True,False,False,Found in isolated folder,KEEP_AFTER_RESAMPLING,False,
Harmonium,harmonium,693.wav,Harmonium\693.wav,.wav,WAV,22050,1,PCM_16,3.0,66150,132344,0649c43317962fe46c5e589d97cc8b4f353abd4b5c1b53d41d5bdee8211e0546,0.45912113785743713,0.92681884765625,0.00018140589569160998,True,True,False,False,Found in isolated folder,KEEP_AFTER_RESAMPLING,False,
Harmonium,harmonium,694.wav,Harmonium\694.wav,.wav,WAV,22050,1,PCM_16,3.0,66150,132344,6fdcbfac14105b0576be28a688a0af8f58a7a9914d5921d3fd28f19d39ce81d4,0.4430908262729645,0.943695068359375,0.0001511715797430083,True,True,False,False,Found in isolated folder,KEEP_AFTER_RESAMPLING,False,
Harmonium,harmonium,695.wav,Harmonium\695.wav,.wav,WAV,22050,1,PCM_16,3.0,66150,132344,ce65bff1c3256b2c4b54fab895b8181cc84108b86b45d209472b23f90ea08390,0.3734534978866577,0.92999267578125,0.00021164021164021165,True,True,False,False,Found in isolated folder,KEEP_AFTER_RESAMPLING,False,
Harmonium,harmonium,696.wav,Harmonium\696.wav,.wav,WAV,22050,1,PCM_16,3.0,66150,132344,fbbe5218ea4038638b321969dd3ca600a3965f0800df6e801df94038e924b2e0,0.44723430275917053,0.9298095703125,0.00016628873771730915,True,True,False,False,Found in isolated folder,KEEP_AFTER_RESAMPLING,False,
Harmonium,harmonium,697.wav,Harmonium\697.wav,.wav,WAV,22050,1,PCM_16,3.0,66150,132344,05bf04fd748759827a891503cf7a27312e704d9bcf82d2a3c54c2a877c9b55c7,0.39642584323883057,0.921173095703125,0.00019652305366591082,True,True,False,False,Found in isolated folder,KEEP_AFTER_RESAMPLING,False,
Harmonium,harmonium,698.wav,Harmonium\698.wav,.wav,WAV,22050,1,PCM_16,3.0,66150,132344,80987e70d625880d1efa48b3d6c4dbd157e4db85463d60295235adfea7a8411c,0.41486334800720215,0.9232177734375,0.00018140589569160998,True,True,False,False,Found in isolated folder,KEEP_AFTER_RESAMPLING,False,
Harmonium,harmonium,699.wav,Harmonium\699.wav,.wav,WAV,22050,1,PCM_16,3.0,66150,132344,0c667ca010e3ca142baf07519ff1e7e3b381c261d8781eccad02b9eee612d935,0.3782050907611847,0.922760009765625,9.070294784580499e-05,True,True,False,False,Found in isolated folder,KEEP_AFTER_RESAMPLING,False,
Harmonium,harmonium,7.wav,Harmonium\7.wav,.wav,WAV,22050,1,PCM_16,3.0,66150,132344,23d80586476850a6bde681436c7b7be4ed6c6a1842d84c52ce99ad263693d0ca,0.38719767332077026,0.921722412109375,0.00022675736961451248,True,True,False,False,Found in isolated folder,KEEP_AFTER_RESAMPLING,False,
Harmonium,harmonium,70.wav,Harmonium\70.wav,.wav,WAV,22050,1,PCM_16,3.0,66150,132344,367762c4d1033a29d7135c763d2c4e2ef18051e222b7aa91ccb78e6da4e4d800,0.42730000615119934,0.931427001953125,0.00021164021164021165,True,True,False,False,Found in isolated folder,KEEP_AFTER_RESAMPLING,False,
Harmonium,harmonium,700.wav,Harmonium\700.wav,.wav,WAV,22050,1,PCM_16,3.0,66150,132344,d6d65fa87ae028644b7dce4708d9c6257e3cc102fe8350cf376d6b1578534fad,0.4304448962211609,0.9332275390625,0.00012093726379440664,True,True,False,False,Found in isolated folder,KEEP_AFTER_RESAMPLING,False,
Harmonium,harmonium,701.wav,Harmonium\701.wav,.wav,WAV,22050,1,PCM_16,3.0,66150,132344,3f5716cbd95dcb3e1781f327f16e468a5085ff5e666d5c4b51c04d67802ac02b,0.46001148223876953,0.92633056640625,0.00012093726379440664,True,True,False,False,Found in isolated folder,KEEP_AFTER_RESAMPLING,False,
Harmonium,harmonium,702.wav,Harmonium\702.wav,.wav,WAV,22050,1,PCM_16,3.0,66150,132344,1a22c792299a7f8764898042439d58a2c9bbd31f790abe94ab9f31118f76e7ff,0.44323763251304626,0.936492919921875,0.00013605442176870748,True,True,False,False,Found in isolated folder,KEEP_AFTER_RESAMPLING,False,
Harmonium,harmonium,703.wav,Harmonium\703.wav,.wav,WAV,22050,1,PCM_16,3.0,66150,132344,bf4c26ab234c833a2d6d6d05a23341a8573ff719ddb89d3603bcc5fb695dc516,0.37232983112335205,0.927642822265625,0.0002872260015117158,True,True,False,False,Found in isolated folder,KEEP_AFTER_RESAMPLING,False,
Harmonium,harmonium,704.wav,Harmonium\704.wav,.wav,WAV,22050,1,PCM_16,3.0,66150,132344,5132bbb2962ed4a5397241f479b19ba320f2a3f6726f23e5db1b2e0875a37464,0.4451460540294647,0.925018310546875,0.0001511715797430083,True,True,False,False,Found in isolated folder,KEEP_AFTER_RESAMPLING,False,
Harmonium,harmonium,705.wav,Harmonium\705.wav,.wav,WAV,22050,1,PCM_16,3.0,66150,132344,930ff695707cc9e83487df47562ea266fdb6638e00d8d80992bad45b524ad3fe,0.4023323655128479,0.92510986328125,0.00027210884353741496,True,True,False,False,Found in isolated folder,KEEP_AFTER_RESAMPLING,False,
Harmonium,harmonium,706.wav,Harmonium\706.wav,.wav,WAV,22050,1,PCM_16,3.0,66150,132344,dd407e0bd43c1e6a9513b2722f4dd2a1d4ea2ec9f35ebb741238ebbaf00d16a3,0.42435383796691895,0.93121337890625,0.00010582010582010582,True,True,False,False,Found in isolated folder,KEEP_AFTER_RESAMPLING,False,
Harmonium,harmonium,707.wav,Harmonium\707.wav,.wav,WAV,22050,1,PCM_16,3.0,66150,132344,bcf996550b4b64277df9517b86bede337d1b5384462e2c565cc7f6d60f97dfa3,0.38079556822776794,0.927337646484375,0.0002872260015117158,True,True,False,False,Found in isolated folder,KEEP_AFTER_RESAMPLING,False,
Harmonium,harmonium,708.wav,Harmonium\708.wav,.wav,WAV,22050,1,PCM_16,3.0,66150,132344,700ef7fc737072679720959a7c307e4e8d4c88ab62ab2dc4ff9ec3526e99b4ed,0.42842453718185425,0.931640625,0.00019652305366591082,True,True,False,False,Found in isolated folder,KEEP_AFTER_RESAMPLING,False,
Harmonium,harmonium,709.wav,Harmonium\709.wav,.wav,WAV,22050,1,PCM_16,3.0,66150,132344,eea05fde408926ec38a19e262dd729e9b1b3f1286604fae44b7ed8cdcb7dda1b,0.46679818630218506,0.93017578125,0.00010582010582010582,True,True,False,False,Found in isolated folder,KEEP_AFTER_RESAMPLING,False,
Harmonium,harmonium,71.wav,Harmonium\71.wav,.wav,WAV,22050,1,PCM_16,3.0,66150,132344,63273cbbda09bbd0f79f62b7903002c0fab8124c843773791dbd562e43003f0f,0.38734328746795654,0.923431396484375,0.00022675736961451248,True,True,False,False,Found in isolated folder,KEEP_AFTER_RESAMPLING,False,
Harmonium,harmonium,710.wav,Harmonium\710.wav,.wav,WAV,22050,1,PCM_16,3.0,66150,132344,92c8aa438913e9b4eb7c697d47118b8ea1fe40e9a12d4d170042360a7f12010d,0.4384443759918213,0.9359130859375,0.00013605442176870748,True,True,False,False,Found in isolated folder,KEEP_AFTER_RESAMPLING,False,
Harmonium,harmonium,711.wav,Harmonium\711.wav,.wav,WAV,22050,1,PCM_16,3.0,66150,132344,245c49343e953cda5241234ca7358d06ad8dcdce77112c25d4c434df7a3f4655,0.37422484159469604,0.9290771484375,0.00022675736961451248,True,True,False,False,Found in isolated folder,KEEP_AFTER_RESAMPLING,False,
Harmonium,harmonium,712.wav,Harmonium\712.wav,.wav,WAV,22050,1,PCM_16,3.0,66150,132344,cf33d6a38be745a705b8bbd09e413073273682c1e7d32f0f00883607d8d76b8e,0.44302064180374146,0.92535400390625,0.00012093726379440664,True,True,False,False,Found in isolated folder,KEEP_AFTER_RESAMPLING,False,
Harmonium,harmonium,713.wav,Harmonium\713.wav,.wav,WAV,22050,1,PCM_16,3.0,66150,132344,806f7975e84c8b36a7a818839aef1a6a180aa5608285055dc62682dfb48e973b,0.39773237705230713,0.92352294921875,0.0001511715797430083,True,True,False,False,Found in isolated folder,KEEP_AFTER_RESAMPLING,False,
Harmonium,harmonium,714.wav,Harmonium\714.wav,.wav,WAV,22050,1,PCM_16,3.0,66150,132344,e7d1ad019525143a20b39e01d242ce5729a855361b3fc55c74b30e8f21ffe4df,0.4215882420539856,0.933349609375,0.00027210884353741496,True,True,False,False,Found in isolated folder,KEEP_AFTER_RESAMPLING,False,
Harmonium,harmonium,715.wav,Harmonium\715.wav,.wav,WAV,22050,1,PCM_16,3.0,66150,132344,f853fecba96d59501265c799fcceca67b73e4689b976bf2a1f23412436315152,0.3801075220108032,0.9263916015625,6.046863189720332e-05,True,True,False,False,Found in isolated folder,KEEP_AFTER_RESAMPLING,False,
Harmonium,harmonium,716.wav,Harmonium\716.wav,.wav,WAV,22050,1,PCM_16,3.0,66150,132344,40f0c5d87ac1077a34eeb4df90d4108bc918b43dbb68c5e903ef3bb4b8a4e584,0.4252542555332184,0.93084716796875,0.00010582010582010582,True,True,False,False,Found in isolated folder,KEEP_AFTER_RESAMPLING,False,
Harmonium,harmonium,717.wav,Harmonium\717.wav,.wav,WAV,22050,1,PCM_16,3.0,66150,132344,c087ea04ed8fec9fccb3da22a1581fea66207c0da4b89342f09ffda36787c1b9,0.4648423194885254,0.92462158203125,0.00019652305366591082,True,True,False,False,Found in isolated folder,KEEP_AFTER_RESAMPLING,False,
Harmonium,harmonium,718.wav,Harmonium\718.wav,.wav,WAV,22050,1,PCM_16,3.0,66150,132344,0657a2eaa5f3f9c70b0fa300f5b53113632c56122de333602889f5e8ea3055c0,0.4386688768863678,0.926544189453125,0.00016628873771730915,True,True,False,False,Found in isolated folder,KEEP_AFTER_RESAMPLING,False,
Harmonium,harmonium,719.wav,Harmonium\719.wav,.wav,WAV,22050,1,PCM_16,3.0,66150,132344,9b7d3d23c49456e24f3a50f024722d74740530833d57a853d8cea14eea23ad51,0.3691748082637787,0.933074951171875,0.00019652305366591082,True,True,False,False,Found in isolated folder,KEEP_AFTER_RESAMPLING,False,
Harmonium,harmonium,72.wav,Harmonium\72.wav,.wav,WAV,22050,1,PCM_16,3.0,66150,132344,19910569a2dcef7d1dbab458a3ab742f7e97358cd1fbc5e7173c8c34cd9f7808,0.37821444869041443,0.9212646484375,0.0002872260015117158,True,True,False,False,Found in isolated folder,KEEP_AFTER_RESAMPLING,False,
Harmonium,harmonium,720.wav,Harmonium\720.wav,.wav,WAV,22050,1,PCM_16,3.0,66150,132344,158898d8b43bf78f6524fa12421ff7c61f0c5b1935547bbfe18c883f06954b36,0.4434346854686737,0.922088623046875,0.00010582010582010582,True,True,False,False,Found in isolated folder,KEEP_AFTER_RESAMPLING,False,
Harmonium,harmonium,721.wav,Harmonium\721.wav,.wav,WAV,22050,1,PCM_16,3.0,66150,132344,cd944429a87f655c26c59e32a77fa84e70fb7d1e8be79863f060988ccf597c51,0.3988284170627594,0.92041015625,0.00019652305366591082,True,True,False,False,Found in isolated folder,KEEP_AFTER_RESAMPLING,False,
Harmonium,harmonium,722.wav,Harmonium\722.wav,.wav,WAV,22050,1,PCM_16,3.0,66150,132344,827c5a194da55f02a76d1532c7b5e5eccfeca8f67a54a9ea1bb21872d5649a2c,0.4149535000324249,0.93048095703125,0.00018140589569160998,True,True,False,False,Found in isolated folder,KEEP_AFTER_RESAMPLING,False,
Harmonium,harmonium,723.wav,Harmonium\723.wav,.wav,WAV,22050,1,PCM_16,3.0,66150,132344,8799f6a82aac0094bd47c7062c3bb15011c7c7742e337f7b69a43deeb3eb60ca,0.3825516402721405,0.92681884765625,9.070294784580499e-05,True,True,False,False,Found in isolated folder,KEEP_AFTER_RESAMPLING,False,
Harmonium,harmonium,724.wav,Harmonium\724.wav,.wav,WAV,22050,1,PCM_16,3.0,66150,132344,cfae56b3768b67139b1827bbeea629fa563e4557eab45846b93ce18bea55f39e,0.42060673236846924,0.930633544921875,0.0001511715797430083,True,True,False,False,Found in isolated folder,KEEP_AFTER_RESAMPLING,False,
Harmonium,harmonium,725.wav,Harmonium\725.wav,.wav,WAV,22050,1,PCM_16,3.0,66150,132344,9f941b3a329ea0558110dad41b1bb75ed037266cffeec50d37e681a794d3464a,0.4706480801105499,0.92755126953125,0.00013605442176870748,True,True,False,False,Found in isolated folder,KEEP_AFTER_RESAMPLING,False,
Harmonium,harmonium,726.wav,Harmonium\726.wav,.wav,WAV,22050,1,PCM_16,3.0,66150,132344,e47963dde29c324c7d53f65e6a80b3c08c169bacb7d708272843c93dfdb924c6,0.45004257559776306,0.931121826171875,0.00019652305366591082,True,True,False,False,Found in isolated folder,KEEP_AFTER_RESAMPLING,False,
Harmonium,harmonium,727.wav,Harmonium\727.wav,.wav,WAV,22050,1,PCM_16,3.0,66150,132344,34bd015e3d4e71c16939d9eb878d617608418b5f0deb3e7a2144ac946c3a2e05,0.3758402466773987,0.937255859375,0.00036281179138321996,True,True,False,False,Found in isolated folder,KEEP_AFTER_RESAMPLING,False,
Harmonium,harmonium,728.wav,Harmonium\728.wav,.wav,WAV,22050,1,PCM_16,3.0,66150,132344,f984c56b75a2f9b76f1f5cd16fa9125bb3e91c0e516b7acee0cd721ff8572ef5,0.4567677080631256,0.92205810546875,0.00018140589569160998,True,True,False,False,Found in isolated folder,KEEP_AFTER_RESAMPLING,False,
Harmonium,harmonium,729.wav,Harmonium\729.wav,.wav,WAV,22050,1,PCM_16,3.0,66150,132344,501ca084009adcc7ce362e69ec4f63c667d31d17316ce8138f1a2aac57175a26,0.4019784927368164,0.928436279296875,0.0001511715797430083,True,True,False,False,Found in isolated folder,KEEP_AFTER_RESAMPLING,False,
Harmonium,harmonium,73.wav,Harmonium\73.wav,.wav,WAV,22050,1,PCM_16,3.0,66150,132344,82ea3c87f4a974af0eb8e44978fa95a23f203fd5e236f38d551f0fe108e7ed5d,0.3770976662635803,0.92205810546875,0.00034769463340891913,True,True,False,False,Found in isolated folder,KEEP_AFTER_RESAMPLING,False,
Harmonium,harmonium,730.wav,Harmonium\730.wav,.wav,WAV,22050,1,PCM_16,3.0,66150,132344,6e746c922958fd2863893fa5cdd67687a87f69cb89eef33c322f75791a7d02c1,0.41803306341171265,0.9271240234375,0.00010582010582010582,True,True,False,False,Found in isolated folder,KEEP_AFTER_RESAMPLING,False,
Harmonium,harmonium,731.wav,Harmonium\731.wav,.wav,WAV,22050,1,PCM_16,3.0,66150,132344,e86fb780cafc04d29682a94136a6d86725d8c63024c7a474621428236115e0fa,0.3806929290294647,0.922393798828125,0.00022675736961451248,True,True,False,False,Found in isolated folder,KEEP_AFTER_RESAMPLING,False,
Harmonium,harmonium,732.wav,Harmonium\732.wav,.wav,WAV,22050,1,PCM_16,3.0,66150,132344,3ed49fd67b3831df0245aa78ee4d434569630a85a1d13ca3fb1b37b2aa868b09,0.42768213152885437,0.928741455078125,9.070294784580499e-05,True,True,False,False,Found in isolated folder,KEEP_AFTER_RESAMPLING,False,
Harmonium,harmonium,733.wav,Harmonium\733.wav,.wav,WAV,22050,1,PCM_16,3.0,66150,132344,a732866123cd2cdc6c2453af0a4c497ce353438756e6a5c3e12e66b4319d32b8,0.4690372347831726,0.925933837890625,0.00012093726379440664,True,True,False,False,Found in isolated folder,KEEP_AFTER_RESAMPLING,False,
Harmonium,harmonium,734.wav,Harmonium\734.wav,.wav,WAV,22050,1,PCM_16,3.0,66150,132344,24a5312375cab3eb0872d840984cbf53ac03d418c9e57117ad5cd864366863d9,0.4385971128940582,0.920928955078125,0.0002569916855631141,True,True,False,False,Found in isolated folder,KEEP_AFTER_RESAMPLING,False,
Harmonium,harmonium,735.wav,Harmonium\735.wav,.wav,WAV,22050,1,PCM_16,3.0,66150,132344,39ef88e9d3eed44edf63d33f36837f5aef8dfe4aad44fef7f97306d41912fda5,0.36449286341667175,0.928070068359375,0.0002569916855631141,True,True,False,False,Found in isolated folder,KEEP_AFTER_RESAMPLING,False,
Harmonium,harmonium,736.wav,Harmonium\736.wav,.wav,WAV,22050,1,PCM_16,3.0,66150,132344,5530964effeb9e76f935fb807dbc45a14c2e8c5338072b74fe67c76d44b4e2e9,0.44726842641830444,0.92596435546875,0.00018140589569160998,True,True,False,False,Found in isolated folder,KEEP_AFTER_RESAMPLING,False,
Harmonium,harmonium,737.wav,Harmonium\737.wav,.wav,WAV,22050,1,PCM_16,3.0,66150,132344,4720c5cc86c348119e5179c431cb0e3c8893f9719e9d640f54d42737a367e7f3,0.3944717049598694,0.92742919921875,0.00012093726379440664,True,True,False,False,Found in isolated folder,KEEP_AFTER_RESAMPLING,False,
Harmonium,harmonium,738.wav,Harmonium\738.wav,.wav,WAV,22050,1,PCM_16,3.0,66150,132344,9494832c51deeb9e2571541b2f589b972d46b0a072cb4988877c8e02c44f4c1f,0.41725271940231323,0.922821044921875,0.00021164021164021165,True,True,False,False,Found in isolated folder,KEEP_AFTER_RESAMPLING,False,
Harmonium,harmonium,739.wav,Harmonium\739.wav,.wav,WAV,22050,1,PCM_16,3.0,66150,132344,74fa8646d1f0993f39b0693c4929997de4483ab54014b43e27b55d670051dd3e,0.38113439083099365,0.92254638671875,0.00012093726379440664,True,True,False,False,Found in isolated folder,KEEP_AFTER_RESAMPLING,False,
Harmonium,harmonium,74.wav,Harmonium\74.wav,.wav,WAV,22050,1,PCM_16,3.0,66150,132344,4dd1b1f22595d166ff3d5e68231b8e2d7e5ab2e257fd2e30bce0f41f329e98dd,0.42967942357063293,0.9276123046875,0.00022675736961451248,True,True,False,False,Found in isolated folder,KEEP_AFTER_RESAMPLING,False,
Harmonium,harmonium,740.wav,Harmonium\740.wav,.wav,WAV,22050,1,PCM_16,3.0,66150,132344,03543ce06fbdb49c7a8ace0387cfd3577d3ad271c737e2d0a9c1133980ebe17a,0.42706581950187683,0.93121337890625,0.0002872260015117158,True,True,False,False,Found in isolated folder,KEEP_AFTER_RESAMPLING,False,
Harmonium,harmonium,741.wav,Harmonium\741.wav,.wav,WAV,22050,1,PCM_16,3.0,66150,132344,b847a8cef9d642ca1cf65d59b5ba7f8b992b6b73ff92b3230ba86959fe61968c,0.46017447113990784,0.926727294921875,0.00016628873771730915,True,True,False,False,Found in isolated folder,KEEP_AFTER_RESAMPLING,False,
Harmonium,harmonium,742.wav,Harmonium\742.wav,.wav,WAV,22050,1,PCM_16,3.0,66150,132344,5c4c38dda33b42676702591c93c73da81619cd0afb03b306782fadb138d35542,0.442425400018692,0.9254150390625,0.00018140589569160998,True,True,False,False,Found in isolated folder,KEEP_AFTER_RESAMPLING,False,
Harmonium,harmonium,743.wav,Harmonium\743.wav,.wav,WAV,22050,1,PCM_16,3.0,66150,132344,cc7fba32599dc24f7758a596542080f2e7987bb9874e44ba1a3e59e0f59dc12b,0.3742530941963196,0.9268798828125,0.0002872260015117158,True,True,False,False,Found in isolated folder,KEEP_AFTER_RESAMPLING,False,
Harmonium,harmonium,744.wav,Harmonium\744.wav,.wav,WAV,22050,1,PCM_16,3.0,66150,132344,dbb40bd659c3245362a959fbde91d56a4acb5ef1ab8564b38f57296b36f0d4d5,0.44842442870140076,0.925262451171875,0.00019652305366591082,True,True,False,False,Found in isolated folder,KEEP_AFTER_RESAMPLING,False,
Harmonium,harmonium,745.wav,Harmonium\745.wav,.wav,WAV,22050,1,PCM_16,3.0,66150,132344,f414056bd752f3e3f9764e914b62ebb7074f5ff2149b431b1e02a1b8e92efff5,0.39772936701774597,0.926177978515625,0.0001511715797430083,True,True,False,False,Found in isolated folder,KEEP_AFTER_RESAMPLING,False,
Harmonium,harmonium,746.wav,Harmonium\746.wav,.wav,WAV,22050,1,PCM_16,3.0,66150,132344,46a93e77dbaa63dca68b44ffaaba4989bb53baaffebcd2832994990972e66b52,0.42028218507766724,0.92584228515625,0.00013605442176870748,True,True,False,False,Found in isolated folder,KEEP_AFTER_RESAMPLING,False,
Harmonium,harmonium,747.wav,Harmonium\747.wav,.wav,WAV,22050,1,PCM_16,3.0,66150,132344,7b6d6979e391a3e91369c52db2ab8ea1ec81ab2818be317d59dbc329f2c191cc,0.37174537777900696,0.921112060546875,0.00027210884353741496,True,True,False,False,Found in isolated folder,KEEP_AFTER_RESAMPLING,False,
Harmonium,harmonium,748.wav,Harmonium\748.wav,.wav,WAV,22050,1,PCM_16,3.0,66150,132344,190eb675462f10aba69363b65e0faf41e2a6727582c7627fe371ad1aa842acba,0.4363522231578827,0.93695068359375,0.00019652305366591082,True,True,False,False,Found in isolated folder,KEEP_AFTER_RESAMPLING,False,
Harmonium,harmonium,749.wav,Harmonium\749.wav,.wav,WAV,22050,1,PCM_16,3.0,66150,132344,67a00aa1646fb4f98e5b2c4875584a601565abadc0e62a3d082f04f3d45e59af,0.4660263657569885,0.924285888671875,0.00010582010582010582,True,True,False,False,Found in isolated folder,KEEP_AFTER_RESAMPLING,False,
Harmonium,harmonium,75.wav,Harmonium\75.wav,.wav,WAV,22050,1,PCM_16,3.0,66150,132344,3aedf20bc4157ac93dba8258b793447d22fdf970b69b72b84ba5b745b0c69581,0.38550856709480286,0.9234619140625,0.0002418745275888133,True,True,False,False,Found in isolated folder,KEEP_AFTER_RESAMPLING,False,
Harmonium,harmonium,750.wav,Harmonium\750.wav,.wav,WAV,22050,1,PCM_16,3.0,66150,132344,6dc571153fdb5ed70646c2790e1f7787d811c72f1a95257375d9bd785e3ea3dc,0.4347403943538666,0.927276611328125,0.00022675736961451248,True,True,False,False,Found in isolated folder,KEEP_AFTER_RESAMPLING,False,
Harmonium,harmonium,751.wav,Harmonium\751.wav,.wav,WAV,22050,1,PCM_16,3.0,66150,132344,e790e022c751c0bca7716254474e3506906cd647882cad8bee51edb427aa451b,0.3735460937023163,0.933502197265625,0.00022675736961451248,True,True,False,False,Found in isolated folder,KEEP_AFTER_RESAMPLING,False,
Harmonium,harmonium,752.wav,Harmonium\752.wav,.wav,WAV,22050,1,PCM_16,3.0,66150,132344,02b22dd802322e7e1f5d9000a3e54c191636a6f51bd0aa31aad46a8e68c4cf06,0.4375036656856537,0.922271728515625,0.0001511715797430083,True,True,False,False,Found in isolated folder,KEEP_AFTER_RESAMPLING,False,
Harmonium,harmonium,753.wav,Harmonium\753.wav,.wav,WAV,22050,1,PCM_16,3.0,66150,132344,4b02076ca45f79dc6423786c6d93e019893ea5972b0852a08be471211e851b50,0.39562052488327026,0.928070068359375,0.00016628873771730915,True,True,False,False,Found in isolated folder,KEEP_AFTER_RESAMPLING,False,
Harmonium,harmonium,754.wav,Harmonium\754.wav,.wav,WAV,22050,1,PCM_16,3.0,66150,132344,e6095fecd9b6e3a0a5da298ffff3cc2d00904bb918aba78e7d9da2dcfcc35a8b,0.4209439158439636,0.934906005859375,0.00013605442176870748,True,True,False,False,Found in isolated folder,KEEP_AFTER_RESAMPLING,False,
Harmonium,harmonium,755.wav,Harmonium\755.wav,.wav,WAV,22050,1,PCM_16,3.0,66150,132344,0480e0d2ad7d12d50eaa707d1f2059f3d4dfce3de8b2889b068ef54d34a62f81,0.3832404613494873,0.920379638671875,0.00013605442176870748,True,True,False,False,Found in isolated folder,KEEP_AFTER_RESAMPLING,False,
Harmonium,harmonium,756.wav,Harmonium\756.wav,.wav,WAV,22050,1,PCM_16,3.0,66150,132344,897c2544a94f938e2400e8a3ce18e83dfc29b1988cc39fc52075613c33141844,0.4312235414981842,0.9354248046875,0.0001511715797430083,True,True,False,False,Found in isolated folder,KEEP_AFTER_RESAMPLING,False,
Harmonium,harmonium,757.wav,Harmonium\757.wav,.wav,WAV,22050,1,PCM_16,3.0,66150,132344,03c42bf018142e2a0af2f0c0c9e053a788d2d3d592016c5308e7814daf601a41,0.4674409031867981,0.9293212890625,0.00010582010582010582,True,True,False,False,Found in isolated folder,KEEP_AFTER_RESAMPLING,False,
Harmonium,harmonium,758.wav,Harmonium\758.wav,.wav,WAV,22050,1,PCM_16,3.0,66150,132344,bbd717438f97fff64d4b212c54533091aa09c947df1911280536d33cbab60c63,0.4394521713256836,0.92755126953125,0.0002569916855631141,True,True,False,False,Found in isolated folder,KEEP_AFTER_RESAMPLING,False,
Harmonium,harmonium,759.wav,Harmonium\759.wav,.wav,WAV,22050,1,PCM_16,3.0,66150,132344,9259ec5241343725f465679ad5aad357db6a4b6d2ec937e75e397fb9ffb11d3a,0.3791758120059967,0.931640625,0.0002872260015117158,True,True,False,False,Found in isolated folder,KEEP_AFTER_RESAMPLING,False,
Harmonium,harmonium,76.wav,Harmonium\76.wav,.wav,WAV,22050,1,PCM_16,3.0,66150,132344,c35b760af5763ca9e00de7e5015d19cd5e3cbcd524f316cba03ae654bba6c138,0.3830436170101166,0.923187255859375,0.00027210884353741496,True,True,False,False,Found in isolated folder,KEEP_AFTER_RESAMPLING,False,
Harmonium,harmonium,760.wav,Harmonium\760.wav,.wav,WAV,22050,1,PCM_16,3.0,66150,132344,5b592b80100ae104bd23085dc780d7a56bb137b9e27ed656e4ed06c92076b611,0.4445461928844452,0.9259033203125,0.00010582010582010582,True,True,False,False,Found in isolated folder,KEEP_AFTER_RESAMPLING,False,
Harmonium,harmonium,761.wav,Harmonium\761.wav,.wav,WAV,22050,1,PCM_16,3.0,66150,132344,a0fdffe7eaa81c5c2413f329218a8b458442cfb7c225918b4ff5f6e8ee5730e3,0.39892104268074036,0.92950439453125,0.0002569916855631141,True,True,False,False,Found in isolated folder,KEEP_AFTER_RESAMPLING,False,
Harmonium,harmonium,762.wav,Harmonium\762.wav,.wav,WAV,22050,1,PCM_16,3.0,66150,132344,72872836cb93aac66f8f4d4b2e50da20270ce6d8177f16e64ee277a3846bfe0e,0.4219706356525421,0.93017578125,0.00013605442176870748,True,True,False,False,Found in isolated folder,KEEP_AFTER_RESAMPLING,False,
Harmonium,harmonium,763.wav,Harmonium\763.wav,.wav,WAV,22050,1,PCM_16,3.0,66150,132344,4432279efb16ce0ebfe274f8065daa534bd25f2d22bc932114837de720d11d11,0.37881356477737427,0.92413330078125,0.00013605442176870748,True,True,False,False,Found in isolated folder,KEEP_AFTER_RESAMPLING,False,
Harmonium,harmonium,764.wav,Harmonium\764.wav,.wav,WAV,22050,1,PCM_16,3.0,66150,132344,ad762cd8b6889dcd14a371638473bed325f4a68c86cc3dc73b325c28974652b9,0.4289298951625824,0.931671142578125,0.00016628873771730915,True,True,False,False,Found in isolated folder,KEEP_AFTER_RESAMPLING,False,
Harmonium,harmonium,765.wav,Harmonium\765.wav,.wav,WAV,22050,1,PCM_16,3.0,66150,132344,52f4916702e313f5380cd9ea8e3b43ca8b0f37b277cca97614fe01ba110d6963,0.4664677381515503,0.934417724609375,0.00013605442176870748,True,True,False,False,Found in isolated folder,KEEP_AFTER_RESAMPLING,False,
Harmonium,harmonium,766.wav,Harmonium\766.wav,.wav,WAV,22050,1,PCM_16,3.0,66150,132344,64f5d269392eb9ae3794488a8bf26a7e16cd78207950f5d8602e16cfc182cf3f,0.44268688559532166,0.928314208984375,0.00021164021164021165,True,True,False,False,Found in isolated folder,KEEP_AFTER_RESAMPLING,False,
Harmonium,harmonium,767.wav,Harmonium\767.wav,.wav,WAV,22050,1,PCM_16,3.0,66150,132344,749d0209e9a7c03f1f8f0dcd3739cba8ce26283ce570b553067c5629aa8c6102,0.37483611702919006,0.9254150390625,0.0004232804232804233,True,True,False,False,Found in isolated folder,KEEP_AFTER_RESAMPLING,False,
Harmonium,harmonium,768.wav,Harmonium\768.wav,.wav,WAV,22050,1,PCM_16,3.0,66150,132344,4309184f95546815ea0c3d98300ee85d2cfcbfb7b8285d41fe8921e31bfe8e1a,0.45642298460006714,0.924530029296875,0.0001511715797430083,True,True,False,False,Found in isolated folder,KEEP_AFTER_RESAMPLING,False,
Harmonium,harmonium,769.wav,Harmonium\769.wav,.wav,WAV,22050,1,PCM_16,3.0,66150,132344,a61d308172b89a77bff2f1042cc4823b4ac3a2a1c500c57423ce8355a1ddaf91,0.3991393446922302,0.922454833984375,0.00018140589569160998,True,True,False,False,Found in isolated folder,KEEP_AFTER_RESAMPLING,False,
Harmonium,harmonium,77.wav,Harmonium\77.wav,.wav,WAV,22050,1,PCM_16,3.0,66150,132344,63740e7944577c7531570f9935d66e4a5b9d570fae7fca4c14432edc2962c1df,0.3782041370868683,0.924652099609375,0.00016628873771730915,True,True,False,False,Found in isolated folder,KEEP_AFTER_RESAMPLING,False,
Harmonium,harmonium,770.wav,Harmonium\770.wav,.wav,WAV,22050,1,PCM_16,3.0,66150,132344,a18fb16ca0f42a76865ebc2e37dbe722b145d30f8b28ec7945fdfc8d6528bad8,0.4149649441242218,0.9249267578125,0.0001511715797430083,True,True,False,False,Found in isolated folder,KEEP_AFTER_RESAMPLING,False,
Harmonium,harmonium,771.wav,Harmonium\771.wav,.wav,WAV,22050,1,PCM_16,3.0,66150,132344,c0c53db31a2ffc683d300199d2ab3676a7c415ebdb9fd9584bea6cfa9027a3c3,0.3812369108200073,0.920013427734375,0.00010582010582010582,True,True,False,False,Found in isolated folder,KEEP_AFTER_RESAMPLING,False,
Harmonium,harmonium,772.wav,Harmonium\772.wav,.wav,WAV,22050,1,PCM_16,3.0,66150,132344,2de26c04462721c2c9ddeb86ebd32f70b31f78456b9e9ab2a368b4eceb1df515,0.42043671011924744,0.926239013671875,0.0002418745275888133,True,True,False,False,Found in isolated folder,KEEP_AFTER_RESAMPLING,False,
Harmonium,harmonium,773.wav,Harmonium\773.wav,.wav,WAV,22050,1,PCM_16,3.0,66150,132344,2246f6a9ea72b460a9c03262a24746d79ab24d9c1a843b615ff06308eb7e2f24,0.46777215600013733,0.9263916015625,0.00013605442176870748,True,True,False,False,Found in isolated folder,KEEP_AFTER_RESAMPLING,False,
Harmonium,harmonium,774.wav,Harmonium\774.wav,.wav,WAV,22050,1,PCM_16,3.0,66150,132344,2f45e8fb5da71f4de7af8c92953ee4234fb75b863845c21ec93343a8f53b3cca,0.4373254179954529,0.92767333984375,0.00022675736961451248,True,True,False,False,Found in isolated folder,KEEP_AFTER_RESAMPLING,False,
Harmonium,harmonium,775.wav,Harmonium\775.wav,.wav,WAV,22050,1,PCM_16,3.0,66150,132344,db035571b93cb2951f21affbd2e0ddcbc8a1d75be05cbf177fe95038c09d35d7,0.3683384954929352,0.93182373046875,0.0002872260015117158,True,True,False,False,Found in isolated folder,KEEP_AFTER_RESAMPLING,False,
Harmonium,harmonium,776.wav,Harmonium\776.wav,.wav,WAV,22050,1,PCM_16,3.0,66150,132344,82cbf89f47aa4e4608ef8d3fc6a5412880ca21e072124f1e06d6b7b92a5513b1,0.4434816241264343,0.928863525390625,0.00021164021164021165,True,True,False,False,Found in isolated folder,KEEP_AFTER_RESAMPLING,False,
Harmonium,harmonium,777.wav,Harmonium\777.wav,.wav,WAV,22050,1,PCM_16,3.0,66150,132344,9ac335456826a8796a37452458d36340d6462d97cf65464a83111052fb1697b0,0.39566266536712646,0.923492431640625,0.0002418745275888133,True,True,False,False,Found in isolated folder,KEEP_AFTER_RESAMPLING,False,
Harmonium,harmonium,778.wav,Harmonium\778.wav,.wav,WAV,22050,1,PCM_16,3.0,66150,132344,77469461d5166574ebf255e4ab2a84257c46e8b56df6ebe57790c1d99f409564,0.41028743982315063,0.93023681640625,0.00021164021164021165,True,True,False,False,Found in isolated folder,KEEP_AFTER_RESAMPLING,False,
Harmonium,harmonium,779.wav,Harmonium\779.wav,.wav,WAV,22050,1,PCM_16,3.0,66150,132344,86b26630f54bd5a5549e7e30b72182b62fcb739cd5d7f4060b33235f20fe4112,0.3801933228969574,0.922393798828125,0.00022675736961451248,True,True,False,False,Found in isolated folder,KEEP_AFTER_RESAMPLING,False,
Harmonium,harmonium,78.wav,Harmonium\78.wav,.wav,WAV,22050,1,PCM_16,3.0,66150,132344,9a815507ded38ad3221b7daa75dfb1a393a3d682a706d52e68b06709cb00b347,0.43371957540512085,0.922271728515625,0.00021164021164021165,True,True,False,False,Found in isolated folder,KEEP_AFTER_RESAMPLING,False,
Harmonium,harmonium,780.wav,Harmonium\780.wav,.wav,WAV,22050,1,PCM_16,3.0,66150,132344,331175ee94d26116132ed725fc1657e54ec2c233f6e9fc77d0a09b19f98e1be8,0.4214777648448944,0.928253173828125,0.0001511715797430083,True,True,False,False,Found in isolated folder,KEEP_AFTER_RESAMPLING,False,
Harmonium,harmonium,781.wav,Harmonium\781.wav,.wav,WAV,22050,1,PCM_16,3.0,66150,132344,88ed2c4b8b4b141e2388acc4f084fbec25f366c3533a39a6169c746e8f9cef79,0.46815305948257446,0.9278564453125,0.00012093726379440664,True,True,False,False,Found in isolated folder,KEEP_AFTER_RESAMPLING,False,
Harmonium,harmonium,782.wav,Harmonium\782.wav,.wav,WAV,22050,1,PCM_16,3.0,66150,132344,02a3b9edad1a7544c60399063a9e802dc3f01cce91c87694b702ba740f12dbd8,0.43875789642333984,0.929290771484375,0.0002418745275888133,True,True,False,False,Found in isolated folder,KEEP_AFTER_RESAMPLING,False,
Harmonium,harmonium,783.wav,Harmonium\783.wav,.wav,WAV,22050,1,PCM_16,3.0,66150,132344,828c4cfa921d974f5724d8622de75f77a441548375bf04e04f8ad102e4605c29,0.36683857440948486,0.923797607421875,0.0003023431594860166,True,True,False,False,Found in isolated folder,KEEP_AFTER_RESAMPLING,False,
Harmonium,harmonium,784.wav,Harmonium\784.wav,.wav,WAV,22050,1,PCM_16,3.0,66150,132344,278b9dd0845864ca7c98fb4fd323507cc4ea5b0bc5e8a6ff03be9974b287c3e3,0.44680264592170715,0.926849365234375,0.00016628873771730915,True,True,False,False,Found in isolated folder,KEEP_AFTER_RESAMPLING,False,
Harmonium,harmonium,785.wav,Harmonium\785.wav,.wav,WAV,22050,1,PCM_16,3.0,66150,132344,07485d67d836d2372afa3792941196d41221a47528f542e4a7d19b2f84de2d70,0.3979392349720001,0.9237060546875,0.0001511715797430083,True,True,False,False,Found in isolated folder,KEEP_AFTER_RESAMPLING,False,
Harmonium,harmonium,786.wav,Harmonium\786.wav,.wav,WAV,22050,1,PCM_16,3.0,66150,132344,b5b4037ec7e669b97715278f02beff594935ebb4b037cc555fc33c7e5519fc32,0.4196898937225342,0.92449951171875,0.0002418745275888133,True,True,False,False,Found in isolated folder,KEEP_AFTER_RESAMPLING,False,
Harmonium,harmonium,787.wav,Harmonium\787.wav,.wav,WAV,22050,1,PCM_16,3.0,66150,132344,f9c6785088da33c0c69ebbc0a04c30df3f35ab9b82eb47880be8d206dce85320,0.371521919965744,0.924957275390625,0.00019652305366591082,True,True,False,False,Found in isolated folder,KEEP_AFTER_RESAMPLING,False,
Harmonium,harmonium,788.wav,Harmonium\788.wav,.wav,WAV,22050,1,PCM_16,3.0,66150,132344,ed9163c5aaa38f368fb4743218bf9079e912db5d245b2b2e3f75bc7d41746312,0.4366724193096161,0.92535400390625,0.00013605442176870748,True,True,False,False,Found in isolated folder,KEEP_AFTER_RESAMPLING,False,
Harmonium,harmonium,789.wav,Harmonium\789.wav,.wav,WAV,22050,1,PCM_16,3.0,66150,132344,a24e54c7d118fff966931f4258e434b336911ef49616d0dc6e14541b850bd825,0.46763089299201965,0.92449951171875,9.070294784580499e-05,True,True,False,False,Found in isolated folder,KEEP_AFTER_RESAMPLING,False,
Harmonium,harmonium,79.wav,Harmonium\79.wav,.wav,WAV,22050,1,PCM_16,3.0,66150,132344,6261b8a073295e4f8fc56a0820af0de70d73d72b60cc952045b57be5a1689b7f,0.3821370601654053,0.930389404296875,0.00022675736961451248,True,True,False,False,Found in isolated folder,KEEP_AFTER_RESAMPLING,False,
Harmonium,harmonium,790.wav,Harmonium\790.wav,.wav,WAV,22050,1,PCM_16,3.0,66150,132344,9a4f956c164f5bc71855eb613c6a60fbb8f19e460879d030d2d9fe516622dec3,0.4446195363998413,0.929901123046875,0.00018140589569160998,True,True,False,False,Found in isolated folder,KEEP_AFTER_RESAMPLING,False,
Harmonium,harmonium,791.wav,Harmonium\791.wav,.wav,WAV,22050,1,PCM_16,3.0,66150,132344,acd31b7e6f0134c855c483ea79b0bfc86757940c8c1e01af154b99e83812ecf5,0.36913159489631653,0.9322509765625,0.00019652305366591082,True,True,False,False,Found in isolated folder,KEEP_AFTER_RESAMPLING,False,
Harmonium,harmonium,792.wav,Harmonium\792.wav,.wav,WAV,22050,1,PCM_16,3.0,66150,132344,f3e14e7a40539a2d217fcbe6038770eb220e3fed3475be6766d7e94a459edb1f,0.44591811299324036,0.929718017578125,0.00018140589569160998,True,True,False,False,Found in isolated folder,KEEP_AFTER_RESAMPLING,False,
Harmonium,harmonium,793.wav,Harmonium\793.wav,.wav,WAV,22050,1,PCM_16,3.0,66150,132344,4cf43247f5c2337eac3c1e472e4f4cf72a90927de73db6a9be885a1438c5ff84,0.3975122272968292,0.928558349609375,0.0002569916855631141,True,True,False,False,Found in isolated folder,KEEP_AFTER_RESAMPLING,False,
Harmonium,harmonium,794.wav,Harmonium\794.wav,.wav,WAV,22050,1,PCM_16,3.0,66150,132344,d8d8cb46100481deb4a54a4329905a3d53e0749a1aa44c2be24756fb2ac4fd69,0.4165663421154022,0.931549072265625,7.558578987150416e-05,True,True,False,False,Found in isolated folder,KEEP_AFTER_RESAMPLING,False,
Harmonium,harmonium,795.wav,Harmonium\795.wav,.wav,WAV,22050,1,PCM_16,3.0,66150,132344,b53c562d855729fe7c740cf011e7fdf7d999c55eab5091b0b4c0a0ab9454657c,0.37948617339134216,0.92803955078125,0.0002569916855631141,True,True,False,False,Found in isolated folder,KEEP_AFTER_RESAMPLING,False,
Harmonium,harmonium,796.wav,Harmonium\796.wav,.wav,WAV,22050,1,PCM_16,3.0,66150,132344,f06a1183e947238c48f10c5c0510b813f45ced7edc23d4d2c910aca0b3179b08,0.42297136783599854,0.934814453125,0.0001511715797430083,True,True,False,False,Found in isolated folder,KEEP_AFTER_RESAMPLING,False,
Harmonium,harmonium,797.wav,Harmonium\797.wav,.wav,WAV,22050,1,PCM_16,3.0,66150,132344,4056139f92be5ba3181ddaf8cf35d60b39fd51c9da45d2ea12550b1a68cc0ea1,0.4583955407142639,0.922943115234375,9.070294784580499e-05,True,True,False,False,Found in isolated folder,KEEP_AFTER_RESAMPLING,False,
Harmonium,harmonium,798.wav,Harmonium\798.wav,.wav,WAV,22050,1,PCM_16,3.0,66150,132344,54598f46bed5d0c97ef1b18a3fa7c6dd30798b8dd58cb11f1235475b75a121e4,0.43899664282798767,0.92919921875,0.00022675736961451248,True,True,False,False,Found in isolated folder,KEEP_AFTER_RESAMPLING,False,
Harmonium,harmonium,799.wav,Harmonium\799.wav,.wav,WAV,22050,1,PCM_16,3.0,66150,132344,5fb61433f8016b16c916c6f89914c6b841345c6feb7c8ba604144b186746c077,0.37445932626724243,0.929656982421875,0.0002872260015117158,True,True,False,False,Found in isolated folder,KEEP_AFTER_RESAMPLING,False,
Harmonium,harmonium,8.wav,Harmonium\8.wav,.wav,WAV,22050,1,PCM_16,3.0,66150,132344,470e7aebd673770aa586bfc107c45978671ea01299d7dfe8fbbe6444db702d5d,0.37805211544036865,0.929046630859375,0.0002569916855631141,True,True,False,False,Found in isolated folder,KEEP_AFTER_RESAMPLING,False,
Harmonium,harmonium,80.wav,Harmonium\80.wav,.wav,WAV,22050,1,PCM_16,3.0,66150,132344,be14adb67b346bd3553a6f1e9bdb93df59048aa936930ce61097bb801280cce4,0.3806650936603546,0.925994873046875,0.00022675736961451248,True,True,False,False,Found in isolated folder,KEEP_AFTER_RESAMPLING,False,
Harmonium,harmonium,800.wav,Harmonium\800.wav,.wav,WAV,22050,1,PCM_16,3.0,66150,132344,006f1585ba46f384ec500c8b26d46fd176a807be386e63969464cb5b1138daf5,0.4376324415206909,0.932708740234375,0.0001511715797430083,True,True,False,False,Found in isolated folder,KEEP_AFTER_RESAMPLING,False,
Harmonium,harmonium,801.wav,Harmonium\801.wav,.wav,WAV,22050,1,PCM_16,3.0,66150,132344,21aad42cdb3b10c0301f1fc98f484f247e9438d422f9e9ab026f0713eae4edb5,0.3976516127586365,0.926239013671875,0.00010582010582010582,True,True,False,False,Found in isolated folder,KEEP_AFTER_RESAMPLING,False,
Harmonium,harmonium,802.wav,Harmonium\802.wav,.wav,WAV,22050,1,PCM_16,3.0,66150,132344,722d2d20045c4938db913024be9374bb301cbc706a91e2d5704017819d183529,0.41331908106803894,0.929046630859375,0.0001511715797430083,True,True,False,False,Found in isolated folder,KEEP_AFTER_RESAMPLING,False,
Harmonium,harmonium,803.wav,Harmonium\803.wav,.wav,WAV,22050,1,PCM_16,3.0,66150,132344,e4a8e043032ea51df8d47b9065e7c7eecf17836534d5a926d9c56b0c512cc93f,0.38431090116500854,0.924530029296875,0.00013605442176870748,True,True,False,False,Found in isolated folder,KEEP_AFTER_RESAMPLING,False,
Harmonium,harmonium,804.wav,Harmonium\804.wav,.wav,WAV,22050,1,PCM_16,3.0,66150,132344,dbdf31ccd788b140a9307b3954a9155306819b699c49a4634a7a8aa2eacb3e1b,0.4256230294704437,0.925872802734375,0.0001511715797430083,True,True,False,False,Found in isolated folder,KEEP_AFTER_RESAMPLING,False,
Harmonium,harmonium,805.wav,Harmonium\805.wav,.wav,WAV,22050,1,PCM_16,3.0,66150,132344,5e2586c5613c9bd0b3d5483e711a11bf89c6ef94dfa71b963981b0f90ffce058,0.47071564197540283,0.9293212890625,0.00013605442176870748,True,True,False,False,Found in isolated folder,KEEP_AFTER_RESAMPLING,False,
Harmonium,harmonium,806.wav,Harmonium\806.wav,.wav,WAV,22050,1,PCM_16,3.0,66150,132344,c3117c407c1b5559916f8d2e7cbdcc92ff63e8e177e6d368f909547304519834,0.43944430351257324,0.93157958984375,0.00019652305366591082,True,True,False,False,Found in isolated folder,KEEP_AFTER_RESAMPLING,False,
Harmonium,harmonium,807.wav,Harmonium\807.wav,.wav,WAV,22050,1,PCM_16,3.0,66150,132344,861e144142950509c65ab1b47780a9abc921141e8025007c0c9037d40ff9fe9f,0.3773547112941742,0.9232177734375,0.0005291005291005291,True,True,False,False,Found in isolated folder,KEEP_AFTER_RESAMPLING,False,
Harmonium,harmonium,808.wav,Harmonium\808.wav,.wav,WAV,22050,1,PCM_16,3.0,66150,132344,fbac2e71e8e7733d91c7200e17ae31df02a8550fb79fdfe9bb24d62ef286bc72,0.4636977016925812,0.921722412109375,0.00022675736961451248,True,True,False,False,Found in isolated folder,KEEP_AFTER_RESAMPLING,False,
Harmonium,harmonium,809.wav,Harmonium\809.wav,.wav,WAV,22050,1,PCM_16,3.0,66150,132344,7bd68b35ef0ecbe1b22b531c4fc0ea7fe0dfb1f149c8619efe5904c9d982c377,0.4000365138053894,0.923980712890625,0.00021164021164021165,True,True,False,False,Found in isolated folder,KEEP_AFTER_RESAMPLING,False,
Harmonium,harmonium,81.wav,Harmonium\81.wav,.wav,WAV,22050,1,PCM_16,3.0,66150,132344,08e58b10865a21e406daad059f58ef51974a1f19c1598d022c26c7a8894f8f11,0.38277512788772583,0.923492431640625,0.0002872260015117158,True,True,False,False,Found in isolated folder,KEEP_AFTER_RESAMPLING,False,
Harmonium,harmonium,810.wav,Harmonium\810.wav,.wav,WAV,22050,1,PCM_16,3.0,66150,132344,116fad08127c5fcbaea07ef53669fb12d50d422c682a951f928d671318dc010f,0.4233410358428955,0.93035888671875,0.00012093726379440664,True,True,False,False,Found in isolated folder,KEEP_AFTER_RESAMPLING,False,
Harmonium,harmonium,811.wav,Harmonium\811.wav,.wav,WAV,22050,1,PCM_16,3.0,66150,132344,eea500cee290401dd17859869edb23001cadca4d52b2554bf78f92fc48644602,0.3813387155532837,0.92034912109375,0.00021164021164021165,True,True,False,False,Found in isolated folder,KEEP_AFTER_RESAMPLING,False,
Harmonium,harmonium,812.wav,Harmonium\812.wav,.wav,WAV,22050,1,PCM_16,3.0,66150,132344,1749590116b3218de69aa487be344cc8b5ccd268a65c6dc47a2c55b1490a05ba,0.4281257688999176,0.93035888671875,0.00010582010582010582,True,True,False,False,Found in isolated folder,KEEP_AFTER_RESAMPLING,False,
Harmonium,harmonium,813.wav,Harmonium\813.wav,.wav,WAV,22050,1,PCM_16,3.0,66150,132344,1906f7f8281f97b8ee5e06d081575089c15b8d0e9324383ec6081351eeefa547,0.46359434723854065,0.923797607421875,0.00013605442176870748,True,True,False,False,Found in isolated folder,KEEP_AFTER_RESAMPLING,False,
Harmonium,harmonium,814.wav,Harmonium\814.wav,.wav,WAV,22050,1,PCM_16,3.0,66150,132344,afe35ae2725852934480a4764cd2055c6e34c444014ce76f008d22b5808d78df,0.43732523918151855,0.92462158203125,0.00022675736961451248,True,True,False,False,Found in isolated folder,KEEP_AFTER_RESAMPLING,False,
Harmonium,harmonium,815.wav,Harmonium\815.wav,.wav,WAV,22050,1,PCM_16,3.0,66150,132344,fe91f66da3e623932ea40ab9e45669218cee8db64dc6706e6acc576c19c24962,0.369352787733078,0.925384521484375,0.00036281179138321996,True,True,False,False,Found in isolated folder,KEEP_AFTER_RESAMPLING,False,
Harmonium,harmonium,816.wav,Harmonium\816.wav,.wav,WAV,22050,1,PCM_16,3.0,66150,132344,7c5e83203df2806e99c4bcd7787e3cd8348e3061ccfcbf28ad81eca2973d579e,0.4436189532279968,0.926025390625,0.0002569916855631141,True,True,False,False,Found in isolated folder,KEEP_AFTER_RESAMPLING,False,
Harmonium,harmonium,817.wav,Harmonium\817.wav,.wav,WAV,22050,1,PCM_16,3.0,66150,132344,5f728d932ab42a39a6a7f5ca7d71780a5dbb22e214622e3dde2f1f7243c8b87e,0.39668190479278564,0.922149658203125,0.0002418745275888133,True,True,False,False,Found in isolated folder,KEEP_AFTER_RESAMPLING,False,
Harmonium,harmonium,818.wav,Harmonium\818.wav,.wav,WAV,22050,1,PCM_16,3.0,66150,132344,1e6640a7842d7344b39f54bfb4f6b2215dc07a4fd447d6b566be1484c3960106,0.4210176169872284,0.92413330078125,0.00016628873771730915,True,True,False,False,Found in isolated folder,KEEP_AFTER_RESAMPLING,False,
Harmonium,harmonium,819.wav,Harmonium\819.wav,.wav,WAV,22050,1,PCM_16,3.0,66150,132344,16a21f243fef90a7354bacf72eded58bcae2bf1d79480bcd3802cc3498974b94,0.3797732889652252,0.93316650390625,0.00012093726379440664,True,True,False,False,Found in isolated folder,KEEP_AFTER_RESAMPLING,False,
Harmonium,harmonium,82.wav,Harmonium\82.wav,.wav,WAV,22050,1,PCM_16,3.0,66150,132344,5e90cc25a68262f4f6f79a03f1b3f8417267b5d380367ca3a9e9c81353871c7f,0.4286305010318756,0.92547607421875,0.00027210884353741496,True,True,False,False,Found in isolated folder,KEEP_AFTER_RESAMPLING,False,
Harmonium,harmonium,820.wav,Harmonium\820.wav,.wav,WAV,22050,1,PCM_16,3.0,66150,132344,2126f4c2fdf3e6f4a2de58f95254c5deffab2ea68114276f9e074a0e16d6a888,0.42572590708732605,0.930511474609375,0.00018140589569160998,True,True,False,False,Found in isolated folder,KEEP_AFTER_RESAMPLING,False,
Harmonium,harmonium,821.wav,Harmonium\821.wav,.wav,WAV,22050,1,PCM_16,3.0,66150,132344,85eeb46c2c47933392c2e8a0cb2267cfecb1455a94122a559766e599110f0378,0.46720272302627563,0.923187255859375,9.070294784580499e-05,True,True,False,False,Found in isolated folder,KEEP_AFTER_RESAMPLING,False,
Harmonium,harmonium,822.wav,Harmonium\822.wav,.wav,WAV,22050,1,PCM_16,3.0,66150,132344,cd8383997846153c931902f0dc22e916dba75a3eb164ae6ee5aae49dd7c75c80,0.4362243413925171,0.931488037109375,0.00013605442176870748,True,True,False,False,Found in isolated folder,KEEP_AFTER_RESAMPLING,False,
Harmonium,harmonium,823.wav,Harmonium\823.wav,.wav,WAV,22050,1,PCM_16,3.0,66150,132344,1c235c7476bd9c0980287ba564fa5c2902c72e0d018aaecea17c6899be22d9f7,0.3654458224773407,0.92559814453125,0.0002872260015117158,True,True,False,False,Found in isolated folder,KEEP_AFTER_RESAMPLING,False,
Harmonium,harmonium,824.wav,Harmonium\824.wav,.wav,WAV,22050,1,PCM_16,3.0,66150,132344,26ba0887806274596383ceedc0362d7c5715fd34abbe02921a8f0e08c17e3dc4,0.44141343235969543,0.926605224609375,0.00019652305366591082,True,True,False,False,Found in isolated folder,KEEP_AFTER_RESAMPLING,False,
Harmonium,harmonium,825.wav,Harmonium\825.wav,.wav,WAV,22050,1,PCM_16,3.0,66150,132344,c722019eaf389abbe2f491a81a3e6da336824fa4f345ea3ac5d46eded605e65b,0.40179070830345154,0.9306640625,0.00021164021164021165,True,True,False,False,Found in isolated folder,KEEP_AFTER_RESAMPLING,False,
Harmonium,harmonium,826.wav,Harmonium\826.wav,.wav,WAV,22050,1,PCM_16,3.0,66150,132344,7522426c830c0102f199dda364f3a95ab05ff7aebd52ce42c083e9873e1dd428,0.417927086353302,0.929168701171875,0.00018140589569160998,True,True,False,False,Found in isolated folder,KEEP_AFTER_RESAMPLING,False,
Harmonium,harmonium,827.wav,Harmonium\827.wav,.wav,WAV,22050,1,PCM_16,3.0,66150,132344,89c8ef9169bcfecce544ed90435e13b742020b37aba64b4ccf25b477956c156a,0.37467023730278015,0.9189453125,0.00010582010582010582,True,True,False,False,Found in isolated folder,KEEP_AFTER_RESAMPLING,False,
Harmonium,harmonium,828.wav,Harmonium\828.wav,.wav,WAV,22050,1,PCM_16,3.0,66150,132344,11f5c7ec0a6e49d3dd69062570111f9fc5af2198f7c8a580bbca14c0c2fbaf55,0.43930432200431824,0.92437744140625,0.0002569916855631141,True,True,False,False,Found in isolated folder,KEEP_AFTER_RESAMPLING,False,
Harmonium,harmonium,829.wav,Harmonium\829.wav,.wav,WAV,22050,1,PCM_16,3.0,66150,132344,d5c2659affc40c50542e7dbf9b83cbb1e2f7c12ae7c90ba81a452755edea8077,0.46707460284233093,0.927764892578125,0.0001511715797430083,True,True,False,False,Found in isolated folder,KEEP_AFTER_RESAMPLING,False,
Harmonium,harmonium,83.wav,Harmonium\83.wav,.wav,WAV,22050,1,PCM_16,3.0,66150,132344,169675626887b61d6d4e4153d943eb7cf5d86711e83d920cb3aa76e9145ba812,0.384072870016098,0.92694091796875,0.00021164021164021165,True,True,False,False,Found in isolated folder,KEEP_AFTER_RESAMPLING,False,
Harmonium,harmonium,830.wav,Harmonium\830.wav,.wav,WAV,22050,1,PCM_16,3.0,66150,132344,12695f8edcab6ff99f3f28dd5482ce00e1c72234691f45fa5207265d085b717f,0.4372440278530121,0.924835205078125,0.00016628873771730915,True,True,False,False,Found in isolated folder,KEEP_AFTER_RESAMPLING,False,
Harmonium,harmonium,831.wav,Harmonium\831.wav,.wav,WAV,22050,1,PCM_16,3.0,66150,132344,ae01e820eaaa0a0832d699b48e51378f3bcd58d11124439a202a50e883022ac0,0.36945322155952454,0.926971435546875,0.00027210884353741496,True,True,False,False,Found in isolated folder,KEEP_AFTER_RESAMPLING,False,
Harmonium,harmonium,832.wav,Harmonium\832.wav,.wav,WAV,22050,1,PCM_16,3.0,66150,132344,f25a1aa6cc10347f250d7e5eb5b8b67317e19d68662042c251f20b2c3f57001e,0.44243472814559937,0.925445556640625,0.00019652305366591082,True,True,False,False,Found in isolated folder,KEEP_AFTER_RESAMPLING,False,
Harmonium,harmonium,833.wav,Harmonium\833.wav,.wav,WAV,22050,1,PCM_16,3.0,66150,132344,1b9968990cea7c800123a39742dd40a426f221181eced23aac3ff9b037c974af,0.39964112639427185,0.93389892578125,9.070294784580499e-05,True,True,False,False,Found in isolated folder,KEEP_AFTER_RESAMPLING,False,
Harmonium,harmonium,834.wav,Harmonium\834.wav,.wav,WAV,22050,1,PCM_16,3.0,66150,132344,88fbfa4e8e7f0c510693a5e038faef5c21ae1af47a2c3b037563b00112fa4be5,0.4155429005622864,0.926361083984375,0.00016628873771730915,True,True,False,False,Found in isolated folder,KEEP_AFTER_RESAMPLING,False,
Harmonium,harmonium,835.wav,Harmonium\835.wav,.wav,WAV,22050,1,PCM_16,3.0,66150,132344,a605e8762acbd1b369311c4cdf8b32618ed88e259123c2cefecd64edde5bf492,0.38405996561050415,0.920440673828125,0.00019652305366591082,True,True,False,False,Found in isolated folder,KEEP_AFTER_RESAMPLING,False,
Harmonium,harmonium,836.wav,Harmonium\836.wav,.wav,WAV,22050,1,PCM_16,3.0,66150,132344,c66151044d1025979969fd9e1606a59e825d044fa10f0a3d527ef201001145a4,0.4246245324611664,0.92987060546875,0.00013605442176870748,True,True,False,False,Found in isolated folder,KEEP_AFTER_RESAMPLING,False,
Harmonium,harmonium,837.wav,Harmonium\837.wav,.wav,WAV,22050,1,PCM_16,3.0,66150,132344,029990d821babbe3974f222799bd7c2a7aba2c100b732e9d231c2f22f54517f9,0.4630948007106781,0.931121826171875,0.00016628873771730915,True,True,False,False,Found in isolated folder,KEEP_AFTER_RESAMPLING,False,
Harmonium,harmonium,838.wav,Harmonium\838.wav,.wav,WAV,22050,1,PCM_16,3.0,66150,132344,f6e9b54158eb702794db716bf7e1008023fe27dfbb2424e816bfb0e2dd4c3713,0.4423619210720062,0.931884765625,0.0002418745275888133,True,True,False,False,Found in isolated folder,KEEP_AFTER_RESAMPLING,False,
Harmonium,harmonium,839.wav,Harmonium\839.wav,.wav,WAV,22050,1,PCM_16,3.0,66150,132344,40c2a2abf30f02dca69c6baa146aa92730f44b7d3c55ee1c960cfb0634def6aa,0.37165719270706177,0.9326171875,0.00034769463340891913,True,True,False,False,Found in isolated folder,KEEP_AFTER_RESAMPLING,False,
Harmonium,harmonium,84.wav,Harmonium\84.wav,.wav,WAV,22050,1,PCM_16,3.0,66150,132344,44998f6a19a7e42cf9392526df3b83fc9dea22df8988ff8d405f88207a934fe9,0.3779844641685486,0.92547607421875,0.0002418745275888133,True,True,False,False,Found in isolated folder,KEEP_AFTER_RESAMPLING,False,
Harmonium,harmonium,840.wav,Harmonium\840.wav,.wav,WAV,22050,1,PCM_16,3.0,66150,132344,5a8e570bcec91f480f70ce52e5d6f34e5fc772be186749b6a2e096e9e1aa240b,0.44733187556266785,0.93426513671875,0.00019652305366591082,True,True,False,False,Found in isolated folder,KEEP_AFTER_RESAMPLING,False,
Harmonium,harmonium,841.wav,Harmonium\841.wav,.wav,WAV,22050,1,PCM_16,3.0,66150,132344,8af845f38f73ac08d68b3260a0fd092eb9f3f91ed6fc41d60e52955e6206768a,0.3955068588256836,0.921173095703125,0.0002418745275888133,True,True,False,False,Found in isolated folder,KEEP_AFTER_RESAMPLING,False,
Harmonium,harmonium,842.wav,Harmonium\842.wav,.wav,WAV,22050,1,PCM_16,3.0,66150,132344,78e57fdccee95cca85a8ccdcdcba54c5e7950e11f1184f3df304c4d6465baaae,0.4136296510696411,0.925811767578125,0.00012093726379440664,True,True,False,False,Found in isolated folder,KEEP_AFTER_RESAMPLING,False,
Harmonium,harmonium,843.wav,Harmonium\843.wav,.wav,WAV,22050,1,PCM_16,3.0,66150,132344,6aa616f860c854e31fc251d432828f63ee968490375ff42cc910763afd6326b0,0.38133952021598816,0.924530029296875,0.00019652305366591082,True,True,False,False,Found in isolated folder,KEEP_AFTER_RESAMPLING,False,
Harmonium,harmonium,844.wav,Harmonium\844.wav,.wav,WAV,22050,1,PCM_16,3.0,66150,132344,be69e91130251560408a963727e916d9971c1fc4dedff2a5c8ce514930a46732,0.42600730061531067,0.927154541015625,0.0001511715797430083,True,True,False,False,Found in isolated folder,KEEP_AFTER_RESAMPLING,False,
Harmonium,harmonium,845.wav,Harmonium\845.wav,.wav,WAV,22050,1,PCM_16,3.0,66150,132344,74fb826c02bb6f7aaf850ed82cf20850cd19e4bf577a779e4a215cc1ac79bdc8,0.458249568939209,0.924407958984375,0.00010582010582010582,True,True,False,False,Found in isolated folder,KEEP_AFTER_RESAMPLING,False,
Harmonium,harmonium,846.wav,Harmonium\846.wav,.wav,WAV,22050,1,PCM_16,3.0,66150,132344,85da5db17827df678e93b44bf7d70d295323886eae233c100fed0891135f09b4,0.4446299374103546,0.92791748046875,0.0001511715797430083,True,True,False,False,Found in isolated folder,KEEP_AFTER_RESAMPLING,False,
Harmonium,harmonium,847.wav,Harmonium\847.wav,.wav,WAV,22050,1,PCM_16,3.0,66150,132344,4edb6fa6c3fc8ce8eec8c4f95fd6aa4f80188d13bd884a4656d6fc27b73f9de2,0.3725106418132782,0.924530029296875,0.00034769463340891913,True,True,False,False,Found in isolated folder,KEEP_AFTER_RESAMPLING,False,
Harmonium,harmonium,848.wav,Harmonium\848.wav,.wav,WAV,22050,1,PCM_16,3.0,66150,132344,c6535677801eddc2e6c86339e6f96207d7c7b97f2d3ab58d5832749d803a96fc,0.4653697609901428,0.923004150390625,0.00010582010582010582,True,True,False,False,Found in isolated folder,KEEP_AFTER_RESAMPLING,False,
Harmonium,harmonium,849.wav,Harmonium\849.wav,.wav,WAV,22050,1,PCM_16,3.0,66150,132344,47e6a961704edb7db4a9a9f0dcf84e265391e53ee0c9ab3b6ebe46ff6f040973,0.39787277579307556,0.923828125,0.0002418745275888133,True,True,False,False,Found in isolated folder,KEEP_AFTER_RESAMPLING,False,
Harmonium,harmonium,85.wav,Harmonium\85.wav,.wav,WAV,22050,1,PCM_16,3.0,66150,132344,af81b253bb64097b1f1bf0aef4d17712835053fe86b311c4001a09afb94489e1,0.38176628947257996,0.9281005859375,0.0003023431594860166,True,True,False,False,Found in isolated folder,KEEP_AFTER_RESAMPLING,False,
Harmonium,harmonium,850.wav,Harmonium\850.wav,.wav,WAV,22050,1,PCM_16,3.0,66150,132344,19d44d751bfa20d0e972898de84d1295cbfbe2b09d1205adde18cc868891cd14,0.41684409976005554,0.929534912109375,0.00013605442176870748,True,True,False,False,Found in isolated folder,KEEP_AFTER_RESAMPLING,False,
Harmonium,harmonium,851.wav,Harmonium\851.wav,.wav,WAV,22050,1,PCM_16,3.0,66150,132344,ec4573753476a1bb09692b21500c494e9155a6a9f52bb650b1103e0083b82142,0.3783462345600128,0.918792724609375,0.0002418745275888133,True,True,False,False,Found in isolated folder,KEEP_AFTER_RESAMPLING,False,
Harmonium,harmonium,852.wav,Harmonium\852.wav,.wav,WAV,22050,1,PCM_16,3.0,66150,132344,d506e09b64b844787da4079df284d42deac3eb65fb196069898449c9b2541e71,0.4248303472995758,0.927276611328125,0.00010582010582010582,True,True,False,False,Found in isolated folder,KEEP_AFTER_RESAMPLING,False,
Harmonium,harmonium,853.wav,Harmonium\853.wav,.wav,WAV,22050,1,PCM_16,3.0,66150,132344,63b8e4421c423e6571770c7b04dda17461f191a64238e5c755272488beb95cb2,0.4652126729488373,0.927032470703125,0.00013605442176870748,True,True,False,False,Found in isolated folder,KEEP_AFTER_RESAMPLING,False,
Harmonium,harmonium,854.wav,Harmonium\854.wav,.wav,WAV,22050,1,PCM_16,3.0,66150,132344,44fc411802d98737eccb008d7577165ce69c2ed29bdb53249d46ded06b736e29,0.4410385191440582,0.92657470703125,0.00018140589569160998,True,True,False,False,Found in isolated folder,KEEP_AFTER_RESAMPLING,False,
Harmonium,harmonium,855.wav,Harmonium\855.wav,.wav,WAV,22050,1,PCM_16,3.0,66150,132344,77d8911c4684c1be4e265397c3dcaf9ac3444c47622a8ccc136f0970d39f3a46,0.3794018626213074,0.926300048828125,0.0003325774754346183,True,True,False,False,Found in isolated folder,KEEP_AFTER_RESAMPLING,False,
Harmonium,harmonium,856.wav,Harmonium\856.wav,.wav,WAV,22050,1,PCM_16,3.0,66150,132344,48d3037a4b6d465ee39a0ea4624c8693e99a229fa7402bc821170fc7589b1370,0.4418710768222809,0.92572021484375,0.00013605442176870748,True,True,False,False,Found in isolated folder,KEEP_AFTER_RESAMPLING,False,
Harmonium,harmonium,857.wav,Harmonium\857.wav,.wav,WAV,22050,1,PCM_16,3.0,66150,132344,62143db1df30134f131aa75c1af1416e49d9db1e0737bba892725766414e4d77,0.3958486020565033,0.92529296875,0.00019652305366591082,True,True,False,False,Found in isolated folder,KEEP_AFTER_RESAMPLING,False,
Harmonium,harmonium,858.wav,Harmonium\858.wav,.wav,WAV,22050,1,PCM_16,3.0,66150,132344,a884e113b9e129fcc6566619da342e42b49befbb40f46b7e569c46c89560c967,0.4164915978908539,0.926300048828125,0.00010582010582010582,True,True,False,False,Found in isolated folder,KEEP_AFTER_RESAMPLING,False,
Harmonium,harmonium,859.wav,Harmonium\859.wav,.wav,WAV,22050,1,PCM_16,3.0,66150,132344,40579cf80f28e8a6e80c41f67f7977eca3523cfa60e78dd6a185bf1d836ee64e,0.38349682092666626,0.922637939453125,0.00019652305366591082,True,True,False,False,Found in isolated folder,KEEP_AFTER_RESAMPLING,False,
Harmonium,harmonium,86.wav,Harmonium\86.wav,.wav,WAV,22050,1,PCM_16,3.0,66150,132344,260ab96bb89b2eba53808ce370faaef431cd1aee4a1299227be175cc1e3fdc2f,0.42722707986831665,0.92901611328125,0.00018140589569160998,True,True,False,False,Found in isolated folder,KEEP_AFTER_RESAMPLING,False,
Harmonium,harmonium,860.wav,Harmonium\860.wav,.wav,WAV,22050,1,PCM_16,3.0,66150,132344,4d523a0a62cd58bdd8f3b8de507454f75c6d1203a510a89ccf86f5bbcbe9c780,0.42747753858566284,0.928619384765625,0.00022675736961451248,True,True,False,False,Found in isolated folder,KEEP_AFTER_RESAMPLING,False,
Harmonium,harmonium,861.wav,Harmonium\861.wav,.wav,WAV,22050,1,PCM_16,3.0,66150,132344,1956cf458dd42a332cf3eb04ef1ccf1a78ed16501612f493d904e382883267ac,0.46500617265701294,0.924560546875,0.00021164021164021165,True,True,False,False,Found in isolated folder,KEEP_AFTER_RESAMPLING,False,
Harmonium,harmonium,862.wav,Harmonium\862.wav,.wav,WAV,22050,1,PCM_16,3.0,66150,132344,8c5378dd45c5470c615f9f57068ad4cb1bed360674db7a8506c5e48380479b4a,0.4408908188343048,0.925872802734375,0.0002418745275888133,True,True,False,False,Found in isolated folder,KEEP_AFTER_RESAMPLING,False,
Harmonium,harmonium,863.wav,Harmonium\863.wav,.wav,WAV,22050,1,PCM_16,3.0,66150,132344,03ccc2c19d6f3dfad170afe392c190ecdda19a3126db5e11c3f8bb693c83db05,0.37272489070892334,0.925262451171875,0.0002569916855631141,True,True,False,False,Found in isolated folder,KEEP_AFTER_RESAMPLING,False,
Harmonium,harmonium,864.wav,Harmonium\864.wav,.wav,WAV,22050,1,PCM_16,3.0,66150,132344,f1d5b63323cd18d4e94076d659fdf55382bf17efee4aa9869eeab2152e368aeb,0.4451574683189392,0.9268798828125,0.00016628873771730915,True,True,False,False,Found in isolated folder,KEEP_AFTER_RESAMPLING,False,
Harmonium,harmonium,865.wav,Harmonium\865.wav,.wav,WAV,22050,1,PCM_16,3.0,66150,132344,713a08644c9209e60a746d0a6c1ac95c99e9183929939ad69a0391ad02581592,0.3963135778903961,0.92706298828125,0.00016628873771730915,True,True,False,False,Found in isolated folder,KEEP_AFTER_RESAMPLING,False,
Harmonium,harmonium,866.wav,Harmonium\866.wav,.wav,WAV,22050,1,PCM_16,3.0,66150,132344,8aa4384ab678ab6e66b2bf997bbd7f98c19039d2e3f694c906277fb5958526a0,0.42318522930145264,0.92724609375,9.070294784580499e-05,True,True,False,False,Found in isolated folder,KEEP_AFTER_RESAMPLING,False,
Harmonium,harmonium,867.wav,Harmonium\867.wav,.wav,WAV,22050,1,PCM_16,3.0,66150,132344,0036bd5d2e244fcb76a4e7cb4f6f461c19fd8fca8af4e935d7152ef2e443c20a,0.3738662004470825,0.9267578125,0.00019652305366591082,True,True,False,False,Found in isolated folder,KEEP_AFTER_RESAMPLING,False,
Harmonium,harmonium,868.wav,Harmonium\868.wav,.wav,WAV,22050,1,PCM_16,3.0,66150,132344,7788d3d10ad331c772045396b6d446e49947e0f711819d6ee8d57a9be5dded94,0.44030699133872986,0.9315185546875,0.00021164021164021165,True,True,False,False,Found in isolated folder,KEEP_AFTER_RESAMPLING,False,
Harmonium,harmonium,869.wav,Harmonium\869.wav,.wav,WAV,22050,1,PCM_16,3.0,66150,132344,546f9a9fcefae8df4e2a3c3a8439c37a124ed96aff5bc95c87c7bb1869f5c869,0.4724896550178528,0.926727294921875,0.00013605442176870748,True,True,False,False,Found in isolated folder,KEEP_AFTER_RESAMPLING,False,
Harmonium,harmonium,87.wav,Harmonium\87.wav,.wav,WAV,22050,1,PCM_16,3.0,66150,132344,1006fdcd18d2e797304fa4f9be4f8a07f86f40dd5071f50de4c20b0ab279da8e,0.3873189389705658,0.926544189453125,0.00034769463340891913,True,True,False,False,Found in isolated folder,KEEP_AFTER_RESAMPLING,False,
Harmonium,harmonium,870.wav,Harmonium\870.wav,.wav,WAV,22050,1,PCM_16,3.0,66150,132344,ba7a3c3797b8f6ed86c3874a648fa9367dc8cb053a5a396cf8334d9c2aeb279b,0.43987423181533813,0.929962158203125,0.0002569916855631141,True,True,False,False,Found in isolated folder,KEEP_AFTER_RESAMPLING,False,
Harmonium,harmonium,871.wav,Harmonium\871.wav,.wav,WAV,22050,1,PCM_16,3.0,66150,132344,54f53bfd12573404ee07d74b4bdc908188c62f1f4acef7cb35aee3166442446a,0.36659204959869385,0.933135986328125,0.0002569916855631141,True,True,False,False,Found in isolated folder,KEEP_AFTER_RESAMPLING,False,
Harmonium,harmonium,872.wav,Harmonium\872.wav,.wav,WAV,22050,1,PCM_16,3.0,66150,132344,cefd10982b4a45d90b04290edb82197b02661487321a3b484508aa61e15d7035,0.44672420620918274,0.92431640625,0.00019652305366591082,True,True,False,False,Found in isolated folder,KEEP_AFTER_RESAMPLING,False,
Harmonium,harmonium,873.wav,Harmonium\873.wav,.wav,WAV,22050,1,PCM_16,3.0,66150,132344,fcae18eaa1f2a2ff1619cee947e11062f6f587a5fdeed2d0442d80f5443c27b7,0.3991290032863617,0.9229736328125,0.00018140589569160998,True,True,False,False,Found in isolated folder,KEEP_AFTER_RESAMPLING,False,
Harmonium,harmonium,874.wav,Harmonium\874.wav,.wav,WAV,22050,1,PCM_16,3.0,66150,132344,ad158aec019dcb5bb0fcb1099b3cefcecdd0bccb71709dc7292b55772d018162,0.4183063209056854,0.935821533203125,0.00010582010582010582,True,True,False,False,Found in isolated folder,KEEP_AFTER_RESAMPLING,False,
Harmonium,harmonium,875.wav,Harmonium\875.wav,.wav,WAV,22050,1,PCM_16,3.0,66150,132344,9cb165fdabad7a390352de172dec5ebe8b798fe89798de3217e4017487e322bb,0.379773885011673,0.928192138671875,0.0001511715797430083,True,True,False,False,Found in isolated folder,KEEP_AFTER_RESAMPLING,False,
Harmonium,harmonium,876.wav,Harmonium\876.wav,.wav,WAV,22050,1,PCM_16,3.0,66150,132344,ba917300c817c1dfac0f61bd19d2f7cf1264562821cea52b2428a4872b666a15,0.4223547875881195,0.92999267578125,0.0002418745275888133,True,True,False,False,Found in isolated folder,KEEP_AFTER_RESAMPLING,False,
Harmonium,harmonium,877.wav,Harmonium\877.wav,.wav,WAV,22050,1,PCM_16,3.0,66150,132344,a8172ec8cfe56428486441c76e94f804ca76ec6b5409583a3dcef5836e3ce2fb,0.465238094329834,0.932586669921875,0.00013605442176870748,True,True,False,False,Found in isolated folder,KEEP_AFTER_RESAMPLING,False,
Harmonium,harmonium,878.wav,Harmonium\878.wav,.wav,WAV,22050,1,PCM_16,3.0,66150,132344,0813329ffdf2612dc4a7887aae5d3263ea14446f4927987099ae87d617179ccd,0.43875136971473694,0.929779052734375,0.00016628873771730915,True,True,False,False,Found in isolated folder,KEEP_AFTER_RESAMPLING,False,
Harmonium,harmonium,879.wav,Harmonium\879.wav,.wav,WAV,22050,1,PCM_16,3.0,66150,132344,2f75ce50a4742cb626affaa341f0f23ba9edf672e9b26f832f31ab2c9b0b361f,0.3694736361503601,0.930816650390625,0.00039304610733182163,True,True,False,False,Found in isolated folder,KEEP_AFTER_RESAMPLING,False,
Harmonium,harmonium,88.wav,Harmonium\88.wav,.wav,WAV,22050,1,PCM_16,3.0,66150,132344,d999c5d18fd761d6a79e07912d6d63c2ba7b2c5aa4392a816c5d11c3407b859f,0.3780340850353241,0.9212646484375,0.00043839758125472413,True,True,False,False,Found in isolated folder,KEEP_AFTER_RESAMPLING,False,
Harmonium,harmonium,880.wav,Harmonium\880.wav,.wav,WAV,22050,1,PCM_16,3.0,66150,132344,6895c120028bb160937e37b076de9d20fcb0e3e64355e89b8f0d99d502b9b091,0.4417364299297333,0.922882080078125,0.00018140589569160998,True,True,False,False,Found in isolated folder,KEEP_AFTER_RESAMPLING,False,
Harmonium,harmonium,881.wav,Harmonium\881.wav,.wav,WAV,22050,1,PCM_16,3.0,66150,132344,022380057b8382bbfbc3d228ec7ff9c86aeacbe85481ba8e94a06f5b7b0bdfb1,0.4025040566921234,0.92303466796875,0.00022675736961451248,True,True,False,False,Found in isolated folder,KEEP_AFTER_RESAMPLING,False,
Harmonium,harmonium,882.wav,Harmonium\882.wav,.wav,WAV,22050,1,PCM_16,3.0,66150,132344,716e7615fa2394f4f2e50a6f8002a5e81bc741fba72e88b4c25ff0248d8c782a,0.41738593578338623,0.92706298828125,0.00016628873771730915,True,True,False,False,Found in isolated folder,KEEP_AFTER_RESAMPLING,False,
Harmonium,harmonium,883.wav,Harmonium\883.wav,.wav,WAV,22050,1,PCM_16,3.0,66150,132344,2ad7a0d820f2bb992c99bc92c8e08e6dab5b2a4c2a3eb795e8cc0fc5eaa769b0,0.38002461194992065,0.927276611328125,0.00019652305366591082,True,True,False,False,Found in isolated folder,KEEP_AFTER_RESAMPLING,False,
Harmonium,harmonium,884.wav,Harmonium\884.wav,.wav,WAV,22050,1,PCM_16,3.0,66150,132344,57aaaaf6c43c1a49c9aa7817875195d6e043cf149bfff091f2984f4fce66f3f0,0.4274894595146179,0.92730712890625,0.00016628873771730915,True,True,False,False,Found in isolated folder,KEEP_AFTER_RESAMPLING,False,
Harmonium,harmonium,885.wav,Harmonium\885.wav,.wav,WAV,22050,1,PCM_16,3.0,66150,132344,813814b5a2b393e0c03e01ff9bcbd07c956967d1652388fd0f6f7859b266ac70,0.4676690101623535,0.927398681640625,0.0001511715797430083,True,True,False,False,Found in isolated folder,KEEP_AFTER_RESAMPLING,False,
Harmonium,harmonium,886.wav,Harmonium\886.wav,.wav,WAV,22050,1,PCM_16,3.0,66150,132344,036d90d24ada6ccc6a3c553f4a9eaa0ab8186ddb236a50bf2d7dbc13eb4481be,0.43684229254722595,0.92498779296875,0.00022675736961451248,True,True,False,False,Found in isolated folder,KEEP_AFTER_RESAMPLING,False,
Harmonium,harmonium,887.wav,Harmonium\887.wav,.wav,WAV,22050,1,PCM_16,3.0,66150,132344,c9a8da4374548717e381914d04389ce19ca1916419047aaa443d3dec76999a7c,0.3747100830078125,0.92779541015625,0.00027210884353741496,True,True,False,False,Found in isolated folder,KEEP_AFTER_RESAMPLING,False,
Harmonium,harmonium,888.wav,Harmonium\888.wav,.wav,WAV,22050,1,PCM_16,3.0,66150,132344,d2685bd291f942365d8af9c23354baa22cfc36e570c976836ae522083e106847,0.4628654718399048,0.92230224609375,0.0001511715797430083,True,True,False,False,Found in isolated folder,KEEP_AFTER_RESAMPLING,False,
Harmonium,harmonium,889.wav,Harmonium\889.wav,.wav,WAV,22050,1,PCM_16,3.0,66150,132344,4887edc42033b318372d4be9159b6a0191b69a1340678836d0b9d2337ae73d59,0.4011351764202118,0.92364501953125,0.00022675736961451248,True,True,False,False,Found in isolated folder,KEEP_AFTER_RESAMPLING,False,
Harmonium,harmonium,89.wav,Harmonium\89.wav,.wav,WAV,22050,1,PCM_16,3.0,66150,132344,f1e7c7a79315063605e515bed0d2e40c29365e03e4e8185739a0693a2e95a567,0.3769449293613434,0.93017578125,0.0002569916855631141,True,True,False,False,Found in isolated folder,KEEP_AFTER_RESAMPLING,False,
Harmonium,harmonium,890.wav,Harmonium\890.wav,.wav,WAV,22050,1,PCM_16,3.0,66150,132344,27f8c1520899242ac0e13d033c9a891340253808396527641014c600ce6669e7,0.42213916778564453,0.921539306640625,0.00019652305366591082,True,True,False,False,Found in isolated folder,KEEP_AFTER_RESAMPLING,False,
Harmonium,harmonium,891.wav,Harmonium\891.wav,.wav,WAV,22050,1,PCM_16,3.0,66150,132344,70e9c2f82b3131aa169f4765836e02eefb728b5caa3c4b21237a87dab0fc44f9,0.37977659702301025,0.922515869140625,0.00021164021164021165,True,True,False,False,Found in isolated folder,KEEP_AFTER_RESAMPLING,False,
Harmonium,harmonium,892.wav,Harmonium\892.wav,.wav,WAV,22050,1,PCM_16,3.0,66150,132344,a73e1138ab00bc5d5e44eaab3c606dd2ce238e111b5514d1a0e9868af870c33c,0.423755943775177,0.927703857421875,0.00016628873771730915,True,True,False,False,Found in isolated folder,KEEP_AFTER_RESAMPLING,False,
Harmonium,harmonium,893.wav,Harmonium\893.wav,.wav,WAV,22050,1,PCM_16,3.0,66150,132344,0dc41da176fe511f48c7ccdb7a970ba0508006db897001a036b7785075f77509,0.4666147828102112,0.931488037109375,0.00013605442176870748,True,True,False,False,Found in isolated folder,KEEP_AFTER_RESAMPLING,False,
Harmonium,harmonium,894.wav,Harmonium\894.wav,.wav,WAV,22050,1,PCM_16,3.0,66150,132344,c73cb2f0c44f7ffc7d035db1e06a0e0068b669caba18a9dbcbdb4eb82c39f66b,0.4386600852012634,0.92523193359375,0.00021164021164021165,True,True,False,False,Found in isolated folder,KEEP_AFTER_RESAMPLING,False,
Harmonium,harmonium,895.wav,Harmonium\895.wav,.wav,WAV,22050,1,PCM_16,3.0,66150,132344,08c95ea501c18fb0e0bb136e76755a6a718d2780cc769ee21f01c2e31a7f76da,0.37243005633354187,0.93170166015625,0.00016628873771730915,True,True,False,False,Found in isolated folder,KEEP_AFTER_RESAMPLING,False,
Harmonium,harmonium,896.wav,Harmonium\896.wav,.wav,WAV,22050,1,PCM_16,3.0,66150,132344,4547953072bc66a2120694bb0568584d351c58abcff12b62bf8f49f137d6378f,0.43701478838920593,0.9244384765625,0.0001511715797430083,True,True,False,False,Found in isolated folder,KEEP_AFTER_RESAMPLING,False,
Harmonium,harmonium,897.wav,Harmonium\897.wav,.wav,WAV,22050,1,PCM_16,3.0,66150,132344,162110fbed1080e55db1c7bd6ca9598291603f3c44639a9495cddf01a2a7e17b,0.39435750246047974,0.925994873046875,0.0002569916855631141,True,True,False,False,Found in isolated folder,KEEP_AFTER_RESAMPLING,False,
Harmonium,harmonium,898.wav,Harmonium\898.wav,.wav,WAV,22050,1,PCM_16,3.0,66150,132344,0eedd1c24ab8cb600a9b44c8cb6214a7d6a260b635f45c0059d91948fa29c586,0.414572536945343,0.921875,0.0001511715797430083,True,True,False,False,Found in isolated folder,KEEP_AFTER_RESAMPLING,False,
Harmonium,harmonium,899.wav,Harmonium\899.wav,.wav,WAV,22050,1,PCM_16,3.0,66150,132344,28679e359bbfe17d92e40157b36f3e0a8c00ff99405bbbc5113b0ec21b2ae50b,0.3793124854564667,0.92913818359375,0.00019652305366591082,True,True,False,False,Found in isolated folder,KEEP_AFTER_RESAMPLING,False,
Harmonium,harmonium,9.wav,Harmonium\9.wav,.wav,WAV,22050,1,PCM_16,3.0,66150,132344,24b67815da454a4c3c2c4837e5de3d3c16a71420df638163d23155aa31dc89b7,0.37699276208877563,0.92059326171875,0.00019652305366591082,True,True,False,False,Found in isolated folder,KEEP_AFTER_RESAMPLING,False,
Harmonium,harmonium,90.wav,Harmonium\90.wav,.wav,WAV,22050,1,PCM_16,3.0,66150,132344,c6c43f408d10274646a9502b626cd81cd0b862b52106ea5e849c8aaf5a243948,0.42970800399780273,0.928192138671875,0.0002418745275888133,True,True,False,False,Found in isolated folder,KEEP_AFTER_RESAMPLING,False,
Harmonium,harmonium,900.wav,Harmonium\900.wav,.wav,WAV,22050,1,PCM_16,3.0,66150,132344,d5319d4db1d457dd59bd70806f0ddae927280ce95fb66239af4488cd1830e7c2,0.42588675022125244,0.935333251953125,0.00021164021164021165,True,True,False,False,Found in isolated folder,KEEP_AFTER_RESAMPLING,False,
Harmonium,harmonium,901.wav,Harmonium\901.wav,.wav,WAV,22050,1,PCM_16,3.0,66150,132344,cc4ede55b9136288f5784dc21ace8cc59a847cb489ec0e70d6a812d5baae8562,0.4601982533931732,0.924530029296875,0.00019652305366591082,True,True,False,False,Found in isolated folder,KEEP_AFTER_RESAMPLING,False,
Harmonium,harmonium,902.wav,Harmonium\902.wav,.wav,WAV,22050,1,PCM_16,3.0,66150,132344,0f328951bca5dabf51d360116cd646061578811763cdc298ccb500be0b904e13,0.4413414001464844,0.9283447265625,0.00027210884353741496,True,True,False,False,Found in isolated folder,KEEP_AFTER_RESAMPLING,False,
Harmonium,harmonium,903.wav,Harmonium\903.wav,.wav,WAV,22050,1,PCM_16,3.0,66150,132344,e2cdde90a9719113dce75fb2cba9ca022e6692163500b8571e6fe1a00fd4eaff,0.37480247020721436,0.927886962890625,0.0002418745275888133,True,True,False,False,Found in isolated folder,KEEP_AFTER_RESAMPLING,False,
Harmonium,harmonium,904.wav,Harmonium\904.wav,.wav,WAV,22050,1,PCM_16,3.0,66150,132344,88a1a169a4bae65afb44f4c7e8a75744c71f358e0cbdbf970d29ff0841f7ffbb,0.4441114068031311,0.92205810546875,0.0001511715797430083,True,True,False,False,Found in isolated folder,KEEP_AFTER_RESAMPLING,False,
Harmonium,harmonium,905.wav,Harmonium\905.wav,.wav,WAV,22050,1,PCM_16,3.0,66150,132344,1602a6b8aac1b54cafb18e1b63023b6413da2b2a9aeac30be21fa704374186f5,0.3921339511871338,0.9317626953125,0.00018140589569160998,True,True,False,False,Found in isolated folder,KEEP_AFTER_RESAMPLING,False,
Harmonium,harmonium,906.wav,Harmonium\906.wav,.wav,WAV,22050,1,PCM_16,3.0,66150,132344,6f574abb0134a2b2f70a48a0a44d9b5b0b2c0b00585f0a11a38f6b5da1ac2514,0.4193437397480011,0.92919921875,0.00016628873771730915,True,True,False,False,Found in isolated folder,KEEP_AFTER_RESAMPLING,False,
Harmonium,harmonium,907.wav,Harmonium\907.wav,.wav,WAV,22050,1,PCM_16,3.0,66150,132344,16b1145390114b0b216242eda7f8fcb591fefbcdf62435155faf8d3d38d1b8f2,0.37793976068496704,0.93475341796875,0.0002418745275888133,True,True,False,False,Found in isolated folder,KEEP_AFTER_RESAMPLING,False,
Harmonium,harmonium,908.wav,Harmonium\908.wav,.wav,WAV,22050,1,PCM_16,3.0,66150,132344,81254a9ed239c9ada0de20dba778a56a4b2076fb5d580c1ddd58f65e3f943bab,0.4453582763671875,0.9364013671875,0.0001511715797430083,True,True,False,False,Found in isolated folder,KEEP_AFTER_RESAMPLING,False,
Harmonium,harmonium,909.wav,Harmonium\909.wav,.wav,WAV,22050,1,PCM_16,3.0,66150,132344,6b56a6fd9497224dd0e51ff0467386b956fd71c2f9a5c5a8912cadac633a2653,0.47837960720062256,0.92523193359375,0.00012093726379440664,True,True,False,False,Found in isolated folder,KEEP_AFTER_RESAMPLING,False,
Harmonium,harmonium,91.wav,Harmonium\91.wav,.wav,WAV,22050,1,PCM_16,3.0,66150,132344,b9a4897f5c3ad9f2986fac321176d40911f3f4466bac2c8f22989dc36f48e6cc,0.38544803857803345,0.923095703125,0.0003023431594860166,True,True,False,False,Found in isolated folder,KEEP_AFTER_RESAMPLING,False,
Harmonium,harmonium,910.wav,Harmonium\910.wav,.wav,WAV,22050,1,PCM_16,3.0,66150,132344,3ca40e2388a526cb0af589348ab169d8c896a4b3506c8b89ba8aa4d6f95938ab,0.44081810116767883,0.92657470703125,0.00022675736961451248,True,True,False,False,Found in isolated folder,KEEP_AFTER_RESAMPLING,False,
Harmonium,harmonium,911.wav,Harmonium\911.wav,.wav,WAV,22050,1,PCM_16,3.0,66150,132344,82cfdb8cb6330cb4e03e1f8d12772ba53d6880862dc8223c9b7ec35692b5fe72,0.3718993365764618,0.934478759765625,0.0002872260015117158,True,True,False,False,Found in isolated folder,KEEP_AFTER_RESAMPLING,False,
Harmonium,harmonium,912.wav,Harmonium\912.wav,.wav,WAV,22050,1,PCM_16,3.0,66150,132344,f667aba7d0dffe8c81ab991ce4a035f5b226ca86d4201384f5791585ce22c6df,0.4456072449684143,0.923614501953125,0.00018140589569160998,True,True,False,False,Found in isolated folder,KEEP_AFTER_RESAMPLING,False,
Harmonium,harmonium,913.wav,Harmonium\913.wav,.wav,WAV,22050,1,PCM_16,3.0,66150,132344,4996117af2b581e68423167d31e348f965d8898f65bc8e5cb251c2d3c07080aa,0.3941669464111328,0.918304443359375,0.00027210884353741496,True,True,False,False,Found in isolated folder,KEEP_AFTER_RESAMPLING,False,
Harmonium,harmonium,914.wav,Harmonium\914.wav,.wav,WAV,22050,1,PCM_16,3.0,66150,132344,22fa10c75dc90fd3885f1a6cbe3a5e45012898f99f505ce2cd147529e1a7f5ff,0.42378196120262146,0.93316650390625,0.00018140589569160998,True,True,False,False,Found in isolated folder,KEEP_AFTER_RESAMPLING,False,
Harmonium,harmonium,915.wav,Harmonium\915.wav,.wav,WAV,22050,1,PCM_16,3.0,66150,132344,6b80abd9b71b02f25498bec9b69f9dbf88134f67121f64ec84f62e69c5c15f1f,0.3824332654476166,0.92523193359375,0.00012093726379440664,True,True,False,False,Found in isolated folder,KEEP_AFTER_RESAMPLING,False,
Harmonium,harmonium,916.wav,Harmonium\916.wav,.wav,WAV,22050,1,PCM_16,3.0,66150,132344,4ca60b5597dd0f29ad01ac1e0476c68409533f4a5b96fb12c1106c49d4ba4e4f,0.42393890023231506,0.9384765625,0.00018140589569160998,True,True,False,False,Found in isolated folder,KEEP_AFTER_RESAMPLING,False,
Harmonium,harmonium,917.wav,Harmonium\917.wav,.wav,WAV,22050,1,PCM_16,3.0,66150,132344,2c01bb678e563c627315e6915a99b5b976ace11a87c03fe28b536607bdfaa58f,0.46805623173713684,0.9234619140625,0.00010582010582010582,True,True,False,False,Found in isolated folder,KEEP_AFTER_RESAMPLING,False,
Harmonium,harmonium,918.wav,Harmonium\918.wav,.wav,WAV,22050,1,PCM_16,3.0,66150,132344,d640097da38bd3d5428526084abf9d470cc19d5f8de3a8ee1930a2f23c34f7a5,0.43839123845100403,0.929443359375,0.00021164021164021165,True,True,False,False,Found in isolated folder,KEEP_AFTER_RESAMPLING,False,
Harmonium,harmonium,919.wav,Harmonium\919.wav,.wav,WAV,22050,1,PCM_16,3.0,66150,132344,04297a1374f3ee3cd32a5ae5368ac5ba3cb9f53bc0e7b4775b8afe5056e274e7,0.3719838261604309,0.9329833984375,0.0002872260015117158,True,True,False,False,Found in isolated folder,KEEP_AFTER_RESAMPLING,False,
Harmonium,harmonium,92.wav,Harmonium\92.wav,.wav,WAV,22050,1,PCM_16,3.0,66150,132344,ff3cd5b41e3422b0bdd52a9658eb881160a6c92c8239317bab1ab9c3a2685454,0.3831290006637573,0.92523193359375,0.0001511715797430083,True,True,False,False,Found in isolated folder,KEEP_AFTER_RESAMPLING,False,
Harmonium,harmonium,920.wav,Harmonium\920.wav,.wav,WAV,22050,1,PCM_16,3.0,66150,132344,87c5f5ab7fbab2f33b2b0b8212fc58051ccb5c5fc15700c2037d65d94191ebdd,0.4449002146720886,0.92279052734375,0.0001511715797430083,True,True,False,False,Found in isolated folder,KEEP_AFTER_RESAMPLING,False,
Harmonium,harmonium,921.wav,Harmonium\921.wav,.wav,WAV,22050,1,PCM_16,3.0,66150,132344,cefa5d0a8d7068be0a09e1687b8a1ab7262e67d41d1d986efc27072a839a7172,0.399109810590744,0.928863525390625,0.00019652305366591082,True,True,False,False,Found in isolated folder,KEEP_AFTER_RESAMPLING,False,
Harmonium,harmonium,922.wav,Harmonium\922.wav,.wav,WAV,22050,1,PCM_16,3.0,66150,132344,3ddc530231a1478428e3e99810b267908e64dc1b40c9a968342af6ce3ce9a89c,0.41573649644851685,0.931854248046875,0.00010582010582010582,True,True,False,False,Found in isolated folder,KEEP_AFTER_RESAMPLING,False,
Harmonium,harmonium,923.wav,Harmonium\923.wav,.wav,WAV,22050,1,PCM_16,3.0,66150,132344,d880ef30529ad314200b692b685ba697c2809f2ae60fdf21ace776ba59bce4f6,0.3797168433666229,0.922637939453125,0.00022675736961451248,True,True,False,False,Found in isolated folder,KEEP_AFTER_RESAMPLING,False,
Harmonium,harmonium,924.wav,Harmonium\924.wav,.wav,WAV,22050,1,PCM_16,3.0,66150,132344,726094113b5d5633b584911ee3d6adf4c5bbb6575d0005fbb35f74ca452af9dc,0.42122524976730347,0.9302978515625,0.0002418745275888133,True,True,False,False,Found in isolated folder,KEEP_AFTER_RESAMPLING,False,
Harmonium,harmonium,925.wav,Harmonium\925.wav,.wav,WAV,22050,1,PCM_16,3.0,66150,132344,0f0b297e3dacc7c0816d024e4636cf6253565f3e7f069123c03a9a2a80c683a5,0.46536532044410706,0.920501708984375,0.00010582010582010582,True,True,False,False,Found in isolated folder,KEEP_AFTER_RESAMPLING,False,
Harmonium,harmonium,926.wav,Harmonium\926.wav,.wav,WAV,22050,1,PCM_16,3.0,66150,132344,50272bef3b3d9f8d2d67a332b7b4685bb86266a6bf1afb46de0fdc1930ea8620,0.4370289742946625,0.931060791015625,0.00012093726379440664,True,True,False,False,Found in isolated folder,KEEP_AFTER_RESAMPLING,False,
Harmonium,harmonium,927.wav,Harmonium\927.wav,.wav,WAV,22050,1,PCM_16,3.0,66150,132344,a21871614dbc8c52c63a9d48f8537e29e1d7cc440728849dffb4e4f068384eed,0.37175247073173523,0.927978515625,0.0002418745275888133,True,True,False,False,Found in isolated folder,KEEP_AFTER_RESAMPLING,False,
Harmonium,harmonium,928.wav,Harmonium\928.wav,.wav,WAV,22050,1,PCM_16,3.0,66150,132344,623c3fb6eb8fef1f3b342463fcebef2a62c9c1edfc2e47e14ccb0990d999b326,0.4637100398540497,0.9232177734375,0.00019652305366591082,True,True,False,False,Found in isolated folder,KEEP_AFTER_RESAMPLING,False,
Harmonium,harmonium,929.wav,Harmonium\929.wav,.wav,WAV,22050,1,PCM_16,3.0,66150,132344,dda897b2d4568e633080041766844e1b85a3f002f420341177ac5aa09a77bf91,0.4034053087234497,0.930328369140625,0.00027210884353741496,True,True,False,False,Found in isolated folder,KEEP_AFTER_RESAMPLING,False,
Harmonium,harmonium,93.wav,Harmonium\93.wav,.wav,WAV,22050,1,PCM_16,3.0,66150,132344,ed72ff139977b20d94cdb352287599cd714157a0562a70567ae017e56c6b7f9d,0.3783506751060486,0.924102783203125,0.00027210884353741496,True,True,False,False,Found in isolated folder,KEEP_AFTER_RESAMPLING,False,
Harmonium,harmonium,930.wav,Harmonium\930.wav,.wav,WAV,22050,1,PCM_16,3.0,66150,132344,6fdf6fece3075bb4f3ab2032ac90f9e2b4bb5df79bb0364399cff9c434dcca3c,0.42100510001182556,0.92694091796875,0.0001511715797430083,True,True,False,False,Found in isolated folder,KEEP_AFTER_RESAMPLING,False,
Harmonium,harmonium,931.wav,Harmonium\931.wav,.wav,WAV,22050,1,PCM_16,3.0,66150,132344,62cd5df886e08d1ec196f5db55880e0eb495483d600a4c9e4fee1db19eef067b,0.3797997534275055,0.92376708984375,0.00031746031746031746,True,True,False,False,Found in isolated folder,KEEP_AFTER_RESAMPLING,False,
Harmonium,harmonium,932.wav,Harmonium\932.wav,.wav,WAV,22050,1,PCM_16,3.0,66150,132344,fcc434e48bee01c6ee31878fad9729ad83b1925509ebf056b086f778c729bf84,0.4273885488510132,0.926971435546875,0.0003023431594860166,True,True,False,False,Found in isolated folder,KEEP_AFTER_RESAMPLING,False,
Harmonium,harmonium,933.wav,Harmonium\933.wav,.wav,WAV,22050,1,PCM_16,3.0,66150,132344,1f4fd2da8b2aaf56cb40c1b9e713453d9de65cdd6b01e3c0857880d377719feb,0.4580916166305542,0.927825927734375,0.0001511715797430083,True,True,False,False,Found in isolated folder,KEEP_AFTER_RESAMPLING,False,
Harmonium,harmonium,934.wav,Harmonium\934.wav,.wav,WAV,22050,1,PCM_16,3.0,66150,132344,ed77a6ea2fae1b3aeffaac28360ef3674a3da35e405779b665607f9dcc754f82,0.4405282735824585,0.930877685546875,0.00021164021164021165,True,True,False,False,Found in isolated folder,KEEP_AFTER_RESAMPLING,False,
Harmonium,harmonium,935.wav,Harmonium\935.wav,.wav,WAV,22050,1,PCM_16,3.0,66150,132344,25edccfade237c268e6a185b79a1b67aaa322c503235a0ae7c53970f01227e93,0.37053316831588745,0.930572509765625,0.0002418745275888133,True,True,False,False,Found in isolated folder,KEEP_AFTER_RESAMPLING,False,
Harmonium,harmonium,936.wav,Harmonium\936.wav,.wav,WAV,22050,1,PCM_16,3.0,66150,132344,61935f77c53331dcf649360366f97a57d99487a202c0ea8d9449f338363027c0,0.43898525834083557,0.9407958984375,0.0001511715797430083,True,True,False,False,Found in isolated folder,KEEP_AFTER_RESAMPLING,False,
Harmonium,harmonium,937.wav,Harmonium\937.wav,.wav,WAV,22050,1,PCM_16,3.0,66150,132344,045f43a894b00d41f5a26f238ef6212b999bbf6b99d1282859cbb6786fe39dc3,0.39919471740722656,0.923858642578125,0.0001511715797430083,True,True,False,False,Found in isolated folder,KEEP_AFTER_RESAMPLING,False,
Harmonium,harmonium,938.wav,Harmonium\938.wav,.wav,WAV,22050,1,PCM_16,3.0,66150,132344,a9ee64e822a5673bb805e98abd4ac09f74d70ddbdda3a2c1462fffafb8eef50f,0.41585293412208557,0.924713134765625,0.00018140589569160998,True,True,False,False,Found in isolated folder,KEEP_AFTER_RESAMPLING,False,
Harmonium,harmonium,939.wav,Harmonium\939.wav,.wav,WAV,22050,1,PCM_16,3.0,66150,132344,05147ebfc4fbd3eea8c8cc13bb65ac3c839b3073a565f6b5f78a251de28aa2cb,0.37883999943733215,0.92474365234375,0.00012093726379440664,True,True,False,False,Found in isolated folder,KEEP_AFTER_RESAMPLING,False,
Harmonium,harmonium,94.wav,Harmonium\94.wav,.wav,WAV,22050,1,PCM_16,3.0,66150,132344,90a865e94bb915b6270a9169c470f0d34c03b719c2e9689416d055c06364d572,0.43374598026275635,0.927398681640625,0.00021164021164021165,True,True,False,False,Found in isolated folder,KEEP_AFTER_RESAMPLING,False,
Harmonium,harmonium,940.wav,Harmonium\940.wav,.wav,WAV,22050,1,PCM_16,3.0,66150,132344,986ae8800664fe1ad54b8a3f61df257ee66b44756e18982e18fdf977bbb2683a,0.42431640625,0.9351806640625,0.00018140589569160998,True,True,False,False,Found in isolated folder,KEEP_AFTER_RESAMPLING,False,
Harmonium,harmonium,941.wav,Harmonium\941.wav,.wav,WAV,22050,1,PCM_16,3.0,66150,132344,4b901015f8891905256e5dc22f34e600b9faabb717f56cd36a968f9f960602c4,0.4635116159915924,0.927032470703125,0.00013605442176870748,True,True,False,False,Found in isolated folder,KEEP_AFTER_RESAMPLING,False,
Harmonium,harmonium,942.wav,Harmonium\942.wav,.wav,WAV,22050,1,PCM_16,3.0,66150,132344,eb4d4feebd0c41f05f82041841afb7e5b6ca5475f7a1e970c6b0b05b928f2087,0.4364966154098511,0.930633544921875,0.00012093726379440664,True,True,False,False,Found in isolated folder,KEEP_AFTER_RESAMPLING,False,
Harmonium,harmonium,943.wav,Harmonium\943.wav,.wav,WAV,22050,1,PCM_16,3.0,66150,132344,c2cc645b0196d977c376bcd68f6e9b964c8cd6b09fbb3b0de9432df2d2f9827b,0.37259557843208313,0.929931640625,0.00036281179138321996,True,True,False,False,Found in isolated folder,KEEP_AFTER_RESAMPLING,False,
Harmonium,harmonium,944.wav,Harmonium\944.wav,.wav,WAV,22050,1,PCM_16,3.0,66150,132344,4b023a19603cc957770936c8b324233b3ae8f65f1490551dc9bb4c022eda6482,0.4350515902042389,0.922821044921875,0.00012093726379440664,True,True,False,False,Found in isolated folder,KEEP_AFTER_RESAMPLING,False,
Harmonium,harmonium,945.wav,Harmonium\945.wav,.wav,WAV,22050,1,PCM_16,3.0,66150,132344,cdb01b2841543323bbd1252e746b1e40cc5d7f0fd47f3f583f616bd82df90f05,0.3988981246948242,0.923431396484375,0.0002418745275888133,True,True,False,False,Found in isolated folder,KEEP_AFTER_RESAMPLING,False,
Harmonium,harmonium,946.wav,Harmonium\946.wav,.wav,WAV,22050,1,PCM_16,3.0,66150,132344,df7becc5e3a7ddd52af940793662760a43030bd6cd4af9c90d3b700cc5542736,0.41645678877830505,0.932159423828125,9.070294784580499e-05,True,True,False,False,Found in isolated folder,KEEP_AFTER_RESAMPLING,False,
Harmonium,harmonium,947.wav,Harmonium\947.wav,.wav,WAV,22050,1,PCM_16,3.0,66150,132344,9ab21370faa0fdffe6c4443cf87a4ae4de7a7beacc09dbe025ea5e9ae9964220,0.37877288460731506,0.9254150390625,0.00027210884353741496,True,True,False,False,Found in isolated folder,KEEP_AFTER_RESAMPLING,False,
Harmonium,harmonium,948.wav,Harmonium\948.wav,.wav,WAV,22050,1,PCM_16,3.0,66150,132344,603e8be2a3983b9cbb90397245a65c7bab8da89621ba4cccc297a37da3f8b2a3,0.4389040470123291,0.92486572265625,0.00018140589569160998,True,True,False,False,Found in isolated folder,KEEP_AFTER_RESAMPLING,False,
Harmonium,harmonium,949.wav,Harmonium\949.wav,.wav,WAV,22050,1,PCM_16,3.0,66150,132344,817ad57bb80822cb764d27fed5928af8fb72f679307b37b9bd57ed92019286e0,0.47951963543891907,0.92413330078125,4.5351473922902495e-05,True,True,False,False,Found in isolated folder,KEEP_AFTER_RESAMPLING,False,
Harmonium,harmonium,95.wav,Harmonium\95.wav,.wav,WAV,22050,1,PCM_16,3.0,66150,132344,685a9289f63c312fac3b34ca66b35c543a205f43c4954bf002c3658b1c97b761,0.3821823298931122,0.931793212890625,0.00027210884353741496,True,True,False,False,Found in isolated folder,KEEP_AFTER_RESAMPLING,False,
Harmonium,harmonium,950.wav,Harmonium\950.wav,.wav,WAV,22050,1,PCM_16,3.0,66150,132344,30d51e7863a5a7020d91a9d9c649c221917281f1e4acf00105d09a2b532e2ec4,0.44703853130340576,0.926605224609375,0.0002569916855631141,True,True,False,False,Found in isolated folder,KEEP_AFTER_RESAMPLING,False,
Harmonium,harmonium,951.wav,Harmonium\951.wav,.wav,WAV,22050,1,PCM_16,3.0,66150,132344,f7a88e1d2545fdd072255e8e0a44b866f1c225c5f9d2a75d3188fb19bc0991a0,0.374041348695755,0.929351806640625,0.0002872260015117158,True,True,False,False,Found in isolated folder,KEEP_AFTER_RESAMPLING,False,
Harmonium,harmonium,952.wav,Harmonium\952.wav,.wav,WAV,22050,1,PCM_16,3.0,66150,132344,a6c8ff33d36fc4f731e7f4ed8f8e7a86228ba904db376ce021a02fce0f052204,0.4458574056625366,0.9281005859375,0.0003023431594860166,True,True,False,False,Found in isolated folder,KEEP_AFTER_RESAMPLING,False,
Harmonium,harmonium,953.wav,Harmonium\953.wav,.wav,WAV,22050,1,PCM_16,3.0,66150,132344,030d03f9c817c3aeab6b3510ce90146a225c57697e356a0cc87d39b69fd794f1,0.3935466706752777,0.920562744140625,0.00018140589569160998,True,True,False,False,Found in isolated folder,KEEP_AFTER_RESAMPLING,False,
Harmonium,harmonium,954.wav,Harmonium\954.wav,.wav,WAV,22050,1,PCM_16,3.0,66150,132344,e0b459f97c93587d7da8fc5981bbb461bdf3266831a052326a1ff9aa7064176d,0.41783973574638367,0.93798828125,0.00012093726379440664,True,True,False,False,Found in isolated folder,KEEP_AFTER_RESAMPLING,False,
Harmonium,harmonium,955.wav,Harmonium\955.wav,.wav,WAV,22050,1,PCM_16,3.0,66150,132344,b6e629c93d232a5d9ec36bba147bde7adfb5475cc7a52da27651a1ed51bf347a,0.37926650047302246,0.920928955078125,0.00013605442176870748,True,True,False,False,Found in isolated folder,KEEP_AFTER_RESAMPLING,False,
Harmonium,harmonium,956.wav,Harmonium\956.wav,.wav,WAV,22050,1,PCM_16,3.0,66150,132344,416349ff02aa408959680bec3303119663999361e3a1a4791ff36998fb345740,0.4229696989059448,0.92608642578125,0.00012093726379440664,True,True,False,False,Found in isolated folder,KEEP_AFTER_RESAMPLING,False,
Harmonium,harmonium,957.wav,Harmonium\957.wav,.wav,WAV,22050,1,PCM_16,3.0,66150,132344,f5663a99043465fc084f340ae716d509bd659173742041a4390df687a98ab00a,0.46411117911338806,0.923828125,9.070294784580499e-05,True,True,False,False,Found in isolated folder,KEEP_AFTER_RESAMPLING,False,
Harmonium,harmonium,958.wav,Harmonium\958.wav,.wav,WAV,22050,1,PCM_16,3.0,66150,132344,5974ad31558ff2f75c112cf0fedf35335c4f637326895934c4622593c7fae1f3,0.4399603605270386,0.9234619140625,0.00022675736961451248,True,True,False,False,Found in isolated folder,KEEP_AFTER_RESAMPLING,False,
Harmonium,harmonium,959.wav,Harmonium\959.wav,.wav,WAV,22050,1,PCM_16,3.0,66150,132344,0dbf7934ddd1f32ab4b8e2c0c494f082dbda73a2bc7b86f57d8fc891322b844b,0.3754356801509857,0.933349609375,0.00019652305366591082,True,True,False,False,Found in isolated folder,KEEP_AFTER_RESAMPLING,False,
Harmonium,harmonium,96.wav,Harmonium\96.wav,.wav,WAV,22050,1,PCM_16,3.0,66150,132344,b15961b10e00918e7ae9023e8a9e2726ef5c2a58722fb40b30bcad7ae5f7854e,0.38049349188804626,0.92510986328125,0.0003779289493575208,True,True,False,False,Found in isolated folder,KEEP_AFTER_RESAMPLING,False,
Harmonium,harmonium,960.wav,Harmonium\960.wav,.wav,WAV,22050,1,PCM_16,3.0,66150,132344,bcc4e17f3a99eb0f6528c01a479b6f9d18582e929c6b487b8c2351da884d149d,0.4422977566719055,0.9241943359375,0.00019652305366591082,True,True,False,False,Found in isolated folder,KEEP_AFTER_RESAMPLING,False,
Harmonium,harmonium,961.wav,Harmonium\961.wav,.wav,WAV,22050,1,PCM_16,3.0,66150,132344,b1dd55fc02a25e4cc88176a93f3d07e46b65504165b5315f6cf15bcf6674c7f6,0.39847779273986816,0.92767333984375,0.00016628873771730915,True,True,False,False,Found in isolated folder,KEEP_AFTER_RESAMPLING,False,
Harmonium,harmonium,962.wav,Harmonium\962.wav,.wav,WAV,22050,1,PCM_16,3.0,66150,132344,fe1002f98cfef392c6d898cd36aea431bf65152373efca33ef5862eea57f0762,0.4222642183303833,0.926666259765625,0.00022675736961451248,True,True,False,False,Found in isolated folder,KEEP_AFTER_RESAMPLING,False,
Harmonium,harmonium,963.wav,Harmonium\963.wav,.wav,WAV,22050,1,PCM_16,3.0,66150,132344,9ecdc002560b7d4ca50c08b384dd1284b6840f1c175df281ee86e9bebf94cb78,0.3812589943408966,0.9190673828125,0.00018140589569160998,True,True,False,False,Found in isolated folder,KEEP_AFTER_RESAMPLING,False,
Harmonium,harmonium,964.wav,Harmonium\964.wav,.wav,WAV,22050,1,PCM_16,3.0,66150,132344,bfb26bc97ef3a88add8296ffe8decf153cb3134b33ee9290c6c56771a602729a,0.42733249068260193,0.934661865234375,9.070294784580499e-05,True,True,False,False,Found in isolated folder,KEEP_AFTER_RESAMPLING,False,
Harmonium,harmonium,965.wav,Harmonium\965.wav,.wav,WAV,22050,1,PCM_16,3.0,66150,132344,de24ee21509909e73849e65c1b8f431603ea4de899a0cc49fc76508e239d6ac8,0.46588435769081116,0.924713134765625,4.5351473922902495e-05,True,True,False,False,Found in isolated folder,KEEP_AFTER_RESAMPLING,False,
Harmonium,harmonium,966.wav,Harmonium\966.wav,.wav,WAV,22050,1,PCM_16,3.0,66150,132344,dd64310d141655f6c43cdc0ab710ce67b066897519b6cb01df9997fe4beb0b2c,0.43612876534461975,0.925750732421875,0.00012093726379440664,True,True,False,False,Found in isolated folder,KEEP_AFTER_RESAMPLING,False,
Harmonium,harmonium,967.wav,Harmonium\967.wav,.wav,WAV,22050,1,PCM_16,3.0,66150,132344,06e27a6c67f27d676c25f113e9a1c4957ba7aa3801800c9e6d169550f09a6897,0.37395477294921875,0.9271240234375,0.00018140589569160998,True,True,False,False,Found in isolated folder,KEEP_AFTER_RESAMPLING,False,
Harmonium,harmonium,968.wav,Harmonium\968.wav,.wav,WAV,22050,1,PCM_16,3.0,66150,132344,80ef1bec257aea4cdc8e3bfc8bf87bb3c964c207275a58d5018b1fa28f3ffcf9,0.4453166127204895,0.925048828125,0.00016628873771730915,True,True,False,False,Found in isolated folder,KEEP_AFTER_RESAMPLING,False,
Harmonium,harmonium,969.wav,Harmonium\969.wav,.wav,WAV,22050,1,PCM_16,3.0,66150,132344,9e0159938ff2673bc2c423d9ea4c8ccb0e7bce35d78b6c68667276421a17c51a,0.40129005908966064,0.9227294921875,0.00013605442176870748,True,True,False,False,Found in isolated folder,KEEP_AFTER_RESAMPLING,False,
Harmonium,harmonium,97.wav,Harmonium\97.wav,.wav,WAV,22050,1,PCM_16,3.0,66150,132344,beda7f91f5d8ce7ff3c849e3d8b970f65b2f77439e17a388b84756b2d74bea41,0.3829387128353119,0.93310546875,0.00036281179138321996,True,True,False,False,Found in isolated folder,KEEP_AFTER_RESAMPLING,False,
Harmonium,harmonium,970.wav,Harmonium\970.wav,.wav,WAV,22050,1,PCM_16,3.0,66150,132344,c1be16afa9a6e24c5c1b6ab80d9da018c722980bcc8b2946807411dff60e8693,0.4181327819824219,0.92803955078125,0.00018140589569160998,True,True,False,False,Found in isolated folder,KEEP_AFTER_RESAMPLING,False,
Harmonium,harmonium,971.wav,Harmonium\971.wav,.wav,WAV,22050,1,PCM_16,3.0,66150,132344,99c57dcfb1bf207172038b826a8cf1a6adba04ffd0d766c66443e3650c0f49e2,0.3784666657447815,0.92669677734375,7.558578987150416e-05,True,True,False,False,Found in isolated folder,KEEP_AFTER_RESAMPLING,False,
Harmonium,harmonium,972.wav,Harmonium\972.wav,.wav,WAV,22050,1,PCM_16,3.0,66150,132344,4a7d2dd960ad31c77355b1e74b439ab707c5a788f8a6f6ef64eaa9325c816e51,0.4217837452888489,0.930999755859375,0.00018140589569160998,True,True,False,False,Found in isolated folder,KEEP_AFTER_RESAMPLING,False,
Harmonium,harmonium,973.wav,Harmonium\973.wav,.wav,WAV,22050,1,PCM_16,3.0,66150,132344,73e0ac329eba73709709c760ed597577fe50c29c5834d7e8e58ad00c341d14c5,0.4656933844089508,0.92633056640625,0.00021164021164021165,True,True,False,False,Found in isolated folder,KEEP_AFTER_RESAMPLING,False,
Harmonium,harmonium,974.wav,Harmonium\974.wav,.wav,WAV,22050,1,PCM_16,3.0,66150,132344,57411307c2e67ee9bfacc2ca849ba67bfc0ba585c37b739ab8ff08e0dd9716ea,0.439218670129776,0.925872802734375,0.0002418745275888133,True,True,False,False,Found in isolated folder,KEEP_AFTER_RESAMPLING,False,
Harmonium,harmonium,975.wav,Harmonium\975.wav,.wav,WAV,22050,1,PCM_16,3.0,66150,132344,4d262e4df3ea86d82906b0d7d1dcba2e2ffa5887e22165c9e3a4445fda991877,0.3730091154575348,0.930816650390625,0.00031746031746031746,True,True,False,False,Found in isolated folder,KEEP_AFTER_RESAMPLING,False,
Harmonium,harmonium,976.wav,Harmonium\976.wav,.wav,WAV,22050,1,PCM_16,3.0,66150,132344,09a9d3edca16239e6cc8d169d1053179248100db49a0e79ef48efbb176da243a,0.45131397247314453,0.925323486328125,0.0001511715797430083,True,True,False,False,Found in isolated folder,KEEP_AFTER_RESAMPLING,False,
Harmonium,harmonium,977.wav,Harmonium\977.wav,.wav,WAV,22050,1,PCM_16,3.0,66150,132344,ea738316f2c3b289080cfa1f805622659e6aaf40c4dd418ce65a2de447c2c176,0.4017893970012665,0.928009033203125,0.00013605442176870748,True,True,False,False,Found in isolated folder,KEEP_AFTER_RESAMPLING,False,
Harmonium,harmonium,978.wav,Harmonium\978.wav,.wav,WAV,22050,1,PCM_16,3.0,66150,132344,c629c40485ad31c12321e873285eee1cb7948e24a7b235a4a48c7da4c6e314e9,0.4132901430130005,0.927490234375,0.00012093726379440664,True,True,False,False,Found in isolated folder,KEEP_AFTER_RESAMPLING,False,
Harmonium,harmonium,979.wav,Harmonium\979.wav,.wav,WAV,22050,1,PCM_16,3.0,66150,132344,e88c9d8714dc4aca73b33a3d94ac5f99224d4cf68e42fbbae78626fcb168cfe1,0.3796677887439728,0.922454833984375,0.0002418745275888133,True,True,False,False,Found in isolated folder,KEEP_AFTER_RESAMPLING,False,
Harmonium,harmonium,98.wav,Harmonium\98.wav,.wav,WAV,22050,1,PCM_16,3.0,66150,132344,d961d77c1ff8c80396eab1cf797b93432e851275f328f9018f5a481a00a7fbd4,0.42869213223457336,0.9234619140625,0.00019652305366591082,True,True,False,False,Found in isolated folder,KEEP_AFTER_RESAMPLING,False,
Harmonium,harmonium,980.wav,Harmonium\980.wav,.wav,WAV,22050,1,PCM_16,3.0,66150,132344,715f481358437e3cb9b64379aebe92b151b0edca22a660aa788c4c06f5925a36,0.42278462648391724,0.929351806640625,0.00013605442176870748,True,True,False,False,Found in isolated folder,KEEP_AFTER_RESAMPLING,False,
Harmonium,harmonium,981.wav,Harmonium\981.wav,.wav,WAV,22050,1,PCM_16,3.0,66150,132344,3153ec560fdb4030c547fe7a07116a6adc353ccaf2a530e2082cb824013b7cee,0.46352580189704895,0.928009033203125,0.00013605442176870748,True,True,False,False,Found in isolated folder,KEEP_AFTER_RESAMPLING,False,
Harmonium,harmonium,982.wav,Harmonium\982.wav,.wav,WAV,22050,1,PCM_16,3.0,66150,132344,a8eca2e68c26bcb67b601620dbdf8a0a914d83a56dfd429dc3f2abe12a0c5503,0.44366300106048584,0.92510986328125,0.0001511715797430083,True,True,False,False,Found in isolated folder,KEEP_AFTER_RESAMPLING,False,
Harmonium,harmonium,983.wav,Harmonium\983.wav,.wav,WAV,22050,1,PCM_16,3.0,66150,132344,2c1846fb15235997a860e28c70356bb8a89c7f79cc6caf43f34e6ade1d600a45,0.3681824505329132,0.93212890625,0.00021164021164021165,True,True,False,False,Found in isolated folder,KEEP_AFTER_RESAMPLING,False,
Harmonium,harmonium,984.wav,Harmonium\984.wav,.wav,WAV,22050,1,PCM_16,3.0,66150,132344,1adab7e0dd63cf06d5645bc7975bff409d1cfc10c852d9875d9bdc7c3dbc1a49,0.44548937678337097,0.9263916015625,0.00019652305366591082,True,True,False,False,Found in isolated folder,KEEP_AFTER_RESAMPLING,False,
Harmonium,harmonium,985.wav,Harmonium\985.wav,.wav,WAV,22050,1,PCM_16,3.0,66150,132344,cbdef78735a0b2d1e7fa14fb8cf825d08affb7fb516ee8f0403ae8c7529475c4,0.4018324911594391,0.92938232421875,0.0002418745275888133,True,True,False,False,Found in isolated folder,KEEP_AFTER_RESAMPLING,False,
Harmonium,harmonium,986.wav,Harmonium\986.wav,.wav,WAV,22050,1,PCM_16,3.0,66150,132344,914292b67913f58a4ab1879554da8ab728c94e9860ee3fa9c32542bfabaccc4a,0.4167514741420746,0.926116943359375,9.070294784580499e-05,True,True,False,False,Found in isolated folder,KEEP_AFTER_RESAMPLING,False,
Harmonium,harmonium,987.wav,Harmonium\987.wav,.wav,WAV,22050,1,PCM_16,3.0,66150,132344,35fcf3b37d6acd8def47ba9d6f1f970f085c05c5743e17aa314d0cb6f111ea99,0.37857934832572937,0.922210693359375,9.070294784580499e-05,True,True,False,False,Found in isolated folder,KEEP_AFTER_RESAMPLING,False,
Harmonium,harmonium,988.wav,Harmonium\988.wav,.wav,WAV,22050,1,PCM_16,3.0,66150,132344,2bb3a92632977ea34f2fe0a756c64eb9d0fd4810eb2dd16b370dd19698a9e09d,0.43956971168518066,0.923553466796875,0.00010582010582010582,True,True,False,False,Found in isolated folder,KEEP_AFTER_RESAMPLING,False,
Harmonium,harmonium,989.wav,Harmonium\989.wav,.wav,WAV,22050,1,PCM_16,3.0,66150,132344,0c31606968f42cf54942fd375b71120b94182ece0d227d661ae8ad1b36531eef,0.4836026728153229,0.925262451171875,0.00012093726379440664,True,True,False,False,Found in isolated folder,KEEP_AFTER_RESAMPLING,False,
Harmonium,harmonium,99.wav,Harmonium\99.wav,.wav,WAV,22050,1,PCM_16,3.0,66150,132344,d16d884760153e099b334b2914af6764dba40b2a965b84098c4c02e0b0ab102a,0.3840583562850952,0.922882080078125,0.00016628873771730915,True,True,False,False,Found in isolated folder,KEEP_AFTER_RESAMPLING,False,
Harmonium,harmonium,990.wav,Harmonium\990.wav,.wav,WAV,22050,1,PCM_16,3.0,66150,132344,656bcfcb6e1baddb06418d410442569c4469e673aba963492c0168771b7a3ce7,0.45355528593063354,0.93475341796875,0.00018140589569160998,True,True,False,False,Found in isolated folder,KEEP_AFTER_RESAMPLING,False,
Harmonium,harmonium,991.wav,Harmonium\991.wav,.wav,WAV,22050,1,PCM_16,3.0,66150,132344,d14499fdcc7615b66a689d24c907c60d8c4867aa47c183ab3caad62f7304b5d4,0.37048807740211487,0.9290771484375,0.00036281179138321996,True,True,False,False,Found in isolated folder,KEEP_AFTER_RESAMPLING,False,
Harmonium,harmonium,992.wav,Harmonium\992.wav,.wav,WAV,22050,1,PCM_16,3.0,66150,132344,c1c86d062c0022167506557a82a889f55ff163f5e2f5a75c79eb7683559e7d26,0.44814518094062805,0.93463134765625,0.00013605442176870748,True,True,False,False,Found in isolated folder,KEEP_AFTER_RESAMPLING,False,
Harmonium,harmonium,993.wav,Harmonium\993.wav,.wav,WAV,22050,1,PCM_16,3.0,66150,132344,a55f23ecfe1dc7389c9f4690f687dc42ce0fe9666bb22aa6daae2531a5754f2a,0.3985883295536041,0.9305419921875,0.00019652305366591082,True,True,False,False,Found in isolated folder,KEEP_AFTER_RESAMPLING,False,
Harmonium,harmonium,994.wav,Harmonium\994.wav,.wav,WAV,22050,1,PCM_16,3.0,66150,132344,7e89346d7e3052b52b3b273cd7e4146a909a4bca75230cde06e44ee8e1d53599,0.4223432242870331,0.928009033203125,0.0001511715797430083,True,True,False,False,Found in isolated folder,KEEP_AFTER_RESAMPLING,False,
Harmonium,harmonium,995.wav,Harmonium\995.wav,.wav,WAV,22050,1,PCM_16,3.0,66150,132344,970428e1dbac9d36db5219c10bf7575bca94acef463b292ac539a281079ba71b,0.3808930516242981,0.91973876953125,0.00012093726379440664,True,True,False,False,Found in isolated folder,KEEP_AFTER_RESAMPLING,False,
Harmonium,harmonium,996.wav,Harmonium\996.wav,.wav,WAV,22050,1,PCM_16,3.0,66150,132344,4782b9db44fe41e56bf569ae3260df256e4e2e391e53137789cdc0976c45e389,0.4234481751918793,0.926910400390625,0.00022675736961451248,True,True,False,False,Found in isolated folder,KEEP_AFTER_RESAMPLING,False,
Harmonium,harmonium,997.wav,Harmonium\997.wav,.wav,WAV,22050,1,PCM_16,3.0,66150,132344,f2277f6ea002a907002faa0649d88e619e4406c23258064bd8636c142f651382,0.4635496735572815,0.923675537109375,3.023431594860166e-05,True,True,False,False,Found in isolated folder,KEEP_AFTER_RESAMPLING,False,
Harmonium,harmonium,998.wav,Harmonium\998.wav,.wav,WAV,22050,1,PCM_16,3.0,66150,132344,1902d32192416d024a753ac8dd2966e26b1a1349268eabcc688d30014b378e20,0.44547730684280396,0.93023681640625,0.0001511715797430083,True,True,False,False,Found in isolated folder,KEEP_AFTER_RESAMPLING,False,
Harmonium,harmonium,999.wav,Harmonium\999.wav,.wav,WAV,22050,1,PCM_16,3.0,66150,132344,f28e1ccd92857496f04df7f4498f548934a3befcc47290897c40685f2aae9396,0.37166330218315125,0.936187744140625,0.00039304610733182163,True,True,False,False,Found in isolated folder,KEEP_AFTER_RESAMPLING,False,
Harmonium,harmonium,Harmonium Sample - 01.wav,Harmonium\Harmonium Sample - 01.wav,.wav,WAV,44100,2,PCM_16,126.50233560090703,5578753,22428376,f28c234a81ce94a1c69a42bd23e216c7cdccb102c751f5f4d110e994f96e9f86,0.05812128633260727,0.507232666015625,0.08565883809518005,True,True,False,False,Found in isolated folder,KEEP,False,
Harmonium,harmonium,Harmonium Sample - 02.wav,Harmonium\Harmonium Sample - 02.wav,.wav,WAV,44100,2,PCM_16,8.870045351473923,391169,1634014,7564a44f0b66db18cd981e0ccbc4c3bde73f4a958e29d867ae6975fe5a9a6ea2,0.14492271840572357,1.0,0.015447287489550552,True,True,False,False,Found in isolated folder,KEEP,False,
Harmonium,harmonium,Harmonium Sample - 03.wav,Harmonium\Harmonium Sample - 03.wav,.wav,WAV,44100,2,PCM_16,26.90034013605442,1186305,4852114,8901df73201e1594de4e468d2c3b992674531620c976af88c62af0b530929c42,0.12940014898777008,0.999969482421875,0.0019514374465251347,True,True,False,False,Found in isolated folder,KEEP,False,
Harmonium,harmonium,Harmonium Sample - 04.wav,Harmonium\Harmonium Sample - 04.wav,.wav,WAV,44100,2,PCM_16,72.1280045351474,3180845,12723458,16a1aa65cd061699421900482f3b88cb10624237e10f542f3d916ab411807bf1,0.061924297362565994,0.461822509765625,0.19723171044172225,True,True,False,False,Found in isolated folder,KEEP,False,
Harmonium,harmonium,Harmonium Sample - 05.wav,Harmonium\Harmonium Sample - 05.wav,.wav,WAV,48000,2,PCM_16,90.15466666666667,4327424,17309774,f1fdc741c0e0407bd9e80722c325f69e27f27700c28843e6befae23ff2a9e9df,0.03956490010023117,0.36297607421875,0.12118618374349266,True,True,False,False,Found in isolated folder,KEEP_AFTER_RESAMPLING,False,
Harmonium,harmonium,Harmonium Sample - 06.wav,Harmonium\Harmonium Sample - 06.wav,.wav,WAV,44100,2,PCM_16,88.21333333333334,3890208,15560910,8c35316323d5cf204ee1d9dc77e0bff0dd9e9c708d3bc5e0d6147a8bc1807e8d,0.06219250336289406,0.476806640625,0.22812533417236303,True,True,False,False,Found in isolated folder,KEEP,False,
Harmonium,harmonium,Harmonium Sample - 07.wav,Harmonium\Harmonium Sample - 07.wav,.wav,WAV,44100,2,PCM_16,315.2426530612245,13902201,55608882,d5bcf9e43a767eb51d337890bb1237df7c977d2eb9ab57e180647f2118ab5bef,0.034048378467559814,0.497772216796875,0.19496711348080784,True,True,False,False,Found in isolated folder,KEEP,False,
Harmonium,harmonium,Harmonium Sample - 08.wav,Harmonium\Harmonium Sample - 08.wav,.wav,WAV,44100,2,PCM_16,44.586666666666666,1966272,7865166,64fea9d6654034cdf7165673ed73b5b185124e8ee26f2c7dbdd005ea5efa7d5a,0.0626603364944458,0.42901611328125,0.1940692844123295,True,True,False,False,Found in isolated folder,KEEP,False,
Tabla,tabla,addhatrital01.wav,Tabla\addhatrital01.wav,.wav,WAV,44100,2,PCM_16,13.168798185941043,580744,2323020,f3a93391fba2912491d7e2ac63f2167790dd1ff8b386b785ef618530e109e0bb,0.08695933222770691,1.0,0.00872501480859036,True,True,False,False,Found in isolated folder,KEEP,False,
Tabla,tabla,addhatrital02.wav,Tabla\addhatrital02.wav,.wav,WAV,44100,2,PCM_16,13.134263038548752,579221,2316928,2bfffe560735b2943dabcb59a294ac9c740e42a7fc6de829b96c507fd841e1cc,0.08710722625255585,0.99951171875,0.009704413341367112,True,True,False,False,Found in isolated folder,KEEP,False,
Tabla,tabla,addhatrital03.wav,Tabla\addhatrital03.wav,.wav,WAV,44100,2,PCM_16,13.194943310657596,581897,2327632,443198d8ecea6ec96b7d4649dcd64d926655adeebeb538ab249a0a430eddf16a,0.0854763463139534,0.999969482421875,0.011017413734733124,True,True,False,False,Found in isolated folder,KEEP,False,
Tabla,tabla,addhatrital04.wav,Tabla\addhatrital04.wav,.wav,WAV,44100,2,PCM_16,13.073492063492063,576541,2306208,18096d864eaa3539315dba3fec2eac8f47abcba232d7b09f5bc3218e112b4006,0.08568213135004044,1.0,0.012309618916954736,True,True,False,False,Found in isolated folder,KEEP,False,
Tabla,tabla,addhatrital05.wav,Tabla\addhatrital05.wav,.wav,WAV,44100,2,PCM_16,13.130952380952381,579075,2316344,aa9c4bb750aa5a4e9c8fbd7e99653cc09c163c5110e07af6251a6c824a71eec5,0.08481785655021667,0.999969482421875,0.012590769762120623,True,True,False,False,Found in isolated folder,KEEP,False,
Tabla,tabla,addhatrital06.wav,Tabla\addhatrital06.wav,.wav,WAV,44100,2,PCM_16,13.158480725623583,580289,2321200,20dffeac68fc0f4dd42196ae9dbf41326ee75e9d2754983633baec216d1f4078,0.08408845961093903,0.977264404296875,0.01459359043511078,True,True,False,False,Found in isolated folder,KEEP,False,
Tabla,tabla,addhatrital07.wav,Tabla\addhatrital07.wav,.wav,WAV,44100,2,PCM_16,13.181904761904763,581322,2325332,590ed7e21a9eb0254bce95d1228bca912777b2bd172a1669ad15795e22198a36,0.08150597661733627,0.88177490234375,0.016914893983024898,True,True,False,False,Found in isolated folder,KEEP,False,
Tabla,tabla,addhatrital08.wav,Tabla\addhatrital08.wav,.wav,WAV,44100,2,PCM_16,13.06936507936508,576359,2305480,5ed5f59002e8903f2372c6fc86e75e34d2146bca5e4c48aa3d665084608fd5d0,0.08261918276548386,0.999969482421875,0.017183734443289685,True,True,False,False,Found in isolated folder,KEEP,False,
Tabla,tabla,addhatrital09.wav,Tabla\addhatrital09.wav,.wav,WAV,44100,2,PCM_16,13.241519274376417,583951,2335848,e3ce2022bb92a14844517977ef28850079a060358638a6d5bf3c7051f0b97c17,0.08679166436195374,0.999969482421875,0.014897654083989924,True,True,False,False,Found in isolated folder,KEEP,False,
Tabla,tabla,addhatrital10.wav,Tabla\addhatrital10.wav,.wav,WAV,44100,2,PCM_16,13.121746031746031,578669,2314720,18d5f23b9f01df315100a313a265b62fea3c612a66cc9a0c05e8163d0fde765a,0.08507278561592102,0.92352294921875,0.016954424722941785,True,True,False,False,Found in isolated folder,KEEP,False,
Tabla,tabla,addhatrital11.wav,Tabla\addhatrital11.wav,.wav,WAV,44100,2,PCM_16,13.0918820861678,577352,2309452,2b72c204e2ffd5955ce2fbd322ef23ff5aad15368e8b073d25e2a67fb4c24f42,0.08317789435386658,1.0,0.019371198159874738,True,True,False,False,Found in isolated folder,KEEP,False,
Tabla,tabla,addhatrital12.wav,Tabla\addhatrital12.wav,.wav,WAV,44100,2,PCM_16,13.10907029478458,578110,2312484,91b4135686c2033d61c587592e0cc3149504764276307273f49f669d2c80c38b,0.08188405632972717,0.999969482421875,0.02119060386431648,True,True,False,False,Found in isolated folder,KEEP,False,
Tabla,tabla,addhatrital13.wav,Tabla\addhatrital13.wav,.wav,WAV,44100,2,PCM_16,13.072063492063492,576478,2305956,a40cf3e8c8a28bdf605228b128f8868dc82bed223bd21f1c92ccc7daa23a1fa1,0.07954349368810654,0.900238037109375,0.02215869469433352,True,True,False,False,Found in isolated folder,KEEP,False,
Tabla,tabla,addhatrital14.wav,Tabla\addhatrital14.wav,.wav,WAV,44100,2,PCM_16,13.16687074829932,580659,2322680,d749a2049005508e63eb8f0e64c769491fe9d2529ac6dbddb106e8b787eda4fb,0.07983173429965973,0.948974609375,0.013051550049168272,True,True,False,False,Found in isolated folder,KEEP,False,
Tabla,tabla,addhatrital15.wav,Tabla\addhatrital15.wav,.wav,WAV,44100,2,PCM_16,13.135396825396825,579271,2317128,79af13dab2fc11fba16bc086e2b8453b36fbcf8456c202158aace1c84da56b6f,0.08000334352254868,1.0,0.01395978738794105,True,True,False,False,Found in isolated folder,KEEP,False,
Tabla,tabla,addhatrital16.wav,Tabla\addhatrital16.wav,.wav,WAV,44100,2,PCM_16,13.144739229024943,579683,2318776,0710fc06a354d782b736b3bd1e0d1049cc5ac4c2256cf3e3cd1db22fad8192f8,0.07929322123527527,0.999969482421875,0.01517812321561957,True,True,False,False,Found in isolated folder,KEEP,False,
Tabla,tabla,addhatrital17.wav,Tabla\addhatrital17.wav,.wav,WAV,44100,2,PCM_16,13.1643537414966,580548,2322236,a042322d1415f5d53021dd860d04ccf610973701f21ceac223839cf138f2dd53,0.07814265042543411,0.9051513671875,0.01704251844808698,True,True,False,False,Found in isolated folder,KEEP,False,
Tabla,tabla,addhatrital18.wav,Tabla\addhatrital18.wav,.wav,WAV,44100,2,PCM_16,13.175804988662131,581053,2324256,b434c27b9b3a606dfecbc783792acca2a25854164d256d3c468e2b2e49dcb6b1,0.07606608420610428,0.825927734375,0.01843033251699931,True,True,False,False,Found in isolated folder,KEEP,False,
Tabla,tabla,addhatrital19.wav,Tabla\addhatrital19.wav,.wav,WAV,44100,2,PCM_16,13.152403628117915,580021,2320128,bf1af1cf56b5aec95116d3f71c5ee59fd60cac54f756629d9b188d0da51c1a01,0.07674257457256317,0.999969482421875,0.021107856439680633,True,True,False,False,Found in isolated folder,KEEP,False,
Tabla,tabla,addhatrital20.wav,Tabla\addhatrital20.wav,.wav,WAV,44100,2,PCM_16,10.90390022675737,480862,1923492,6fddf5dda98717686854b5e2b160820a062f1c7d476f506968759ab6f245c093,0.09034791588783264,0.991424560546875,0.006882431965927855,True,True,False,False,Found in isolated folder,KEEP,False,
Tabla,tabla,addhatrital21.wav,Tabla\addhatrital21.wav,.wav,WAV,44100,2,PCM_16,10.930657596371882,482042,1928212,1a5032c8edc8593d52a527ab65b92b3148aa38cec3d56c6a629c8f493d915bbe,0.09104873985052109,0.90936279296875,0.006966197966152327,True,True,False,False,Found in isolated folder,KEEP,False,
Tabla,tabla,addhatrital22.wav,Tabla\addhatrital22.wav,.wav,WAV,44100,2,PCM_16,10.902244897959184,480789,1923200,7abf40f59f728bd2cb51337b732867644931b6a9fc86cce4eda68d8d2a0436b7,0.08732578158378601,0.9423828125,0.007906794872594838,True,True,False,False,Found in isolated folder,KEEP,False,
Tabla,tabla,addhatrital23.wav,Tabla\addhatrital23.wav,.wav,WAV,44100,2,PCM_16,10.920544217687075,481596,1926428,ce81eb605b0a66d2e582a8635a43fc962b5ad55fa750e05103ad10041fe69545,0.0886463075876236,1.0,0.008707505876294654,True,True,False,False,Found in isolated folder,KEEP,False,
Tabla,tabla,addhatrital24.wav,Tabla\addhatrital24.wav,.wav,WAV,44100,2,PCM_16,10.95748299319728,483225,1932944,43174ae87f47166bdfe8cd656410346152989e9da3293d3e0996fb3c05e317c4,0.08850429207086563,0.999969482421875,0.00994360805008019,True,True,False,False,Found in isolated folder,KEEP,False,
Tabla,tabla,addhatrital25.wav,Tabla\addhatrital25.wav,.wav,WAV,44100,2,PCM_16,10.870657596371881,479396,1917628,ebc5986fa011324311fbc3cac9226abced6233228fb47564eacfb2587df78d5d,0.08602449297904968,0.90582275390625,0.01115048936578528,True,True,False,False,Found in isolated folder,KEEP,False,
Tabla,tabla,addhatrital26.wav,Tabla\addhatrital26.wav,.wav,WAV,44100,2,PCM_16,10.916689342403629,481426,1925748,a54b60c497daca22b1a3ec319cdb17328c96a87544aee3119a0072bccb2c7219,0.08339675515890121,0.823150634765625,0.012336267671459372,True,True,False,False,Found in isolated folder,KEEP,False,
Tabla,tabla,addhatrital27.wav,Tabla\addhatrital27.wav,.wav,WAV,44100,2,PCM_16,10.935600907029478,482260,1929084,3b6558d55958fcae46179059cd4f7b2c1ea6c30327731725e79e140918129420,0.08464425057172775,0.999969482421875,0.013706299506490275,True,True,False,False,Found in isolated folder,KEEP,False,
Tabla,tabla,addhatrital28.wav,Tabla\addhatrital28.wav,.wav,WAV,44100,2,PCM_16,10.922244897959184,481671,1926728,07b838e5c4cc4cb95ff4bbc6c5134131721534e459835685f5d73f942ba39ff5,0.0945761427283287,0.949005126953125,0.00861376333638521,True,True,False,False,Found in isolated folder,KEEP,False,
Tabla,tabla,addhatrital29.wav,Tabla\addhatrital29.wav,.wav,WAV,44100,2,PCM_16,10.901360544217686,480750,1923044,ee23d32f659b1d92a1c51c66296ed7b91b091b39423d263a4e7466b0428f4e7b,0.09357285499572754,0.986114501953125,0.01002808112324493,True,True,False,False,Found in isolated folder,KEEP,False,
Tabla,tabla,addhatrital30.wav,Tabla\addhatrital30.wav,.wav,WAV,44100,2,PCM_16,10.878095238095238,479724,1918940,b9eca73baa82c508f25460a4bc8893cc28e450fcd90963b9e57ed800ec306e8a,0.0931585505604744,0.92193603515625,0.010853115541436326,True,True,False,False,Found in isolated folder,KEEP,False,
Tabla,tabla,addhatrital31.wav,Tabla\addhatrital31.wav,.wav,WAV,44100,2,PCM_16,10.902630385487528,480806,1923268,27339f499e56f7d35778023d3679cd8424b06bc4f59998023aab192e4f978a1a,0.09124274551868439,1.0,0.012567438842277342,True,True,False,False,Found in isolated folder,KEEP,False,
Tabla,tabla,addhatrital32.wav,Tabla\addhatrital32.wav,.wav,WAV,44100,2,PCM_16,8.269365079365079,364679,1458760,b61b03b5ee8d01f8503bf4ddc4ba39dea2fdffaa434aa9e02c898304675fa9cc,0.10403770953416824,0.96173095703125,0.005792765692567985,True,True,False,False,Found in isolated folder,KEEP,False,
Tabla,tabla,addhatrital33.wav,Tabla\addhatrital33.wav,.wav,WAV,44100,2,PCM_16,8.230362811791384,362959,1451880,aec90a508f4222c3e6bf09a16525a6daa10287af9911ae27abc7ddceaa4918f8,0.10183388739824295,0.867919921875,0.00611777087770244,True,True,False,False,Found in isolated folder,KEEP,False,
Tabla,tabla,addhatrital34.wav,Tabla\addhatrital34.wav,.wav,WAV,44100,2,PCM_16,8.198412698412698,361550,1446244,a2f96bcfc79375c1ee30e07dd89c7de5c2ab7aee0000bf6fbbf77457eff6dcdb,0.10033939778804779,0.9420166015625,0.006115336744571982,True,True,False,False,Found in isolated folder,KEEP,False,
Tabla,tabla,addhatrital35.wav,Tabla\addhatrital35.wav,.wav,WAV,44100,2,PCM_16,8.211315192743765,362119,1448520,cc1f092c419dfe315760b3bdb1ab245338a32681c59528483cc61fa5eeb152bf,0.10040644556283951,1.0,0.006484056346118265,True,True,False,False,Found in isolated folder,KEEP,False,
Tabla,tabla,addhatrital36.wav,Tabla\addhatrital36.wav,.wav,WAV,44100,2,PCM_16,8.181360544217688,360798,1443236,1ca5f3cdd8e353bfa939e2a59815e6b2a1b9d3cf488e1c091c6ab1e0af6c4890,0.09939615428447723,0.999969482421875,0.00602968974329126,True,True,False,False,Found in isolated folder,KEEP,False,
Tabla,tabla,addhatrital37.wav,Tabla\addhatrital37.wav,.wav,WAV,44100,2,PCM_16,8.17154195011338,360365,1441504,f52b366cb3c0c7f99d1bceed7e0bb560b8b7e98dc91e577e45900cfba980499a,0.098195880651474,0.9044189453125,0.005721976329554757,True,True,False,False,Found in isolated folder,KEEP,False,
Tabla,tabla,addhatrital38.wav,Tabla\addhatrital38.wav,.wav,WAV,44100,2,PCM_16,8.179387755102042,360711,1442888,3911c0f59dd142d49a15d98db53c9ad92a3234cc0eebb1474e16466e72b1b699,0.09571512788534164,0.8271484375,0.006564812273537541,True,True,False,False,Found in isolated folder,KEEP,False,
Tabla,tabla,addhatrital39.wav,Tabla\addhatrital39.wav,.wav,WAV,44100,2,PCM_16,8.206462585034014,361905,1447664,e01bba7619d618b26c11ec9a7ac98b03e8a878414d4558acc02e0ca3124917f1,0.09625745564699173,0.96624755859375,0.006628811428413534,True,True,False,False,Found in isolated folder,KEEP,False,
Tabla,tabla,addhatrital40.wav,Tabla\addhatrital40.wav,.wav,WAV,44100,2,PCM_16,8.267006802721088,364575,1458344,4ca4e100aaac218143a3173552c78257be90f6513744320d170a3a621568a1b7,0.10849682986736298,0.94439697265625,0.0043557567030103545,True,True,False,False,Found in isolated folder,KEEP,False,
Tabla,tabla,addhatrital41.wav,Tabla\addhatrital41.wav,.wav,WAV,44100,2,PCM_16,8.271360544217687,364767,1459112,e98685b0b868305f8bf28dd2ef92b70ee74f8d403dd8640a0c95c4326a301f82,0.1094607263803482,0.939361572265625,0.00489353477699463,True,True,False,False,Found in isolated folder,KEEP,False,
Tabla,tabla,addhatrital42.wav,Tabla\addhatrital42.wav,.wav,WAV,44100,2,PCM_16,8.244013605442177,363561,1454288,319a2416fe0632f82b0a1de45a0b5dae4e96bccb175a3bb707de429e9c5b2432,0.10674796998500824,0.92181396484375,0.005796826392269798,True,True,False,False,Found in isolated folder,KEEP,False,
Tabla,tabla,addhatrital43.wav,Tabla\addhatrital43.wav,.wav,WAV,44100,2,PCM_16,8.210997732426303,362105,1448464,02acaaf557c08132aeb5db446f5a29b0433f5840d962c1d7900bfea6c0ca921e,0.10369212180376053,1.0,0.0064801645931428726,True,True,False,False,Found in isolated folder,KEEP,False,
Tabla,tabla,addhatrital44.wav,Tabla\addhatrital44.wav,.wav,WAV,44100,2,PCM_16,6.674399092970521,294341,1177408,6e5a918a0307a0e297a867a725e047f9e5f3d29e912fed869a0f1800ef8a9dd8,0.11264358460903168,0.96417236328125,0.005641415908758889,True,True,False,False,Found in isolated folder,KEEP,False,
Tabla,tabla,addhatrital45.wav,Tabla\addhatrital45.wav,.wav,WAV,44100,2,PCM_16,6.643537414965986,292980,1171964,79fe9a3ae57e0cf8714ef2586ba088856d9a30a92637b192aec0b9f5aeff6e82,0.11297477781772614,0.873565673828125,0.004897945252235647,True,True,False,False,Found in isolated folder,KEEP,False,
Tabla,tabla,addhatrital46.wav,Tabla\addhatrital46.wav,.wav,WAV,44100,2,PCM_16,6.657369614512471,293590,1174404,bfdf43e0cd70d24f618d4dce2d5e48ba95869530258a3e008412e97ae3e06218,0.11083678156137466,0.942230224609375,0.005318641643107735,True,True,False,False,Found in isolated folder,KEEP,False,
Tabla,tabla,addhatrital47.wav,Tabla\addhatrital47.wav,.wav,WAV,44100,2,PCM_16,6.638276643990929,292748,1171036,9d0d22d7bb1dd9ceccb532348d903a74cd8fa85b50f40cda7db0e0f04e2d83ba,0.11160124838352203,0.999969482421875,0.0057643433943186636,True,True,False,False,Found in isolated folder,KEEP,False,
Tabla,tabla,addhatrital48.wav,Tabla\addhatrital48.wav,.wav,WAV,44100,2,PCM_16,6.662108843537415,293799,1175240,a081bf418ea77c49238d5799e980a775048d7a6828f2e8acfa9dc81535a7d7a4,0.1123502254486084,0.999969482421875,0.005942838471199698,True,True,False,False,Found in isolated folder,KEEP,False,
Tabla,tabla,addhatrital49.wav,Tabla\addhatrital49.wav,.wav,WAV,44100,2,PCM_16,6.646984126984127,293132,1172572,845df62174db6d955587466ef25be56a3cd3645390e0d774d89b956b315f4faf,0.10972622036933899,0.9088134765625,0.005920540916720112,True,True,False,False,Found in isolated folder,KEEP,False,
Tabla,tabla,addhatrital50.wav,Tabla\addhatrital50.wav,.wav,WAV,44100,2,PCM_16,6.631473922902495,292448,1169836,904206f213887f712a30c34ae8c4595425e019ee0affddd2c4119a2b945acefe,0.10650245100259781,0.8260498046875,0.00660288324762009,True,True,False,False,Found in isolated folder,KEEP,False,
Tabla,tabla,addhatrital51.wav,Tabla\addhatrital51.wav,.wav,WAV,44100,2,PCM_16,6.607823129251701,291405,1165664,4504eddedc3fbef77843acbb7094da044a0aa1a0973ecd604be55b70ae6b512a,0.10586415231227875,0.878326416015625,0.005159485938813679,True,True,False,False,Found in isolated folder,KEEP,False,
Tabla,tabla,addhatrital52.wav,Tabla\addhatrital52.wav,.wav,WAV,44100,2,PCM_16,6.671678004535147,294221,1176928,e59cc3cee859f9b130aff32b583b3661c74f14dab864c70bb3b4e9f40de0158d,0.12315129488706589,0.999969482421875,0.004058173957671275,True,True,False,False,Found in isolated folder,KEEP,False,
Tabla,tabla,addhatrital53.wav,Tabla\addhatrital53.wav,.wav,WAV,44100,2,PCM_16,6.670045351473923,294149,1176640,10e6eac73ddb2b68ac1173706c84ff457f6c04a0e1028e95ea5003d1ce0cfe33,0.11895006895065308,1.0,0.004630306409336765,True,True,False,False,Found in isolated folder,KEEP,False,
Tabla,tabla,addhatrital54.wav,Tabla\addhatrital54.wav,.wav,WAV,44100,2,PCM_16,6.623151927437641,292081,1168368,0049d83ea2cb2b7ab9457f227af09b1e674647af64fec16a153b6ce51a96a5c2,0.11339200288057327,1.0,0.004603175146620287,True,True,False,False,Found in isolated folder,KEEP,False,
Tabla,tabla,addhatrital55.wav,Tabla\addhatrital55.wav,.wav,WAV,44100,2,PCM_16,5.06718820861678,223463,893896,4551342e68b4aeda554bdccd793901cc5023391bf563cbacfae647505e9f912a,0.12692870199680328,0.96063232421875,0.0053454039371171064,True,True,False,False,Found in isolated folder,KEEP,False,
Tabla,tabla,addhatrital56.wav,Tabla\addhatrital56.wav,.wav,WAV,44100,2,PCM_16,5.019160997732427,221345,885424,2d1faabada9fa2a66be83510a4e578bd6e24d27f21ae316387a56c0db2194b0c,0.12461764365434647,0.854095458984375,0.005102893672773273,True,True,False,False,Found in isolated folder,KEEP,False,
Tabla,tabla,addhatrital57.wav,Tabla\addhatrital57.wav,.wav,WAV,44100,2,PCM_16,5.037301587301587,222145,888624,ccc312eb541b25039d29fc1bdb8bff3b1af46fcafed638446d60ec8cc25073a9,0.12410343438386917,0.94659423828125,0.005291588827117423,True,True,False,False,Found in isolated folder,KEEP,False,
Tabla,tabla,addhatrital58.wav,Tabla\addhatrital58.wav,.wav,WAV,44100,2,PCM_16,5.067460317460317,223475,893944,a62821874af6d6d67e11221d5864e4e060ba27c4fed8ad988289dbe1180b065e,0.12566910684108734,0.999969482421875,0.005320505649401499,True,True,False,False,Found in isolated folder,KEEP,False,
Tabla,tabla,addhatrital59.wav,Tabla\addhatrital59.wav,.wav,WAV,44100,2,PCM_16,5.029705215419501,221810,887284,762addcf05f6b69fce76ae291c123f82ea29cbce89cf46ed05f13eda8b90d9b2,0.12300801277160645,0.99017333984375,0.005299580722239755,True,True,False,False,Found in isolated folder,KEEP,False,
Tabla,tabla,addhatrital60.wav,Tabla\addhatrital60.wav,.wav,WAV,44100,2,PCM_16,5.001814058956916,220580,882364,f3e25abf2569f07195e3cd49a5d26ac66c9596d98079b0d34cb161d453db47fe,0.1225571408867836,0.897369384765625,0.004834980505938888,True,True,False,False,Found in isolated folder,KEEP,False,
Tabla,tabla,addhatrital61.wav,Tabla\addhatrital61.wav,.wav,WAV,44100,2,PCM_16,5.0094557823129255,220917,883712,d72526da13c705a8d653beef2f379182cb5682dbad4a978edfa5e8a74188aaf7,0.11954236030578613,0.82147216796875,0.005782714775232327,True,True,False,False,Found in isolated folder,KEEP,False,
Tabla,tabla,addhatrital62.wav,Tabla\addhatrital62.wav,.wav,WAV,44100,2,PCM_16,4.989954648526077,220057,880272,2552133293b9e2b53765e7d764981b43feb905f5cecadc3c394477b1cb0acc9e,0.12044983357191086,0.859130859375,0.005305443589615418,True,True,False,False,Found in isolated folder,KEEP,False,
Tabla,tabla,addhatrital63.wav,Tabla\addhatrital63.wav,.wav,WAV,44100,2,PCM_16,5.0272335600907025,221701,886848,869ebabb9ce47d4ea8adba875ec414b24a7202664d299840ff8cba5efb60ae0c,0.1351800560951233,0.944671630859375,0.004451942030031439,True,True,False,False,Found in isolated folder,KEEP,False,
Tabla,tabla,addhatrital64.wav,Tabla\addhatrital64.wav,.wav,WAV,44100,2,PCM_16,5.035124716553288,222049,888240,fd572596bab9a5fd038a84822f2d95d27ea3c755d3713db57ce516577526ae0f,0.13419634103775024,0.862518310546875,0.004167998955185567,True,True,False,False,Found in isolated folder,KEEP,False,
Tabla,tabla,addhatrital65.wav,Tabla\addhatrital65.wav,.wav,WAV,44100,2,PCM_16,5.006780045351474,220799,883240,542b2911ff40446fc0250a965e4204886ea15e357cb251c63e7ce8d36d59116f,0.13159307837486267,0.915740966796875,0.004060253896077428,True,True,False,False,Found in isolated folder,KEEP,False,
Tabla,tabla,addhatrital66.wav,Tabla\addhatrital66.wav,.wav,WAV,44100,2,PCM_16,5.052290249433106,222806,891268,c8d343505fc923e8399afae9518e8282281e2c447a21e0ce7a62dd33077e54a1,0.13155116140842438,1.0,0.004984156620557794,True,True,False,False,Found in isolated folder,KEEP,False,
Tabla,tabla,addhatrital67.wav,Tabla\addhatrital67.wav,.wav,WAV,44100,2,PCM_16,4.0718140589569165,179567,718312,dae020a5bad5f48adfe56c24c2b50d3c90c2d97496da5c003bc573733b141443,0.13709993660449982,0.9603271484375,0.0055800898828849395,True,True,False,False,Found in isolated folder,KEEP,False,
Tabla,tabla,addhatrital68.wav,Tabla\addhatrital68.wav,.wav,WAV,44100,2,PCM_16,4.071133786848073,179537,718192,b4c214eb8744efd412deeeb2cdfb5b7608053c977a239021157d9e725a36c5a1,0.13869713246822357,0.85577392578125,0.00407715401282187,True,True,False,False,Found in isolated folder,KEEP,False,
Tabla,tabla,addhatrital69.wav,Tabla\addhatrital69.wav,.wav,WAV,44100,2,PCM_16,4.0331292517006805,177861,711488,dd581e0870fbb1fbd053261620cdc07d067f388621308852e3d709c0a686f92c,0.1363760381937027,0.941162109375,0.004832425320896655,True,True,False,False,Found in isolated folder,KEEP,False,
Tabla,tabla,addhatrital70.wav,Tabla\addhatrital70.wav,.wav,WAV,44100,2,PCM_16,4.03827664399093,178088,712396,dfdd09d51cbbe4fdeedbadb07a854db01b650c64cb4b899fa2f3f8b2c8cf7cff,0.1364355832338333,0.999969482421875,0.00460446520821167,True,True,False,False,Found in isolated folder,KEEP,False,
Tabla,tabla,addhatrital71.wav,Tabla\addhatrital71.wav,.wav,WAV,44100,2,PCM_16,4.012539682539683,176953,707856,3ef4cc0541cd6bc7064db00472d39637c08ed94c40094949b9d7d0f03bc2ca57,0.13701795041561127,0.969085693359375,0.004597265940673512,True,True,False,False,Found in isolated folder,KEEP,False,
Tabla,tabla,addhatrital72.wav,Tabla\addhatrital72.wav,.wav,WAV,44100,2,PCM_16,3.981360544217687,175578,702356,488a6f743f810186a2401174f5e2ac8c10850fd81999af740bf62d92451d2c17,0.1364866942167282,0.900604248046875,0.004180478192028614,True,True,False,False,Found in isolated folder,KEEP,False,
Tabla,tabla,addhatrital73.wav,Tabla\addhatrital73.wav,.wav,WAV,44100,2,PCM_16,4.00936507936508,176813,707296,2b5a7ffd5df16938e96434a771ba005972dcf3671ffba9f10470265d78d1cb6e,0.13155609369277954,0.82281494140625,0.004657462969351801,True,True,False,False,Found in isolated folder,KEEP,False,
Tabla,tabla,addhatrital74.wav,Tabla\addhatrital74.wav,.wav,WAV,44100,2,PCM_16,4.013174603174603,176981,707968,75c12e9cb2669854e7f4956327a34b153e0a0ff510e530dafe16ec25cdc5903a,0.1325826644897461,0.85076904296875,0.004624790231719789,True,True,False,False,Found in isolated folder,KEEP,False,
Tabla,tabla,addhatrital75.wav,Tabla\addhatrital75.wav,.wav,WAV,44100,2,PCM_16,4.041428571428572,178227,712952,3f2980ff64c7829035f2f108e22b6744b8cad54daa341b0e032186bf81f2e4c0,0.1438877433538437,0.95147705078125,0.004847750340857446,True,True,False,False,Found in isolated folder,KEEP,False,
Tabla,tabla,addhatrital76.wav,Tabla\addhatrital76.wav,.wav,WAV,44100,2,PCM_16,4.010249433106576,176852,707452,714f6a053f2c87a2571ea440fc501d7baa3709b5155422b21bd44d67d1ead307,0.1489686369895935,0.863433837890625,0.004204080247890892,True,True,False,False,Found in isolated folder,KEEP,False,
Tabla,tabla,addhatrital77.wav,Tabla\addhatrital77.wav,.wav,WAV,44100,2,PCM_16,4.012244897959183,176940,707804,e3886f5ddf1f7be756e0c9664ce37628f2dacc559481b2967b5b49c451d1f344,0.14533282816410065,0.92584228515625,0.004617384424098565,True,True,False,False,Found in isolated folder,KEEP,False,
Tabla,tabla,addhatrital78.wav,Tabla\addhatrital78.wav,.wav,WAV,44100,2,PCM_16,4.013356009070295,176989,708000,c8b0e53a79d4d42e9ece6d5a845ae8148aeaafcfaa0e1e695caeb73849336f3e,0.1428598016500473,1.0,0.004658481600551447,True,True,False,False,Found in isolated folder,KEEP,False,
Tabla,tabla,AHK_solo-tintal-1.wav,Tabla\AHK_solo-tintal-1.wav,.wav,WAV,16000,1,PCM_16,66.532,1064512,2129068,fcd29129f8f374d44041920d5c1f5165a4edb29756c603bb1df4a391bf8fbdee,0.14350897073745728,0.965087890625,0.00934043016894126,True,True,False,False,Found in isolated folder,KEEP_AFTER_RESAMPLING,False,
Tabla,tabla,AHK_solo-tintal-2.wav,Tabla\AHK_solo-tintal-2.wav,.wav,WAV,16000,1,PCM_16,62.511625,1000186,2000416,2ac00dc363c9251a6c442906bdbd3cdaa7a34e1aa2b8c833af7b3ec1011400f8,0.14324037730693817,0.970977783203125,0.0014497303501548712,True,True,False,False,Found in isolated folder,KEEP_AFTER_RESAMPLING,False,
Tabla,tabla,AHK_solo-tintal-3.wav,Tabla\AHK_solo-tintal-3.wav,.wav,WAV,16000,1,PCM_16,28.67875,458860,917764,66ad4cd85b2f79b31d9d7af42a61671794730060ca783d8583d90270f06ddf28,0.15149156749248505,0.99420166015625,0.001590899184936582,True,True,False,False,Found in isolated folder,KEEP_AFTER_RESAMPLING,False,
Tabla,tabla,AHK_solo-tintal-4.wav,Tabla\AHK_solo-tintal-4.wav,.wav,WAV,16000,1,PCM_16,45.52325,728372,1456788,eedd05ca402ddb492e5e4458e30a2af037ce0700912dceb3d66be387e3c8cfa3,0.16137267649173737,0.999969482421875,0.0013358558538768652,True,True,False,False,Found in isolated folder,KEEP_AFTER_RESAMPLING,False,
Tabla,tabla,AHK_solo-tintal-5.wav,Tabla\AHK_solo-tintal-5.wav,.wav,WAV,16000,1,PCM_16,59.93025,958884,1917812,1e7cda3d3f7503515fd14a64d6aba7cd2066a953a6ce7415ae6a5cde2e9c12ae,0.16525526344776154,0.953582763671875,0.0014193583374005614,True,True,False,False,Found in isolated folder,KEEP_AFTER_RESAMPLING,False,
Tabla,tabla,AHK_solo-tintal-6.wav,Tabla\AHK_solo-tintal-6.wav,.wav,WAV,16000,1,PCM_16,65.3808125,1046093,2092230,241990a81022b1d711a87abd756e44489ee3fb4d1ae81faaed5b5ea31f81f7ef,0.1434522569179535,0.962890625,0.0013144146839716927,True,True,False,False,Found in isolated folder,KEEP_AFTER_RESAMPLING,False,
Tabla,tabla,AHK_solo-tintal-7.wav,Tabla\AHK_solo-tintal-7.wav,.wav,WAV,16000,1,PCM_16,37.1773125,594837,1189718,cfbeaf830e1a21c4472a5a846cffb40cf6da20dfbb44e09423eb3f29f43734ee,0.16301488876342773,0.974212646484375,0.0013264137906687041,True,True,False,False,Found in isolated folder,KEEP_AFTER_RESAMPLING,False,
Tabla,tabla,AS_comp101_t.wav,Tabla\AS_comp101_t.wav,.wav,WAV,16000,1,FLOAT,19.65,314400,1257658,53d518e1de08032c474cfb607469c596cbd33f3b97a358238e9096ce68dba695,0.015416807495057583,0.18157649040222168,0.017201017811704834,True,True,False,False,Found in isolated folder,KEEP_AFTER_RESAMPLING,False,
Tabla,tabla,AS_comp102_t.wav,Tabla\AS_comp102_t.wav,.wav,WAV,16000,1,FLOAT,23.2096875,371355,1485478,373078759e92b48a29f4271b1efa65ca3c52eb6807176d109cb18faa7ad6c1ae,0.013881090097129345,0.21911978721618652,0.022372123709119306,True,True,False,False,Found in isolated folder,KEEP_AFTER_RESAMPLING,False,
Tabla,tabla,AS_comp103_t.wav,Tabla\AS_comp103_t.wav,.wav,WAV,16000,1,FLOAT,24.252,388032,1552186,dd78b7dece71546ec1b6a28e49938bc93c53cc056188e5d2cd907e489a9be9d2,0.013258680701255798,0.18505936861038208,0.022686273297047668,True,True,False,False,Found in isolated folder,KEEP_AFTER_RESAMPLING,False,
Tabla,tabla,AS_comp104_t.wav,Tabla\AS_comp104_t.wav,.wav,WAV,16000,1,FLOAT,30.0885,481416,1925722,8b361dea1759e78773035a281385f349ed4fe7466ebcce5e65be7cb3ee9e624f,0.01978118345141411,0.25036847591400146,0.020661963873240607,True,True,False,False,Found in isolated folder,KEEP_AFTER_RESAMPLING,False,
Tabla,tabla,AS_comp105_t.wav,Tabla\AS_comp105_t.wav,.wav,WAV,16000,1,FLOAT,16.9616875,271387,1085606,583ad192f3f70891a1eb53e6d9c7d9b84efb1758d4f61bb317820dd6f8466840,0.016981201246380806,0.16388976573944092,0.0227203219019334,True,True,False,False,Found in isolated folder,KEEP_AFTER_RESAMPLING,False,
Tabla,tabla,AS_comp106_t.wav,Tabla\AS_comp106_t.wav,.wav,WAV,16000,1,FLOAT,21.3864375,342183,1368790,f7223717643d055e7ad69a4ca3c0c54f1344cd0cf60e49e7f053af9db2a03418,0.017360175028443336,0.19337618350982666,0.0198227264358545,True,True,False,False,Found in isolated folder,KEEP_AFTER_RESAMPLING,False,
Tabla,tabla,AS_comp107_t.wav,Tabla\AS_comp107_t.wav,.wav,WAV,16000,1,FLOAT,17.1934375,275095,1100438,1b77aa4165a57b6dfb60f407aca68fec69f0d8f552074d887414ed1bf51c5018,0.014059851877391338,0.12635868787765503,0.03269416019920391,True,True,False,False,Found in isolated folder,KEEP_AFTER_RESAMPLING,False,
Tabla,tabla,AS_comp108_t.wav,Tabla\AS_comp108_t.wav,.wav,WAV,16000,1,FLOAT,14.527,232432,929786,120204e6e32d4b713412f1c002e29367f623a702c7c4c27323e6019ceae165b2,0.016582613810896873,0.2036914825439453,0.01691247332553177,True,True,False,False,Found in isolated folder,KEEP_AFTER_RESAMPLING,False,
Tabla,tabla,AS_comp109_t.wav,Tabla\AS_comp109_t.wav,.wav,WAV,16000,1,FLOAT,13.4689375,215503,862070,ff31b61a7fa4c9048ff915f90e5a93752e44feeb32d98e3e51cf58af28b7323b,0.01702566258609295,0.14762043952941895,0.009531189821023373,True,True,False,False,Found in isolated folder,KEEP_AFTER_RESAMPLING,False,
Tabla,tabla,AS_comp110_t.wav,Tabla\AS_comp110_t.wav,.wav,WAV,16000,1,FLOAT,13.419125,214706,858882,503efdde8768b4866ab33f3da727df8ef882729fd49b11bbb9a0f1ef93149d3c,0.01208149828016758,0.1388673186302185,0.028969847139809785,True,True,False,False,Found in isolated folder,KEEP_AFTER_RESAMPLING,False,
Tabla,tabla,AS_comp111_t.wav,Tabla\AS_comp111_t.wav,.wav,WAV,16000,1,FLOAT,24.8545,397672,1590746,73020ec69b70183e2e88d5dfe8bff76053ea17bdf3b41584e08d55967173bbb4,0.01433231309056282,0.14450448751449585,0.01809531473173872,True,True,False,False,Found in isolated folder,KEEP_AFTER_RESAMPLING,False,
Tabla,tabla,AS_comp112_t.wav,Tabla\AS_comp112_t.wav,.wav,WAV,16000,1,FLOAT,24.5250625,392401,1569662,40682e4420328e2b80c433634beb33dce3ded4da99ed51e1b05811d86b9712ee,0.01740126870572567,0.21618252992630005,0.015639613558579107,True,True,False,False,Found in isolated folder,KEEP_AFTER_RESAMPLING,False,
Tabla,tabla,AS_comp113_t.wav,Tabla\AS_comp113_t.wav,.wav,WAV,16000,1,FLOAT,12.3551875,197683,790790,bc8d028783f6141799c6583df7908ca21cef8a7765731e983bd1fc630fa03d8e,0.02127922885119915,0.26975876092910767,0.012889322804692361,True,True,False,False,Found in isolated folder,KEEP_AFTER_RESAMPLING,False,
Tabla,tabla,AS_comp114_t.wav,Tabla\AS_comp114_t.wav,.wav,WAV,16000,1,FLOAT,15.0733125,241173,964750,3750db812042cc838cab31a28d6c136e4fc18849f4d9ec09959759629dd8c847,0.016552848741412163,0.2398242950439453,0.019865407819283254,True,True,False,False,Found in isolated folder,KEEP_AFTER_RESAMPLING,False,
Tabla,tabla,AS_comp115_t.wav,Tabla\AS_comp115_t.wav,.wav,WAV,16000,1,FLOAT,15.258625,244138,976610,62d858de2a971fc854ec4614c8ed9642a51df9423d058540dd23cefc7e7c04a3,0.01614575833082199,0.25416117906570435,0.03783106275958679,True,True,False,False,Found in isolated folder,KEEP_AFTER_RESAMPLING,False,
Tabla,tabla,AS_comp116_t.wav,Tabla\AS_comp116_t.wav,.wav,WAV,16000,1,FLOAT,12.4375,199000,796058,7f0b1297ca8b744d102a665cff11c67b196211a52d6299f08fc2a3cfa594e273,0.018993008881807327,0.22376418113708496,0.017748743718592964,True,True,False,False,Found in isolated folder,KEEP_AFTER_RESAMPLING,False,
Tabla,tabla,AS_comp117_t.wav,Tabla\AS_comp117_t.wav,.wav,WAV,16000,1,FLOAT,15.5469375,248751,995062,d9b944da87bced93f6a7eb35c38fd9a495d3d4020e3c2a7bf6fc3878dd7e500d,0.017197562381625175,0.351288378238678,0.012848189555016864,True,True,False,False,Found in isolated folder,KEEP_AFTER_RESAMPLING,False,
Tabla,tabla,bhajani01.wav,Tabla\bhajani01.wav,.wav,WAV,44100,2,PCM_16,6.603560090702948,291217,1164912,30319295cb24e315f7e1720516d3c87bf277bc4e274cc5d04f1b7ad00f95451a,0.08138477057218552,0.99737548828125,0.00520574004951634,True,True,False,False,Found in isolated folder,KEEP,False,
Tabla,tabla,bhajani02.wav,Tabla\bhajani02.wav,.wav,WAV,44100,2,PCM_16,6.514489795918367,287289,1149200,46152c1d24cccfe2b6dc781f0e224d463eb41cc00650cae26c9b862447a948f2,0.08071941137313843,0.95501708984375,0.004497213607203896,True,True,False,False,Found in isolated folder,KEEP,False,
Tabla,tabla,bhajani03.wav,Tabla\bhajani03.wav,.wav,WAV,44100,2,PCM_16,6.538548752834467,288350,1153444,d63222e51c04fd42b688b7031185ed6dcd0895fabd3618d8afcf329471086e2d,0.07853196561336517,0.90179443359375,0.005434367955609502,True,True,False,False,Found in isolated folder,KEEP,False,
Tabla,tabla,bhajani04.wav,Tabla\bhajani04.wav,.wav,WAV,44100,2,PCM_16,6.566575963718821,289586,1158388,03ec36803a2d56efd0b93e08ab61fcdec55768e73d16db762550fcc8db07fb36,0.07937851548194885,0.999969482421875,0.0052419661171465475,True,True,False,False,Found in isolated folder,KEEP,False,
Tabla,tabla,bhajani05.wav,Tabla\bhajani05.wav,.wav,WAV,44100,2,PCM_16,6.5757596371882086,289991,1160008,9e2ad1159b473011f63ab53eca0f2615c0557607a4acc0e8d0922bf7ec12e55e,0.07955453544855118,0.999969482421875,0.006682966023083475,True,True,False,False,Found in isolated folder,KEEP,False,
Tabla,tabla,bhajani06.wav,Tabla\bhajani06.wav,.wav,WAV,44100,2,PCM_16,6.545124716553288,288640,1154604,09744af6bec8d56d1b156f04fa8825099710e3e68524986c84d2e497c0a5795f,0.07743696123361588,0.915771484375,0.007878325942350333,True,True,False,False,Found in isolated folder,KEEP,False,
Tabla,tabla,bhajani07.wav,Tabla\bhajani07.wav,.wav,WAV,44100,2,PCM_16,6.563809523809524,289464,1157900,886f40ca61428e8ca514e3ea8bba6261fe74768f044411df5245af8917b2a8d8,0.07544161379337311,0.915802001953125,0.008847386894397923,True,True,False,False,Found in isolated folder,KEEP,False,
Tabla,tabla,bhajani08.wav,Tabla\bhajani08.wav,.wav,WAV,44100,2,PCM_16,6.634399092970521,292577,1170352,1db4de20b71bb7ea5da550cd526eb08ac586e74761b04d96976acf09477966f3,0.07600250095129013,0.984405517578125,0.00929840691510269,True,True,False,False,Found in isolated folder,KEEP,False,
Tabla,tabla,bhajani09.wav,Tabla\bhajani09.wav,.wav,WAV,44100,2,PCM_16,6.602108843537415,291153,1164656,37c5c24a8a4a6e59d69b503b8fa80f2a6e19497ef1d066eb36cf2c4c5355eebd,0.08504264056682587,0.93597412109375,0.005771879389874053,True,True,False,False,Found in isolated folder,KEEP,False,
Tabla,tabla,bhajani10.wav,Tabla\bhajani10.wav,.wav,WAV,44100,2,PCM_16,6.600634920634921,291088,1164396,db3af9d42f7c2e64c54b3b958ddff5c9cd3e492b707cf997ed9968dd6696333c,0.08454342186450958,0.929229736328125,0.006077200021986478,True,True,False,False,Found in isolated folder,KEEP,False,
Tabla,tabla,bhajani11.wav,Tabla\bhajani11.wav,.wav,WAV,44100,2,PCM_16,6.545056689342403,288637,1154592,1898bab7b4b064bb0d04e6361bd983958d2a0253493aaef15c573706669baa82,0.08462432771921158,0.915802001953125,0.006556678457716786,True,True,False,False,Found in isolated folder,KEEP,False,
Tabla,tabla,bhajani12.wav,Tabla\bhajani12.wav,.wav,WAV,44100,2,PCM_16,6.632040816326531,292473,1169936,dd841a8d386e20a35df1e93b14c9934c5393c10ef2a4658241b44186421351c3,0.08267409354448318,0.999969482421875,0.007075866832152028,True,True,False,False,Found in isolated folder,KEEP,False,
Tabla,tabla,bhajani13.wav,Tabla\bhajani13.wav,.wav,WAV,44100,2,PCM_16,5.543083900226757,244450,977844,0e64173e38390918a867dd5b0c0b014d1a3ef68804b7e774b07c8397b038bc26,0.08633037656545639,0.82635498046875,0.005103293106974841,True,True,False,False,Found in isolated folder,KEEP,False,
Tabla,tabla,bhajani14.wav,Tabla\bhajani14.wav,.wav,WAV,44100,2,PCM_16,5.5141043083900225,243172,972732,11464490b193ee1186f89cfa4ff9d6d20ad41e61f62c1155fa3c1e5c7101e922,0.08457445353269577,0.82098388671875,0.004704489003668186,True,True,False,False,Found in isolated folder,KEEP,False,
Tabla,tabla,bhajani15.wav,Tabla\bhajani15.wav,.wav,WAV,44100,2,PCM_16,5.523650793650794,243593,974416,2420edd53a577502556b611f9d9ba1d218d28655321a5bbcc9e3ea6192641bcd,0.0849577859044075,0.880096435546875,0.005609767111534404,True,True,False,False,Found in isolated folder,KEEP,False,
Tabla,tabla,bhajani16.wav,Tabla\bhajani16.wav,.wav,WAV,44100,2,PCM_16,5.495283446712018,242342,969412,9dbc98834ed07934bbebb7fb0c2c1938fd14638f7c910b2dc030502243b7be6d,0.08622624725103378,0.999969482421875,0.0054200262439032445,True,True,False,False,Found in isolated folder,KEEP,False,
Tabla,tabla,bhajani17.wav,Tabla\bhajani17.wav,.wav,WAV,44100,2,PCM_16,5.5377777777777775,244216,976908,db23114ae7e162b3dae50972f14fe2ec9d05b56294ccdc2f29993a3c22c03560,0.08606680482625961,0.999969482421875,0.005501277557571986,True,True,False,False,Found in isolated folder,KEEP,False,
Tabla,tabla,bhajani18.wav,Tabla\bhajani18.wav,.wav,WAV,44100,2,PCM_16,5.530090702947846,243877,975552,432997a35d51d9decb715ed065975ef548695ad2922125327a3bb052035e4ff1,0.08356598019599915,0.902130126953125,0.005910766492945215,True,True,False,False,Found in isolated folder,KEEP,False,
Tabla,tabla,bhajani19.wav,Tabla\bhajani19.wav,.wav,WAV,44100,2,PCM_16,5.544557823129252,244515,978104,a57e009a9948d0d5919551d037e3a5a756743b4220857227b4a1423c2c84322e,0.080891452729702,0.8564453125,0.00623274645727256,True,True,False,False,Found in isolated folder,KEEP,False,
Tabla,tabla,bhajani20.wav,Tabla\bhajani20.wav,.wav,WAV,44100,2,PCM_16,5.519931972789116,243429,973760,5bc06643fd3b3b2a46762ce4f9b26e7914e3fa865fe515c2d0ade35e04bfd8d1,0.08082232624292374,0.977935791015625,0.0067966429636567545,True,True,False,False,Found in isolated folder,KEEP,False,
Tabla,tabla,bhajani21.wav,Tabla\bhajani21.wav,.wav,WAV,44100,2,PCM_16,5.5508843537414965,244794,979220,0b50354e1343e4fde3361a54b40921fa2d14df222442d43d2e59923498037e92,0.091574527323246,0.899871826171875,0.006056112486417151,True,True,False,False,Found in isolated folder,KEEP,False,
Tabla,tabla,bhajani22.wav,Tabla\bhajani22.wav,.wav,WAV,44100,2,PCM_16,5.529070294784581,243832,975372,e2c2c97c753ab122b64c2f0c4e49c34e247d66b074464b23ba02301d6c9c2829,0.09166465699672699,0.9530029296875,0.005698595754453886,True,True,False,False,Found in isolated folder,KEEP,False,
Tabla,tabla,bhajani23.wav,Tabla\bhajani23.wav,.wav,WAV,44100,2,PCM_16,5.551179138321995,244807,979272,55568d2133a5dc1767ee6f277596992916a5f7e7c4a9fbabeb70f00a9b233079,0.09236247837543488,0.907928466796875,0.0049814752029149496,True,True,False,False,Found in isolated folder,KEEP,False,
Tabla,tabla,bhajani24.wav,Tabla\bhajani24.wav,.wav,WAV,44100,2,PCM_16,5.531995464852607,243961,975888,ea6ad3a9c5cd6a0e09dff57fad1d3398675880b40f3d0dd449b9a217f091944d,0.08907216042280197,0.999969482421875,0.0062694447063260115,True,True,False,False,Found in isolated folder,KEEP,False,
Tabla,tabla,bhajani25.wav,Tabla\bhajani25.wav,.wav,WAV,44100,2,PCM_16,4.182358276643991,184442,737812,8a19fe3f8f322a7461f5f6227795779dc988e2b827e65056aa7c4906f20d3818,0.09704737365245819,0.830902099609375,0.0058826080827577235,True,True,False,False,Found in isolated folder,KEEP,False,
Tabla,tabla,bhajani26.wav,Tabla\bhajani26.wav,.wav,WAV,44100,2,PCM_16,4.216961451247165,185968,743916,779c731def361e9e8ba4340501c5c1c3353d4e454e6c6166bb266ffc692e8057,0.09585588425397873,0.798583984375,0.005076142131979695,True,True,False,False,Found in isolated folder,KEEP,False,
Tabla,tabla,bhajani27.wav,Tabla\bhajani27.wav,.wav,WAV,44100,2,PCM_16,4.192018140589569,184868,739516,a9d62d7f4bd3163dfc8ce5baaf184472626ec8af2b2debca167d4790d9af3751,0.0956052839756012,0.88470458984375,0.005576952203734557,True,True,False,False,Found in isolated folder,KEEP,False,
Tabla,tabla,bhajani28.wav,Tabla\bhajani28.wav,.wav,WAV,44100,2,PCM_16,4.222993197278911,186234,744980,c5272d2b35c0f154af1f4c1b00130654298484cc87b992109346fcb6a63f3b62,0.0975043997168541,0.999969482421875,0.005380327974483714,True,True,False,False,Found in isolated folder,KEEP,False,
Tabla,tabla,bhajani29.wav,Tabla\bhajani29.wav,.wav,WAV,44100,2,PCM_16,4.191428571428571,184842,739412,1028e355dba16704526153c4b2e8af17a7f2a8e7c9e0690038d2eefcecb359dc,0.09657035022974014,0.999969482421875,0.005428960950433343,True,True,False,False,Found in isolated folder,KEEP,False,
Tabla,tabla,bhajani30.wav,Tabla\bhajani30.wav,.wav,WAV,44100,2,PCM_16,4.213424036281179,185812,743292,6a0f19c14fc16ef4cda044c212ea6c11096a64118abeebbb3a353add234a5945,0.09456510841846466,0.91412353515625,0.005077712957182528,True,True,False,False,Found in isolated folder,KEEP,False,
Tabla,tabla,bhajani31.wav,Tabla\bhajani31.wav,.wav,WAV,44100,2,PCM_16,4.191519274376417,184846,739428,1198ec1c11b17615a6a8a443989a23c715bce4e465f2f28ec59d0895d1da2f57,0.09175493568181992,0.852264404296875,0.005969834348592883,True,True,False,False,Found in isolated folder,KEEP,False,
Tabla,tabla,bhajani32.wav,Tabla\bhajani32.wav,.wav,WAV,44100,2,PCM_16,4.193356009070294,184927,739752,37bcb6041be679a20e3c78963111be9a7e251f1b8ed8ec3d78fc540d87db5231,0.09117346256971359,0.974151611328125,0.005861772483196072,True,True,False,False,Found in isolated folder,KEEP,False,
Tabla,tabla,bhajani33.wav,Tabla\bhajani33.wav,.wav,WAV,44100,2,PCM_16,4.250294784580499,187438,749796,abd4158ea2635a9470604179012d19b81b236710dee6767676fce2d54b6a174e,0.10416006296873093,0.93804931640625,0.005887280060606707,True,True,False,False,Found in isolated folder,KEEP,False,
Tabla,tabla,bhajani34.wav,Tabla\bhajani34.wav,.wav,WAV,44100,2,PCM_16,4.1807709750566895,184372,737532,b591c384a3c33c929fa50810ef782b816118d90e692489166783792030c80ae4,0.10335827618837357,0.9718017578125,0.005646193565183434,True,True,False,False,Found in isolated folder,KEEP,False,
Tabla,tabla,bhajani35.wav,Tabla\bhajani35.wav,.wav,WAV,44100,2,PCM_16,4.218730158730159,186046,744228,511e4b95518a8d5e02495e437ae42cf04ecca7706afe4bd43e46e177618c3f7c,0.1034628301858902,0.943939208984375,0.0057002031755587325,True,True,False,False,Found in isolated folder,KEEP,False,
Tabla,tabla,bhajani36.wav,Tabla\bhajani36.wav,.wav,WAV,44100,2,PCM_16,4.224512471655329,186301,745248,f5fe55f4d982ccd50584afae25317a14e48815adb296d569e85f976cdd80b60b,0.10001660138368607,0.999969482421875,0.006266740382499289,True,True,False,False,Found in isolated folder,KEEP,False,
Tabla,tabla,bhajani37.wav,Tabla\bhajani37.wav,.wav,WAV,44100,2,PCM_16,3.431972789115646,151350,605444,4910fb881d2d3a5679b26299c7321ac52d43beb76456f0bee4d454fa806897c3,0.11400106549263,0.8084716796875,0.008014535844070036,True,True,False,False,Found in isolated folder,KEEP,False,
Tabla,tabla,bhajani38.wav,Tabla\bhajani38.wav,.wav,WAV,44100,2,PCM_16,3.4035827664399094,150098,600436,dff5dae3f0e9eafef63d8aac3748c25dfb986cf6be286bc1fce8df9fa95995f3,0.11369486153125763,0.932037353515625,0.0055663633093045875,True,True,False,False,Found in isolated folder,KEEP,False,
Tabla,tabla,bhajani39.wav,Tabla\bhajani39.wav,.wav,WAV,44100,2,PCM_16,3.4336961451247165,151426,605748,443411d77c3a488f1400f8430edaf938da3206461622c7f5e942185211f3b8ae,0.11235272884368896,0.8597412109375,0.006973703327037629,True,True,False,False,Found in isolated folder,KEEP,False,
Tabla,tabla,bhajani40.wav,Tabla\bhajani40.wav,.wav,WAV,44100,2,PCM_16,3.40265306122449,150057,600272,8d64f609cc7f1452190d45a981a4e83ed20dd6894d4caae2b70f6072c6daa400,0.1157207265496254,0.999969482421875,0.006574168482643262,True,True,False,False,Found in isolated folder,KEEP,False,
Tabla,tabla,bhajani41.wav,Tabla\bhajani41.wav,.wav,WAV,44100,2,PCM_16,3.397641723356009,149836,599388,0eb8e8bd0e1657427bb95f24f78b8089c7fceb8922bb9f729e24cb43658b261b,0.11540967971086502,0.999969482421875,0.00617341626845351,True,True,False,False,Found in isolated folder,KEEP,False,
Tabla,tabla,bhajani42.wav,Tabla\bhajani42.wav,.wav,WAV,44100,2,PCM_16,3.4056009070294784,150187,600792,93b98f9ed28575eb36aaad8cb394fc1ce62193ce540d4ad93a1bfbc606a96416,0.11325998604297638,0.89453125,0.005696232030735017,True,True,False,False,Found in isolated folder,KEEP,False,
Tabla,tabla,bhajani43.wav,Tabla\bhajani43.wav,.wav,WAV,44100,2,PCM_16,3.4326530612244897,151380,605564,fc0ad641c7c0dd24d3f2a70df3e3dff0402e94451ab7d457c1d13164dd90f120,0.11029192805290222,0.848968505859375,0.006021270973708548,True,True,False,False,Found in isolated folder,KEEP,False,
Tabla,tabla,bhajani44.wav,Tabla\bhajani44.wav,.wav,WAV,44100,2,PCM_16,3.37750566893424,148948,595836,637b648f9f7e3b0296884f90d0c0ab3fad2bd13aed53327d052aa10775ee2ac8,0.10911355167627335,0.968536376953125,0.006300856674812686,True,True,False,False,Found in isolated folder,KEEP,False,
Tabla,tabla,bhajani45.wav,Tabla\bhajani45.wav,.wav,WAV,44100,2,PCM_16,3.4346485260770976,151468,605916,b392bbcea50d064d19c3d4aecad63a21b84d3423aa2e2a2966a44db663c79acf,0.12136047333478928,0.889373779296875,0.0065855494229804315,True,True,False,False,Found in isolated folder,KEEP,False,
Tabla,tabla,bhajani46.wav,Tabla\bhajani46.wav,.wav,WAV,44100,2,PCM_16,3.4107256235827665,150413,601696,6b84ec50e3ff4807f4c81150b8eed3eee04bff6e063f650f672ac0cc5b75b2dc,0.12419761717319489,0.935333251953125,0.005767453611057555,True,True,False,False,Found in isolated folder,KEEP,False,
Tabla,tabla,bhajani47.wav,Tabla\bhajani47.wav,.wav,WAV,44100,2,PCM_16,3.3776643990929704,148955,595864,956ad4fba54b90eef114270ea0f7ed848ea95e8ac892679ff34c3f1c76cddf91,0.12131360173225403,0.924957275390625,0.006095800745191501,True,True,False,False,Found in isolated folder,KEEP,False,
Tabla,tabla,bhajani48.wav,Tabla\bhajani48.wav,.wav,WAV,44100,2,PCM_16,3.4366666666666665,151557,606272,75ed57955b89fb99dfaebe9c5d26976fd4d6f81c60acdbcf9d9fcef922ffee4d,0.12022601068019867,0.999969482421875,0.006317755036059041,True,True,False,False,Found in isolated folder,KEEP,False,
Tabla,tabla,bhajani49.wav,Tabla\bhajani49.wav,.wav,WAV,44100,2,PCM_16,2.6499319727891155,116862,467492,5a21e3cc00899a6dc829acb471df7059d12bf98737191de44926e17701df02ae,0.13323409855365753,0.79290771484375,0.007307764713936096,True,True,False,False,Found in isolated folder,KEEP,False,
Tabla,tabla,bhajani50.wav,Tabla\bhajani50.wav,.wav,WAV,44100,2,PCM_16,2.591655328798186,114292,457212,cf1133d36dea3944f16c4d008c211eb61ac1a9a006c61daded71cd03df7e79e2,0.12613922357559204,0.78839111328125,0.007450215238161901,True,True,False,False,Found in isolated folder,KEEP,False,
Tabla,tabla,bhajani51.wav,Tabla\bhajani51.wav,.wav,WAV,44100,2,PCM_16,2.5606349206349206,112924,451740,887c44b077641d1d2ab5ed7642545ea134bed84cdc23aae57f8b7885c2806d6f,0.12789976596832275,0.833526611328125,0.006615068541674046,True,True,False,False,Found in isolated folder,KEEP,False,
Tabla,tabla,bhajani52.wav,Tabla\bhajani52.wav,.wav,WAV,44100,2,PCM_16,2.619705215419501,115529,462160,910c12dba0ad3aefbfeecea2124d41c3f2f80f9001a4b937c1054604e732fd64,0.12947261333465576,0.999969482421875,0.006630369863843711,True,True,False,False,Found in isolated folder,KEEP,False,
Tabla,tabla,bhajani53.wav,Tabla\bhajani53.wav,.wav,WAV,44100,2,PCM_16,2.5616326530612246,112968,451916,0c1be3cc1976ebd1ee76ceadef5cbd0bb5651a71e239e3c1b0e4e8f7920b5074,0.12895357608795166,0.999969482421875,0.007121485730472346,True,True,False,False,Found in isolated folder,KEEP,False,
Tabla,tabla,bhajani54.wav,Tabla\bhajani54.wav,.wav,WAV,44100,2,PCM_16,2.5906122448979594,114246,457028,021e0cc146e13c086c5a6c1e5f970a62c14059e210e2b40efda5be90c51b3bc7,0.12586413323879242,0.86407470703125,0.006547275178124398,True,True,False,False,Found in isolated folder,KEEP,False,
Tabla,tabla,bhajani55.wav,Tabla\bhajani55.wav,.wav,WAV,44100,2,PCM_16,2.6504761904761907,116886,467588,8c506d187c39876eabdeafd0b3d6905b7ea464b5b6392b9028b09718d217f306,0.12441318482160568,0.815338134765625,0.0073661516349263385,True,True,False,False,Found in isolated folder,KEEP,False,
Tabla,tabla,bhajani56.wav,Tabla\bhajani56.wav,.wav,WAV,44100,2,PCM_16,2.619659863945578,115527,462152,99a1225fd2fe34931b428210ce8049d6b49fdfe1073b10314667c6d62a8e1bf4,0.12269057333469391,0.969573974609375,0.007526379114838956,True,True,False,False,Found in isolated folder,KEEP,False,
Tabla,tabla,bhajani57.wav,Tabla\bhajani57.wav,.wav,WAV,44100,2,PCM_16,2.6205895691609977,115568,462316,bce6e41a7d3be220e4ff28542c70b13c48f279a4249b1d93bb0add1957f51bd9,0.13629157841205597,0.865203857421875,0.007216530527481656,True,True,False,False,Found in isolated folder,KEEP,False,
Tabla,tabla,bhajani58.wav,Tabla\bhajani58.wav,.wav,WAV,44100,2,PCM_16,2.593469387755102,114372,457532,2ee3e41cc06210e0d821be6d9d75bba14429250c700bc78f71651d9be7af04ae,0.1375175416469574,0.870269775390625,0.006850452908054419,True,True,False,False,Found in isolated folder,KEEP,False,
Tabla,tabla,bhajani59.wav,Tabla\bhajani59.wav,.wav,WAV,44100,2,PCM_16,2.623809523809524,115710,462884,ba6417d01b669f6a61b28192e0aa8fd1f0aab32bf1bc86f2381b461e4c687ed9,0.13610562682151794,0.88623046875,0.006313196785066114,True,True,False,False,Found in isolated folder,KEEP,False,
Tabla,tabla,bhajani60.wav,Tabla\bhajani60.wav,.wav,WAV,44100,2,PCM_16,2.6214739229024944,115607,462472,3a14ca118f9ed631d0bed68fb1bf70c81c453ac0c107978731116d3e45022e4f,0.13301806151866913,0.999969482421875,0.0077460707396610935,True,True,False,False,Found in isolated folder,KEEP,False,
Tabla,tabla,bhajani61.wav,Tabla\bhajani61.wav,.wav,WAV,44100,2,PCM_16,2.19578231292517,96834,387380,cbb671eb346e738497a1c9a57f92647b05da203b1e16e17f17e680db0473f69d,0.1383792757987976,0.81158447265625,0.010089431398062664,True,True,False,False,Found in isolated folder,KEEP,False,
Tabla,tabla,bhajani62.wav,Tabla\bhajani62.wav,.wav,WAV,44100,2,PCM_16,2.1387755102040815,94320,377324,dfaa38074f36f7b75f95ed312e653f254328333e518f92e3d043b94def0fd66e,0.13742543756961823,0.7884521484375,0.007835029686174725,True,True,False,False,Found in isolated folder,KEEP,False,
Tabla,tabla,bhajani63.wav,Tabla\bhajani63.wav,.wav,WAV,44100,2,PCM_16,2.135691609977324,94184,376780,93122e307ee1ea077bc5cbce6a682a4696ed07490ea503439439a72ae3afd0c6,0.13834626972675323,0.843719482421875,0.007564979189671282,True,True,False,False,Found in isolated folder,KEEP,False,
Tabla,tabla,bhajani64.wav,Tabla\bhajani64.wav,.wav,WAV,44100,2,PCM_16,2.1345804988662134,94135,376584,6e078c8acaafb65ad497630565d068199c5087d21979e19fada8f21ecb6c5ab7,0.14048518240451813,0.999969482421875,0.008041642322196845,True,True,False,False,Found in isolated folder,KEEP,False,
Tabla,tabla,bhajani65.wav,Tabla\bhajani65.wav,.wav,WAV,44100,2,PCM_16,2.1706802721088434,95727,382952,6e89ba2f3aa5a3188911fa1dca67074455bd2e720842771ed93e5bafa4215f6e,0.14261692762374878,0.999969482421875,0.0073908092805582545,True,True,False,False,Found in isolated folder,KEEP,False,
Tabla,tabla,bhajani66.wav,Tabla\bhajani66.wav,.wav,WAV,44100,2,PCM_16,2.1687074829931974,95640,382604,ee9d594a46ad0755ec7bbda8b11d1bc8e9adff3d4f489f47e7bd49eac131674b,0.13690103590488434,0.893707275390625,0.00809284818067754,True,True,False,False,Found in isolated folder,KEEP,False,
Tabla,tabla,bhajani67.wav,Tabla\bhajani67.wav,.wav,WAV,44100,2,PCM_16,2.2038321995464853,97189,388800,6d5e21880aa625ca6b16a94ad569dda8046ad49a96c8a06a0d95040bc97bf1a9,0.13358886539936066,0.810943603515625,0.009054522631161964,True,True,False,False,Found in isolated folder,KEEP,False,
Tabla,tabla,bhajani68.wav,Tabla\bhajani68.wav,.wav,WAV,44100,2,PCM_16,2.1673696145124715,95581,382368,7d11588b43711d26bce25393883d4986d609fc7b5827539ec6a2e648200094f9,0.13257600367069244,0.931671142578125,0.008375095468764712,True,True,False,False,Found in isolated folder,KEEP,False,
Tabla,tabla,bhajani69.wav,Tabla\bhajani69.wav,.wav,WAV,44100,2,PCM_16,2.1653061224489796,95490,382004,7e603a8c6154da8bd2db700f6740de6d3d0e0960fab7b0ba7ef5271053ee1bc0,0.15181927382946014,0.8458251953125,0.007519111948895172,True,True,False,False,Found in isolated folder,KEEP,False,
Tabla,tabla,bhajani70.wav,Tabla\bhajani70.wav,.wav,WAV,44100,2,PCM_16,2.166235827664399,95531,382168,ab6026c04c426549ad206875d2304c3de3efbd43a7ac4236579b6cad74389215,0.15086816251277924,0.886566162109375,0.0067360333294951375,True,True,False,False,Found in isolated folder,KEEP,False,
Tabla,tabla,bhajani71.wav,Tabla\bhajani71.wav,.wav,WAV,44100,2,PCM_16,2.170453514739229,95717,382912,a673615cde326d02a3bb35a954bcda9f55b942b4e4a0095927fd1b62c9a8de7f,0.14903995394706726,0.91986083984375,0.007882612284129255,True,True,False,False,Found in isolated folder,KEEP,False,
Tabla,tabla,bhajani72.wav,Tabla\bhajani72.wav,.wav,WAV,44100,2,PCM_16,2.200453514739229,97040,388204,2801fd9a372ec23e7ea162f97faa5e30f2d701c2d7d036bed7ac6a3a962873f2,0.14397725462913513,0.999969482421875,0.008692291838417148,True,True,False,False,Found in isolated folder,KEEP,False,
Tabla,tabla,binati_SRC.wav,Tabla\binati_SRC.wav,.wav,WAV,16000,1,PCM_16,95.528375,1528454,3056952,9dbe6871afe589d14dd34367728041291686b18a1871a92cf2d3f8cb91811a75,0.032370425760746,0.863616943359375,0.014303996063996693,True,True,False,False,Found in isolated folder,KEEP_AFTER_RESAMPLING,False,
Tabla,tabla,dadra01.wav,Tabla\dadra01.wav,.wav,WAV,44100,2,PCM_16,5.060929705215419,223187,892792,84c3e6a508ef5c47b003af9dc0ca615e472492c8c636307c9d93ac6adf4fc422,0.08541788905858994,0.91290283203125,0.007094947286356284,True,True,False,False,Found in isolated folder,KEEP,False,
Tabla,tabla,dadra02.wav,Tabla\dadra02.wav,.wav,WAV,44100,2,PCM_16,5.037868480725623,222170,888724,bf977087279068b5a89a68ebcee01484305018f10205d81423f447e90b5d4c66,0.08389892429113388,1.0,0.007579781248593419,True,True,False,False,Found in isolated folder,KEEP,False,
Tabla,tabla,dadra03.wav,Tabla\dadra03.wav,.wav,WAV,44100,2,PCM_16,5.07297052154195,223718,894916,1302499bffdae1c80c1c484d0288014069b7c783be335ab53012eb7c311361ce,0.08343207836151123,0.938507080078125,0.00816429612279745,True,True,False,False,Found in isolated folder,KEEP,False,
Tabla,tabla,dadra04.wav,Tabla\dadra04.wav,.wav,WAV,44100,2,PCM_16,5.067755102040817,223488,893996,464c0dfe449a6e1caba17d05e24f262bd863374ea2fcb8589c43f0bd5fda3360,0.08363032341003418,0.999969482421875,0.008389712199312714,True,True,False,False,Found in isolated folder,KEEP,False,
Tabla,tabla,dadra05.wav,Tabla\dadra05.wav,.wav,WAV,44100,2,PCM_16,5.094421768707483,224664,898700,c2cd7eb1932cfe42750db3b0dca70d3fec53f7839a60f7879bc085517164837a,0.08380003273487091,0.999969482421875,0.009260495673539152,True,True,False,False,Found in isolated folder,KEEP,False,
Tabla,tabla,dadra06.wav,Tabla\dadra06.wav,.wav,WAV,44100,2,PCM_16,5.095600907029478,224716,898908,f9ff31a67c985afa40b24576b030b2217e77836b0ba4e63383158fec0cf92946,0.08352560549974442,0.893280029296875,0.009948112283949519,True,True,False,False,Found in isolated folder,KEEP,False,
Tabla,tabla,dadra07.wav,Tabla\dadra07.wav,.wav,WAV,44100,2,PCM_16,5.095374149659864,224706,898868,b03734ce22b46d5832a3e6e8be2316accac4c0a42a160599903e29e614e6209c,0.07919486612081528,0.820465087890625,0.012645412227532866,True,True,False,False,Found in isolated folder,KEEP,False,
Tabla,tabla,dadra08.wav,Tabla\dadra08.wav,.wav,WAV,44100,2,PCM_16,5.03546485260771,222064,888300,18de959475c3e21b16a0305d93a9eae30c92f5e761233f523b2217061950fb8b,0.07862622290849686,0.91070556640625,0.01425940269471864,True,True,False,False,Found in isolated folder,KEEP,False,
Tabla,tabla,dadra09.wav,Tabla\dadra09.wav,.wav,WAV,44100,2,PCM_16,5.085170068027211,224256,897068,9ebc25fd232a8f22a73d33c20488f2e1c6b56c57ded364a4b9d642599213c411,0.09138970822095871,0.924224853515625,0.008282944492009132,True,True,False,False,Found in isolated folder,KEEP,False,
Tabla,tabla,dadra10.wav,Tabla\dadra10.wav,.wav,WAV,44100,2,PCM_16,5.093764172335601,224635,898584,8aca8d73dd2d432d63d0d9645f9cbd6aa5e899161600a2d3c93e25daf5e5a8ed,0.09536729753017426,0.875579833984375,0.008787588755091592,True,True,False,False,Found in isolated folder,KEEP,False,
Tabla,tabla,dadra11.wav,Tabla\dadra11.wav,.wav,WAV,44100,2,PCM_16,5.066712018140589,223442,893812,d9081133a3f1f7e525164fc2bdd4ca7974e9a71642632d46d6470e13aab1d35a,0.09064120799303055,0.906494140625,0.010192801711406092,True,True,False,False,Found in isolated folder,KEEP,False,
Tabla,tabla,dadra12.wav,Tabla\dadra12.wav,.wav,WAV,44100,2,PCM_16,5.050340136054421,222720,890924,66e9e8f59d427e324a315e3ec012b72db8e0d131d3ba6a4673d968979b4c99b7,0.08784747868776321,0.999969482421875,0.01259204382183908,True,True,False,False,Found in isolated folder,KEEP,False,
Tabla,tabla,dadra13.wav,Tabla\dadra13.wav,.wav,WAV,44100,2,PCM_16,4.167981859410431,183808,735276,081c439a8971ff0db1e7eb1898f78ab2594d52ad0da1f95ec881d0f85ae9da97,0.0890546515583992,0.951812744140625,0.008038279073816155,True,True,False,False,Found in isolated folder,KEEP,False,
Tabla,tabla,dadra14.wav,Tabla\dadra14.wav,.wav,WAV,44100,2,PCM_16,4.190589569160998,184805,739264,d682a5294b4de388edddec70aef4799d8217c515bc2c2b154f5be1f288b97f6e,0.08811110258102417,0.842620849609375,0.009380157463272098,True,True,False,False,Found in isolated folder,KEEP,False,
Tabla,tabla,dadra15.wav,Tabla\dadra15.wav,.wav,WAV,44100,2,PCM_16,4.163151927437641,183595,734424,feddb5e753c219fb3b8bc8bcfd1ceb2918dcb4f6524c1a8f52dcaed3357ecf32,0.0880545973777771,0.9305419921875,0.009063427653258531,True,True,False,False,Found in isolated folder,KEEP,False,
Tabla,tabla,dadra16.wav,Tabla\dadra16.wav,.wav,WAV,44100,2,PCM_16,4.220521541950113,186125,744544,fcc4f25472410ced8a79236dbe8120b419cbf50f2320437545dcf3cf1564319b,0.08850084245204926,0.999969482421875,0.00913364674278039,True,True,False,False,Found in isolated folder,KEEP,False,
Tabla,tabla,dadra17.wav,Tabla\dadra17.wav,.wav,WAV,44100,2,PCM_16,4.237641723356009,186880,747564,e718148ae777b58c870c9447dd33ea14df56e412042e849a1a23ad6bfb1b1d4e,0.08660897612571716,0.999969482421875,0.009457940924657534,True,True,False,False,Found in isolated folder,KEEP,False,
Tabla,tabla,dadra18.wav,Tabla\dadra18.wav,.wav,WAV,44100,2,PCM_16,4.213424036281179,185812,743292,c5d99bd877c8510ecf46a1c385d24018e22eaafe38f8f984428f53f1b4d8dd95,0.08605469018220901,0.89080810546875,0.008949906356962951,True,True,False,False,Found in isolated folder,KEEP,False,
Tabla,tabla,dadra19.wav,Tabla\dadra19.wav,.wav,WAV,44100,2,PCM_16,4.218616780045352,186041,744208,b20f7824f4327360361f26f2917f43d901f2cdc5b1f25c8a1123418706c42c17,0.08358695358037949,0.81597900390625,0.009575846184443215,True,True,False,False,Found in isolated folder,KEEP,False,
Tabla,tabla,dadra20.wav,Tabla\dadra20.wav,.wav,WAV,44100,2,PCM_16,4.2522675736961455,187525,750144,36187bef1e9de2ad8fb74f856e8461c9c9ecff06266ececa729e2bcd7bc8a35a,0.0896286740899086,0.881072998046875,0.009633382215704573,True,True,False,False,Found in isolated folder,KEEP,False,
Tabla,tabla,dadra21.wav,Tabla\dadra21.wav,.wav,WAV,44100,2,PCM_16,4.2503401360544215,187440,749804,8b7bd6742c8be1c1ca3ee54fe271b676d1880df6071889235dd1d76c161086e9,0.09828148782253265,0.928741455078125,0.006932885189927443,True,True,False,False,Found in isolated folder,KEEP,False,
Tabla,tabla,dadra22.wav,Tabla\dadra22.wav,.wav,WAV,44100,2,PCM_16,4.222698412698413,186221,744928,f10577f3a7871e6e017d5d9db5202fad8622373e9c9b16d37989c56613cdd6aa,0.09729142487049103,0.8687744140625,0.007182326375650437,True,True,False,False,Found in isolated folder,KEEP,False,
Tabla,tabla,dadra23.wav,Tabla\dadra23.wav,.wav,WAV,44100,2,PCM_16,4.222834467120181,186227,744952,437804547bd26c26e1ee7652f3a6c44d835a411455887d2ce88b33200b7569cf,0.09445460885763168,0.91192626953125,0.008143287493220639,True,True,False,False,Found in isolated folder,KEEP,False,
Tabla,tabla,dadra24.wav,Tabla\dadra24.wav,.wav,WAV,44100,2,PCM_16,4.21578231292517,185916,743708,c5b5f5bc26f4da68dacf8be8aa6894f9f3a4c04093b5ce28ad5f9621adfe7d96,0.09424322098493576,0.999969482421875,0.008552249402956173,True,True,False,False,Found in isolated folder,KEEP,False,
Tabla,tabla,dadra25.wav,Tabla\dadra25.wav,.wav,WAV,44100,2,PCM_16,3.2284580498866213,142375,569544,e02bab8716e7ba61f16a053492f962adaa8e81ebc74db5458f26316c45a1df17,0.08439026772975922,0.771392822265625,0.008874451273046532,True,True,False,False,Found in isolated folder,KEEP,False,
Tabla,tabla,dadra26.wav,Tabla\dadra26.wav,.wav,WAV,44100,2,PCM_16,3.224988662131519,142222,568932,f46167d0ac4942b93a1d3f1ab86e92fa242db00892ce385d5aa3ab98d95f6672,0.08752143383026123,0.67987060546875,0.008813685646383823,True,True,False,False,Found in isolated folder,KEEP,False,
Tabla,tabla,dadra27.wav,Tabla\dadra27.wav,.wav,WAV,44100,2,PCM_16,3.2535374149659866,143481,573968,e22668d7c9bec844afb91815a96f29fefb002a5b701c87e58f60af58db3b67c4,0.08957850188016891,0.7529296875,0.009586635164237774,True,True,False,False,Found in isolated folder,KEEP,False,
Tabla,tabla,dadra28.wav,Tabla\dadra28.wav,.wav,WAV,44100,2,PCM_16,3.1695238095238096,139776,559148,5726535513fe963dbd76884ef14e8186b3bf10dcc1244b4b6848a2ec435de39e,0.08494822680950165,0.785552978515625,0.009329212454212454,True,True,False,False,Found in isolated folder,KEEP,False,
Tabla,tabla,dadra29.wav,Tabla\dadra29.wav,.wav,WAV,44100,2,PCM_16,3.2157596371882087,141815,567304,5a9cffa2c0e1f8d449bff7b05b6e5e3be23a32d62e28aa1535c241a7a2088c15,0.08531226962804794,0.787139892578125,0.009776821915876317,True,True,False,False,Found in isolated folder,KEEP,False,
Tabla,tabla,dadra30.wav,Tabla\dadra30.wav,.wav,WAV,44100,2,PCM_16,3.2224489795918365,142110,568484,b6ba6a74485e98726a90a68ea3447dcae0c65eafae33507aba77e44dd8286516,0.08312125504016876,0.708587646484375,0.011258883963127155,True,True,False,False,Found in isolated folder,KEEP,False,
Tabla,tabla,dadra31.wav,Tabla\dadra31.wav,.wav,WAV,44100,2,PCM_16,3.2224489795918365,142110,568484,f37dda3c1e5120c63e0b1539c34534984546766cbccea19f0f023848e846f513,0.0828738808631897,0.67242431640625,0.0108190838083175,True,True,False,False,Found in isolated folder,KEEP,False,
Tabla,tabla,dadra32.wav,Tabla\dadra32.wav,.wav,WAV,44100,2,PCM_16,3.1966666666666668,140973,563936,8c7de98620efff86be81b1bb492923d598ddba9fd4dd67613769f3a596d2cfd1,0.08145298808813095,0.67938232421875,0.009980634589602265,True,True,False,False,Found in isolated folder,KEEP,False,
Tabla,tabla,dadra33.wav,Tabla\dadra33.wav,.wav,WAV,44100,2,PCM_16,3.2917233560090704,145165,580704,ac2020fbcad85272162f48eda848d34422e75b4f40e2f6ec63aef78565f43a9d,0.09212715178728104,0.74713134765625,0.008745220955464471,True,True,False,False,Found in isolated folder,KEEP,False,
Tabla,tabla,dadra34.wav,Tabla\dadra34.wav,.wav,WAV,44100,2,PCM_16,3.1957142857142857,140931,563768,0a22e67a7f8650c0d761994050a63832bc331d1326bae06b38047941bc0c7012,0.0897572785615921,0.664794921875,0.006847322448574125,True,True,False,False,Found in isolated folder,KEEP,False,
Tabla,tabla,dadra35.wav,Tabla\dadra35.wav,.wav,WAV,44100,2,PCM_16,3.227777777777778,142345,569424,408f83f1f8328b17b8be5944933ae723ce830b3f136c49ce43cb449cf2caf84f,0.09135618060827255,0.741668701171875,0.007415083072816045,True,True,False,False,Found in isolated folder,KEEP,False,
Tabla,tabla,dadra36.wav,Tabla\dadra36.wav,.wav,WAV,44100,2,PCM_16,3.198707482993197,141063,564296,d9365f92d932d6bc6f76d8c345db76255a9a89400b2499855e835e8c45be1c8d,0.09186376631259918,0.816192626953125,0.007688054273622424,True,True,False,False,Found in isolated folder,KEEP,False,
Tabla,tabla,dadra37.wav,Tabla\dadra37.wav,.wav,WAV,44100,2,PCM_16,2.5598866213151927,112891,451608,c203b8f550e89c5ca1b5b840eb924d9df8d7101cec59df57b36fde71466d0496,0.0918659120798111,0.770599365234375,0.009646473146663595,True,True,False,False,Found in isolated folder,KEEP,False,
Tabla,tabla,dadra38.wav,Tabla\dadra38.wav,.wav,WAV,44100,2,PCM_16,2.5616780045351475,112970,451924,2c1d96d01ddf7041082562b0ac6bbe8e645424ab96f0f0477a6b31e89472ee81,0.09099453687667847,0.675048828125,0.007997698504027618,True,True,False,False,Found in isolated folder,KEEP,False,
Tabla,tabla,dadra39.wav,Tabla\dadra39.wav,.wav,WAV,44100,2,PCM_16,2.6274829931972787,115872,463532,3e7682a01dd763c6c233749c47af159adb21e21545d13fbb16518bb6e6b73e15,0.08899645507335663,0.7490234375,0.008651788180060757,True,True,False,False,Found in isolated folder,KEEP,False,
Tabla,tabla,dadra40.wav,Tabla\dadra40.wav,.wav,WAV,44100,2,PCM_16,2.564761904761905,113106,452468,b4c571a74a81befc05c914546f30475c0af3a15bbfff405345bf902eddbca67f,0.09107916802167892,0.771453857421875,0.007727264689760048,True,True,False,False,Found in isolated folder,KEEP,False,
Tabla,tabla,dadra41.wav,Tabla\dadra41.wav,.wav,WAV,44100,2,PCM_16,2.5960997732426305,114488,457996,78c1141a0a07b149985e4b158a51e25476b4ba0ec2808af7b0292ee638e7937a,0.0895269587635994,0.765869140625,0.00884372161274544,True,True,False,False,Found in isolated folder,KEEP,False,
Tabla,tabla,dadra42.wav,Tabla\dadra42.wav,.wav,WAV,44100,2,PCM_16,2.5640589569161,113075,452344,6aab6f5991815dd421b37bae5034f6a61cee123aedfacaf870ffe0a745dc0db3,0.08947012573480606,0.707183837890625,0.00840150342692903,True,True,False,False,Found in isolated folder,KEEP,False,
Tabla,tabla,dadra43.wav,Tabla\dadra43.wav,.wav,WAV,44100,2,PCM_16,2.568027210884354,113250,453044,f3c34a437ab147a8e0faea72244ab7d8c357cb938d92d89af0b2dbba085a2cb1,0.0873170867562294,0.6683349609375,0.008609271523178808,True,True,False,False,Found in isolated folder,KEEP,False,
Tabla,tabla,dadra44.wav,Tabla\dadra44.wav,.wav,WAV,44100,2,PCM_16,2.5677777777777777,113239,453000,cb73520ab5ab7a5cd861d656366864671939299e8e704a51a9b37fd184c185b7,0.08722848445177078,0.676116943359375,0.008738155582440678,True,True,False,False,Found in isolated folder,KEEP,False,
Tabla,tabla,dadra45.wav,Tabla\dadra45.wav,.wav,WAV,44100,2,PCM_16,2.573605442176871,113496,454028,7be78a0057dc75d7288fc1fd9abc43eccba1d0baab35209bb568c22558d1716d,0.09830103814601898,0.740966796875,0.00893864100937478,True,True,False,False,Found in isolated folder,KEEP,False,
Tabla,tabla,dadra46.wav,Tabla\dadra46.wav,.wav,WAV,44100,2,PCM_16,2.573764172335601,113503,454056,0585eb4fcca3330f383b254db0a1dc20f88aa8cb5131ccbeb580dc165ce1fcf0,0.09714207053184509,0.665069580078125,0.007642969789344775,True,True,False,False,Found in isolated folder,KEEP,False,
Tabla,tabla,dadra47.wav,Tabla\dadra47.wav,.wav,WAV,44100,2,PCM_16,2.5629024943310657,113024,452140,1686ab78062c21adc62cf7835145c10a234c03944120b2dee9af8d9c06ab4265,0.09567488729953766,0.743896484375,0.007582460362400906,True,True,False,False,Found in isolated folder,KEEP,False,
Tabla,tabla,dadra48.wav,Tabla\dadra48.wav,.wav,WAV,44100,2,PCM_16,2.572607709750567,113452,453852,e93f73d39c82c60efc4e29753f17a0499b56e686e5e2a65d61db38bbdce9d37e,0.09344211220741272,0.797882080078125,0.008889221873567676,True,True,False,False,Found in isolated folder,KEEP,False,
Tabla,tabla,dadra49.wav,Tabla\dadra49.wav,.wav,WAV,44100,2,PCM_16,1.95984126984127,86429,345760,fe3f40cf3fa51a3d9355108322e23d4de224a1f899a87b3ce39384cbfa351603,0.10321758687496185,0.7681884765625,0.010563583982228187,True,True,False,False,Found in isolated folder,KEEP,False,
Tabla,tabla,dadra50.wav,Tabla\dadra50.wav,.wav,WAV,44100,2,PCM_16,1.990907029478458,87799,351240,f39bf57d7a7f413604f24ff680ede0f5c237a6c061ad73a6483ec32a2502a416,0.10247179865837097,0.68096923828125,0.009282565860659005,True,True,False,False,Found in isolated folder,KEEP,False,
Tabla,tabla,dadra51.wav,Tabla\dadra51.wav,.wav,WAV,44100,2,PCM_16,2.019047619047619,89040,356204,b26f9a84e8cf49994c1c95bb807f7218941b950d84cc321512dab01a955cde76,0.10160822421312332,0.7420654296875,0.01025381850853549,True,True,False,False,Found in isolated folder,KEEP,False,
Tabla,tabla,dadra52.wav,Tabla\dadra52.wav,.wav,WAV,44100,2,PCM_16,1.9908163265306122,87795,351224,2d1e12a2bdaa1ab53b3b0599bf70d10bee059843d69c968f594e6ba287ffa5ff,0.10242737829685211,0.74981689453125,0.00983541203940999,True,True,False,False,Found in isolated folder,KEEP,False,
Tabla,tabla,dadra53.wav,Tabla\dadra53.wav,.wav,WAV,44100,2,PCM_16,1.9599319727891156,86433,345776,be446dc88917605d398e0274991a6de6a038261119bb1df45d75b2d3b46e080c,0.10214349627494812,0.736602783203125,0.009834206842294031,True,True,False,False,Found in isolated folder,KEEP,False,
Tabla,tabla,dadra54.wav,Tabla\dadra54.wav,.wav,WAV,44100,2,PCM_16,1.9929478458049887,87889,351600,1a5ef63dc7954731a3cdf831e8475d8d0c2c1bc2c94c686e6dd1a19e5adb9355,0.09994121640920639,0.712066650390625,0.009585955011434878,True,True,False,False,Found in isolated folder,KEEP,False,
Tabla,tabla,dadra55.wav,Tabla\dadra55.wav,.wav,WAV,44100,2,PCM_16,1.9968253968253968,88060,352284,e27289cbeadd3ea786096ef69e313cf8e9b59b7a7ba0b68a95958e1366f8ef69,0.09713895618915558,0.664459228515625,0.011032250738133091,True,True,False,False,Found in isolated folder,KEEP,False,
Tabla,tabla,dadra56.wav,Tabla\dadra56.wav,.wav,WAV,44100,2,PCM_16,1.9907709750566893,87793,351216,fb734f40bf984d244d643a24ebd4ad1200f63d5626a5f36078637b7ffd8d3243,0.09800621122121811,0.66973876953125,0.009442666271798435,True,True,False,False,Found in isolated folder,KEEP,False,
Tabla,tabla,dadra57.wav,Tabla\dadra57.wav,.wav,WAV,44100,2,PCM_16,1.9906802721088435,87789,351200,2e94c90d70ca676df458d1272c3b2fea0c8cd276c93e8b7f257e2a7ba2e41b3b,0.11238859593868256,0.73614501953125,0.009779129503696363,True,True,False,False,Found in isolated folder,KEEP,False,
Tabla,tabla,dadra58.wav,Tabla\dadra58.wav,.wav,WAV,44100,2,PCM_16,1.9926303854875282,87875,351544,e9db9ad7f166935980aed43e0690698d52012d7f7f905ea1f195c63f4756ab30,0.1111874207854271,0.672454833984375,0.007499288762446657,True,True,False,False,Found in isolated folder,KEEP,False,
Tabla,tabla,dadra59.wav,Tabla\dadra59.wav,.wav,WAV,44100,2,PCM_16,1.9948299319727891,87972,351932,d652928f982b2f67df1807c0768810f80a12d6de4d255bb28a9dc657375ab72b,0.10760101675987244,0.73968505859375,0.009872459418906016,True,True,False,False,Found in isolated folder,KEEP,False,
Tabla,tabla,dadra60.wav,Tabla\dadra60.wav,.wav,WAV,44100,2,PCM_16,1.987936507936508,87668,350716,1e5af33b35f055db26b32f21a8370c4ac5cd414ac679fc28965a1d36f96f842b,0.10446186363697052,0.770843505859375,0.010106310170187526,True,True,False,False,Found in isolated folder,KEEP,False,
Tabla,tabla,dadra61.wav,Tabla\dadra61.wav,.wav,WAV,44100,2,PCM_16,1.6268253968253967,71743,287016,054db62533f9780cfb94390d72d66f87cb7e64e4bed5fe9aa43fa48d4593ae59,0.10741961747407913,0.78485107421875,0.013032630361150217,True,True,False,False,Found in isolated folder,KEEP,False,
Tabla,tabla,dadra62.wav,Tabla\dadra62.wav,.wav,WAV,44100,2,PCM_16,1.6318820861678005,71966,287908,eb2f8ac8c28d39614b6f064c137c707b4f35f814e2c26a02f8aeb005ed30f60b,0.10814172029495239,0.6837158203125,0.011130255954200594,True,True,False,False,Found in isolated folder,KEEP,False,
Tabla,tabla,dadra63.wav,Tabla\dadra63.wav,.wav,WAV,44100,2,PCM_16,1.606734693877551,70857,283472,ca62ddf3a3f4627779702635a2195cbb2179cdb16171d0d65eab59139dc775e9,0.10927683115005493,0.75311279296875,0.01005546382149964,True,True,False,False,Found in isolated folder,KEEP,False,
Tabla,tabla,dadra64.wav,Tabla\dadra64.wav,.wav,WAV,44100,2,PCM_16,1.628843537414966,71832,287372,1fe440cc60184ef0068f8fac83d6e7613cc70878d5dbafd38ff50278c030401e,0.11016011983156204,0.74688720703125,0.011673070497828265,True,True,False,False,Found in isolated folder,KEEP,False,
Tabla,tabla,dadra65.wav,Tabla\dadra65.wav,.wav,WAV,44100,2,PCM_16,1.6277551020408163,71784,287180,9205d1dfa37842e0a975caafd9534696bfa24e73ab70275cb8106f1f1189ae08,0.10715614259243011,0.714141845703125,0.01209183104870166,True,True,False,False,Found in isolated folder,KEEP,False,
Tabla,tabla,dadra66.wav,Tabla\dadra66.wav,.wav,WAV,44100,2,PCM_16,1.6617687074829932,73284,293180,203803ee799f643aedc63c827a59230a3ab55fce795220a95be86e39fc43cd0d,0.10634872317314148,0.72381591796875,0.011387205938540472,True,True,False,False,Found in isolated folder,KEEP,False,
Tabla,tabla,dadra67.wav,Tabla\dadra67.wav,.wav,WAV,44100,2,PCM_16,1.599750566893424,70549,282240,34c3858e94cb7862064f536ea73e212e377d1b20d8a3a3bea8940888fdc61055,0.10424546897411346,0.6583251953125,0.011006534465407022,True,True,False,False,Found in isolated folder,KEEP,False,
Tabla,tabla,dadra68.wav,Tabla\dadra68.wav,.wav,WAV,44100,2,PCM_16,1.6327210884353742,72003,288056,19004367ca5418625854d01eeafd0536453dffba04dbe78b7145c9252f6b8163,0.10356801003217697,0.6995849609375,0.01105509492660028,True,True,False,False,Found in isolated folder,KEEP,False,
Tabla,tabla,dadra69.wav,Tabla\dadra69.wav,.wav,WAV,44100,2,PCM_16,1.660702947845805,73237,292992,bacb304b6b17baf9c5129fcbbb14c5a6fae356106aa89f4dda704343a604a3c6,0.11754301935434341,0.75262451171875,0.01135355080082472,True,True,False,False,Found in isolated folder,KEEP,False,
Tabla,tabla,dadra70.wav,Tabla\dadra70.wav,.wav,WAV,44100,2,PCM_16,1.6017687074829932,70638,282596,f7de21091d357bad037cb137edff928821948893712494d082cb5779d09a48de,0.12162312120199203,0.687774658203125,0.01046179110393839,True,True,False,False,Found in isolated folder,KEEP,False,
Tabla,tabla,dadra71.wav,Tabla\dadra71.wav,.wav,WAV,44100,2,PCM_16,1.6278684807256236,71789,287200,1800cfc0c3057e1d3436351f49709762c394de9806369d5ba69102e84ef5ee33,0.1181037575006485,0.747314453125,0.013059103762414854,True,True,False,False,Found in isolated folder,KEEP,False,
Tabla,tabla,dadra72.wav,Tabla\dadra72.wav,.wav,WAV,44100,2,PCM_16,1.661904761904762,73290,293204,6f670caa6aaf75cf32ff027878948278ffab6daa447a7595399509cf76af0e1d,0.117319256067276,0.7960205078125,0.010881429935871196,True,True,False,False,Found in isolated folder,KEEP,False,
Tabla,tabla,deepchandi01.wav,Tabla\deepchandi01.wav,.wav,WAV,44100,2,PCM_16,10.746734693877551,473931,1895768,76182a319b79e58a86334f849f26d861ee5162e667734cff89b51f640c91b15c,0.06833083182573318,0.793365478515625,0.017494107792062556,True,True,False,False,Found in isolated folder,KEEP,False,
Tabla,tabla,deepchandi02.wav,Tabla\deepchandi02.wav,.wav,WAV,44100,2,PCM_16,10.710249433106576,472322,1889332,7dcc313ebfc2f12edafc00e36fe6ca97d1ea2814962799b3f7f196998f127cd7,0.06838969886302948,0.696624755859375,0.017953853515186673,True,True,False,False,Found in isolated folder,KEEP,False,
Tabla,tabla,deepchandi03.wav,Tabla\deepchandi03.wav,.wav,WAV,44100,2,PCM_16,11.133968253968254,491008,1964076,8d8e42355117223eb8014bd0d83adf02e5980c7688d276aa6287a6802614a74d,0.06655892729759216,0.7548828125,0.019173822015119916,True,True,False,False,Found in isolated folder,KEEP,False,
Tabla,tabla,deepchandi04.wav,Tabla\deepchandi04.wav,.wav,WAV,44100,2,PCM_16,10.75328798185941,474220,1896924,aeab8cb20f1acd0c9fc51a5fa10f322f3c8b425e22bdba3fce03a5731c1e0c6b,0.06856746971607208,0.88751220703125,0.019010164058875626,True,True,False,False,Found in isolated folder,KEEP,False,
Tabla,tabla,deepchandi05.wav,Tabla\deepchandi05.wav,.wav,WAV,44100,2,PCM_16,10.773015873015874,475090,1900404,14b7428b69e4732d8717837b1e894cea1be1b9a681620e6c26b1a2f29a6e0348,0.0675971731543541,0.882293701171875,0.02053821381211981,True,True,False,False,Found in isolated folder,KEEP,False,
Tabla,tabla,deepchandi06.wav,Tabla\deepchandi06.wav,.wav,WAV,44100,2,PCM_16,10.714036281179139,472489,1890000,fc664fc2291e836d511e5d32c79a7f504ff3ef4c610edfa18d4d4f90a6cb4c58,0.06688197702169418,0.719390869140625,0.021345470476561358,True,True,False,False,Found in isolated folder,KEEP,False,
Tabla,tabla,deepchandi07.wav,Tabla\deepchandi07.wav,.wav,WAV,44100,2,PCM_16,11.145578231292516,491520,1966124,40e917c585d4ee49975ad794ebbf730f18868967645241dca4f16b8872a8c4b9,0.06382301449775696,0.660888671875,0.022607421875,True,True,False,False,Found in isolated folder,KEEP,False,
Tabla,tabla,deepchandi08.wav,Tabla\deepchandi08.wav,.wav,WAV,44100,2,PCM_16,10.752698412698413,474194,1896820,aa9f1df211fdaf457fab0e21681444e9e49a4f29dc5e030bf2af11916fa5ed60,0.06514924764633179,0.75030517578125,0.022420148715504625,True,True,False,False,Found in isolated folder,KEEP,False,
Tabla,tabla,deepchandi09.wav,Tabla\deepchandi09.wav,.wav,WAV,44100,2,PCM_16,10.782448979591837,475506,1902068,5ff7de8bfef536be5cf10b2edef28bf6451bfa70b777df23d7626b209438d586,0.0730922594666481,0.756011962890625,0.01725950881797496,True,True,False,False,Found in isolated folder,KEEP,False,
Tabla,tabla,deepchandi10.wav,Tabla\deepchandi10.wav,.wav,WAV,44100,2,PCM_16,10.731564625850341,473262,1893092,b2235d1c82b4cb783341444d878f043161e1025b3b469101ff95302bedf82e01,0.07294511049985886,0.7186279296875,0.01851828374135257,True,True,False,False,Found in isolated folder,KEEP,False,
Tabla,tabla,deepchandi11.wav,Tabla\deepchandi11.wav,.wav,WAV,44100,2,PCM_16,10.75140589569161,474137,1896592,819971e104d82470941ad101265f8180beda5520d1837ca4703cceba455aca29,0.07166647911071777,0.750946044921875,0.02007542123900898,True,True,False,False,Found in isolated folder,KEEP,False,
Tabla,tabla,deepchandi12.wav,Tabla\deepchandi12.wav,.wav,WAV,44100,2,PCM_16,10.783333333333333,475545,1902224,2c671168c486a90fb9c172c980a0ec8e0f24538465ddc1eccde393cf1225e131,0.07012023031711578,0.8955078125,0.021251406281214184,True,True,False,False,Found in isolated folder,KEEP,False,
Tabla,tabla,deepchandi13.wav,Tabla\deepchandi13.wav,.wav,WAV,44100,2,PCM_16,8.884580498866214,391810,1567284,a1a80d0dfeef729597eab9e2238c940648a807f4f8b60801031c719f9d39c8a7,0.06477798521518707,0.795562744140625,0.012351650034455475,True,True,False,False,Found in isolated folder,KEEP,False,
Tabla,tabla,deepchandi14.wav,Tabla\deepchandi14.wav,.wav,WAV,44100,2,PCM_16,8.842698412698413,389963,1559896,f83351907b3cc4faa02eae02e6e553ac5bc541279108103806cb67d2fd607f21,0.06455361098051071,0.692779541015625,0.0129896938940361,True,True,False,False,Found in isolated folder,KEEP,False,
Tabla,tabla,deepchandi15.wav,Tabla\deepchandi15.wav,.wav,WAV,44100,2,PCM_16,8.971609977324263,395648,1582636,94e168e2b972064d60ab5c0cbd195eec9cac642c50ab9e2e08899bcff17f6102,0.06338080018758774,0.759033203125,0.013461460692332578,True,True,False,False,Found in isolated folder,KEEP,False,
Tabla,tabla,deepchandi16.wav,Tabla\deepchandi16.wav,.wav,WAV,44100,2,PCM_16,8.962993197278912,395268,1581116,0958d0ce34bcbd43d3c74da5e7db87f33a6a8367e1a0ead7156aae396f02fe27,0.06447186321020126,0.88372802734375,0.014225791108817309,True,True,False,False,Found in isolated folder,KEEP,False,
Tabla,tabla,deepchandi17.wav,Tabla\deepchandi17.wav,.wav,WAV,44100,2,PCM_16,8.878117913832199,391525,1566144,5e4f1df0421b9796b2c1d9aa25bd442e730f790b14c97944733705495314523e,0.06421900540590286,0.88836669921875,0.014857288806589618,True,True,False,False,Found in isolated folder,KEEP,False,
Tabla,tabla,deepchandi18.wav,Tabla\deepchandi18.wav,.wav,WAV,44100,2,PCM_16,9.030022675736962,398224,1592940,7fc3d619f31f7f48257341f558c3da19e7bf360c6cce7ca964f1fb663dbc08e6,0.06256741285324097,0.729217529296875,0.014742958736791354,True,True,False,False,Found in isolated folder,KEEP,False,
Tabla,tabla,deepchandi19.wav,Tabla\deepchandi19.wav,.wav,WAV,44100,2,PCM_16,8.974149659863945,395760,1583084,2d9cdfacf32a470dc613f663f8a7a862b303079f0eeab255e486876ae836daf7,0.06107021123170853,0.65997314453125,0.01603370729735193,True,True,False,False,Found in isolated folder,KEEP,False,
Tabla,tabla,deepchandi20.wav,Tabla\deepchandi20.wav,.wav,WAV,44100,2,PCM_16,9.157709750566893,403855,1615464,16d25f2ca0a9d4d9f891159d71f1c831f6b11dfe9c484e2e8cfbb918ca8dee2b,0.0607169009745121,0.743896484375,0.016941724133661833,True,True,False,False,Found in isolated folder,KEEP,False,
Tabla,tabla,deepchandi21.wav,Tabla\deepchandi21.wav,.wav,WAV,44100,2,PCM_16,9.427052154195012,415733,1662976,8a45aa145b75c1d5c7d5ede97b8419f4676e186ee8e2664e3efc67b7bdbb0898,0.06783651560544968,0.755126953125,0.011893450844652698,True,True,False,False,Found in isolated folder,KEEP,False,
Tabla,tabla,deepchandi22.wav,Tabla\deepchandi22.wav,.wav,WAV,44100,2,PCM_16,8.801156462585034,388131,1552568,394c23e684374a4156ca50bca2ae67f8d4dc493bc393c44c3cc1cb52aecafdd2,0.06918036937713623,0.7164306640625,0.01294665976178146,True,True,False,False,Found in isolated folder,KEEP,False,
Tabla,tabla,deepchandi23.wav,Tabla\deepchandi23.wav,.wav,WAV,44100,2,PCM_16,9.043809523809523,398832,1595372,a39944c72e94d8cc2dadc2e2556006e33e856f3b1757fa0c61b564fd23af5ad0,0.06772256642580032,0.868743896484375,0.014486049263850444,True,True,False,False,Found in isolated folder,KEEP,False,
Tabla,tabla,deepchandi24.wav,Tabla\deepchandi24.wav,.wav,WAV,44100,2,PCM_16,9.332040816326531,411543,1646216,cfcc615819cb68111892178ce12e7e600ff9920ad56a810533d6191239fe5671,0.0647614374756813,0.89398193359375,0.015082263578775486,True,True,False,False,Found in isolated folder,KEEP,False,
Tabla,tabla,deepchandi25.wav,Tabla\deepchandi25.wav,.wav,WAV,44100,2,PCM_16,7.146780045351474,315173,1260736,c47aab17fdd57af5d34ed58cacb2e9d16ec76ac05a4263d9f364b25c9b60f4c7,0.07178716361522675,0.799530029296875,0.0061521767410279435,True,True,False,False,Found in isolated folder,KEEP,False,
Tabla,tabla,deepchandi26.wav,Tabla\deepchandi26.wav,.wav,WAV,44100,2,PCM_16,7.209863945578231,317955,1271864,707c63bdcd8021453e523615984b1ab4e1f63a9cdd2f72597cf2d176b66a227f,0.07142837345600128,0.701904296875,0.0070308691481498955,True,True,False,False,Found in isolated folder,KEEP,False,
Tabla,tabla,deepchandi27.wav,Tabla\deepchandi27.wav,.wav,WAV,44100,2,PCM_16,7.2227891156462585,318525,1274144,8c87b17630ffaf139eb069c9290b0c2f2b9db0117392b092d32f0e2cf30bf46d,0.07089412212371826,0.756805419921875,0.008730868848599012,True,True,False,False,Found in isolated folder,KEEP,False,
Tabla,tabla,deepchandi28.wav,Tabla\deepchandi28.wav,.wav,WAV,44100,2,PCM_16,7.186575963718821,316928,1267756,4ad02d6ef2a37446cb743cf87cd3eb4bcb281b4b58390e8b7408eafd1b220e46,0.07131385058164597,0.882843017578125,0.009005199919224556,True,True,False,False,Found in isolated folder,KEEP,False,
Tabla,tabla,deepchandi29.wav,Tabla\deepchandi29.wav,.wav,WAV,44100,2,PCM_16,7.186575963718821,316928,1267756,9c9880b904da880591f6a7265eb613c5decebafb7b7223212764d59da3f0890d,0.07053192704916,0.86663818359375,0.010117439923263328,True,True,False,False,Found in isolated folder,KEEP,False,
Tabla,tabla,deepchandi30.wav,Tabla\deepchandi30.wav,.wav,WAV,44100,2,PCM_16,7.174965986394557,316416,1265708,d1f45c40d49af01587b91d4522c4d6cd73a06a8fbcdea4b119f04ecb088e5f02,0.06942998617887497,0.723785400390625,0.010490935983009708,True,True,False,False,Found in isolated folder,KEEP,False,
Tabla,tabla,deepchandi31.wav,Tabla\deepchandi31.wav,.wav,WAV,44100,2,PCM_16,7.065646258503401,311595,1246424,1186a323cf39684477e28f8cff32f29cdd0271180b9017c2dca7d9b2e51b2f25,0.068202443420887,0.6639404296875,0.01151334264028627,True,True,False,False,Found in isolated folder,KEEP,False,
Tabla,tabla,deepchandi32.wav,Tabla\deepchandi32.wav,.wav,WAV,44100,2,PCM_16,7.212199546485261,318058,1272276,f4b9da1582536df4a09039f7eeb3f61e29b6282962451782baeb99f56d50198b,0.0679098516702652,0.738800048828125,0.012812128605474473,True,True,False,False,Found in isolated folder,KEEP,False,
Tabla,tabla,deepchandi33.wav,Tabla\deepchandi33.wav,.wav,WAV,44100,2,PCM_16,7.130136054421769,314439,1257800,e873ac8ee6a99b5650a3eb2fbdb2837f331b18c852afbfa33dfc8c1bba259952,0.07757033407688141,0.74114990234375,0.006878917691507733,True,True,False,False,Found in isolated folder,KEEP,False,
Tabla,tabla,deepchandi34.wav,Tabla\deepchandi34.wav,.wav,WAV,44100,2,PCM_16,7.188820861678004,317027,1268152,1b3ca604fa07b3de4a0b0bd2f89d03fbe8b04d6bce4eafe90e7d26404e791bff,0.07570955902338028,0.699371337890625,0.007843180549290755,True,True,False,False,Found in isolated folder,KEEP,False,
Tabla,tabla,deepchandi35.wav,Tabla\deepchandi35.wav,.wav,WAV,44100,2,PCM_16,7.207936507936508,317870,1271524,fc7da247f7e56d064a52de49da51d1c6bd9ca6a0ab32b1f06370b92f4129e1c6,0.07545812427997589,0.74920654296875,0.008948626797118319,True,True,False,False,Found in isolated folder,KEEP,False,
Tabla,tabla,deepchandi36.wav,Tabla\deepchandi36.wav,.wav,WAV,44100,2,PCM_16,7.148344671201814,315242,1261012,0069c340c6f032ad3bc180757f192f7009985f6c264ffdd9bcc8833ac65327d9,0.07380463182926178,0.8780517578125,0.009982806859492073,True,True,False,False,Found in isolated folder,KEEP,False,
Tabla,tabla,deepchandi37.wav,Tabla\deepchandi37.wav,.wav,WAV,44100,2,PCM_16,4.742222222222222,209132,836572,7d37b351ee275eb5e2567c725240be02e862be08caeedef8c82e6f135aba4dce,0.08795540779829025,0.79852294921875,0.005073350802364057,True,True,False,False,Found in isolated folder,KEEP,False,
Tabla,tabla,deepchandi38.wav,Tabla\deepchandi38.wav,.wav,WAV,44100,2,PCM_16,4.740226757369615,209044,836220,8b70f435acfcf2bbb4778786cf0d4cb993578a04c63774d479acc3bfc34e010a,0.08660665154457092,0.6971435546875,0.005422303438510553,True,True,False,False,Found in isolated folder,KEEP,False,
Tabla,tabla,deepchandi39.wav,Tabla\deepchandi39.wav,.wav,WAV,44100,2,PCM_16,4.714081632653061,207891,831608,ad3bea3440a55d096e7f326568698b5fca675afcb9449c31c8778855e3d8a9d0,0.0854138433933258,0.7623291015625,0.005433135633577211,True,True,False,False,Found in isolated folder,KEEP,False,
Tabla,tabla,deepchandi40.wav,Tabla\deepchandi40.wav,.wav,WAV,44100,2,PCM_16,4.718684807256236,208094,832420,7413219b14ddaaeb0479c5b83c7cc7faba6091e608e969c6a36c20e0cb64c8b7,0.08675610274076462,0.87451171875,0.006071775255413419,True,True,False,False,Found in isolated folder,KEEP,False,
Tabla,tabla,deepchandi41.wav,Tabla\deepchandi41.wav,.wav,WAV,44100,2,PCM_16,4.714625850340136,207915,831704,2cd0d584ed9cda3b12d778c3be34d00077edc959e03034e99fc428f1dbe4f70d,0.08613353967666626,0.8604736328125,0.006466584902484188,True,True,False,False,Found in isolated folder,KEEP,False,
Tabla,tabla,deepchandi42.wav,Tabla\deepchandi42.wav,.wav,WAV,44100,2,PCM_16,4.713650793650793,207872,831532,db4439b40197534e17d9667845f858166975690b427ab3bc299c9e58f930b915,0.08448392897844315,0.728851318359375,0.005452874846059113,True,True,False,False,Found in isolated folder,KEEP,False,
Tabla,tabla,deepchandi43.wav,Tabla\deepchandi43.wav,.wav,WAV,44100,2,PCM_16,4.710498866213152,207733,830976,c9120c9e978977681ed879b397f4f546dfeb3079ad0bde884c2ba07ac8355f9a,0.08243100345134735,0.661102294921875,0.007345968141797403,True,True,False,False,Found in isolated folder,KEEP,False,
Tabla,tabla,deepchandi44.wav,Tabla\deepchandi44.wav,.wav,WAV,44100,2,PCM_16,4.738866213151927,208984,835980,4693a7d9c6e8d40088bf77716c4a3ccfa6e930c167d095cc7f97f5bf9c13ec8d,0.08278853446245193,0.73516845703125,0.006734965356199518,True,True,False,False,Found in isolated folder,KEEP,False,
Tabla,tabla,deepchandi45.wav,Tabla\deepchandi45.wav,.wav,WAV,44100,2,PCM_16,4.768775510204081,210303,841256,d7e743ce5403273427ef36abfc8a0e66a5971ed1dcc0f28e2f67c1c1cb7bb8ef,0.09588878601789474,0.755126953125,0.005751225612568532,True,True,False,False,Found in isolated folder,KEEP,False,
Tabla,tabla,deepchandi46.wav,Tabla\deepchandi46.wav,.wav,WAV,44100,2,PCM_16,4.743469387755102,209187,836792,1e2d7a9fd9b25b811cac2109a55c65f334def7f04d08246cfa215b4ede3e7961,0.09402268379926682,0.727752685546875,0.005585911170388217,True,True,False,False,Found in isolated folder,KEEP,False,
Tabla,tabla,deepchandi47.wav,Tabla\deepchandi47.wav,.wav,WAV,44100,2,PCM_16,4.706961451247166,207577,830352,2342db1c68a22bf15cde29c0da2fe5e2cc03286c6ba7a92a6e0c881fce560f23,0.09254772216081619,0.750274658203125,0.006233831301155715,True,True,False,False,Found in isolated folder,KEEP,False,
Tabla,tabla,deepchandi48.wav,Tabla\deepchandi48.wav,.wav,WAV,44100,2,PCM_16,4.737392290249433,208919,835720,aee329884204825d885344a83dc7340d6b65fc18f8ef65536264e06ad01af13b,0.08943197876214981,0.80535888671875,0.005956854091777196,True,True,False,False,Found in isolated folder,KEEP,False,
Tabla,tabla,deepchandi49.wav,Tabla\deepchandi49.wav,.wav,WAV,44100,2,PCM_16,3.0129251700680273,132870,531524,223b132a6fd8e3feb80aef974a85ca9a741cf5e8f58512e2c12de2ab60cac788,0.09824686497449875,0.780517578125,0.0075825995333784904,True,True,False,False,Found in isolated folder,KEEP,False,
Tabla,tabla,deepchandi50.wav,Tabla\deepchandi50.wav,.wav,WAV,44100,2,PCM_16,2.9508163265306124,130131,520568,7edaee1fae517ad58579025ad1740f3e0bb3718acf3bf31af16a5da1d011808f,0.09899980574846268,0.69342041015625,0.005821057242317357,True,True,False,False,Found in isolated folder,KEEP,False,
Tabla,tabla,deepchandi51.wav,Tabla\deepchandi51.wav,.wav,WAV,44100,2,PCM_16,3.0127891156462585,132864,531500,b11b5622d54dd6e2220b4e3b370a30223492020ca171a6e6353d867e47e6a81c,0.09798745065927505,0.715362548828125,0.0066948157514450865,True,True,False,False,Found in isolated folder,KEEP,False,
Tabla,tabla,deepchandi52.wav,Tabla\deepchandi52.wav,.wav,WAV,44100,2,PCM_16,3.018730158730159,133126,532548,1c257105adc2470ec32094931e4bc830215474e7f4cf2ed4c95d318a7b08aa71,0.10003383457660675,0.68511962890625,0.006955816294337695,True,True,False,False,Found in isolated folder,KEEP,False,
Tabla,tabla,deepchandi53.wav,Tabla\deepchandi53.wav,.wav,WAV,44100,2,PCM_16,2.9889115646258504,131811,527288,0716de22c4e743781b11e1e66e352031ed37263456d3ae61dcea579391d31be1,0.09831510484218597,0.716552734375,0.006300688106455455,True,True,False,False,Found in isolated folder,KEEP,False,
Tabla,tabla,deepchandi54.wav,Tabla\deepchandi54.wav,.wav,WAV,44100,2,PCM_16,3.023514739229025,133337,533392,46d0084f62ea7cfe8c99b1bf35f204a74cce777692ce09a57cca8451d50c06e3,0.09625925123691559,0.68011474609375,0.0087110104472127,True,True,False,False,Found in isolated folder,KEEP,False,
Tabla,tabla,deepchandi55.wav,Tabla\deepchandi55.wav,.wav,WAV,44100,2,PCM_16,3.0174149659863945,133068,532316,9600095b3a1541746f067b70c823fb5e38eee838d52b5078adcba314daaf38b5,0.09360906481742859,0.63568115234375,0.0070941172934138935,True,True,False,False,Found in isolated folder,KEEP,False,
Tabla,tabla,deepchandi56.wav,Tabla\deepchandi56.wav,.wav,WAV,44100,2,PCM_16,3.0186167800453516,133121,532528,33e8dc25b9c510c666017ebdd1597f65e5de6b2eb3b75faeaa766b6030308d01,0.09423482418060303,0.65899658203125,0.006659355022873926,True,True,False,False,Found in isolated folder,KEEP,False,
Tabla,tabla,deepchandi57.wav,Tabla\deepchandi57.wav,.wav,WAV,44100,2,PCM_16,3.1107936507936507,137186,548788,c997e9b0b258b9583d08ea08ac9d34ef65ac18a93f0cdebe4eeec6d11ff6c13b,0.1142803356051445,0.73553466796875,0.006177744084673364,True,True,False,False,Found in isolated folder,KEEP,False,
Tabla,tabla,deepchandi58.wav,Tabla\deepchandi58.wav,.wav,WAV,44100,2,PCM_16,2.989410430839002,131833,527376,80cbef806b253095f023005e5bf604b7bd6ae0a2578fa83d85204f74160ce891,0.10494878143072128,0.686309814453125,0.005905198243231968,True,True,False,False,Found in isolated folder,KEEP,False,
Tabla,tabla,deepchandi59.wav,Tabla\deepchandi59.wav,.wav,WAV,44100,2,PCM_16,3.0214965986394557,133248,533036,961647d42cfca18e05d894fca194f6ca14208f7ce61d9c8c64ad3af6dec5188f,0.11069893091917038,0.738372802734375,0.0062139769452449565,True,True,False,False,Found in isolated folder,KEEP,False,
Tabla,tabla,deepchandi60.wav,Tabla\deepchandi60.wav,.wav,WAV,44100,2,PCM_16,3.021655328798186,133255,533064,ec3e2821d17e38afd0c41a51b50b98b3c2352095aa4344d699dd4cbb9929c134,0.10340548306703568,0.75714111328125,0.007391842707590709,True,True,False,False,Found in isolated folder,KEEP,False,
Tabla,tabla,ektal01.wav,Tabla\ektal01.wav,.wav,WAV,44100,2,PCM_16,9.911383219954649,437092,1748412,4b732f5ea6184b011c699de3148029e1333cac1b35f8c997d10a845963eb10e0,0.07108043134212494,0.8310546875,0.006066228620061681,True,True,False,False,Found in isolated folder,KEEP,False,
Tabla,tabla,ektal02.wav,Tabla\ektal02.wav,.wav,WAV,44100,2,PCM_16,9.911383219954649,437092,1748412,8b5f5b126483812ad5b759e2f249ef6e0adbc57e4aca51435b060ed9841271dd,0.0709860697388649,0.83123779296875,0.00769746414942392,True,True,False,False,Found in isolated folder,KEEP,False,
Tabla,tabla,ektal03.wav,Tabla\ektal03.wav,.wav,WAV,44100,2,PCM_16,9.911383219954649,437092,1748412,33b511c9293c2d3f6e9096a428c0130a160e881d301428cd5d3749c873308631,0.07124052941799164,0.83099365234375,0.008937477693483294,True,True,False,False,Found in isolated folder,KEEP,False,
Tabla,tabla,ektal04.wav,Tabla\ektal04.wav,.wav,WAV,44100,2,PCM_16,9.911383219954649,437092,1748412,96b1d001c0bd38fe89e083dad6dacd87b0d5053cd3d5045497336feda87b787b,0.07092398405075073,0.831207275390625,0.010218672499153496,True,True,False,False,Found in isolated folder,KEEP,False,
Tabla,tabla,ektal05.wav,Tabla\ektal05.wav,.wav,WAV,44100,2,PCM_16,9.970498866213152,439699,1758840,63789a18f972e26a2664df9fdc56fb9c236c38959e3a20f0e0ffbab41b50ede2,0.07100308686494827,0.935302734375,0.009461017650711055,True,True,False,False,Found in isolated folder,KEEP,False,
Tabla,tabla,ektal06.wav,Tabla\ektal06.wav,.wav,WAV,44100,2,PCM_16,9.92875283446712,437858,1751476,a3f4a31cef8bc42d3fa51535a73912cfdad9321e3f2564bea294f78e7cf295be,0.0697547122836113,0.841552734375,0.00968464662059389,True,True,False,False,Found in isolated folder,KEEP,False,
Tabla,tabla,ektal07.wav,Tabla\ektal07.wav,.wav,WAV,44100,2,PCM_16,9.919342403628118,437443,1749816,3ceffb2bfa89283b628d4c635e07e7c2a4683497b7e2691bcaa0c36be196772c,0.06665559113025665,0.63031005859375,0.010992289281117769,True,True,False,False,Found in isolated folder,KEEP,False,
Tabla,tabla,ektal08.wav,Tabla\ektal08.wav,.wav,WAV,44100,2,PCM_16,9.95702947845805,439105,1756464,2604856cf872205e4e5c8179e90e274934a33136fe7046ed2dc0dab94c8ae8c0,0.06606657058000565,0.68768310546875,0.011091880074241924,True,True,False,False,Found in isolated folder,KEEP,False,
Tabla,tabla,ektal09.wav,Tabla\ektal09.wav,.wav,WAV,44100,2,PCM_16,9.992312925170069,440661,1762688,097361c4ae7265efed815953d855adca99bb1616084a652ad6138bdf01fd12b2,0.07739372551441193,0.78753662109375,0.00805040609448079,True,True,False,False,Found in isolated folder,KEEP,False,
Tabla,tabla,ektal10.wav,Tabla\ektal10.wav,.wav,WAV,44100,2,PCM_16,9.934467120181406,438110,1752484,923f060fa69f45e44bac59b72f048bff215b13b01b7559058a4edbdb4c5c38f3,0.07658899575471878,0.771331787109375,0.008023099221656662,True,True,False,False,Found in isolated folder,KEEP,False,
Tabla,tabla,ektal11.wav,Tabla\ektal11.wav,.wav,WAV,44100,2,PCM_16,9.910181405895692,437039,1748200,fbd6fcb2181f8dabfe8f568cc806b8e842ae7de5db87cd7fe94758e4d1e87cad,0.07464509457349777,0.73553466796875,0.00885275684778704,True,True,False,False,Found in isolated folder,KEEP,False,
Tabla,tabla,ektal12.wav,Tabla\ektal12.wav,.wav,WAV,44100,2,PCM_16,9.95281179138322,438919,1755720,839c28a5da0d3ef36f0222c0276544f4a28bc261455f39c9497de60f2db8d4b8,0.07407103478908539,0.77001953125,0.009465299975621925,True,True,False,False,Found in isolated folder,KEEP,False,
Tabla,tabla,ektal13.wav,Tabla\ektal13.wav,.wav,WAV,44100,2,PCM_16,8.30734693877551,366354,1465460,cebbdcd91fcf40bab2c378ea1491d3e5c31e6b869a93218ff178644edf6d9b8b,0.0718679279088974,0.795867919921875,0.008700601057993088,True,True,False,False,Found in isolated folder,KEEP,False,
Tabla,tabla,ektal14.wav,Tabla\ektal14.wav,.wav,WAV,44100,2,PCM_16,8.185034013605442,360960,1443884,0fe425f87685f50b2ddc55435e0b51ab06dc629106c5981600d1f35ca2243427,0.06975582987070084,0.652801513671875,0.00909657579787234,True,True,False,False,Found in isolated folder,KEEP,False,
Tabla,tabla,ektal15.wav,Tabla\ektal15.wav,.wav,WAV,44100,2,PCM_16,8.219092970521542,362462,1449892,ece05061538789132b82d12ede6b108a54fc52f0b26c0ccb9e762417eab61128,0.06993388384580612,0.960296630859375,0.00962859554932655,True,True,False,False,Found in isolated folder,KEEP,False,
Tabla,tabla,ektal16.wav,Tabla\ektal16.wav,.wav,WAV,44100,2,PCM_16,8.188548752834468,361115,1444504,fd8e67c115205f390ec7eebd35ba13269784dad9ef2daf5d62142dda42643191,0.06843191385269165,0.999969482421875,0.010128352463896543,True,True,False,False,Found in isolated folder,KEEP,False,
Tabla,tabla,ektal17.wav,Tabla\ektal17.wav,.wav,WAV,44100,2,PCM_16,8.213514739229025,362216,1448908,35401c66de14c1337b96fbec0ee4332455904994bb09c257a0caf8cb97a21ca4,0.06668275594711304,0.81536865234375,0.009976091613843673,True,True,False,False,Found in isolated folder,KEEP,False,
Tabla,tabla,ektal18.wav,Tabla\ektal18.wav,.wav,WAV,44100,2,PCM_16,8.17342403628118,360448,1441836,9ec68407802de00686034700563658c92cadea568559d26032af82932c001149,0.06586644798517227,0.704376220703125,0.010597922585227272,True,True,False,False,Found in isolated folder,KEEP,False,
Tabla,tabla,ektal19.wav,Tabla\ektal19.wav,.wav,WAV,44100,2,PCM_16,8.243083900226758,363520,1454124,d66e42693382c7c0568ec2bc6bab8b24fc9ae2c5bbfddeeee89316f7c0133a55,0.06414332985877991,0.692962646484375,0.010410706426056338,True,True,False,False,Found in isolated folder,KEEP,False,
Tabla,tabla,ektal20.wav,Tabla\ektal20.wav,.wav,WAV,44100,2,PCM_16,8.205804988662132,361876,1447548,c6da7f9441ac6e08975b4b0f83672b74bffab33a9c85a8575bc352360c1c7ce7,0.0625995323061943,0.645660400390625,0.01041931490344759,True,True,False,False,Found in isolated folder,KEEP,False,
Tabla,tabla,ektal21.wav,Tabla\ektal21.wav,.wav,WAV,44100,2,PCM_16,8.281201814058957,365201,1460848,f6281626148777ad657116480665a52a06c4226f557b425d25f374dd5593a142,0.07492966949939728,0.701812744140625,0.0091798762873048,True,True,False,False,Found in isolated folder,KEEP,False,
Tabla,tabla,ektal22.wav,Tabla\ektal22.wav,.wav,WAV,44100,2,PCM_16,8.233197278911565,363084,1452380,524215680b68f32abfb0df74058791230ddff012f4f30b2217fef51739d5de37,0.07246889173984528,0.6934814453125,0.009287107115708761,True,True,False,False,Found in isolated folder,KEEP,False,
Tabla,tabla,ektal23.wav,Tabla\ektal23.wav,.wav,WAV,44100,2,PCM_16,8.236848072562358,363245,1453024,8250f62f4513f3fd4b13733793a04cbeb4cea8c4f5bad5fc7e875fe837701e1c,0.07150095701217651,0.888702392578125,0.009961596167875677,True,True,False,False,Found in isolated folder,KEEP,False,
Tabla,tabla,ektal24.wav,Tabla\ektal24.wav,.wav,WAV,44100,2,PCM_16,8.208253968253969,361984,1447980,b4a7ee4bcc1a8c3425c7937e48e5b263d98279d6c8dcf480d1768248b18ba902,0.07021509110927582,0.895233154296875,0.010338854756011316,True,True,False,False,Found in isolated folder,KEEP,False,
Tabla,tabla,ektal25.wav,Tabla\ektal25.wav,.wav,WAV,44100,2,PCM_16,6.249863945578231,275619,1102520,bdea7a039ec29fb7ebf8f56a3bed6280753dba1a54f90473e8e8b04f6fe3c22c,0.08021611720323563,0.841583251953125,0.0052899110728941035,True,True,False,False,Found in isolated folder,KEEP,False,
Tabla,tabla,ektal26.wav,Tabla\ektal26.wav,.wav,WAV,44100,2,PCM_16,6.222244897959183,274401,1097648,073cb65009b98c503eedeea601020c1f5bf8c67883148b009749fe4d356c702a,0.07935455441474915,0.7010498046875,0.005318858167426503,True,True,False,False,Found in isolated folder,KEEP,False,
Tabla,tabla,ektal27.wav,Tabla\ektal27.wav,.wav,WAV,44100,2,PCM_16,6.225215419501134,274532,1098172,59f2aa3b5772794c2e7d2e3a5a99c482237eb6ac096c39ac8d137e096e64f407,0.07861021906137466,0.964813232421875,0.006024798566287354,True,True,False,False,Found in isolated folder,KEEP,False,
Tabla,tabla,ektal28.wav,Tabla\ektal28.wav,.wav,WAV,44100,2,PCM_16,6.220408163265306,274320,1097324,b55b8d47a9bb9e5f01281c678d966d9605022efacccff8b4238efb4af0dba297,0.07772772759199142,0.999969482421875,0.007115777194517352,True,True,False,False,Found in isolated folder,KEEP,False,
Tabla,tabla,ektal29.wav,Tabla\ektal29.wav,.wav,WAV,44100,2,PCM_16,6.191065759637188,273026,1092148,74a62d34b79be138546add080b161a64fda8530325e3ae93519c4cc95c55768b,0.07600868493318558,0.81707763671875,0.007495623127467713,True,True,False,False,Found in isolated folder,KEEP,False,
Tabla,tabla,ektal30.wav,Tabla\ektal30.wav,.wav,WAV,44100,2,PCM_16,6.2175736961451245,274195,1096824,13cfbe0350056d866ecc77188233630b08c10062b2e2b0fc9a3f530abfadc57e,0.0741940587759018,0.680023193359375,0.008464778715877386,True,True,False,False,Found in isolated folder,KEEP,False,
Tabla,tabla,ektal31.wav,Tabla\ektal31.wav,.wav,WAV,44100,2,PCM_16,6.22140589569161,274364,1097500,ccbafa5513ac39b895111fbcd20a4df6ebc59ef7df0c30d782782e9c86a8bff9,0.0722762942314148,0.695343017578125,0.009277820705340351,True,True,False,False,Found in isolated folder,KEEP,False,
Tabla,tabla,ektal32.wav,Tabla\ektal32.wav,.wav,WAV,44100,2,PCM_16,6.219795918367347,274293,1097216,aa73c9739aee6a8cd64dbac985f6be2314fb0366c8ebc4be23cc24e30ed4f5e7,0.07199371606111526,0.644134521484375,0.009159912939812536,True,True,False,False,Found in isolated folder,KEEP,False,
Tabla,tabla,ektal33.wav,Tabla\ektal33.wav,.wav,WAV,44100,2,PCM_16,6.191814058956916,273059,1092280,ac433371918389c4a5c9bb3a8c298f9b436c1bacc943dd0149080fa6183654d2,0.08217467367649078,0.691162109375,0.007101029447848267,True,True,False,False,Found in isolated folder,KEEP,False,
Tabla,tabla,ektal34.wav,Tabla\ektal34.wav,.wav,WAV,44100,2,PCM_16,6.222335600907029,274405,1097664,b175650aea21e4c0f98f1e68a46356a3c111cf97171589b7cbfb34ecd23230fc,0.08168422430753708,0.6995849609375,0.007767715602849802,True,True,False,False,Found in isolated folder,KEEP,False,
Tabla,tabla,ektal35.wav,Tabla\ektal35.wav,.wav,WAV,44100,2,PCM_16,6.180226757369614,272548,1090236,34b4552674e9d391fac09fea7ffcab421e20659516341f6b4768283ab48124ba,0.08076417446136475,0.891693115234375,0.0074518983812025775,True,True,False,False,Found in isolated folder,KEEP,False,
Tabla,tabla,ektal36.wav,Tabla\ektal36.wav,.wav,WAV,44100,2,PCM_16,6.192267573696145,273079,1092360,5ece743ba7a64627721066c9097d4e2fca419cad5203ca27070a0903858f047c,0.07923903316259384,0.896881103515625,0.007882334416048103,True,True,False,False,Found in isolated folder,KEEP,False,
Tabla,tabla,ektal37.wav,Tabla\ektal37.wav,.wav,WAV,44100,2,PCM_16,5.043718820861678,222428,889756,0533bb0be44b07d6c24c48d289963a6c09746fcb325430c5bb95b67fb50ebb26,0.0866878554224968,0.824859619140625,0.0051836998938982505,True,True,False,False,Found in isolated folder,KEEP,False,
Tabla,tabla,ektal38.wav,Tabla\ektal38.wav,.wav,WAV,44100,2,PCM_16,4.982834467120181,219743,879016,a36cbe59aeebdabd3c941144569b2003922f9e567c0ce6c70d328e35a9b2d855,0.0862225815653801,0.629241943359375,0.00427544904729616,True,True,False,False,Found in isolated folder,KEEP,False,
Tabla,tabla,ektal39.wav,Tabla\ektal39.wav,.wav,WAV,44100,2,PCM_16,4.990725623582766,220091,880408,d6bd39a49d0186ff919642b2f75bd2df4fd1b8fda9db0a7fdc866a05c50a97dc,0.0863916352391243,0.944366455078125,0.004663979899223503,True,True,False,False,Found in isolated folder,KEEP,False,
Tabla,tabla,ektal40.wav,Tabla\ektal40.wav,.wav,WAV,44100,2,PCM_16,4.95358276643991,218453,873856,90f061e0e03b8beed93f1038399cdd7f4bd16700e82cf0ff122b73dd913ed093,0.08461133390665054,0.996429443359375,0.004543311375902368,True,True,False,False,Found in isolated folder,KEEP,False,
Tabla,tabla,ektal41.wav,Tabla\ektal41.wav,.wav,WAV,44100,2,PCM_16,4.980385487528345,219635,878584,e8071d926a9e089277ed30dbf80954d9f53546513c19e92bb714afda5a6005fd,0.08269145339727402,0.80804443359375,0.004830741912718829,True,True,False,False,Found in isolated folder,KEEP,False,
Tabla,tabla,ektal42.wav,Tabla\ektal42.wav,.wav,WAV,44100,2,PCM_16,4.924648526077098,217177,868752,e971cec8630141d09738eab2478cb69b58321c9471df48a92ea83eee1ac002b5,0.08181538432836533,0.651153564453125,0.004989018174116043,True,True,False,False,Found in isolated folder,KEEP,False,
Tabla,tabla,ektal43.wav,Tabla\ektal43.wav,.wav,WAV,44100,2,PCM_16,4.923786848072562,217139,868600,bcea5400d28c4ec1de217425f81e92c151d0ac2a3f42e73830d5b1c5a5b431c9,0.07949823141098022,0.6878662109375,0.005740562496833825,True,True,False,False,Found in isolated folder,KEEP,False,
Tabla,tabla,ektal44.wav,Tabla\ektal44.wav,.wav,WAV,44100,2,PCM_16,4.921632653061224,217044,868220,8934f035ae6827a5d6ac1913f8357953c9e25eaefa0246d1d0350f17ac95cdc4,0.07890114188194275,0.64251708984375,0.00609553823187925,True,True,False,False,Found in isolated folder,KEEP,False,
Tabla,tabla,ektal45.wav,Tabla\ektal45.wav,.wav,WAV,44100,2,PCM_16,5.0141496598639455,221124,884540,989029420df2ac0d038d9c041d07fad111990a940e616e952135b37ebb3e1b20,0.08751560747623444,0.681243896484375,0.0048117798158499306,True,True,False,False,Found in isolated folder,KEEP,False,
Tabla,tabla,ektal46.wav,Tabla\ektal46.wav,.wav,WAV,44100,2,PCM_16,4.918344671201814,216899,867640,44ea9b4df4bdc95890d0cda8c0a26d37715aba58d4be67f3ab8bec18722e83a9,0.08739199489355087,0.615142822265625,0.004732617485557794,True,True,False,False,Found in isolated folder,KEEP,False,
Tabla,tabla,ektal47.wav,Tabla\ektal47.wav,.wav,WAV,44100,2,PCM_16,4.95671201814059,218591,874408,130fe9b04a38d53c244692870b5ba831f986deb1addfad6aeca57d0c2489a023,0.08632475137710571,0.8724365234375,0.005681844174737295,True,True,False,False,Found in isolated folder,KEEP,False,
Tabla,tabla,ektal48.wav,Tabla\ektal48.wav,.wav,WAV,44100,2,PCM_16,4.9537414965986395,218460,873884,70387ff72d02ae9e648713e40d704d0a6fff6828ee69fe841a38d66376b6deac,0.08521796762943268,0.881011962890625,0.005568525130458665,True,True,False,False,Found in isolated folder,KEEP,False,
Tabla,tabla,ektal49.wav,Tabla\ektal49.wav,.wav,WAV,44100,2,PCM_16,3.077891156462585,135735,542984,2e3178f35eacb9c045bcf776bd8e486c59e6cfdd0f3db891f0a40ca70ce0f2d8,0.10676906257867813,0.81768798828125,0.004832946550263381,True,True,False,False,Found in isolated folder,KEEP,False,
Tabla,tabla,ektal50.wav,Tabla\ektal50.wav,.wav,WAV,44100,2,PCM_16,3.075873015873016,135646,542628,c780551c6270e34b212c600f1b68530e9cb3f47c40de3ba1b3ef9b2e58c4cd94,0.10560175776481628,0.630279541015625,0.004058357784232487,True,True,False,False,Found in isolated folder,KEEP,False,
Tabla,tabla,ektal51.wav,Tabla\ektal51.wav,.wav,WAV,44100,2,PCM_16,3.109909297052154,137147,548632,8fb5b146fba4213b56b35fdb3df9db8b0da989e75fe4c738a761a6cac4f4c00e,0.1059996709227562,0.946685791015625,0.005038389465318235,True,True,False,False,Found in isolated folder,KEEP,False,
Tabla,tabla,ektal52.wav,Tabla\ektal52.wav,.wav,WAV,44100,2,PCM_16,3.0998639455782313,136704,546860,4d2b1dd7c5d32da3e84e370655f78d723821827de60c14ba7b0ce5624a4daf1b,0.10390856862068176,0.997528076171875,0.005874005149812734,True,True,False,False,Found in isolated folder,KEEP,False,
Tabla,tabla,ektal53.wav,Tabla\ektal53.wav,.wav,WAV,44100,2,PCM_16,3.048027210884354,134418,537716,c0ada77419a8b3988276f551c35d36d11112ecae017b6d6fee0b29818f901dcf,0.10158351808786392,0.80352783203125,0.005148120043446562,True,True,False,False,Found in isolated folder,KEEP,False,
Tabla,tabla,ektal54.wav,Tabla\ektal54.wav,.wav,WAV,44100,2,PCM_16,3.077437641723356,135715,542904,d29913695c123b882dcaa9ea59b78f25714ee224c191738774b2d06dd14c1bfa,0.10114733129739761,0.65252685546875,0.005375234867184909,True,True,False,False,Found in isolated folder,KEEP,False,
Tabla,tabla,ektal55.wav,Tabla\ektal55.wav,.wav,WAV,44100,2,PCM_16,3.049886621315193,134500,538044,a388ae893879c269784cbc47c9f491d0df3a2ca8cd7fc5ea57ca8effe17969c1,0.09704022854566574,0.684722900390625,0.005401486988847583,True,True,False,False,Found in isolated folder,KEEP,False,
Tabla,tabla,ektal56.wav,Tabla\ektal56.wav,.wav,WAV,44100,2,PCM_16,3.0189795918367346,133137,532592,bccd5dae1a9633afaaf179a9e653f582134c8e0408c91ec76ab2fcca9670d21a,0.09759844839572906,0.638946533203125,0.0053704079256705495,True,True,False,False,Found in isolated folder,KEEP,False,
Tabla,tabla,ektal57.wav,Tabla\ektal57.wav,.wav,WAV,44100,2,PCM_16,3.0782539682539682,135751,543048,3895cdfdbd0456b628598070345b8beed8bcc14c8b5d9db1e0384fbd47764dcc,0.10782838612794876,0.68560791015625,0.0054732561822749,True,True,False,False,Found in isolated folder,KEEP,False,
Tabla,tabla,ektal58.wav,Tabla\ektal58.wav,.wav,WAV,44100,2,PCM_16,3.111337868480726,137210,548884,34a4405a563011a5a126db0dd35f2296ebca063e7ed84135dd63f0aa0a21dcd4,0.1075444221496582,0.604156494140625,0.005735733547117557,True,True,False,False,Found in isolated folder,KEEP,False,
Tabla,tabla,ektal59.wav,Tabla\ektal59.wav,.wav,WAV,44100,2,PCM_16,3.0800680272108845,135831,543368,07c2e0e018b74cba64ee37aaf2c8c69b55cb4f0043d7cd39202a78cfaef33ef4,0.10761401802301407,0.8741455078125,0.005131376489902894,True,True,False,False,Found in isolated folder,KEEP,False,
Tabla,tabla,ektal60.wav,Tabla\ektal60.wav,.wav,WAV,44100,2,PCM_16,3.1072108843537416,137028,548156,729fd66a420256d2e8d59f6a169f65bd95704bdf44d57bf491dc7495ced1253f,0.10697413235902786,0.883056640625,0.006097293983711358,True,True,False,False,Found in isolated folder,KEEP,False,
Tabla,tabla,eri-ali_PK.wav,Tabla\eri-ali_PK.wav,.wav,WAV,16000,1,PCM_16,211.9129375,3390607,6781258,793cdd5808c2eeb82a78a6e470fe4a7fde599b1bb6178499070464c3b5e17fac,0.07618702203035355,0.98114013671875,0.04705381661749651,True,True,False,False,Found in isolated folder,KEEP_AFTER_RESAMPLING,False,
Tabla,tabla,jhaptal01.wav,Tabla\jhaptal01.wav,.wav,WAV,44100,2,PCM_16,8.284693877551021,365355,1461464,0fb20987f7680db2637b21a118b99b2eeb352700a84c63d40d046e6f43a8f609,0.058222293853759766,0.843292236328125,0.004622901014082194,True,True,False,False,Found in isolated folder,KEEP,False,
Tabla,tabla,jhaptal02.wav,Tabla\jhaptal02.wav,.wav,WAV,44100,2,PCM_16,8.269183673469387,364671,1458728,1315a4fa6d8289985021bf7ba282da3f2087896958309a21584bf79aee3b47dd,0.05838525667786598,0.83697509765625,0.004875627620512736,True,True,False,False,Found in isolated folder,KEEP,False,
Tabla,tabla,jhaptal03.wav,Tabla\jhaptal03.wav,.wav,WAV,44100,2,PCM_16,8.290997732426304,365633,1462576,0a3dc130155ea094f503006b1570efcaa41723d5acaf6895b2c16075e1cfb880,0.05619074031710625,0.75311279296875,0.00541253114461769,True,True,False,False,Found in isolated folder,KEEP,False,
Tabla,tabla,jhaptal04.wav,Tabla\jhaptal04.wav,.wav,WAV,44100,2,PCM_16,8.27485260770975,364921,1459728,82e61d19eaf5b1ad5ed5c49878a457cdfc5960027eac964305a97ec11023c432,0.05590102821588516,0.999969482421875,0.005086032319323908,True,True,False,False,Found in isolated folder,KEEP,False,
Tabla,tabla,jhaptal05.wav,Tabla\jhaptal05.wav,.wav,WAV,44100,2,PCM_16,8.312743764172335,366592,1466412,358a2aa232d80b6049a8f26e9144865e9b634a26968d6738842c3d900db4251d,0.05567276477813721,0.970703125,0.006246726606145251,True,True,False,False,Found in isolated folder,KEEP,False,
Tabla,tabla,jhaptal06.wav,Tabla\jhaptal06.wav,.wav,WAV,44100,2,PCM_16,8.262879818594104,364393,1457616,08b8c39892608d0a7ea48ae676fe85a552e8b6c5a970b856bd6d4e8e0c9e6c50,0.053086671978235245,0.818206787109375,0.006687834288803572,True,True,False,False,Found in isolated folder,KEEP,False,
Tabla,tabla,jhaptal07.wav,Tabla\jhaptal07.wav,.wav,WAV,44100,2,PCM_16,8.312743764172335,366592,1466412,102bd67e469fd2c541c8be0eb09acd3730d49f2369ff9b2dfcbe6eb8dddb2c2e,0.049794863909482956,0.661529541015625,0.007666561190642458,True,True,False,False,Found in isolated folder,KEEP,False,
Tabla,tabla,jhaptal08.wav,Tabla\jhaptal08.wav,.wav,WAV,44100,2,PCM_16,8.301111111111112,366079,1464360,ae525965fce403766211f3251caa2953ce2c4d27d67ed0266ac5d84a12bada3a,0.050193943083286285,0.810821533203125,0.00843260607683041,True,True,False,False,Found in isolated folder,KEEP,False,
Tabla,tabla,jhaptal09.wav,Tabla\jhaptal09.wav,.wav,WAV,44100,2,PCM_16,8.332176870748299,367449,1469840,ff7cebc0a28f83194fc75792a4e9f0e8466512eefdc6381d2321e8230888a0b5,0.06234647333621979,0.776702880859375,0.004595195523732545,True,True,False,False,Found in isolated folder,KEEP,False,
Tabla,tabla,jhaptal10.wav,Tabla\jhaptal10.wav,.wav,WAV,44100,2,PCM_16,8.295215419501133,365819,1463320,2f0f7a1f9147c46ffafdb8375b2f878a74eb3dca1b5632de8631401a841e8223,0.06229948624968529,0.86932373046875,0.00446942340337708,True,True,False,False,Found in isolated folder,KEEP,False,
Tabla,tabla,jhaptal11.wav,Tabla\jhaptal11.wav,.wav,WAV,44100,2,PCM_16,8.27485260770975,364921,1459728,279c7e75a45f75b5c72477cfe600e6ba3abbd6155b79353b5d565347e9b16166,0.06033320724964142,0.728424072265625,0.004710608597477262,True,True,False,False,Found in isolated folder,KEEP,False,
Tabla,tabla,jhaptal12.wav,Tabla\jhaptal12.wav,.wav,WAV,44100,2,PCM_16,8.335963718820862,367616,1470508,f931a264e320ff760f28cd2e0b88a2d599ab802ba934c7ffaad80b918f9d1e41,0.05769626051187515,0.9981689453125,0.005683920177576601,True,True,False,False,Found in isolated folder,KEEP,False,
Tabla,tabla,jhaptal13.wav,Tabla\jhaptal13.wav,.wav,WAV,44100,2,PCM_16,6.789863945578231,299433,1197776,0853bf30b5b2bf962dcf9ad400110b76d8cdc51836ac2ba8c324531dc40c4837,0.06574983149766922,0.783599853515625,0.006245136641585931,True,True,False,False,Found in isolated folder,KEEP,False,
Tabla,tabla,jhaptal14.wav,Tabla\jhaptal14.wav,.wav,WAV,44100,2,PCM_16,6.849886621315193,302080,1208364,a86d30504289163e1cd6626b5073edd4dcbd033cb9fb91d27f564af6596e2000,0.06510474532842636,0.828216552734375,0.005925582627118644,True,True,False,False,Found in isolated folder,KEEP,False,
Tabla,tabla,jhaptal15.wav,Tabla\jhaptal15.wav,.wav,WAV,44100,2,PCM_16,6.85031746031746,302099,1208440,4f424a1140fd9fe204a797514f9b769cafea62d527b8163530eb6bbfd96c60bf,0.06552797555923462,0.94580078125,0.0073105174131658825,True,True,False,False,Found in isolated folder,KEEP,False,
Tabla,tabla,jhaptal16.wav,Tabla\jhaptal16.wav,.wav,WAV,44100,2,PCM_16,6.808412698412698,300251,1201048,d01b57bc06d2cd27b586d4b46b989b713674f25181a5c9b4ccba36cf0648a916,0.06641515344381332,0.999969482421875,0.006098231146607338,True,True,False,False,Found in isolated folder,KEEP,False,
Tabla,tabla,jhaptal17.wav,Tabla\jhaptal17.wav,.wav,WAV,44100,2,PCM_16,6.827460317460318,301091,1204408,bb112ea12d28ca56aca17afd28a3f1f94b58815575d5ef3717121b2c5cdc87ad,0.06448973715305328,0.979278564453125,0.006619261286454925,True,True,False,False,Found in isolated folder,KEEP,False,
Tabla,tabla,jhaptal18.wav,Tabla\jhaptal18.wav,.wav,WAV,44100,2,PCM_16,6.81827664399093,300686,1202788,593f0e5ad188e64ca9ac20f3e0bc022d942937021ea7dc9696fc67b7e69185c9,0.06271625310182571,0.664154052734375,0.006611548259646276,True,True,False,False,Found in isolated folder,KEEP,False,
Tabla,tabla,jhaptal19.wav,Tabla\jhaptal19.wav,.wav,WAV,44100,2,PCM_16,6.8185714285714285,300699,1202840,7d04c8276f07e82155e060f2da170ad137dcf84656b03c1a33094192ff24f1e5,0.060814566910266876,0.664093017578125,0.007431019058926036,True,True,False,False,Found in isolated folder,KEEP,False,
Tabla,tabla,jhaptal20.wav,Tabla\jhaptal20.wav,.wav,WAV,44100,2,PCM_16,6.888072562358277,303764,1215100,c8dd8a208b330022daf5ab4e249822cdb8d1e5dcdff0ef34617f7e81c8868b66,0.06108587235212326,0.81121826171875,0.007915684544580661,True,True,False,False,Found in isolated folder,KEEP,False,
Tabla,tabla,jhaptal21.wav,Tabla\jhaptal21.wav,.wav,WAV,44100,2,PCM_16,6.821337868480725,300821,1203328,7ca76c744b9e83141cc80875681618758e7cc313a3e27f07087abc5e014c0300,0.06923512369394302,0.727081298828125,0.0051126749794728425,True,True,False,False,Found in isolated folder,KEEP,False,
Tabla,tabla,jhaptal22.wav,Tabla\jhaptal22.wav,.wav,WAV,44100,2,PCM_16,6.797936507936508,299789,1199200,598617a0039a3e7e1ca725a12ded88c435d578a0f185ffcb6acecaf644081f55,0.06912294775247574,0.879547119140625,0.005223673984035438,True,True,False,False,Found in isolated folder,KEEP,False,
Tabla,tabla,jhaptal23.wav,Tabla\jhaptal23.wav,.wav,WAV,44100,2,PCM_16,6.857120181405896,302399,1209640,678f3cd75f65d05896ac5714fc6f8d04baa4447f8f1a29acb1fce7bc53eaafd6,0.06889341026544571,0.87860107421875,0.005018204425279184,True,True,False,False,Found in isolated folder,KEEP,False,
Tabla,tabla,jhaptal24.wav,Tabla\jhaptal24.wav,.wav,WAV,44100,2,PCM_16,6.793083900226757,299575,1198344,449559e791dfe94ad1261a343c12a2bba6a2f0e7624d485e0764c2c580e0f250,0.06757762283086777,0.999969482421875,0.0067278644746724525,True,True,False,False,Found in isolated folder,KEEP,False,
Tabla,tabla,jhaptal25.wav,Tabla\jhaptal25.wav,.wav,WAV,44100,2,PCM_16,5.229863945578232,230637,922592,39306ad00226c667e536386643ba00d1392b2bd1a6ec53a03f9757c7a3224963,0.07502245157957077,0.7823486328125,0.005658242172764994,True,True,False,False,Found in isolated folder,KEEP,False,
Tabla,tabla,jhaptal26.wav,Tabla\jhaptal26.wav,.wav,WAV,44100,2,PCM_16,5.213741496598639,229926,919748,2eb443eb8a3e4b3a7f300e753e265a1db8d80b60fbe21773ae86c2e946d8051d,0.0760236382484436,0.80908203125,0.005027704565816828,True,True,False,False,Found in isolated folder,KEEP,False,
Tabla,tabla,jhaptal27.wav,Tabla\jhaptal27.wav,.wav,WAV,44100,2,PCM_16,5.186575963718821,228728,914956,4645be17fdd7aa25b2ccfbf745fa0d55cc6bf47966957fb6b20c5c0c1f7a9838,0.07512947171926498,0.95245361328125,0.005720768773390228,True,True,False,False,Found in isolated folder,KEEP,False,
Tabla,tabla,jhaptal28.wav,Tabla\jhaptal28.wav,.wav,WAV,44100,2,PCM_16,5.194263038548753,229067,916312,dd4d2d36db2e63c1f13c42e2fc0f19994bf99772285de7804235ae871fd534e9,0.07584964483976364,0.999969482421875,0.005472198090515002,True,True,False,False,Found in isolated folder,KEEP,False,
Tabla,tabla,jhaptal29.wav,Tabla\jhaptal29.wav,.wav,WAV,44100,2,PCM_16,5.2118820861678,229844,919420,b2c30bf6ce29ade6a4d6a510c10e15ccfe8ab728be22274e337e5d08a9fc5a7d,0.07537713646888733,0.963775634765625,0.006162875689598162,True,True,False,False,Found in isolated folder,KEEP,False,
Tabla,tabla,jhaptal30.wav,Tabla\jhaptal30.wav,.wav,WAV,44100,2,PCM_16,5.191156462585034,228930,915764,c2b1e2642911531788d7eb6bde8d818a7eb3414e8fcf4cbfb05893fb69d4d11a,0.07104549556970596,0.6650390625,0.006187480889354825,True,True,False,False,Found in isolated folder,KEEP,False,
Tabla,tabla,jhaptal31.wav,Tabla\jhaptal31.wav,.wav,WAV,44100,2,PCM_16,5.2128798185941045,229888,919596,bacd269333955378b4344238158611c826c746b2fadf36b503ce4c247fd64efc,0.06937076151371002,0.691497802734375,0.00794952324610245,True,True,False,False,Found in isolated folder,KEEP,False,
Tabla,tabla,jhaptal32.wav,Tabla\jhaptal32.wav,.wav,WAV,44100,2,PCM_16,5.1165079365079364,225638,902596,5cb88d4a0ece57474a60354013d97f82e093bb852c05b817a114c54a44f28bac,0.0701163038611412,0.7861328125,0.006432870349852418,True,True,False,False,Found in isolated folder,KEEP,False,
Tabla,tabla,jhaptal33.wav,Tabla\jhaptal33.wav,.wav,WAV,44100,2,PCM_16,5.196598639455782,229170,916724,da32031b7a9fb010baaae29fcc922afd820d6ede0f50aa6cb3b48b8452ca18b6,0.07892389595508575,0.72515869140625,0.004869747349129467,True,True,False,False,Found in isolated folder,KEEP,False,
Tabla,tabla,jhaptal34.wav,Tabla\jhaptal34.wav,.wav,WAV,44100,2,PCM_16,5.1873469387755105,228762,915092,446f560af771a47b79c2db534977533a69c369e6439b04d6b54ae954036a6000,0.07798923552036285,0.877777099609375,0.004777891433017722,True,True,False,False,Found in isolated folder,KEEP,False,
Tabla,tabla,jhaptal35.wav,Tabla\jhaptal35.wav,.wav,WAV,44100,2,PCM_16,5.127097505668934,226105,904464,7c1cbc12e41c74dfeae73b4f65fb92c931a604b8feced2871a44c9fe165e7ca8,0.078319251537323,0.8800048828125,0.005077287101125583,True,True,False,False,Found in isolated folder,KEEP,False,
Tabla,tabla,jhaptal36.wav,Tabla\jhaptal36.wav,.wav,WAV,44100,2,PCM_16,5.1912698412698415,228935,915784,ec123bb2f18b8cff73c038da8cdc50409110115f705a9f23751948c9ec0635d5,0.07721643149852753,0.98486328125,0.0036145630855919804,True,True,False,False,Found in isolated folder,KEEP,False,
Tabla,tabla,jhaptal37.wav,Tabla\jhaptal37.wav,.wav,WAV,44100,2,PCM_16,4.182539682539683,184450,737844,543e4189b019e408e6f7310496c536c876574b580829eebedc43c9d5eb03d5bc,0.08352788537740707,0.781402587890625,0.005291406885334779,True,True,False,False,Found in isolated folder,KEEP,False,
Tabla,tabla,jhaptal38.wav,Tabla\jhaptal38.wav,.wav,WAV,44100,2,PCM_16,4.187097505668934,184651,738648,c349e7a58fd4d375e2cdb8e5993f0e7a44c833af4a18036cd988b96bb155a0fb,0.08256068080663681,0.858001708984375,0.00481990349361769,True,True,False,False,Found in isolated folder,KEEP,False,
Tabla,tabla,jhaptal39.wav,Tabla\jhaptal39.wav,.wav,WAV,44100,2,PCM_16,4.253560090702948,187582,750372,ca3646adb52f7d4e76e427fb59838199b46fdbc2885e9b18ecb2af26bd34e93e,0.08300638943910599,0.94769287109375,0.006167969208132977,True,True,False,False,Found in isolated folder,KEEP,False,
Tabla,tabla,jhaptal40.wav,Tabla\jhaptal40.wav,.wav,WAV,44100,2,PCM_16,4.18984126984127,184772,739132,3f92d435afad8ebe61a6d3782a8a0925571c6b092c9adb97604cbaabc9859693,0.0830182358622551,0.999969482421875,0.0056610308921265125,True,True,False,False,Found in isolated folder,KEEP,False,
Tabla,tabla,jhaptal41.wav,Tabla\jhaptal41.wav,.wav,WAV,44100,2,PCM_16,4.206848072562359,185522,742132,a79d44d4e6c37ad9b6da273abdb088569e2770e2de797c67c1a5a175fc40875e,0.08043280988931656,0.88592529296875,0.005821412015825617,True,True,False,False,Found in isolated folder,KEEP,False,
Tabla,tabla,jhaptal42.wav,Tabla\jhaptal42.wav,.wav,WAV,44100,2,PCM_16,4.215827664399093,185918,743716,034d0431512cfbd2633c1329034d48418b1481b157bf7b0a36a65bf8a0d07cba,0.07948148995637894,0.658477783203125,0.005653029830355318,True,True,False,False,Found in isolated folder,KEEP,False,
Tabla,tabla,jhaptal43.wav,Tabla\jhaptal43.wav,.wav,WAV,44100,2,PCM_16,4.185736961451247,184591,738408,c0e6786cbd9a4af5643f95521fbf69ea99b251fc498f3629d05bec9bfb4b4a98,0.07527877390384674,0.690582275390625,0.006086428915819298,True,True,False,False,Found in isolated folder,KEEP,False,
Tabla,tabla,jhaptal44.wav,Tabla\jhaptal44.wav,.wav,WAV,44100,2,PCM_16,4.196916099773243,185084,740380,86de16eb1471feca9ad8ca727330481f53b1fb2ff3c76cfede9004b93a8f02b3,0.0754908099770546,0.716400146484375,0.00558395107086512,True,True,False,False,Found in isolated folder,KEEP,False,
Tabla,tabla,jhaptal45.wav,Tabla\jhaptal45.wav,.wav,WAV,44100,2,PCM_16,4.257687074829932,187764,751100,3145ec9a03a49b45070d03b6e4a0b231e2cc7f8b0b7317978be898527c9218c9,0.08851893991231918,0.689453125,0.005251272874459428,True,True,False,False,Found in isolated folder,KEEP,False,
Tabla,tabla,jhaptal46.wav,Tabla\jhaptal46.wav,.wav,WAV,44100,2,PCM_16,4.219614512471655,186085,744384,5f01ec30db91bcfc06067d6184a153e2e305e94c60626f383519fa6fd04471a9,0.08532795310020447,0.83282470703125,0.005975763763871349,True,True,False,False,Found in isolated folder,KEEP,False,
Tabla,tabla,jhaptal47.wav,Tabla\jhaptal47.wav,.wav,WAV,44100,2,PCM_16,4.1092743764172335,181219,724920,a125e58842a7d63cc7dbdfc82ccdeb6fd02a61a9a2a370d4f11be683a0b0a916,0.08576197177171707,0.876434326171875,0.004919462087308726,True,True,False,False,Found in isolated folder,KEEP,False,
Tabla,tabla,jhaptal48.wav,Tabla\jhaptal48.wav,.wav,WAV,44100,2,PCM_16,4.167142857142857,183771,735128,9226a6cc3509ba96876bca0d6a00baf747770481935c3160b757544da79feece,0.08429554849863052,0.99932861328125,0.005264704441941329,True,True,False,False,Found in isolated folder,KEEP,False,
Tabla,tabla,jhaptal49.wav,Tabla\jhaptal49.wav,.wav,WAV,44100,2,PCM_16,2.653718820861678,117029,468160,0e0b3094844fc9f8a70ccf0ec93ee43d8051219d51aac70a95e1beca44700681,0.1046510636806488,0.781036376953125,0.008036469593006862,True,True,False,False,Found in isolated folder,KEEP,False,
Tabla,tabla,jhaptal50.wav,Tabla\jhaptal50.wav,.wav,WAV,44100,2,PCM_16,2.6209750566893426,115585,462384,c8c1148fc681d7116febfff46427af74d1d6d861501f4d0cc6d87a998ba50e50,0.10739867389202118,0.71697998046875,0.006185923779037072,True,True,False,False,Found in isolated folder,KEEP,False,
Tabla,tabla,jhaptal51.wav,Tabla\jhaptal51.wav,.wav,WAV,44100,2,PCM_16,2.648684807256236,116807,467272,d2575ab7f947318c691f8abc9ec30696a8dcff21e31ff2929ae861cf241a6cb8,0.10634501278400421,0.957183837890625,0.007131421918206956,True,True,False,False,Found in isolated folder,KEEP,False,
Tabla,tabla,jhaptal52.wav,Tabla\jhaptal52.wav,.wav,WAV,44100,2,PCM_16,2.5982086167800453,114581,458368,bdea4078196f0f1e4456b09651eaf5908411783f1cd0f14719c4cf166f39b410,0.1044965609908104,0.999969482421875,0.006536860386975153,True,True,False,False,Found in isolated folder,KEEP,False,
Tabla,tabla,jhaptal53.wav,Tabla\jhaptal53.wav,.wav,WAV,44100,2,PCM_16,2.6259183673469386,115803,463256,659dd7bc7a17467c3975273701cf8266214658cd47844e845cc206f5220f279b,0.10114933550357819,0.8348388671875,0.007974750222360388,True,True,False,False,Found in isolated folder,KEEP,False,
Tabla,tabla,jhaptal54.wav,Tabla\jhaptal54.wav,.wav,WAV,44100,2,PCM_16,2.595827664399093,114476,457948,9560de36e02a4029dc4a085a5059469c95c74f2082d12abed16b564da35a0d8d,0.09836679697036743,0.66888427734375,0.006049302910653761,True,True,False,False,Found in isolated folder,KEEP,False,
Tabla,tabla,jhaptal55.wav,Tabla\jhaptal55.wav,.wav,WAV,44100,2,PCM_16,2.6279591836734695,115893,463616,2e3d05759786a3545ac8ba340d0253847580b91096c73a91d7aae2ea8e624947,0.0957053005695343,0.694244384765625,0.007644982872132053,True,True,False,False,Found in isolated folder,KEEP,False,
Tabla,tabla,jhaptal56.wav,Tabla\jhaptal56.wav,.wav,WAV,44100,2,PCM_16,2.6200226757369616,115543,462216,a3739b7e387018ed2e970bf86bfb27de9abd8e366b49a0ee7167c17b3844dcd2,0.09472938627004623,0.739959716796875,0.006841608751720139,True,True,False,False,Found in isolated folder,KEEP,False,
Tabla,tabla,jhaptal57.wav,Tabla\jhaptal57.wav,.wav,WAV,44100,2,PCM_16,2.686984126984127,118496,474028,8c8f108b20614546e38b8ece677a8c4f5428a863b0ec94d3bd2fa5d67e4e5f71,0.10960917919874191,0.68060302734375,0.008949669187145558,True,True,False,False,Found in isolated folder,KEEP,False,
Tabla,tabla,jhaptal58.wav,Tabla\jhaptal58.wav,.wav,WAV,44100,2,PCM_16,2.6800226757369616,118189,472800,8e7e371fcb89662027bf01d53516b02ca0a5427877663dae48ad2a087ddf1967,0.10953906923532486,0.8502197265625,0.007551464180253662,True,True,False,False,Found in isolated folder,KEEP,False,
Tabla,tabla,jhaptal59.wav,Tabla\jhaptal59.wav,.wav,WAV,44100,2,PCM_16,2.650861678004535,116903,467656,4665cd6c6b73deb74b24801398f47730f0d451dfecce96ed6d130374e44e3d5a,0.10705778747797012,0.87982177734375,0.007215383694173802,True,True,False,False,Found in isolated folder,KEEP,False,
Tabla,tabla,jhaptal60.wav,Tabla\jhaptal60.wav,.wav,WAV,44100,2,PCM_16,2.6599092970521543,117302,469252,d44cb36fa19ddd875a0ae5a5d30e27b7bb5e4780cc00339eaa8428b918bcb765,0.11064550280570984,0.92236328125,0.00652162793473257,True,True,False,False,Found in isolated folder,KEEP,False,
Tabla,tabla,kachu-na_DM.wav,Tabla\kachu-na_DM.wav,.wav,WAV,16000,1,PCM_16,127.96625,2047460,4094964,4b0bc73e005e4b09976c3b2140f6201980f07f3930519b4d40df95d1d8f9a9ee,0.03731652349233627,0.848388671875,0.04486094966446231,True,True,False,False,Found in isolated folder,KEEP_AFTER_RESAMPLING,False,
Tabla,tabla,KB_1.wav,Tabla\KB_1.wav,.wav,WAV,16000,1,PCM_16,38.1533125,610453,1220950,8d7878f27c4c3aec0066579bd74f24041b40273d469fc4b434e541de4b152509,0.10717881470918655,1.0,0.003825028298656899,True,True,False,False,Found in isolated folder,KEEP_AFTER_RESAMPLING,False,
Tabla,tabla,KB_10.wav,Tabla\KB_10.wav,.wav,WAV,16000,1,PCM_16,127.9343125,2046949,4093942,c67d1808ec9630ea67ee864251311029acacdf9ce97b29251b7a2e34320a6523,0.12677769362926483,0.999969482421875,0.005096853903052787,True,True,False,False,Found in isolated folder,KEEP_AFTER_RESAMPLING,False,
Tabla,tabla,KB_11.wav,Tabla\KB_11.wav,.wav,WAV,16000,1,PCM_16,7.7536875,124059,248162,d192796dc14cb191a5eaf7faabef74dd9024207e6d6b80abc1e8ed037000a4a7,0.17132535576820374,0.999969482421875,0.001039827823858003,True,True,False,False,Found in isolated folder,KEEP_AFTER_RESAMPLING,False,
Tabla,tabla,KB_12.wav,Tabla\KB_12.wav,.wav,WAV,16000,1,PCM_16,9.61625,153860,307764,9a12cadebea5fec6d592ad98308f4ca14db2a16a2ef071f66851c939cc172775,0.165177121758461,0.999969482421875,0.0009684128428441441,True,True,False,False,Found in isolated folder,KEEP_AFTER_RESAMPLING,False,
Tabla,tabla,KB_13.wav,Tabla\KB_13.wav,.wav,WAV,16000,1,PCM_16,9.611375,153782,307608,19c0294f5628017b780ecc97358ebda89465317a2a77fa4f3ffca6833ec83508,0.15538816154003143,0.999969482421875,0.0015866616379030057,True,True,False,False,Found in isolated folder,KEEP_AFTER_RESAMPLING,False,
Tabla,tabla,KB_14.wav,Tabla\KB_14.wav,.wav,WAV,16000,1,PCM_16,9.6,153600,307244,cf60f4eba67323aa19411494adcd9a36c4923006d790ddf70a2162907cc0230e,0.13236546516418457,0.999969482421875,0.00134765625,True,True,False,False,Found in isolated folder,KEEP_AFTER_RESAMPLING,False,
Tabla,tabla,KB_15.wav,Tabla\KB_15.wav,.wav,WAV,16000,1,PCM_16,9.5675625,153081,306206,97bcbce32158822831d03805b9ced96a6d257096c3df87d1f564819233995d48,0.18790721893310547,0.999969482421875,0.0008688210816495842,True,True,False,False,Found in isolated folder,KEEP_AFTER_RESAMPLING,False,
Tabla,tabla,KB_16.wav,Tabla\KB_16.wav,.wav,WAV,16000,1,PCM_16,4.8195,77112,154268,b02517486bb4b348b20cca7080453215c29eef340a15c92a1a6b4aed82ca9c77,0.1417997181415558,0.999969482421875,0.001413528374312688,True,True,False,False,Found in isolated folder,KEEP_AFTER_RESAMPLING,False,
Tabla,tabla,KB_17.wav,Tabla\KB_17.wav,.wav,WAV,16000,1,PCM_16,4.795125,76722,153488,432c1758c8d3aa7d6f310e996b2a08a8773d25edfe2cf1e71cad52e5fafd5087,0.1518767923116684,0.999969482421875,0.002789291207215662,True,True,False,False,Found in isolated folder,KEEP_AFTER_RESAMPLING,False,
Tabla,tabla,KB_18.wav,Tabla\KB_18.wav,.wav,WAV,16000,1,PCM_16,9.5448125,152717,305478,9e4233191bcc737cbe4c93a4c88b4e19d7d4aa629e025478bf7b6c71ee97e4a9,0.13009700179100037,0.999969482421875,0.001525697859439355,True,True,False,False,Found in isolated folder,KEEP_AFTER_RESAMPLING,False,
Tabla,tabla,KB_19.wav,Tabla\KB_19.wav,.wav,WAV,16000,1,PCM_16,33.619625,537914,1075872,fb5f8486ccd617d263904e25b1539ee82019b8cef394648e51a73017d86e461a,0.15809693932533264,0.999969482421875,0.0027383559453741674,True,True,False,False,Found in isolated folder,KEEP_AFTER_RESAMPLING,False,
Tabla,tabla,KB_2.wav,Tabla\KB_2.wav,.wav,WAV,16000,1,PCM_16,86.4684375,1383495,2767034,4eeef675af7aa19a97343b7eb629d413858fef7cd86a55a31c1421406c6aa57c,0.13618801534175873,0.999969482421875,0.0017593124658925403,True,True,False,False,Found in isolated folder,KEEP_AFTER_RESAMPLING,False,
Tabla,tabla,KB_20.wav,Tabla\KB_20.wav,.wav,WAV,16000,1,PCM_16,9.613,153808,307660,b9d0c37c3c82ab06d1bf73e57e1d859c86bb370c8b163e708a5afc6e7954efbc,0.14266930520534515,0.999969482421875,0.0014368563403724124,True,True,False,False,Found in isolated folder,KEEP_AFTER_RESAMPLING,False,
Tabla,tabla,KB_21.wav,Tabla\KB_21.wav,.wav,WAV,16000,1,PCM_16,20.167875,322686,645416,77979be5cee28626da242355da413a85d6c2195fe1584c840c287b35df4d4cb8,0.17975938320159912,0.999969482421875,0.0014441283476816472,True,True,False,False,Found in isolated folder,KEEP_AFTER_RESAMPLING,False,
Tabla,tabla,KB_22.wav,Tabla\KB_22.wav,.wav,WAV,16000,1,PCM_16,3.8581875,61731,123506,9f1a285906e987dd0cd2d61fcf5e1b3eec40cb05199d947df3ac1ec63338a2ef,0.16185244917869568,0.999969482421875,0.0010205569324974486,True,True,False,False,Found in isolated folder,KEEP_AFTER_RESAMPLING,False,
Tabla,tabla,KB_23.wav,Tabla\KB_23.wav,.wav,WAV,16000,1,PCM_16,43.875625,702010,1404064,1442212c82984c4ef6fc71f40d821c424f1277bf73fd1384e962ebc423b003ae,0.08226598799228668,0.762786865234375,0.008189342032164783,True,True,False,False,Found in isolated folder,KEEP_AFTER_RESAMPLING,False,
Tabla,tabla,KB_24.wav,Tabla\KB_24.wav,.wav,WAV,16000,1,PCM_16,46.9974375,751959,1503962,1c5a5235ec86d10d1ca5fe341e7098b99683485dfba8f9ba0fe9f0695ce29460,0.09394703805446625,0.78680419921875,0.00838875523798505,True,True,False,False,Found in isolated folder,KEEP_AFTER_RESAMPLING,False,
Tabla,tabla,KB_25.wav,Tabla\KB_25.wav,.wav,WAV,16000,1,PCM_16,47.2245,755592,1511228,884dd0daa5b51822ddc2e2b901495171f536d1719c09881643372f5be6247989,0.0885462537407875,0.77789306640625,0.007007750214401423,True,True,False,False,Found in isolated folder,KEEP_AFTER_RESAMPLING,False,
Tabla,tabla,KB_26.wav,Tabla\KB_26.wav,.wav,WAV,16000,1,PCM_16,31.47,503520,1007084,3f4179f33281f7d75bb981c86562cbfedb6874b27d6bcff35ff802b2a2ec3805,0.11159763485193253,0.716400146484375,0.007872577057515094,True,True,False,False,Found in isolated folder,KEEP_AFTER_RESAMPLING,False,
Tabla,tabla,KB_3.wav,Tabla\KB_3.wav,.wav,WAV,16000,1,PCM_16,21.652,346432,692908,8860b42e39e96d212e314876ddf0f02bead979a4d43c7bdeff9808527f6ea83b,0.09647928923368454,0.999969482421875,0.004399131719933494,True,True,False,False,Found in isolated folder,KEEP_AFTER_RESAMPLING,False,
Tabla,tabla,KB_4.wav,Tabla\KB_4.wav,.wav,WAV,16000,1,PCM_16,12.6788125,202861,405766,4b91a443fd70884760b8a6590ac8106d77980719634a7ef5547cb977e53dde42,0.10539022088050842,0.999969482421875,0.003534439838115754,True,True,False,False,Found in isolated folder,KEEP_AFTER_RESAMPLING,False,
Tabla,tabla,KB_5.wav,Tabla\KB_5.wav,.wav,WAV,16000,1,PCM_16,76.81975,1229116,2458276,26d95bb975531f5f3359b7d280f7d3a8b42c9568992166472ef3e5f59c8a3ae4,0.11703135073184967,0.999969482421875,0.005835901574790337,True,True,False,False,Found in isolated folder,KEEP_AFTER_RESAMPLING,False,
Tabla,tabla,KB_6.wav,Tabla\KB_6.wav,.wav,WAV,16000,1,PCM_16,14.637125,234194,468432,c5799d8e7fd1d930f4e84154884f25e35e318fd60d1a5cc3222d99df01ef46f6,0.1112949326634407,0.999969482421875,0.0031768533779686927,True,True,False,False,Found in isolated folder,KEEP_AFTER_RESAMPLING,False,
Tabla,tabla,KB_7.wav,Tabla\KB_7.wav,.wav,WAV,16000,1,PCM_16,11.9383125,191013,382070,3d4c08f6c3d53019421152a97a2258e8f23570b093b1f9957080064589713e92,0.13454890251159668,0.999969482421875,0.0019003942140063766,True,True,False,False,Found in isolated folder,KEEP_AFTER_RESAMPLING,False,
Tabla,tabla,KB_8.wav,Tabla\KB_8.wav,.wav,WAV,16000,1,PCM_16,73.71175,1179388,2358820,91ba60301fcc9905434178c7a98dedb5db5c7983920fb58952f9f6c6145102e1,0.14031878113746643,0.999969482421875,0.0025224947175992974,True,True,False,False,Found in isolated folder,KEEP_AFTER_RESAMPLING,False,
Tabla,tabla,KB_9.wav,Tabla\KB_9.wav,.wav,WAV,16000,1,PCM_16,6.401125,102418,204880,0b009c26e90380ebf4556effade8cf748869ee046237947e79a32aabb4f6c391,0.16939429938793182,0.999969482421875,0.0016403366595715597,True,True,False,False,Found in isolated folder,KEEP_AFTER_RESAMPLING,False,
Tabla,tabla,koyaliya_SRC.wav,Tabla\koyaliya_SRC.wav,.wav,WAV,16000,1,PCM_16,106.0094375,1696151,3392346,011a326c6836264de1c13b62d8ebe8dd51f8ca361042d6f96cc6115d261e06a3,0.03547639399766922,0.82257080078125,0.024372240443215256,True,True,False,False,Found in isolated folder,KEEP_AFTER_RESAMPLING,False,
Tabla,tabla,man-legayo_DM.wav,Tabla\man-legayo_DM.wav,.wav,WAV,16000,1,PCM_16,136.5185625,2184297,4368638,8b0c3f086c133609d0627c963b2422a534efad1ef81fcaaf24993f9c05050570,0.034282732754945755,0.923797607421875,0.11359123782159661,True,True,False,False,Found in isolated folder,KEEP_AFTER_RESAMPLING,False,
Tabla,tabla,payaliya_DM.wav,Tabla\payaliya_DM.wav,.wav,WAV,16000,1,PCM_16,131.6365,2106184,4212412,2c30e377e9d7259bca99c2f14a166264b05428e001d55b79c71e2bea8b55f71e,0.04033985361456871,0.975921630859375,0.07463972758315512,True,True,False,False,Found in isolated folder,KEEP_AFTER_RESAMPLING,False,
Tabla,tabla,PP_comp11_t.wav,Tabla\PP_comp11_t.wav,.wav,WAV,16000,1,PCM_16,13.4336875,214939,429922,87922bf8de172dc7056cc0c1dd2d0fbe9d344bd850c3cbe9091c78f48c8f703c,0.05690151825547218,0.766326904296875,0.0035731067884376497,True,True,False,False,Found in isolated folder,KEEP_AFTER_RESAMPLING,False,
Tabla,tabla,PP_comp12_t.wav,Tabla\PP_comp12_t.wav,.wav,WAV,16000,1,PCM_16,18.8420625,301473,602990,ba41ed5720bad4cd947023ff5baa479b575bf5c6e45ec4a1eeea1216231464e6,0.05058843269944191,0.548065185546875,0.014930026901248205,True,True,False,False,Found in isolated folder,KEEP_AFTER_RESAMPLING,False,
Tabla,tabla,PP_comp16new_t.wav,Tabla\PP_comp16new_t.wav,.wav,WAV,16000,1,PCM_16,31.8616875,509787,1019618,909d77f028156bf35c115a0679b2db57823ee70d0195693498792e8e732cb06e,0.07686617225408554,0.999969482421875,0.004835352804210386,True,True,False,False,Found in isolated folder,KEEP_AFTER_RESAMPLING,False,
Tabla,tabla,PP_comp17_t.wav,Tabla\PP_comp17_t.wav,.wav,WAV,16000,1,PCM_16,16.1533125,258453,516950,743a01e27a25affffb5c32ec999a5ae9f0e3edf4ebca4e8a444fc911c4ac7c3d,0.0639590471982956,0.999969482421875,0.008016931511725537,True,True,False,False,Found in isolated folder,KEEP_AFTER_RESAMPLING,False,
Tabla,tabla,PP_comp19_t.wav,Tabla\PP_comp19_t.wav,.wav,WAV,16000,1,PCM_16,28.123625,449978,900000,d9f0835096deec17fb5aae6ee7c1d8f1d7915c3d700c694addbe2f4d4a27a1bf,0.07458982616662979,0.999969482421875,0.00874042730977959,True,True,False,False,Found in isolated folder,KEEP_AFTER_RESAMPLING,False,
Tabla,tabla,PP_comp23_t.wav,Tabla\PP_comp23_t.wav,.wav,WAV,16000,1,PCM_16,14.901875,238430,476904,db752070434e0f784c4306c8ab7086704b68b77a6e1ec32f2d8f19b29d34b8c6,0.0716070905327797,0.776031494140625,0.004676424946525186,True,True,False,False,Found in isolated folder,KEEP_AFTER_RESAMPLING,False,
Tabla,tabla,PP_comp25_t.wav,Tabla\PP_comp25_t.wav,.wav,WAV,16000,1,PCM_16,27.4063125,438501,877046,a244298de39dfa30a1a1112dd34fc83c8dab463215afd49131ec266b5b836578,0.0737132802605629,0.999969482421875,0.004294174927765273,True,True,False,False,Found in isolated folder,KEEP_AFTER_RESAMPLING,False,
Tabla,tabla,PP_comp26_t.wav,Tabla\PP_comp26_t.wav,.wav,WAV,16000,1,PCM_16,17.584375,281350,562744,41ccc84ec494b2bd8348bf832e2ba475714935d4ac9c81d35d259248ce03ee77,0.07267294824123383,0.999969482421875,0.003572063266394171,True,True,False,False,Found in isolated folder,KEEP_AFTER_RESAMPLING,False,
Tabla,tabla,PP_comp27_t.wav,Tabla\PP_comp27_t.wav,.wav,WAV,16000,1,PCM_16,24.4939375,391903,783850,7da33833cb98cf69dac551be394d7040b41d0da3b9655e111a4cdb5eaf5dd358,0.06041889637708664,0.999969482421875,0.006634294710680959,True,True,False,False,Found in isolated folder,KEEP_AFTER_RESAMPLING,False,
Tabla,tabla,PP_comp28_t.wav,Tabla\PP_comp28_t.wav,.wav,WAV,16000,1,PCM_16,14.1856875,226971,453986,fadc509fd0b171ac29f198a4ecb28f5c2c07d35b2c15097929fcf08da3de4616,0.05242638289928436,0.953460693359375,0.004229615237188892,True,True,False,False,Found in isolated folder,KEEP_AFTER_RESAMPLING,False,
Tabla,tabla,PP_comp31_t.wav,Tabla\PP_comp31_t.wav,.wav,WAV,16000,1,PCM_16,25.0459375,400735,801514,d1b986308089706edb4610a279d41fcaf634148282562e2ce7b733132baf5e69,0.06189471855759621,0.999969482421875,0.007820629593122637,True,True,False,False,Found in isolated folder,KEEP_AFTER_RESAMPLING,False,
Tabla,tabla,PP_comp3_t.wav,Tabla\PP_comp3_t.wav,.wav,WAV,16000,1,PCM_16,16.1363125,258181,516406,2a51373468e21534ace150127fd68caa958d31a10c75472e1c76dc03f1108b60,0.061017122119665146,0.492523193359375,0.0029669108106328505,True,True,False,False,Found in isolated folder,KEEP_AFTER_RESAMPLING,False,
Tabla,tabla,PP_comp4_t.wav,Tabla\PP_comp4_t.wav,.wav,WAV,16000,1,PCM_16,18.022,288352,576748,6ba9a1eb08d4923fdbb023142a9b8cd69403848c462100b3ae6a7ef572e854c1,0.055243119597435,0.651092529296875,0.0035685550993230495,True,True,False,False,Found in isolated folder,KEEP_AFTER_RESAMPLING,False,
Tabla,tabla,PP_comp5_t.wav,Tabla\PP_comp5_t.wav,.wav,WAV,16000,1,PCM_16,18.0685625,289097,578238,48b0803405ca0dfd33a91854038d0d8f9f85114e31fb2e7b3bf2d488607fae5d,0.0557510107755661,0.649078369140625,0.003286094286692702,True,True,False,False,Found in isolated folder,KEEP_AFTER_RESAMPLING,False,
Tabla,tabla,PP_comp77_t.wav,Tabla\PP_comp77_t.wav,.wav,WAV,16000,1,PCM_16,15.977375,255638,511320,f6abd4986b64a8e12c0246dbaa4a5770aa5aabbdf21d80182a2a9d6e11ddb6ad,0.06995577365159988,0.72607421875,0.004357724594935025,True,True,False,False,Found in isolated folder,KEEP_AFTER_RESAMPLING,False,
Tabla,tabla,PP_comp80_t.wav,Tabla\PP_comp80_t.wav,.wav,WAV,16000,1,PCM_16,25.7064375,411303,822650,6e083896efda9ed44bbfeaf60d2e3499a752c3c63513d90bda07830eb82cb197,0.0533016063272953,0.882781982421875,0.011203419376955674,True,True,False,False,Found in isolated folder,KEEP_AFTER_RESAMPLING,False,
Tabla,tabla,PP_comp81_t.wav,Tabla\PP_comp81_t.wav,.wav,WAV,16000,1,PCM_16,15.636375,250182,500408,8dafa5c2fcd316afe2c6cb97f5f72fe1ff12e53acde8041aba5659694025b9ab,0.06395494192838669,0.7568359375,0.005895707924630868,True,True,False,False,Found in isolated folder,KEEP_AFTER_RESAMPLING,False,
Tabla,tabla,PP_comp82_t.wav,Tabla\PP_comp82_t.wav,.wav,WAV,16000,1,PCM_16,16.301625,260826,521696,b1b412aa3bb7228b9e551a3ed19dbc8d8b406631ea0c9a8fb9228fb1e6075b16,0.055928174406290054,0.999969482421875,0.008089684310613205,True,True,False,False,Found in isolated folder,KEEP_AFTER_RESAMPLING,False,
Tabla,tabla,PP_comp83_t.wav,Tabla\PP_comp83_t.wav,.wav,WAV,16000,1,PCM_16,16.2186875,259499,519042,45124bdc19220accda042c95d6c298c84083b9f57384d28d9c2c3b3de325540d,0.05327726900577545,0.99993896484375,0.008173441901510217,True,True,False,False,Found in isolated folder,KEEP_AFTER_RESAMPLING,False,
Tabla,tabla,PP_comp84_t.wav,Tabla\PP_comp84_t.wav,.wav,WAV,16000,1,PCM_16,9.7820625,156513,313070,a4e627d3c13b5a1fee8b828ab80a9f3f182bcad7abe633778adef420bcc82026,0.06217676401138306,0.999969482421875,0.01785155226722381,True,True,False,False,Found in isolated folder,KEEP_AFTER_RESAMPLING,False,
Tabla,tabla,PP_comp86_t.wav,Tabla\PP_comp86_t.wav,.wav,WAV,16000,1,PCM_16,14.0533125,224853,449750,b5c6770fbe9c73ba84e4a79383a0e73e0f24580a96ed68237db7ea77480929d4,0.04782069846987724,0.821136474609375,0.01027782595740328,True,True,False,False,Found in isolated folder,KEEP_AFTER_RESAMPLING,False,
Tabla,tabla,PP_comp9_t.wav,Tabla\PP_comp9_t.wav,.wav,WAV,16000,1,PCM_16,17.4774375,279639,559322,2136fae54dbb1e561d13fd60fcd360f7b09a15a8801ef56e36ec26092aa0bb63,0.05697859823703766,0.50970458984375,0.004409256219626018,True,True,False,False,Found in isolated folder,KEEP_AFTER_RESAMPLING,False,
Tabla,tabla,RMA_0.wav,Tabla\RMA_0.wav,.wav,WAV,16000,1,PCM_16,18.3281875,293251,586546,e2f8a3c52112a12109bad34431029a424fba72b9c533b6de4c2e8fff24dc064e,0.018225017935037613,0.342315673828125,0.10945913227917381,True,True,False,False,Found in isolated folder,KEEP_AFTER_RESAMPLING,False,
Tabla,tabla,RMA_1.wav,Tabla\RMA_1.wav,.wav,WAV,16000,1,PCM_16,33.7839375,540543,1081130,6e624ef5a1e6373d1e5012662342773583edb4a6ce3e5010fb61e9d219f49afa,0.01890099048614502,0.413726806640625,0.07765524666862766,True,True,False,False,Found in isolated folder,KEEP_AFTER_RESAMPLING,False,
Tabla,tabla,RMA_10.wav,Tabla\RMA_10.wav,.wav,WAV,16000,1,PCM_16,17.19975,275196,550436,9e3b02139b2e6cc67baed024b606b52d3fe79eb7c882765838cb4165a40b957f,0.022008141502738,0.64410400390625,0.0824975653715897,True,True,False,False,Found in isolated folder,KEEP_AFTER_RESAMPLING,False,
Tabla,tabla,RMA_11.wav,Tabla\RMA_11.wav,.wav,WAV,16000,1,PCM_16,16.5500625,264801,529646,38ce4a64c1f00ebef2e11d62c5f0fee062a3129b3dc83ecb8e261a5c5d767a6f,0.025492271408438683,0.635650634765625,0.07532826537664132,True,True,False,False,Found in isolated folder,KEEP_AFTER_RESAMPLING,False,
Tabla,tabla,RMA_12.wav,Tabla\RMA_12.wav,.wav,WAV,16000,1,PCM_16,17.64425,282308,564660,7517693ae956baed9d012c80d25b1f7dbea148f77067176c3a80e566e0151cea,0.02459041029214859,0.6163330078125,0.1049208665712626,True,True,False,False,Found in isolated folder,KEEP_AFTER_RESAMPLING,False,
Tabla,tabla,RMA_13.wav,Tabla\RMA_13.wav,.wav,WAV,16000,1,PCM_16,19.26875,308300,616644,53a56ab057cf01045966d189724935bd85d7d3d56f48766c9db6354b214673a6,0.017190370708703995,0.610595703125,0.04478430100551411,True,True,False,False,Found in isolated folder,KEEP_AFTER_RESAMPLING,False,
Tabla,tabla,RMA_14.wav,Tabla\RMA_14.wav,.wav,WAV,16000,1,PCM_16,10.81175,172988,346020,6f897c4a63cda563ebae810b2b227e1754f856e91b5ff1ce40d06f72df7c53fb,0.022014757618308067,0.62554931640625,0.02577057368141143,True,True,False,False,Found in isolated folder,KEEP_AFTER_RESAMPLING,False,
Tabla,tabla,RMA_15.wav,Tabla\RMA_15.wav,.wav,WAV,16000,1,PCM_16,18.87125,301940,603924,2c5dd200e53b1f26de7ee05f17cadd7b375830b0edd0d59747cf167d7af1e592,0.024683378636837006,0.660308837890625,0.021282373981585747,True,True,False,False,Found in isolated folder,KEEP_AFTER_RESAMPLING,False,
Tabla,tabla,RMA_16.wav,Tabla\RMA_16.wav,.wav,WAV,16000,1,PCM_16,19.41125,310580,621204,c598f9b8e385b5802484338730d30c0d1c92f2ea727195ad7eab0563ab97546c,0.025235477834939957,0.7958984375,0.021762508854401442,True,True,False,False,Found in isolated folder,KEEP_AFTER_RESAMPLING,False,
Tabla,tabla,RMA_17.wav,Tabla\RMA_17.wav,.wav,WAV,16000,1,PCM_16,19.301625,308826,617696,d754cf8a9388bd2639fed904b1b2e2d2e118c7d55de7e205678f52f456252b72,0.02710089646279812,0.829437255859375,0.04161242900532986,True,True,False,False,Found in isolated folder,KEEP_AFTER_RESAMPLING,False,
Tabla,tabla,RMA_18.wav,Tabla\RMA_18.wav,.wav,WAV,16000,1,PCM_16,18.9644375,303431,606906,73bcb6e2917be22684e1222105965cb19c4ee75096b6d8bbbe2fed6bb61c5816,0.025949858129024506,0.58184814453125,0.05873163915354727,True,True,False,False,Found in isolated folder,KEEP_AFTER_RESAMPLING,False,
Tabla,tabla,RMA_19.wav,Tabla\RMA_19.wav,.wav,WAV,16000,1,PCM_16,18.5368125,296589,593222,8fa3c81f7d5d13d5979015dbd6a24d6dfeb22f8d3b64c99d2d06330eb4e3e650,0.021758733317255974,0.67095947265625,0.024464831804281346,True,True,False,False,Found in isolated folder,KEEP_AFTER_RESAMPLING,False,
Tabla,tabla,RMA_2.wav,Tabla\RMA_2.wav,.wav,WAV,16000,1,PCM_16,17.439125,279026,558096,9e98eb0bd960dd53151686abdf394e8da7a2ac3976f858bd7cee46738be0a063,0.018490955233573914,0.446807861328125,0.07569903879925169,True,True,False,False,Found in isolated folder,KEEP_AFTER_RESAMPLING,False,
Tabla,tabla,RMA_20.wav,Tabla\RMA_20.wav,.wav,WAV,16000,1,PCM_16,18.668375,298694,597432,3ef42ca7de5a39b56d81ed4c6ba21cefd6f1c16fd1d8f0008b6ec31af89016da,0.02195015735924244,0.6033935546875,0.02590611127106671,True,True,False,False,Found in isolated folder,KEEP_AFTER_RESAMPLING,False,
Tabla,tabla,RMA_21.wav,Tabla\RMA_21.wav,.wav,WAV,16000,1,PCM_16,18.7938125,300701,601446,b40184c3f6780f190d0be9c106ee29fc8c855ec3ec7ea02caa557cc0c22519bd,0.022148162126541138,0.645843505859375,0.022434245313450903,True,True,False,False,Found in isolated folder,KEEP_AFTER_RESAMPLING,False,
Tabla,tabla,RMA_22.wav,Tabla\RMA_22.wav,.wav,WAV,16000,1,PCM_16,19.137125,306194,612432,1aeb52b0785c91290f1b74af4d8401df69aabecd24c5a93730f68fc19935287a,0.025444235652685165,0.6949462890625,0.021750916085880194,True,True,False,False,Found in isolated folder,KEEP_AFTER_RESAMPLING,False,
Tabla,tabla,RMA_23.wav,Tabla\RMA_23.wav,.wav,WAV,16000,1,PCM_16,18.948,303168,606380,4f3847e3e16ddc56d9c933fe90b8a19212c2dd16f714813b68010917db572578,0.02833700366318226,0.876953125,0.0207772588135951,True,True,False,False,Found in isolated folder,KEEP_AFTER_RESAMPLING,False,
Tabla,tabla,RMA_24.wav,Tabla\RMA_24.wav,.wav,WAV,16000,1,PCM_16,18.750625,300010,600064,5dbcc439a69931933c9eebd7f59cc8edfb5542ca1777f35553ddd79af898155a,0.023150769993662834,0.84893798828125,0.02247258424719176,True,True,False,False,Found in isolated folder,KEEP_AFTER_RESAMPLING,False,
Tabla,tabla,RMA_25.wav,Tabla\RMA_25.wav,.wav,WAV,16000,1,PCM_16,19.1535625,306457,612958,4b3c581094986963ec6ebb16b22679963754dabfa4d12fda5a8953e16a015a36,0.02611647918820381,0.691497802734375,0.02534450183875715,True,True,False,False,Found in isolated folder,KEEP_AFTER_RESAMPLING,False,
Tabla,tabla,RMA_26.wav,Tabla\RMA_26.wav,.wav,WAV,16000,1,PCM_16,18.949375,303190,606424,7d4321a7dab9917f4bb5485dab56ac612e6dcac581d210664aa35f198362d668,0.026801439002156258,0.976715087890625,0.027144694745868926,True,True,False,False,Found in isolated folder,KEEP_AFTER_RESAMPLING,False,
Tabla,tabla,RMA_27.wav,Tabla\RMA_27.wav,.wav,WAV,16000,1,PCM_16,18.2904375,292647,585338,5100cbfc5c5a35b71d3b91d10374b1348e8bb4c120c81a038d40c954decb5dab,0.024892227724194527,0.675567626953125,0.02309266795832522,True,True,False,False,Found in isolated folder,KEEP_AFTER_RESAMPLING,False,
Tabla,tabla,RMA_28.wav,Tabla\RMA_28.wav,.wav,WAV,16000,1,PCM_16,18.35725,293716,587476,3f223be9488b7f10ef02c9726e124980bb5c7088b9443f5ebae48404834b2e0e,0.024623971432447433,0.689910888671875,0.026083018970706397,True,True,False,False,Found in isolated folder,KEEP_AFTER_RESAMPLING,False,
Tabla,tabla,RMA_29.wav,Tabla\RMA_29.wav,.wav,WAV,16000,1,PCM_16,18.5114375,296183,592410,b36488e994502511ceda0f8be03eb9c72fd22c154f223b30b31275093c01b462,0.027758676558732986,0.8905029296875,0.02476171826202044,True,True,False,False,Found in isolated folder,KEEP_AFTER_RESAMPLING,False,
Tabla,tabla,RMA_3.wav,Tabla\RMA_3.wav,.wav,WAV,16000,1,PCM_16,17.8494375,285591,571226,b29cb22e852c6777fb8343b6a7550bb6a68421aba551fb426749aaafd3ce2b22,0.018757475540041924,0.446197509765625,0.0738118498131944,True,True,False,False,Found in isolated folder,KEEP_AFTER_RESAMPLING,False,
Tabla,tabla,RMA_30.wav,Tabla\RMA_30.wav,.wav,WAV,16000,1,PCM_16,18.153,290448,580940,1e8f0f07278449aca4365210edcbe6bfb72a1f1e1281b7581acfe95585626ba7,0.025295477360486984,0.968597412109375,0.01841982041535834,True,True,False,False,Found in isolated folder,KEEP_AFTER_RESAMPLING,False,
Tabla,tabla,RMA_4.wav,Tabla\RMA_4.wav,.wav,WAV,16000,1,PCM_16,17.6955625,283129,566302,4167d4732df698aff5ac228e9706b8e4f029c50173aef602b79e7c7ce1a1f92d,0.020035235211253166,0.503204345703125,0.088058800052273,True,True,False,False,Found in isolated folder,KEEP_AFTER_RESAMPLING,False,
Tabla,tabla,RMA_5.wav,Tabla\RMA_5.wav,.wav,WAV,16000,1,PCM_16,16.9090625,270545,541134,7d9569d985d001baa37d52f3514f27f2d824bfae92a59eb83d0b46dd141e0a40,0.020810872316360474,0.637664794921875,0.06405588719067068,True,True,False,False,Found in isolated folder,KEEP_AFTER_RESAMPLING,False,
Tabla,tabla,RMA_6.wav,Tabla\RMA_6.wav,.wav,WAV,16000,1,PCM_16,16.9775,271640,543324,09a25ed7056772381b73179bf149664d6d16150ad497318104ac2226f07dc54b,0.020033398643136024,0.65093994140625,0.08021278162273597,True,True,False,False,Found in isolated folder,KEEP_AFTER_RESAMPLING,False,
Tabla,tabla,RMA_7.wav,Tabla\RMA_7.wav,.wav,WAV,16000,1,PCM_16,17.593,281488,563020,221e3260c84b192a7a352daf7c0c57058647857ac98f7df6f23e73c1c5b7b81c,0.02230263687670231,0.58233642578125,0.10613951571647814,True,True,False,False,Found in isolated folder,KEEP_AFTER_RESAMPLING,False,
Tabla,tabla,RMA_8.wav,Tabla\RMA_8.wav,.wav,WAV,16000,1,PCM_16,17.268125,276290,552624,9103623590ad73579c6f430557e7e7c584c6411ac7a9f66840d3648551e6bb1d,0.022380458191037178,0.57379150390625,0.09396286510550508,True,True,False,False,Found in isolated folder,KEEP_AFTER_RESAMPLING,False,
Tabla,tabla,RMA_9.wav,Tabla\RMA_9.wav,.wav,WAV,16000,1,PCM_16,17.575875,281214,562472,8cf8582be0ce0110f63cf19ce0b6a2a5ab9409367788f8be058ce89f4e58dc7a,0.023440899327397346,0.583221435546875,0.10804227385549794,True,True,False,False,Found in isolated folder,KEEP_AFTER_RESAMPLING,False,
Tabla,tabla,rupak01.wav,Tabla\rupak01.wav,.wav,WAV,44100,2,PCM_16,5.857165532879819,258301,1033248,2814ee30d857bbf4f818502e31ed0b428e1d1e84140d051f481f48b7a6225b49,0.06199943274259567,0.96337890625,0.00484512255082249,True,True,False,False,Found in isolated folder,KEEP,False,
Tabla,tabla,rupak02.wav,Tabla\rupak02.wav,.wav,WAV,44100,2,PCM_16,5.858979591836735,258381,1033568,19d06bdea15c9842d61341db677bc7207b11e63165ee8f7add6522c43ec11b74,0.0584336556494236,0.999908447265625,0.0047546065693684905,True,True,False,False,Found in isolated folder,KEEP,False,
Tabla,tabla,rupak03.wav,Tabla\rupak03.wav,.wav,WAV,44100,2,PCM_16,5.8500680272108845,257988,1031996,d7d144c6ff24a1708cfe7ca8319511eaba2b7e402b26032310c2df4fce84fb0a,0.05670963227748871,0.90582275390625,0.005620416453478457,True,True,False,False,Found in isolated folder,KEEP,False,
Tabla,tabla,rupak04.wav,Tabla\rupak04.wav,.wav,WAV,44100,2,PCM_16,5.875986394557823,259131,1036568,94d803465399d4f256737cf698b11e7de2e091ba5183d407d6c3a1975489b061,0.060421865433454514,1.0,0.005402672779405012,True,True,False,False,Found in isolated folder,KEEP,False,
Tabla,tabla,rupak05.wav,Tabla\rupak05.wav,.wav,WAV,44100,2,PCM_16,5.8219047619047615,256746,1027028,a84fb7a28064f15968f5a41dcd2f816e1baee89e3b150d04c3e88a117c2640cb,0.056102361530065536,0.999969482421875,0.0056183932758446095,True,True,False,False,Found in isolated folder,KEEP,False,
Tabla,tabla,rupak06.wav,Tabla\rupak06.wav,.wav,WAV,44100,2,PCM_16,5.848866213151927,257935,1031784,6bd5c3478bc4bfe929aa8d68de65b77b6e0caa741c76cffe2576f445a765eb90,0.05471060052514076,0.749481201171875,0.006232190280497024,True,True,False,False,Found in isolated folder,KEEP,False,
Tabla,tabla,rupak07.wav,Tabla\rupak07.wav,.wav,WAV,44100,2,PCM_16,5.789863945578231,255333,1021376,33404c35a04abdab69d26c068b70c7514fc12c8e610ec26bf075d63fd6d7cc26,0.04832152649760246,0.8111572265625,0.006033297693600123,True,True,False,False,Found in isolated folder,KEEP,False,
Tabla,tabla,rupak08.wav,Tabla\rupak08.wav,.wav,WAV,44100,2,PCM_16,5.8888208616780044,259697,1038832,41b877389f369093d348fbf4322d6e00766d007ce2045ca2a85694427b027e58,0.051338616758584976,0.97369384765625,0.008294281412569264,True,True,False,False,Found in isolated folder,KEEP,False,
Tabla,tabla,rupak09.wav,Tabla\rupak09.wav,.wav,WAV,44100,2,PCM_16,5.887777777777778,259651,1038648,b9388be902cf2416021279b6aef308e24e597107844e99b032b89e43dcfa1214,0.06402523070573807,0.8118896484375,0.004871924236763964,True,True,False,False,Found in isolated folder,KEEP,False,
Tabla,tabla,rupak10.wav,Tabla\rupak10.wav,.wav,WAV,44100,2,PCM_16,5.847301587301588,257866,1031508,49438c93ca8a769c143bbea1373982a758ce7726566eee51548b07c02cf1d94d,0.06517644971609116,0.999969482421875,0.004459680609308711,True,True,False,False,Found in isolated folder,KEEP,False,
Tabla,tabla,rupak11.wav,Tabla\rupak11.wav,.wav,WAV,44100,2,PCM_16,5.829410430839002,257077,1028352,2320e41bdcc6f6d2d1d80b1c98808678f928fa0ef4ff0f61341c94d02dfaabbf,0.06318292021751404,0.999969482421875,0.004665917215464627,True,True,False,False,Found in isolated folder,KEEP,False,
Tabla,tabla,rupak12.wav,Tabla\rupak12.wav,.wav,WAV,44100,2,PCM_16,5.797460317460318,255668,1022716,8650720d271b9dfa86c9bbf844d1f0b868968a1c1a7c08b5c82dc03db83383f0,0.0592942051589489,1.0,0.0055384326548492575,True,True,False,False,Found in isolated folder,KEEP,False,
Tabla,tabla,rupak13.wav,Tabla\rupak13.wav,.wav,WAV,44100,2,PCM_16,4.837074829931972,213315,853304,439854a2435be3b3f8bfeb0129b438a588bc33be1359352c94b2e6e9d4008b88,0.059037912636995316,0.956634521484375,0.005815343506082554,True,True,False,False,Found in isolated folder,KEEP,False,
Tabla,tabla,rupak14.wav,Tabla\rupak14.wav,.wav,WAV,44100,2,PCM_16,4.77108843537415,210405,841664,36495c38c2bb2d5eb7e3640755f8aa50f9b1298891be0ab6260ce4ec5ee7681f,0.05794685333967209,0.998138427734375,0.005275540029942254,True,True,False,False,Found in isolated folder,KEEP,False,
Tabla,tabla,rupak15.wav,Tabla\rupak15.wav,.wav,WAV,44100,2,PCM_16,4.828775510204082,212949,851840,5252ee61746fd8e51433308b66a1bad8f6d46a9c93136ea3077b20712dc6f0fe,0.055446356534957886,0.90216064453125,0.006950020897022292,True,True,False,False,Found in isolated folder,KEEP,False,
Tabla,tabla,rupak16.wav,Tabla\rupak16.wav,.wav,WAV,44100,2,PCM_16,4.865306122448979,214560,858284,e35038a456d5b3eaa6ed9c9cdff301869a84a72cd25bb8ce3b121d7eccf12773,0.06021469831466675,1.0,0.006194071588366891,True,True,False,False,Found in isolated folder,KEEP,False,
Tabla,tabla,rupak17.wav,Tabla\rupak17.wav,.wav,WAV,44100,2,PCM_16,4.863945578231292,214500,858044,23e47a086aec28f0ae9ef6e4959fe74c6dd353401d1792b30141c1c91ff24b89,0.055828772485256195,0.999969482421875,0.0060582750582750585,True,True,False,False,Found in isolated folder,KEEP,False,
Tabla,tabla,rupak18.wav,Tabla\rupak18.wav,.wav,WAV,44100,2,PCM_16,4.890634920634921,215677,862752,80ba43680825f0cc7b5d94900efcc123e1b2a21d81c919c6301371d181ca2c88,0.05396420136094093,0.75311279296875,0.007103214529133844,True,True,False,False,Found in isolated folder,KEEP,False,
Tabla,tabla,rupak19.wav,Tabla\rupak19.wav,.wav,WAV,44100,2,PCM_16,4.789092970521542,211199,844840,3f07c8fd53445b172eea3de08f89972dfac73cba0c6d52d4ff61fb96e6514ea9,0.04785032197833061,0.812469482421875,0.007237250176373941,True,True,False,False,Found in isolated folder,KEEP,False,
Tabla,tabla,rupak20.wav,Tabla\rupak20.wav,.wav,WAV,44100,2,PCM_16,4.823333333333333,212709,850880,9de38b4fa9c95ed4ff640f251efecfd5fc501a3aa5b78e0f6e6e69cca3c56f4f,0.048732269555330276,0.968231201171875,0.006924953810134973,True,True,False,False,Found in isolated folder,KEEP,False,
Tabla,tabla,rupak21.wav,Tabla\rupak21.wav,.wav,WAV,44100,2,PCM_16,4.864965986394558,214545,858224,57d6064d4e6c44a767d71204aba35cea7b4742558a3809212ca3ce9a7fb55d6d,0.06252752244472504,0.8109130859375,0.006178191055489524,True,True,False,False,Found in isolated folder,KEEP,False,
Tabla,tabla,rupak22.wav,Tabla\rupak22.wav,.wav,WAV,44100,2,PCM_16,4.85297052154195,214016,856108,7856177da716082ec441c8bbecb848b133a3726df8f0ee2b2d79656a3ecc775e,0.06091644987463951,0.979156494140625,0.005364084928229665,True,True,False,False,Found in isolated folder,KEEP,False,
Tabla,tabla,rupak23.wav,Tabla\rupak23.wav,.wav,WAV,44100,2,PCM_16,4.853628117913832,214045,856224,626faacc41fd5226582c34265edaba070dfb930c7e11ed60d331a1577a80e560,0.06339389085769653,0.999969482421875,0.005543226891541499,True,True,False,False,Found in isolated folder,KEEP,False,
Tabla,tabla,rupak24.wav,Tabla\rupak24.wav,.wav,WAV,44100,2,PCM_16,4.864149659863946,214509,858080,237f5e61cd74b98a35e681b0518d81f6c31bec27c293e3d2105a28dddf1148be,0.0577339343726635,1.0,0.006922786456512314,True,True,False,False,Found in isolated folder,KEEP,False,
Tabla,tabla,rupak25.wav,Tabla\rupak25.wav,.wav,WAV,44100,2,PCM_16,3.7159410430839004,163873,655536,21f2525bd8436e2ef816cc9f0249e605c037bd3c09b6af565f91c774531a0f61,0.06767760962247849,0.966796875,0.005714791332312217,True,True,False,False,Found in isolated folder,KEEP,False,
Tabla,tabla,rupak26.wav,Tabla\rupak26.wav,.wav,WAV,44100,2,PCM_16,3.6800226757369616,162289,649200,3666405de021d9b7d7b55249c2c41352a7e4db4eb683d610ff82fa81bbab1aa8,0.06754226237535477,0.999969482421875,0.004960286895599825,True,True,False,False,Found in isolated folder,KEEP,False,
Tabla,tabla,rupak27.wav,Tabla\rupak27.wav,.wav,WAV,44100,2,PCM_16,3.719795918367347,164043,656216,9b8d60d0613c1f25c9de1bfe2e7848d6eb93628f648d8694f201cf0c98757839,0.06717836856842041,0.902801513671875,0.005230335948501308,True,True,False,False,Found in isolated folder,KEEP,False,
Tabla,tabla,rupak28.wav,Tabla\rupak28.wav,.wav,WAV,44100,2,PCM_16,3.7219274376417233,164137,656592,d835415848bea3e1b701cd65e6f33a71fbd5d95a41838237a6b54d3db58de8ac,0.0679544135928154,1.0,0.005857911378909082,True,True,False,False,Found in isolated folder,KEEP,False,
Tabla,tabla,rupak29.wav,Tabla\rupak29.wav,.wav,WAV,44100,2,PCM_16,3.7170521541950112,163922,655732,fa13b0deb8e5b387231d6982009baeb600015024a2ffde19e715cecae9e094f3,0.06862753629684448,0.999969482421875,0.005911348080184478,True,True,False,False,Found in isolated folder,KEEP,False,
Tabla,tabla,rupak30.wav,Tabla\rupak30.wav,.wav,WAV,44100,2,PCM_16,3.715736961451247,163864,655500,0bf0c9e2fc6dd44ab443134f797d4c38c4f6c333a6c275678f6b4c7a0e114039,0.06106628477573395,0.81097412109375,0.006276546404335302,True,True,False,False,Found in isolated folder,KEEP,False,
Tabla,tabla,rupak31.wav,Tabla\rupak31.wav,.wav,WAV,44100,2,PCM_16,3.7120861678004533,163703,654856,8c35bbd31c5d0100aba5cbc7a8f52304059845b0659241c6723cbe7719ddf4be,0.05736713111400604,0.8131103515625,0.006866092863295114,True,True,False,False,Found in isolated folder,KEEP,False,
Tabla,tabla,rupak32.wav,Tabla\rupak32.wav,.wav,WAV,44100,2,PCM_16,3.6856009070294786,162535,650184,9f8c4ad7359ea390c40a7ee95db4641be2a320f9575483df4a02b4685a941dd8,0.05522647500038147,0.9635009765625,0.0063032577598671055,True,True,False,False,Found in isolated folder,KEEP,False,
Tabla,tabla,rupak33.wav,Tabla\rupak33.wav,.wav,WAV,44100,2,PCM_16,3.719092970521542,164012,656092,04e83d6f89c67cc712a55cd3c84c364d29956229cd3f99c2708cb112d44e28a0,0.07589977979660034,0.8116455078125,0.005405092310318757,True,True,False,False,Found in isolated folder,KEEP,False,
Tabla,tabla,rupak34.wav,Tabla\rupak34.wav,.wav,WAV,44100,2,PCM_16,3.6867573696145124,162586,650388,0c4ef3b5b79dded700c6b064829625d2e5968902d7de7b6cb02f09ada97a3106,0.07244068384170532,0.9781494140625,0.005138818840490571,True,True,False,False,Found in isolated folder,KEEP,False,
Tabla,tabla,rupak35.wav,Tabla\rupak35.wav,.wav,WAV,44100,2,PCM_16,3.6886621315192745,162670,650724,30c5d0378a319426fb699482fb279a6c125791b5320ecc9fe567da18cb72506c,0.06906034052371979,0.846771240234375,0.005575705415872626,True,True,False,False,Found in isolated folder,KEEP,False,
Tabla,tabla,rupak36.wav,Tabla\rupak36.wav,.wav,WAV,44100,2,PCM_16,3.6874149659863944,162615,650504,6faafa7b8ac9df706a275a4b434977528faea277dfb78d99fad9ab30e9f39716,0.0707133486866951,1.0,0.004913445869077268,True,True,False,False,Found in isolated folder,KEEP,False,
Tabla,tabla,rupak37.wav,Tabla\rupak37.wav,.wav,WAV,44100,2,PCM_16,3.038253968253968,133987,535992,33a738ee8e26be98253e76199d7b7f31066219baca4d587d4639c1f805df0fb5,0.06852687895298004,0.96246337890625,0.007545508146312702,True,True,False,False,Found in isolated folder,KEEP,False,
Tabla,tabla,rupak38.wav,Tabla\rupak38.wav,.wav,WAV,44100,2,PCM_16,3.021224489795918,133236,532988,89a0ef53d6ea484927e0debabd63459832b797108fd0889f4409a8e83f2f3f6a,0.07443832606077194,0.999969482421875,0.005677894863250173,True,True,False,False,Found in isolated folder,KEEP,False,
Tabla,tabla,rupak39.wav,Tabla\rupak39.wav,.wav,WAV,44100,2,PCM_16,2.9972108843537413,132177,528752,7a206c45460637bf863fd2b0091bdc5e21a0514955fb9820763479ce916e417e,0.07154950499534607,0.9052734375,0.00569312361454716,True,True,False,False,Found in isolated folder,KEEP,False,
Tabla,tabla,rupak40.wav,Tabla\rupak40.wav,.wav,WAV,44100,2,PCM_16,2.9783219954648525,131344,525420,1f12e302b71ec7818640f50cdfaa21c161fb66ebf3424f403e8203b8006876ad,0.06798884272575378,0.999969482421875,0.005405652332805457,True,True,False,False,Found in isolated folder,KEEP,False,
Tabla,tabla,rupak41.wav,Tabla\rupak41.wav,.wav,WAV,44100,2,PCM_16,3.00702947845805,132610,530484,1b227f0a8653b51ae1a4a653aa860453356380cb703500efd668c48c08698e92,0.07131945341825485,0.999969482421875,0.006832063946911998,True,True,False,False,Found in isolated folder,KEEP,False,
Tabla,tabla,rupak42.wav,Tabla\rupak42.wav,.wav,WAV,44100,2,PCM_16,2.9605442176870747,130560,522284,07f1b9902aa615ecdf45093ee14cd97c3644e6e07415bbc33379d3e4a14ff288,0.06183775141835213,0.750518798828125,0.006265318627450981,True,True,False,False,Found in isolated folder,KEEP,False,
Tabla,tabla,rupak43.wav,Tabla\rupak43.wav,.wav,WAV,44100,2,PCM_16,2.9811111111111113,131467,525912,d1e57cb8081176fecb55fe0071e7f67c525890e6781a09f9da39cb14f483fa37,0.059236712753772736,0.812652587890625,0.006381829660675302,True,True,False,False,Found in isolated folder,KEEP,False,
Tabla,tabla,rupak44.wav,Tabla\rupak44.wav,.wav,WAV,44100,2,PCM_16,3.0211564625850342,133233,532976,c8766d6166a551cff9d705811b799400fe5c979ed25498373418b58e4f943dd2,0.06036541983485222,0.972320556640625,0.00741558022411865,True,True,False,False,Found in isolated folder,KEEP,False,
Tabla,tabla,rupak45.wav,Tabla\rupak45.wav,.wav,WAV,44100,2,PCM_16,3.067074829931973,135258,541076,0414ce9b6fc3ebcb1e9f925d2a5dac5a827d1da08c4084836988da6a2c2ac1df,0.0777503103017807,0.814697265625,0.007123423383459758,True,True,False,False,Found in isolated folder,KEEP,False,
Tabla,tabla,rupak46.wav,Tabla\rupak46.wav,.wav,WAV,44100,2,PCM_16,3.01390022675737,132913,531696,0051f9c8cff2f4f98548f749ba46a7a74184391ca277b7f6a406d80930b7dd1f,0.07207722216844559,0.981109619140625,0.00660582486288023,True,True,False,False,Found in isolated folder,KEEP,False,
Tabla,tabla,rupak47.wav,Tabla\rupak47.wav,.wav,WAV,44100,2,PCM_16,2.9920861678004536,131951,527848,6f7a0ac970a352a09aca611f20dbdce08164971218fdc8b05c24aa93468467c2,0.07203538715839386,0.847320556640625,0.0064948352039772336,True,True,False,False,Found in isolated folder,KEEP,False,
Tabla,tabla,rupak48.wav,Tabla\rupak48.wav,.wav,WAV,44100,2,PCM_16,2.985170068027211,131646,526628,2c1b5ed524e5a73db06659f5f0e11b1312bc9d02090df354021835b960de4408,0.06984779983758926,1.0,0.005792048372149553,True,True,False,False,Found in isolated folder,KEEP,False,
Tabla,tabla,rupak49.wav,Tabla\rupak49.wav,.wav,WAV,44100,2,PCM_16,2.325532879818594,102556,410268,3925e25095a1fbeeaf3913a0d65416cc2dda44f57520afeece3aa9a33559c15a,0.0827065259218216,0.961395263671875,0.00876106712430282,True,True,False,False,Found in isolated folder,KEEP,False,
Tabla,tabla,rupak50.wav,Tabla\rupak50.wav,.wav,WAV,44100,2,PCM_16,2.2922448979591836,101088,404396,673e5a0873339ea450780a8325a345fc061f842a9fcbbd32e24d625ac987494a,0.08163924515247345,0.999969482421875,0.005717790440012662,True,True,False,False,Found in isolated folder,KEEP,False,
Tabla,tabla,rupak51.wav,Tabla\rupak51.wav,.wav,WAV,44100,2,PCM_16,2.293219954648526,101131,404568,3c803bb51657c9180dd4d32ee0dea0cf5c736f70192b9f6263a005b484c6c88c,0.07849884033203125,0.90179443359375,0.006293816930515866,True,True,False,False,Found in isolated folder,KEEP,False,
Tabla,tabla,rupak52.wav,Tabla\rupak52.wav,.wav,WAV,44100,2,PCM_16,2.2830839002267576,100684,402780,b28c818df85868a260097ed71ab0e6d9a7873d00ba36f8c5d756d93ecb913e4c,0.08004799485206604,1.0,0.005437805410988836,True,True,False,False,Found in isolated folder,KEEP,False,
Tabla,tabla,rupak53.wav,Tabla\rupak53.wav,.wav,WAV,44100,2,PCM_16,2.295873015873016,101248,405036,5d1bb95bed516f9a2409c2f20a63bcc8afa83b77764b83f0c54557ba6f47a2d7,0.08020120859146118,0.999969482421875,0.006197653286978508,True,True,False,False,Found in isolated folder,KEEP,False,
Tabla,tabla,rupak54.wav,Tabla\rupak54.wav,.wav,WAV,44100,2,PCM_16,2.2929931972789115,101121,404528,481bb155d875292e0d0e1b11acd68f32b2eef0aa3b5bcbba7eb814c89b257db3,0.07257717102766037,0.760162353515625,0.006096656480849675,True,True,False,False,Found in isolated folder,KEEP,False,
Tabla,tabla,rupak55.wav,Tabla\rupak55.wav,.wav,WAV,44100,2,PCM_16,2.2889342403628117,100942,403812,c1702165c0463f69caba22b2f96f204e74ab65d9329fde467900581897d5b652,0.06624241918325424,0.8123779296875,0.005597273681916348,True,True,False,False,Found in isolated folder,KEEP,False,
Tabla,tabla,rupak56.wav,Tabla\rupak56.wav,.wav,WAV,44100,2,PCM_16,2.3,101430,405764,811e6e1859c50710dabffa4df08b5cd89f59316613920f1f6d41a866a7d2efff,0.07084846496582031,0.9764404296875,0.006433007985803017,True,True,False,False,Found in isolated folder,KEEP,False,
Tabla,tabla,rupak57.wav,Tabla\rupak57.wav,.wav,WAV,44100,2,PCM_16,2.3500680272108845,103638,414596,f6cd0f255822d48ace3cb1b4692278e1a45fa10a6c0010c4bb91006c06e8b8fd,0.08791915327310562,0.823638916015625,0.007154711592273104,True,True,False,False,Found in isolated folder,KEEP,False,
Tabla,tabla,rupak58.wav,Tabla\rupak58.wav,.wav,WAV,44100,2,PCM_16,2.2973015873015874,101311,405288,14dadc8806c5b81870a5d7d98b5f6a1cdcc688c53a76b36b5a8e77b713b58187,0.08067096769809723,0.985809326171875,0.0073437237812280995,True,True,False,False,Found in isolated folder,KEEP,False,
Tabla,tabla,rupak59.wav,Tabla\rupak59.wav,.wav,WAV,44100,2,PCM_16,2.2930385487528344,101123,404536,34dd9bc70572050886430d4033b72b2fbee77cc8feed76df58982611e1e9e334,0.08327583223581314,0.84820556640625,0.006309148264984227,True,True,False,False,Found in isolated folder,KEEP,False,
Tabla,tabla,rupak60.wav,Tabla\rupak60.wav,.wav,WAV,44100,2,PCM_16,2.292018140589569,101078,404356,cdce53ffa210e94a9ba845fcec3d0c7e605cce281e520a2bec834084e58adc1e,0.07945994287729263,1.0,0.00600526326203526,True,True,False,False,Found in isolated folder,KEEP,False,
Tabla,tabla,shyaam_SRC.wav,Tabla\shyaam_SRC.wav,.wav,WAV,16000,1,PCM_16,112.228625,1795658,3591360,4d9eb84167da38e6b53fbd7a93d0f068978bc1b8eea33699f2d8e3dd832385fc,0.032933369278907776,0.762847900390625,0.01831974685602715,True,True,False,False,Found in isolated folder,KEEP_AFTER_RESAMPLING,False,
Tabla,tabla,SK_comp_1.wav,Tabla\SK_comp_1.wav,.wav,WAV,16000,1,PCM_16,21.5896875,345435,690914,100428264de1b3b87521a03d7a1af3cee4317c9e428b3928f93cbf5be3e0838a,0.16202349960803986,0.92291259765625,0.0028167383154573218,True,True,False,False,Found in isolated folder,KEEP_AFTER_RESAMPLING,False,
Tabla,tabla,SK_comp_2.wav,Tabla\SK_comp_2.wav,.wav,WAV,16000,1,PCM_16,12.4475625,199161,398366,a7620dc939252d03fc6f35022cac6b9eab5709cb3db8793723e214f9e147960e,0.13985760509967804,0.925048828125,0.004905578903500183,True,True,False,False,Found in isolated folder,KEEP_AFTER_RESAMPLING,False,
Tabla,tabla,SK_comp_3.wav,Tabla\SK_comp_3.wav,.wav,WAV,16000,1,PCM_16,15.267,244272,488588,704fcd9b0a5323a27316b3e6be87d6df8e8a126882d1b88d7421f171f72594f2,0.12354260683059692,0.92486572265625,0.005002620030130346,True,True,False,False,Found in isolated folder,KEEP_AFTER_RESAMPLING,False,
Tabla,tabla,SK_comp_4.wav,Tabla\SK_comp_4.wav,.wav,WAV,16000,1,PCM_16,12.16975,194716,389476,9e01b4a5a60d9779570190fa71b2e1f5d64fa78bc43d816160dbfcd34fade5bb,0.1215219721198082,0.929443359375,0.006789375295301875,True,True,False,False,Found in isolated folder,KEEP_AFTER_RESAMPLING,False,
Tabla,tabla,SK_comp_5.wav,Tabla\SK_comp_5.wav,.wav,WAV,16000,1,PCM_16,21.4974375,343959,687962,1c984f75ed867e861f13f45c41baf6bdd27b93eac726642d27b76e7f27099f89,0.13838522136211395,0.9268798828125,0.00514886948735169,True,True,False,False,Found in isolated folder,KEEP_AFTER_RESAMPLING,False,
Tabla,tabla,SK_comp_6.wav,Tabla\SK_comp_6.wav,.wav,WAV,16000,1,PCM_16,12.27775,196444,392932,bbc0705e476c9e9a24b1e783ffd740769e1cbecec2e20fd3c4b75af91e10ee2e,0.13655482232570648,0.921722412109375,0.010384638879273482,True,True,False,False,Found in isolated folder,KEEP_AFTER_RESAMPLING,False,
Tabla,tabla,SK_comp_7.wav,Tabla\SK_comp_7.wav,.wav,WAV,16000,1,PCM_16,23.62025,377924,755892,84b22d9fc877a2e65edeb3427009c0ab160460df5de4ae8c0d4a319920c4bb73,0.13273712992668152,0.92449951171875,0.009015040060964638,True,True,False,False,Found in isolated folder,KEEP_AFTER_RESAMPLING,False,
Tabla,tabla,SK_dadra.wav,Tabla\SK_dadra.wav,.wav,WAV,16000,1,PCM_16,9.988375,159814,319672,d3560557c3c29b17995b028dbf9829e313366ada106899f2448e45b05bd51c76,0.11741174012422562,0.92498779296875,0.013083960103620458,True,True,False,False,Found in isolated folder,KEEP_AFTER_RESAMPLING,False,
Tabla,tabla,SK_ektaal.wav,Tabla\SK_ektaal.wav,.wav,WAV,16000,1,PCM_16,16.7816875,268507,537058,64e700516adb573f58c26f3a3c91dce7a677cca92464f8646eefa8ccc5d46777,0.11158984154462814,0.923980712890625,0.014893466464561446,True,True,False,False,Found in isolated folder,KEEP_AFTER_RESAMPLING,False,
Tabla,tabla,SK_ektaal_drut.wav,Tabla\SK_ektaal_drut.wav,.wav,WAV,16000,1,PCM_16,9.05725,144916,289876,195a667eaf0b8de41bca1b4b87cc70f7e495b0c3870f7eac0dd1c9899363fe80,0.13065765798091888,0.921966552734375,0.008653288801788622,True,True,False,False,Found in isolated folder,KEEP_AFTER_RESAMPLING,False,
Tabla,tabla,SK_ektaal_vilambit.wav,Tabla\SK_ektaal_vilambit.wav,.wav,WAV,16000,1,PCM_16,26.863625,429818,859680,1eba286233b36a690577abac93ab12b0b01cc67f1f49d6e4401eab72273d096d,0.11170101910829544,0.9326171875,0.01577179178163781,True,True,False,False,Found in isolated folder,KEEP_AFTER_RESAMPLING,False,
Tabla,tabla,SK_jhoomra.wav,Tabla\SK_jhoomra.wav,.wav,WAV,16000,1,PCM_16,19.1940625,307105,614254,05a3ac052e67a99d1ba4c663ae0ef5610a0f52500a012b0d28da293dbab2a0d8,0.12961328029632568,0.923553466796875,0.00987284479249768,True,True,False,False,Found in isolated folder,KEEP_AFTER_RESAMPLING,False,
Tabla,tabla,SK_kaida_1.wav,Tabla\SK_kaida_1.wav,.wav,WAV,16000,1,PCM_16,223.1135625,3569817,7139678,6b9a270605cf21532b5adacbe135ee4d6aa19383dbc0038482601bd2f07018f4,0.1537325084209442,0.93597412109375,0.0025502707841886575,True,True,False,False,Found in isolated folder,KEEP_AFTER_RESAMPLING,False,
Tabla,tabla,SK_rela_1.wav,Tabla\SK_rela_1.wav,.wav,WAV,16000,1,PCM_16,99.5403125,1592645,3185334,1b9eb96c7bc54c829b8b33446de2314e219d5e38b4475066668df8836900d564,0.1362042874097824,0.970733642578125,0.002772745966615285,True,True,False,False,Found in isolated folder,KEEP_AFTER_RESAMPLING,False,
Tabla,tabla,SK_roopak.wav,Tabla\SK_roopak.wav,.wav,WAV,16000,1,PCM_16,11.0144375,176231,352506,4eaac4f6a7f90646355ca1c08cc863a459c7e02fd8875c95cabfcaf39c6d9e73,0.09765103459358215,0.923797607421875,0.023571335349626344,True,True,False,False,Found in isolated folder,KEEP_AFTER_RESAMPLING,False,
Tabla,tabla,SK_teentaal.wav,Tabla\SK_teentaal.wav,.wav,WAV,16000,1,PCM_16,21.638125,346210,692464,9bbc2418bdc3709969d457e995e56473affbce99b2b898eb924a0bd4f7c7aa4c,0.12606434524059296,0.925048828125,0.008139568470003754,True,True,False,False,Found in isolated folder,KEEP_AFTER_RESAMPLING,False,
Tabla,tabla,SK_teentaal_drut.wav,Tabla\SK_teentaal_drut.wav,.wav,WAV,16000,1,PCM_16,11.8636875,189819,379682,ace2353708a7fe783062bf3cf38d7cbb1858c51e198c58c439e8e877084be3af,0.14747680723667145,0.918701171875,0.008060310084870324,True,True,False,False,Found in isolated folder,KEEP_AFTER_RESAMPLING,False,
Tabla,tabla,SK_teentaal_mahadrut.wav,Tabla\SK_teentaal_mahadrut.wav,.wav,WAV,16000,1,PCM_16,9.68325,154932,309908,e47f5f327406c659140a8f9de590a8dd0c0a9db8150e5f3e075909349850eb83,0.1561909019947052,0.92633056640625,0.007041798982779542,True,True,False,False,Found in isolated folder,KEEP_AFTER_RESAMPLING,False,
Tabla,tabla,SK_teentaal_punjabi.wav,Tabla\SK_teentaal_punjabi.wav,.wav,WAV,16000,1,PCM_16,21.3453125,341525,683094,c2aae195f0784e33dccba126348e5482ed2d0db6d87d141b13cbc09c1fe1c15e,0.12743501365184784,0.927490234375,0.011928848546958495,True,True,False,False,Found in isolated folder,KEEP_AFTER_RESAMPLING,False,
Tabla,tabla,SK_teentaal_vilambit.wav,Tabla\SK_teentaal_vilambit.wav,.wav,WAV,16000,1,PCM_16,34.5555,552888,1105820,c16dffa8231884337ea84d5d7a8826808f69f63374ae428180ac937a1f293e5f,0.12438419461250305,0.932952880859375,0.01136396521537816,True,True,False,False,Found in isolated folder,KEEP_AFTER_RESAMPLING,False,
Tabla,tabla,SK_uthan_1.wav,Tabla\SK_uthan_1.wav,.wav,WAV,16000,1,PCM_16,34.7344375,555751,1111546,61d86e8cc4855add2a456896c05effd896ea59042408b6964ae0b2227234b22e,0.13906045258045197,0.95770263671875,0.005685999665317742,True,True,False,False,Found in isolated folder,KEEP_AFTER_RESAMPLING,False,
Tabla,tabla,SM_chakradhar.wav,Tabla\SM_chakradhar.wav,.wav,WAV,16000,1,PCM_16,34.4795,551672,1103388,c586a3c8b286e125b0e2994e33541da6188189c1e204063992b21ec9d32a695e,0.13843585550785065,0.999969482421875,0.005659159790600212,True,True,False,False,Found in isolated folder,KEEP_AFTER_RESAMPLING,False,
Tabla,tabla,SM_kayda_1.wav,Tabla\SM_kayda_1.wav,.wav,WAV,16000,1,PCM_16,170.2795,2724472,5448988,4a82fb013ed7d05ed4f6ce4892ec817ee3e483258a83b86709451a067a08f93f,0.16154024004936218,0.999969482421875,0.0018172328436482372,True,True,False,False,Found in isolated folder,KEEP_AFTER_RESAMPLING,False,
Tabla,tabla,SM_kayda_2.wav,Tabla\SM_kayda_2.wav,.wav,WAV,16000,1,PCM_16,182.5595,2920952,5841948,d3c98f1a48469c9c34ef0c55d7768c17e923c3df1d8ecf7c21bcb791de586154,0.13827994465827942,0.999969482421875,0.0018853442302372652,True,True,False,False,Found in isolated folder,KEEP_AFTER_RESAMPLING,False,
Tabla,tabla,SM_peshkar.wav,Tabla\SM_peshkar.wav,.wav,WAV,16000,1,PCM_16,184.4795,2951672,5903388,0bd8c09dd1db305b29edea6a8f33a8f8bcaa41dff2b7ff026bc117e50d7b6c95,0.15372991561889648,0.999969482421875,0.0023156366967603446,True,True,False,False,Found in isolated folder,KEEP_AFTER_RESAMPLING,False,
Tabla,tabla,SM_uthan.wav,Tabla\SM_uthan.wav,.wav,WAV,16000,1,PCM_16,55.7595,892152,1784348,d374b6b2cc4d48cbcd0c92f93b3b591eca9fb4602cdc22c7ede2c7a5d06c255e,0.12994389235973358,0.99993896484375,0.006265748437485989,True,True,False,False,Found in isolated folder,KEEP_AFTER_RESAMPLING,False,
Tabla,tabla,sourashtra-soma_UK2.wav,Tabla\sourashtra-soma_UK2.wav,.wav,WAV,16000,1,PCM_16,84.1148125,1345837,2691718,232ded045a2601c892cddccb1658fc17316155b21399cc5d6720cfa4e69578ce,0.12386424094438553,0.999969482421875,0.05452369046177211,True,True,False,False,Found in isolated folder,KEEP_AFTER_RESAMPLING,False,
Tabla,tabla,swarmalika-desh_SRC.wav,Tabla\swarmalika-desh_SRC.wav,.wav,WAV,16000,1,PCM_16,112.6151875,1801843,3603730,2c15fa7ca52f7ee9cf063a7d8f3d326717ab615f553bcd45ee574dd4cc289d54,0.02954009361565113,0.95928955078125,0.023271727891941752,True,True,False,False,Found in isolated folder,KEEP_AFTER_RESAMPLING,False,
Tabla,tabla,T4_02.wav,Tabla\T4_02.wav,.wav,WAV,16000,1,PCM_16,10.145,162320,324684,09977e87014ffed3cfcc63dd25122b6be320940e9533e2556349179a8c96609f,0.08434498310089111,1.0,0.009167077378018728,True,True,False,False,Found in isolated folder,KEEP_AFTER_RESAMPLING,False,
Tabla,tabla,T4_Ben_03.wav,Tabla\T4_Ben_03.wav,.wav,WAV,16000,1,PCM_16,17.664,282624,565292,619ca6d4d23531ac008a085e0d69d8ac0376796b87d049a2035d810ca7291020,0.12780602276325226,0.8804931640625,0.011856742527173914,True,True,False,False,Found in isolated folder,KEEP_AFTER_RESAMPLING,False,
Tabla,tabla,T4_Dli_01.wav,Tabla\T4_Dli_01.wav,.wav,WAV,16000,1,PCM_16,5.3644375,85831,171706,9cce9bd0830695001a7e4f5ab32edf20acb9907d81af71b50d2564ad831b8a76,0.18522854149341583,0.9693603515625,0.002225303212126155,True,True,False,False,Found in isolated folder,KEEP_AFTER_RESAMPLING,False,
Tabla,tabla,T4_Dli_02.wav,Tabla\T4_Dli_02.wav,.wav,WAV,16000,1,PCM_16,10.602625,169642,339328,4f1ed6250d84d37c19689bce5b8e74394db07745924e6f7fcc98c8f9e14efb09,0.1561974734067917,0.90618896484375,0.0023520118838495185,True,True,False,False,Found in isolated folder,KEEP_AFTER_RESAMPLING,False,
Tabla,tabla,T4_Dli_03.wav,Tabla\T4_Dli_03.wav,.wav,WAV,16000,1,PCM_16,10.673375,170774,341592,d51278223b15694f57e86508f9b1e49ded13e840c3578d7423139695d245e2d6,0.14251449704170227,0.87786865234375,0.0036539520067457574,True,True,False,False,Found in isolated folder,KEEP_AFTER_RESAMPLING,False,
Tabla,tabla,T4_Dli_04.wav,Tabla\T4_Dli_04.wav,.wav,WAV,16000,1,PCM_16,10.7541875,172067,344178,6975135af9cd1f667e7524abec33c3c3e05a7dc68a64e6a8a260b249834b28ea,0.15033435821533203,0.964324951171875,0.0028593512992032173,True,True,False,False,Found in isolated folder,KEEP_AFTER_RESAMPLING,False,
Tabla,tabla,T4_Dli_05.wav,Tabla\T4_Dli_05.wav,.wav,WAV,16000,1,PCM_16,7.2334375,115735,231514,506687ecae5a11df71c23a4688d12bb4a8d8d868ac2b77cc6848712801221f0c,0.17371121048927307,0.936859130859375,0.001166457856309673,True,True,False,False,Found in isolated folder,KEEP_AFTER_RESAMPLING,False,
Tabla,tabla,T4_Drut_01.wav,Tabla\T4_Drut_01.wav,.wav,WAV,16000,1,PCM_16,6.0375,96600,193244,ce320fb3110990e185a635db0e3e6d7242830f60662ea2b3c4436a211c2e8ead,0.14515066146850586,0.999969482421875,0.0012836438923395446,True,True,False,False,Found in isolated folder,KEEP_AFTER_RESAMPLING,False,
Tabla,tabla,T4_Drut_02.wav,Tabla\T4_Drut_02.wav,.wav,WAV,16000,1,PCM_16,6.50275,104044,208132,013a4a0216b6ca84f8d723139c064f00f2331f319ccd2253f7dd08bd30fe1266,0.16610416769981384,0.999969482421875,0.0014993656529929645,True,True,False,False,Found in isolated folder,KEEP_AFTER_RESAMPLING,False,
Tabla,tabla,T4_Drut_03.wav,Tabla\T4_Drut_03.wav,.wav,WAV,16000,1,PCM_16,5.303125,84850,169744,cbc7b29e120b34daf9c2b73db72d7961a22927681864a2cfbcca578cb43ca881,0.114082932472229,0.99993896484375,0.0024395992928697703,True,True,False,False,Found in isolated folder,KEEP_AFTER_RESAMPLING,False,
Tabla,tabla,T4_Gat_01.wav,Tabla\T4_Gat_01.wav,.wav,WAV,16000,1,PCM_16,5.4775,87640,175324,2c5d156bc55b8523697682945a975f0d4864e9db604e4f7972df3b58bc8c15c4,0.19334983825683594,1.0,0.0011296211775445003,True,True,False,False,Found in isolated folder,KEEP_AFTER_RESAMPLING,False,
Tabla,tabla,T4_Gat_02.wav,Tabla\T4_Gat_02.wav,.wav,WAV,16000,1,PCM_16,10.8141875,173027,346098,383ab09e017365dc7026d686f89f0f479c92ec4829a156b08ca923371463637a,0.17654766142368317,0.94610595703125,0.0012945956411427118,True,True,False,False,Found in isolated folder,KEEP_AFTER_RESAMPLING,False,
Tabla,tabla,T4_Gat_03.wav,Tabla\T4_Gat_03.wav,.wav,WAV,16000,1,PCM_16,10.88875,174220,348484,c321e06e3c0fda5da409d1701ee936e4594f085e066c52a43e9fa3c027aefc2f,0.1838787943124771,0.8902587890625,0.0011766731718516818,True,True,False,False,Found in isolated folder,KEEP_AFTER_RESAMPLING,False,
Tabla,tabla,T4_Gat_04.wav,Tabla\T4_Gat_04.wav,.wav,WAV,16000,1,PCM_16,10.8418125,173469,346982,ee212294e2e91ee4483f6a7aa63fa8f320d1218e7df0f46d45e25b90778bb140,0.16834478080272675,0.939697265625,0.001302826441612046,True,True,False,False,Found in isolated folder,KEEP_AFTER_RESAMPLING,False,
Tabla,tabla,T4_Gat_05.wav,Tabla\T4_Gat_05.wav,.wav,WAV,16000,1,PCM_16,11.223,179568,359180,21b19d409810bfd9035c9e078002450b90ae1a92f46c86b673cc14a78bc7a4fc,0.16074524819850922,0.87158203125,0.0014033680834001604,True,True,False,False,Found in isolated folder,KEEP_AFTER_RESAMPLING,False,
Tabla,tabla,T4_Gat_pra_00.wav,Tabla\T4_Gat_pra_00.wav,.wav,WAV,16000,1,PCM_16,2.83075,45292,90628,105ed44182f93ae68a0784651d93748e1e8e99640005add5ab569056ab188fef,0.21861420571804047,0.960906982421875,0.0004415790868144485,True,True,False,False,Found in isolated folder,KEEP_AFTER_RESAMPLING,False,
Tabla,tabla,T4_Gat_pra_01.wav,Tabla\T4_Gat_pra_01.wav,.wav,WAV,16000,1,PCM_16,5.2400625,83841,167726,1e6f972cc6367555a3f312ba52c58a8fb645f1d7f0908ee1dcfc15099cf183ee,0.18263059854507446,0.99993896484375,0.0023854677305852746,True,True,False,False,Found in isolated folder,KEEP_AFTER_RESAMPLING,False,
Tabla,tabla,T4_Gat_pra_02.wav,Tabla\T4_Gat_pra_02.wav,.wav,WAV,16000,1,PCM_16,10.365,165840,331724,d25fabe893e85b1d2a4ebb75235054c024758a17158423d3336f8d1787aa4eed,0.16004446148872375,0.88067626953125,0.0021466473709599613,True,True,False,False,Found in isolated folder,KEEP_AFTER_RESAMPLING,False,
Tabla,tabla,T4_Luc_01.wav,Tabla\T4_Luc_01.wav,.wav,WAV,16000,1,PCM_16,5.2968125,84749,169542,fd1bb493b70615bd84d029768503edd8859c04806ad319999333897a7e929732,0.19937439262866974,0.95587158203125,0.0019469256274410318,True,True,False,False,Found in isolated folder,KEEP_AFTER_RESAMPLING,False,
Tabla,tabla,T4_Luc_02.wav,Tabla\T4_Luc_02.wav,.wav,WAV,16000,1,PCM_16,10.7071875,171315,342674,a192cf6e83b7bccfd647dae43a2f3aba02f0a5dfade74cc39fe3591d256aa9e5,0.20493735373020172,1.0,0.0014301141172693575,True,True,False,False,Found in isolated folder,KEEP_AFTER_RESAMPLING,False,
Tabla,tabla,T4_Luc_03.wav,Tabla\T4_Luc_03.wav,.wav,WAV,16000,1,PCM_16,10.88,174080,348204,542f88f946962377e31144462ab56e47e05e8b61aa99131a814a8f349cd8f2db,0.18692071735858917,0.8856201171875,0.0013039981617647058,True,True,False,False,Found in isolated folder,KEEP_AFTER_RESAMPLING,False,
Tabla,tabla,T4_Luc_04.wav,Tabla\T4_Luc_04.wav,.wav,WAV,16000,1,PCM_16,11.2145625,179433,358910,8d8d68c458e87aed2f328d85b9d0873c48c19f2b32e6b7325cf918ed82ed31aa,0.18230608105659485,0.8792724609375,0.001911577023178568,True,True,False,False,Found in isolated folder,KEEP_AFTER_RESAMPLING,False,
Tabla,tabla,T4_Luc_05.wav,Tabla\T4_Luc_05.wav,.wav,WAV,16000,1,PCM_16,10.8188125,173101,346246,403a51eb4f42f835c19227c6b76a0550579feb5309ab1f03df1f76446c2147ed,0.1974601298570633,0.937591552734375,0.0015251211720325127,True,True,False,False,Found in isolated folder,KEEP_AFTER_RESAMPLING,False,
Tabla,tabla,T4_Luc_06.wav,Tabla\T4_Luc_06.wav,.wav,WAV,16000,1,PCM_16,15.7591875,252147,504338,3a4577dc6c73664aff1859c9a124762456c784a7d0bf28fd37848743cea332a2,0.19526197016239166,0.97808837890625,0.0012294415559177781,True,True,False,False,Found in isolated folder,KEEP_AFTER_RESAMPLING,False,
Tabla,tabla,T4_Mukuda_01.wav,Tabla\T4_Mukuda_01.wav,.wav,WAV,16000,1,PCM_16,10.7115625,171385,342814,c162e89a90494d525b07cd8cb3d69e42488ed8d819c6359db688ad3daa152094,0.12155037373304367,0.947479248046875,0.002147212416489191,True,True,False,False,Found in isolated folder,KEEP_AFTER_RESAMPLING,False,
Tabla,tabla,T4_Pur_01.wav,Tabla\T4_Pur_01.wav,.wav,WAV,16000,1,PCM_16,6.7799375,108479,217002,1fb0ad59faf7c4effcbd082c04e89f31a099a2e8e04bf3af867a2b768a5ec2b3,0.12033573538064957,0.9923095703125,0.002092570912342481,True,True,False,False,Found in isolated folder,KEEP_AFTER_RESAMPLING,False,
Tabla,tabla,T4_Pur_02.wav,Tabla\T4_Pur_02.wav,.wav,WAV,16000,1,PCM_16,6.675875,106814,213672,d01b8d46ace8abc5daa1db3b6cc21d45c31c15c3477bb2912fbce933ef25ec56,0.11817466467618942,1.0,0.002069017170033891,True,True,False,False,Found in isolated folder,KEEP_AFTER_RESAMPLING,False,
Tabla,tabla,T4_Pur_03.wav,Tabla\T4_Pur_03.wav,.wav,WAV,16000,1,PCM_16,6.5878125,105405,210854,fce084bad3c42e446bf0940d54d1add2b3415f32a782a40582e6487e41236e3f,0.12134675681591034,0.98846435546875,0.0029410369527062283,True,True,False,False,Found in isolated folder,KEEP_AFTER_RESAMPLING,False,
Tabla,tabla,T4_Pur_04.wav,Tabla\T4_Pur_04.wav,.wav,WAV,16000,1,PCM_16,6.627875,106046,212136,c1ebb689914d6e51fb85332188d8bc8c7f4d5d62e9046bd9c46588ca07b1f813,0.11216780543327332,0.9276123046875,0.0034796220508081397,True,True,False,False,Found in isolated folder,KEEP_AFTER_RESAMPLING,False,
Tabla,tabla,T4_Pur_05.wav,Tabla\T4_Pur_05.wav,.wav,WAV,16000,1,PCM_16,6.7799375,108479,217002,03f235a403567a489e6f48df79f31d1083482dfea4b0552abe0b038674cd99fa,0.12130286544561386,0.966156005859375,0.0019727320495211056,True,True,False,False,Found in isolated folder,KEEP_AFTER_RESAMPLING,False,
Tabla,tabla,T4_Tukuda_01.wav,Tabla\T4_Tukuda_01.wav,.wav,WAV,16000,1,PCM_16,4.7640625,76225,152494,60500e76ee504d8aae251ab5f9afd4668f02b4483712962d32d4e381d8a2d298,0.1358516961336136,0.9462890625,0.0018366677599212856,True,True,False,False,Found in isolated folder,KEEP_AFTER_RESAMPLING,False,
Tabla,tabla,T4_Tukuda_02.wav,Tabla\T4_Tukuda_02.wav,.wav,WAV,16000,1,PCM_16,5.0581875,80931,161906,1e6a5fac8056bc56b4e09017a8180c906d057a65cc775307bad462132579a2eb,0.13111691176891327,0.818145751953125,0.0014333197415081983,True,True,False,False,Found in isolated folder,KEEP_AFTER_RESAMPLING,False,
Tabla,tabla,T4_Tukuda_03.wav,Tabla\T4_Tukuda_03.wav,.wav,WAV,16000,1,PCM_16,5.234625,83754,167552,eda981ef2fcd3bc5b53b42df9526645d04d09ca5d6f26ccdba5f307fcc1de6ad,0.11338703334331512,0.980194091796875,0.002698378584903408,True,True,False,False,Found in isolated folder,KEEP_AFTER_RESAMPLING,False,
Tabla,tabla,T4_Tukuda_04.wav,Tabla\T4_Tukuda_04.wav,.wav,WAV,16000,1,PCM_16,5.1758125,82813,165670,44b2937f9e68912eb67b06baa2dc26b38a697d094957c782c22b05661e5dc69b,0.1209554672241211,0.934722900390625,0.001763008223346576,True,True,False,False,Found in isolated folder,KEEP_AFTER_RESAMPLING,False,
Tabla,tabla,T4_Tukuda_05.wav,Tabla\T4_Tukuda_05.wav,.wav,WAV,16000,1,PCM_16,5.2934375,84695,169434,c620637750d5f5213d7eff277db08372038c12dff4ef69ad1841cd3564fe1538,0.12245981395244598,0.915069580078125,0.0017356396481492415,True,True,False,False,Found in isolated folder,KEEP_AFTER_RESAMPLING,False,
Tabla,tabla,T4_Tukuda_Ben_01.wav,Tabla\T4_Tukuda_Ben_01.wav,.wav,WAV,16000,1,PCM_16,7.72825,123652,247348,7712649bbf0431bb204a0f610040706315c5fa8dee6ea8927ee105f261530605,0.1352790892124176,0.839691162109375,0.0013586516999320674,True,True,False,False,Found in isolated folder,KEEP_AFTER_RESAMPLING,False,
Tabla,tabla,T4_Tukuda_Ben_02.wav,Tabla\T4_Tukuda_Ben_02.wav,.wav,WAV,16000,1,PCM_16,8.439625,135034,270112,3a63cb76fb00aff5148c89d1475ab8b66c80faef0468eb6d1306bcde9414f175,0.13040025532245636,0.916717529296875,0.0010367759231008488,True,True,False,False,Found in isolated folder,KEEP_AFTER_RESAMPLING,False,
Tabla,tabla,T4_Tukuda_Ben_03.wav,Tabla\T4_Tukuda_Ben_03.wav,.wav,WAV,16000,1,PCM_16,8.01925,128308,256660,dd9a710804b3f858b30afb6d1f42fcb6392a7ca312b5c6f0a9947d5f1f08327f,0.10348308831453323,0.88323974609375,0.0023069489041992707,True,True,False,False,Found in isolated folder,KEEP_AFTER_RESAMPLING,False,
Tabla,tabla,T4_Tukuda_Ben_04.wav,Tabla\T4_Tukuda_Ben_04.wav,.wav,WAV,16000,1,PCM_16,9.021625,144346,288736,669ebdf1dbd51bdae63101fe69b9b674c874e0f4579245c723390306d3550a40,0.11253025382757187,0.87335205078125,0.0016695994346916437,True,True,False,False,Found in isolated folder,KEEP_AFTER_RESAMPLING,False,
Tabla,tabla,T4_Tukuda_Japh_01.wav,Tabla\T4_Tukuda_Japh_01.wav,.wav,WAV,16000,1,PCM_16,5.1725,82760,165564,4432e2f760495da69678794d40490048d353032cf2e65d1ee89dafb7e1848d19,0.10489650815725327,0.822479248046875,0.0020662155630739487,True,True,False,False,Found in isolated folder,KEEP_AFTER_RESAMPLING,False,
Tabla,tabla,T4_Tukuda_Japh_02.wav,Tabla\T4_Tukuda_Japh_02.wav,.wav,WAV,16000,1,PCM_16,5.7931875,92691,185426,1c54c8c3b6937006a2c903f7d3ac1ef5c6daa41db4bcbbc0d5332ff079160652,0.1267462521791458,0.949981689453125,0.002578459613123173,True,True,False,False,Found in isolated folder,KEEP_AFTER_RESAMPLING,False,
Tabla,tabla,T4_Tukuda_Japh_03.wav,Tabla\T4_Tukuda_Japh_03.wav,.wav,WAV,16000,1,PCM_16,5.3203125,85125,170294,b7f66e21dace512bb3bb290fb56ee035d050f396d80c742aa60a65e9a791847c,0.08773545175790787,0.88726806640625,0.003265785609397944,True,True,False,False,Found in isolated folder,KEEP_AFTER_RESAMPLING,False,
Tabla,tabla,T4_Tukuda_Japh_04.wav,Tabla\T4_Tukuda_Japh_04.wav,.wav,WAV,16000,1,PCM_16,5.7931875,92691,185426,1b1fcf043471f6d24c95bf931d652306a8f2fd3badbc8c7e876e01507e5f56eb,0.08350781351327896,0.8326416015625,0.0037544098132504776,True,True,False,False,Found in isolated folder,KEEP_AFTER_RESAMPLING,False,
Tabla,tabla,T4_Tukuda_Japh_05.wav,Tabla\T4_Tukuda_Japh_05.wav,.wav,WAV,16000,1,PCM_16,6.5616875,104987,210018,db2359ba83945183600d0933730d1bb42a4de1fcd42e144b5353e4d20254656a,0.09639548510313034,0.790252685546875,0.0019049977616276302,True,True,False,False,Found in isolated folder,KEEP_AFTER_RESAMPLING,False,
Tabla,tabla,T4_Vilambit_01.wav,Tabla\T4_Vilambit_01.wav,.wav,WAV,16000,1,PCM_16,14.8685625,237897,475838,f81cb7044b67e0278b21267f6e2990ad5d578a1de2d19dab8050e14c9f5e1292,0.10909930616617203,0.999908447265625,0.0035645678591995694,True,True,False,False,Found in isolated folder,KEEP_AFTER_RESAMPLING,False,
Tabla,tabla,T5_Dli_01.wav,Tabla\T5_Dli_01.wav,.wav,WAV,16000,1,PCM_16,10.5614375,168983,338010,18ade2a4f1015a735552067f880846eab2ccbba8ebb5689d3b44c7c1c1b53310,0.19655022025108337,0.9765625,0.0017871620222152523,True,True,False,False,Found in isolated folder,KEEP_AFTER_RESAMPLING,False,
Tabla,tabla,T5_Dli_02.wav,Tabla\T5_Dli_02.wav,.wav,WAV,16000,1,PCM_16,10.818125,173090,346224,ba43667f9def5b8cfd667b9875f967e35b96e732bacc42e355ace56e335ef291,0.1974676102399826,0.900421142578125,0.0010225894043561154,True,True,False,False,Found in isolated folder,KEEP_AFTER_RESAMPLING,False,
Tabla,tabla,T5_Dli_03.wav,Tabla\T5_Dli_03.wav,.wav,WAV,16000,1,PCM_16,7.3534375,117655,235354,7e45b635009fa159040fc4e342a840da331194dc2cd5508d0a0b2d8be2d20a09,0.23373295366764069,0.985137939453125,0.0005949598402107858,True,True,False,False,Found in isolated folder,KEEP_AFTER_RESAMPLING,False,
Tabla,tabla,T5_Dli_04.wav,Tabla\T5_Dli_04.wav,.wav,WAV,16000,1,PCM_16,5.5266875,88427,176898,753dc6bf660ac59a018078df814ce50fd5a49a7be51f90c808f8d77f94cfe888,0.2220640629529953,0.97412109375,0.0015719180793196648,True,True,False,False,Found in isolated folder,KEEP_AFTER_RESAMPLING,False,
Tabla,tabla,T5_Dli_05.wav,Tabla\T5_Dli_05.wav,.wav,WAV,16000,1,PCM_16,10.9913125,175861,351766,d0310be7bf401999c976d93b70750f2a2720f475f92b903f17b6f2b0f520d03b,0.19162732362747192,0.98138427734375,0.0014102046502635604,True,True,False,False,Found in isolated folder,KEEP_AFTER_RESAMPLING,False,
Tabla,tabla,T5_Gat_01.wav,Tabla\T5_Gat_01.wav,.wav,WAV,16000,1,PCM_16,5.6586875,90539,181122,84d9cc874276bbedc2e2c647a471f1a694686fbd2f4918cf0a95d81981b6b569,0.2474672943353653,0.988067626953125,0.0009167320160372878,True,True,False,False,Found in isolated folder,KEEP_AFTER_RESAMPLING,False,
Tabla,tabla,T5_Gat_02.wav,Tabla\T5_Gat_02.wav,.wav,WAV,16000,1,PCM_16,11.1991875,179187,358418,5c851038af175f9e51284badbd58eae7b928aca804c68ce2889b984f6f810b08,0.2229219526052475,0.891326904296875,0.0006250453436912276,True,True,False,False,Found in isolated folder,KEEP_AFTER_RESAMPLING,False,
Tabla,tabla,T5_Gat_03.wav,Tabla\T5_Gat_03.wav,.wav,WAV,16000,1,PCM_16,5.6409375,90255,180554,459cec1a092fc13b47265784f114260d9fe68efb442d709ae135ef4162fe508f,0.26178911328315735,0.92724609375,0.0003213118386792975,True,True,False,False,Found in isolated folder,KEEP_AFTER_RESAMPLING,False,
Tabla,tabla,T5_Gat_03_1.wav,Tabla\T5_Gat_03_1.wav,.wav,WAV,16000,1,PCM_16,5.58175,89308,178660,05f467adab78933be6eeacd171b7043cd80d59dfc7101981d58bdac9f5b9ae3e,0.23532767593860626,0.918426513671875,0.0008285931831414878,True,True,False,False,Found in isolated folder,KEEP_AFTER_RESAMPLING,False,
Tabla,tabla,T5_Gat_04.wav,Tabla\T5_Gat_04.wav,.wav,WAV,16000,1,PCM_16,11.08825,177412,354868,9bb8230276acb4d7622eed8f985a99ea72500939661bfd49c6a5dbcbffa61a3e,0.22106397151947021,0.94830322265625,0.0008060334137487881,True,True,False,False,Found in isolated folder,KEEP_AFTER_RESAMPLING,False,
Tabla,tabla,T5_Gat_05.wav,Tabla\T5_Gat_05.wav,.wav,WAV,16000,1,PCM_16,11.5153125,184245,368534,7fae72d95b9cde13599d336f55b20396da1dc85e5b509608989c40ab87dc9adf,0.21306191384792328,0.916900634765625,0.0006892995739368775,True,True,False,False,Found in isolated folder,KEEP_AFTER_RESAMPLING,False,
Tabla,tabla,T5_Luc_01.wav,Tabla\T5_Luc_01.wav,.wav,WAV,16000,1,PCM_16,5.3915,86264,172572,a8483c59d015bb8b0a3d55a77793f29b3117ad27c075004affadfa0d1130e64f,0.23387961089611053,0.99658203125,0.000823054808494853,True,True,False,False,Found in isolated folder,KEEP_AFTER_RESAMPLING,False,
Tabla,tabla,T5_Luc_02.wav,Tabla\T5_Luc_02.wav,.wav,WAV,16000,1,PCM_16,10.786875,172590,345224,f2ebbb992f257fa8b4268f299b3b380a8ebb2a8fb11741f2de8f0b0012f21101,0.21157512068748474,0.999969482421875,0.0007416420418332464,True,True,False,False,Found in isolated folder,KEEP_AFTER_RESAMPLING,False,
Tabla,tabla,T5_Luc_03.wav,Tabla\T5_Luc_03.wav,.wav,WAV,16000,1,PCM_16,10.9844375,175751,351546,dffe6cf750aac72d7be6076ece04f9fb346ae39ce8d620fa87dcfcb4db85dee6,0.21713918447494507,0.880035400390625,0.0010241762493527775,True,True,False,False,Found in isolated folder,KEEP_AFTER_RESAMPLING,False,
Tabla,tabla,T5_Luc_04.wav,Tabla\T5_Luc_04.wav,.wav,WAV,16000,1,PCM_16,11.26525,180244,360532,86c92769561362a9c7fc092a4dd049d2744a7ac81782c90ce1541e593d36565a,0.19479702413082123,0.8717041015625,0.0015201615587758816,True,True,False,False,Found in isolated folder,KEEP_AFTER_RESAMPLING,False,
Tabla,tabla,T5_Luc_05.wav,Tabla\T5_Luc_05.wav,.wav,WAV,16000,1,PCM_16,10.8809375,174095,348234,98a542d6d8117b1637c86c56d38e8ecdce0864cb26622c8c08abdd40e9b3e10d,0.2383171170949936,0.953765869140625,0.0006548148999109681,True,True,False,False,Found in isolated folder,KEEP_AFTER_RESAMPLING,False,
Tabla,tabla,T5_Luc_06.wav,Tabla\T5_Luc_06.wav,.wav,WAV,16000,1,PCM_16,10.6825,170920,341884,4e64e0e4b5ba20291ffd971ccdd989f3a901dbb5592a5af3176deaedb5389abd,0.21018511056900024,0.894866943359375,0.0010706763398080972,True,True,False,False,Found in isolated folder,KEEP_AFTER_RESAMPLING,False,
Tabla,tabla,T5_Luc_07.wav,Tabla\T5_Luc_07.wav,.wav,WAV,16000,1,PCM_16,11.250875,180014,360072,5ac31bbc78f7df3441a058e3cd11fee185aee90c696931356cc51f682474eec8,0.18893441557884216,0.929840087890625,0.0012054617974157566,True,True,False,False,Found in isolated folder,KEEP_AFTER_RESAMPLING,False,
Tabla,tabla,T7_Ben_tukuda_01.wav,Tabla\T7_Ben_tukuda_01.wav,.wav,WAV,16000,1,PCM_16,8.865125,141842,283728,48e39d071a0a094918d36ae36e096540b03783605f9a005b7b55ba95aee302a9,0.10038555413484573,0.889862060546875,0.0018753260670323318,True,True,False,False,Found in isolated folder,KEEP_AFTER_RESAMPLING,False,
Tabla,tabla,T7_Ben_tukuda_02.wav,Tabla\T7_Ben_tukuda_02.wav,.wav,WAV,16000,1,PCM_16,9.003625,144058,288160,872d34e78c037eec8324c01b79f4e61d95ebb5a3fb36101c9bd528473abb5aaa,0.11403355747461319,0.883087158203125,0.001943661580752197,True,True,False,False,Found in isolated folder,KEEP_AFTER_RESAMPLING,False,
Tabla,tabla,T7_Ben_tukuda_03.wav,Tabla\T7_Ben_tukuda_03.wav,.wav,WAV,16000,1,PCM_16,8.4841875,135747,271538,a157a1b6f5b819c9f3e45053826687bb6f4a170d886a7555022f7a96fb72cacb,0.09923093765974045,0.89434814453125,0.0027919585699868136,True,True,False,False,Found in isolated folder,KEEP_AFTER_RESAMPLING,False,
Tabla,tabla,T7_Ben_tukuda_04.wav,Tabla\T7_Ben_tukuda_04.wav,.wav,WAV,16000,1,PCM_16,8.89975,142396,284836,84e7c4257b0b7a828e85eb70432a77cec4eaa3605c87dffff2123deed2bae9e8,0.109966941177845,0.939788818359375,0.002542206241748364,True,True,False,False,Found in isolated folder,KEEP_AFTER_RESAMPLING,False,
Tabla,tabla,T7_Ben_tukuda_05.wav,Tabla\T7_Ben_tukuda_05.wav,.wav,WAV,16000,1,PCM_16,17.6,281600,563244,058679ac0ccfafb7e4e802bd22bc86fbfbeee825dd722b3283532c8a83f45188,0.1160605326294899,0.84478759765625,0.01344815340909091,True,True,False,False,Found in isolated folder,KEEP_AFTER_RESAMPLING,False,
Tabla,tabla,T7_DLI_01.wav,Tabla\T7_DLI_01.wav,.wav,WAV,16000,1,PCM_16,45.2064375,723303,1446650,46e9655e48ce52d9317bca99afebaf87f068f76d311e8da5ca031c0211dbd3c4,0.17164750397205353,0.99993896484375,0.0022452554461961306,True,True,False,False,Found in isolated folder,KEEP_AFTER_RESAMPLING,False,
Tabla,tabla,T7_Fur_01.wav,Tabla\T7_Fur_01.wav,.wav,WAV,16000,1,PCM_16,9.749625,155994,312032,81de24b82f4cfd8461b9e964c3e0a0c355b96f722722a5dd37ad7100cd84cffa,0.11718776822090149,0.8663330078125,0.0013654371321973923,True,True,False,False,Found in isolated folder,KEEP_AFTER_RESAMPLING,False,
Tabla,tabla,T7_Fur_02.wav,Tabla\T7_Fur_02.wav,.wav,WAV,16000,1,PCM_16,9.498375,151974,303992,c31b0356564bc3ae1a96c7f76117d0244430768dc66761c9c2010769d6b511cf,0.12207438796758652,0.91424560546875,0.001783199757853317,True,True,False,False,Found in isolated folder,KEEP_AFTER_RESAMPLING,False,
Tabla,tabla,T7_Fur_03.wav,Tabla\T7_Fur_03.wav,.wav,WAV,16000,1,PCM_16,14.3313125,229301,458646,8b83495650ec921ed585fa6d2d260433e184fcd5d71302caebc68f6bc184c981,0.12584830820560455,0.923797607421875,0.0016964601113819827,True,True,False,False,Found in isolated folder,KEEP_AFTER_RESAMPLING,False,
Tabla,tabla,T7_Fur_04.wav,Tabla\T7_Fur_04.wav,.wav,WAV,16000,1,PCM_16,14.0441875,224707,449458,638210273e47d1b52fe6ef91bb7cbbf555ab3e0454a8a7e7a571161fcf48d101,0.10953231900930405,0.914337158203125,0.0028882055298677834,True,True,False,False,Found in isolated folder,KEEP_AFTER_RESAMPLING,False,
Tabla,tabla,T7_GAT_01.wav,Tabla\T7_GAT_01.wav,.wav,WAV,16000,1,PCM_16,45.3746875,725995,1452034,c8ef212deeec7a5433e239e3c1f16b3ce548ddda17c9d8e65063984c90797baf,0.18365512788295746,0.98150634765625,0.0013801747945922493,True,True,False,False,Found in isolated folder,KEEP_AFTER_RESAMPLING,False,
Tabla,tabla,T7_Gat_tukuda_01.wav,Tabla\T7_Gat_tukuda_01.wav,.wav,WAV,16000,1,PCM_16,6.1210625,97937,195918,ec121bed77488274ecd4376ffea57c61dd51ee87ffa05cd1bb1c92d59d12cd69,0.11508314311504364,0.886474609375,0.001664335235916967,True,True,False,False,Found in isolated folder,KEEP_AFTER_RESAMPLING,False,
Tabla,tabla,T7_Jap_Tukuda_01.wav,Tabla\T7_Jap_Tukuda_01.wav,.wav,WAV,16000,1,PCM_16,5.441125,87058,174160,9e380863039fcbfdc9e29d827c320a6a7e331a3a087e94526e3e0ec4ed264567,0.11380656063556671,0.80023193359375,0.0030784074984493096,True,True,False,False,Found in isolated folder,KEEP_AFTER_RESAMPLING,False,
Tabla,tabla,T7_Jap_Tukuda_02.wav,Tabla\T7_Jap_Tukuda_02.wav,.wav,WAV,16000,1,PCM_16,5.7131875,91411,182866,103959d6ce9d6d41b2dfd2248a20fbb117217edf1829733405f3a57381d63026,0.12402918934822083,0.897125244140625,0.002669262998982617,True,True,False,False,Found in isolated folder,KEEP_AFTER_RESAMPLING,False,
Tabla,tabla,T7_Jap_Tukuda_03.wav,Tabla\T7_Jap_Tukuda_03.wav,.wav,WAV,16000,1,PCM_16,5.3201875,85123,170290,d84827a1e25649c59bdae46be784033c0d5007b7e5e8ed7bda1b64b7ccc8adbb,0.09836166352033615,0.82330322265625,0.003230619221596983,True,True,False,False,Found in isolated folder,KEEP_AFTER_RESAMPLING,False,
Tabla,tabla,T7_Jap_Tukuda_04.wav,Tabla\T7_Jap_Tukuda_04.wav,.wav,WAV,16000,1,PCM_16,5.29,84640,169324,4b058c5d25d5157d1d7578114cb7f31083ee0fb4fbea639879166b098cd6aa55,0.10065340250730515,0.95562744140625,0.0032726843100189034,True,True,False,False,Found in isolated folder,KEEP_AFTER_RESAMPLING,False,
Tabla,tabla,T7_Jap_Tukuda_05.wav,Tabla\T7_Jap_Tukuda_05.wav,.wav,WAV,16000,1,PCM_16,5.7131875,91411,182866,3900e9be30848c0f766e5879fdb4b7a3a6b3f5af3850442a67e7dbca484772b8,0.11822336912155151,0.942352294921875,0.002636444191618077,True,True,False,False,Found in isolated folder,KEEP_AFTER_RESAMPLING,False,
Tabla,tabla,T7_LUC_01.wav,Tabla\T7_LUC_01.wav,.wav,WAV,16000,1,PCM_16,25.304125,404866,809776,0b219424f970043a3507fba279393220fde8e13d2a366c425eff894e4dac12c6,0.19363027811050415,0.999969482421875,0.0017190873029594978,True,True,False,False,Found in isolated folder,KEEP_AFTER_RESAMPLING,False,
Tabla,tabla,T7_Luc_jap_01.wav,Tabla\T7_Luc_jap_01.wav,.wav,WAV,16000,1,PCM_16,9.1093125,145749,291542,051670aefb714de973330145c57efff7d474d707bf39c370db6a022e0840fa4e,0.10062810778617859,0.77789306640625,0.024295192419845076,True,True,False,False,Found in isolated folder,KEEP_AFTER_RESAMPLING,False,
Tabla,tabla,T7_Mukuda_01.wav,Tabla\T7_Mukuda_01.wav,.wav,WAV,16000,1,PCM_16,10.4469375,167151,334346,34de3ad1ed32428c899235dab3a110b91809c5ebae6d8f87e84b54e511377365,0.10535754263401031,0.871826171875,0.002069984624680678,True,True,False,False,Found in isolated folder,KEEP_AFTER_RESAMPLING,False,
Tabla,tabla,T7_Pur_01.wav,Tabla\T7_Pur_01.wav,.wav,WAV,16000,1,PCM_16,6.89775,110364,220772,e5b8a6e35d7cef23a842a0b0a47f398ba15497f80187a00b6df75a49fd4f760a,0.1356123834848404,0.89825439453125,0.0019752817947881556,True,True,False,False,Found in isolated folder,KEEP_AFTER_RESAMPLING,False,
Tabla,tabla,T7_Pur_02.wav,Tabla\T7_Pur_02.wav,.wav,WAV,16000,1,PCM_16,6.74025,107844,215732,23d3c7aa6a8ef5b7ff731ef10bf0e3ecb2df213927d4de9438749d33b9904472,0.10776744782924652,0.918243408203125,0.0022718000074181226,True,True,False,False,Found in isolated folder,KEEP_AFTER_RESAMPLING,False,
Tabla,tabla,T7_Pur_03.wav,Tabla\T7_Pur_03.wav,.wav,WAV,16000,1,PCM_16,6.7245,107592,215228,e58957be9a22edd50e2f0f0f11962d52e0fb364ec60b1516339f15bf23d26465,0.1042931005358696,0.924346923828125,0.0031879693657521006,True,True,False,False,Found in isolated folder,KEEP_AFTER_RESAMPLING,False,
Tabla,tabla,T7_Pur_04.wav,Tabla\T7_Pur_04.wav,.wav,WAV,16000,1,PCM_16,6.7875,108600,217244,b551bccd0def5d4f69b66a4729104a1d70e71272b38aada13b0019dfa04a3547,0.11491412669420242,0.9759521484375,0.004383057090239411,True,True,False,False,Found in isolated folder,KEEP_AFTER_RESAMPLING,False,
Tabla,tabla,T7_Pur_05.wav,Tabla\T7_Pur_05.wav,.wav,WAV,16000,1,PCM_16,6.8505,109608,219260,decdafcdb93eb058d487ec540387b1ca63c6e69b089b5e1ed6f034bf3a5dfe77,0.11137279123067856,0.87530517578125,0.002435953580030655,True,True,False,False,Found in isolated folder,KEEP_AFTER_RESAMPLING,False,
Tabla,tabla,T7_Rela_01.wav,Tabla\T7_Rela_01.wav,.wav,WAV,16000,1,PCM_16,8.915625,142650,285344,46a0956a69763ef7cd28f64c55ceaa376b30f4cad8b0070e921cde97d9dec261,0.12996914982795715,0.99322509765625,0.0031756046267087277,True,True,False,False,Found in isolated folder,KEEP_AFTER_RESAMPLING,False,
Tabla,tabla,T7_TAA1_01.wav,Tabla\T7_TAA1_01.wav,.wav,WAV,16000,1,PCM_16,15.717625,251482,503008,ca26de7fc7501ce10d1da7470d5b36d13cb8354fcf7cab986fe19c04c625b124,0.20038451254367828,0.99908447265625,0.0008509555355850518,True,True,False,False,Found in isolated folder,KEEP_AFTER_RESAMPLING,False,
Tabla,tabla,T7_TAA5_01.wav,Tabla\T7_TAA5_01.wav,.wav,WAV,16000,1,PCM_16,39.4690625,631505,1263054,80f96e9cf40092b5218bdcc64b21e514ef608928dc478c0dfbc2273594e8e166,0.15327325463294983,0.999969482421875,0.0015312626186649353,True,True,False,False,Found in isolated folder,KEEP_AFTER_RESAMPLING,False,
Tabla,tabla,T7_TAA5_02.wav,Tabla\T7_TAA5_02.wav,.wav,WAV,16000,1,PCM_16,24.204875,387278,774600,5da89681a1fc49033f0edaff918ee27f84a34f4bf20b6bb0987b568231291079,0.15262724459171295,0.999969482421875,0.0022257912920434415,True,True,False,False,Found in isolated folder,KEEP_AFTER_RESAMPLING,False,
Tabla,tabla,T7_Tukuda_01.wav,Tabla\T7_Tukuda_01.wav,.wav,WAV,16000,1,PCM_16,5.2810625,84497,169038,fe583451751b465418dcd434a82c6dc15db3e2ae0a592f833acd15a3b5cf28eb,0.11552924662828445,0.823211669921875,0.002071079446607572,True,True,False,False,Found in isolated folder,KEEP_AFTER_RESAMPLING,False,
Tabla,tabla,T7_Tukuda_02.wav,Tabla\T7_Tukuda_02.wav,.wav,WAV,16000,1,PCM_16,5.1030625,81649,163342,90fb372c1544d30c0bf88e3a0f74b2cd5d5587dcbd5b8b91a12f8636971a53bd,0.13994021713733673,0.900787353515625,0.0022413011794388173,True,True,False,False,Found in isolated folder,KEEP_AFTER_RESAMPLING,False,
Tabla,tabla,T7_Tukuda_03.wav,Tabla\T7_Tukuda_03.wav,.wav,WAV,16000,1,PCM_16,5.3404375,85447,170938,f1cf1abaedd7af657494cfa52794261487d38a4cd4d473968d5717b759e65e82,0.10917804390192032,0.929473876953125,0.003089634510281227,True,True,False,False,Found in isolated folder,KEEP_AFTER_RESAMPLING,False,
Tabla,tabla,T7_Tukuda_04.wav,Tabla\T7_Tukuda_04.wav,.wav,WAV,16000,1,PCM_16,5.7535625,92057,184158,be7c26bf3b412a7d501c3655d0356b898a88998a701fb350b307cd35da110e9c,0.11105277389287949,0.94189453125,0.00235723519124021,True,True,False,False,Found in isolated folder,KEEP_AFTER_RESAMPLING,False,
Tabla,tabla,T7_Tukuda_05.wav,Tabla\T7_Tukuda_05.wav,.wav,WAV,16000,1,PCM_16,5.4294375,86871,173786,9217cee98bba772eee485b38a0d5c3d7341602f2478105aa0c7be5a0d63da6e6,0.11793762445449829,0.941986083984375,0.0018533227429176596,True,True,False,False,Found in isolated folder,KEEP_AFTER_RESAMPLING,False,
Tabla,tabla,tarana-darbari_UK2.wav,Tabla\tarana-darbari_UK2.wav,.wav,WAV,16000,1,PCM_16,72.5743125,1161189,2322422,6105aa5d2b354b34b4346676a948406064e982cce9161d3859f9d0a7081f3ab7,0.03443506732583046,0.721160888671875,0.04536470807077918,True,True,False,False,Found in isolated folder,KEEP_AFTER_RESAMPLING,False,
Tabla,tabla,trital01.wav,Tabla\trital01.wav,.wav,WAV,44100,2,PCM_16,11.536621315192743,508765,2035104,d85013f56fc02d55199842fffa769bac50a0ad0c753e8b404c4a59b98949d054,0.09834863990545273,0.879974365234375,0.008914724872976718,True,True,False,False,Found in isolated folder,KEEP,False,
Tabla,tabla,trital02.wav,Tabla\trital02.wav,.wav,WAV,44100,2,PCM_16,8.223356009070296,362650,1450644,0f377e606b53540a9033841e1fa2b9e2f582a1adac3a93c76b521de843a406c2,0.13156573474407196,1.0,0.004621535916172618,True,True,False,False,Found in isolated folder,KEEP,False,
Tabla,tabla,trital03.wav,Tabla\trital03.wav,.wav,WAV,44100,2,PCM_16,7.506439909297052,331034,1324180,e7f5559ec23683e6b27cf146f5cd133b7d31e519f8079dd0113580460b22bf7a,0.13675501942634583,1.0,0.01108949533884737,True,True,False,False,Found in isolated folder,KEEP,False,
Tabla,tabla,trital04.wav,Tabla\trital04.wav,.wav,WAV,44100,2,PCM_16,6.349115646258503,279996,1120028,76e3a0099e2905235cbc72bc848e6e2505f07328f836486b0d62fbd78a43cc59,0.14593762159347534,1.0,0.013014471635309076,True,True,False,False,Found in isolated folder,KEEP,False,
Tabla,tabla,trital05.wav,Tabla\trital05.wav,.wav,WAV,44100,2,PCM_16,5.543673469387755,244476,977948,baca67965d98240c2373e738e58d4f55acffdc8256f8df570c81af91c5eab6e5,0.1518348604440689,1.0,0.011528739017326855,True,True,False,False,Found in isolated folder,KEEP,False,
Tabla,tabla,trital06.wav,Tabla\trital06.wav,.wav,WAV,44100,2,PCM_16,5.152222222222222,227213,908896,90cf57e6431c7d11f64dbeb28b137e4beb011f2c6d9b71b44fd9d43254a6642c,0.21622991561889648,1.0,0.015058557388881798,True,True,False,False,Found in isolated folder,KEEP,False,
Tabla,tabla,trital07.wav,Tabla\trital07.wav,.wav,WAV,44100,2,PCM_16,3.3760997732426303,148886,595588,c08146647d199fddc1b8331b7b8a127f12c6bc168908d57c2f293c7ee5ff7668,0.2720850110054016,1.0,0.001279502438107008,True,True,False,False,Found in isolated folder,KEEP,False,
Tabla,tabla,trital08.wav,Tabla\trital08.wav,.wav,WAV,44100,2,PCM_16,3.980997732426304,175562,702292,4100ec06e774b80798890a68ee25f87f765a7ee74276fc14f041ad496f6e3e26,0.2516055703163147,1.0,0.014473519326505736,True,True,False,False,Found in isolated folder,KEEP,False,
Tabla,tabla,trital09.wav,Tabla\trital09.wav,.wav,WAV,44100,2,PCM_16,3.5490702947845807,156514,626100,905727fc7df72851eaeac693a1db84abbfb6d9209049d2a75e9713b31f90b084,0.21395564079284668,1.0,0.022454860268091032,True,True,False,False,Found in isolated folder,KEEP,False,
Tabla,tabla,trital10.wav,Tabla\trital10.wav,.wav,WAV,44100,2,PCM_16,11.558480725623582,509729,2038960,ee80fe3792fbccfc07adfe32e6aa4cd54988c7d2d8bef775145a3418780ca1a3,0.1487468183040619,1.0,0.008009157807383923,True,True,False,False,Found in isolated folder,KEEP,False,
Tabla,tabla,trital100.wav,Tabla\trital100.wav,.wav,WAV,44100,2,PCM_16,4.684263038548753,206576,826348,0cd12b734cb0f8ac1ded7f2da850bd9aac7582e1c098bccf63aa24d5512ea93f,0.17474761605262756,1.0,0.005082875067771667,True,True,False,False,Found in isolated folder,KEEP,False,
Tabla,tabla,trital11.wav,Tabla\trital11.wav,.wav,WAV,44100,2,PCM_16,8.130952380952381,358575,1434344,984493f8eda91c4737bb25653a9d0f330ed92271eb9e90b92252d2bdfc9ddf16,0.2233992964029312,1.0,0.0015826535592274977,True,True,False,False,Found in isolated folder,KEEP,False,
Tabla,tabla,trital12.wav,Tabla\trital12.wav,.wav,WAV,44100,2,PCM_16,8.885918367346939,391869,1567520,f2523e78df3faea302a4ab37e9113fc9a851b2d2a5904c81c28260f0b83a5a4a,0.2203933596611023,1.0,0.008109853037622267,True,True,False,False,Found in isolated folder,KEEP,False,
Tabla,tabla,trital13.wav,Tabla\trital13.wav,.wav,WAV,44100,2,PCM_16,7.550657596371882,332984,1331980,553d3dde32a5bab0b5de7d3d8f73f8e5b6671f0220acaabdc7d8399845ef2553,0.22650155425071716,1.0,0.008022908007591957,True,True,False,False,Found in isolated folder,KEEP,False,
Tabla,tabla,trital14.wav,Tabla\trital14.wav,.wav,WAV,44100,2,PCM_16,5.5777551020408165,245979,983960,c7468f6ad94543a2ec08a2744c57f2d83b9595246d350b7bfaaec58e109a3919,0.24954448640346527,1.0,0.003028713833294712,True,True,False,False,Found in isolated folder,KEEP,False,
Tabla,tabla,trital15.wav,Tabla\trital15.wav,.wav,WAV,44100,2,PCM_16,5.7103401360544215,251826,1007348,384c9c7fb789b5508ea39e8bb8db818ac034c632f295a69d00a4eab3ec15e9ce,0.24343372881412506,1.0,0.010618442893108733,True,True,False,False,Found in isolated folder,KEEP,False,
Tabla,tabla,trital16.wav,Tabla\trital16.wav,.wav,WAV,44100,2,PCM_16,5.7103401360544215,251826,1007348,81ab6e3ea8104f35993f3d8220c7ae2b9002746bf244adf7e4465ac227e02cb6,0.24343372881412506,1.0,0.01055490695956732,True,True,False,False,Found in isolated folder,KEEP,False,
Tabla,tabla,trital17.wav,Tabla\trital17.wav,.wav,WAV,44100,2,PCM_16,4.418684807256236,194864,779500,61078b5007d8ad45ee32f7b932cef5a252c60f45c3c25b823bc6f7bd07f53df5,0.25593310594558716,1.0,0.016188213318006406,True,True,False,False,Found in isolated folder,KEEP,False,
Tabla,tabla,trital18.wav,Tabla\trital18.wav,.wav,WAV,44100,2,PCM_16,3.612312925170068,159303,637256,4079718c91fec5fa1b3c05d7de4eac383c81beddad0348813f02c0e291f5cb21,0.2764720320701599,1.0,0.010878640075830335,True,True,False,False,Found in isolated folder,KEEP,False,
Tabla,tabla,trital19.wav,Tabla\trital19.wav,.wav,WAV,44100,2,PCM_16,2.7692290249433107,122123,488536,fb4e8760a17b0fcbd14c556b3f32d4452dc6bab7d59078ac0da1ee79a25d6ee8,0.3150472044944763,1.0,0.007848644399498866,True,True,False,False,Found in isolated folder,KEEP,False,
Tabla,tabla,trital20.wav,Tabla\trital20.wav,.wav,WAV,44100,2,PCM_16,10.948208616780045,482816,1931308,012ebba0dc1a90741eb3ffc112b914fc71cca50bcb6d94e58c1c81797942cda6,0.213735431432724,1.0,0.0037415909994697773,True,True,False,False,Found in isolated folder,KEEP,False,
Tabla,tabla,trital21.wav,Tabla\trital21.wav,.wav,WAV,44100,2,PCM_16,11.867256235827664,523346,2093428,650f1252a0127e98c62ce10326f8bcd73215fa4d2f0cf131114a23fe3bc02164,0.20758110284805298,1.0,0.008730361940284249,True,True,False,False,Found in isolated folder,KEEP,False,
Tabla,tabla,trital22.wav,Tabla\trital22.wav,.wav,WAV,44100,2,PCM_16,11.57514739229025,510464,2041900,f01ada2f69a1c44a6ab736ac0184603d81b6d88c99d0a5fbf49941596d0d7d0c,0.2082352489233017,1.0,0.007428535606820461,True,True,False,False,Found in isolated folder,KEEP,False,
Tabla,tabla,trital23.wav,Tabla\trital23.wav,.wav,WAV,44100,2,PCM_16,11.517097505668934,507904,2031660,6099333b278ded01c1636648b0fc2bd9b1f9a6e08aa34a5f81b65175794f26be,0.19977612793445587,1.0,0.006618376701108871,True,True,False,False,Found in isolated folder,KEEP,False,
Tabla,tabla,trital24.wav,Tabla\trital24.wav,.wav,WAV,44100,2,PCM_16,11.61265306122449,512118,2048516,5e5a4f8293b60ccfd84fe702fccfafa2cf0dabfe7f7b53a12ce01464ff6cfcba,0.20602284371852875,1.0,0.006122612366681116,True,True,False,False,Found in isolated folder,KEEP,False,
Tabla,tabla,trital25.wav,Tabla\trital25.wav,.wav,WAV,44100,2,PCM_16,11.969501133786848,527855,2111464,6470ca0e5f8cc89221e9e0b71c874b29f0d452e9b1213286c5065358bc730813,0.20428143441677094,1.0,0.009514923605914502,True,True,False,False,Found in isolated folder,KEEP,False,
Tabla,tabla,trital26.wav,Tabla\trital26.wav,.wav,WAV,44100,2,PCM_16,11.840430839002268,522163,2088696,aced74f46dd8b7719fe07a107cf21f09970532d0cea9b1edb7445ffc301b3923,0.20099231600761414,1.0,0.00593205569908247,True,True,False,False,Found in isolated folder,KEEP,False,
Tabla,tabla,trital27.wav,Tabla\trital27.wav,.wav,WAV,44100,2,PCM_16,11.447437641723356,504832,2019372,5a996501251f2bc2bc3a74e8d0e6a0d0d1e701a2d48f669f9df026fb7316355c,0.22711612284183502,1.0,0.005647423301217039,True,True,False,False,Found in isolated folder,KEEP,False,
Tabla,tabla,trital28.wav,Tabla\trital28.wav,.wav,WAV,44100,2,PCM_16,11.609977324263038,512000,2048044,64fc0a31cb79fbeed96fead95143568e099d0038fa4ab146f16d4f736ddd98b1,0.22252142429351807,1.0,0.007396484375,True,True,False,False,Found in isolated folder,KEEP,False,
Tabla,tabla,trital29.wav,Tabla\trital29.wav,.wav,WAV,44100,2,PCM_16,11.76061224489796,518643,2074616,e0d505a7714a9b4fdf0a95346ead31bd319c9b813feacbd4ca8d112dd559167a,0.21608267724514008,1.0,0.00823784375765218,True,True,False,False,Found in isolated folder,KEEP,False,
Tabla,tabla,trital30.wav,Tabla\trital30.wav,.wav,WAV,44100,2,PCM_16,11.515668934240363,507841,2031408,3efc49db64a087b3ac046b92907fde8c8ce4a690643586286f4a3abd12d2db47,0.21034739911556244,1.0,0.0038191087367896643,True,True,False,False,Found in isolated folder,KEEP,False,
Tabla,tabla,trital31.wav,Tabla\trital31.wav,.wav,WAV,44100,2,PCM_16,8.798662131519274,388021,1552128,28e59a7b38a243624734c8caa187ec2e39a12f4f39bfa6ae8ca736d976b2f4d1,0.18183079361915588,1.0,0.008011164344197866,True,True,False,False,Found in isolated folder,KEEP,False,
Tabla,tabla,trital32.wav,Tabla\trital32.wav,.wav,WAV,44100,2,PCM_16,8.95451247165533,394894,1579620,60dbc9add469ef5677624c9db981421bc7b7537506e1816b5d6110fdb364d3c5,0.18444252014160156,1.0,0.009897592771731148,True,True,False,False,Found in isolated folder,KEEP,False,
Tabla,tabla,trital33.wav,Tabla\trital33.wav,.wav,WAV,44100,2,PCM_16,8.94265306122449,394371,1577528,5699a46cbccb4bf56fd7cacfc127d3e6589135bdde104bfbabbaa54481deb6ac,0.18057332932949066,1.0,0.009013086662051722,True,True,False,False,Found in isolated folder,KEEP,False,
Tabla,tabla,trital34.wav,Tabla\trital34.wav,.wav,WAV,44100,2,PCM_16,8.192925170068028,361308,1445276,58c81db6b5f507d5b80f12554505eb104b90f3e3e32b87d797a1724b9e5d1825,0.18701285123825073,1.0,0.00368937305567549,True,True,False,False,Found in isolated folder,KEEP,False,
Tabla,tabla,trital35.wav,Tabla\trital35.wav,.wav,WAV,44100,2,PCM_16,8.258616780045351,364205,1456864,9eb21bf010bcfe971d21c8441d9b4f7447385caa11d38db83b7354ad15ddaeeb,0.18169808387756348,1.0,0.004051289795582159,True,True,False,False,Found in isolated folder,KEEP,False,
Tabla,tabla,trital36.wav,Tabla\trital36.wav,.wav,WAV,44100,2,PCM_16,9.07297052154195,400118,1600516,68114c3e6c73b6e4c2ab0e07cad1e58a2c4da4faf6106074c73f55a279fe288d,0.17413082718849182,1.0,0.01126542669912376,True,True,False,False,Found in isolated folder,KEEP,False,
Tabla,tabla,trital37.wav,Tabla\trital37.wav,.wav,WAV,44100,2,PCM_16,8.902108843537414,392583,1570376,49473a3da408473c4e343b3cffb4fe8642fa5476e3a8018373d891a7fe6d5b1a,0.18161922693252563,1.0,0.00940565434570524,True,True,False,False,Found in isolated folder,KEEP,False,
Tabla,tabla,trital38.wav,Tabla\trital38.wav,.wav,WAV,44100,2,PCM_16,9.078095238095239,400344,1601420,8c68dc75f82cff3c489414e647f8765faf36691dda5de35c6eb7ce223d27ea72,0.17272089421749115,1.0,0.009891493315748456,True,True,False,False,Found in isolated folder,KEEP,False,
Tabla,tabla,trital39.wav,Tabla\trital39.wav,.wav,WAV,44100,2,PCM_16,8.794829931972789,387852,1551452,1b15b15591014bc8fdca003f46d02f3d28c1f3fb1c524f8896dddbfe0ad5ae06,0.19755499064922333,1.0,0.0081874013799078,True,True,False,False,Found in isolated folder,KEEP,False,
Tabla,tabla,trital40.wav,Tabla\trital40.wav,.wav,WAV,44100,2,PCM_16,8.322018140589568,367001,1468048,e4d38f3b2dae42283ec5f103c5942a7efff163500052dae04ae5a4322c9deea9,0.2014722228050232,1.0,0.0038010795610911143,True,True,False,False,Found in isolated folder,KEEP,False,
Tabla,tabla,trital41.wav,Tabla\trital41.wav,.wav,WAV,44100,2,PCM_16,8.223242630385487,362645,1450624,4284a4f2aba30241875907854ff7712ec36a3f7a62ab66e4021b6e0ba7ceebc5,0.20002658665180206,1.0,0.003235947000510141,True,True,False,False,Found in isolated folder,KEEP,False,
Tabla,tabla,trital42.wav,Tabla\trital42.wav,.wav,WAV,44100,2,PCM_16,8.267142857142858,364581,1458368,4371a185f2d229f8e728807c3eafbe3a6e207c3d7a08f9b31f9a784b2e4cf4ed,0.1944579929113388,1.0,0.0035287082980188216,True,True,False,False,Found in isolated folder,KEEP,False,
Tabla,tabla,trital43.wav,Tabla\trital43.wav,.wav,WAV,44100,2,PCM_16,9.072879818594105,400114,1600500,56c0ab78ac3c7ccb1da0162135545d52c3451bc27cc7de75b9795ebc723a0c49,0.1812911033630371,1.0,0.010663210984869312,True,True,False,False,Found in isolated folder,KEEP,False,
Tabla,tabla,trital44.wav,Tabla\trital44.wav,.wav,WAV,44100,2,PCM_16,8.287256235827664,365468,1461916,866a329cb0207bc6e361a1c26def84946e9ea589c6b807f367ce12d36f6dc694,0.18676351010799408,1.0,0.003620015979511202,True,True,False,False,Found in isolated folder,KEEP,False,
Tabla,tabla,trital45.wav,Tabla\trital45.wav,.wav,WAV,44100,2,PCM_16,8.267256235827665,364586,1458388,8941988727a8c62ef1e1d6874c67935d6986d3b6b17863e75a7606f869d51836,0.18925607204437256,1.0,0.0035602025310900584,True,True,False,False,Found in isolated folder,KEEP,False,
Tabla,tabla,trital46.wav,Tabla\trital46.wav,.wav,WAV,44100,2,PCM_16,8.192222222222222,361277,1445152,b6ff965a89969a11035acdd7dc76d07d5b56ee68b2a015a318e9fa2b0147f825,0.18761903047561646,1.0,0.0035139242188127117,True,True,False,False,Found in isolated folder,KEEP,False,
Tabla,tabla,trital47.wav,Tabla\trital47.wav,.wav,WAV,44100,2,PCM_16,8.171746031746032,360374,1441540,1f92f611f0b631503977ddd5b450d32f9ad7333d006136ab7c6a0e149ea0a6c4,0.18197625875473022,1.0,0.0036364998584803563,True,True,False,False,Found in isolated folder,KEEP,False,
Tabla,tabla,trital48.wav,Tabla\trital48.wav,.wav,WAV,44100,2,PCM_16,8.301133786848073,366080,1464364,9416b1773e4dae251a7421cc1d228641cd8500acbfc3316a5c3b3898df8aaf98,0.18706554174423218,1.0,0.0027876420454545454,True,True,False,False,Found in isolated folder,KEEP,False,
Tabla,tabla,trital49.wav,Tabla\trital49.wav,.wav,WAV,44100,2,PCM_16,9.032562358276644,398336,1593388,f832eeb23f091b59f71e572e768c930385875c9c2232c8d781e1d1d3960c45a1,0.1772611141204834,1.0,0.009448053904241645,True,True,False,False,Found in isolated folder,KEEP,False,
Tabla,tabla,trital50.wav,Tabla\trital50.wav,.wav,WAV,44100,2,PCM_16,9.287981859410431,409600,1638444,fbabaf2f1e5d83913b527b4177028818ddbfee920116b33eb7b5b16334d5d142,0.17606684565544128,1.0,0.01103271484375,True,True,False,False,Found in isolated folder,KEEP,False,
Tabla,tabla,trital51.wav,Tabla\trital51.wav,.wav,WAV,44100,2,PCM_16,7.532789115646258,332196,1328828,411a19b1cfe963f449ec826866cb1e828123d95d2f6d4d280bc16c8340b2a518,0.19465355575084686,1.0,0.010821924406073522,True,True,False,False,Found in isolated folder,KEEP,False,
Tabla,tabla,trital52.wav,Tabla\trital52.wav,.wav,WAV,44100,2,PCM_16,7.662585034013605,337920,1351724,a29df5991ebaf5e35b045a9b247014d09c3b3b5c1d224044c914e2c1781eb503,0.18756629526615143,1.0,0.013084457859848485,True,True,False,False,Found in isolated folder,KEEP,False,
Tabla,tabla,trital53.wav,Tabla\trital53.wav,.wav,WAV,44100,2,PCM_16,7.558095238095238,333312,1333292,b49a264ba60b6654a0ce3cf58f141adb2de6c0ed018b83daaf0a81158e7c5959,0.18745240569114685,1.0,0.01073918730798771,True,True,False,False,Found in isolated folder,KEEP,False,
Tabla,tabla,trital54.wav,Tabla\trital54.wav,.wav,WAV,44100,2,PCM_16,7.572607709750567,333952,1335852,7dda59be4eb48a57b6714610930b27305070c2006ed4779d84cf589905dba101,0.19203811883926392,1.0,0.012241280183978536,True,True,False,False,Found in isolated folder,KEEP,False,
Tabla,tabla,trital55.wav,Tabla\trital55.wav,.wav,WAV,44100,2,PCM_16,6.651814058956916,293345,1173424,58a3d7dc5e5c48b97662beb7334e93cb269a9f54b04896a4a0ca9154b0086ea4,0.19665761291980743,1.0,0.0037805314561352673,True,True,False,False,Found in isolated folder,KEEP,False,
Tabla,tabla,trital56.wav,Tabla\trital56.wav,.wav,WAV,44100,2,PCM_16,7.2523356009070294,319828,1279356,7e49e1f9fab08e697a7411103f82f36bb9391781b70d1061e239cd98f9c9c8a8,0.19192847609519958,1.0,0.009608289455582375,True,True,False,False,Found in isolated folder,KEEP,False,
Tabla,tabla,trital57.wav,Tabla\trital57.wav,.wav,WAV,44100,2,PCM_16,6.624875283446712,292157,1168672,e45a641a5decd5f760f14eaae3888e6b007eafafaa0821258e823bb383631464,0.204137921333313,1.0,0.0035665755056356685,True,True,False,False,Found in isolated folder,KEEP,False,
Tabla,tabla,trital58.wav,Tabla\trital58.wav,.wav,WAV,44100,2,PCM_16,6.544852607709751,288628,1154556,9668a4ed4464a435f32e6f92ae07198728a19a423cc172ea84781d6ad762d85f,0.19643045961856842,1.0,0.002782127860082875,True,True,False,False,Found in isolated folder,KEEP,False,
Tabla,tabla,trital59.wav,Tabla\trital59.wav,.wav,WAV,44100,2,PCM_16,6.716394557823129,296193,1184816,400a2ea5605c47cc0fc2d462ee08171c970b97732edcc4334f4b7bdf0395f6e2,0.21640104055404663,1.0,0.004260735398878434,True,True,False,False,Found in isolated folder,KEEP,False,
Tabla,tabla,trital60.wav,Tabla\trital60.wav,.wav,WAV,44100,2,PCM_16,6.652312925170068,293367,1173512,c8a1c3c0d97fac7b00418204811fa5d3b93cd9911407e0854055fe39bb185aa7,0.21814322471618652,1.0,0.003446195379848449,True,True,False,False,Found in isolated folder,KEEP,False,
Tabla,tabla,trital61.wav,Tabla\trital61.wav,.wav,WAV,44100,2,PCM_16,6.658820861678005,293654,1174660,4ed70caf312994090080b71e3f59cadb4a06a7a41cdb513220d20d9b64ad81d7,0.2125111222267151,1.0,0.0036420413139272747,True,True,False,False,Found in isolated folder,KEEP,False,
Tabla,tabla,trital62.wav,Tabla\trital62.wav,.wav,WAV,44100,2,PCM_16,6.669342403628118,294118,1176516,7a6d3f4a3a9f04b17ea8de6d8c21519bce90c1075016900707b94fd6c54a739f,0.210290789604187,1.0,0.0038776953467655837,True,True,False,False,Found in isolated folder,KEEP,False,
Tabla,tabla,trital63.wav,Tabla\trital63.wav,.wav,WAV,44100,2,PCM_16,6.674625850340136,294351,1177448,3cf636dccb7a2031378c0f31b69d3e35273ae5c231d9a007d8e1308e3b25a51e,0.20327121019363403,1.0,0.003823666303155077,True,True,False,False,Found in isolated folder,KEEP,False,
Tabla,tabla,trital64.wav,Tabla\trital64.wav,.wav,WAV,44100,2,PCM_16,7.476281179138322,329704,1318860,083bca38faf39644914f2a80ad235d4b7d7d13ac6db72545c53ba9757007aba5,0.1931411325931549,1.0,0.009560090262781162,True,True,False,False,Found in isolated folder,KEEP,False,
Tabla,tabla,trital65.wav,Tabla\trital65.wav,.wav,WAV,44100,2,PCM_16,6.692947845804989,295159,1180680,8bb8a2f506e771c4d8765e019555b5a11804ddafd1b87e256cd13800c286ea23,0.20730865001678467,1.0,0.00374882690346559,True,True,False,False,Found in isolated folder,KEEP,False,
Tabla,tabla,trital66.wav,Tabla\trital66.wav,.wav,WAV,44100,2,PCM_16,6.659614512471656,293689,1174800,2d99604857f468fb2951c651420ce151cb77f945cdbe77298c722776e595bf1a,0.20363906025886536,1.0,0.0034509293844849484,True,True,False,False,Found in isolated folder,KEEP,False,
Tabla,tabla,trital67.wav,Tabla\trital67.wav,.wav,WAV,44100,2,PCM_16,7.5724943310657595,333947,1335832,3b65ecf1f4319cce3f2b2c9c0506bd045f041c7f62098e4960332f24ac922524,0.182464599609375,1.0,0.012635238525873867,True,True,False,False,Found in isolated folder,KEEP,False,
Tabla,tabla,trital68.wav,Tabla\trital68.wav,.wav,WAV,44100,2,PCM_16,6.6611337868480724,293756,1175068,e1abdb41eb7715985d976198713d337948b0894fff5bd59ebf3b4b46088ea3c4,0.2017916738986969,1.0,0.003831411103092362,True,True,False,False,Found in isolated folder,KEEP,False,
Tabla,tabla,trital69.wav,Tabla\trital69.wav,.wav,WAV,44100,2,PCM_16,6.698684807256236,295412,1181692,fe2c0365dbe3a77322054d9b1b6219546ed5e86c46b66605f776c8f1635d2faf,0.20584674179553986,1.0,0.004026579827495159,True,True,False,False,Found in isolated folder,KEEP,False,
Tabla,tabla,trital70.wav,Tabla\trital70.wav,.wav,WAV,44100,2,PCM_16,6.629297052154195,292352,1169452,b446137bf0ed271711de7a05be16338c9d59e2acfb5e559c60c91e0fb287f919,0.20052386820316315,1.0,0.004214098073555167,True,True,False,False,Found in isolated folder,KEEP,False,
Tabla,tabla,trital71.wav,Tabla\trital71.wav,.wav,WAV,44100,2,PCM_16,5.035328798185941,222058,888276,183ae7571e216d9ec251c2bb7a3e01291d431d7f192e9a28179fccd9eba45277,0.22560109198093414,1.0,0.003762530510046925,True,True,False,False,Found in isolated folder,KEEP,False,
Tabla,tabla,trital72.wav,Tabla\trital72.wav,.wav,WAV,44100,2,PCM_16,5.999614512471656,264583,1058376,46ee1ac4bb289c097804e47b6f1d7bbd8cc7154f23ea273e3ac25a275e72b737,0.20182578265666962,1.0,0.015480964385466943,True,True,False,False,Found in isolated folder,KEEP,False,
Tabla,tabla,trital73.wav,Tabla\trital73.wav,.wav,WAV,44100,2,PCM_16,5.937845804988662,261859,1047480,da8e1de461fa3b0a1552f151ab60d17d4270e6f264b0b0eae751dfc456b27451,0.2002866119146347,1.0,0.014507807636934381,True,True,False,False,Found in isolated folder,KEEP,False,
Tabla,tabla,trital74.wav,Tabla\trital74.wav,.wav,WAV,44100,2,PCM_16,5.1140589569161,225530,902164,d582a38fa51834f2e9ae836fd154e999d9582975fec7a287cb0b6f3f71a2a4b7,0.21662931144237518,1.0,0.004946126901077462,True,True,False,False,Found in isolated folder,KEEP,False,
Tabla,tabla,trital76.wav,Tabla\trital76.wav,.wav,WAV,44100,2,PCM_16,5.1210657596371885,225839,903400,477f47f619d4bb38751ae6c82eb427574f7f17bedaf7978b37a2c5d3724f6e03,0.21343539655208588,1.0,0.004996922586444325,True,True,False,False,Found in isolated folder,KEEP,False,
Tabla,tabla,trital77.wav,Tabla\trital77.wav,.wav,WAV,44100,2,PCM_16,5.939024943310658,261911,1047688,4588bef8bb4bea43e3ccf3c85b7d7ddbab8a593230af2fea3d1fd42c30f7d5c1,0.19855859875679016,1.0,0.015079549923447278,True,True,False,False,Found in isolated folder,KEEP,False,
Tabla,tabla,trital78.wav,Tabla\trital78.wav,.wav,WAV,44100,2,PCM_16,5.5495691609977325,244736,978988,a9bac61aeab0fb966f886706e3a5273e853245cf4c7e1db116a5a64afd5dd1d9,0.2104869931936264,1.0,0.011220253661087866,True,True,False,False,Found in isolated folder,KEEP,False,
Tabla,tabla,trital79.wav,Tabla\trital79.wav,.wav,WAV,44100,2,PCM_16,5.825555555555556,256907,1027672,1c766edcdfd4876e9b10395ae2fec3bf503063063419bd52ba6371897674056a,0.1988239884376526,1.0,0.013172081726072081,True,True,False,False,Found in isolated folder,KEEP,False,
Tabla,tabla,trital80.wav,Tabla\trital80.wav,.wav,WAV,44100,2,PCM_16,5.083605442176871,224187,896792,7b0dc9ef6dabd3a0c26497d4ca6878cce501e69cd0452a16b65982436bc1edfe,0.23997007310390472,1.0,0.004783952682358924,True,True,False,False,Found in isolated folder,KEEP,False,
Tabla,tabla,trital81.wav,Tabla\trital81.wav,.wav,WAV,44100,2,PCM_16,5.050340136054421,222720,890924,2c279437a80ba38411877b6d2a446ea7228eeb094e79454c15b6f6672ee74323,0.23514345288276672,1.0,0.004680765086206897,True,True,False,False,Found in isolated folder,KEEP,False,
Tabla,tabla,trital82.wav,Tabla\trital82.wav,.wav,WAV,44100,2,PCM_16,5.995578231292517,264405,1057664,934aee9a4a727d336d61f3cf3e7fc00bb9230a94a1cb12367b40dc8a17448173,0.21231848001480103,1.0,0.01472740681908436,True,True,False,False,Found in isolated folder,KEEP,False,
Tabla,tabla,trital83.wav,Tabla\trital83.wav,.wav,WAV,44100,2,PCM_16,5.122494331065759,225902,903652,2c26fb79f342d58a186398b4e73789ab62cf9fac7cc311d08929acbd07b865a3,0.2278444766998291,1.0,0.004526299014616958,True,True,False,False,Found in isolated folder,KEEP,False,
Tabla,tabla,trital84.wav,Tabla\trital84.wav,.wav,WAV,44100,2,PCM_16,5.659365079365079,249578,998356,d1a8bc85e004d636f8ae9d2ccf751a2e487727b9276df2cfdc4092527fbc60f4,0.20829631388187408,1.0,0.010994558815280194,True,True,False,False,Found in isolated folder,KEEP,False,
Tabla,tabla,trital85.wav,Tabla\trital85.wav,.wav,WAV,44100,2,PCM_16,5.116848072562358,225653,902656,3df3cd5ac219968a029528676dc587990415907b19d7b49a80ef12d1feb41e98,0.2240992933511734,1.0,0.005309036440907056,True,True,False,False,Found in isolated folder,KEEP,False,
Tabla,tabla,trital86.wav,Tabla\trital86.wav,.wav,WAV,44100,2,PCM_16,5.106802721088435,225210,900884,4257befc09bac348042bd33afe7387e28f4b0030e5009aeb20a35695e5ae74ba,0.2220214456319809,1.0,0.0042804493583766265,True,True,False,False,Found in isolated folder,KEEP,False,
Tabla,tabla,trital87.wav,Tabla\trital87.wav,.wav,WAV,44100,2,PCM_16,5.107482993197279,225240,901004,349cc81ce99ba99dd008edff202e7726e557f9587a4a91ed10266dd95688743e,0.21803408861160278,1.0,0.005105665068371515,True,True,False,False,Found in isolated folder,KEEP,False,
Tabla,tabla,trital88.wav,Tabla\trital88.wav,.wav,WAV,44100,2,PCM_16,5.088185941043084,224389,897600,05d02264c0e1ab0f9c70ebe93752a05be9b478aa1c960eef8903be110c89b5f1,0.21810182929039001,1.0,0.0042671432200330674,True,True,False,False,Found in isolated folder,KEEP,False,
Tabla,tabla,trital89.wav,Tabla\trital89.wav,.wav,WAV,44100,2,PCM_16,6.104331065759637,269201,1076848,8607e8e2eef6149bd0f28c8f888688c38ccc52e8e4a92a3befc9d5578d106ee3,0.1915227174758911,1.0,0.015906330214226546,True,True,False,False,Found in isolated folder,KEEP,False,
Tabla,tabla,trital90.wav,Tabla\trital90.wav,.wav,WAV,44100,2,PCM_16,5.0836961451247165,224191,896808,9540822bb7e1b57d10889d589dc34d623cc2ceb9473bf1d840619170ba65ac8a,0.22013187408447266,1.0,0.004614368997863429,True,True,False,False,Found in isolated folder,KEEP,False,
Tabla,tabla,trital91.wav,Tabla\trital91.wav,.wav,WAV,44100,2,PCM_16,5.06124716553288,223201,892848,8a879b740f4097c5d987ac30f27c6e749e8b5cfd4351f332c211fb323796be83,0.21474024653434753,1.0,0.004863329465369779,True,True,False,False,Found in isolated folder,KEEP,False,
Tabla,tabla,trital92.wav,Tabla\trital92.wav,.wav,WAV,44100,2,PCM_16,4.559637188208617,201080,804364,3a239c7586bbb978974cf0417b630ca84ad209e4b5d1af66ac975a604418b83f,0.16673149168491364,1.0,0.003958623433459319,True,True,False,False,Found in isolated folder,KEEP,False,
Tabla,tabla,trital93.wav,Tabla\trital93.wav,.wav,WAV,44100,2,PCM_16,4.555147392290249,200882,803572,7e13ca07024d5cb29258f98c9be2a1c5a1d484f4e6cfdfa31a4ffdb86c66dfa7,0.16814883053302765,1.0,0.0036364631972999072,True,True,False,False,Found in isolated folder,KEEP,False,
Tabla,tabla,trital94.wav,Tabla\trital94.wav,.wav,WAV,44100,2,PCM_16,4.608185941043084,203221,812928,2941f448ed961ecddfd666c1945792803eafd81f781de69c87ae2c8bbe50d6e0,0.16880345344543457,1.0,0.004431136545927832,True,True,False,False,Found in isolated folder,KEEP,False,
Tabla,tabla,trital95.wav,Tabla\trital95.wav,.wav,WAV,44100,2,PCM_16,4.596031746031746,202685,810784,2eb293195778897778c38a99fe94335e0ee6fdbcf028b3c01e454dab08ee7885,0.16691987216472626,1.0,0.003636184226755803,True,True,False,False,Found in isolated folder,KEEP,False,
Tabla,tabla,trital96.wav,Tabla\trital96.wav,.wav,WAV,44100,2,PCM_16,4.556303854875283,200933,803776,9b3ab5dc33afec8efedc9b9515046c5344ead701f85d8e236ccadee45663727c,0.15664851665496826,1.0,0.0023664604619450264,True,True,False,False,Found in isolated folder,KEEP,False,
Tabla,tabla,trital97.wav,Tabla\trital97.wav,.wav,WAV,44100,2,PCM_16,4.517528344671202,199223,796936,2410d89331667ea71c8e72160677e22f62f87686e903c86c01b39730fdb5af78,0.1607486605644226,1.0,0.0031673049798467043,True,True,False,False,Found in isolated folder,KEEP,False,
Tabla,tabla,trital98.wav,Tabla\trital98.wav,.wav,WAV,44100,2,PCM_16,4.589410430839003,202393,809616,d54b3576b6dfa256dbb6c88e8cffac06fdb0967edbae292d5e5cab5ae307db01,0.16104528307914734,1.0,0.0035969623455356656,True,True,False,False,Found in isolated folder,KEEP,False,
Tabla,tabla,trital99.wav,Tabla\trital99.wav,.wav,WAV,44100,2,PCM_16,4.587392290249433,202304,809260,ea5f5fc4c4b87e85e8eafad10b75404c2584fe0ab94e14f72794150dca69b8be,0.1571582853794098,0.999969482421875,0.00368751977222398,True,True,False,False,Found in isolated folder,KEEP,False,
Vocals,vocals,saraga_0001_vocals.wav,Vocals\saraga_0001_vocals.wav,.wav,WAV,44100,1,PCM_16,107.59931972789116,4745130,9490304,5d881bfec923150da81d79e8f2f6499c58df64993357aeea37757127a3200514,0.013232642784714699,0.17120361328125,0.02387458299351124,True,True,False,False,Found in isolated folder,KEEP,False,
Vocals,vocals,saraga_0002_vocals.wav,Vocals\saraga_0002_vocals.wav,.wav,WAV,44100,1,PCM_16,202.42895691609976,8927117,17854278,a1a417557daccac310f29c0cec552e4e3634c5fc71720091f22d6438cf2ce487,0.01519695669412613,0.127197265625,0.012855662135939297,True,True,False,False,Found in isolated folder,KEEP,False,
Vocals,vocals,saraga_0003_vocals.wav,Vocals\saraga_0003_vocals.wav,.wav,WAV,44100,1,PCM_16,548.6325850340136,24194697,48389438,9919d97f3b52ae749af91cd2b9da6381a9c8677825124a0bfa4ad6bc0ffd4570,0.011776522733271122,0.21783447265625,0.020184877702746185,True,True,False,False,Found in isolated folder,KEEP,False,
Vocals,vocals,saraga_0004_vocals.wav,Vocals\saraga_0004_vocals.wav,.wav,WAV,44100,1,PCM_16,1170.53462585034,51620577,103241198,c0871def2590a2519c37722a4e3a7646a9da8e9cd33b40e9565b1bcc508dba5a,0.00850262213498354,0.22784423828125,0.04549712801544237,True,True,False,False,Found in isolated folder,KEEP,False,
Vocals,vocals,saraga_0005_vocals.wav,Vocals\saraga_0005_vocals.wav,.wav,WAV,44100,1,PCM_16,4314.56455782313,190272297,380544638,bbc340ff60dd815ab94c8534a84d797808006b8167e123b84da41f62ab641f87,0.004371535498648882,0.118194580078125,0.10704223011508607,True,True,False,False,Found in isolated folder,KEEP,False,
Vocals,vocals,saraga_0006_vocals.wav,Vocals\saraga_0006_vocals.wav,.wav,WAV,44100,1,PCM_16,1608.4951020408164,70934634,141869312,042151e0546364bede6c8622d032a48e2c22b775eb2d5753408d4df37f2852a3,0.009548826143145561,0.23028564453125,0.04102218952733301,True,True,False,False,Found in isolated folder,KEEP,False,
Vocals,vocals,saraga_0007_vocals.wav,Vocals\saraga_0007_vocals.wav,.wav,WAV,44100,1,PCM_16,263.58190476190475,11623962,23247968,16a65f071a46b5bf59f368084f948a0725e8cf0a8b48afab5c46dbe48fcd957a,0.024942312389612198,0.259063720703125,0.009439294450549649,True,True,False,False,Found in isolated folder,KEEP,False,
Vocals,vocals,saraga_0008_vocals.wav,Vocals\saraga_0008_vocals.wav,.wav,WAV,44100,1,PCM_16,376.5331292517007,16605111,33210266,c1508be1c7583da2dd199707e3bf0d1f65622cef3fdc9e3dee7e240e46c1d52e,0.023345720022916794,0.235443115234375,0.009572293735344498,True,True,False,False,Found in isolated folder,KEEP,False,
Vocals,vocals,saraga_0009_vocals.wav,Vocals\saraga_0009_vocals.wav,.wav,WAV,44100,1,PCM_16,337.80031746031744,14896994,29794032,1d3e4101d76b3ff45771e33a19f9519bb3aac676316770020ef7d94c76f21c4f,0.019253790378570557,0.17889404296875,0.013591198331690273,True,True,False,False,Found in isolated folder,KEEP,False,
Vocals,vocals,saraga_0010_vocals.wav,Vocals\saraga_0010_vocals.wav,.wav,WAV,44100,1,PCM_16,526.6886394557823,23226969,46453982,337fc4cbf2d85b7e936d9c390c501dc3d11ece029314e9811029afe24395ff15,0.02215287834405899,0.21051025390625,0.01324946875332722,True,True,False,False,Found in isolated folder,KEEP,False,
Vocals,vocals,saraga_0011_vocals.wav,Vocals\saraga_0011_vocals.wav,.wav,WAV,44100,1,PCM_16,326.97780045351476,14419721,28839486,7bce69b3cf0a7ee8cb5db26f1b3c2fc8368cc79e2e4ccc54072d7cfd66906c82,0.02323859930038452,0.22467041015625,0.012060496870917268,True,True,False,False,Found in isolated folder,KEEP,False,
Vocals,vocals,saraga_0012_vocals.wav,Vocals\saraga_0012_vocals.wav,.wav,WAV,44100,1,PCM_16,85.24317460317461,3759224,7518492,c6f61cb18e2cf0b55159d46921ed9388e2eca364ccb34f94362d3a82865e0992,0.031612977385520935,0.2498779296875,0.009392895980659838,True,True,False,False,Found in isolated folder,KEEP,False,
Vocals,vocals,saraga_0013_vocals.wav,Vocals\saraga_0013_vocals.wav,.wav,WAV,44100,1,PCM_16,2735.0525623582766,120615818,241231680,6de51dcb9090536e9a91d94e5e872391a8a7f45681426389ba732d431b26d757,0.010316377505660057,0.270050048828125,0.039591399197740386,True,True,False,False,Found in isolated folder,KEEP,False,
Vocals,vocals,saraga_0014_vocals.wav,Vocals\saraga_0014_vocals.wav,.wav,WAV,44100,1,PCM_16,755.0050793650794,33295724,66591492,47378fd5c6dc0fde28a978bea6fc20c4022fd988c5c0b2f51d06aa15ae5aa19b,0.012058788910508156,0.148712158203125,0.02501840776911774,True,True,False,False,Found in isolated folder,KEEP,False,
Vocals,vocals,saraga_0015_vocals.wav,Vocals\saraga_0015_vocals.wav,.wav,WAV,44100,1,PCM_16,281.9519954648526,12434083,24868210,2449c0627bac40c593f96662d55c1483ee7496dbb650439bce2d74c2e21bedb6,0.026142070069909096,0.259765625,0.011636322517712001,True,True,False,False,Found in isolated folder,KEEP,False,
Vocals,vocals,saraga_0016_vocals.wav,Vocals\saraga_0016_vocals.wav,.wav,WAV,44100,1,PCM_16,309.34,13641894,27283832,c0d18ac7728725b177c39144916f5b31d869b46f5abffae7f8ff8845f6c926aa,0.02898731641471386,0.3212890625,0.008877139787187908,True,True,False,False,Found in isolated folder,KEEP,False,
Vocals,vocals,saraga_0017_vocals.wav,Vocals\saraga_0017_vocals.wav,.wav,WAV,44100,1,PCM_16,1642.7,72443070,144886184,bc31573b4d600818e257c60fe7e053d3c4bae9c0bfd9d32bedf28f8b7569af82,0.026419715955853462,0.42254638671875,0.021074258724816605,True,True,False,False,Found in isolated folder,KEEP,False,
Vocals,vocals,saraga_0018_vocals.wav,Vocals\saraga_0018_vocals.wav,.wav,WAV,44100,1,PCM_16,487.9,21516390,43032824,ac326963ddf81d1f3c426221a1dbf97563a1abeb2fd430e4cac04a0ed4e0bd12,0.028038345277309418,0.331634521484375,0.017514043945104175,True,True,False,False,Found in isolated folder,KEEP,False,
Vocals,vocals,saraga_0019_vocals.wav,Vocals\saraga_0019_vocals.wav,.wav,WAV,44100,1,PCM_16,3608.5,159134850,318269744,5ebdd0467d01636e02ba82c7f79812fd84aec436c72bb11c81f586c63bfa1631,0.02085014246404171,0.47515869140625,0.03385636772837628,True,True,False,False,Found in isolated folder,KEEP,False,
Vocals,vocals,saraga_0020_vocals.wav,Vocals\saraga_0020_vocals.wav,.wav,WAV,44100,1,PCM_16,590.8,26054280,52108604,0018f4b983be8df24bf9bb48feb4bf123f6f363bd0db73743819444dd0fa2218,0.023835720494389534,0.314239501953125,0.011821896440815098,True,True,False,False,Found in isolated folder,KEEP,False,
Vocals,vocals,saraga_0021_vocals.wav,Vocals\saraga_0021_vocals.wav,.wav,WAV,44100,1,PCM_16,545.11,24039351,48078746,b80e86e9557d2a9d739a62e0c5b5363009e510726e0c752c7b24b69dd43c117a,0.02452893927693367,0.247161865234375,0.019093943093555228,True,True,False,False,Found in isolated folder,KEEP,False,
Vocals,vocals,saraga_0022_vocals.wav,Vocals\saraga_0022_vocals.wav,.wav,WAV,44100,1,PCM_16,734.2,32378220,64756484,1659506b343a7ce3609e966a8f39874db1d363b550dc7296b86ed0c2e4a545f6,0.021120857447385788,0.25872802734375,0.03186469175884283,True,True,False,False,Found in isolated folder,KEEP,False,
Vocals,vocals,saraga_0023_vocals.wav,Vocals\saraga_0023_vocals.wav,.wav,WAV,44100,1,PCM_16,134.28031746031746,5921762,11843568,3c493f479d51c090fc853940a03354a1aeee01319f65302c1f5ba7c4af8de058,0.016885528340935707,0.201812744140625,0.020400684796180596,True,True,False,False,Found in isolated folder,KEEP,False,
Vocals,vocals,saraga_0024_vocals.wav,Vocals\saraga_0024_vocals.wav,.wav,WAV,44100,1,PCM_16,396.0452154195011,17465594,34931232,07319d85f90ba2d176dc03f095f52703d365f1c560d1c5b3a678d051d8b3002e,0.01827072538435459,0.253570556640625,0.016447021498381332,True,True,False,False,Found in isolated folder,KEEP,False,
Vocals,vocals,saraga_0025_vocals.wav,Vocals\saraga_0025_vocals.wav,.wav,WAV,44100,1,PCM_16,453.15632653061226,19984194,39968432,4b2b8ca09cd8c30190320027520952b89b960291fbdfd3e1f5facd1d2f6bea55,0.018091334030032158,0.188232421875,0.012468403779506945,True,True,False,False,Found in isolated folder,KEEP,False,
Vocals,vocals,saraga_0026_vocals.wav,Vocals\saraga_0026_vocals.wav,.wav,WAV,44100,1,PCM_16,2979.198888888889,131382671,262765386,d9089abfc135a9c0e5de175cca64619dd175c8f2a371905037df0931caf8278b,0.007848592475056648,0.2222900390625,0.056424556934148495,True,True,False,False,Found in isolated folder,KEEP,False,
Vocals,vocals,saraga_0027_vocals.wav,Vocals\saraga_0027_vocals.wav,.wav,WAV,44100,1,PCM_16,385.2127210884354,16987881,33975806,ece20541a0a4b1556ae03102df0dbbdb34978e776f4eb525f4922f7440137bf0,0.021944496780633926,0.255462646484375,0.01418405273736024,True,True,False,False,Found in isolated folder,KEEP,False,
Vocals,vocals,saraga_0028_vocals.wav,Vocals\saraga_0028_vocals.wav,.wav,WAV,44100,1,PCM_16,376.5814058956916,16607240,33214524,5d4e00bb1248d57b9aace0cb36fb9785a72c44ed0d174688a7a02a7ea3626b91,0.018856501206755638,0.2857666015625,0.014338384945361179,True,True,False,False,Found in isolated folder,KEEP,False,
Vocals,vocals,saraga_0029_vocals.wav,Vocals\saraga_0029_vocals.wav,.wav,WAV,44100,1,PCM_16,377.29555555555555,16638734,33277512,bd6964b4bce63cb9081a336ed379471e37166fe2d33f2d28c2a692ee992c31bd,0.019584089517593384,0.225006103515625,0.011995023179047156,True,True,False,False,Found in isolated folder,KEEP,False,
Vocals,vocals,saraga_0030_vocals.wav,Vocals\saraga_0030_vocals.wav,.wav,WAV,44100,1,PCM_16,357.53777777777776,15767416,31534876,f966c33795469057328d97308cb0205d9ec7e4a9c37dcd1e021005dd5fc7e9fc,0.017633097246289253,0.251953125,0.012203648334007297,True,True,False,False,Found in isolated folder,KEEP,False,
Vocals,vocals,saraga_0031_vocals.wav,Vocals\saraga_0031_vocals.wav,.wav,WAV,44100,1,PCM_16,799.4616780045352,35256260,70512564,8caf6947a83ba6b6e5a89304bd24bdecffc76504f84d60e66273b06ce5c1c77d,0.013115860521793365,0.193695068359375,0.03010656830872021,True,True,False,False,Found in isolated folder,KEEP,False,
Vocals,vocals,saraga_0032_vocals.wav,Vocals\saraga_0032_vocals.wav,.wav,WAV,44100,1,PCM_16,271.2825170068027,11963559,23927162,b6b30c8ac1b4b2127f3a402bbeff384e1856951ddef4bc5557d838aa7416fa1d,0.02341640740633011,0.27215576171875,0.011536282806813592,True,True,False,False,Found in isolated folder,KEEP,False,
Vocals,vocals,saraga_0033_vocals.wav,Vocals\saraga_0033_vocals.wav,.wav,WAV,44100,1,PCM_16,191.41444444444446,8441377,16882798,faf34d247a888cea27b690da6c13f6af67f3be48f5535cf80a4bd2095bc804cf,0.02326388657093048,0.351654052734375,0.012440031999518562,True,True,False,False,Found in isolated folder,KEEP,False,
Vocals,vocals,saraga_0034_vocals.wav,Vocals\saraga_0034_vocals.wav,.wav,WAV,44100,1,PCM_16,285.11662131519273,12573643,25147330,674513f3ab2fa5ef6730ab13909c9a7c09acbd2b902341a1ccf48a81eed46f34,0.009220707230269909,0.099029541015625,0.037194073348511644,True,True,False,False,Found in isolated folder,KEEP,False,
Vocals,vocals,saraga_0035_vocals.wav,Vocals\saraga_0035_vocals.wav,.wav,WAV,44100,1,PCM_16,1614.8599319727891,71215323,142430690,e96913db99d18a918cebe515d9350569316fde76a08fa3579db6ebb730962937,0.011462937109172344,0.2889404296875,0.04624826317223893,True,True,False,False,Found in isolated folder,KEEP,False,
Vocals,vocals,saraga_0036_vocals.wav,Vocals\saraga_0036_vocals.wav,.wav,WAV,44100,1,PCM_16,339.150566893424,14956540,29913124,c93593468c2e72d16c9f29ea5fe039cb2de8952ac662e1414fc1d672070a2d74,0.022319406270980835,0.280670166015625,0.011218102582549173,True,True,False,False,Found in isolated folder,KEEP,False,
Vocals,vocals,saraga_0037_vocals.wav,Vocals\saraga_0037_vocals.wav,.wav,WAV,44100,1,PCM_16,454.7759637188209,20055620,40111284,2d7f84cd47eff29de5ca810d299aef8f59893f4178168234e9c39ee1505f37c0,0.025404343381524086,0.28875732421875,0.01318328727807966,True,True,False,False,Found in isolated folder,KEEP,False,
Vocals,vocals,saraga_0038_vocals.wav,Vocals\saraga_0038_vocals.wav,.wav,WAV,44100,1,PCM_16,640.9402494331066,28265465,56530974,246e4e1c38049ecb4fd97238d6472eeefc803dbc60fb5a769ea2df8cb823f47f,0.021310897544026375,0.313568115234375,0.016704979026525832,True,True,False,False,Found in isolated folder,KEEP,False,
Vocals,vocals,saraga_0039_vocals.wav,Vocals\saraga_0039_vocals.wav,.wav,WAV,44100,1,PCM_16,3002.720770975057,132419986,264840016,615efbd84d0a5d11f9e6ac3f4aa8190e5a134e64a0934c8b753d4d488c0de414,0.013076615519821644,0.404541015625,0.03183897784130562,True,True,False,False,Found in isolated folder,KEEP,False,
Vocals,vocals,saraga_0040_vocals.wav,Vocals\saraga_0040_vocals.wav,.wav,WAV,44100,1,PCM_16,2026.657641723356,89375602,178751248,3a480d02a3f5c0a34058a93a6ac3669e743c94b21540d2d0df581325372d30a6,0.0171608105301857,0.625579833984375,0.031488022872282306,True,True,False,False,Found in isolated folder,KEEP,False,
Vocals,vocals,saraga_0041_vocals.wav,Vocals\saraga_0041_vocals.wav,.wav,WAV,44100,1,PCM_16,356.7192517006803,15731319,31462682,76433bdb92bf02382a9ad17eb91076406c129b50be980a0a72e59c0413ca1db6,0.02433205395936966,0.253204345703125,0.011032768453808609,True,True,False,False,Found in isolated folder,KEEP,False,
Vocals,vocals,saraga_0042_vocals.wav,Vocals\saraga_0042_vocals.wav,.wav,WAV,44100,1,PCM_16,773.3580272108843,34105089,68210222,90c4064700d5404e39862b873bffd5baaaf9e9a73029d94c010c0b2e173343bd,0.020977430045604706,0.300140380859375,0.017267217804357585,True,True,False,False,Found in isolated folder,KEEP,False,
Vocals,vocals,saraga_0043_vocals.wav,Vocals\saraga_0043_vocals.wav,.wav,WAV,44100,1,PCM_16,110.14551020408163,4857417,9714878,2b9c954c949ec0291c7eabefcf71fca4584f0cecf8b079796b008eb818e71ed3,0.015105533413589,0.13739013671875,0.015423217730740433,True,True,False,False,Found in isolated folder,KEEP,False,
Vocals,vocals,saraga_0044_vocals.wav,Vocals\saraga_0044_vocals.wav,.wav,WAV,44100,1,PCM_16,364.7390476190476,16084992,32170028,3d082878e32f3b32b06a52cc75d08011eb1ea53e138b2e9d4680c5ea8d9a1bb5,0.00893218070268631,0.0926513671875,0.030324478868251847,True,True,False,False,Found in isolated folder,KEEP,False,
Vocals,vocals,saraga_0045_vocals.wav,Vocals\saraga_0045_vocals.wav,.wav,WAV,44100,1,PCM_16,709.1956689342404,31275529,62551102,979f38cea6d4994226f0f7789e0d84bc1ea394bd48337608e64ac786de01308b,0.01115760300308466,0.972991943359375,0.031053607438582414,True,True,False,False,Found in isolated folder,KEEP,False,
Vocals,vocals,saraga_0046_vocals.wav,Vocals\saraga_0046_vocals.wav,.wav,WAV,44100,1,PCM_16,291.0040816326531,12833280,25666604,910570fa40263d539cd45ca8bedeacba81f05a5ab0a071029a810dcf8de6332a,0.010687924921512604,0.291015625,0.025658755984440455,True,True,False,False,Found in isolated folder,KEEP,False,
Vocals,vocals,saraga_0047_vocals.wav,Vocals\saraga_0047_vocals.wav,.wav,WAV,44100,1,PCM_16,2541.8173922902492,112094147,224188338,64669ac075de19c8b17f319c6c5d19af64b60ff7d1aa1f7a49a5b53cf8d9c396,0.01015939749777317,0.5244140625,0.03222399292623191,True,True,False,False,Found in isolated folder,KEEP,False,
Vocals,vocals,saraga_0048_vocals.wav,Vocals\saraga_0048_vocals.wav,.wav,WAV,44100,1,PCM_16,1441.1232653061224,63553536,127107116,484b73d1bb62050df4018c14ce9a5f94426e31fdb697fbc9a7a34fbae104b1b7,0.010276650078594685,0.257568359375,0.03013986507375451,True,True,False,False,Found in isolated folder,KEEP,False,
Vocals,vocals,saraga_0049_vocals.wav,Vocals\saraga_0049_vocals.wav,.wav,WAV,44100,1,PCM_16,252.7958276643991,11148296,22296636,6010ce6634031646d53fdf5d88762e256612da4a8c221201bca201d9d615ba4c,0.0075340052135288715,0.256134033203125,0.06314579376076847,True,True,False,False,Found in isolated folder,KEEP,False,
Vocals,vocals,saraga_0050_vocals.wav,Vocals\saraga_0050_vocals.wav,.wav,WAV,44100,1,PCM_16,299.0730158730159,13189120,26378284,a50413b87c91f1ce225518478f054a4f6df7c704111c4c0b00e223edcebdd2f8,0.012248934246599674,0.15509033203125,0.029663313397709626,True,True,False,False,Found in isolated folder,KEEP,False,
Vocals,vocals,saraga_0051_vocals.wav,Vocals\saraga_0051_vocals.wav,.wav,WAV,44100,1,PCM_16,249.0354195011338,10982462,21964968,7e68e2dcf2ed9f10e94e1e1410acbff18fd9dd957ca78494a0f344d6c143d0b0,0.01277866866439581,0.164306640625,0.019794468671960806,True,True,False,False,Found in isolated folder,KEEP,False,
Vocals,vocals,saraga_0052_vocals.wav,Vocals\saraga_0052_vocals.wav,.wav,WAV,44100,1,PCM_16,1589.9048526077097,70114804,140229652,3dc9fa25cd111fb95d2932fe4c9ec9aae8c7f341f064e3b5d072645928448176,0.015769343823194504,0.255126953125,0.06995742297161667,True,True,False,False,Found in isolated folder,KEEP,False,
Vocals,vocals,saraga_0053_vocals.wav,Vocals\saraga_0053_vocals.wav,.wav,WAV,44100,1,PCM_16,581.814716553288,25658029,51316102,d814fca1c7ff8963a3a0e186302259ce5a6be885bec75bbce43ecc505ce37712,0.018238762393593788,0.1689453125,0.023163002894727416,True,True,False,False,Found in isolated folder,KEEP,False,
Vocals,vocals,saraga_0054_vocals.wav,Vocals\saraga_0054_vocals.wav,.wav,WAV,44100,1,PCM_16,248.86716553287982,10975042,21950128,3b42c471afe9dccaf7bf28b1cc03ecfba2e44e900a74e1f2b75344b0aa73e09a,0.01752789504826069,0.152679443359375,0.02517748907020128,True,True,False,False,Found in isolated folder,KEEP,False,
Vocals,vocals,saraga_0055_vocals.wav,Vocals\saraga_0055_vocals.wav,.wav,WAV,44100,1,PCM_16,793.6454195011338,34999763,69999570,4e943c0a8f91b35210854837ffdcfdcc7649c534809354493cfe12bab0295392,0.01670013926923275,0.194427490234375,0.04400255510301598,True,True,False,False,Found in isolated folder,KEEP,False,
Vocals,vocals,saraga_0056_vocals.wav,Vocals\saraga_0056_vocals.wav,.wav,WAV,44100,1,PCM_16,493.2302947845805,21751456,43502956,c042b280a81972a466896013679e512b5e25239825e03b03fd82ca143d19c476,0.017487313598394394,0.174560546875,0.031232254061521216,True,True,False,False,Found in isolated folder,KEEP,False,
Vocals,vocals,saraga_0057_vocals.wav,Vocals\saraga_0057_vocals.wav,.wav,WAV,44100,1,PCM_16,348.21453514739227,15356261,30712566,0d7df869603612b5b05dd0c99e39f9cea3afe58aa49a5b6b35a0295ce5d156b5,0.018934298306703568,0.154449462890625,0.028184399835350545,True,True,False,False,Found in isolated folder,KEEP,False,
Vocals,vocals,saraga_0059_vocals.wav,Vocals\saraga_0059_vocals.wav,.wav,WAV,44100,1,PCM_16,78.8692970521542,3478136,6956316,ae66c30f767eb0663ef2c070da480442b07411999ede592b72e9c7e18f88be2d,0.01634584367275238,0.12188720703125,0.04992760490101595,True,True,False,False,Found in isolated folder,KEEP,False,
Vocals,vocals,saraga_0060_vocals.wav,Vocals\saraga_0060_vocals.wav,.wav,WAV,44100,1,PCM_16,316.44167800453516,13955078,27910200,e04fca37237286aee88445248188f59be487b5e77b2a7802927cb8c6a5f1577e,0.019597815349698067,0.19586181640625,0.023309292860992967,True,True,False,False,Found in isolated folder,KEEP,False,
Vocals,vocals,saraga_0061_vocals.wav,Vocals\saraga_0061_vocals.wav,.wav,WAV,44100,1,PCM_16,478.0599319727891,21082443,42164930,102bafef258d15b9f51ac7a98b47723ad9a9a93ca9bd799ef4abc4adee42aa1d,0.01810138113796711,0.192718505859375,0.020693854123072928,True,True,False,False,Found in isolated folder,KEEP,False,
Vocals,vocals,saraga_0062_vocals.wav,Vocals\saraga_0062_vocals.wav,.wav,WAV,44100,1,PCM_16,1494.4038775510205,65903211,131806466,08ca9674146808b9a87be30209ed72389f988d2ee5e209d80b689895bfc4d48d,0.008391321636736393,0.14404296875,0.08034737487980669,True,True,False,False,Found in isolated folder,KEEP,False,
Vocals,vocals,saraga_0063_vocals.wav,Vocals\saraga_0063_vocals.wav,.wav,WAV,44100,1,PCM_16,393.5757596371882,17356691,34713426,a77efae48b272a4c035c4d9db19bd4bddff7aa8906f7cbe0fa16195145384045,0.01797449216246605,0.19189453125,0.02146757120928177,True,True,False,False,Found in isolated folder,KEEP,False,
Vocals,vocals,saraga_0064_vocals.wav,Vocals\saraga_0064_vocals.wav,.wav,WAV,44100,1,PCM_16,300.8192970521542,13266131,26532306,d9939da969fa71fad7c3e39fb7106e46404451ecb03d0768dc6cc6c68617b7a4,0.015341841615736485,0.1959228515625,0.03565071082141432,True,True,False,False,Found in isolated folder,KEEP,False,
Vocals,vocals,saraga_0065_vocals.wav,Vocals\saraga_0065_vocals.wav,.wav,WAV,44100,1,PCM_16,80.09643990929705,3532253,7064550,4bab3909222d271f9dabcbfab84d4cc96a7543ca945ed88b4db61cd50d36d52e,0.022294336929917336,0.156646728515625,0.015050733908358207,True,True,False,False,Found in isolated folder,KEEP,False,
Vocals,vocals,saraga_0066_vocals.wav,Vocals\saraga_0066_vocals.wav,.wav,WAV,44100,1,PCM_16,4580.078843537415,201981477,403962998,b429de983ae5e3493c2131667303cd51b662f91990e0ae216c5bf195b41bf2f1,0.007192154414951801,0.14825439453125,0.09151854058379819,True,True,False,False,Found in isolated folder,KEEP,False,
Vocals,vocals,saraga_0067_vocals.wav,Vocals\saraga_0067_vocals.wav,.wav,WAV,44100,1,PCM_16,251.5299546485261,11092471,22184986,815c7359489324250631938bd0326c07eedef2c749f4caa0e232a00f2983f134,0.018215646967291832,0.181396484375,0.018423487426741977,True,True,False,False,Found in isolated folder,KEEP,False,
Vocals,vocals,saraga_0068_vocals.wav,Vocals\saraga_0068_vocals.wav,.wav,WAV,44100,1,PCM_16,361.34707482993196,15935406,31870856,28f63c52ba647737df78cf503bdbd21d206eb3ee57961edce069d9b9a40a01bb,0.02107127010822296,0.2781982421875,0.019669533364885715,True,True,False,False,Found in isolated folder,KEEP,False,
Vocals,vocals,saraga_0069_vocals.wav,Vocals\saraga_0069_vocals.wav,.wav,WAV,44100,1,PCM_16,422.001156462585,18610251,37220546,a343dae43df6b7517d91cf1108dc616ca1d1f95d8974e4b425dedff181763caa,0.014446012675762177,0.165313720703125,0.030774329696036877,True,True,False,False,Found in isolated folder,KEEP,False,
Vocals,vocals,saraga_0070_vocals.wav,Vocals\saraga_0070_vocals.wav,.wav,WAV,44100,1,PCM_16,226.36666666666667,9982770,19965584,bce31e8de478fa11ccbed9a426742978b31bd8d783e5d41b961bffade124b29d,0.02749701775610447,0.2806396484375,0.008384746918941336,True,True,False,False,Found in isolated folder,KEEP,False,
Vocals,vocals,saraga_0071_vocals.wav,Vocals\saraga_0071_vocals.wav,.wav,WAV,44100,1,PCM_16,301.5330612244898,13297608,26595260,3c5a2ada35de580980397471f3ed5809d3866670cf2e8b40267c77298472caa8,0.020217465236783028,0.205352783203125,0.01068402678135797,True,True,False,False,Found in isolated folder,KEEP,False,
Vocals,vocals,saraga_0072_vocals.wav,Vocals\saraga_0072_vocals.wav,.wav,WAV,44100,1,PCM_16,1140.6973242630386,50304752,100609548,9824341362d07339b1ddc6207eed8454c4e0736db8b73ce1c3d5238447a9ecc3,0.016619285568594933,0.326873779296875,0.03044151773176419,True,True,False,False,Found in isolated folder,KEEP,False,
Vocals,vocals,saraga_0073_vocals.wav,Vocals\saraga_0073_vocals.wav,.wav,WAV,44100,1,PCM_16,391.08274376417233,17246749,34493542,cddea9c169b38092e29208dee99ef82b832d8d16f0cc4cefed84055647000f31,0.024877315387129784,0.2677001953125,0.011925667846154658,True,True,False,False,Found in isolated folder,KEEP,False,
Vocals,vocals,saraga_0074_vocals.wav,Vocals\saraga_0074_vocals.wav,.wav,WAV,44100,1,PCM_16,341.5843990929705,15063872,30127788,7f9652abe127cc75080cd90ecf6f2fcf0aeef392566409f67a3eeac06a8c623d,0.018274866044521332,0.2412109375,0.01829834985321171,True,True,False,False,Found in isolated folder,KEEP,False,
Vocals,vocals,saraga_0075_vocals.wav,Vocals\saraga_0075_vocals.wav,.wav,WAV,44100,1,PCM_16,2276.101746031746,100376087,200752218,f961f8b5a9d8bf1cecd1af06351e244058c3c0614cf4013c41b0b8b776f6a6f6,0.015546160750091076,0.239471435546875,0.03975520583901622,True,True,False,False,Found in isolated folder,KEEP,False,
Vocals,vocals,saraga_0076_vocals.wav,Vocals\saraga_0076_vocals.wav,.wav,WAV,44100,1,PCM_16,57.45065759637188,2533574,5067192,68caabef2f91d236e30a9aacfb59120e62208a8cfde33db685aaac0c014d431a,0.01872267760336399,0.168243408203125,0.012015437480807745,True,True,False,False,Found in isolated folder,KEEP,False,
Vocals,vocals,saraga_0077_vocals.wav,Vocals\saraga_0077_vocals.wav,.wav,WAV,44100,1,PCM_16,2332.52358276644,102864290,205728624,92354666b016be0512ef0640953d92b63c8bb5df2d6178a94b53e4e964e3ea64,0.013030714355409145,0.234649658203125,0.052142380995387226,True,True,False,False,Found in isolated folder,KEEP,False,
Vocals,vocals,saraga_0078_vocals.wav,Vocals\saraga_0078_vocals.wav,.wav,WAV,44100,1,PCM_16,447.3849433106576,19729676,39459396,f4bde7b6dd3c617ec3eab0229b602cf15db99c60e6923f191a5394754b265111,0.01899055950343609,0.23675537109375,0.021416672022389015,True,True,False,False,Found in isolated folder,KEEP,False,
Vocals,vocals,saraga_0079_vocals.wav,Vocals\saraga_0079_vocals.wav,.wav,WAV,44100,1,PCM_16,266.9562585034014,11772771,23545586,f657268bcae08333cd2211e9c0727b73bd1a3d1dcabe1dac59292739f579c4ab,0.027775838971138,0.32867431640625,0.011761462106075113,True,True,False,False,Found in isolated folder,KEEP,False,
Vocals,vocals,saraga_0080_vocals.wav,Vocals\saraga_0080_vocals.wav,.wav,WAV,44100,1,PCM_16,343.33351473922903,15141008,30282060,b81ee0116681afd323dd14fe40b3c2d89edab80589ab419dd4e7436c97f8b335,0.025569934397935867,0.265472412109375,0.011961885232475936,True,True,False,False,Found in isolated folder,KEEP,False,
Vocals,vocals,saraga_0081_vocals.wav,Vocals\saraga_0081_vocals.wav,.wav,WAV,44100,1,PCM_16,801.7316099773243,35356364,70712772,5a3db4bfd4bc4bb9e09887a0f061272f2422005c1dc7dd1f3147b914acc19a4d,0.010712169110774994,0.12396240234375,0.01792359078552308,True,True,False,False,Found in isolated folder,KEEP,False,
Vocals,vocals,saraga_0082_vocals.wav,Vocals\saraga_0082_vocals.wav,.wav,WAV,44100,1,PCM_16,310.5972789115646,13697340,27394724,d8f02a9cd7961b42867c1c72b6be360da540ae28393e11a132a2f7d546a90d33,0.012748249806463718,0.13140869140625,0.015298152780028823,True,True,False,False,Found in isolated folder,KEEP,False,
Vocals,vocals,saraga_0083_vocals.wav,Vocals\saraga_0083_vocals.wav,.wav,WAV,44100,1,PCM_16,441.83775510204083,19485045,38970134,214db544f8af75a5da129ad55685157ea2111a4a3fdeb31e5641be378ba67813,0.011053384281694889,0.139373779296875,0.026508894385411992,True,True,False,False,Found in isolated folder,KEEP,False,
Vocals,vocals,saraga_0084_vocals.wav,Vocals\saraga_0084_vocals.wav,.wav,WAV,44100,1,PCM_16,1325.7156462585035,58464060,116928164,12890336210b000de85464dcbf1f2528440851b558f3ec8aa18908972855287d,0.009517737664282322,0.140411376953125,0.03323416129499046,True,True,False,False,Found in isolated folder,KEEP,False,
Vocals,vocals,saraga_0085_vocals.wav,Vocals\saraga_0085_vocals.wav,.wav,WAV,44100,1,PCM_16,231.9984126984127,10231130,20462304,16757ecb3625376e5e63fb31d5b7ec8b847b3c5bd2681f3d95e13c87526bf172,0.011364138685166836,0.131439208984375,0.017523870774782454,True,True,False,False,Found in isolated folder,KEEP,False,
Vocals,vocals,saraga_0086_vocals.wav,Vocals\saraga_0086_vocals.wav,.wav,WAV,44100,1,PCM_16,187.51478458049885,8269402,16538848,c1e798929d65a7801f5d6ba38e767d6c2347fec8c6c88bf5840ecba5ad6bd747,0.00892480369657278,0.082916259765625,0.022218535270144082,True,True,False,False,Found in isolated folder,KEEP,False,
Vocals,vocals,saraga_0087_vocals.wav,Vocals\saraga_0087_vocals.wav,.wav,WAV,44100,1,PCM_16,302.51460317460317,13340894,26681832,ed958046f370077ad932eb396fc90928ca7ad9167c14c4b0af7a2df0414da0cb,0.012971565127372742,0.1864013671875,0.016083329947753126,True,True,False,False,Found in isolated folder,KEEP,False,
Vocals,vocals,saraga_0088_vocals.wav,Vocals\saraga_0088_vocals.wav,.wav,WAV,44100,1,PCM_16,123.07959183673469,5427810,10855664,ae2d7f5b84ff484ba74b6eaf7afbca4871b789017fa67a8b5fb5198ee4628bb1,0.014611427672207355,0.15875244140625,0.013804831046038826,True,True,False,False,Found in isolated folder,KEEP,False,
Vocals,vocals,saraga_0089_vocals.wav,Vocals\saraga_0089_vocals.wav,.wav,WAV,44100,1,PCM_16,471.83891156462585,20808096,41616236,00d8671e77100e0c5c24f40eb1af513fdfe583eb2650b79da48aeb22ae027bc4,0.013053268194198608,0.217803955078125,0.020131491127299683,True,True,False,False,Found in isolated folder,KEEP,False,
Vocals,vocals,saraga_0090_vocals.wav,Vocals\saraga_0090_vocals.wav,.wav,WAV,44100,1,PCM_16,892.795306122449,39372273,78744590,dba2161649086d57f4098fb55f548c53c250ee5a1b680d8805df82622bf118b0,0.010563777759671211,0.1146240234375,0.032358583920212076,True,True,False,False,Found in isolated folder,KEEP,False,
Vocals,vocals,saraga_0091_vocals.wav,Vocals\saraga_0091_vocals.wav,.wav,WAV,44100,1,PCM_16,208.54891156462585,9197007,18394058,57768dfaa8ca50529e9dd0a91fa66347d1d4d59e9931673d389ce5c5a00bef95,0.010552804917097092,0.10284423828125,0.016720548326210907,True,True,False,False,Found in isolated folder,KEEP,False,
Vocals,vocals,saraga_0092_vocals.wav,Vocals\saraga_0092_vocals.wav,.wav,WAV,44100,1,PCM_16,717.4289569160998,31638617,63277278,ee57edae0ccf5d0bc0ef3872c938def0a633be67e02c91e40a44a00d79fbf965,0.011439019814133644,0.18133544921875,0.02107310822088083,True,True,False,False,Found in isolated folder,KEEP,False,
Vocals,vocals,saraga_0093_vocals.wav,Vocals\saraga_0093_vocals.wav,.wav,WAV,44100,1,PCM_16,1509.7886848072562,66581681,133163406,4eb956b260d53f6010f305a5f27e89c3a9214158bb6eabf4fce7806af1de4b01,0.008837231434881687,0.14886474609375,0.03309070853888474,True,True,False,False,Found in isolated folder,KEEP,False,
Vocals,vocals,saraga_0094_vocals.wav,Vocals\saraga_0094_vocals.wav,.wav,WAV,44100,1,PCM_16,277.4701133786848,12236432,24472908,4499440b3673ee0bcc0cffee7ced754ea5944972b03d3226170cb42d01367e00,0.011050650849938393,0.09844970703125,0.016229812742799533,True,True,False,False,Found in isolated folder,KEEP,False,
Vocals,vocals,saraga_0095_vocals.wav,Vocals\saraga_0095_vocals.wav,.wav,WAV,44100,1,PCM_16,2014.5843310657597,88843169,177686382,b294031b1acd5778a9a0767a883044567a901d40844df5cd4ce4f033654cc854,0.00930691696703434,0.2733154296875,0.07812329386854718,True,True,False,False,Found in isolated folder,KEEP,False,
Vocals,vocals,saraga_0096_vocals.wav,Vocals\saraga_0096_vocals.wav,.wav,WAV,44100,1,PCM_16,937.9821541950114,41365013,82730070,700de177527ff1472682e277e0af3cc121844310c1e1f983a4fb47e9bc531386,0.009641849435865879,0.123199462890625,0.055775952493959086,True,True,False,False,Found in isolated folder,KEEP,False,
Vocals,vocals,saraga_0097_vocals.wav,Vocals\saraga_0097_vocals.wav,.wav,WAV,44100,1,PCM_16,396.9187528344671,17504117,35008278,e073a48b78b431788d0ba1acfdd1901b07c73de297cff8ba204164d2601536e3,0.00693444162607193,0.066314697265625,0.07971690317197948,True,True,False,False,Found in isolated folder,KEEP,False,
Vocals,vocals,saraga_0098_vocals.wav,Vocals\saraga_0098_vocals.wav,.wav,WAV,44100,1,PCM_16,1134.2208616780044,50019140,100038324,7b59c7ea2cc9cd1d92c52f0ff95f6c3361b6097f9ee42721184f1b31022082bf,0.01004077773541212,0.169952392578125,0.06756675544601526,True,True,False,False,Found in isolated folder,KEEP,False,
Vocals,vocals,saraga_0099_vocals.wav,Vocals\saraga_0099_vocals.wav,.wav,WAV,44100,1,PCM_16,511.0785487528345,22538564,45077172,ae446d872d20b8d5a2c2d9f6024e569fa83ff41d428c85859b13cf9a22456632,0.0051270341500639915,0.055267333984375,0.08645306772871598,True,True,False,False,Found in isolated folder,KEEP,False,
Vocals,vocals,saraga_0100_vocals.wav,Vocals\saraga_0100_vocals.wav,.wav,WAV,44100,1,PCM_16,447.2359183673469,19723104,39446252,8024516f57d60e0b90c4cb9ec719d28c07dd594ac99168b4db0e881df606a79e,0.010705366730690002,0.11688232421875,0.026655033609314233,True,True,False,False,Found in isolated folder,KEEP,False,
Vocals,vocals,saraga_0101_vocals.wav,Vocals\saraga_0101_vocals.wav,.wav,WAV,44100,1,PCM_16,2689.1156009070296,118589998,237180040,448f11ed9587b0ad769a4d83649e4b1c65f08ef9a00ead0dc548f5dfc7cfb0e6,0.007730325683951378,0.16058349609375,0.04386683605475733,True,True,False,False,Found in isolated folder,KEEP,False,
Vocals,vocals,saraga_0102_vocals.wav,Vocals\saraga_0102_vocals.wav,.wav,WAV,44100,1,PCM_16,214.8795918367347,9476190,18952424,efab97375c19be2804686e8f8f16e932ff72491b873f6817f54f8ecb17ae7eed,0.009619851596653461,0.09344482421875,0.01683070938847786,True,True,False,False,Found in isolated folder,KEEP,False,
Vocals,vocals,saraga_0103_vocals.wav,Vocals\saraga_0103_vocals.wav,.wav,WAV,44100,1,PCM_16,320.35192743764173,14127520,28255084,24a4d86bf3e87755aad22601db03f86170bb7f230ecf58ccf78197955db0f445,0.009911639615893364,0.075469970703125,0.01610027803889147,True,True,False,False,Found in isolated folder,KEEP,False,
Vocals,vocals,saraga_0104_vocals.wav,Vocals\saraga_0104_vocals.wav,.wav,WAV,44100,1,PCM_16,315.60201814058956,13918049,27836142,977d71900d50849cf71e995b61705eacc4cab18f04686ffc52d37fa2616a1460,0.010982070118188858,0.1092529296875,0.015726916897619774,True,True,False,False,Found in isolated folder,KEEP,False,
Vocals,vocals,saraga_0105_vocals.wav,Vocals\saraga_0105_vocals.wav,.wav,WAV,44100,1,PCM_16,893.4032199546485,39399082,78798208,d3a2c394b56480fcb84e4324fdfd69f89081d716dcdfcaf4383af119c36e7951,0.009225365705788136,0.094879150390625,0.03578106210698006,True,True,False,False,Found in isolated folder,KEEP,False,
Vocals,vocals,saraga_0106_vocals.wav,Vocals\saraga_0106_vocals.wav,.wav,WAV,44100,1,PCM_16,1203.1173242630387,53057474,106114992,a071419ceaf24a7d0f3606446ed894c3f5c6eb5ff19eebb9e101e677da340906,0.009705589152872562,0.161865234375,0.0328331122586047,True,True,False,False,Found in isolated folder,KEEP,False,
Vocals,vocals,saraga_0107_vocals.wav,Vocals\saraga_0107_vocals.wav,.wav,WAV,44100,1,PCM_16,262.77761904761905,11588493,23177030,58c430ec4a51afb63cd5b1bfe3b145ae64c737839e62da1a461533e18cb3f996,0.009705128148198128,0.09722900390625,0.017414257401717377,True,True,False,False,Found in isolated folder,KEEP,False,
Vocals,vocals,saraga_0108_vocals.wav,Vocals\saraga_0108_vocals.wav,.wav,WAV,44100,1,PCM_16,258.85755102040815,11415618,22831280,f9037d6ca2b867223209a8187cb020f0fddbb73a3efbda2c0a3aa84093b772ad,0.011481794528663158,0.112548828125,0.01403953776308913,True,True,False,False,Found in isolated folder,KEEP,False,
Vocals,vocals,saraga_0109_vocals.wav,Vocals\saraga_0109_vocals.wav,.wav,WAV,44100,1,PCM_16,476.18380952380954,20999706,41999456,d21fa88e8b719cfc0726f2bc17be574a5492d9ea43558e2b112ff2379438a489,0.006796096917241812,0.077880859375,0.039501362542885124,True,True,False,False,Found in isolated folder,KEEP,False,
Vocals,vocals,saraga_0110_vocals.wav,Vocals\saraga_0110_vocals.wav,.wav,WAV,44100,1,PCM_16,804.9600453514739,35498738,70997520,f154eaa5ff9364654a8000eb465d23152dff7c9d9f695d515c846d23595be92c,0.005303945392370224,0.07403564453125,0.04619567039256438,True,True,False,False,Found in isolated folder,KEEP,False,
Vocals,vocals,saraga_0111_vocals.wav,Vocals\saraga_0111_vocals.wav,.wav,WAV,44100,1,PCM_16,821.8812698412698,36244964,72489972,51bbb609f39ffe9f280a810c093f9eb65e3a9906635673b92085d7468ba15d15,0.005995465908199549,0.092041015625,0.03993680335839208,True,True,False,False,Found in isolated folder,KEEP,False,
Vocals,vocals,saraga_0112_vocals.wav,Vocals\saraga_0112_vocals.wav,.wav,WAV,44100,1,PCM_16,1400.2042630385488,61749008,123498060,c2d7b4ceb94b5e8404427e8e83e41d4dd9d162816926a8b802af11f03d3f8212,0.004758458584547043,0.1014404296875,0.06744942364094335,True,True,False,False,Found in isolated folder,KEEP,False,
Vocals,vocals,saraga_0113_vocals.wav,Vocals\saraga_0113_vocals.wav,.wav,WAV,44100,1,PCM_16,299.1020408163265,13190400,26380844,f8fc452fa3d49f8bb11a3819571c09be97a6c182d4d6a63ef109ea64792ed6a1,0.00969548337161541,0.098785400390625,0.020111444687045125,True,True,False,False,Found in isolated folder,KEEP,False,
Vocals,vocals,saraga_0114_vocals.wav,Vocals\saraga_0114_vocals.wav,.wav,WAV,44100,1,PCM_16,422.1757596371882,18617951,37235946,26bf95094bd5d2404e1750aa5e8098d6b5c0795fefb7eabdc75bcdce5be9de2b,0.0076792179606854916,0.1141357421875,0.02478801238654028,True,True,False,False,Found in isolated folder,KEEP,False,
Vocals,vocals,saraga_0115_vocals.wav,Vocals\saraga_0115_vocals.wav,.wav,WAV,44100,1,PCM_16,189.08020408163264,8338437,16676918,070c56eebddfdbe169bb9a8cfa6656f508f4d923e382f98d7cfc45f63df85985,0.008410923182964325,0.085601806640625,0.022582649482151152,True,True,False,False,Found in isolated folder,KEEP,False,
Vocals,vocals,saraga_0116_vocals.wav,Vocals\saraga_0116_vocals.wav,.wav,WAV,44100,1,PCM_16,1732.4631972789116,76401627,152803298,7cb6ac2455606ccb53ca6e56a22f1ac6821fa40d47fa513ddc5261ae22b442e8,0.007618142291903496,0.123199462890625,0.06882322021754851,True,True,False,False,Found in isolated folder,KEEP,False,
Vocals,vocals,saraga_0117_vocals.wav,Vocals\saraga_0117_vocals.wav,.wav,WAV,44100,1,PCM_16,600.1184807256236,26465225,52930494,c9551e997cee64a2c45dc788927c1f64d4f20527554167de360cadcfe63d405d,0.01004920993000269,0.156036376953125,0.028158385201712814,True,True,False,False,Found in isolated folder,KEEP,False,
Vocals,vocals,saraga_0118_vocals.wav,Vocals\saraga_0118_vocals.wav,.wav,WAV,44100,1,PCM_16,3161.143492063492,139406428,278812900,c3f9fd5a4e03f3afe4eac51f9c1f9d5e0e817d788fdec31ed0b3e2059196ddff,0.006806149147450924,0.126708984375,0.06262095030510358,True,True,False,False,Found in isolated folder,KEEP,False,
Vocals,vocals,saraga_0119_vocals.wav,Vocals\saraga_0119_vocals.wav,.wav,WAV,44100,1,PCM_16,210.3736507936508,9277478,18555000,5430f6ae4f27c4800b240051315aacffe0f5e2e9b391a9b5c90a0bbb9f562fdc,0.01040419191122055,0.090576171875,0.022601293153160805,True,True,False,False,Found in isolated folder,KEEP,False,
Vocals,vocals,saraga_0120_vocals.wav,Vocals\saraga_0120_vocals.wav,.wav,WAV,44100,1,PCM_16,321.1894557823129,14164455,28328954,7fa476b6ec764b2f697289744c3d23ecb63ad570e0d60c61f72458689ceda726,0.009634709917008877,0.089263916015625,0.023766110309221215,True,True,False,False,Found in isolated folder,KEEP,False,
Vocals,vocals,saraga_0121_vocals.wav,Vocals\saraga_0121_vocals.wav,.wav,WAV,44100,1,PCM_16,307.2377551020408,13549185,27098414,526dc14df4420bc874517a873451ad36071713454ffd088819e26c43af51c271,0.013125982135534286,0.146331787109375,0.020637994093371668,True,True,False,False,Found in isolated folder,KEEP,False,
Vocals,vocals,saraga_0122_vocals.wav,Vocals\saraga_0122_vocals.wav,.wav,WAV,44100,1,PCM_16,304.8163038548753,13442399,26884842,f979286226779264b2d88cb86b92a7b18e326faad7cf9cd7514911396c144d87,0.009872021153569221,0.12725830078125,0.020024550677300978,True,True,False,False,Found in isolated folder,KEEP,False,
Vocals,vocals,saraga_0123_vocals.wav,Vocals\saraga_0123_vocals.wav,.wav,WAV,44100,1,PCM_16,287.12009070294783,12661996,25324036,a9a94a39722a747ab7e66ef18a367d8aecf9151ea0a29b5e9d0bb6e34449d369,0.007933306507766247,0.095916748046875,0.026119341689888387,True,True,False,False,Found in isolated folder,KEEP,False,
Vocals,vocals,saraga_0124_vocals.wav,Vocals\saraga_0124_vocals.wav,.wav,WAV,44100,1,PCM_16,131.42743764172334,5795950,11591944,6d2f93647f9a7d59d30c43436e05af06a911b72ed8080589faff6e0183553a62,0.010888098739087582,0.0948486328125,0.01802154953027545,True,True,False,False,Found in isolated folder,KEEP,False,
Vocals,vocals,saraga_0125_vocals.wav,Vocals\saraga_0125_vocals.wav,.wav,WAV,44100,1,PCM_16,30.484965986394556,1344387,2688818,61b51200992a16a6ede7fb268a80de976790e3faff92490a46e1e58b9764e3f5,0.005281066056340933,0.037139892578125,0.03324414770449283,True,True,False,False,Found in isolated folder,KEEP,False,
Vocals,vocals,saraga_0126_vocals.wav,Vocals\saraga_0126_vocals.wav,.wav,WAV,44100,1,PCM_16,2596.8514965986396,114521151,229042346,4544be677821de24495a4c98a20a4e3de432bde7f42cf8946e91b3c79e1f5c80,0.007284645922482014,0.18011474609375,0.0413332118885183,True,True,False,False,Found in isolated folder,KEEP,False,
Vocals,vocals,saraga_0127_vocals.wav,Vocals\saraga_0127_vocals.wav,.wav,WAV,44100,1,PCM_16,2092.7702267573695,92291167,184582378,2099ead807a22a3f3931151f404937028a94a64430a2639bd36e4fd32c705020,0.008514834567904472,0.11505126953125,0.035717426782565224,True,True,False,False,Found in isolated folder,KEEP,False,
Vocals,vocals,saraga_0128_vocals.wav,Vocals\saraga_0128_vocals.wav,.wav,WAV,44100,1,PCM_16,347.3209523809524,15316854,30633752,d6710197e861a81466787f892234e1bde4aa6ccb9ac3ceeb9e70c601562d319b,0.01034664735198021,0.115234375,0.019998166725360183,True,True,False,False,Found in isolated folder,KEEP,False,
Vocals,vocals,saraga_0129_vocals.wav,Vocals\saraga_0129_vocals.wav,.wav,WAV,44100,1,PCM_16,266.6716553287982,11760220,23520484,b09077ab6bac1482dd75b91e42e9d69dba871e453ecec2c4cc865b9f550005e2,0.011037458665668964,0.117645263671875,0.01983321740579683,True,True,False,False,Found in isolated folder,KEEP,False,
Vocals,vocals,saraga_0130_vocals.wav,Vocals\saraga_0130_vocals.wav,.wav,WAV,44100,1,PCM_16,271.90256235827667,11990903,23981850,5f96d38ba22df4867fc4b72339a1f4f994de2e4bafab011133e57e22c6999219,0.008816522546112537,0.075286865234375,0.018454907024099854,True,True,False,False,Found in isolated folder,KEEP,False,
Vocals,vocals,saraga_0131_vocals.wav,Vocals\saraga_0131_vocals.wav,.wav,WAV,44100,1,PCM_16,222.7155782312925,9821757,19643558,0646ad5ce7f4a5a4879c8dc622ee4aa2c024d1d3b134814c2140c33cb077df7d,0.010740958154201508,0.105743408203125,0.014604311631819031,True,True,False,False,Found in isolated folder,KEEP,False,
Vocals,vocals,saraga_0132_vocals.wav,Vocals\saraga_0132_vocals.wav,.wav,WAV,44100,1,PCM_16,517.0948979591836,22803885,45607814,77407970ce977235b39c2b5c1d6fa7979a5ca35bcf9476b47c6a09865ac27981,0.007774917874485254,0.0869140625,0.026345203898370827,True,True,False,False,Found in isolated folder,KEEP,False,
Vocals,vocals,saraga_0133_vocals.wav,Vocals\saraga_0133_vocals.wav,.wav,WAV,44100,1,PCM_16,732.6012244897959,32307714,64615472,c9c697d94dbe7357430c8b2fab7ef49582eb2fdf6abcf639e468efd9532be52e,0.012868668884038925,0.17449951171875,0.042217935939385866,True,True,False,False,Found in isolated folder,KEEP,False,
Vocals,vocals,saraga_0134_vocals.wav,Vocals\saraga_0134_vocals.wav,.wav,WAV,44100,1,PCM_16,2062.2555555555555,90945470,181890984,1f219e1bd5d6ba608642b1d6c26adc83e9e32d615a4aa24078c214becf65046b,0.011192861013114452,0.294097900390625,0.055141262121136986,True,True,False,False,Found in isolated folder,KEEP,False,
Vocals,vocals,saraga_0135_vocals.wav,Vocals\saraga_0135_vocals.wav,.wav,WAV,44100,1,PCM_16,1787.5548299319728,78831168,157662380,f0582ee92280fd820919236242f6fa291a7294a65862722f24d4ff0d143e52ce,0.01278406847268343,0.348358154296875,0.062045497029804254,True,True,False,False,Found in isolated folder,KEEP,False,
Vocals,vocals,saraga_0136_vocals.wav,Vocals\saraga_0136_vocals.wav,.wav,WAV,44100,1,PCM_16,224.36068027210885,9894306,19788656,2f2485f58ed760634d1f433aabc5fe7ad4aaba48696b7a93329f698b23263554,0.01503723580390215,0.127593994140625,0.029825234837087107,True,True,False,False,Found in isolated folder,KEEP,False,
Vocals,vocals,saraga_0137_vocals.wav,Vocals\saraga_0137_vocals.wav,.wav,WAV,44100,1,PCM_16,426.8574149659864,18824412,37648868,daac661c0fb50b7bbeec21e0ca061169ca54d917e8fb28c3c984a6e76bcab252,0.015619862824678421,0.212738037109375,0.029837319752670097,True,True,False,False,Found in isolated folder,KEEP,False,
Vocals,vocals,saraga_0138_vocals.wav,Vocals\saraga_0138_vocals.wav,.wav,WAV,44100,1,PCM_16,337.26337868480726,14873315,29746674,49b40f1e27d81c158ee68935782195ab94c1a869c0976f026c8e0efb7aa36279,0.015310480259358883,0.178253173828125,0.022261748641778916,True,True,False,False,Found in isolated folder,KEEP,False,
Vocals,vocals,saraga_0139_vocals.wav,Vocals\saraga_0139_vocals.wav,.wav,WAV,44100,1,PCM_16,1744.2359410430838,76920805,153841654,54c334913a23214e8afa30f04a883a80d260b86be7f83ffd0dfc94f220058c66,0.015390281565487385,0.208953857421875,0.02655793838871031,True,True,False,False,Found in isolated folder,KEEP,False,
Vocals,vocals,saraga_0141_vocals.wav,Vocals\saraga_0141_vocals.wav,.wav,WAV,44100,1,PCM_16,323.01739229024946,14245067,28490178,3117fcd1ead5ecbabcb4ad0b49dec475676f5c34008ff033cbbf01c9346a9720,0.020085707306861877,0.2037353515625,0.012058841141287717,True,True,False,False,Found in isolated folder,KEEP,False,
Vocals,vocals,saraga_0142_vocals.wav,Vocals\saraga_0142_vocals.wav,.wav,WAV,44100,1,PCM_16,826.6892517006803,36456996,72914036,05404fae72480178726c93559a466c20cbf0a9a0d5b46da6efca852a757a22dd,0.017228087410330772,0.175689697265625,0.020072937441142982,True,True,False,False,Found in isolated folder,KEEP,False,
Vocals,vocals,saraga_0143_vocals.wav,Vocals\saraga_0143_vocals.wav,.wav,WAV,44100,1,PCM_16,762.1253514739229,33609728,67219500,85d4b6e838726ac20bfe3006313fac862063e45e8e5017bf588061a234a898f8,0.020039532333612442,0.199920654296875,0.010095737757830113,True,True,False,False,Found in isolated folder,KEEP,False,
Vocals,vocals,saraga_0144_vocals.wav,Vocals\saraga_0144_vocals.wav,.wav,WAV,44100,1,PCM_16,425.67648526077096,18772333,37544710,dc0cac419033aaf0a86151a07e24a8cad34bf70afc7df40d28553e290796ae3b,0.01980997808277607,0.27471923828125,0.009015661505684988,True,True,False,False,Found in isolated folder,KEEP,False,
Vocals,vocals,saraga_0145_vocals.wav,Vocals\saraga_0145_vocals.wav,.wav,WAV,44100,1,PCM_16,649.2687301587301,28632751,57265546,3d84726214986bbcc679b5b4f43f0dd0a9012d16e0e5503c4e05a5060f15a993,0.015748728066682816,0.19671630859375,0.017615911233957227,True,True,False,False,Found in isolated folder,KEEP,False,
Vocals,vocals,saraga_0146_vocals.wav,Vocals\saraga_0146_vocals.wav,.wav,WAV,44100,1,PCM_16,57.601768707483,2540238,5080520,9ef9cd5ee3b0789cf3e548d2939417933a93b468c456b7e2d4099221ac12d83c,0.017458686605095863,0.12847900390625,0.010463586482841371,True,True,False,False,Found in isolated folder,KEEP,False,
Vocals,vocals,saraga_0147_vocals.wav,Vocals\saraga_0147_vocals.wav,.wav,WAV,44100,1,PCM_16,69.23809523809524,3053400,6106844,02e86171cf75aef3e4078f56eada05cbe1b2bb452277f28fd7de616177dbecc8,0.010007577016949654,0.076019287109375,0.03248378856356848,True,True,False,False,Found in isolated folder,KEEP,False,
Vocals,vocals,saraga_0148_vocals.wav,Vocals\saraga_0148_vocals.wav,.wav,WAV,44100,1,PCM_16,500.44378684807253,22069571,44139186,3488d59380680887700be806666523ae9a2ff73e8d652dc1ed9e3b33e8f3ec5c,0.013216638006269932,0.12896728515625,0.016642144969650746,True,True,False,False,Found in isolated folder,KEEP,False,
Vocals,vocals,saraga_0149_vocals.wav,Vocals\saraga_0149_vocals.wav,.wav,WAV,44100,1,PCM_16,85.27616780045352,3760679,7521402,48bf0a5749ac35d630ecdc7e659fa7cd21e2b96eabb17b71f9ff968093b41e2f,0.017385829240083694,0.16925048828125,0.014751059582591335,True,True,False,False,Found in isolated folder,KEEP,False,
Vocals,vocals,saraga_0150_vocals.wav,Vocals\saraga_0150_vocals.wav,.wav,WAV,44100,1,PCM_16,195.23267573696145,8609761,17219566,a480b3ab43ce527e6f99046eae4f0a6ea919251a408f5116218b8e637777e1cf,0.018614327535033226,0.244232177734375,0.013577844959923974,True,True,False,False,Found in isolated folder,KEEP,False,
Vocals,vocals,saraga_0151_vocals.wav,Vocals\saraga_0151_vocals.wav,.wav,WAV,44100,1,PCM_16,340.8079365079365,15029630,30059304,9f7b970f85b0b4deaa0c68d68a1c12acd5aa52ead5af0d96f2dc3d81157f9f5e,0.016048118472099304,0.204803466796875,0.01465804547417335,True,True,False,False,Found in isolated folder,KEEP,False,
Vocals,vocals,saraga_0152_vocals.wav,Vocals\saraga_0152_vocals.wav,.wav,WAV,44100,1,PCM_16,1364.2438548752834,60163154,120326352,2fb38876c201c21b1fd81e33861779b73f23c797f26441810d43754e893ce053,0.012242080643773079,0.19757080078125,0.050256956275929285,True,True,False,False,Found in isolated folder,KEEP,False,
Vocals,vocals,saraga_0153_vocals.wav,Vocals\saraga_0153_vocals.wav,.wav,WAV,44100,1,PCM_16,2357.1863265306124,103951917,207903878,5aeeb625a792b3d9e41899ca3886d184531715a288a6b93202d507f27249cb01,0.011106504127383232,0.195037841796875,0.057578226287063085,True,True,False,False,Found in isolated folder,KEEP,False,
Vocals,vocals,saraga_0154_vocals.wav,Vocals\saraga_0154_vocals.wav,.wav,WAV,44100,1,PCM_16,382.06111111111113,16848895,33697834,3b17e87555f93538e19acc2671d552a98a83b85d6503d3d97836ad1fb6884c10,0.01573970727622509,0.21014404296875,0.01483355436662167,True,True,False,False,Found in isolated folder,KEEP,False,
Vocals,vocals,saraga_0155_vocals.wav,Vocals\saraga_0155_vocals.wav,.wav,WAV,44100,1,PCM_16,1803.5724489795919,79537545,159075134,926232cbdf6fd12ae86a09b5952a4d7f2e3422244ffaa0e3b6e310db8cd690a1,0.0092488257214427,0.137451171875,0.09531423178827056,True,True,False,False,Found in isolated folder,KEEP,False,
Vocals,vocals,saraga_0156_vocals.wav,Vocals\saraga_0156_vocals.wav,.wav,WAV,44100,1,PCM_16,423.51603174603173,18677057,37354158,82106f34b0a598b76d0db8ce71c835f73369c8ce3ba4dfaaf4df6c162274071f,0.022453706711530685,0.22418212890625,0.015673936209543077,True,True,False,False,Found in isolated folder,KEEP,False,
Vocals,vocals,saraga_0157_vocals.wav,Vocals\saraga_0157_vocals.wav,.wav,WAV,44100,1,PCM_16,275.9784580498866,12170650,24341344,668981268582f0bef3499d714b67b434e1e7d6967b6ef64a0f0947b54b9b2751,0.02186339534819126,0.304046630859375,0.01710549559801654,True,True,False,False,Found in isolated folder,KEEP,False,
Vocals,vocals,saraga_0158_vocals.wav,Vocals\saraga_0158_vocals.wav,.wav,WAV,44100,1,PCM_16,33.23809523809524,1465800,2931644,03896a168a11ee12113911181606918d73c983f6cbb86b966df63c0894744a62,0.026282262057065964,0.17376708984375,0.02635216264156092,True,True,False,False,Found in isolated folder,KEEP,False,
Vocals,vocals,saraga_0159_vocals.wav,Vocals\saraga_0159_vocals.wav,.wav,WAV,44100,1,PCM_16,241.55954648526077,10652776,21305596,3f68f583cebb5468f5f70a02fad281f019aed9b7a28646af82bcabf0b9ac04d2,0.022334182634949684,0.2325439453125,0.015764623230602053,True,True,False,False,Found in isolated folder,KEEP,False,
Vocals,vocals,saraga_0160_vocals.wav,Vocals\saraga_0160_vocals.wav,.wav,WAV,44100,1,PCM_16,629.7207029478458,27770683,55541410,b446833c7e516190fda4a568a61109f8886e7e3ad38f0350c46d507c7494d5ca,0.014785738661885262,0.16650390625,0.07695277066106009,True,True,False,False,Found in isolated folder,KEEP,False,
Vocals,vocals,saraga_0161_vocals.wav,Vocals\saraga_0161_vocals.wav,.wav,WAV,44100,1,PCM_16,426.40891156462584,18804633,37609310,4b0803191d21dce0896e627909f3837a70658a5742e0e91efe142218eb4e3017,0.019732052460312843,0.28131103515625,0.036973335241373764,True,True,False,False,Found in isolated folder,KEEP,False,
Vocals,vocals,saraga_0162_vocals.wav,Vocals\saraga_0162_vocals.wav,.wav,WAV,44100,1,PCM_16,1161.2631065759638,51211703,102423450,28304f2a41d5f2feda9c50de52347a28f1f18353166aae084fd5036d744a4fa0,0.011592482216656208,0.144500732421875,0.07655234585735217,True,True,False,False,Found in isolated folder,KEEP,False,
