dataset,declared_source,filename,relative_path,extension,codec,sample_rate,channels,sample_format,bit_depth,duration_seconds,num_samples,file_size_bytes,rms,peak,near_silent_fraction,is_readable,is_probably_isolated,is_mixed_or_contaminated,is_unknown,documentation_evidence,requires_manual_review,notes
Flute,flute,100_Dm_SadFlute_01_565.wav,Flute\100_Dm_SadFlute_01_565.wav,.wav,WAV,44100,2,PCM_24,,9.6,423360,2584494,0.13341376185417175,0.707945704460144,0.3479072184429327,True,True,False,False,Found in isolated instrument folder,False,
Flute,flute,120_C_LongFlute_01_565.wav,Flute\120_C_LongFlute_01_565.wav,.wav,WAV,44100,2,PCM_24,,8.0,352800,2153984,0.14336611330509186,0.7079458236694336,0.04893990929705216,True,True,False,False,Found in isolated instrument folder,False,
Flute,flute,120_Em_BluesSlowRiffFlute_01_565.wav,Flute\120_Em_BluesSlowRiffFlute_01_565.wav,.wav,WAV,44100,2,PCM_24,,8.0,352800,2153984,0.07210338115692139,0.707945704460144,0.007876984126984126,True,True,False,False,Found in isolated instrument folder,False,
Flute,flute,160_Bm_BluesElectricRiffFlute_01_565.wav,Flute\160_Bm_BluesElectricRiffFlute_01_565.wav,.wav,WAV,44100,2,PCM_24,,6.0,264600,1615814,0.13952453434467316,0.7079458236694336,0.28136432350718066,True,True,False,False,Found in isolated instrument folder,False,
Flute,flute,160_Bm_BluesTrainFlute_01_565.wav,Flute\160_Bm_BluesTrainFlute_01_565.wav,.wav,WAV,44100,2,PCM_24,,6.0,264600,1615814,0.1020103394985199,0.7079458236694336,0.24849962207105064,True,True,False,False,Found in isolated instrument folder,False,
Flute,flute,160_C_FunkyCarSeatFlute_01_565.wav,Flute\160_C_FunkyCarSeatFlute_01_565.wav,.wav,WAV,44100,2,PCM_24,,6.0,264600,1615814,0.11478394269943237,0.707945704460144,0.5176643990929706,True,True,False,False,Found in isolated instrument folder,False,
Flute,flute,160_Dm_BluesyChorusFlute_01_565.wav,Flute\160_Dm_BluesyChorusFlute_01_565.wav,.wav,WAV,44100,2,PCM_24,,6.0,264600,1615814,0.09794203191995621,0.707945704460144,0.4411281179138322,True,True,False,False,Found in isolated instrument folder,False,
Flute,flute,160_Dm_ChorusFlute_02_565.wav,Flute\160_Dm_ChorusFlute_02_565.wav,.wav,WAV,44100,2,PCM_24,,6.0,264600,1615814,0.07816500961780548,0.7079458236694336,0.4396825396825397,True,True,False,False,Found in isolated instrument folder,False,
Flute,flute,160_Gm_ChorusRiffFlute_06_565.wav,Flute\160_Gm_ChorusRiffFlute_06_565.wav,.wav,WAV,44100,2,PCM_24,,6.0,264600,1615814,0.12076740711927414,0.707945704460144,0.3456027966742252,True,True,False,False,Found in isolated instrument folder,False,
Flute,flute,160_G_SustainedFlute_01_565.wav,Flute\160_G_SustainedFlute_01_565.wav,.wav,WAV,44100,2,PCM_24,,6.0,264600,1615814,0.13037168979644775,0.7079458236694336,0.23617913832199547,True,True,False,False,Found in isolated instrument folder,False,
Flute,flute,160_G_SustainedFlute_02_565.wav,Flute\160_G_SustainedFlute_02_565.wav,.wav,WAV,44100,2,PCM_24,,6.0,264600,1615814,0.14732636511325836,0.7079458236694336,0.34554232804232804,True,True,False,False,Found in isolated instrument folder,False,
Flute,flute,200_Dm_SsshFlute_02_565.wav,Flute\200_Dm_SsshFlute_02_565.wav,.wav,WAV,44100,2,PCM_24,,4.8,211680,1292912,0.051189567893743515,0.707945704460144,0.2629913076341648,True,True,False,False,Found in isolated instrument folder,False,
Flute,flute,200_Gm_LongFlute_01_565.wav,Flute\200_Gm_LongFlute_01_565.wav,.wav,WAV,44100,2,PCM_24,,4.8,211680,1292912,0.13525976240634918,0.707945704460144,0.3890542328042328,True,True,False,False,Found in isolated instrument folder,False,
Flute,flute,80_Bm_DirtyFlute_01_565.wav,Flute\80_Bm_DirtyFlute_01_565.wav,.wav,WAV,44100,2,PCM_24,,6.0,264600,1613730,0.1158280298113823,0.707945704460144,0.060177626606198034,True,True,False,False,Found in isolated instrument folder,False,
Flute,flute,80_Bm_DirtyFlute_02_565.wav,Flute\80_Bm_DirtyFlute_02_565.wav,.wav,WAV,44100,2,PCM_24,,6.0,264600,1613730,0.10013752430677414,0.7079458236694336,0.048518518518518516,True,True,False,False,Found in isolated instrument folder,False,
Flute,flute,80_Bm_DirtyFlute_03_565.wav,Flute\80_Bm_DirtyFlute_03_565.wav,.wav,WAV,44100,2,PCM_24,,24.0,1058400,6450954,0.08747626841068268,0.707945704460144,0.012157501889644746,True,True,False,False,Found in isolated instrument folder,False,
Flute,flute,80_Bm_DirtyPatterFlute_01_565.wav,Flute\80_Bm_DirtyPatterFlute_01_565.wav,.wav,WAV,44100,2,PCM_24,,6.0,264600,1613730,0.05995331332087517,0.7079458236694336,0.09296107331821618,True,True,False,False,Found in isolated instrument folder,False,
Flute,flute,80_Bm_DirtyPatterFlute_02_565.wav,Flute\80_Bm_DirtyPatterFlute_02_565.wav,.wav,WAV,44100,2,PCM_24,,6.0,264600,1613730,0.06849674880504608,0.7079458236694336,0.013117913832199547,True,True,False,False,Found in isolated instrument folder,False,
Flute,flute,80_Bm_DirtyPatterFlute_03_565.wav,Flute\80_Bm_DirtyPatterFlute_03_565.wav,.wav,WAV,44100,2,PCM_24,,6.0,264600,1613730,0.09730897843837738,0.707945704460144,0.0515098261526833,True,True,False,False,Found in isolated instrument folder,False,
Flute,flute,80_Bm_DirtyStabbyFlute_01_565.wav,Flute\80_Bm_DirtyStabbyFlute_01_565.wav,.wav,WAV,44100,2,PCM_24,,6.0,264600,1613730,0.04270786792039871,0.7079458236694336,0.07895880574452004,True,True,False,False,Found in isolated instrument folder,False,
Flute,flute,80_Bm_DirtyStabbyFlute_02_565.wav,Flute\80_Bm_DirtyStabbyFlute_02_565.wav,.wav,WAV,44100,2,PCM_24,,6.0,264600,1613730,0.07915127277374268,0.707945704460144,0.03639455782312925,True,True,False,False,Found in isolated instrument folder,False,
Flute,flute,80_Bm_LongFlute_01_565.wav,Flute\80_Bm_LongFlute_01_565.wav,.wav,WAV,44100,2,PCM_24,,6.0,264600,1613730,0.19817401468753815,0.707945704460144,0.01407785336356765,True,True,False,False,Found in isolated instrument folder,False,
Flute,flute,80_Bm_LongFlute_02_565.wav,Flute\80_Bm_LongFlute_02_565.wav,.wav,WAV,44100,2,PCM_24,,6.0,264600,1613730,0.28079456090927124,0.7079458236694336,0.009525699168556312,True,True,False,False,Found in isolated instrument folder,False,
Flute,flute,80_Bm_LongFlute_03_565.wav,Flute\80_Bm_LongFlute_03_565.wav,.wav,WAV,44100,2,PCM_24,,6.0,264600,1613730,0.2447933554649353,0.707945704460144,0.004213907785336357,True,True,False,False,Found in isolated instrument folder,False,
Flute,flute,80_Bm_LongFlute_04_565.wav,Flute\80_Bm_LongFlute_04_565.wav,.wav,WAV,44100,2,PCM_24,,6.0,264600,1613730,0.20774978399276733,0.707945704460144,0.018724489795918366,True,True,False,False,Found in isolated instrument folder,False,
Flute,flute,80_C_CarSeatFlute_01_565.wav,Flute\80_C_CarSeatFlute_01_565.wav,.wav,WAV,44100,2,PCM_24,,6.0,264600,1615814,0.10641796886920929,0.707945704460144,0.5425056689342403,True,True,False,False,Found in isolated instrument folder,False,
Flute,flute,80_C_CarSeatFlute_02_565.wav,Flute\80_C_CarSeatFlute_02_565.wav,.wav,WAV,44100,2,PCM_24,,6.0,264600,1615814,0.1122550219297409,0.707945704460144,0.15918745275888133,True,True,False,False,Found in isolated instrument folder,False,
Flute,flute,80_C_LongFlute_01_565.wav,Flute\80_C_LongFlute_01_565.wav,.wav,WAV,44100,2,PCM_24,,6.0,264600,1623182,0.08985400944948196,0.707945704460144,0.2187055933484505,True,True,False,False,Found in isolated instrument folder,False,
Flute,flute,80_G_DecendingFlute_01_565.wav,Flute\80_G_DecendingFlute_01_565.wav,.wav,WAV,44100,2,PCM_24,,12.0,529200,3230298,0.1153513565659523,0.707945704460144,0.3277607709750567,True,True,False,False,Found in isolated instrument folder,False,
Flute,flute,80_G_FunkyRiffFlute_01_565.wav,Flute\80_G_FunkyRiffFlute_01_565.wav,.wav,WAV,44100,2,PCM_24,,12.0,529200,3230298,0.08354630321264267,0.7079458236694336,0.011443688586545729,True,True,False,False,Found in isolated instrument folder,False,
Flute,flute,Gully-Loops-Abyss-Flute-Loop-BPM-150-Pt-2-E.wav,Flute\Gully-Loops-Abyss-Flute-Loop-BPM-150-Pt-2-E.wav,.wav,WAV,48000,2,PCM_24,,30.6,1468800,8812844,0.11674673110246658,0.5634558200836182,0.11524441721132897,True,True,False,False,Found in isolated instrument folder,False,
Flute,flute,Gully-Loops-Birds-Flute-Loop-BPM-110-.wav,Flute\Gully-Loops-Birds-Flute-Loop-BPM-110-.wav,.wav,WAV,48000,2,PCM_24,,8.727291666666666,418910,2513504,0.08611617237329483,0.3598290681838989,0.1690983743524862,True,True,False,False,Found in isolated instrument folder,False,
Flute,flute,Gully-Loops-Butter-Flute-Loop-BPM-105-D.wav,Flute\Gully-Loops-Butter-Flute-Loop-BPM-105-D.wav,.wav,WAV,48000,2,PCM_24,,9.142875,438858,2633192,0.17250476777553558,0.5039814710617065,0.0024700472590222806,True,True,False,False,Found in isolated instrument folder,False,
Flute,flute,Gully-Loops-Butterfly-Flute-Loop-BPM-105-D.wav,Flute\Gully-Loops-Butterfly-Flute-Loop-BPM-105-D.wav,.wav,WAV,48000,2,PCM_24,,12.285729166666666,589715,3538334,0.1207977756857872,0.503981351852417,0.09694174304536937,True,True,False,False,Found in isolated instrument folder,False,
Flute,flute,Gully-Loops-Close-Flute-Loop-BPM-107-E.wav,Flute\Gully-Loops-Close-Flute-Loop-BPM-107-E.wav,.wav,WAV,48000,2,PCM_24,,8.971979166666667,430655,2583974,0.13887768983840942,0.6334942579269409,0.15261404140205037,True,True,False,False,Found in isolated instrument folder,False,
Flute,flute,Gully-Loops-Ember-Flute-Loop-BPM-B.wav,Flute\Gully-Loops-Ember-Flute-Loop-BPM-B.wav,.wav,WAV,48000,2,PCM_24,,13.714291666666666,658286,3949760,0.13739119470119476,0.5153911113739014,0.006123478245018123,True,True,False,False,Found in isolated instrument folder,False,
Flute,flute,Gully-Loops-Fly-Flute-Loop-BPM-100-A.wav,Flute\Gully-Loops-Fly-Flute-Loop-BPM-100-A.wav,.wav,WAV,48000,2,PCM_24,,9.6,460800,2764844,0.14431409537792206,0.5720313787460327,0.39709852430555553,True,True,False,False,Found in isolated instrument folder,False,
Flute,flute,Gully-Loops-Genesis-Flute-Loop-BPM-100-A.wav,Flute\Gully-Loops-Genesis-Flute-Loop-BPM-100-A.wav,.wav,WAV,48000,2,PCM_24,,28.8,1382400,8294444,0.08474699407815933,0.387453556060791,0.06544777199074074,True,True,False,False,Found in isolated instrument folder,False,
Flute,flute,Gully-Loops-Healing-Flute-Loop-BPM-128-A.wav,Flute\Gully-Loops-Healing-Flute-Loop-BPM-128-A.wav,.wav,WAV,48000,2,PCM_24,,30.0,1440000,8640044,0.12923136353492737,0.8323854207992554,0.189625,True,True,False,False,Found in isolated instrument folder,False,
Flute,flute,Gully-Loops-Horizon-Flute-Loop-BPM-100-A.wav,Flute\Gully-Loops-Horizon-Flute-Loop-BPM-100-A.wav,.wav,WAV,48000,2,PCM_24,,10.05,482400,2894444,0.1184239611029625,0.513776421546936,0.0018988391376451078,True,True,False,False,Found in isolated instrument folder,False,
Flute,flute,Gully-Loops-Infinite-Love-Flute-Loop.wav,Flute\Gully-Loops-Infinite-Love-Flute-Loop.wav,.wav,WAV,48000,2,PCM_24,,52.092020833333336,2500417,15002546,0.10201206058263779,0.6156154870986938,0.2079051214257462,True,True,False,False,Found in isolated instrument folder,False,
Flute,flute,Gully-Loops-Kalponik-Flute-Loop-C.wav,Flute\Gully-Loops-Kalponik-Flute-Loop-C.wav,.wav,WAV,48000,2,PCM_24,,16.35,784800,4708844,0.1445692479610443,0.5832821130752563,0.08842125382262997,True,True,False,False,Found in isolated instrument folder,False,
Flute,flute,Gully-Loops-Maya-Flute-Loop-BPM-128-Pt-2-C.wav,Flute\Gully-Loops-Maya-Flute-Loop-BPM-128-Pt-2-C.wav,.wav,WAV,48000,2,PCM_24,,7.5,360000,2160044,0.2381143718957901,0.8031421899795532,0.014361111111111111,True,True,False,False,Found in isolated instrument folder,False,
Flute,flute,Gully-Loops-Preety-Flute-Loop-BPM-105-A.wav,Flute\Gully-Loops-Preety-Flute-Loop-BPM-105-A.wav,.wav,WAV,48000,2,PCM_24,,27.428583333333332,1316572,7899476,0.1497112512588501,0.5432826280593872,0.13958446632618648,True,True,False,False,Found in isolated instrument folder,False,
Flute,flute,Gully-Loops-Sudden-Flute-Loop-BPM-130-A.wav,Flute\Gully-Loops-Sudden-Flute-Loop-BPM-130-A.wav,.wav,WAV,48000,2,PCM_24,,7.384625,354462,2126816,0.08802556991577148,0.2523057460784912,0.002194875614311266,True,True,False,False,Found in isolated instrument folder,False,
Flute,flute,Gully-Loops-Unique-Flute-Loop-BPM-110-A.wav,Flute\Gully-Loops-Unique-Flute-Loop-BPM-110-A.wav,.wav,WAV,48000,2,PCM_24,,8.727291666666666,418910,2513504,0.137903094291687,0.4169456958770752,0.0015182258719056599,True,True,False,False,Found in isolated instrument folder,False,
Flute,flute,Gully-Loops-Velocity-Flute-Loop-BPM-102-F.wav,Flute\Gully-Loops-Velocity-Flute-Loop-BPM-102-F.wav,.wav,WAV,48000,2,PCM_24,,22.352958333333333,1072942,6437696,0.08564824610948563,0.4422941207885742,0.24712333005884754,True,True,False,False,Found in isolated instrument folder,False,
Flute,flute,allemande_fifth_fragment_preston.wav,Flute\Kaggle_Classification_Clips\Flute\audio\allemande_fifth_fragment_preston.wav,.wav,WAV,44100,1,PCM_16,,21.110521541950114,930974,1862026,0.03024895302951336,0.2470703125,0.00676925456564845,True,True,False,False,Found in isolated instrument folder,False,
Flute,flute,allemande_fifth_fragment_preston_resampled.wav,Flute\Kaggle_Classification_Clips\Flute\audio\allemande_fifth_fragment_preston_resampled.wav,.wav,WAV,44100,1,PCM_16,,19.074149659863945,841170,1682384,0.03028266318142414,0.24713134765625,0.00719117419784348,True,True,False,False,Found in isolated instrument folder,False,
Flute,flute,allemande_fifth_fragment_rampal.wav,Flute\Kaggle_Classification_Clips\Flute\audio\allemande_fifth_fragment_rampal.wav,.wav,WAV,44100,1,PCM_16,,18.220702947845805,803533,1607144,0.1347937136888504,0.7509765625,0.0017248824877136347,True,True,False,False,Found in isolated instrument folder,False,
Flute,flute,allemande_first_fragment_larrieu.wav,Flute\Kaggle_Classification_Clips\Flute\audio\allemande_first_fragment_larrieu.wav,.wav,WAV,44100,1,PCM_16,,23.098049886621315,1018624,2037326,0.06520882248878479,0.4315185546875,0.0017297844935913547,True,True,False,False,Found in isolated instrument folder,False,
Flute,flute,allemande_first_fragment_nicolet.wav,Flute\Kaggle_Classification_Clips\Flute\audio\allemande_first_fragment_nicolet.wav,.wav,WAV,44100,1,PCM_16,,22.945124716553288,1011880,2023838,0.058199431747198105,0.396240234375,0.003107087796971973,True,True,False,False,Found in isolated instrument folder,False,
Flute,flute,allemande_fourth_fragment_gerard.wav,Flute\Kaggle_Classification_Clips\Flute\audio\allemande_fourth_fragment_gerard.wav,.wav,WAV,44100,1,PCM_16,,16.891972789115645,744936,1489950,0.054347600787878036,0.30572509765625,0.002055210112009622,True,True,False,False,Found in isolated instrument folder,False,
Flute,flute,allemande_fourth_fragment_larrieu.wav,Flute\Kaggle_Classification_Clips\Flute\audio\allemande_fourth_fragment_larrieu.wav,.wav,WAV,44100,1,PCM_16,,18.567256235827664,818816,1637710,0.05833481252193451,0.39617919921875,0.0019296154447397218,True,True,False,False,Found in isolated instrument folder,False,
Flute,flute,allemande_second_fragment_gerard.wav,Flute\Kaggle_Classification_Clips\Flute\audio\allemande_second_fragment_gerard.wav,.wav,WAV,44100,1,PCM_16,,19.31156462585034,851640,1703358,0.04821901395916939,0.25836181640625,0.0020196327086562395,True,True,False,False,Found in isolated instrument folder,False,
Flute,flute,allemande_second_fragment_preston.wav,Flute\Kaggle_Classification_Clips\Flute\audio\allemande_second_fragment_preston.wav,.wav,WAV,44100,1,PCM_16,,22.984965986394556,1013637,2027352,0.008942407555878162,0.05401611328125,0.01041398449346265,True,True,False,False,Found in isolated instrument folder,False,
Flute,flute,allemande_second_fragment_preston_resampled.wav,Flute\Kaggle_Classification_Clips\Flute\audio\allemande_second_fragment_preston_resampled.wav,.wav,WAV,44100,1,PCM_16,,20.767777777777777,915859,1831762,0.008949930779635906,0.054046630859375,0.011107604991598052,True,True,False,False,Found in isolated instrument folder,False,
Flute,flute,allemande_third_fragment_nicolet.wav,Flute\Kaggle_Classification_Clips\Flute\audio\allemande_third_fragment_nicolet.wav,.wav,WAV,44100,1,PCM_16,,13.433877551020409,592434,1184946,0.04049946367740631,0.24896240234375,0.002263543280770516,True,True,False,False,Found in isolated instrument folder,False,
Flute,flute,allemande_third_fragment_rampal.wav,Flute\Kaggle_Classification_Clips\Flute\audio\allemande_third_fragment_rampal.wav,.wav,WAV,44100,1,PCM_16,,13.605442176870747,600000,1200078,0.04991133138537407,0.320556640625,0.002145,True,True,False,False,Found in isolated instrument folder,False,
Flute,flute,density_fifth_fragment_beauregard.wav,Flute\Kaggle_Classification_Clips\Flute\audio\density_fifth_fragment_beauregard.wav,.wav,WAV,44100,1,PCM_16,,35.752925170068025,1576704,3153486,0.040110208094120026,0.215087890625,0.009060673404773503,True,True,False,False,Found in isolated instrument folder,False,
Flute,flute,density_first_fragment_zoon.wav,Flute\Kaggle_Classification_Clips\Flute\audio\density_first_fragment_zoon.wav,.wav,WAV,44100,1,PCM_16,,53.852698412698416,2374904,4749886,0.012852617539465427,0.090087890625,0.033452720615233286,True,True,False,False,Found in isolated instrument folder,False,
Flute,flute,density_fourth_fragment_beauregard.wav,Flute\Kaggle_Classification_Clips\Flute\audio\density_fourth_fragment_beauregard.wav,.wav,WAV,44100,1,PCM_16,,34.14038548752834,1505591,3011260,0.023391537368297577,0.12237548828125,0.012794311336877013,True,True,False,False,Found in isolated instrument folder,False,
Flute,flute,density_second_fragment_zoon.wav,Flute\Kaggle_Classification_Clips\Flute\audio\density_second_fragment_zoon.wav,.wav,WAV,44100,1,PCM_16,,35.59619047619048,1569792,3139662,0.018804870545864105,0.136871337890625,0.056341222276581865,True,True,False,False,Found in isolated instrument folder,False,
Flute,flute,density_sixth_fragment_beauregard.wav,Flute\Kaggle_Classification_Clips\Flute\audio\density_sixth_fragment_beauregard.wav,.wav,WAV,44100,1,PCM_16,,48.476462585034014,2137812,4275702,0.019509760662913322,0.124420166015625,0.011139426666142767,True,True,False,False,Found in isolated instrument folder,False,
Flute,flute,density_third_fragment_zoon.wav,Flute\Kaggle_Classification_Clips\Flute\audio\density_third_fragment_zoon.wav,.wav,WAV,44100,1,PCM_16,,34.04045351473923,1501184,3002446,0.01390285324305296,0.11444091796875,0.2326350400750341,True,True,False,False,Found in isolated instrument folder,False,
Flute,flute,sequenza_first_fragment_robison.wav,Flute\Kaggle_Classification_Clips\Flute\audio\sequenza_first_fragment_robison.wav,.wav,WAV,44100,1,PCM_16,,32.41541950113378,1429520,2859118,0.07219525426626205,0.966705322265625,0.020799988807431866,True,True,False,False,Found in isolated instrument folder,False,
Flute,flute,sequenza_fourth_fragment_robison.wav,Flute\Kaggle_Classification_Clips\Flute\audio\sequenza_fourth_fragment_robison.wav,.wav,WAV,44100,1,PCM_16,,48.19591836734694,2125440,4250958,0.054618965834379196,0.950408935546875,0.036988576482987055,True,True,False,False,Found in isolated instrument folder,False,
Flute,flute,sequenza_second_fragment_robison.wav,Flute\Kaggle_Classification_Clips\Flute\audio\sequenza_second_fragment_robison.wav,.wav,WAV,44100,1,PCM_16,,16.384580498866214,722560,1445198,0.10821826010942459,0.9732666015625,0.006514337909654561,True,True,False,False,Found in isolated instrument folder,False,
Flute,flute,sequenza_sixth_fragment_robison.wav,Flute\Kaggle_Classification_Clips\Flute\audio\sequenza_sixth_fragment_robison.wav,.wav,WAV,44100,1,PCM_16,,17.917596371882087,790166,1580410,0.1218426525592804,0.91558837890625,0.013627516243422268,True,True,False,False,Found in isolated instrument folder,False,
Flute,flute,syrinx_fifth_fragment_bourdin.wav,Flute\Kaggle_Classification_Clips\Flute\audio\syrinx_fifth_fragment_bourdin.wav,.wav,WAV,44100,1,PCM_16,,60.61353741496599,2673057,5346192,0.03452983871102333,0.36041259765625,0.01143858885164065,True,True,False,False,Found in isolated instrument folder,False,
Flute,flute,syrinx_fifth_fragment_rhodes.wav,Flute\Kaggle_Classification_Clips\Flute\audio\syrinx_fifth_fragment_rhodes.wav,.wav,WAV,44100,1,PCM_16,,57.50693877551021,2536056,5072190,0.01766980066895485,0.1636962890625,0.044014406621935794,True,True,False,False,Found in isolated instrument folder,False,
Flute,flute,syrinx_first_fragment_bernold.wav,Flute\Kaggle_Classification_Clips\Flute\audio\syrinx_first_fragment_bernold.wav,.wav,WAV,44100,1,PCM_16,,29.942131519274376,1320448,2640974,0.022870942950248718,0.101715087890625,0.012738101008142691,True,True,False,False,Found in isolated instrument folder,False,
Flute,flute,syrinx_first_fragment_douglas.wav,Flute\Kaggle_Classification_Clips\Flute\audio\syrinx_first_fragment_douglas.wav,.wav,WAV,44100,1,PCM_16,,28.979591836734695,1278000,2556078,0.028344253078103065,0.1612548828125,0.02794131455399061,True,True,False,False,Found in isolated instrument folder,False,
Flute,flute,syrinx_fourth_fragment_bernold.wav,Flute\Kaggle_Classification_Clips\Flute\audio\syrinx_fourth_fragment_bernold.wav,.wav,WAV,44100,1,PCM_16,,23.287097505668935,1026961,2054000,0.02909131906926632,0.255035400390625,0.008513468379032893,True,True,False,False,Found in isolated instrument folder,False,
Flute,flute,syrinx_fourth_fragment_dwyer.wav,Flute\Kaggle_Classification_Clips\Flute\audio\syrinx_fourth_fragment_dwyer.wav,.wav,WAV,44100,1,PCM_16,,29.42063492063492,1297450,2594978,0.03036123514175415,0.22412109375,0.009498631931866354,True,True,False,False,Found in isolated instrument folder,False,
Flute,flute,syrinx_second_fragment_bourdin.wav,Flute\Kaggle_Classification_Clips\Flute\audio\syrinx_second_fragment_bourdin.wav,.wav,WAV,44100,1,PCM_16,,29.899455782312923,1318566,2637210,0.036538027226924896,0.27191162109375,0.006858208083630247,True,True,False,False,Found in isolated instrument folder,False,
Flute,flute,syrinx_second_fragment_dwyer.wav,Flute\Kaggle_Classification_Clips\Flute\audio\syrinx_second_fragment_dwyer.wav,.wav,WAV,44100,1,PCM_16,,27.90532879818594,1230625,2461328,0.02673240192234516,0.19256591796875,0.016073133570340275,True,True,False,False,Found in isolated instrument folder,False,
Flute,flute,syrinx_third_fragment_douglas.wav,Flute\Kaggle_Classification_Clips\Flute\audio\syrinx_third_fragment_douglas.wav,.wav,WAV,44100,1,PCM_16,,27.10893424036281,1195504,2391086,0.017486603930592537,0.1253662109375,0.01148887833081278,True,True,False,False,Found in isolated instrument folder,False,
Flute,flute,syrinx_third_fragment_rhodes.wav,Flute\Kaggle_Classification_Clips\Flute\audio\syrinx_third_fragment_rhodes.wav,.wav,WAV,44100,1,PCM_16,,28.89190476190476,1274133,2548344,0.01698853075504303,0.18115234375,0.024283179228542076,True,True,False,False,Found in isolated instrument folder,False,
Flute,flute,allemande_fifth_fragment_preston.wav,Flute\Kaggle_Classification_Clips\Flute\synth\ground_truth\allemande_fifth_fragment_preston.wav,.wav,WAV,44100,1,PCM_16,,21.477392290249433,947153,1894350,0.08506578952074051,0.222442626953125,0.04583525576121281,True,True,False,False,Found in isolated instrument folder,False,
Flute,flute,allemande_fifth_fragment_rampal.wav,Flute\Kaggle_Classification_Clips\Flute\synth\ground_truth\allemande_fifth_fragment_rampal.wav,.wav,WAV,44100,1,PCM_16,,17.836916099773244,786608,1573260,0.08422654122114182,0.223419189453125,0.03463732888554401,True,True,False,False,Found in isolated instrument folder,False,
Flute,flute,allemande_first_fragment_larrieu.wav,Flute\Kaggle_Classification_Clips\Flute\synth\ground_truth\allemande_first_fragment_larrieu.wav,.wav,WAV,44100,1,PCM_16,,23.73814058956916,1046852,2093748,0.08500867336988449,0.235565185546875,0.024653914784515864,True,True,False,False,Found in isolated instrument folder,False,
Flute,flute,allemande_first_fragment_nicolet.wav,Flute\Kaggle_Classification_Clips\Flute\synth\ground_truth\allemande_first_fragment_nicolet.wav,.wav,WAV,44100,1,PCM_16,,23.524739229024945,1037441,2074926,0.08328452706336975,0.223175048828125,0.02683140535220798,True,True,False,False,Found in isolated instrument folder,False,
Flute,flute,allemande_fourth_fragment_gerard.wav,Flute\Kaggle_Classification_Clips\Flute\synth\ground_truth\allemande_fourth_fragment_gerard.wav,.wav,WAV,44100,1,PCM_16,,17.873673469387754,788229,1576502,0.0816187635064125,0.223846435546875,0.034505200899738526,True,True,False,False,Found in isolated instrument folder,False,
Flute,flute,allemande_fourth_fragment_larrieu.wav,Flute\Kaggle_Classification_Clips\Flute\synth\ground_truth\allemande_fourth_fragment_larrieu.wav,.wav,WAV,44100,1,PCM_16,,19.370022675736962,854218,1708480,0.08310218900442123,0.227325439453125,0.030215940193252775,True,True,False,False,Found in isolated instrument folder,False,
Flute,flute,allemande_second_fragment_gerard.wav,Flute\Kaggle_Classification_Clips\Flute\synth\ground_truth\allemande_second_fragment_gerard.wav,.wav,WAV,44100,1,PCM_16,,20.057006802721087,884514,1769072,0.08189122378826141,0.22845458984375,0.030729869736375003,True,True,False,False,Found in isolated instrument folder,False,
Flute,flute,allemande_second_fragment_preston.wav,Flute\Kaggle_Classification_Clips\Flute\synth\ground_truth\allemande_second_fragment_preston.wav,.wav,WAV,44100,1,PCM_16,,23.3284126984127,1028783,2057610,0.08746428042650223,0.2164306640625,0.02505970646871109,True,True,False,False,Found in isolated instrument folder,False,
Flute,flute,allemande_third_fragment_nicolet.wav,Flute\Kaggle_Classification_Clips\Flute\synth\ground_truth\allemande_third_fragment_nicolet.wav,.wav,WAV,44100,1,PCM_16,,14.395578231292516,634845,1269734,0.08082135021686554,0.22808837890625,0.047547039041025765,True,True,False,False,Found in isolated instrument folder,False,
Flute,flute,allemande_third_fragment_rampal.wav,Flute\Kaggle_Classification_Clips\Flute\synth\ground_truth\allemande_third_fragment_rampal.wav,.wav,WAV,44100,1,PCM_16,,14.067324263038548,620369,1240782,0.08147988468408585,0.225555419921875,0.04351120059190579,True,True,False,False,Found in isolated instrument folder,False,
Flute,flute,density_fifth_fragment_beauregard.wav,Flute\Kaggle_Classification_Clips\Flute\synth\ground_truth\density_fifth_fragment_beauregard.wav,.wav,WAV,44100,1,PCM_16,,36.0881179138322,1591486,3183016,0.09309616684913635,0.24560546875,0.09399831352584942,True,True,False,False,Found in isolated instrument folder,False,
Flute,flute,density_first_fragment_zoon.wav,Flute\Kaggle_Classification_Clips\Flute\synth\ground_truth\density_first_fragment_zoon.wav,.wav,WAV,44100,1,PCM_16,,52.814195011337866,2329106,4658256,0.08580397814512253,0.23150634765625,0.03858089756327106,True,True,False,False,Found in isolated instrument folder,False,
Flute,flute,density_fourth_fragment_beauregard.wav,Flute\Kaggle_Classification_Clips\Flute\synth\ground_truth\density_fourth_fragment_beauregard.wav,.wav,WAV,44100,1,PCM_16,,33.894013605442176,1494726,2989496,0.08186374604701996,0.2056884765625,0.05424405543223307,True,True,False,False,Found in isolated instrument folder,False,
Flute,flute,density_second_fragment_zoon.wav,Flute\Kaggle_Classification_Clips\Flute\synth\ground_truth\density_second_fragment_zoon.wav,.wav,WAV,44100,1,PCM_16,,34.68984126984127,1529822,3059688,0.09177321195602417,0.232147216796875,0.050178386766565,True,True,False,False,Found in isolated instrument folder,False,
Flute,flute,density_sixth_fragment_beauregard.wav,Flute\Kaggle_Classification_Clips\Flute\synth\ground_truth\density_sixth_fragment_beauregard.wav,.wav,WAV,44100,1,PCM_16,,47.77428571428572,2106846,4213736,0.09796813130378723,0.23016357421875,0.020072183728663606,True,True,False,False,Found in isolated instrument folder,False,
Flute,flute,density_third_fragment_zoon.wav,Flute\Kaggle_Classification_Clips\Flute\synth\ground_truth\density_third_fragment_zoon.wav,.wav,WAV,44100,1,PCM_16,,34.25140589569161,1510487,3021018,0.07813958078622818,0.2208251953125,0.2361821055063698,True,True,False,False,Found in isolated instrument folder,False,
Flute,flute,sequenza_first_fragment_robison.wav,Flute\Kaggle_Classification_Clips\Flute\synth\ground_truth\sequenza_first_fragment_robison.wav,.wav,WAV,44100,1,PCM_16,,32.57147392290249,1436402,2872848,0.09246088564395905,0.220855712890625,0.03372593466174511,True,True,False,False,Found in isolated instrument folder,False,
Flute,flute,sequenza_fourth_fragment_robison.wav,Flute\Kaggle_Classification_Clips\Flute\synth\ground_truth\sequenza_fourth_fragment_robison.wav,.wav,WAV,44100,1,PCM_16,,48.58439909297052,2142572,4285188,0.09179595857858658,0.2330322265625,0.09515199489212031,True,True,False,False,Found in isolated instrument folder,False,
Flute,flute,sequenza_second_fragment_robison.wav,Flute\Kaggle_Classification_Clips\Flute\synth\ground_truth\sequenza_second_fragment_robison.wav,.wav,WAV,44100,1,PCM_16,,16.02201814058957,706571,1413186,0.08607844263315201,0.2159423828125,0.04206937448607429,True,True,False,False,Found in isolated instrument folder,False,
Flute,flute,sequenza_sixth_fragment_robison.wav,Flute\Kaggle_Classification_Clips\Flute\synth\ground_truth\sequenza_sixth_fragment_robison.wav,.wav,WAV,44100,1,PCM_16,,17.678049886621316,779602,1559248,0.08188128471374512,0.214263916015625,0.10104258326684641,True,True,False,False,Found in isolated instrument folder,False,
Flute,flute,syrinx_fifth_fragment_bourdin.wav,Flute\Kaggle_Classification_Clips\Flute\synth\ground_truth\syrinx_fifth_fragment_bourdin.wav,.wav,WAV,44100,1,PCM_16,,57.63759637188208,2541818,5083680,0.09277024120092392,0.232177734375,0.10009410587225363,True,True,False,False,Found in isolated instrument folder,False,
Flute,flute,syrinx_fifth_fragment_rhodes.wav,Flute\Kaggle_Classification_Clips\Flute\synth\ground_truth\syrinx_fifth_fragment_rhodes.wav,.wav,WAV,44100,1,PCM_16,,53.41748299319728,2355711,4711466,0.0990062803030014,0.2308349609375,0.061385713272977885,True,True,False,False,Found in isolated instrument folder,False,
Flute,flute,syrinx_first_fragment_bernold.wav,Flute\Kaggle_Classification_Clips\Flute\synth\ground_truth\syrinx_first_fragment_bernold.wav,.wav,WAV,44100,1,PCM_16,,30.13231292517007,1328835,2657714,0.09021560102701187,0.201416015625,0.1547535999578578,True,True,False,False,Found in isolated instrument folder,False,
Flute,flute,syrinx_first_fragment_douglas.wav,Flute\Kaggle_Classification_Clips\Flute\synth\ground_truth\syrinx_first_fragment_douglas.wav,.wav,WAV,44100,1,PCM_16,,29.14201814058957,1285163,2570370,0.09411370754241943,0.216766357421875,0.11876470144254075,True,True,False,False,Found in isolated instrument folder,False,
Flute,flute,syrinx_fourth_fragment_bernold.wav,Flute\Kaggle_Classification_Clips\Flute\synth\ground_truth\syrinx_fourth_fragment_bernold.wav,.wav,WAV,44100,1,PCM_16,,22.888208616780044,1009370,2018784,0.08852288872003555,0.229705810546875,0.035100111951018954,True,True,False,False,Found in isolated instrument folder,False,
Flute,flute,syrinx_fourth_fragment_dwyer.wav,Flute\Kaggle_Classification_Clips\Flute\synth\ground_truth\syrinx_fourth_fragment_dwyer.wav,.wav,WAV,44100,1,PCM_16,,28.965986394557824,1277400,2554844,0.08801786601543427,0.216339111328125,0.02816580554250822,True,True,False,False,Found in isolated instrument folder,False,
Flute,flute,syrinx_second_fragment_bourdin.wav,Flute\Kaggle_Classification_Clips\Flute\synth\ground_truth\syrinx_second_fragment_bourdin.wav,.wav,WAV,44100,1,PCM_16,,30.40580498866213,1340896,2681836,0.09100586920976639,0.23211669921875,0.14103629215091998,True,True,False,False,Found in isolated instrument folder,False,
Flute,flute,syrinx_second_fragment_dwyer.wav,Flute\Kaggle_Classification_Clips\Flute\synth\ground_truth\syrinx_second_fragment_dwyer.wav,.wav,WAV,44100,1,PCM_16,,28.389092970521542,1251959,2503962,0.09404787421226501,0.227020263671875,0.06548696882246144,True,True,False,False,Found in isolated instrument folder,False,
Flute,flute,syrinx_third_fragment_douglas.wav,Flute\Kaggle_Classification_Clips\Flute\synth\ground_truth\syrinx_third_fragment_douglas.wav,.wav,WAV,44100,1,PCM_16,,27.558503401360543,1215330,2430704,0.09140688925981522,0.229156494140625,0.026601828310006334,True,True,False,False,Found in isolated instrument folder,False,
Flute,flute,syrinx_third_fragment_rhodes.wav,Flute\Kaggle_Classification_Clips\Flute\synth\ground_truth\syrinx_third_fragment_rhodes.wav,.wav,WAV,44100,1,PCM_16,,28.889591836734695,1274031,2548106,0.08765684813261032,0.234527587890625,0.07094175887399914,True,True,False,False,Found in isolated instrument folder,False,
Flute,flute,allemande_fifth_fragment_1-0.2.wav,Flute\Kaggle_Classification_Clips\Flute\synth\score\allemande_fifth_fragment_1-0.2.wav,.wav,WAV,44100,1,PCM_16,,15.25,672525,1345094,0.08218732476234436,0.22467041015625,0.03904092784654845,True,True,False,False,Found in isolated instrument folder,False,
Flute,flute,allemande_first_fragment_1-0.2.wav,Flute\Kaggle_Classification_Clips\Flute\synth\score\allemande_first_fragment_1-0.2.wav,.wav,WAV,44100,1,PCM_16,,20.2,890820,1781684,0.08134766668081284,0.23114013671875,0.0292000628634292,True,True,False,False,Found in isolated instrument folder,False,
Flute,flute,allemande_fourth_fragment_1-0.2.wav,Flute\Kaggle_Classification_Clips\Flute\synth\score\allemande_fourth_fragment_1-0.2.wav,.wav,WAV,44100,1,PCM_16,,15.4,679140,1358324,0.08051765710115433,0.22265625,0.03832494036575669,True,True,False,False,Found in isolated instrument folder,False,
Flute,flute,allemande_second_fragment_1-0.2.wav,Flute\Kaggle_Classification_Clips\Flute\synth\score\allemande_second_fragment_1-0.2.wav,.wav,WAV,44100,1,PCM_16,,17.65,778365,1556774,0.08130376040935516,0.220367431640625,0.03430395765482775,True,True,False,False,Found in isolated instrument folder,False,
Flute,flute,allemande_third_fragment_1-0.2.wav,Flute\Kaggle_Classification_Clips\Flute\synth\score\allemande_third_fragment_1-0.2.wav,.wav,WAV,44100,1,PCM_16,,13.0,573300,1146644,0.07995715737342834,0.225860595703125,0.048451072736787025,True,True,False,False,Found in isolated instrument folder,False,
Flute,flute,density_fifth_fragment_1-0.2.wav,Flute\Kaggle_Classification_Clips\Flute\synth\score\density_fifth_fragment_1-0.2.wav,.wav,WAV,44100,1,PCM_16,,32.24965986394558,1422210,2844464,0.09710175544023514,0.240753173828125,0.07002763304997152,True,True,False,False,Found in isolated instrument folder,False,
Flute,flute,density_first_fragment_1-0.2.wav,Flute\Kaggle_Classification_Clips\Flute\synth\score\density_first_fragment_1-0.2.wav,.wav,WAV,44100,1,PCM_16,,46.416666666666664,2046975,4093994,0.08853866904973984,0.229156494140625,0.02144676901281159,True,True,False,False,Found in isolated instrument folder,False,
Flute,flute,density_fourth_fragment_1-0.2.wav,Flute\Kaggle_Classification_Clips\Flute\synth\score\density_fourth_fragment_1-0.2.wav,.wav,WAV,44100,1,PCM_16,,34.83299319727891,1536135,3072314,0.08516690135002136,0.204833984375,0.038704280548259105,True,True,False,False,Found in isolated instrument folder,False,
Flute,flute,density_second_fragment_1-0.2.wav,Flute\Kaggle_Classification_Clips\Flute\synth\score\density_second_fragment_1-0.2.wav,.wav,WAV,44100,1,PCM_16,,29.055079365079365,1281329,2562702,0.09804953634738922,0.238006591796875,0.021072651910633414,True,True,False,False,Found in isolated instrument folder,False,
Flute,flute,density_sixth_fragment_1-0.2.wav,Flute\Kaggle_Classification_Clips\Flute\synth\score\density_sixth_fragment_1-0.2.wav,.wav,WAV,44100,1,PCM_16,,45.5,2006550,4013144,0.09776895493268967,0.231048583984375,0.014084373676210411,True,True,False,False,Found in isolated instrument folder,False,
Flute,flute,density_third_fragment_1-0.2.wav,Flute\Kaggle_Classification_Clips\Flute\synth\score\density_third_fragment_1-0.2.wav,.wav,WAV,44100,1,PCM_16,,34.72299319727891,1531284,3062612,0.07575952261686325,0.214263916015625,0.24679288753751755,True,True,False,False,Found in isolated instrument folder,False,
Flute,flute,sequenza_first_fragment_1-0.2.wav,Flute\Kaggle_Classification_Clips\Flute\synth\score\sequenza_first_fragment_1-0.2.wav,.wav,WAV,44100,1,PCM_16,,33.28884353741497,1468038,2936120,0.08164597302675247,0.225067138671875,0.1039939020652054,True,True,False,False,Found in isolated instrument folder,False,
Flute,flute,sequenza_fourth_fragment_1-0.2.wav,Flute\Kaggle_Classification_Clips\Flute\synth\score\sequenza_fourth_fragment_1-0.2.wav,.wav,WAV,44100,1,PCM_16,,45.4644671201814,2004983,4010010,0.08757530897855759,0.222991943359375,0.029335410823932172,True,True,False,False,Found in isolated instrument folder,False,
Flute,flute,sequenza_second_fragment_1-0.2.wav,Flute\Kaggle_Classification_Clips\Flute\synth\score\sequenza_second_fragment_1-0.2.wav,.wav,WAV,44100,1,PCM_16,,16.514285714285716,728280,1456604,0.08438077569007874,0.2216796875,0.0716414016587027,True,True,False,False,Found in isolated instrument folder,False,
Flute,flute,sequenza_sixth_fragment_1-0.2.wav,Flute\Kaggle_Classification_Clips\Flute\synth\score\sequenza_sixth_fragment_1-0.2.wav,.wav,WAV,44100,1,PCM_16,,19.42825396825397,856786,1713616,0.08076371997594833,0.207611083984375,0.061218320560793474,True,True,False,False,Found in isolated instrument folder,False,
Flute,flute,syrinx_fifth_fragment_1-0.2.wav,Flute\Kaggle_Classification_Clips\Flute\synth\score\syrinx_fifth_fragment_1-0.2.wav,.wav,WAV,44100,1,PCM_16,,34.0,1499400,2998844,0.09658880531787872,0.235382080078125,0.018478724823262637,True,True,False,False,Found in isolated instrument folder,False,
Flute,flute,syrinx_first_fragment_1-0.2.wav,Flute\Kaggle_Classification_Clips\Flute\synth\score\syrinx_first_fragment_1-0.2.wav,.wav,WAV,44100,1,PCM_16,,19.0,837900,1675844,0.10019496083259583,0.20233154296875,0.03361737677527151,True,True,False,False,Found in isolated instrument folder,False,
Flute,flute,syrinx_fourth_fragment_1-0.2.wav,Flute\Kaggle_Classification_Clips\Flute\synth\score\syrinx_fourth_fragment_1-0.2.wav,.wav,WAV,44100,1,PCM_16,,28.0,1234800,2469644,0.09346498548984528,0.2269287109375,0.02175655976676385,True,True,False,False,Found in isolated instrument folder,False,
Flute,flute,syrinx_second_fragment_1-0.2.wav,Flute\Kaggle_Classification_Clips\Flute\synth\score\syrinx_second_fragment_1-0.2.wav,.wav,WAV,44100,1,PCM_16,,13.056666666666667,575799,1151642,0.08867762237787247,0.23016357421875,0.05530575773837745,True,True,False,False,Found in isolated instrument folder,False,
Flute,flute,syrinx_third_fragment_1-0.2.wav,Flute\Kaggle_Classification_Clips\Flute\synth\score\syrinx_third_fragment_1-0.2.wav,.wav,WAV,44100,1,PCM_16,,13.499659863945578,595335,1190714,0.08103597909212112,0.225006103515625,0.04641588349416715,True,True,False,False,Found in isolated instrument folder,False,
Dhul,dhul,Gully-Loops-Bhoral-Dhul-Loop-BPM-160.wav,Dhul\Gully-Loops-Bhoral-Dhul-Loop-BPM-160.wav,.wav,WAV,48000,2,PCM_24,,12.0,576000,3456044,0.09361477941274643,1.0,0.004791666666666666,True,True,False,False,Found in isolated instrument folder,False,
Dhul,dhul,Gully-Loops-Bordoisila-Dhul-Loop-BPM-120.wav,Dhul\Gully-Loops-Bordoisila-Dhul-Loop-BPM-120.wav,.wav,WAV,48000,2,PCM_24,,12.0,576000,3456044,0.07667024433612823,0.7208260297775269,0.0058012152777777775,True,True,False,False,Found in isolated instrument folder,False,
Dhul,dhul,Gully-Loops-Dhemaji-Dhul-Loop.wav,Dhul\Gully-Loops-Dhemaji-Dhul-Loop.wav,.wav,WAV,48000,2,PCM_24,,9.61875,461700,2770244,0.09947914630174637,0.825881838798523,0.007680311890838207,True,True,False,False,Found in isolated instrument folder,False,
Dhul,dhul,Gully-Loops-Dhumuha-Dhul-Loop-BPM-100.wav,Dhul\Gully-Loops-Dhumuha-Dhul-Loop-BPM-100.wav,.wav,WAV,48000,2,PCM_24,,14.4,691200,4147244,0.07816226780414581,0.8149162530899048,0.004875578703703704,True,True,False,False,Found in isolated instrument folder,False,
Dhul,dhul,Gully-Loops-Jhumor-Dhul-Loop-BPM-120.wav,Dhul\Gully-Loops-Jhumor-Dhul-Loop-BPM-120.wav,.wav,WAV,48000,2,PCM_24,,18.0,864000,5184044,0.07140383124351501,0.8241268396377563,0.004094907407407407,True,True,False,False,Found in isolated instrument folder,False,
Dhul,dhul,Gully-Loops-Kopou-Loop-BPM-140.wav,Dhul\Gully-Loops-Kopou-Loop-BPM-140.wav,.wav,WAV,48000,2,PCM_24,,13.5,648000,3888044,0.06347570568323135,0.7694000005722046,0.014688271604938272,True,True,False,False,Found in isolated instrument folder,False,
Dhul,dhul,Gully-Loops-Mahor-Dhul-Loop-BPM-120.wav,Dhul\Gully-Loops-Mahor-Dhul-Loop-BPM-120.wav,.wav,WAV,48000,2,PCM_24,,14.0,672000,4032044,0.092420294880867,0.817887544631958,0.0028392857142857143,True,True,False,False,Found in isolated instrument folder,False,
Dhul,dhul,Gully-Loops-Nahor-Dhul-Loop.wav,Dhul\Gully-Loops-Nahor-Dhul-Loop.wav,.wav,WAV,48000,2,PCM_24,,14.203125,681750,4090544,0.08271035552024841,0.817473292350769,0.003942794279427943,True,True,False,False,Found in isolated instrument folder,False,
Dhul,dhul,Gully-Loops-Rohedoi-Dhul-Loop-BPM-100.wav,Dhul\Gully-Loops-Rohedoi-Dhul-Loop-BPM-100.wav,.wav,WAV,48000,2,PCM_24,,9.6,460800,2764844,0.06489090621471405,0.7683066129684448,0.010399305555555556,True,True,False,False,Found in isolated instrument folder,False,
Harmonium,harmonium,Harmonium Sample - 01.wav,Harmonium\Harmonium Sample - 01.wav,.wav,WAV,44100,2,PCM_16,,126.50233560090703,5578753,22428376,0.05812128633260727,0.507232666015625,0.08565883809518005,True,True,False,False,Found in isolated instrument folder,False,
Harmonium,harmonium,Harmonium Sample - 02.wav,Harmonium\Harmonium Sample - 02.wav,.wav,WAV,44100,2,PCM_16,,8.870045351473923,391169,1634014,0.14492271840572357,1.0,0.015447287489550552,True,True,False,False,Found in isolated instrument folder,False,
Harmonium,harmonium,Harmonium Sample - 03.wav,Harmonium\Harmonium Sample - 03.wav,.wav,WAV,44100,2,PCM_16,,26.90034013605442,1186305,4852114,0.12940014898777008,0.999969482421875,0.0019514374465251347,True,True,False,False,Found in isolated instrument folder,False,
Harmonium,harmonium,Harmonium Sample - 04.wav,Harmonium\Harmonium Sample - 04.wav,.wav,WAV,44100,2,PCM_16,,72.1280045351474,3180845,12723458,0.061924297362565994,0.461822509765625,0.19723171044172225,True,True,False,False,Found in isolated instrument folder,False,
Harmonium,harmonium,Harmonium Sample - 05.wav,Harmonium\Harmonium Sample - 05.wav,.wav,WAV,48000,2,PCM_16,,90.15466666666667,4327424,17309774,0.03956490010023117,0.36297607421875,0.12118618374349266,True,True,False,False,Found in isolated instrument folder,False,
Harmonium,harmonium,Harmonium Sample - 06.wav,Harmonium\Harmonium Sample - 06.wav,.wav,WAV,44100,2,PCM_16,,88.21333333333334,3890208,15560910,0.06219250336289406,0.476806640625,0.22812533417236303,True,True,False,False,Found in isolated instrument folder,False,
Harmonium,harmonium,Harmonium Sample - 07.wav,Harmonium\Harmonium Sample - 07.wav,.wav,WAV,44100,2,PCM_16,,315.2426530612245,13902201,55608882,0.034048378467559814,0.497772216796875,0.19496711348080784,True,True,False,False,Found in isolated instrument folder,False,
Harmonium,harmonium,Harmonium Sample - 08.wav,Harmonium\Harmonium Sample - 08.wav,.wav,WAV,44100,2,PCM_16,,44.586666666666666,1966272,7865166,0.0626603364944458,0.42901611328125,0.1940692844123295,True,True,False,False,Found in isolated instrument folder,False,
Harmonium,harmonium,1.wav,Harmonium\Kaggle_Classification_Clips\Harmonium\1.wav,.wav,WAV,22050,1,PCM_16,,3.0,66150,132344,0.08553051948547363,0.287994384765625,0.036114890400604685,True,True,False,False,Found in isolated instrument folder,False,
Harmonium,harmonium,10.wav,Harmonium\Kaggle_Classification_Clips\Harmonium\10.wav,.wav,WAV,22050,1,PCM_16,,3.0,66150,132344,0.4297052323818207,0.925933837890625,0.00031746031746031746,True,True,False,False,Found in isolated instrument folder,False,
Harmonium,harmonium,100.wav,Harmonium\Kaggle_Classification_Clips\Harmonium\100.wav,.wav,WAV,22050,1,PCM_16,,3.0,66150,132344,0.3779410421848297,0.928192138671875,0.00031746031746031746,True,True,False,False,Found in isolated instrument folder,False,
Harmonium,harmonium,1000.wav,Harmonium\Kaggle_Classification_Clips\Harmonium\1000.wav,.wav,WAV,22050,1,PCM_16,,3.0,66150,132344,0.4460373818874359,0.924896240234375,0.00013605442176870748,True,True,False,False,Found in isolated instrument folder,False,
Harmonium,harmonium,1001.wav,Harmonium\Kaggle_Classification_Clips\Harmonium\1001.wav,.wav,WAV,22050,1,PCM_16,,3.0,66150,132344,0.3956751823425293,0.92047119140625,0.00016628873771730915,True,True,False,False,Found in isolated instrument folder,False,
Harmonium,harmonium,1002.wav,Harmonium\Kaggle_Classification_Clips\Harmonium\1002.wav,.wav,WAV,22050,1,PCM_16,,3.0,66150,132344,0.41551312804222107,0.930999755859375,0.00021164021164021165,True,True,False,False,Found in isolated instrument folder,False,
Harmonium,harmonium,1003.wav,Harmonium\Kaggle_Classification_Clips\Harmonium\1003.wav,.wav,WAV,22050,1,PCM_16,,3.0,66150,132344,0.38145706057548523,0.91595458984375,0.00019652305366591082,True,True,False,False,Found in isolated instrument folder,False,
Harmonium,harmonium,1004.wav,Harmonium\Kaggle_Classification_Clips\Harmonium\1004.wav,.wav,WAV,22050,1,PCM_16,,3.0,66150,132344,0.424428790807724,0.923492431640625,0.00016628873771730915,True,True,False,False,Found in isolated instrument folder,False,
Harmonium,harmonium,1005.wav,Harmonium\Kaggle_Classification_Clips\Harmonium\1005.wav,.wav,WAV,22050,1,PCM_16,,3.0,66150,132344,0.4640538692474365,0.93048095703125,0.00012093726379440664,True,True,False,False,Found in isolated instrument folder,False,
Harmonium,harmonium,1006.wav,Harmonium\Kaggle_Classification_Clips\Harmonium\1006.wav,.wav,WAV,22050,1,PCM_16,,3.0,66150,132344,0.4407392740249634,0.92608642578125,0.0001511715797430083,True,True,False,False,Found in isolated instrument folder,False,
Harmonium,harmonium,1007.wav,Harmonium\Kaggle_Classification_Clips\Harmonium\1007.wav,.wav,WAV,22050,1,PCM_16,,3.0,66150,132344,0.3765435516834259,0.929229736328125,0.0002418745275888133,True,True,False,False,Found in isolated instrument folder,False,
Harmonium,harmonium,1008.wav,Harmonium\Kaggle_Classification_Clips\Harmonium\1008.wav,.wav,WAV,22050,1,PCM_16,,3.0,66150,132344,0.45530301332473755,0.922607421875,0.00022675736961451248,True,True,False,False,Found in isolated instrument folder,False,
Harmonium,harmonium,1009.wav,Harmonium\Kaggle_Classification_Clips\Harmonium\1009.wav,.wav,WAV,22050,1,PCM_16,,3.0,66150,132344,0.3983248174190521,0.922210693359375,0.000891912320483749,True,True,False,False,Found in isolated instrument folder,False,
Harmonium,harmonium,101.wav,Harmonium\Kaggle_Classification_Clips\Harmonium\101.wav,.wav,WAV,22050,1,PCM_16,,3.0,66150,132344,0.38166019320487976,0.925048828125,0.00021164021164021165,True,True,False,False,Found in isolated instrument folder,False,
Harmonium,harmonium,1010.wav,Harmonium\Kaggle_Classification_Clips\Harmonium\1010.wav,.wav,WAV,22050,1,PCM_16,,3.0,66150,132344,0.42304521799087524,0.922607421875,0.0001511715797430083,True,True,False,False,Found in isolated instrument folder,False,
Harmonium,harmonium,1011.wav,Harmonium\Kaggle_Classification_Clips\Harmonium\1011.wav,.wav,WAV,22050,1,PCM_16,,3.0,66150,132344,0.3799969255924225,0.923858642578125,0.00021164021164021165,True,True,False,False,Found in isolated instrument folder,False,
Harmonium,harmonium,1012.wav,Harmonium\Kaggle_Classification_Clips\Harmonium\1012.wav,.wav,WAV,22050,1,PCM_16,,3.0,66150,132344,0.4220156669616699,0.930938720703125,9.070294784580499e-05,True,True,False,False,Found in isolated instrument folder,False,
Harmonium,harmonium,1013.wav,Harmonium\Kaggle_Classification_Clips\Harmonium\1013.wav,.wav,WAV,22050,1,PCM_16,,3.0,66150,132344,0.46387600898742676,0.924224853515625,0.00010582010582010582,True,True,False,False,Found in isolated instrument folder,False,
Harmonium,harmonium,1014.wav,Harmonium\Kaggle_Classification_Clips\Harmonium\1014.wav,.wav,WAV,22050,1,PCM_16,,3.0,66150,132344,0.4355660378932953,0.9249267578125,0.0001511715797430083,True,True,False,False,Found in isolated instrument folder,False,
Harmonium,harmonium,1015.wav,Harmonium\Kaggle_Classification_Clips\Harmonium\1015.wav,.wav,WAV,22050,1,PCM_16,,3.0,66150,132344,0.37295934557914734,0.92626953125,0.00034769463340891913,True,True,False,False,Found in isolated instrument folder,False,
Harmonium,harmonium,1016.wav,Harmonium\Kaggle_Classification_Clips\Harmonium\1016.wav,.wav,WAV,22050,1,PCM_16,,3.0,66150,132344,0.4452712833881378,0.9281005859375,0.00027210884353741496,True,True,False,False,Found in isolated instrument folder,False,
Harmonium,harmonium,1017.wav,Harmonium\Kaggle_Classification_Clips\Harmonium\1017.wav,.wav,WAV,22050,1,PCM_16,,3.0,66150,132344,0.39512452483177185,0.933746337890625,0.00016628873771730915,True,True,False,False,Found in isolated instrument folder,False,
Harmonium,harmonium,1018.wav,Harmonium\Kaggle_Classification_Clips\Harmonium\1018.wav,.wav,WAV,22050,1,PCM_16,,3.0,66150,132344,0.42055216431617737,0.927490234375,0.00021164021164021165,True,True,False,False,Found in isolated instrument folder,False,
Harmonium,harmonium,1019.wav,Harmonium\Kaggle_Classification_Clips\Harmonium\1019.wav,.wav,WAV,22050,1,PCM_16,,3.0,66150,132344,0.383347749710083,0.933746337890625,0.0002418745275888133,True,True,False,False,Found in isolated instrument folder,False,
Harmonium,harmonium,102.wav,Harmonium\Kaggle_Classification_Clips\Harmonium\102.wav,.wav,WAV,22050,1,PCM_16,,3.0,66150,132344,0.4272988736629486,0.921234130859375,0.00019652305366591082,True,True,False,False,Found in isolated instrument folder,False,
Harmonium,harmonium,1020.wav,Harmonium\Kaggle_Classification_Clips\Harmonium\1020.wav,.wav,WAV,22050,1,PCM_16,,3.0,66150,132344,0.4227190911769867,0.925323486328125,0.00013605442176870748,True,True,False,False,Found in isolated instrument folder,False,
Harmonium,harmonium,1021.wav,Harmonium\Kaggle_Classification_Clips\Harmonium\1021.wav,.wav,WAV,22050,1,PCM_16,,3.0,66150,132344,0.46459025144577026,0.92657470703125,7.558578987150416e-05,True,True,False,False,Found in isolated instrument folder,False,
Harmonium,harmonium,1022.wav,Harmonium\Kaggle_Classification_Clips\Harmonium\1022.wav,.wav,WAV,22050,1,PCM_16,,3.0,66150,132344,0.4393637478351593,0.92547607421875,0.00010582010582010582,True,True,False,False,Found in isolated instrument folder,False,
Harmonium,harmonium,1023.wav,Harmonium\Kaggle_Classification_Clips\Harmonium\1023.wav,.wav,WAV,22050,1,PCM_16,,3.0,66150,132344,0.3724607229232788,0.935791015625,0.0002418745275888133,True,True,False,False,Found in isolated instrument folder,False,
Harmonium,harmonium,1024.wav,Harmonium\Kaggle_Classification_Clips\Harmonium\1024.wav,.wav,WAV,22050,1,PCM_16,,3.0,66150,132344,0.4490159749984741,0.926666259765625,0.00018140589569160998,True,True,False,False,Found in isolated instrument folder,False,
Harmonium,harmonium,1025.wav,Harmonium\Kaggle_Classification_Clips\Harmonium\1025.wav,.wav,WAV,22050,1,PCM_16,,3.0,66150,132344,0.3964078426361084,0.924346923828125,0.00018140589569160998,True,True,False,False,Found in isolated instrument folder,False,
Harmonium,harmonium,1026.wav,Harmonium\Kaggle_Classification_Clips\Harmonium\1026.wav,.wav,WAV,22050,1,PCM_16,,3.0,66150,132344,0.41977930068969727,0.930145263671875,9.070294784580499e-05,True,True,False,False,Found in isolated instrument folder,False,
Harmonium,harmonium,1027.wav,Harmonium\Kaggle_Classification_Clips\Harmonium\1027.wav,.wav,WAV,22050,1,PCM_16,,3.0,66150,132344,0.3788020610809326,0.923004150390625,0.0001511715797430083,True,True,False,False,Found in isolated instrument folder,False,
Harmonium,harmonium,1028.wav,Harmonium\Kaggle_Classification_Clips\Harmonium\1028.wav,.wav,WAV,22050,1,PCM_16,,3.0,66150,132344,0.4324253499507904,0.929779052734375,0.0001511715797430083,True,True,False,False,Found in isolated instrument folder,False,
Harmonium,harmonium,1029.wav,Harmonium\Kaggle_Classification_Clips\Harmonium\1029.wav,.wav,WAV,22050,1,PCM_16,,3.0,66150,132344,0.48498913645744324,0.924072265625,9.070294784580499e-05,True,True,False,False,Found in isolated instrument folder,False,
Harmonium,harmonium,103.wav,Harmonium\Kaggle_Classification_Clips\Harmonium\103.wav,.wav,WAV,22050,1,PCM_16,,3.0,66150,132344,0.38719484210014343,0.9300537109375,0.0002569916855631141,True,True,False,False,Found in isolated instrument folder,False,
Harmonium,harmonium,1030.wav,Harmonium\Kaggle_Classification_Clips\Harmonium\1030.wav,.wav,WAV,22050,1,PCM_16,,3.0,66150,132344,0.4527011811733246,0.925811767578125,0.0002872260015117158,True,True,False,False,Found in isolated instrument folder,False,
Harmonium,harmonium,1031.wav,Harmonium\Kaggle_Classification_Clips\Harmonium\1031.wav,.wav,WAV,22050,1,PCM_16,,3.0,66150,132344,0.37321242690086365,0.929107666015625,0.0002569916855631141,True,True,False,False,Found in isolated instrument folder,False,
Harmonium,harmonium,1032.wav,Harmonium\Kaggle_Classification_Clips\Harmonium\1032.wav,.wav,WAV,22050,1,PCM_16,,3.0,66150,132344,0.44693461060523987,0.92694091796875,9.070294784580499e-05,True,True,False,False,Found in isolated instrument folder,False,
Harmonium,harmonium,1033.wav,Harmonium\Kaggle_Classification_Clips\Harmonium\1033.wav,.wav,WAV,22050,1,PCM_16,,3.0,66150,132344,0.40194839239120483,0.924285888671875,0.0001511715797430083,True,True,False,False,Found in isolated instrument folder,False,
Harmonium,harmonium,1034.wav,Harmonium\Kaggle_Classification_Clips\Harmonium\1034.wav,.wav,WAV,22050,1,PCM_16,,3.0,66150,132344,0.41640913486480713,0.942657470703125,0.0001511715797430083,True,True,False,False,Found in isolated instrument folder,False,
Harmonium,harmonium,1035.wav,Harmonium\Kaggle_Classification_Clips\Harmonium\1035.wav,.wav,WAV,22050,1,PCM_16,,3.0,66150,132344,0.380027174949646,0.928924560546875,0.00012093726379440664,True,True,False,False,Found in isolated instrument folder,False,
Harmonium,harmonium,1036.wav,Harmonium\Kaggle_Classification_Clips\Harmonium\1036.wav,.wav,WAV,22050,1,PCM_16,,3.0,66150,132344,0.4216667413711548,0.924407958984375,0.0002418745275888133,True,True,False,False,Found in isolated instrument folder,False,
Harmonium,harmonium,1037.wav,Harmonium\Kaggle_Classification_Clips\Harmonium\1037.wav,.wav,WAV,22050,1,PCM_16,,3.0,66150,132344,0.45882296562194824,0.92572021484375,9.070294784580499e-05,True,True,False,False,Found in isolated instrument folder,False,
Harmonium,harmonium,1038.wav,Harmonium\Kaggle_Classification_Clips\Harmonium\1038.wav,.wav,WAV,22050,1,PCM_16,,3.0,66150,132344,0.4430443048477173,0.925048828125,0.0002418745275888133,True,True,False,False,Found in isolated instrument folder,False,
Harmonium,harmonium,1039.wav,Harmonium\Kaggle_Classification_Clips\Harmonium\1039.wav,.wav,WAV,22050,1,PCM_16,,3.0,66150,132344,0.3701942265033722,0.925201416015625,0.0002569916855631141,True,True,False,False,Found in isolated instrument folder,False,
Harmonium,harmonium,104.wav,Harmonium\Kaggle_Classification_Clips\Harmonium\104.wav,.wav,WAV,22050,1,PCM_16,,3.0,66150,132344,0.3781936764717102,0.9324951171875,0.00036281179138321996,True,True,False,False,Found in isolated instrument folder,False,
Harmonium,harmonium,1040.wav,Harmonium\Kaggle_Classification_Clips\Harmonium\1040.wav,.wav,WAV,22050,1,PCM_16,,3.0,66150,132344,0.4463663697242737,0.921600341796875,0.00016628873771730915,True,True,False,False,Found in isolated instrument folder,False,
Harmonium,harmonium,1041.wav,Harmonium\Kaggle_Classification_Clips\Harmonium\1041.wav,.wav,WAV,22050,1,PCM_16,,3.0,66150,132344,0.4017670452594757,0.92388916015625,0.00018140589569160998,True,True,False,False,Found in isolated instrument folder,False,
Harmonium,harmonium,1042.wav,Harmonium\Kaggle_Classification_Clips\Harmonium\1042.wav,.wav,WAV,22050,1,PCM_16,,3.0,66150,132344,0.4233987033367157,0.926605224609375,0.00019652305366591082,True,True,False,False,Found in isolated instrument folder,False,
Harmonium,harmonium,1043.wav,Harmonium\Kaggle_Classification_Clips\Harmonium\1043.wav,.wav,WAV,22050,1,PCM_16,,3.0,66150,132344,0.37781187891960144,0.925537109375,0.0001511715797430083,True,True,False,False,Found in isolated instrument folder,False,
Harmonium,harmonium,1044.wav,Harmonium\Kaggle_Classification_Clips\Harmonium\1044.wav,.wav,WAV,22050,1,PCM_16,,3.0,66150,132344,0.4241175353527069,0.928985595703125,0.00013605442176870748,True,True,False,False,Found in isolated instrument folder,False,
Harmonium,harmonium,1045.wav,Harmonium\Kaggle_Classification_Clips\Harmonium\1045.wav,.wav,WAV,22050,1,PCM_16,,3.0,66150,132344,0.46117889881134033,0.929962158203125,7.558578987150416e-05,True,True,False,False,Found in isolated instrument folder,False,
Harmonium,harmonium,1046.wav,Harmonium\Kaggle_Classification_Clips\Harmonium\1046.wav,.wav,WAV,22050,1,PCM_16,,3.0,66150,132344,0.44440630078315735,0.9290771484375,0.00010582010582010582,True,True,False,False,Found in isolated instrument folder,False,
Harmonium,harmonium,1047.wav,Harmonium\Kaggle_Classification_Clips\Harmonium\1047.wav,.wav,WAV,22050,1,PCM_16,,3.0,66150,132344,0.3697092831134796,0.9249267578125,0.0002418745275888133,True,True,False,False,Found in isolated instrument folder,False,
Harmonium,harmonium,1048.wav,Harmonium\Kaggle_Classification_Clips\Harmonium\1048.wav,.wav,WAV,22050,1,PCM_16,,3.0,66150,132344,0.45687732100486755,0.921875,0.0001511715797430083,True,True,False,False,Found in isolated instrument folder,False,
Harmonium,harmonium,1049.wav,Harmonium\Kaggle_Classification_Clips\Harmonium\1049.wav,.wav,WAV,22050,1,PCM_16,,3.0,66150,132344,0.39472880959510803,0.919769287109375,0.00031746031746031746,True,True,False,False,Found in isolated instrument folder,False,
Harmonium,harmonium,105.wav,Harmonium\Kaggle_Classification_Clips\Harmonium\105.wav,.wav,WAV,22050,1,PCM_16,,3.0,66150,132344,0.37694165110588074,0.923309326171875,0.0002872260015117158,True,True,False,False,Found in isolated instrument folder,False,
Harmonium,harmonium,1050.wav,Harmonium\Kaggle_Classification_Clips\Harmonium\1050.wav,.wav,WAV,22050,1,PCM_16,,3.0,66150,132344,0.42157939076423645,0.91998291015625,0.0002418745275888133,True,True,False,False,Found in isolated instrument folder,False,
Harmonium,harmonium,1051.wav,Harmonium\Kaggle_Classification_Clips\Harmonium\1051.wav,.wav,WAV,22050,1,PCM_16,,3.0,66150,132344,0.3829016387462616,0.92291259765625,0.00013605442176870748,True,True,False,False,Found in isolated instrument folder,False,
Harmonium,harmonium,1052.wav,Harmonium\Kaggle_Classification_Clips\Harmonium\1052.wav,.wav,WAV,22050,1,PCM_16,,3.0,66150,132344,0.4233197569847107,0.924957275390625,0.00019652305366591082,True,True,False,False,Found in isolated instrument folder,False,
Harmonium,harmonium,1053.wav,Harmonium\Kaggle_Classification_Clips\Harmonium\1053.wav,.wav,WAV,22050,1,PCM_16,,3.0,66150,132344,0.46361663937568665,0.9327392578125,0.00016628873771730915,True,True,False,False,Found in isolated instrument folder,False,
Harmonium,harmonium,1054.wav,Harmonium\Kaggle_Classification_Clips\Harmonium\1054.wav,.wav,WAV,22050,1,PCM_16,,3.0,66150,132344,0.43758535385131836,0.925140380859375,0.00010582010582010582,True,True,False,False,Found in isolated instrument folder,False,
Harmonium,harmonium,1055.wav,Harmonium\Kaggle_Classification_Clips\Harmonium\1055.wav,.wav,WAV,22050,1,PCM_16,,3.0,66150,132344,0.37352994084358215,0.9326171875,0.0002418745275888133,True,True,False,False,Found in isolated instrument folder,False,
Harmonium,harmonium,1056.wav,Harmonium\Kaggle_Classification_Clips\Harmonium\1056.wav,.wav,WAV,22050,1,PCM_16,,3.0,66150,132344,0.4425625503063202,0.9263916015625,0.00016628873771730915,True,True,False,False,Found in isolated instrument folder,False,
Harmonium,harmonium,1057.wav,Harmonium\Kaggle_Classification_Clips\Harmonium\1057.wav,.wav,WAV,22050,1,PCM_16,,3.0,66150,132344,0.39814743399620056,0.926605224609375,0.0003325774754346183,True,True,False,False,Found in isolated instrument folder,False,
Harmonium,harmonium,1058.wav,Harmonium\Kaggle_Classification_Clips\Harmonium\1058.wav,.wav,WAV,22050,1,PCM_16,,3.0,66150,132344,0.416093647480011,0.927703857421875,0.0002418745275888133,True,True,False,False,Found in isolated instrument folder,False,
Harmonium,harmonium,1059.wav,Harmonium\Kaggle_Classification_Clips\Harmonium\1059.wav,.wav,WAV,22050,1,PCM_16,,3.0,66150,132344,0.38099929690361023,0.922119140625,0.0002418745275888133,True,True,False,False,Found in isolated instrument folder,False,
Harmonium,harmonium,106.wav,Harmonium\Kaggle_Classification_Clips\Harmonium\106.wav,.wav,WAV,22050,1,PCM_16,,3.0,66150,132344,0.42955511808395386,0.92315673828125,0.0002418745275888133,True,True,False,False,Found in isolated instrument folder,False,
Harmonium,harmonium,1060.wav,Harmonium\Kaggle_Classification_Clips\Harmonium\1060.wav,.wav,WAV,22050,1,PCM_16,,3.0,66150,132344,0.4216163754463196,0.92681884765625,0.00019652305366591082,True,True,False,False,Found in isolated instrument folder,False,
Harmonium,harmonium,1061.wav,Harmonium\Kaggle_Classification_Clips\Harmonium\1061.wav,.wav,WAV,22050,1,PCM_16,,3.0,66150,132344,0.462197482585907,0.923431396484375,0.00016628873771730915,True,True,False,False,Found in isolated instrument folder,False,
Harmonium,harmonium,1062.wav,Harmonium\Kaggle_Classification_Clips\Harmonium\1062.wav,.wav,WAV,22050,1,PCM_16,,3.0,66150,132344,0.43853312730789185,0.92547607421875,0.0002418745275888133,True,True,False,False,Found in isolated instrument folder,False,
Harmonium,harmonium,1063.wav,Harmonium\Kaggle_Classification_Clips\Harmonium\1063.wav,.wav,WAV,22050,1,PCM_16,,3.0,66150,132344,0.3760441541671753,0.9302978515625,0.00031746031746031746,True,True,False,False,Found in isolated instrument folder,False,
Harmonium,harmonium,1064.wav,Harmonium\Kaggle_Classification_Clips\Harmonium\1064.wav,.wav,WAV,22050,1,PCM_16,,3.0,66150,132344,0.44264739751815796,0.926177978515625,7.558578987150416e-05,True,True,False,False,Found in isolated instrument folder,False,
Harmonium,harmonium,1065.wav,Harmonium\Kaggle_Classification_Clips\Harmonium\1065.wav,.wav,WAV,22050,1,PCM_16,,3.0,66150,132344,0.39497649669647217,0.921478271484375,0.00027210884353741496,True,True,False,False,Found in isolated instrument folder,False,
Harmonium,harmonium,1066.wav,Harmonium\Kaggle_Classification_Clips\Harmonium\1066.wav,.wav,WAV,22050,1,PCM_16,,3.0,66150,132344,0.4214174449443817,0.92608642578125,0.0002418745275888133,True,True,False,False,Found in isolated instrument folder,False,
Harmonium,harmonium,1067.wav,Harmonium\Kaggle_Classification_Clips\Harmonium\1067.wav,.wav,WAV,22050,1,PCM_16,,3.0,66150,132344,0.3811070919036865,0.922332763671875,0.00019652305366591082,True,True,False,False,Found in isolated instrument folder,False,
Harmonium,harmonium,1068.wav,Harmonium\Kaggle_Classification_Clips\Harmonium\1068.wav,.wav,WAV,22050,1,PCM_16,,3.0,66150,132344,0.4329436123371124,0.927978515625,0.00016628873771730915,True,True,False,False,Found in isolated instrument folder,False,
Harmonium,harmonium,1069.wav,Harmonium\Kaggle_Classification_Clips\Harmonium\1069.wav,.wav,WAV,22050,1,PCM_16,,3.0,66150,132344,0.48826849460601807,0.920867919921875,7.558578987150416e-05,True,True,False,False,Found in isolated instrument folder,False,
Harmonium,harmonium,107.wav,Harmonium\Kaggle_Classification_Clips\Harmonium\107.wav,.wav,WAV,22050,1,PCM_16,,3.0,66150,132344,0.38547271490097046,0.926971435546875,0.00039304610733182163,True,True,False,False,Found in isolated instrument folder,False,
Harmonium,harmonium,1070.wav,Harmonium\Kaggle_Classification_Clips\Harmonium\1070.wav,.wav,WAV,22050,1,PCM_16,,3.0,66150,132344,0.4570445716381073,0.926055908203125,0.00013605442176870748,True,True,False,False,Found in isolated instrument folder,False,
Harmonium,harmonium,1071.wav,Harmonium\Kaggle_Classification_Clips\Harmonium\1071.wav,.wav,WAV,22050,1,PCM_16,,3.0,66150,132344,0.37451279163360596,0.93115234375,0.00021164021164021165,True,True,False,False,Found in isolated instrument folder,False,
Harmonium,harmonium,1072.wav,Harmonium\Kaggle_Classification_Clips\Harmonium\1072.wav,.wav,WAV,22050,1,PCM_16,,3.0,66150,132344,0.4474527835845947,0.926513671875,0.0002872260015117158,True,True,False,False,Found in isolated instrument folder,False,
Harmonium,harmonium,1073.wav,Harmonium\Kaggle_Classification_Clips\Harmonium\1073.wav,.wav,WAV,22050,1,PCM_16,,3.0,66150,132344,0.3938373923301697,0.928253173828125,0.00019652305366591082,True,True,False,False,Found in isolated instrument folder,False,
Harmonium,harmonium,1074.wav,Harmonium\Kaggle_Classification_Clips\Harmonium\1074.wav,.wav,WAV,22050,1,PCM_16,,3.0,66150,132344,0.41688767075538635,0.928802490234375,0.00018140589569160998,True,True,False,False,Found in isolated instrument folder,False,
Harmonium,harmonium,1075.wav,Harmonium\Kaggle_Classification_Clips\Harmonium\1075.wav,.wav,WAV,22050,1,PCM_16,,3.0,66150,132344,0.37805214524269104,0.9268798828125,0.0002569916855631141,True,True,False,False,Found in isolated instrument folder,False,
Harmonium,harmonium,1076.wav,Harmonium\Kaggle_Classification_Clips\Harmonium\1076.wav,.wav,WAV,22050,1,PCM_16,,3.0,66150,132344,0.4266279637813568,0.921112060546875,0.00012093726379440664,True,True,False,False,Found in isolated instrument folder,False,
Harmonium,harmonium,1077.wav,Harmonium\Kaggle_Classification_Clips\Harmonium\1077.wav,.wav,WAV,22050,1,PCM_16,,3.0,66150,132344,0.4679405391216278,0.926300048828125,0.00010582010582010582,True,True,False,False,Found in isolated instrument folder,False,
Harmonium,harmonium,1078.wav,Harmonium\Kaggle_Classification_Clips\Harmonium\1078.wav,.wav,WAV,22050,1,PCM_16,,3.0,66150,132344,0.440573126077652,0.9278564453125,0.0002872260015117158,True,True,False,False,Found in isolated instrument folder,False,
Harmonium,harmonium,1079.wav,Harmonium\Kaggle_Classification_Clips\Harmonium\1079.wav,.wav,WAV,22050,1,PCM_16,,3.0,66150,132344,0.36381396651268005,0.93524169921875,0.0002872260015117158,True,True,False,False,Found in isolated instrument folder,False,
Harmonium,harmonium,108.wav,Harmonium\Kaggle_Classification_Clips\Harmonium\108.wav,.wav,WAV,22050,1,PCM_16,,3.0,66150,132344,0.3830581307411194,0.92431640625,0.00031746031746031746,True,True,False,False,Found in isolated instrument folder,False,
Harmonium,harmonium,1080.wav,Harmonium\Kaggle_Classification_Clips\Harmonium\1080.wav,.wav,WAV,22050,1,PCM_16,,3.0,66150,132344,0.4455031454563141,0.922088623046875,0.0001511715797430083,True,True,False,False,Found in isolated instrument folder,False,
Harmonium,harmonium,1081.wav,Harmonium\Kaggle_Classification_Clips\Harmonium\1081.wav,.wav,WAV,22050,1,PCM_16,,3.0,66150,132344,0.40478515625,0.92755126953125,0.00016628873771730915,True,True,False,False,Found in isolated instrument folder,False,
Harmonium,harmonium,1082.wav,Harmonium\Kaggle_Classification_Clips\Harmonium\1082.wav,.wav,WAV,22050,1,PCM_16,,3.0,66150,132344,0.4174872636795044,0.93475341796875,0.0002569916855631141,True,True,False,False,Found in isolated instrument folder,False,
Harmonium,harmonium,1083.wav,Harmonium\Kaggle_Classification_Clips\Harmonium\1083.wav,.wav,WAV,22050,1,PCM_16,,3.0,66150,132344,0.3808000087738037,0.92132568359375,0.00013605442176870748,True,True,False,False,Found in isolated instrument folder,False,
Harmonium,harmonium,1084.wav,Harmonium\Kaggle_Classification_Clips\Harmonium\1084.wav,.wav,WAV,22050,1,PCM_16,,3.0,66150,132344,0.4278995990753174,0.935394287109375,0.00013605442176870748,True,True,False,False,Found in isolated instrument folder,False,
Harmonium,harmonium,1085.wav,Harmonium\Kaggle_Classification_Clips\Harmonium\1085.wav,.wav,WAV,22050,1,PCM_16,,3.0,66150,132344,0.4584362506866455,0.923248291015625,7.558578987150416e-05,True,True,False,False,Found in isolated instrument folder,False,
Harmonium,harmonium,1086.wav,Harmonium\Kaggle_Classification_Clips\Harmonium\1086.wav,.wav,WAV,22050,1,PCM_16,,3.0,66150,132344,0.44133880734443665,0.925567626953125,0.00021164021164021165,True,True,False,False,Found in isolated instrument folder,False,
Harmonium,harmonium,1087.wav,Harmonium\Kaggle_Classification_Clips\Harmonium\1087.wav,.wav,WAV,22050,1,PCM_16,,3.0,66150,132344,0.3692299425601959,0.92828369140625,0.00022675736961451248,True,True,False,False,Found in isolated instrument folder,False,
Harmonium,harmonium,1088.wav,Harmonium\Kaggle_Classification_Clips\Harmonium\1088.wav,.wav,WAV,22050,1,PCM_16,,3.0,66150,132344,0.45140019059181213,0.9248046875,0.00016628873771730915,True,True,False,False,Found in isolated instrument folder,False,
Harmonium,harmonium,1089.wav,Harmonium\Kaggle_Classification_Clips\Harmonium\1089.wav,.wav,WAV,22050,1,PCM_16,,3.0,66150,132344,0.3961675465106964,0.922576904296875,0.0002418745275888133,True,True,False,False,Found in isolated instrument folder,False,
Harmonium,harmonium,109.wav,Harmonium\Kaggle_Classification_Clips\Harmonium\109.wav,.wav,WAV,22050,1,PCM_16,,3.0,66150,132344,0.3782770335674286,0.924652099609375,0.0003779289493575208,True,True,False,False,Found in isolated instrument folder,False,
Harmonium,harmonium,1090.wav,Harmonium\Kaggle_Classification_Clips\Harmonium\1090.wav,.wav,WAV,22050,1,PCM_16,,3.0,66150,132344,0.42634111642837524,0.924102783203125,0.0002569916855631141,True,True,False,False,Found in isolated instrument folder,False,
Harmonium,harmonium,1091.wav,Harmonium\Kaggle_Classification_Clips\Harmonium\1091.wav,.wav,WAV,22050,1,PCM_16,,3.0,66150,132344,0.3813667297363281,0.92041015625,0.00013605442176870748,True,True,False,False,Found in isolated instrument folder,False,
Harmonium,harmonium,1092.wav,Harmonium\Kaggle_Classification_Clips\Harmonium\1092.wav,.wav,WAV,22050,1,PCM_16,,3.0,66150,132344,0.43029436469078064,0.92999267578125,0.00016628873771730915,True,True,False,False,Found in isolated instrument folder,False,
Harmonium,harmonium,1093.wav,Harmonium\Kaggle_Classification_Clips\Harmonium\1093.wav,.wav,WAV,22050,1,PCM_16,,3.0,66150,132344,0.46558478474617004,0.923095703125,0.00013605442176870748,True,True,False,False,Found in isolated instrument folder,False,
Harmonium,harmonium,1094.wav,Harmonium\Kaggle_Classification_Clips\Harmonium\1094.wav,.wav,WAV,22050,1,PCM_16,,3.0,66150,132344,0.43571487069129944,0.930023193359375,0.00016628873771730915,True,True,False,False,Found in isolated instrument folder,False,
Harmonium,harmonium,1095.wav,Harmonium\Kaggle_Classification_Clips\Harmonium\1095.wav,.wav,WAV,22050,1,PCM_16,,3.0,66150,132344,0.36886510252952576,0.927642822265625,0.00021164021164021165,True,True,False,False,Found in isolated instrument folder,False,
Harmonium,harmonium,1096.wav,Harmonium\Kaggle_Classification_Clips\Harmonium\1096.wav,.wav,WAV,22050,1,PCM_16,,3.0,66150,132344,0.43702274560928345,0.925506591796875,0.0002569916855631141,True,True,False,False,Found in isolated instrument folder,False,
Harmonium,harmonium,1097.wav,Harmonium\Kaggle_Classification_Clips\Harmonium\1097.wav,.wav,WAV,22050,1,PCM_16,,3.0,66150,132344,0.40129798650741577,0.93328857421875,0.00013605442176870748,True,True,False,False,Found in isolated instrument folder,False,
Harmonium,harmonium,1098.wav,Harmonium\Kaggle_Classification_Clips\Harmonium\1098.wav,.wav,WAV,22050,1,PCM_16,,3.0,66150,132344,0.4134172201156616,0.933197021484375,0.00013605442176870748,True,True,False,False,Found in isolated instrument folder,False,
Harmonium,harmonium,1099.wav,Harmonium\Kaggle_Classification_Clips\Harmonium\1099.wav,.wav,WAV,22050,1,PCM_16,,3.0,66150,132344,0.38110867142677307,0.91668701171875,0.0001511715797430083,True,True,False,False,Found in isolated instrument folder,False,
Harmonium,harmonium,11.wav,Harmonium\Kaggle_Classification_Clips\Harmonium\11.wav,.wav,WAV,22050,1,PCM_16,,3.0,66150,132344,0.3855634927749634,0.92205810546875,0.00036281179138321996,True,True,False,False,Found in isolated instrument folder,False,
Harmonium,harmonium,110.wav,Harmonium\Kaggle_Classification_Clips\Harmonium\110.wav,.wav,WAV,22050,1,PCM_16,,3.0,66150,132344,0.43372848629951477,0.9249267578125,0.00031746031746031746,True,True,False,False,Found in isolated instrument folder,False,
Harmonium,harmonium,1100.wav,Harmonium\Kaggle_Classification_Clips\Harmonium\1100.wav,.wav,WAV,22050,1,PCM_16,,3.0,66150,132344,0.42555028200149536,0.92718505859375,0.00016628873771730915,True,True,False,False,Found in isolated instrument folder,False,
Harmonium,harmonium,1101.wav,Harmonium\Kaggle_Classification_Clips\Harmonium\1101.wav,.wav,WAV,22050,1,PCM_16,,3.0,66150,132344,0.46741625666618347,0.92376708984375,0.00012093726379440664,True,True,False,False,Found in isolated instrument folder,False,
Harmonium,harmonium,1102.wav,Harmonium\Kaggle_Classification_Clips\Harmonium\1102.wav,.wav,WAV,22050,1,PCM_16,,3.0,66150,132344,0.4385971426963806,0.936248779296875,0.0001511715797430083,True,True,False,False,Found in isolated instrument folder,False,
Harmonium,harmonium,1103.wav,Harmonium\Kaggle_Classification_Clips\Harmonium\1103.wav,.wav,WAV,22050,1,PCM_16,,3.0,66150,132344,0.3732239603996277,0.929534912109375,0.0003023431594860166,True,True,False,False,Found in isolated instrument folder,False,
Harmonium,harmonium,1104.wav,Harmonium\Kaggle_Classification_Clips\Harmonium\1104.wav,.wav,WAV,22050,1,PCM_16,,3.0,66150,132344,0.44183456897735596,0.923248291015625,0.0002872260015117158,True,True,False,False,Found in isolated instrument folder,False,
Harmonium,harmonium,1105.wav,Harmonium\Kaggle_Classification_Clips\Harmonium\1105.wav,.wav,WAV,22050,1,PCM_16,,3.0,66150,132344,0.39392057061195374,0.926910400390625,0.00022675736961451248,True,True,False,False,Found in isolated instrument folder,False,
Harmonium,harmonium,1106.wav,Harmonium\Kaggle_Classification_Clips\Harmonium\1106.wav,.wav,WAV,22050,1,PCM_16,,3.0,66150,132344,0.4180614650249481,0.926605224609375,0.00013605442176870748,True,True,False,False,Found in isolated instrument folder,False,
Harmonium,harmonium,1107.wav,Harmonium\Kaggle_Classification_Clips\Harmonium\1107.wav,.wav,WAV,22050,1,PCM_16,,3.0,66150,132344,0.37999483942985535,0.9202880859375,0.00018140589569160998,True,True,False,False,Found in isolated instrument folder,False,
Harmonium,harmonium,1108.wav,Harmonium\Kaggle_Classification_Clips\Harmonium\1108.wav,.wav,WAV,22050,1,PCM_16,,3.0,66150,132344,0.42692306637763977,0.9334716796875,7.558578987150416e-05,True,True,False,False,Found in isolated instrument folder,False,
Harmonium,harmonium,1109.wav,Harmonium\Kaggle_Classification_Clips\Harmonium\1109.wav,.wav,WAV,22050,1,PCM_16,,3.0,66150,132344,0.48384755849838257,0.92425537109375,0.0001511715797430083,True,True,False,False,Found in isolated instrument folder,False,
Harmonium,harmonium,111.wav,Harmonium\Kaggle_Classification_Clips\Harmonium\111.wav,.wav,WAV,22050,1,PCM_16,,3.0,66150,132344,0.38211682438850403,0.92462158203125,0.00022675736961451248,True,True,False,False,Found in isolated instrument folder,False,
Harmonium,harmonium,1110.wav,Harmonium\Kaggle_Classification_Clips\Harmonium\1110.wav,.wav,WAV,22050,1,PCM_16,,3.0,66150,132344,0.46078333258628845,0.922821044921875,0.00012093726379440664,True,True,False,False,Found in isolated instrument folder,False,
Harmonium,harmonium,1111.wav,Harmonium\Kaggle_Classification_Clips\Harmonium\1111.wav,.wav,WAV,22050,1,PCM_16,,3.0,66150,132344,0.3699832558631897,0.93157958984375,0.00039304610733182163,True,True,False,False,Found in isolated instrument folder,False,
Harmonium,harmonium,1112.wav,Harmonium\Kaggle_Classification_Clips\Harmonium\1112.wav,.wav,WAV,22050,1,PCM_16,,3.0,66150,132344,0.44310489296913147,0.927764892578125,0.00018140589569160998,True,True,False,False,Found in isolated instrument folder,False,
Harmonium,harmonium,1113.wav,Harmonium\Kaggle_Classification_Clips\Harmonium\1113.wav,.wav,WAV,22050,1,PCM_16,,3.0,66150,132344,0.39613252878189087,0.921142578125,0.00018140589569160998,True,True,False,False,Found in isolated instrument folder,False,
Harmonium,harmonium,1114.wav,Harmonium\Kaggle_Classification_Clips\Harmonium\1114.wav,.wav,WAV,22050,1,PCM_16,,3.0,66150,132344,0.41827720403671265,0.926513671875,0.00022675736961451248,True,True,False,False,Found in isolated instrument folder,False,
Harmonium,harmonium,1115.wav,Harmonium\Kaggle_Classification_Clips\Harmonium\1115.wav,.wav,WAV,22050,1,PCM_16,,3.0,66150,132344,0.3802611827850342,0.923736572265625,0.00027210884353741496,True,True,False,False,Found in isolated instrument folder,False,
Harmonium,harmonium,1116.wav,Harmonium\Kaggle_Classification_Clips\Harmonium\1116.wav,.wav,WAV,22050,1,PCM_16,,3.0,66150,132344,0.42157304286956787,0.927337646484375,0.00021164021164021165,True,True,False,False,Found in isolated instrument folder,False,
Harmonium,harmonium,1117.wav,Harmonium\Kaggle_Classification_Clips\Harmonium\1117.wav,.wav,WAV,22050,1,PCM_16,,3.0,66150,132344,0.4685674011707306,0.92889404296875,0.00010582010582010582,True,True,False,False,Found in isolated instrument folder,False,
Harmonium,harmonium,1118.wav,Harmonium\Kaggle_Classification_Clips\Harmonium\1118.wav,.wav,WAV,22050,1,PCM_16,,3.0,66150,132344,0.4370417892932892,0.93646240234375,0.0002569916855631141,True,True,False,False,Found in isolated instrument folder,False,
Harmonium,harmonium,1119.wav,Harmonium\Kaggle_Classification_Clips\Harmonium\1119.wav,.wav,WAV,22050,1,PCM_16,,3.0,66150,132344,0.37164419889450073,0.928497314453125,0.00034769463340891913,True,True,False,False,Found in isolated instrument folder,False,
Harmonium,harmonium,112.wav,Harmonium\Kaggle_Classification_Clips\Harmonium\112.wav,.wav,WAV,22050,1,PCM_16,,3.0,66150,132344,0.38062214851379395,0.93035888671875,0.00021164021164021165,True,True,False,False,Found in isolated instrument folder,False,
Harmonium,harmonium,1120.wav,Harmonium\Kaggle_Classification_Clips\Harmonium\1120.wav,.wav,WAV,22050,1,PCM_16,,3.0,66150,132344,0.4423828721046448,0.92633056640625,0.00019652305366591082,True,True,False,False,Found in isolated instrument folder,False,
Harmonium,harmonium,1121.wav,Harmonium\Kaggle_Classification_Clips\Harmonium\1121.wav,.wav,WAV,22050,1,PCM_16,,3.0,66150,132344,0.39917081594467163,0.9300537109375,0.00018140589569160998,True,True,False,False,Found in isolated instrument folder,False,
Harmonium,harmonium,1122.wav,Harmonium\Kaggle_Classification_Clips\Harmonium\1122.wav,.wav,WAV,22050,1,PCM_16,,3.0,66150,132344,0.4186997413635254,0.932159423828125,0.00018140589569160998,True,True,False,False,Found in isolated instrument folder,False,
Harmonium,harmonium,1123.wav,Harmonium\Kaggle_Classification_Clips\Harmonium\1123.wav,.wav,WAV,22050,1,PCM_16,,3.0,66150,132344,0.37992045283317566,0.93115234375,0.00019652305366591082,True,True,False,False,Found in isolated instrument folder,False,
Harmonium,harmonium,1124.wav,Harmonium\Kaggle_Classification_Clips\Harmonium\1124.wav,.wav,WAV,22050,1,PCM_16,,3.0,66150,132344,0.42134803533554077,0.933197021484375,0.00010582010582010582,True,True,False,False,Found in isolated instrument folder,False,
Harmonium,harmonium,1125.wav,Harmonium\Kaggle_Classification_Clips\Harmonium\1125.wav,.wav,WAV,22050,1,PCM_16,,3.0,66150,132344,0.46806830167770386,0.92315673828125,0.00012093726379440664,True,True,False,False,Found in isolated instrument folder,False,
Harmonium,harmonium,1126.wav,Harmonium\Kaggle_Classification_Clips\Harmonium\1126.wav,.wav,WAV,22050,1,PCM_16,,3.0,66150,132344,0.43660253286361694,0.92596435546875,0.0001511715797430083,True,True,False,False,Found in isolated instrument folder,False,
Harmonium,harmonium,1127.wav,Harmonium\Kaggle_Classification_Clips\Harmonium\1127.wav,.wav,WAV,22050,1,PCM_16,,3.0,66150,132344,0.36573201417922974,0.93011474609375,0.00031746031746031746,True,True,False,False,Found in isolated instrument folder,False,
Harmonium,harmonium,1128.wav,Harmonium\Kaggle_Classification_Clips\Harmonium\1128.wav,.wav,WAV,22050,1,PCM_16,,3.0,66150,132344,0.44575953483581543,0.930145263671875,0.00019652305366591082,True,True,False,False,Found in isolated instrument folder,False,
Harmonium,harmonium,1129.wav,Harmonium\Kaggle_Classification_Clips\Harmonium\1129.wav,.wav,WAV,22050,1,PCM_16,,3.0,66150,132344,0.39623114466667175,0.923919677734375,0.00022675736961451248,True,True,False,False,Found in isolated instrument folder,False,
Harmonium,harmonium,113.wav,Harmonium\Kaggle_Classification_Clips\Harmonium\113.wav,.wav,WAV,22050,1,PCM_16,,3.0,66150,132344,0.38314440846443176,0.925445556640625,0.0003023431594860166,True,True,False,False,Found in isolated instrument folder,False,
Harmonium,harmonium,1130.wav,Harmonium\Kaggle_Classification_Clips\Harmonium\1130.wav,.wav,WAV,22050,1,PCM_16,,3.0,66150,132344,0.4208280146121979,0.92462158203125,0.0002418745275888133,True,True,False,False,Found in isolated instrument folder,False,
Harmonium,harmonium,1131.wav,Harmonium\Kaggle_Classification_Clips\Harmonium\1131.wav,.wav,WAV,22050,1,PCM_16,,3.0,66150,132344,0.37976640462875366,0.91705322265625,0.00022675736961451248,True,True,False,False,Found in isolated instrument folder,False,
Harmonium,harmonium,1132.wav,Harmonium\Kaggle_Classification_Clips\Harmonium\1132.wav,.wav,WAV,22050,1,PCM_16,,3.0,66150,132344,0.4294477701187134,0.929931640625,0.0002418745275888133,True,True,False,False,Found in isolated instrument folder,False,
Harmonium,harmonium,1133.wav,Harmonium\Kaggle_Classification_Clips\Harmonium\1133.wav,.wav,WAV,22050,1,PCM_16,,3.0,66150,132344,0.4612879753112793,0.92315673828125,0.00010582010582010582,True,True,False,False,Found in isolated instrument folder,False,
Harmonium,harmonium,1134.wav,Harmonium\Kaggle_Classification_Clips\Harmonium\1134.wav,.wav,WAV,22050,1,PCM_16,,3.0,66150,132344,0.444463849067688,0.927093505859375,0.00016628873771730915,True,True,False,False,Found in isolated instrument folder,False,
Harmonium,harmonium,1135.wav,Harmonium\Kaggle_Classification_Clips\Harmonium\1135.wav,.wav,WAV,22050,1,PCM_16,,3.0,66150,132344,0.3735698461532593,0.925872802734375,0.00031746031746031746,True,True,False,False,Found in isolated instrument folder,False,
Harmonium,harmonium,1136.wav,Harmonium\Kaggle_Classification_Clips\Harmonium\1136.wav,.wav,WAV,22050,1,PCM_16,,3.0,66150,132344,0.44642841815948486,0.922515869140625,0.00016628873771730915,True,True,False,False,Found in isolated instrument folder,False,
Harmonium,harmonium,1137.wav,Harmonium\Kaggle_Classification_Clips\Harmonium\1137.wav,.wav,WAV,22050,1,PCM_16,,3.0,66150,132344,0.40218210220336914,0.928863525390625,0.00016628873771730915,True,True,False,False,Found in isolated instrument folder,False,
Harmonium,harmonium,1138.wav,Harmonium\Kaggle_Classification_Clips\Harmonium\1138.wav,.wav,WAV,22050,1,PCM_16,,3.0,66150,132344,0.41929173469543457,0.926513671875,7.558578987150416e-05,True,True,False,False,Found in isolated instrument folder,False,
Harmonium,harmonium,1139.wav,Harmonium\Kaggle_Classification_Clips\Harmonium\1139.wav,.wav,WAV,22050,1,PCM_16,,3.0,66150,132344,0.3780992031097412,0.925750732421875,0.00013605442176870748,True,True,False,False,Found in isolated instrument folder,False,
Harmonium,harmonium,114.wav,Harmonium\Kaggle_Classification_Clips\Harmonium\114.wav,.wav,WAV,22050,1,PCM_16,,3.0,66150,132344,0.42855843901634216,0.925689697265625,0.0004232804232804233,True,True,False,False,Found in isolated instrument folder,False,
Harmonium,harmonium,1140.wav,Harmonium\Kaggle_Classification_Clips\Harmonium\1140.wav,.wav,WAV,22050,1,PCM_16,,3.0,66150,132344,0.4278246760368347,0.928558349609375,0.00012093726379440664,True,True,False,False,Found in isolated instrument folder,False,
Harmonium,harmonium,1141.wav,Harmonium\Kaggle_Classification_Clips\Harmonium\1141.wav,.wav,WAV,22050,1,PCM_16,,3.0,66150,132344,0.45876291394233704,0.928375244140625,0.00013605442176870748,True,True,False,False,Found in isolated instrument folder,False,
Harmonium,harmonium,1142.wav,Harmonium\Kaggle_Classification_Clips\Harmonium\1142.wav,.wav,WAV,22050,1,PCM_16,,3.0,66150,132344,0.43864578008651733,0.936065673828125,0.0002418745275888133,True,True,False,False,Found in isolated instrument folder,False,
Harmonium,harmonium,1143.wav,Harmonium\Kaggle_Classification_Clips\Harmonium\1143.wav,.wav,WAV,22050,1,PCM_16,,3.0,66150,132344,0.3700105547904968,0.922882080078125,0.00021164021164021165,True,True,False,False,Found in isolated instrument folder,False,
Harmonium,harmonium,1144.wav,Harmonium\Kaggle_Classification_Clips\Harmonium\1144.wav,.wav,WAV,22050,1,PCM_16,,3.0,66150,132344,0.4374290108680725,0.930145263671875,0.0003023431594860166,True,True,False,False,Found in isolated instrument folder,False,
Harmonium,harmonium,1145.wav,Harmonium\Kaggle_Classification_Clips\Harmonium\1145.wav,.wav,WAV,22050,1,PCM_16,,3.0,66150,132344,0.40064170956611633,0.927703857421875,0.00019652305366591082,True,True,False,False,Found in isolated instrument folder,False,
Harmonium,harmonium,1146.wav,Harmonium\Kaggle_Classification_Clips\Harmonium\1146.wav,.wav,WAV,22050,1,PCM_16,,3.0,66150,132344,0.42397454380989075,0.93389892578125,0.0001511715797430083,True,True,False,False,Found in isolated instrument folder,False,
Harmonium,harmonium,1147.wav,Harmonium\Kaggle_Classification_Clips\Harmonium\1147.wav,.wav,WAV,22050,1,PCM_16,,3.0,66150,132344,0.3844265937805176,0.922607421875,0.0001511715797430083,True,True,False,False,Found in isolated instrument folder,False,
Harmonium,harmonium,1148.wav,Harmonium\Kaggle_Classification_Clips\Harmonium\1148.wav,.wav,WAV,22050,1,PCM_16,,3.0,66150,132344,0.42694202065467834,0.926544189453125,0.00012093726379440664,True,True,False,False,Found in isolated instrument folder,False,
Harmonium,harmonium,1149.wav,Harmonium\Kaggle_Classification_Clips\Harmonium\1149.wav,.wav,WAV,22050,1,PCM_16,,3.0,66150,132344,0.48010721802711487,0.92291259765625,0.00016628873771730915,True,True,False,False,Found in isolated instrument folder,False,
Harmonium,harmonium,115.wav,Harmonium\Kaggle_Classification_Clips\Harmonium\115.wav,.wav,WAV,22050,1,PCM_16,,3.0,66150,132344,0.3839591145515442,0.9251708984375,0.00019652305366591082,True,True,False,False,Found in isolated instrument folder,False,
Harmonium,harmonium,1150.wav,Harmonium\Kaggle_Classification_Clips\Harmonium\1150.wav,.wav,WAV,22050,1,PCM_16,,3.0,66150,132344,0.46052679419517517,0.925567626953125,0.00027210884353741496,True,True,False,False,Found in isolated instrument folder,False,
Harmonium,harmonium,1151.wav,Harmonium\Kaggle_Classification_Clips\Harmonium\1151.wav,.wav,WAV,22050,1,PCM_16,,3.0,66150,132344,0.3720504343509674,0.9256591796875,0.0003023431594860166,True,True,False,False,Found in isolated instrument folder,False,
Harmonium,harmonium,1152.wav,Harmonium\Kaggle_Classification_Clips\Harmonium\1152.wav,.wav,WAV,22050,1,PCM_16,,3.0,66150,132344,0.44690361618995667,0.926055908203125,0.00019652305366591082,True,True,False,False,Found in isolated instrument folder,False,
Harmonium,harmonium,1153.wav,Harmonium\Kaggle_Classification_Clips\Harmonium\1153.wav,.wav,WAV,22050,1,PCM_16,,3.0,66150,132344,0.39820313453674316,0.92498779296875,9.070294784580499e-05,True,True,False,False,Found in isolated instrument folder,False,
Harmonium,harmonium,1154.wav,Harmonium\Kaggle_Classification_Clips\Harmonium\1154.wav,.wav,WAV,22050,1,PCM_16,,3.0,66150,132344,0.4146023690700531,0.9278564453125,0.00013605442176870748,True,True,False,False,Found in isolated instrument folder,False,
Harmonium,harmonium,1155.wav,Harmonium\Kaggle_Classification_Clips\Harmonium\1155.wav,.wav,WAV,22050,1,PCM_16,,3.0,66150,132344,0.38129207491874695,0.925048828125,0.00012093726379440664,True,True,False,False,Found in isolated instrument folder,False,
Harmonium,harmonium,1156.wav,Harmonium\Kaggle_Classification_Clips\Harmonium\1156.wav,.wav,WAV,22050,1,PCM_16,,3.0,66150,132344,0.4222334921360016,0.92938232421875,0.00012093726379440664,True,True,False,False,Found in isolated instrument folder,False,
Harmonium,harmonium,1157.wav,Harmonium\Kaggle_Classification_Clips\Harmonium\1157.wav,.wav,WAV,22050,1,PCM_16,,3.0,66150,132344,0.46353602409362793,0.92901611328125,0.00010582010582010582,True,True,False,False,Found in isolated instrument folder,False,
Harmonium,harmonium,1158.wav,Harmonium\Kaggle_Classification_Clips\Harmonium\1158.wav,.wav,WAV,22050,1,PCM_16,,3.0,66150,132344,0.43814799189567566,0.925537109375,0.00013605442176870748,True,True,False,False,Found in isolated instrument folder,False,
Harmonium,harmonium,1159.wav,Harmonium\Kaggle_Classification_Clips\Harmonium\1159.wav,.wav,WAV,22050,1,PCM_16,,3.0,66150,132344,0.3718104362487793,0.92596435546875,0.00027210884353741496,True,True,False,False,Found in isolated instrument folder,False,
Harmonium,harmonium,116.wav,Harmonium\Kaggle_Classification_Clips\Harmonium\116.wav,.wav,WAV,22050,1,PCM_16,,3.0,66150,132344,0.3779386281967163,0.925201416015625,0.00021164021164021165,True,True,False,False,Found in isolated instrument folder,False,
Harmonium,harmonium,1160.wav,Harmonium\Kaggle_Classification_Clips\Harmonium\1160.wav,.wav,WAV,22050,1,PCM_16,,3.0,66150,132344,0.44486862421035767,0.9256591796875,0.00013605442176870748,True,True,False,False,Found in isolated instrument folder,False,
Harmonium,harmonium,1161.wav,Harmonium\Kaggle_Classification_Clips\Harmonium\1161.wav,.wav,WAV,22050,1,PCM_16,,3.0,66150,132344,0.39962151646614075,0.92401123046875,0.0001511715797430083,True,True,False,False,Found in isolated instrument folder,False,
Harmonium,harmonium,1162.wav,Harmonium\Kaggle_Classification_Clips\Harmonium\1162.wav,.wav,WAV,22050,1,PCM_16,,3.0,66150,132344,0.4198801517486572,0.9359130859375,0.0002418745275888133,True,True,False,False,Found in isolated instrument folder,False,
Harmonium,harmonium,1163.wav,Harmonium\Kaggle_Classification_Clips\Harmonium\1163.wav,.wav,WAV,22050,1,PCM_16,,3.0,66150,132344,0.3807319104671478,0.92071533203125,0.00018140589569160998,True,True,False,False,Found in isolated instrument folder,False,
Harmonium,harmonium,1164.wav,Harmonium\Kaggle_Classification_Clips\Harmonium\1164.wav,.wav,WAV,22050,1,PCM_16,,3.0,66150,132344,0.4223600924015045,0.93609619140625,0.00012093726379440664,True,True,False,False,Found in isolated instrument folder,False,
Harmonium,harmonium,1165.wav,Harmonium\Kaggle_Classification_Clips\Harmonium\1165.wav,.wav,WAV,22050,1,PCM_16,,3.0,66150,132344,0.4671132266521454,0.927001953125,0.00013605442176870748,True,True,False,False,Found in isolated instrument folder,False,
Harmonium,harmonium,1166.wav,Harmonium\Kaggle_Classification_Clips\Harmonium\1166.wav,.wav,WAV,22050,1,PCM_16,,3.0,66150,132344,0.43619245290756226,0.927764892578125,0.00013605442176870748,True,True,False,False,Found in isolated instrument folder,False,
Harmonium,harmonium,1167.wav,Harmonium\Kaggle_Classification_Clips\Harmonium\1167.wav,.wav,WAV,22050,1,PCM_16,,3.0,66150,132344,0.3715718388557434,0.944427490234375,0.00019652305366591082,True,True,False,False,Found in isolated instrument folder,False,
Harmonium,harmonium,1168.wav,Harmonium\Kaggle_Classification_Clips\Harmonium\1168.wav,.wav,WAV,22050,1,PCM_16,,3.0,66150,132344,0.44239556789398193,0.921783447265625,0.00013605442176870748,True,True,False,False,Found in isolated instrument folder,False,
Harmonium,harmonium,1169.wav,Harmonium\Kaggle_Classification_Clips\Harmonium\1169.wav,.wav,WAV,22050,1,PCM_16,,3.0,66150,132344,0.39220669865608215,0.928009033203125,0.0003023431594860166,True,True,False,False,Found in isolated instrument folder,False,
Harmonium,harmonium,117.wav,Harmonium\Kaggle_Classification_Clips\Harmonium\117.wav,.wav,WAV,22050,1,PCM_16,,3.0,66150,132344,0.3816151022911072,0.92767333984375,0.00022675736961451248,True,True,False,False,Found in isolated instrument folder,False,
Harmonium,harmonium,1170.wav,Harmonium\Kaggle_Classification_Clips\Harmonium\1170.wav,.wav,WAV,22050,1,PCM_16,,3.0,66150,132344,0.42187806963920593,0.9215087890625,0.00034769463340891913,True,True,False,False,Found in isolated instrument folder,False,
Harmonium,harmonium,1171.wav,Harmonium\Kaggle_Classification_Clips\Harmonium\1171.wav,.wav,WAV,22050,1,PCM_16,,3.0,66150,132344,0.3791691064834595,0.920379638671875,0.00012093726379440664,True,True,False,False,Found in isolated instrument folder,False,
Harmonium,harmonium,1172.wav,Harmonium\Kaggle_Classification_Clips\Harmonium\1172.wav,.wav,WAV,22050,1,PCM_16,,3.0,66150,132344,0.4286794364452362,0.928680419921875,7.558578987150416e-05,True,True,False,False,Found in isolated instrument folder,False,
Harmonium,harmonium,1173.wav,Harmonium\Kaggle_Classification_Clips\Harmonium\1173.wav,.wav,WAV,22050,1,PCM_16,,3.0,66150,132344,0.46405017375946045,0.93243408203125,4.5351473922902495e-05,True,True,False,False,Found in isolated instrument folder,False,
Harmonium,harmonium,1174.wav,Harmonium\Kaggle_Classification_Clips\Harmonium\1174.wav,.wav,WAV,22050,1,PCM_16,,3.0,66150,132344,0.43686601519584656,0.925567626953125,0.00018140589569160998,True,True,False,False,Found in isolated instrument folder,False,
Harmonium,harmonium,1175.wav,Harmonium\Kaggle_Classification_Clips\Harmonium\1175.wav,.wav,WAV,22050,1,PCM_16,,3.0,66150,132344,0.3665488064289093,0.9300537109375,0.0003023431594860166,True,True,False,False,Found in isolated instrument folder,False,
Harmonium,harmonium,1176.wav,Harmonium\Kaggle_Classification_Clips\Harmonium\1176.wav,.wav,WAV,22050,1,PCM_16,,3.0,66150,132344,0.44160541892051697,0.925262451171875,0.00018140589569160998,True,True,False,False,Found in isolated instrument folder,False,
Harmonium,harmonium,1177.wav,Harmonium\Kaggle_Classification_Clips\Harmonium\1177.wav,.wav,WAV,22050,1,PCM_16,,3.0,66150,132344,0.39939090609550476,0.931488037109375,0.00016628873771730915,True,True,False,False,Found in isolated instrument folder,False,
Harmonium,harmonium,1178.wav,Harmonium\Kaggle_Classification_Clips\Harmonium\1178.wav,.wav,WAV,22050,1,PCM_16,,3.0,66150,132344,0.4129926860332489,0.92657470703125,0.00013605442176870748,True,True,False,False,Found in isolated instrument folder,False,
Harmonium,harmonium,1179.wav,Harmonium\Kaggle_Classification_Clips\Harmonium\1179.wav,.wav,WAV,22050,1,PCM_16,,3.0,66150,132344,0.3834126889705658,0.92535400390625,0.00016628873771730915,True,True,False,False,Found in isolated instrument folder,False,
Harmonium,harmonium,118.wav,Harmonium\Kaggle_Classification_Clips\Harmonium\118.wav,.wav,WAV,22050,1,PCM_16,,3.0,66150,132344,0.42731013894081116,0.921966552734375,0.0002569916855631141,True,True,False,False,Found in isolated instrument folder,False,
Harmonium,harmonium,1180.wav,Harmonium\Kaggle_Classification_Clips\Harmonium\1180.wav,.wav,WAV,22050,1,PCM_16,,3.0,66150,132344,0.4244287610054016,0.927215576171875,0.00016628873771730915,True,True,False,False,Found in isolated instrument folder,False,
Harmonium,harmonium,1181.wav,Harmonium\Kaggle_Classification_Clips\Harmonium\1181.wav,.wav,WAV,22050,1,PCM_16,,3.0,66150,132344,0.4618290066719055,0.92718505859375,4.5351473922902495e-05,True,True,False,False,Found in isolated instrument folder,False,
Harmonium,harmonium,1182.wav,Harmonium\Kaggle_Classification_Clips\Harmonium\1182.wav,.wav,WAV,22050,1,PCM_16,,3.0,66150,132344,0.44320204854011536,0.9222412109375,0.0002569916855631141,True,True,False,False,Found in isolated instrument folder,False,
Harmonium,harmonium,1183.wav,Harmonium\Kaggle_Classification_Clips\Harmonium\1183.wav,.wav,WAV,22050,1,PCM_16,,3.0,66150,132344,0.3750832676887512,0.92510986328125,0.0002872260015117158,True,True,False,False,Found in isolated instrument folder,False,
Harmonium,harmonium,1184.wav,Harmonium\Kaggle_Classification_Clips\Harmonium\1184.wav,.wav,WAV,22050,1,PCM_16,,3.0,66150,132344,0.4477764368057251,0.928192138671875,0.00012093726379440664,True,True,False,False,Found in isolated instrument folder,False,
Harmonium,harmonium,1185.wav,Harmonium\Kaggle_Classification_Clips\Harmonium\1185.wav,.wav,WAV,22050,1,PCM_16,,3.0,66150,132344,0.4004005193710327,0.929168701171875,0.00022675736961451248,True,True,False,False,Found in isolated instrument folder,False,
Harmonium,harmonium,1186.wav,Harmonium\Kaggle_Classification_Clips\Harmonium\1186.wav,.wav,WAV,22050,1,PCM_16,,3.0,66150,132344,0.41583988070487976,0.924163818359375,0.00013605442176870748,True,True,False,False,Found in isolated instrument folder,False,
Harmonium,harmonium,1187.wav,Harmonium\Kaggle_Classification_Clips\Harmonium\1187.wav,.wav,WAV,22050,1,PCM_16,,3.0,66150,132344,0.37983569502830505,0.9222412109375,0.0002418745275888133,True,True,False,False,Found in isolated instrument folder,False,
Harmonium,harmonium,1188.wav,Harmonium\Kaggle_Classification_Clips\Harmonium\1188.wav,.wav,WAV,22050,1,PCM_16,,3.0,66150,132344,0.42310160398483276,0.926849365234375,0.00010582010582010582,True,True,False,False,Found in isolated instrument folder,False,
Harmonium,harmonium,1189.wav,Harmonium\Kaggle_Classification_Clips\Harmonium\1189.wav,.wav,WAV,22050,1,PCM_16,,3.0,66150,132344,0.46734973788261414,0.928619384765625,6.046863189720332e-05,True,True,False,False,Found in isolated instrument folder,False,
Harmonium,harmonium,119.wav,Harmonium\Kaggle_Classification_Clips\Harmonium\119.wav,.wav,WAV,22050,1,PCM_16,,3.0,66150,132344,0.38731688261032104,0.93475341796875,0.00022675736961451248,True,True,False,False,Found in isolated instrument folder,False,
Harmonium,harmonium,1190.wav,Harmonium\Kaggle_Classification_Clips\Harmonium\1190.wav,.wav,WAV,22050,1,PCM_16,,3.0,66150,132344,0.4606097936630249,0.9249267578125,0.0002418745275888133,True,True,False,False,Found in isolated instrument folder,False,
Harmonium,harmonium,1191.wav,Harmonium\Kaggle_Classification_Clips\Harmonium\1191.wav,.wav,WAV,22050,1,PCM_16,,3.0,66150,132344,0.3728065490722656,0.934844970703125,0.0002569916855631141,True,True,False,False,Found in isolated instrument folder,False,
Harmonium,harmonium,1192.wav,Harmonium\Kaggle_Classification_Clips\Harmonium\1192.wav,.wav,WAV,22050,1,PCM_16,,3.0,66150,132344,0.4451684355735779,0.92919921875,0.00019652305366591082,True,True,False,False,Found in isolated instrument folder,False,
Harmonium,harmonium,1193.wav,Harmonium\Kaggle_Classification_Clips\Harmonium\1193.wav,.wav,WAV,22050,1,PCM_16,,3.0,66150,132344,0.3986755907535553,0.9278564453125,0.00021164021164021165,True,True,False,False,Found in isolated instrument folder,False,
Harmonium,harmonium,1194.wav,Harmonium\Kaggle_Classification_Clips\Harmonium\1194.wav,.wav,WAV,22050,1,PCM_16,,3.0,66150,132344,0.42185261845588684,0.923614501953125,0.00010582010582010582,True,True,False,False,Found in isolated instrument folder,False,
Harmonium,harmonium,1195.wav,Harmonium\Kaggle_Classification_Clips\Harmonium\1195.wav,.wav,WAV,22050,1,PCM_16,,3.0,66150,132344,0.379606693983078,0.924957275390625,6.046863189720332e-05,True,True,False,False,Found in isolated instrument folder,False,
Harmonium,harmonium,1196.wav,Harmonium\Kaggle_Classification_Clips\Harmonium\1196.wav,.wav,WAV,22050,1,PCM_16,,3.0,66150,132344,0.4284774959087372,0.934417724609375,0.00019652305366591082,True,True,False,False,Found in isolated instrument folder,False,
Harmonium,harmonium,1197.wav,Harmonium\Kaggle_Classification_Clips\Harmonium\1197.wav,.wav,WAV,22050,1,PCM_16,,3.0,66150,132344,0.46569275856018066,0.92462158203125,0.00013605442176870748,True,True,False,False,Found in isolated instrument folder,False,
Harmonium,harmonium,1198.wav,Harmonium\Kaggle_Classification_Clips\Harmonium\1198.wav,.wav,WAV,22050,1,PCM_16,,3.0,66150,132344,0.4399672746658325,0.92938232421875,0.00031746031746031746,True,True,False,False,Found in isolated instrument folder,False,
Harmonium,harmonium,1199.wav,Harmonium\Kaggle_Classification_Clips\Harmonium\1199.wav,.wav,WAV,22050,1,PCM_16,,3.0,66150,132344,0.36918312311172485,0.929595947265625,0.00021164021164021165,True,True,False,False,Found in isolated instrument folder,False,
Harmonium,harmonium,12.wav,Harmonium\Kaggle_Classification_Clips\Harmonium\12.wav,.wav,WAV,22050,1,PCM_16,,3.0,66150,132344,0.3830626904964447,0.9219970703125,0.00016628873771730915,True,True,False,False,Found in isolated instrument folder,False,
Harmonium,harmonium,120.wav,Harmonium\Kaggle_Classification_Clips\Harmonium\120.wav,.wav,WAV,22050,1,PCM_16,,3.0,66150,132344,0.3780919313430786,0.9239501953125,0.0002569916855631141,True,True,False,False,Found in isolated instrument folder,False,
Harmonium,harmonium,1200.wav,Harmonium\Kaggle_Classification_Clips\Harmonium\1200.wav,.wav,WAV,22050,1,PCM_16,,3.0,66150,132344,0.44201791286468506,0.925506591796875,0.00021164021164021165,True,True,False,False,Found in isolated instrument folder,False,
Harmonium,harmonium,1201.wav,Harmonium\Kaggle_Classification_Clips\Harmonium\1201.wav,.wav,WAV,22050,1,PCM_16,,3.0,66150,132344,0.3947036564350128,0.927001953125,7.558578987150416e-05,True,True,False,False,Found in isolated instrument folder,False,
Harmonium,harmonium,1202.wav,Harmonium\Kaggle_Classification_Clips\Harmonium\1202.wav,.wav,WAV,22050,1,PCM_16,,3.0,66150,132344,0.4191282391548157,0.924896240234375,0.00012093726379440664,True,True,False,False,Found in isolated instrument folder,False,
Harmonium,harmonium,1203.wav,Harmonium\Kaggle_Classification_Clips\Harmonium\1203.wav,.wav,WAV,22050,1,PCM_16,,3.0,66150,132344,0.38237953186035156,0.926605224609375,9.070294784580499e-05,True,True,False,False,Found in isolated instrument folder,False,
Harmonium,harmonium,1204.wav,Harmonium\Kaggle_Classification_Clips\Harmonium\1204.wav,.wav,WAV,22050,1,PCM_16,,3.0,66150,132344,0.42343610525131226,0.927093505859375,7.558578987150416e-05,True,True,False,False,Found in isolated instrument folder,False,
Harmonium,harmonium,1205.wav,Harmonium\Kaggle_Classification_Clips\Harmonium\1205.wav,.wav,WAV,22050,1,PCM_16,,3.0,66150,132344,0.4637508690357208,0.9254150390625,0.00012093726379440664,True,True,False,False,Found in isolated instrument folder,False,
Harmonium,harmonium,1206.wav,Harmonium\Kaggle_Classification_Clips\Harmonium\1206.wav,.wav,WAV,22050,1,PCM_16,,3.0,66150,132344,0.43841034173965454,0.9281005859375,0.00018140589569160998,True,True,False,False,Found in isolated instrument folder,False,
Harmonium,harmonium,1207.wav,Harmonium\Kaggle_Classification_Clips\Harmonium\1207.wav,.wav,WAV,22050,1,PCM_16,,3.0,66150,132344,0.37175512313842773,0.93817138671875,0.00018140589569160998,True,True,False,False,Found in isolated instrument folder,False,
Harmonium,harmonium,1208.wav,Harmonium\Kaggle_Classification_Clips\Harmonium\1208.wav,.wav,WAV,22050,1,PCM_16,,3.0,66150,132344,0.4449063241481781,0.925445556640625,0.00018140589569160998,True,True,False,False,Found in isolated instrument folder,False,
Harmonium,harmonium,1209.wav,Harmonium\Kaggle_Classification_Clips\Harmonium\1209.wav,.wav,WAV,22050,1,PCM_16,,3.0,66150,132344,0.39750510454177856,0.926483154296875,0.00016628873771730915,True,True,False,False,Found in isolated instrument folder,False,
Harmonium,harmonium,121.wav,Harmonium\Kaggle_Classification_Clips\Harmonium\121.wav,.wav,WAV,22050,1,PCM_16,,3.0,66150,132344,0.37694835662841797,0.925811767578125,0.00027210884353741496,True,True,False,False,Found in isolated instrument folder,False,
Harmonium,harmonium,1210.wav,Harmonium\Kaggle_Classification_Clips\Harmonium\1210.wav,.wav,WAV,22050,1,PCM_16,,3.0,66150,132344,0.42023661732673645,0.9249267578125,0.00022675736961451248,True,True,False,False,Found in isolated instrument folder,False,
Harmonium,harmonium,1211.wav,Harmonium\Kaggle_Classification_Clips\Harmonium\1211.wav,.wav,WAV,22050,1,PCM_16,,3.0,66150,132344,0.37962645292282104,0.92333984375,0.0002569916855631141,True,True,False,False,Found in isolated instrument folder,False,
Harmonium,harmonium,1212.wav,Harmonium\Kaggle_Classification_Clips\Harmonium\1212.wav,.wav,WAV,22050,1,PCM_16,,3.0,66150,132344,0.42238783836364746,0.9384765625,0.00018140589569160998,True,True,False,False,Found in isolated instrument folder,False,
Harmonium,harmonium,1213.wav,Harmonium\Kaggle_Classification_Clips\Harmonium\1213.wav,.wav,WAV,22050,1,PCM_16,,3.0,66150,132344,0.46644702553749084,0.930694580078125,0.0001511715797430083,True,True,False,False,Found in isolated instrument folder,False,
Harmonium,harmonium,1214.wav,Harmonium\Kaggle_Classification_Clips\Harmonium\1214.wav,.wav,WAV,22050,1,PCM_16,,3.0,66150,132344,0.43787944316864014,0.924774169921875,0.00021164021164021165,True,True,False,False,Found in isolated instrument folder,False,
Harmonium,harmonium,1215.wav,Harmonium\Kaggle_Classification_Clips\Harmonium\1215.wav,.wav,WAV,22050,1,PCM_16,,3.0,66150,132344,0.36871036887168884,0.93975830078125,0.00036281179138321996,True,True,False,False,Found in isolated instrument folder,False,
Harmonium,harmonium,1216.wav,Harmonium\Kaggle_Classification_Clips\Harmonium\1216.wav,.wav,WAV,22050,1,PCM_16,,3.0,66150,132344,0.4488960802555084,0.920501708984375,0.00012093726379440664,True,True,False,False,Found in isolated instrument folder,False,
Harmonium,harmonium,1217.wav,Harmonium\Kaggle_Classification_Clips\Harmonium\1217.wav,.wav,WAV,22050,1,PCM_16,,3.0,66150,132344,0.3958943784236908,0.93365478515625,0.00016628873771730915,True,True,False,False,Found in isolated instrument folder,False,
Harmonium,harmonium,1218.wav,Harmonium\Kaggle_Classification_Clips\Harmonium\1218.wav,.wav,WAV,22050,1,PCM_16,,3.0,66150,132344,0.41802868247032166,0.92352294921875,0.00012093726379440664,True,True,False,False,Found in isolated instrument folder,False,
Harmonium,harmonium,1219.wav,Harmonium\Kaggle_Classification_Clips\Harmonium\1219.wav,.wav,WAV,22050,1,PCM_16,,3.0,66150,132344,0.3787277340888977,0.927886962890625,0.00021164021164021165,True,True,False,False,Found in isolated instrument folder,False,
Harmonium,harmonium,122.wav,Harmonium\Kaggle_Classification_Clips\Harmonium\122.wav,.wav,WAV,22050,1,PCM_16,,3.0,66150,132344,0.42963412404060364,0.92529296875,0.00022675736961451248,True,True,False,False,Found in isolated instrument folder,False,
Harmonium,harmonium,1220.wav,Harmonium\Kaggle_Classification_Clips\Harmonium\1220.wav,.wav,WAV,22050,1,PCM_16,,3.0,66150,132344,0.42399653792381287,0.931060791015625,0.00027210884353741496,True,True,False,False,Found in isolated instrument folder,False,
Harmonium,harmonium,1221.wav,Harmonium\Kaggle_Classification_Clips\Harmonium\1221.wav,.wav,WAV,22050,1,PCM_16,,3.0,66150,132344,0.46449482440948486,0.933197021484375,0.00018140589569160998,True,True,False,False,Found in isolated instrument folder,False,
Harmonium,harmonium,1222.wav,Harmonium\Kaggle_Classification_Clips\Harmonium\1222.wav,.wav,WAV,22050,1,PCM_16,,3.0,66150,132344,0.4399394094944,0.927001953125,0.0002418745275888133,True,True,False,False,Found in isolated instrument folder,False,
Harmonium,harmonium,1223.wav,Harmonium\Kaggle_Classification_Clips\Harmonium\1223.wav,.wav,WAV,22050,1,PCM_16,,3.0,66150,132344,0.3663877844810486,0.926483154296875,0.0002418745275888133,True,True,False,False,Found in isolated instrument folder,False,
Harmonium,harmonium,1224.wav,Harmonium\Kaggle_Classification_Clips\Harmonium\1224.wav,.wav,WAV,22050,1,PCM_16,,3.0,66150,132344,0.44247308373451233,0.93914794921875,0.0001511715797430083,True,True,False,False,Found in isolated instrument folder,False,
Harmonium,harmonium,1225.wav,Harmonium\Kaggle_Classification_Clips\Harmonium\1225.wav,.wav,WAV,22050,1,PCM_16,,3.0,66150,132344,0.39283287525177,0.9248046875,0.00016628873771730915,True,True,False,False,Found in isolated instrument folder,False,
Harmonium,harmonium,1226.wav,Harmonium\Kaggle_Classification_Clips\Harmonium\1226.wav,.wav,WAV,22050,1,PCM_16,,3.0,66150,132344,0.41845911741256714,0.9278564453125,0.00019652305366591082,True,True,False,False,Found in isolated instrument folder,False,
Harmonium,harmonium,1227.wav,Harmonium\Kaggle_Classification_Clips\Harmonium\1227.wav,.wav,WAV,22050,1,PCM_16,,3.0,66150,132344,0.38149192929267883,0.920654296875,0.00027210884353741496,True,True,False,False,Found in isolated instrument folder,False,
Harmonium,harmonium,1228.wav,Harmonium\Kaggle_Classification_Clips\Harmonium\1228.wav,.wav,WAV,22050,1,PCM_16,,3.0,66150,132344,0.42909160256385803,0.92724609375,0.00021164021164021165,True,True,False,False,Found in isolated instrument folder,False,
Harmonium,harmonium,1229.wav,Harmonium\Kaggle_Classification_Clips\Harmonium\1229.wav,.wav,WAV,22050,1,PCM_16,,3.0,66150,132344,0.46688753366470337,0.922607421875,9.070294784580499e-05,True,True,False,False,Found in isolated instrument folder,False,
Harmonium,harmonium,123.wav,Harmonium\Kaggle_Classification_Clips\Harmonium\123.wav,.wav,WAV,22050,1,PCM_16,,3.0,66150,132344,0.3853524923324585,0.926971435546875,0.00022675736961451248,True,True,False,False,Found in isolated instrument folder,False,
Harmonium,harmonium,1230.wav,Harmonium\Kaggle_Classification_Clips\Harmonium\1230.wav,.wav,WAV,22050,1,PCM_16,,3.0,66150,132344,0.43727803230285645,0.930023193359375,0.00019652305366591082,True,True,False,False,Found in isolated instrument folder,False,
Harmonium,harmonium,1231.wav,Harmonium\Kaggle_Classification_Clips\Harmonium\1231.wav,.wav,WAV,22050,1,PCM_16,,3.0,66150,132344,0.37780052423477173,0.93377685546875,0.0002418745275888133,True,True,False,False,Found in isolated instrument folder,False,
Harmonium,harmonium,1232.wav,Harmonium\Kaggle_Classification_Clips\Harmonium\1232.wav,.wav,WAV,22050,1,PCM_16,,3.0,66150,132344,0.432827353477478,0.931427001953125,0.00018140589569160998,True,True,False,False,Found in isolated instrument folder,False,
Harmonium,harmonium,1233.wav,Harmonium\Kaggle_Classification_Clips\Harmonium\1233.wav,.wav,WAV,22050,1,PCM_16,,3.0,66150,132344,0.3993334472179413,0.931640625,0.00022675736961451248,True,True,False,False,Found in isolated instrument folder,False,
Harmonium,harmonium,1234.wav,Harmonium\Kaggle_Classification_Clips\Harmonium\1234.wav,.wav,WAV,22050,1,PCM_16,,3.0,66150,132344,0.41063758730888367,0.922332763671875,0.00013605442176870748,True,True,False,False,Found in isolated instrument folder,False,
Harmonium,harmonium,1235.wav,Harmonium\Kaggle_Classification_Clips\Harmonium\1235.wav,.wav,WAV,22050,1,PCM_16,,3.0,66150,132344,0.3788684904575348,0.92449951171875,0.00013605442176870748,True,True,False,False,Found in isolated instrument folder,False,
Harmonium,harmonium,1236.wav,Harmonium\Kaggle_Classification_Clips\Harmonium\1236.wav,.wav,WAV,22050,1,PCM_16,,3.0,66150,132344,0.4231768250465393,0.931365966796875,0.00018140589569160998,True,True,False,False,Found in isolated instrument folder,False,
Harmonium,harmonium,1237.wav,Harmonium\Kaggle_Classification_Clips\Harmonium\1237.wav,.wav,WAV,22050,1,PCM_16,,3.0,66150,132344,0.4660576283931732,0.931304931640625,0.0001511715797430083,True,True,False,False,Found in isolated instrument folder,False,
Harmonium,harmonium,1238.wav,Harmonium\Kaggle_Classification_Clips\Harmonium\1238.wav,.wav,WAV,22050,1,PCM_16,,3.0,66150,132344,0.4355005621910095,0.930572509765625,0.0002418745275888133,True,True,False,False,Found in isolated instrument folder,False,
Harmonium,harmonium,1239.wav,Harmonium\Kaggle_Classification_Clips\Harmonium\1239.wav,.wav,WAV,22050,1,PCM_16,,3.0,66150,132344,0.3705980181694031,0.9266357421875,0.00019652305366591082,True,True,False,False,Found in isolated instrument folder,False,
Harmonium,harmonium,124.wav,Harmonium\Kaggle_Classification_Clips\Harmonium\124.wav,.wav,WAV,22050,1,PCM_16,,3.0,66150,132344,0.38313692808151245,0.929290771484375,0.0003023431594860166,True,True,False,False,Found in isolated instrument folder,False,
Harmonium,harmonium,1240.wav,Harmonium\Kaggle_Classification_Clips\Harmonium\1240.wav,.wav,WAV,22050,1,PCM_16,,3.0,66150,132344,0.43492481112480164,0.924530029296875,0.00016628873771730915,True,True,False,False,Found in isolated instrument folder,False,
Harmonium,harmonium,1241.wav,Harmonium\Kaggle_Classification_Clips\Harmonium\1241.wav,.wav,WAV,22050,1,PCM_16,,3.0,66150,132344,0.4009450376033783,0.921905517578125,0.0002418745275888133,True,True,False,False,Found in isolated instrument folder,False,
Harmonium,harmonium,1242.wav,Harmonium\Kaggle_Classification_Clips\Harmonium\1242.wav,.wav,WAV,22050,1,PCM_16,,3.0,66150,132344,0.4215366244316101,0.92303466796875,6.046863189720332e-05,True,True,False,False,Found in isolated instrument folder,False,
Harmonium,harmonium,1243.wav,Harmonium\Kaggle_Classification_Clips\Harmonium\1243.wav,.wav,WAV,22050,1,PCM_16,,3.0,66150,132344,0.3754613995552063,0.922821044921875,0.00012093726379440664,True,True,False,False,Found in isolated instrument folder,False,
Harmonium,harmonium,1244.wav,Harmonium\Kaggle_Classification_Clips\Harmonium\1244.wav,.wav,WAV,22050,1,PCM_16,,3.0,66150,132344,0.4309427738189697,0.927490234375,0.0002569916855631141,True,True,False,False,Found in isolated instrument folder,False,
Harmonium,harmonium,1245.wav,Harmonium\Kaggle_Classification_Clips\Harmonium\1245.wav,.wav,WAV,22050,1,PCM_16,,3.0,66150,132344,0.4639432728290558,0.92413330078125,0.00019652305366591082,True,True,False,False,Found in isolated instrument folder,False,
Harmonium,harmonium,1246.wav,Harmonium\Kaggle_Classification_Clips\Harmonium\1246.wav,.wav,WAV,22050,1,PCM_16,,3.0,66150,132344,0.4360013008117676,0.922882080078125,0.00016628873771730915,True,True,False,False,Found in isolated instrument folder,False,
Harmonium,harmonium,1247.wav,Harmonium\Kaggle_Classification_Clips\Harmonium\1247.wav,.wav,WAV,22050,1,PCM_16,,3.0,66150,132344,0.3723887503147125,0.924041748046875,0.00021164021164021165,True,True,False,False,Found in isolated instrument folder,False,
Harmonium,harmonium,1248.wav,Harmonium\Kaggle_Classification_Clips\Harmonium\1248.wav,.wav,WAV,22050,1,PCM_16,,3.0,66150,132344,0.4429815709590912,0.92816162109375,0.0001511715797430083,True,True,False,False,Found in isolated instrument folder,False,
Harmonium,harmonium,1249.wav,Harmonium\Kaggle_Classification_Clips\Harmonium\1249.wav,.wav,WAV,22050,1,PCM_16,,3.0,66150,132344,0.4022352397441864,0.92291259765625,0.0002569916855631141,True,True,False,False,Found in isolated instrument folder,False,
Harmonium,harmonium,125.wav,Harmonium\Kaggle_Classification_Clips\Harmonium\125.wav,.wav,WAV,22050,1,PCM_16,,3.0,66150,132344,0.37822869420051575,0.92108154296875,0.0001511715797430083,True,True,False,False,Found in isolated instrument folder,False,
Harmonium,harmonium,1250.wav,Harmonium\Kaggle_Classification_Clips\Harmonium\1250.wav,.wav,WAV,22050,1,PCM_16,,3.0,66150,132344,0.41791412234306335,0.92144775390625,0.0001511715797430083,True,True,False,False,Found in isolated instrument folder,False,
Harmonium,harmonium,1251.wav,Harmonium\Kaggle_Classification_Clips\Harmonium\1251.wav,.wav,WAV,22050,1,PCM_16,,3.0,66150,132344,0.375430703163147,0.918792724609375,0.0001511715797430083,True,True,False,False,Found in isolated instrument folder,False,
Harmonium,harmonium,1252.wav,Harmonium\Kaggle_Classification_Clips\Harmonium\1252.wav,.wav,WAV,22050,1,PCM_16,,3.0,66150,132344,0.4317348003387451,0.935211181640625,0.00016628873771730915,True,True,False,False,Found in isolated instrument folder,False,
Harmonium,harmonium,1253.wav,Harmonium\Kaggle_Classification_Clips\Harmonium\1253.wav,.wav,WAV,22050,1,PCM_16,,3.0,66150,132344,0.4685649275779724,0.927642822265625,0.00012093726379440664,True,True,False,False,Found in isolated instrument folder,False,
Harmonium,harmonium,1254.wav,Harmonium\Kaggle_Classification_Clips\Harmonium\1254.wav,.wav,WAV,22050,1,PCM_16,,3.0,66150,132344,0.4356853663921356,0.92889404296875,0.00019652305366591082,True,True,False,False,Found in isolated instrument folder,False,
Harmonium,harmonium,1255.wav,Harmonium\Kaggle_Classification_Clips\Harmonium\1255.wav,.wav,WAV,22050,1,PCM_16,,3.0,66150,132344,0.368198037147522,0.93194580078125,0.00036281179138321996,True,True,False,False,Found in isolated instrument folder,False,
Harmonium,harmonium,1256.wav,Harmonium\Kaggle_Classification_Clips\Harmonium\1256.wav,.wav,WAV,22050,1,PCM_16,,3.0,66150,132344,0.44649943709373474,0.9266357421875,0.00019652305366591082,True,True,False,False,Found in isolated instrument folder,False,
Harmonium,harmonium,1257.wav,Harmonium\Kaggle_Classification_Clips\Harmonium\1257.wav,.wav,WAV,22050,1,PCM_16,,3.0,66150,132344,0.4035182297229767,0.93316650390625,0.00016628873771730915,True,True,False,False,Found in isolated instrument folder,False,
Harmonium,harmonium,1258.wav,Harmonium\Kaggle_Classification_Clips\Harmonium\1258.wav,.wav,WAV,22050,1,PCM_16,,3.0,66150,132344,0.4168667197227478,0.9256591796875,9.070294784580499e-05,True,True,False,False,Found in isolated instrument folder,False,
Harmonium,harmonium,1259.wav,Harmonium\Kaggle_Classification_Clips\Harmonium\1259.wav,.wav,WAV,22050,1,PCM_16,,3.0,66150,132344,0.38131392002105713,0.924835205078125,0.00019652305366591082,True,True,False,False,Found in isolated instrument folder,False,
Harmonium,harmonium,126.wav,Harmonium\Kaggle_Classification_Clips\Harmonium\126.wav,.wav,WAV,22050,1,PCM_16,,3.0,66150,132344,0.43373623490333557,0.922760009765625,0.0003325774754346183,True,True,False,False,Found in isolated instrument folder,False,
Harmonium,harmonium,1260.wav,Harmonium\Kaggle_Classification_Clips\Harmonium\1260.wav,.wav,WAV,22050,1,PCM_16,,3.0,66150,132344,0.41962990164756775,0.927978515625,0.0001511715797430083,True,True,False,False,Found in isolated instrument folder,False,
Harmonium,harmonium,1261.wav,Harmonium\Kaggle_Classification_Clips\Harmonium\1261.wav,.wav,WAV,22050,1,PCM_16,,3.0,66150,132344,0.46521997451782227,0.927978515625,9.070294784580499e-05,True,True,False,False,Found in isolated instrument folder,False,
Harmonium,harmonium,1262.wav,Harmonium\Kaggle_Classification_Clips\Harmonium\1262.wav,.wav,WAV,22050,1,PCM_16,,3.0,66150,132344,0.4391189217567444,0.926361083984375,0.00018140589569160998,True,True,False,False,Found in isolated instrument folder,False,
Harmonium,harmonium,1263.wav,Harmonium\Kaggle_Classification_Clips\Harmonium\1263.wav,.wav,WAV,22050,1,PCM_16,,3.0,66150,132344,0.3673285245895386,0.933563232421875,0.0002872260015117158,True,True,False,False,Found in isolated instrument folder,False,
Harmonium,harmonium,1264.wav,Harmonium\Kaggle_Classification_Clips\Harmonium\1264.wav,.wav,WAV,22050,1,PCM_16,,3.0,66150,132344,0.4459501802921295,0.92559814453125,0.0001511715797430083,True,True,False,False,Found in isolated instrument folder,False,
Harmonium,harmonium,1265.wav,Harmonium\Kaggle_Classification_Clips\Harmonium\1265.wav,.wav,WAV,22050,1,PCM_16,,3.0,66150,132344,0.3974342346191406,0.927947998046875,0.00019652305366591082,True,True,False,False,Found in isolated instrument folder,False,
Harmonium,harmonium,1266.wav,Harmonium\Kaggle_Classification_Clips\Harmonium\1266.wav,.wav,WAV,22050,1,PCM_16,,3.0,66150,132344,0.4167291224002838,0.925537109375,0.00013605442176870748,True,True,False,False,Found in isolated instrument folder,False,
Harmonium,harmonium,1267.wav,Harmonium\Kaggle_Classification_Clips\Harmonium\1267.wav,.wav,WAV,22050,1,PCM_16,,3.0,66150,132344,0.37923184037208557,0.92724609375,0.00010582010582010582,True,True,False,False,Found in isolated instrument folder,False,
Harmonium,harmonium,1268.wav,Harmonium\Kaggle_Classification_Clips\Harmonium\1268.wav,.wav,WAV,22050,1,PCM_16,,3.0,66150,132344,0.4224391579627991,0.930816650390625,0.0001511715797430083,True,True,False,False,Found in isolated instrument folder,False,
Harmonium,harmonium,1269.wav,Harmonium\Kaggle_Classification_Clips\Harmonium\1269.wav,.wav,WAV,22050,1,PCM_16,,3.0,66150,132344,0.4696064591407776,0.923370361328125,4.5351473922902495e-05,True,True,False,False,Found in isolated instrument folder,False,
Harmonium,harmonium,127.wav,Harmonium\Kaggle_Classification_Clips\Harmonium\127.wav,.wav,WAV,22050,1,PCM_16,,3.0,66150,132344,0.38206082582473755,0.932220458984375,0.00031746031746031746,True,True,False,False,Found in isolated instrument folder,False,
Harmonium,harmonium,1270.wav,Harmonium\Kaggle_Classification_Clips\Harmonium\1270.wav,.wav,WAV,22050,1,PCM_16,,3.0,66150,132344,0.4506984055042267,0.928955078125,0.00012093726379440664,True,True,False,False,Found in isolated instrument folder,False,
Harmonium,harmonium,1271.wav,Harmonium\Kaggle_Classification_Clips\Harmonium\1271.wav,.wav,WAV,22050,1,PCM_16,,3.0,66150,132344,0.37550225853919983,0.92352294921875,0.00027210884353741496,True,True,False,False,Found in isolated instrument folder,False,
Harmonium,harmonium,1272.wav,Harmonium\Kaggle_Classification_Clips\Harmonium\1272.wav,.wav,WAV,22050,1,PCM_16,,3.0,66150,132344,0.45491790771484375,0.92218017578125,0.0001511715797430083,True,True,False,False,Found in isolated instrument folder,False,
Harmonium,harmonium,1273.wav,Harmonium\Kaggle_Classification_Clips\Harmonium\1273.wav,.wav,WAV,22050,1,PCM_16,,3.0,66150,132344,0.3940216898918152,0.92694091796875,0.00013605442176870748,True,True,False,False,Found in isolated instrument folder,False,
Harmonium,harmonium,1274.wav,Harmonium\Kaggle_Classification_Clips\Harmonium\1274.wav,.wav,WAV,22050,1,PCM_16,,3.0,66150,132344,0.41684362292289734,0.926849365234375,0.00013605442176870748,True,True,False,False,Found in isolated instrument folder,False,
Harmonium,harmonium,1275.wav,Harmonium\Kaggle_Classification_Clips\Harmonium\1275.wav,.wav,WAV,22050,1,PCM_16,,3.0,66150,132344,0.38027411699295044,0.92694091796875,0.0001511715797430083,True,True,False,False,Found in isolated instrument folder,False,
Harmonium,harmonium,1276.wav,Harmonium\Kaggle_Classification_Clips\Harmonium\1276.wav,.wav,WAV,22050,1,PCM_16,,3.0,66150,132344,0.4282000660896301,0.94219970703125,0.00012093726379440664,True,True,False,False,Found in isolated instrument folder,False,
Harmonium,harmonium,1277.wav,Harmonium\Kaggle_Classification_Clips\Harmonium\1277.wav,.wav,WAV,22050,1,PCM_16,,3.0,66150,132344,0.4583194851875305,0.9246826171875,0.00010582010582010582,True,True,False,False,Found in isolated instrument folder,False,
Harmonium,harmonium,1278.wav,Harmonium\Kaggle_Classification_Clips\Harmonium\1278.wav,.wav,WAV,22050,1,PCM_16,,3.0,66150,132344,0.44206473231315613,0.931427001953125,0.00016628873771730915,True,True,False,False,Found in isolated instrument folder,False,
Harmonium,harmonium,1279.wav,Harmonium\Kaggle_Classification_Clips\Harmonium\1279.wav,.wav,WAV,22050,1,PCM_16,,3.0,66150,132344,0.3714389503002167,0.931640625,0.0003779289493575208,True,True,False,False,Found in isolated instrument folder,False,
Harmonium,harmonium,128.wav,Harmonium\Kaggle_Classification_Clips\Harmonium\128.wav,.wav,WAV,22050,1,PCM_16,,3.0,66150,132344,0.38039207458496094,0.923583984375,0.00039304610733182163,True,True,False,False,Found in isolated instrument folder,False,
Harmonium,harmonium,1280.wav,Harmonium\Kaggle_Classification_Clips\Harmonium\1280.wav,.wav,WAV,22050,1,PCM_16,,3.0,66150,132344,0.43988949060440063,0.925506591796875,0.0001511715797430083,True,True,False,False,Found in isolated instrument folder,False,
Harmonium,harmonium,1281.wav,Harmonium\Kaggle_Classification_Clips\Harmonium\1281.wav,.wav,WAV,22050,1,PCM_16,,3.0,66150,132344,0.39850014448165894,0.933990478515625,0.00021164021164021165,True,True,False,False,Found in isolated instrument folder,False,
Harmonium,harmonium,1282.wav,Harmonium\Kaggle_Classification_Clips\Harmonium\1282.wav,.wav,WAV,22050,1,PCM_16,,3.0,66150,132344,0.4182942509651184,0.92987060546875,0.00018140589569160998,True,True,False,False,Found in isolated instrument folder,False,
Harmonium,harmonium,1283.wav,Harmonium\Kaggle_Classification_Clips\Harmonium\1283.wav,.wav,WAV,22050,1,PCM_16,,3.0,66150,132344,0.37858346104621887,0.926116943359375,0.00010582010582010582,True,True,False,False,Found in isolated instrument folder,False,
Harmonium,harmonium,1284.wav,Harmonium\Kaggle_Classification_Clips\Harmonium\1284.wav,.wav,WAV,22050,1,PCM_16,,3.0,66150,132344,0.4283832609653473,0.9285888671875,0.00012093726379440664,True,True,False,False,Found in isolated instrument folder,False,
Harmonium,harmonium,1285.wav,Harmonium\Kaggle_Classification_Clips\Harmonium\1285.wav,.wav,WAV,22050,1,PCM_16,,3.0,66150,132344,0.46256017684936523,0.9267578125,0.00013605442176870748,True,True,False,False,Found in isolated instrument folder,False,
Harmonium,harmonium,1286.wav,Harmonium\Kaggle_Classification_Clips\Harmonium\1286.wav,.wav,WAV,22050,1,PCM_16,,3.0,66150,132344,0.43711408972740173,0.92535400390625,0.00034769463340891913,True,True,False,False,Found in isolated instrument folder,False,
Harmonium,harmonium,1287.wav,Harmonium\Kaggle_Classification_Clips\Harmonium\1287.wav,.wav,WAV,22050,1,PCM_16,,3.0,66150,132344,0.3747245967388153,0.928314208984375,0.00031746031746031746,True,True,False,False,Found in isolated instrument folder,False,
Harmonium,harmonium,1288.wav,Harmonium\Kaggle_Classification_Clips\Harmonium\1288.wav,.wav,WAV,22050,1,PCM_16,,3.0,66150,132344,0.43314483761787415,0.92626953125,0.00021164021164021165,True,True,False,False,Found in isolated instrument folder,False,
Harmonium,harmonium,1289.wav,Harmonium\Kaggle_Classification_Clips\Harmonium\1289.wav,.wav,WAV,22050,1,PCM_16,,3.0,66150,132344,0.399847149848938,0.92919921875,0.00016628873771730915,True,True,False,False,Found in isolated instrument folder,False,
Harmonium,harmonium,129.wav,Harmonium\Kaggle_Classification_Clips\Harmonium\129.wav,.wav,WAV,22050,1,PCM_16,,3.0,66150,132344,0.3830944001674652,0.93035888671875,0.00036281179138321996,True,True,False,False,Found in isolated instrument folder,False,
Harmonium,harmonium,1290.wav,Harmonium\Kaggle_Classification_Clips\Harmonium\1290.wav,.wav,WAV,22050,1,PCM_16,,3.0,66150,132344,0.4214898645877838,0.923583984375,0.0001511715797430083,True,True,False,False,Found in isolated instrument folder,False,
Harmonium,harmonium,1291.wav,Harmonium\Kaggle_Classification_Clips\Harmonium\1291.wav,.wav,WAV,22050,1,PCM_16,,3.0,66150,132344,0.3735610544681549,0.922698974609375,0.0002418745275888133,True,True,False,False,Found in isolated instrument folder,False,
Harmonium,harmonium,1292.wav,Harmonium\Kaggle_Classification_Clips\Harmonium\1292.wav,.wav,WAV,22050,1,PCM_16,,3.0,66150,132344,0.434070348739624,0.92822265625,0.0001511715797430083,True,True,False,False,Found in isolated instrument folder,False,
Harmonium,harmonium,1293.wav,Harmonium\Kaggle_Classification_Clips\Harmonium\1293.wav,.wav,WAV,22050,1,PCM_16,,3.0,66150,132344,0.466327965259552,0.932403564453125,9.070294784580499e-05,True,True,False,False,Found in isolated instrument folder,False,
Harmonium,harmonium,1294.wav,Harmonium\Kaggle_Classification_Clips\Harmonium\1294.wav,.wav,WAV,22050,1,PCM_16,,3.0,66150,132344,0.4413837790489197,0.92572021484375,0.00021164021164021165,True,True,False,False,Found in isolated instrument folder,False,
Harmonium,harmonium,1295.wav,Harmonium\Kaggle_Classification_Clips\Harmonium\1295.wav,.wav,WAV,22050,1,PCM_16,,3.0,66150,132344,0.3724266588687897,0.93017578125,0.0003779289493575208,True,True,False,False,Found in isolated instrument folder,False,
Harmonium,harmonium,1296.wav,Harmonium\Kaggle_Classification_Clips\Harmonium\1296.wav,.wav,WAV,22050,1,PCM_16,,3.0,66150,132344,0.4468821883201599,0.92303466796875,0.00027210884353741496,True,True,False,False,Found in isolated instrument folder,False,
Harmonium,harmonium,1297.wav,Harmonium\Kaggle_Classification_Clips\Harmonium\1297.wav,.wav,WAV,22050,1,PCM_16,,3.0,66150,132344,0.3987954556941986,0.9256591796875,0.00013605442176870748,True,True,False,False,Found in isolated instrument folder,False,
Harmonium,harmonium,1298.wav,Harmonium\Kaggle_Classification_Clips\Harmonium\1298.wav,.wav,WAV,22050,1,PCM_16,,3.0,66150,132344,0.42100244760513306,0.928070068359375,0.00021164021164021165,True,True,False,False,Found in isolated instrument folder,False,
Harmonium,harmonium,1299.wav,Harmonium\Kaggle_Classification_Clips\Harmonium\1299.wav,.wav,WAV,22050,1,PCM_16,,3.0,66150,132344,0.37962085008621216,0.927398681640625,9.070294784580499e-05,True,True,False,False,Found in isolated instrument folder,False,
Harmonium,harmonium,13.wav,Harmonium\Kaggle_Classification_Clips\Harmonium\13.wav,.wav,WAV,22050,1,PCM_16,,3.0,66150,132344,0.37830981612205505,0.92071533203125,0.00021164021164021165,True,True,False,False,Found in isolated instrument folder,False,
Harmonium,harmonium,130.wav,Harmonium\Kaggle_Classification_Clips\Harmonium\130.wav,.wav,WAV,22050,1,PCM_16,,3.0,66150,132344,0.428568035364151,0.92315673828125,0.0002418745275888133,True,True,False,False,Found in isolated instrument folder,False,
Harmonium,harmonium,1300.wav,Harmonium\Kaggle_Classification_Clips\Harmonium\1300.wav,.wav,WAV,22050,1,PCM_16,,3.0,66150,132344,0.4251790940761566,0.92431640625,0.0001511715797430083,True,True,False,False,Found in isolated instrument folder,False,
Harmonium,harmonium,1301.wav,Harmonium\Kaggle_Classification_Clips\Harmonium\1301.wav,.wav,WAV,22050,1,PCM_16,,3.0,66150,132344,0.4647219479084015,0.9224853515625,9.070294784580499e-05,True,True,False,False,Found in isolated instrument folder,False,
Harmonium,harmonium,1302.wav,Harmonium\Kaggle_Classification_Clips\Harmonium\1302.wav,.wav,WAV,22050,1,PCM_16,,3.0,66150,132344,0.43865206837654114,0.926544189453125,0.00027210884353741496,True,True,False,False,Found in isolated instrument folder,False,
Harmonium,harmonium,1303.wav,Harmonium\Kaggle_Classification_Clips\Harmonium\1303.wav,.wav,WAV,22050,1,PCM_16,,3.0,66150,132344,0.36797863245010376,0.927703857421875,0.00036281179138321996,True,True,False,False,Found in isolated instrument folder,False,
Harmonium,harmonium,1304.wav,Harmonium\Kaggle_Classification_Clips\Harmonium\1304.wav,.wav,WAV,22050,1,PCM_16,,3.0,66150,132344,0.44371140003204346,0.927520751953125,0.00016628873771730915,True,True,False,False,Found in isolated instrument folder,False,
Harmonium,harmonium,1305.wav,Harmonium\Kaggle_Classification_Clips\Harmonium\1305.wav,.wav,WAV,22050,1,PCM_16,,3.0,66150,132344,0.39565837383270264,0.92742919921875,0.00021164021164021165,True,True,False,False,Found in isolated instrument folder,False,
Harmonium,harmonium,1306.wav,Harmonium\Kaggle_Classification_Clips\Harmonium\1306.wav,.wav,WAV,22050,1,PCM_16,,3.0,66150,132344,0.4164331257343292,0.924835205078125,0.00018140589569160998,True,True,False,False,Found in isolated instrument folder,False,
Harmonium,harmonium,1307.wav,Harmonium\Kaggle_Classification_Clips\Harmonium\1307.wav,.wav,WAV,22050,1,PCM_16,,3.0,66150,132344,0.38229015469551086,0.9227294921875,0.0001511715797430083,True,True,False,False,Found in isolated instrument folder,False,
Harmonium,harmonium,1308.wav,Harmonium\Kaggle_Classification_Clips\Harmonium\1308.wav,.wav,WAV,22050,1,PCM_16,,3.0,66150,132344,0.42160657048225403,0.9364013671875,0.00016628873771730915,True,True,False,False,Found in isolated instrument folder,False,
Harmonium,harmonium,1309.wav,Harmonium\Kaggle_Classification_Clips\Harmonium\1309.wav,.wav,WAV,22050,1,PCM_16,,3.0,66150,132344,0.46653419733047485,0.92413330078125,0.00010582010582010582,True,True,False,False,Found in isolated instrument folder,False,
Harmonium,harmonium,131.wav,Harmonium\Kaggle_Classification_Clips\Harmonium\131.wav,.wav,WAV,22050,1,PCM_16,,3.0,66150,132344,0.38411325216293335,0.93853759765625,0.00019652305366591082,True,True,False,False,Found in isolated instrument folder,False,
Harmonium,harmonium,1310.wav,Harmonium\Kaggle_Classification_Clips\Harmonium\1310.wav,.wav,WAV,22050,1,PCM_16,,3.0,66150,132344,0.4467984437942505,0.928436279296875,0.00018140589569160998,True,True,False,False,Found in isolated instrument folder,False,
Harmonium,harmonium,1311.wav,Harmonium\Kaggle_Classification_Clips\Harmonium\1311.wav,.wav,WAV,22050,1,PCM_16,,3.0,66150,132344,0.37571191787719727,0.923828125,0.0003779289493575208,True,True,False,False,Found in isolated instrument folder,False,
Harmonium,harmonium,1312.wav,Harmonium\Kaggle_Classification_Clips\Harmonium\1312.wav,.wav,WAV,22050,1,PCM_16,,3.0,66150,132344,0.4576590359210968,0.92401123046875,0.00018140589569160998,True,True,False,False,Found in isolated instrument folder,False,
Harmonium,harmonium,1313.wav,Harmonium\Kaggle_Classification_Clips\Harmonium\1313.wav,.wav,WAV,22050,1,PCM_16,,3.0,66150,132344,0.34067031741142273,0.92474365234375,0.00036281179138321996,True,True,False,False,Found in isolated instrument folder,False,
Harmonium,harmonium,1314.wav,Harmonium\Kaggle_Classification_Clips\Harmonium\1314.wav,.wav,WAV,22050,1,PCM_16,,3.0,66150,132344,0.12790563702583313,0.404998779296875,0.1399244142101285,True,True,False,False,Found in isolated instrument folder,False,
Harmonium,harmonium,132.wav,Harmonium\Kaggle_Classification_Clips\Harmonium\132.wav,.wav,WAV,22050,1,PCM_16,,3.0,66150,132344,0.3777179718017578,0.921630859375,0.00022675736961451248,True,True,False,False,Found in isolated instrument folder,False,
Harmonium,harmonium,133.wav,Harmonium\Kaggle_Classification_Clips\Harmonium\133.wav,.wav,WAV,22050,1,PCM_16,,3.0,66150,132344,0.38161811232566833,0.92535400390625,0.00027210884353741496,True,True,False,False,Found in isolated instrument folder,False,
Harmonium,harmonium,134.wav,Harmonium\Kaggle_Classification_Clips\Harmonium\134.wav,.wav,WAV,22050,1,PCM_16,,3.0,66150,132344,0.4272717833518982,0.92486572265625,0.00013605442176870748,True,True,False,False,Found in isolated instrument folder,False,
Harmonium,harmonium,135.wav,Harmonium\Kaggle_Classification_Clips\Harmonium\135.wav,.wav,WAV,22050,1,PCM_16,,3.0,66150,132344,0.38739466667175293,0.933807373046875,0.00022675736961451248,True,True,False,False,Found in isolated instrument folder,False,
Harmonium,harmonium,136.wav,Harmonium\Kaggle_Classification_Clips\Harmonium\136.wav,.wav,WAV,22050,1,PCM_16,,3.0,66150,132344,0.3780902326107025,0.9276123046875,0.0003325774754346183,True,True,False,False,Found in isolated instrument folder,False,
Harmonium,harmonium,137.wav,Harmonium\Kaggle_Classification_Clips\Harmonium\137.wav,.wav,WAV,22050,1,PCM_16,,3.0,66150,132344,0.37695592641830444,0.929718017578125,0.0002872260015117158,True,True,False,False,Found in isolated instrument folder,False,
Harmonium,harmonium,138.wav,Harmonium\Kaggle_Classification_Clips\Harmonium\138.wav,.wav,WAV,22050,1,PCM_16,,3.0,66150,132344,0.42969194054603577,0.928314208984375,0.00018140589569160998,True,True,False,False,Found in isolated instrument folder,False,
Harmonium,harmonium,139.wav,Harmonium\Kaggle_Classification_Clips\Harmonium\139.wav,.wav,WAV,22050,1,PCM_16,,3.0,66150,132344,0.38551613688468933,0.92236328125,0.00036281179138321996,True,True,False,False,Found in isolated instrument folder,False,
Harmonium,harmonium,14.wav,Harmonium\Kaggle_Classification_Clips\Harmonium\14.wav,.wav,WAV,22050,1,PCM_16,,3.0,66150,132344,0.4337368905544281,0.926177978515625,0.00022675736961451248,True,True,False,False,Found in isolated instrument folder,False,
Harmonium,harmonium,140.wav,Harmonium\Kaggle_Classification_Clips\Harmonium\140.wav,.wav,WAV,22050,1,PCM_16,,3.0,66150,132344,0.3831302523612976,0.924560546875,0.00027210884353741496,True,True,False,False,Found in isolated instrument folder,False,
Harmonium,harmonium,141.wav,Harmonium\Kaggle_Classification_Clips\Harmonium\141.wav,.wav,WAV,22050,1,PCM_16,,3.0,66150,132344,0.3783515989780426,0.920806884765625,0.00021164021164021165,True,True,False,False,Found in isolated instrument folder,False,
Harmonium,harmonium,142.wav,Harmonium\Kaggle_Classification_Clips\Harmonium\142.wav,.wav,WAV,22050,1,PCM_16,,3.0,66150,132344,0.4337177574634552,0.924224853515625,0.00013605442176870748,True,True,False,False,Found in isolated instrument folder,False,
Harmonium,harmonium,143.wav,Harmonium\Kaggle_Classification_Clips\Harmonium\143.wav,.wav,WAV,22050,1,PCM_16,,3.0,66150,132344,0.3822471499443054,0.924041748046875,0.0002872260015117158,True,True,False,False,Found in isolated instrument folder,False,
Harmonium,harmonium,144.wav,Harmonium\Kaggle_Classification_Clips\Harmonium\144.wav,.wav,WAV,22050,1,PCM_16,,3.0,66150,132344,0.3806563913822174,0.92401123046875,0.0002418745275888133,True,True,False,False,Found in isolated instrument folder,False,
Harmonium,harmonium,145.wav,Harmonium\Kaggle_Classification_Clips\Harmonium\145.wav,.wav,WAV,22050,1,PCM_16,,3.0,66150,132344,0.38301271200180054,0.927398681640625,0.00040816326530612246,True,True,False,False,Found in isolated instrument folder,False,
Harmonium,harmonium,146.wav,Harmonium\Kaggle_Classification_Clips\Harmonium\146.wav,.wav,WAV,22050,1,PCM_16,,3.0,66150,132344,0.4286368787288666,0.932952880859375,0.0002872260015117158,True,True,False,False,Found in isolated instrument folder,False,
Harmonium,harmonium,147.wav,Harmonium\Kaggle_Classification_Clips\Harmonium\147.wav,.wav,WAV,22050,1,PCM_16,,3.0,66150,132344,0.38406234979629517,0.92230224609375,0.00019652305366591082,True,True,False,False,Found in isolated instrument folder,False,
Harmonium,harmonium,148.wav,Harmonium\Kaggle_Classification_Clips\Harmonium\148.wav,.wav,WAV,22050,1,PCM_16,,3.0,66150,132344,0.3779706656932831,0.9207763671875,0.00027210884353741496,True,True,False,False,Found in isolated instrument folder,False,
Harmonium,harmonium,149.wav,Harmonium\Kaggle_Classification_Clips\Harmonium\149.wav,.wav,WAV,22050,1,PCM_16,,3.0,66150,132344,0.3817976415157318,0.9412841796875,0.00034769463340891913,True,True,False,False,Found in isolated instrument folder,False,
Harmonium,harmonium,15.wav,Harmonium\Kaggle_Classification_Clips\Harmonium\15.wav,.wav,WAV,22050,1,PCM_16,,3.0,66150,132344,0.3819786012172699,0.9208984375,0.0002872260015117158,True,True,False,False,Found in isolated instrument folder,False,
Harmonium,harmonium,150.wav,Harmonium\Kaggle_Classification_Clips\Harmonium\150.wav,.wav,WAV,22050,1,PCM_16,,3.0,66150,132344,0.4272350072860718,0.923828125,0.00021164021164021165,True,True,False,False,Found in isolated instrument folder,False,
Harmonium,harmonium,151.wav,Harmonium\Kaggle_Classification_Clips\Harmonium\151.wav,.wav,WAV,22050,1,PCM_16,,3.0,66150,132344,0.38733386993408203,0.923797607421875,0.00021164021164021165,True,True,False,False,Found in isolated instrument folder,False,
Harmonium,harmonium,152.wav,Harmonium\Kaggle_Classification_Clips\Harmonium\152.wav,.wav,WAV,22050,1,PCM_16,,3.0,66150,132344,0.3781386911869049,0.919219970703125,0.00019652305366591082,True,True,False,False,Found in isolated instrument folder,False,
Harmonium,harmonium,153.wav,Harmonium\Kaggle_Classification_Clips\Harmonium\153.wav,.wav,WAV,22050,1,PCM_16,,3.0,66150,132344,0.3770417273044586,0.92529296875,0.0003023431594860166,True,True,False,False,Found in isolated instrument folder,False,
Harmonium,harmonium,154.wav,Harmonium\Kaggle_Classification_Clips\Harmonium\154.wav,.wav,WAV,22050,1,PCM_16,,3.0,66150,132344,0.4296669661998749,0.9263916015625,0.00018140589569160998,True,True,False,False,Found in isolated instrument folder,False,
Harmonium,harmonium,155.wav,Harmonium\Kaggle_Classification_Clips\Harmonium\155.wav,.wav,WAV,22050,1,PCM_16,,3.0,66150,132344,0.38541942834854126,0.92041015625,0.0002418745275888133,True,True,False,False,Found in isolated instrument folder,False,
Harmonium,harmonium,156.wav,Harmonium\Kaggle_Classification_Clips\Harmonium\156.wav,.wav,WAV,22050,1,PCM_16,,3.0,66150,132344,0.38302528858184814,0.926483154296875,0.0002872260015117158,True,True,False,False,Found in isolated instrument folder,False,
Harmonium,harmonium,157.wav,Harmonium\Kaggle_Classification_Clips\Harmonium\157.wav,.wav,WAV,22050,1,PCM_16,,3.0,66150,132344,0.3781556487083435,0.928466796875,0.00027210884353741496,True,True,False,False,Found in isolated instrument folder,False,
Harmonium,harmonium,158.wav,Harmonium\Kaggle_Classification_Clips\Harmonium\158.wav,.wav,WAV,22050,1,PCM_16,,3.0,66150,132344,0.4337179660797119,0.9244384765625,0.00019652305366591082,True,True,False,False,Found in isolated instrument folder,False,
Harmonium,harmonium,159.wav,Harmonium\Kaggle_Classification_Clips\Harmonium\159.wav,.wav,WAV,22050,1,PCM_16,,3.0,66150,132344,0.3822524845600128,0.924072265625,0.00018140589569160998,True,True,False,False,Found in isolated instrument folder,False,
Harmonium,harmonium,16.wav,Harmonium\Kaggle_Classification_Clips\Harmonium\16.wav,.wav,WAV,22050,1,PCM_16,,3.0,66150,132344,0.38047605752944946,0.920166015625,0.0002569916855631141,True,True,False,False,Found in isolated instrument folder,False,
Harmonium,harmonium,160.wav,Harmonium\Kaggle_Classification_Clips\Harmonium\160.wav,.wav,WAV,22050,1,PCM_16,,3.0,66150,132344,0.3804607689380646,0.921630859375,0.0002569916855631141,True,True,False,False,Found in isolated instrument folder,False,
Harmonium,harmonium,161.wav,Harmonium\Kaggle_Classification_Clips\Harmonium\161.wav,.wav,WAV,22050,1,PCM_16,,3.0,66150,132344,0.3830648362636566,0.924957275390625,0.00022675736961451248,True,True,False,False,Found in isolated instrument folder,False,
Harmonium,harmonium,162.wav,Harmonium\Kaggle_Classification_Clips\Harmonium\162.wav,.wav,WAV,22050,1,PCM_16,,3.0,66150,132344,0.4285678565502167,0.924346923828125,0.00019652305366591082,True,True,False,False,Found in isolated instrument folder,False,
Harmonium,harmonium,163.wav,Harmonium\Kaggle_Classification_Clips\Harmonium\163.wav,.wav,WAV,22050,1,PCM_16,,3.0,66150,132344,0.3840258717536926,0.927215576171875,0.00018140589569160998,True,True,False,False,Found in isolated instrument folder,False,
Harmonium,harmonium,164.wav,Harmonium\Kaggle_Classification_Clips\Harmonium\164.wav,.wav,WAV,22050,1,PCM_16,,3.0,66150,132344,0.3777974545955658,0.923309326171875,0.00021164021164021165,True,True,False,False,Found in isolated instrument folder,False,
Harmonium,harmonium,165.wav,Harmonium\Kaggle_Classification_Clips\Harmonium\165.wav,.wav,WAV,22050,1,PCM_16,,3.0,66150,132344,0.3816809356212616,0.924407958984375,0.0002418745275888133,True,True,False,False,Found in isolated instrument folder,False,
Harmonium,harmonium,166.wav,Harmonium\Kaggle_Classification_Clips\Harmonium\166.wav,.wav,WAV,22050,1,PCM_16,,3.0,66150,132344,0.4273505210876465,0.9305419921875,0.00018140589569160998,True,True,False,False,Found in isolated instrument folder,False,
Harmonium,harmonium,167.wav,Harmonium\Kaggle_Classification_Clips\Harmonium\167.wav,.wav,WAV,22050,1,PCM_16,,3.0,66150,132344,0.38711658120155334,0.925872802734375,0.00019652305366591082,True,True,False,False,Found in isolated instrument folder,False,
Harmonium,harmonium,168.wav,Harmonium\Kaggle_Classification_Clips\Harmonium\168.wav,.wav,WAV,22050,1,PCM_16,,3.0,66150,132344,0.3781571090221405,0.924346923828125,0.00034769463340891913,True,True,False,False,Found in isolated instrument folder,False,
Harmonium,harmonium,169.wav,Harmonium\Kaggle_Classification_Clips\Harmonium\169.wav,.wav,WAV,22050,1,PCM_16,,3.0,66150,132344,0.37701764702796936,0.9228515625,0.00018140589569160998,True,True,False,False,Found in isolated instrument folder,False,
Harmonium,harmonium,17.wav,Harmonium\Kaggle_Classification_Clips\Harmonium\17.wav,.wav,WAV,22050,1,PCM_16,,3.0,66150,132344,0.38285911083221436,0.923858642578125,0.0003023431594860166,True,True,False,False,Found in isolated instrument folder,False,
Harmonium,harmonium,170.wav,Harmonium\Kaggle_Classification_Clips\Harmonium\170.wav,.wav,WAV,22050,1,PCM_16,,3.0,66150,132344,0.42962199449539185,0.923675537109375,0.0002418745275888133,True,True,False,False,Found in isolated instrument folder,False,
Harmonium,harmonium,171.wav,Harmonium\Kaggle_Classification_Clips\Harmonium\171.wav,.wav,WAV,22050,1,PCM_16,,3.0,66150,132344,0.3855080306529999,0.923004150390625,0.00031746031746031746,True,True,False,False,Found in isolated instrument folder,False,
Harmonium,harmonium,172.wav,Harmonium\Kaggle_Classification_Clips\Harmonium\172.wav,.wav,WAV,22050,1,PCM_16,,3.0,66150,132344,0.38315820693969727,0.9259033203125,0.0003325774754346183,True,True,False,False,Found in isolated instrument folder,False,
Harmonium,harmonium,173.wav,Harmonium\Kaggle_Classification_Clips\Harmonium\173.wav,.wav,WAV,22050,1,PCM_16,,3.0,66150,132344,0.37824752926826477,0.926177978515625,0.0002418745275888133,True,True,False,False,Found in isolated instrument folder,False,
Harmonium,harmonium,174.wav,Harmonium\Kaggle_Classification_Clips\Harmonium\174.wav,.wav,WAV,22050,1,PCM_16,,3.0,66150,132344,0.4337213635444641,0.922760009765625,0.00013605442176870748,True,True,False,False,Found in isolated instrument folder,False,
Harmonium,harmonium,175.wav,Harmonium\Kaggle_Classification_Clips\Harmonium\175.wav,.wav,WAV,22050,1,PCM_16,,3.0,66150,132344,0.38215020298957825,0.92340087890625,0.00018140589569160998,True,True,False,False,Found in isolated instrument folder,False,
Harmonium,harmonium,176.wav,Harmonium\Kaggle_Classification_Clips\Harmonium\176.wav,.wav,WAV,22050,1,PCM_16,,3.0,66150,132344,0.380621999502182,0.928314208984375,0.0003023431594860166,True,True,False,False,Found in isolated instrument folder,False,
Harmonium,harmonium,177.wav,Harmonium\Kaggle_Classification_Clips\Harmonium\177.wav,.wav,WAV,22050,1,PCM_16,,3.0,66150,132344,0.3831215500831604,0.925933837890625,0.00016628873771730915,True,True,False,False,Found in isolated instrument folder,False,
Harmonium,harmonium,178.wav,Harmonium\Kaggle_Classification_Clips\Harmonium\178.wav,.wav,WAV,22050,1,PCM_16,,3.0,66150,132344,0.42862188816070557,0.92657470703125,0.00016628873771730915,True,True,False,False,Found in isolated instrument folder,False,
Harmonium,harmonium,179.wav,Harmonium\Kaggle_Classification_Clips\Harmonium\179.wav,.wav,WAV,22050,1,PCM_16,,3.0,66150,132344,0.3839726746082306,0.919464111328125,0.00018140589569160998,True,True,False,False,Found in isolated instrument folder,False,
Harmonium,harmonium,18.wav,Harmonium\Kaggle_Classification_Clips\Harmonium\18.wav,.wav,WAV,22050,1,PCM_16,,3.0,66150,132344,0.4285576343536377,0.926544189453125,0.0002418745275888133,True,True,False,False,Found in isolated instrument folder,False,
Harmonium,harmonium,180.wav,Harmonium\Kaggle_Classification_Clips\Harmonium\180.wav,.wav,WAV,22050,1,PCM_16,,3.0,66150,132344,0.37785929441452026,0.92169189453125,0.00027210884353741496,True,True,False,False,Found in isolated instrument folder,False,
Harmonium,harmonium,181.wav,Harmonium\Kaggle_Classification_Clips\Harmonium\181.wav,.wav,WAV,22050,1,PCM_16,,3.0,66150,132344,0.3815273642539978,0.9256591796875,0.00018140589569160998,True,True,False,False,Found in isolated instrument folder,False,
Harmonium,harmonium,182.wav,Harmonium\Kaggle_Classification_Clips\Harmonium\182.wav,.wav,WAV,22050,1,PCM_16,,3.0,66150,132344,0.42717602849006653,0.923614501953125,0.0002569916855631141,True,True,False,False,Found in isolated instrument folder,False,
Harmonium,harmonium,183.wav,Harmonium\Kaggle_Classification_Clips\Harmonium\183.wav,.wav,WAV,22050,1,PCM_16,,3.0,66150,132344,0.38738149404525757,0.925994873046875,0.0002872260015117158,True,True,False,False,Found in isolated instrument folder,False,
Harmonium,harmonium,184.wav,Harmonium\Kaggle_Classification_Clips\Harmonium\184.wav,.wav,WAV,22050,1,PCM_16,,3.0,66150,132344,0.3781700134277344,0.92327880859375,0.00027210884353741496,True,True,False,False,Found in isolated instrument folder,False,
Harmonium,harmonium,185.wav,Harmonium\Kaggle_Classification_Clips\Harmonium\185.wav,.wav,WAV,22050,1,PCM_16,,3.0,66150,132344,0.3771369457244873,0.930084228515625,0.0002418745275888133,True,True,False,False,Found in isolated instrument folder,False,
Harmonium,harmonium,186.wav,Harmonium\Kaggle_Classification_Clips\Harmonium\186.wav,.wav,WAV,22050,1,PCM_16,,3.0,66150,132344,0.42973414063453674,0.922607421875,0.00021164021164021165,True,True,False,False,Found in isolated instrument folder,False,
Harmonium,harmonium,187.wav,Harmonium\Kaggle_Classification_Clips\Harmonium\187.wav,.wav,WAV,22050,1,PCM_16,,3.0,66150,132344,0.3854244649410248,0.92578125,0.00027210884353741496,True,True,False,False,Found in isolated instrument folder,False,
Harmonium,harmonium,188.wav,Harmonium\Kaggle_Classification_Clips\Harmonium\188.wav,.wav,WAV,22050,1,PCM_16,,3.0,66150,132344,0.3831523358821869,0.92877197265625,0.0002418745275888133,True,True,False,False,Found in isolated instrument folder,False,
Harmonium,harmonium,189.wav,Harmonium\Kaggle_Classification_Clips\Harmonium\189.wav,.wav,WAV,22050,1,PCM_16,,3.0,66150,132344,0.3782626986503601,0.9234619140625,0.0002569916855631141,True,True,False,False,Found in isolated instrument folder,False,
Harmonium,harmonium,19.wav,Harmonium\Kaggle_Classification_Clips\Harmonium\19.wav,.wav,WAV,22050,1,PCM_16,,3.0,66150,132344,0.38402339816093445,0.929290771484375,0.00016628873771730915,True,True,False,False,Found in isolated instrument folder,False,
Harmonium,harmonium,190.wav,Harmonium\Kaggle_Classification_Clips\Harmonium\190.wav,.wav,WAV,22050,1,PCM_16,,3.0,66150,132344,0.43358227610588074,0.923614501953125,0.00019652305366591082,True,True,False,False,Found in isolated instrument folder,False,
Harmonium,harmonium,191.wav,Harmonium\Kaggle_Classification_Clips\Harmonium\191.wav,.wav,WAV,22050,1,PCM_16,,3.0,66150,132344,0.38203704357147217,0.923614501953125,0.00027210884353741496,True,True,False,False,Found in isolated instrument folder,False,
Harmonium,harmonium,192.wav,Harmonium\Kaggle_Classification_Clips\Harmonium\192.wav,.wav,WAV,22050,1,PCM_16,,3.0,66150,132344,0.38054370880126953,0.92657470703125,0.0002418745275888133,True,True,False,False,Found in isolated instrument folder,False,
Harmonium,harmonium,193.wav,Harmonium\Kaggle_Classification_Clips\Harmonium\193.wav,.wav,WAV,22050,1,PCM_16,,3.0,66150,132344,0.3830447793006897,0.92987060546875,0.00040816326530612246,True,True,False,False,Found in isolated instrument folder,False,
Harmonium,harmonium,194.wav,Harmonium\Kaggle_Classification_Clips\Harmonium\194.wav,.wav,WAV,22050,1,PCM_16,,3.0,66150,132344,0.42860135436058044,0.9288330078125,0.00022675736961451248,True,True,False,False,Found in isolated instrument folder,False,
Harmonium,harmonium,195.wav,Harmonium\Kaggle_Classification_Clips\Harmonium\195.wav,.wav,WAV,22050,1,PCM_16,,3.0,66150,132344,0.3839849531650543,0.92144775390625,0.0002569916855631141,True,True,False,False,Found in isolated instrument folder,False,
Harmonium,harmonium,196.wav,Harmonium\Kaggle_Classification_Clips\Harmonium\196.wav,.wav,WAV,22050,1,PCM_16,,3.0,66150,132344,0.3776988089084625,0.92333984375,0.00019652305366591082,True,True,False,False,Found in isolated instrument folder,False,
Harmonium,harmonium,197.wav,Harmonium\Kaggle_Classification_Clips\Harmonium\197.wav,.wav,WAV,22050,1,PCM_16,,3.0,66150,132344,0.38158151507377625,0.93316650390625,0.00021164021164021165,True,True,False,False,Found in isolated instrument folder,False,
Harmonium,harmonium,198.wav,Harmonium\Kaggle_Classification_Clips\Harmonium\198.wav,.wav,WAV,22050,1,PCM_16,,3.0,66150,132344,0.4273536205291748,0.925140380859375,0.0001511715797430083,True,True,False,False,Found in isolated instrument folder,False,
Harmonium,harmonium,199.wav,Harmonium\Kaggle_Classification_Clips\Harmonium\199.wav,.wav,WAV,22050,1,PCM_16,,3.0,66150,132344,0.3872741758823395,0.92730712890625,0.0002569916855631141,True,True,False,False,Found in isolated instrument folder,False,
Harmonium,harmonium,2.wav,Harmonium\Kaggle_Classification_Clips\Harmonium\2.wav,.wav,WAV,22050,1,PCM_16,,3.0,66150,132344,0.10249494761228561,0.300506591796875,0.000982615268329554,True,True,False,False,Found in isolated instrument folder,False,
Harmonium,harmonium,20.wav,Harmonium\Kaggle_Classification_Clips\Harmonium\20.wav,.wav,WAV,22050,1,PCM_16,,3.0,66150,132344,0.3777526021003723,0.9234619140625,0.00019652305366591082,True,True,False,False,Found in isolated instrument folder,False,
Harmonium,harmonium,200.wav,Harmonium\Kaggle_Classification_Clips\Harmonium\200.wav,.wav,WAV,22050,1,PCM_16,,3.0,66150,132344,0.37811020016670227,0.922210693359375,0.0003325774754346183,True,True,False,False,Found in isolated instrument folder,False,
Harmonium,harmonium,201.wav,Harmonium\Kaggle_Classification_Clips\Harmonium\201.wav,.wav,WAV,22050,1,PCM_16,,3.0,66150,132344,0.3771032392978668,0.9266357421875,0.00018140589569160998,True,True,False,False,Found in isolated instrument folder,False,
Harmonium,harmonium,202.wav,Harmonium\Kaggle_Classification_Clips\Harmonium\202.wav,.wav,WAV,22050,1,PCM_16,,3.0,66150,132344,0.4296688139438629,0.92657470703125,0.0002569916855631141,True,True,False,False,Found in isolated instrument folder,False,
Harmonium,harmonium,203.wav,Harmonium\Kaggle_Classification_Clips\Harmonium\203.wav,.wav,WAV,22050,1,PCM_16,,3.0,66150,132344,0.38544684648513794,0.9212646484375,0.00013605442176870748,True,True,False,False,Found in isolated instrument folder,False,
Harmonium,harmonium,204.wav,Harmonium\Kaggle_Classification_Clips\Harmonium\204.wav,.wav,WAV,22050,1,PCM_16,,3.0,66150,132344,0.3832019567489624,0.9249267578125,0.00031746031746031746,True,True,False,False,Found in isolated instrument folder,False,
Harmonium,harmonium,205.wav,Harmonium\Kaggle_Classification_Clips\Harmonium\205.wav,.wav,WAV,22050,1,PCM_16,,3.0,66150,132344,0.37841060757637024,0.927520751953125,0.00036281179138321996,True,True,False,False,Found in isolated instrument folder,False,
Harmonium,harmonium,206.wav,Harmonium\Kaggle_Classification_Clips\Harmonium\206.wav,.wav,WAV,22050,1,PCM_16,,3.0,66150,132344,0.43367430567741394,0.9254150390625,0.00022675736961451248,True,True,False,False,Found in isolated instrument folder,False,
Harmonium,harmonium,207.wav,Harmonium\Kaggle_Classification_Clips\Harmonium\207.wav,.wav,WAV,22050,1,PCM_16,,3.0,66150,132344,0.3821530044078827,0.923614501953125,0.00019652305366591082,True,True,False,False,Found in isolated instrument folder,False,
Harmonium,harmonium,208.wav,Harmonium\Kaggle_Classification_Clips\Harmonium\208.wav,.wav,WAV,22050,1,PCM_16,,3.0,66150,132344,0.38056710362434387,0.923492431640625,0.00022675736961451248,True,True,False,False,Found in isolated instrument folder,False,
Harmonium,harmonium,209.wav,Harmonium\Kaggle_Classification_Clips\Harmonium\209.wav,.wav,WAV,22050,1,PCM_16,,3.0,66150,132344,0.38310644030570984,0.92840576171875,0.0002569916855631141,True,True,False,False,Found in isolated instrument folder,False,
Harmonium,harmonium,21.wav,Harmonium\Kaggle_Classification_Clips\Harmonium\21.wav,.wav,WAV,22050,1,PCM_16,,3.0,66150,132344,0.3816636800765991,0.92388916015625,0.0003325774754346183,True,True,False,False,Found in isolated instrument folder,False,
Harmonium,harmonium,210.wav,Harmonium\Kaggle_Classification_Clips\Harmonium\210.wav,.wav,WAV,22050,1,PCM_16,,3.0,66150,132344,0.4285263419151306,0.9217529296875,0.00031746031746031746,True,True,False,False,Found in isolated instrument folder,False,
Harmonium,harmonium,211.wav,Harmonium\Kaggle_Classification_Clips\Harmonium\211.wav,.wav,WAV,22050,1,PCM_16,,3.0,66150,132344,0.38401004672050476,0.9244384765625,0.0002418745275888133,True,True,False,False,Found in isolated instrument folder,False,
Harmonium,harmonium,212.wav,Harmonium\Kaggle_Classification_Clips\Harmonium\212.wav,.wav,WAV,22050,1,PCM_16,,3.0,66150,132344,0.3778699040412903,0.924652099609375,0.0002569916855631141,True,True,False,False,Found in isolated instrument folder,False,
Harmonium,harmonium,213.wav,Harmonium\Kaggle_Classification_Clips\Harmonium\213.wav,.wav,WAV,22050,1,PCM_16,,3.0,66150,132344,0.38155925273895264,0.9261474609375,0.00019652305366591082,True,True,False,False,Found in isolated instrument folder,False,
Harmonium,harmonium,214.wav,Harmonium\Kaggle_Classification_Clips\Harmonium\214.wav,.wav,WAV,22050,1,PCM_16,,3.0,66150,132344,0.42724770307540894,0.923248291015625,0.0001511715797430083,True,True,False,False,Found in isolated instrument folder,False,
Harmonium,harmonium,215.wav,Harmonium\Kaggle_Classification_Clips\Harmonium\215.wav,.wav,WAV,22050,1,PCM_16,,3.0,66150,132344,0.387269526720047,0.924713134765625,0.00019652305366591082,True,True,False,False,Found in isolated instrument folder,False,
Harmonium,harmonium,216.wav,Harmonium\Kaggle_Classification_Clips\Harmonium\216.wav,.wav,WAV,22050,1,PCM_16,,3.0,66150,132344,0.3781827390193939,0.924041748046875,0.0002418745275888133,True,True,False,False,Found in isolated instrument folder,False,
Harmonium,harmonium,217.wav,Harmonium\Kaggle_Classification_Clips\Harmonium\217.wav,.wav,WAV,22050,1,PCM_16,,3.0,66150,132344,0.37702009081840515,0.92718505859375,0.00018140589569160998,True,True,False,False,Found in isolated instrument folder,False,
Harmonium,harmonium,218.wav,Harmonium\Kaggle_Classification_Clips\Harmonium\218.wav,.wav,WAV,22050,1,PCM_16,,3.0,66150,132344,0.42972421646118164,0.92529296875,0.0002569916855631141,True,True,False,False,Found in isolated instrument folder,False,
Harmonium,harmonium,219.wav,Harmonium\Kaggle_Classification_Clips\Harmonium\219.wav,.wav,WAV,22050,1,PCM_16,,3.0,66150,132344,0.385433554649353,0.92437744140625,0.00022675736961451248,True,True,False,False,Found in isolated instrument folder,False,
Harmonium,harmonium,22.wav,Harmonium\Kaggle_Classification_Clips\Harmonium\22.wav,.wav,WAV,22050,1,PCM_16,,3.0,66150,132344,0.427444726228714,0.924041748046875,0.00018140589569160998,True,True,False,False,Found in isolated instrument folder,False,
Harmonium,harmonium,220.wav,Harmonium\Kaggle_Classification_Clips\Harmonium\220.wav,.wav,WAV,22050,1,PCM_16,,3.0,66150,132344,0.38305678963661194,0.920928955078125,0.00019652305366591082,True,True,False,False,Found in isolated instrument folder,False,
Harmonium,harmonium,221.wav,Harmonium\Kaggle_Classification_Clips\Harmonium\221.wav,.wav,WAV,22050,1,PCM_16,,3.0,66150,132344,0.3784014880657196,0.92742919921875,0.00022675736961451248,True,True,False,False,Found in isolated instrument folder,False,
Harmonium,harmonium,222.wav,Harmonium\Kaggle_Classification_Clips\Harmonium\222.wav,.wav,WAV,22050,1,PCM_16,,3.0,66150,132344,0.4337255656719208,0.9215087890625,0.00018140589569160998,True,True,False,False,Found in isolated instrument folder,False,
Harmonium,harmonium,223.wav,Harmonium\Kaggle_Classification_Clips\Harmonium\223.wav,.wav,WAV,22050,1,PCM_16,,3.0,66150,132344,0.3820103704929352,0.923736572265625,0.0003779289493575208,True,True,False,False,Found in isolated instrument folder,False,
Harmonium,harmonium,224.wav,Harmonium\Kaggle_Classification_Clips\Harmonium\224.wav,.wav,WAV,22050,1,PCM_16,,3.0,66150,132344,0.3805594742298126,0.92193603515625,0.0002872260015117158,True,True,False,False,Found in isolated instrument folder,False,
Harmonium,harmonium,225.wav,Harmonium\Kaggle_Classification_Clips\Harmonium\225.wav,.wav,WAV,22050,1,PCM_16,,3.0,66150,132344,0.3831486403942108,0.925506591796875,0.00027210884353741496,True,True,False,False,Found in isolated instrument folder,False,
Harmonium,harmonium,226.wav,Harmonium\Kaggle_Classification_Clips\Harmonium\226.wav,.wav,WAV,22050,1,PCM_16,,3.0,66150,132344,0.42870786786079407,0.9290771484375,0.0003325774754346183,True,True,False,False,Found in isolated instrument folder,False,
Harmonium,harmonium,227.wav,Harmonium\Kaggle_Classification_Clips\Harmonium\227.wav,.wav,WAV,22050,1,PCM_16,,3.0,66150,132344,0.38400906324386597,0.92376708984375,0.0002872260015117158,True,True,False,False,Found in isolated instrument folder,False,
Harmonium,harmonium,228.wav,Harmonium\Kaggle_Classification_Clips\Harmonium\228.wav,.wav,WAV,22050,1,PCM_16,,3.0,66150,132344,0.37786585092544556,0.924957275390625,0.0002872260015117158,True,True,False,False,Found in isolated instrument folder,False,
Harmonium,harmonium,229.wav,Harmonium\Kaggle_Classification_Clips\Harmonium\229.wav,.wav,WAV,22050,1,PCM_16,,3.0,66150,132344,0.3816192150115967,0.924346923828125,0.00021164021164021165,True,True,False,False,Found in isolated instrument folder,False,
Harmonium,harmonium,23.wav,Harmonium\Kaggle_Classification_Clips\Harmonium\23.wav,.wav,WAV,22050,1,PCM_16,,3.0,66150,132344,0.38727137446403503,0.923065185546875,0.0002872260015117158,True,True,False,False,Found in isolated instrument folder,False,
Harmonium,harmonium,230.wav,Harmonium\Kaggle_Classification_Clips\Harmonium\230.wav,.wav,WAV,22050,1,PCM_16,,3.0,66150,132344,0.4272153973579407,0.924957275390625,0.00019652305366591082,True,True,False,False,Found in isolated instrument folder,False,
Harmonium,harmonium,231.wav,Harmonium\Kaggle_Classification_Clips\Harmonium\231.wav,.wav,WAV,22050,1,PCM_16,,3.0,66150,132344,0.3871302306652069,0.9273681640625,0.0002872260015117158,True,True,False,False,Found in isolated instrument folder,False,
Harmonium,harmonium,232.wav,Harmonium\Kaggle_Classification_Clips\Harmonium\232.wav,.wav,WAV,22050,1,PCM_16,,3.0,66150,132344,0.3781004548072815,0.923309326171875,0.0003325774754346183,True,True,False,False,Found in isolated instrument folder,False,
Harmonium,harmonium,233.wav,Harmonium\Kaggle_Classification_Clips\Harmonium\233.wav,.wav,WAV,22050,1,PCM_16,,3.0,66150,132344,0.3770306408405304,0.925811767578125,0.00018140589569160998,True,True,False,False,Found in isolated instrument folder,False,
Harmonium,harmonium,234.wav,Harmonium\Kaggle_Classification_Clips\Harmonium\234.wav,.wav,WAV,22050,1,PCM_16,,3.0,66150,132344,0.429645836353302,0.92535400390625,0.00027210884353741496,True,True,False,False,Found in isolated instrument folder,False,
Harmonium,harmonium,235.wav,Harmonium\Kaggle_Classification_Clips\Harmonium\235.wav,.wav,WAV,22050,1,PCM_16,,3.0,66150,132344,0.38545891642570496,0.921966552734375,0.0003023431594860166,True,True,False,False,Found in isolated instrument folder,False,
Harmonium,harmonium,236.wav,Harmonium\Kaggle_Classification_Clips\Harmonium\236.wav,.wav,WAV,22050,1,PCM_16,,3.0,66150,132344,0.38303235173225403,0.924652099609375,0.0002569916855631141,True,True,False,False,Found in isolated instrument folder,False,
Harmonium,harmonium,237.wav,Harmonium\Kaggle_Classification_Clips\Harmonium\237.wav,.wav,WAV,22050,1,PCM_16,,3.0,66150,132344,0.3783250153064728,0.92681884765625,0.0003325774754346183,True,True,False,False,Found in isolated instrument folder,False,
Harmonium,harmonium,238.wav,Harmonium\Kaggle_Classification_Clips\Harmonium\238.wav,.wav,WAV,22050,1,PCM_16,,3.0,66150,132344,0.43370261788368225,0.92474365234375,0.00010582010582010582,True,True,False,False,Found in isolated instrument folder,False,
Harmonium,harmonium,239.wav,Harmonium\Kaggle_Classification_Clips\Harmonium\239.wav,.wav,WAV,22050,1,PCM_16,,3.0,66150,132344,0.3819662928581238,0.92236328125,0.0002872260015117158,True,True,False,False,Found in isolated instrument folder,False,
Harmonium,harmonium,24.wav,Harmonium\Kaggle_Classification_Clips\Harmonium\24.wav,.wav,WAV,22050,1,PCM_16,,3.0,66150,132344,0.3782154619693756,0.925628662109375,0.0004232804232804233,True,True,False,False,Found in isolated instrument folder,False,
Harmonium,harmonium,240.wav,Harmonium\Kaggle_Classification_Clips\Harmonium\240.wav,.wav,WAV,22050,1,PCM_16,,3.0,66150,132344,0.3806005120277405,0.924591064453125,0.00027210884353741496,True,True,False,False,Found in isolated instrument folder,False,
Harmonium,harmonium,241.wav,Harmonium\Kaggle_Classification_Clips\Harmonium\241.wav,.wav,WAV,22050,1,PCM_16,,3.0,66150,132344,0.3829890787601471,0.922149658203125,0.0002569916855631141,True,True,False,False,Found in isolated instrument folder,False,
Harmonium,harmonium,242.wav,Harmonium\Kaggle_Classification_Clips\Harmonium\242.wav,.wav,WAV,22050,1,PCM_16,,3.0,66150,132344,0.42857468128204346,0.92681884765625,0.0002872260015117158,True,True,False,False,Found in isolated instrument folder,False,
Harmonium,harmonium,243.wav,Harmonium\Kaggle_Classification_Clips\Harmonium\243.wav,.wav,WAV,22050,1,PCM_16,,3.0,66150,132344,0.3841657340526581,0.927490234375,0.0002569916855631141,True,True,False,False,Found in isolated instrument folder,False,
Harmonium,harmonium,244.wav,Harmonium\Kaggle_Classification_Clips\Harmonium\244.wav,.wav,WAV,22050,1,PCM_16,,3.0,66150,132344,0.37801527976989746,0.9283447265625,0.00022675736961451248,True,True,False,False,Found in isolated instrument folder,False,
Harmonium,harmonium,245.wav,Harmonium\Kaggle_Classification_Clips\Harmonium\245.wav,.wav,WAV,22050,1,PCM_16,,3.0,66150,132344,0.3816026449203491,0.92279052734375,0.0003779289493575208,True,True,False,False,Found in isolated instrument folder,False,
Harmonium,harmonium,246.wav,Harmonium\Kaggle_Classification_Clips\Harmonium\246.wav,.wav,WAV,22050,1,PCM_16,,3.0,66150,132344,0.42734307050704956,0.921905517578125,0.00012093726379440664,True,True,False,False,Found in isolated instrument folder,False,
Harmonium,harmonium,247.wav,Harmonium\Kaggle_Classification_Clips\Harmonium\247.wav,.wav,WAV,22050,1,PCM_16,,3.0,66150,132344,0.38711389899253845,0.92901611328125,0.0001511715797430083,True,True,False,False,Found in isolated instrument folder,False,
Harmonium,harmonium,248.wav,Harmonium\Kaggle_Classification_Clips\Harmonium\248.wav,.wav,WAV,22050,1,PCM_16,,3.0,66150,132344,0.3781105875968933,0.926483154296875,0.00022675736961451248,True,True,False,False,Found in isolated instrument folder,False,
Harmonium,harmonium,249.wav,Harmonium\Kaggle_Classification_Clips\Harmonium\249.wav,.wav,WAV,22050,1,PCM_16,,3.0,66150,132344,0.37713462114334106,0.92303466796875,0.0002569916855631141,True,True,False,False,Found in isolated instrument folder,False,
Harmonium,harmonium,25.wav,Harmonium\Kaggle_Classification_Clips\Harmonium\25.wav,.wav,WAV,22050,1,PCM_16,,3.0,66150,132344,0.37706634402275085,0.926025390625,0.0002418745275888133,True,True,False,False,Found in isolated instrument folder,False,
Harmonium,harmonium,250.wav,Harmonium\Kaggle_Classification_Clips\Harmonium\250.wav,.wav,WAV,22050,1,PCM_16,,3.0,66150,132344,0.42962655425071716,0.92108154296875,0.00013605442176870748,True,True,False,False,Found in isolated instrument folder,False,
Harmonium,harmonium,251.wav,Harmonium\Kaggle_Classification_Clips\Harmonium\251.wav,.wav,WAV,22050,1,PCM_16,,3.0,66150,132344,0.38557735085487366,0.92462158203125,0.00021164021164021165,True,True,False,False,Found in isolated instrument folder,False,
Harmonium,harmonium,252.wav,Harmonium\Kaggle_Classification_Clips\Harmonium\252.wav,.wav,WAV,22050,1,PCM_16,,3.0,66150,132344,0.38309741020202637,0.9249267578125,0.00039304610733182163,True,True,False,False,Found in isolated instrument folder,False,
Harmonium,harmonium,253.wav,Harmonium\Kaggle_Classification_Clips\Harmonium\253.wav,.wav,WAV,22050,1,PCM_16,,3.0,66150,132344,0.37828391790390015,0.923187255859375,0.00027210884353741496,True,True,False,False,Found in isolated instrument folder,False,
Harmonium,harmonium,254.wav,Harmonium\Kaggle_Classification_Clips\Harmonium\254.wav,.wav,WAV,22050,1,PCM_16,,3.0,66150,132344,0.4336686134338379,0.9244384765625,0.00016628873771730915,True,True,False,False,Found in isolated instrument folder,False,
Harmonium,harmonium,255.wav,Harmonium\Kaggle_Classification_Clips\Harmonium\255.wav,.wav,WAV,22050,1,PCM_16,,3.0,66150,132344,0.38211503624916077,0.92523193359375,0.0002418745275888133,True,True,False,False,Found in isolated instrument folder,False,
Harmonium,harmonium,256.wav,Harmonium\Kaggle_Classification_Clips\Harmonium\256.wav,.wav,WAV,22050,1,PCM_16,,3.0,66150,132344,0.38062089681625366,0.9227294921875,0.00031746031746031746,True,True,False,False,Found in isolated instrument folder,False,
Harmonium,harmonium,257.wav,Harmonium\Kaggle_Classification_Clips\Harmonium\257.wav,.wav,WAV,22050,1,PCM_16,,3.0,66150,132344,0.38308992981910706,0.930572509765625,0.00019652305366591082,True,True,False,False,Found in isolated instrument folder,False,
Harmonium,harmonium,258.wav,Harmonium\Kaggle_Classification_Clips\Harmonium\258.wav,.wav,WAV,22050,1,PCM_16,,3.0,66150,132344,0.4287111163139343,0.928924560546875,0.0002418745275888133,True,True,False,False,Found in isolated instrument folder,False,
Harmonium,harmonium,259.wav,Harmonium\Kaggle_Classification_Clips\Harmonium\259.wav,.wav,WAV,22050,1,PCM_16,,3.0,66150,132344,0.3840056359767914,0.93292236328125,0.00022675736961451248,True,True,False,False,Found in isolated instrument folder,False,
Harmonium,harmonium,26.wav,Harmonium\Kaggle_Classification_Clips\Harmonium\26.wav,.wav,WAV,22050,1,PCM_16,,3.0,66150,132344,0.4295390248298645,0.93304443359375,0.0002872260015117158,True,True,False,False,Found in isolated instrument folder,False,
Harmonium,harmonium,260.wav,Harmonium\Kaggle_Classification_Clips\Harmonium\260.wav,.wav,WAV,22050,1,PCM_16,,3.0,66150,132344,0.3778007924556732,0.919403076171875,0.00027210884353741496,True,True,False,False,Found in isolated instrument folder,False,
Harmonium,harmonium,261.wav,Harmonium\Kaggle_Classification_Clips\Harmonium\261.wav,.wav,WAV,22050,1,PCM_16,,3.0,66150,132344,0.38158679008483887,0.929107666015625,0.00022675736961451248,True,True,False,False,Found in isolated instrument folder,False,
Harmonium,harmonium,262.wav,Harmonium\Kaggle_Classification_Clips\Harmonium\262.wav,.wav,WAV,22050,1,PCM_16,,3.0,66150,132344,0.42720866203308105,0.923065185546875,0.00021164021164021165,True,True,False,False,Found in isolated instrument folder,False,
Harmonium,harmonium,263.wav,Harmonium\Kaggle_Classification_Clips\Harmonium\263.wav,.wav,WAV,22050,1,PCM_16,,3.0,66150,132344,0.3872681260108948,0.92437744140625,0.0002569916855631141,True,True,False,False,Found in isolated instrument folder,False,
Harmonium,harmonium,264.wav,Harmonium\Kaggle_Classification_Clips\Harmonium\264.wav,.wav,WAV,22050,1,PCM_16,,3.0,66150,132344,0.37801820039749146,0.9293212890625,0.00027210884353741496,True,True,False,False,Found in isolated instrument folder,False,
Harmonium,harmonium,265.wav,Harmonium\Kaggle_Classification_Clips\Harmonium\265.wav,.wav,WAV,22050,1,PCM_16,,3.0,66150,132344,0.3769489824771881,0.922943115234375,0.0002569916855631141,True,True,False,False,Found in isolated instrument folder,False,
Harmonium,harmonium,266.wav,Harmonium\Kaggle_Classification_Clips\Harmonium\266.wav,.wav,WAV,22050,1,PCM_16,,3.0,66150,132344,0.42972028255462646,0.927703857421875,0.0002569916855631141,True,True,False,False,Found in isolated instrument folder,False,
Harmonium,harmonium,267.wav,Harmonium\Kaggle_Classification_Clips\Harmonium\267.wav,.wav,WAV,22050,1,PCM_16,,3.0,66150,132344,0.3855084776878357,0.922515869140625,0.00013605442176870748,True,True,False,False,Found in isolated instrument folder,False,
Harmonium,harmonium,268.wav,Harmonium\Kaggle_Classification_Clips\Harmonium\268.wav,.wav,WAV,22050,1,PCM_16,,3.0,66150,132344,0.3830270767211914,0.924102783203125,0.0002418745275888133,True,True,False,False,Found in isolated instrument folder,False,
Harmonium,harmonium,269.wav,Harmonium\Kaggle_Classification_Clips\Harmonium\269.wav,.wav,WAV,22050,1,PCM_16,,3.0,66150,132344,0.3782607316970825,0.92340087890625,0.00031746031746031746,True,True,False,False,Found in isolated instrument folder,False,
Harmonium,harmonium,27.wav,Harmonium\Kaggle_Classification_Clips\Harmonium\27.wav,.wav,WAV,22050,1,PCM_16,,3.0,66150,132344,0.38546597957611084,0.923370361328125,0.0001511715797430083,True,True,False,False,Found in isolated instrument folder,False,
Harmonium,harmonium,270.wav,Harmonium\Kaggle_Classification_Clips\Harmonium\270.wav,.wav,WAV,22050,1,PCM_16,,3.0,66150,132344,0.4336725175380707,0.93292236328125,0.00019652305366591082,True,True,False,False,Found in isolated instrument folder,False,
Harmonium,harmonium,271.wav,Harmonium\Kaggle_Classification_Clips\Harmonium\271.wav,.wav,WAV,22050,1,PCM_16,,3.0,66150,132344,0.38205569982528687,0.921478271484375,0.00021164021164021165,True,True,False,False,Found in isolated instrument folder,False,
Harmonium,harmonium,272.wav,Harmonium\Kaggle_Classification_Clips\Harmonium\272.wav,.wav,WAV,22050,1,PCM_16,,3.0,66150,132344,0.3805105686187744,0.92327880859375,0.0002569916855631141,True,True,False,False,Found in isolated instrument folder,False,
Harmonium,harmonium,273.wav,Harmonium\Kaggle_Classification_Clips\Harmonium\273.wav,.wav,WAV,22050,1,PCM_16,,3.0,66150,132344,0.3829944133758545,0.924896240234375,0.0002872260015117158,True,True,False,False,Found in isolated instrument folder,False,
Harmonium,harmonium,274.wav,Harmonium\Kaggle_Classification_Clips\Harmonium\274.wav,.wav,WAV,22050,1,PCM_16,,3.0,66150,132344,0.42863231897354126,0.925079345703125,0.0002569916855631141,True,True,False,False,Found in isolated instrument folder,False,
Harmonium,harmonium,275.wav,Harmonium\Kaggle_Classification_Clips\Harmonium\275.wav,.wav,WAV,22050,1,PCM_16,,3.0,66150,132344,0.38412392139434814,0.93011474609375,0.00039304610733182163,True,True,False,False,Found in isolated instrument folder,False,
Harmonium,harmonium,276.wav,Harmonium\Kaggle_Classification_Clips\Harmonium\276.wav,.wav,WAV,22050,1,PCM_16,,3.0,66150,132344,0.37772300839424133,0.927398681640625,0.0003023431594860166,True,True,False,False,Found in isolated instrument folder,False,
Harmonium,harmonium,277.wav,Harmonium\Kaggle_Classification_Clips\Harmonium\277.wav,.wav,WAV,22050,1,PCM_16,,3.0,66150,132344,0.3816066086292267,0.930572509765625,0.0002872260015117158,True,True,False,False,Found in isolated instrument folder,False,
Harmonium,harmonium,278.wav,Harmonium\Kaggle_Classification_Clips\Harmonium\278.wav,.wav,WAV,22050,1,PCM_16,,3.0,66150,132344,0.42742446064949036,0.920379638671875,0.00021164021164021165,True,True,False,False,Found in isolated instrument folder,False,
Harmonium,harmonium,279.wav,Harmonium\Kaggle_Classification_Clips\Harmonium\279.wav,.wav,WAV,22050,1,PCM_16,,3.0,66150,132344,0.38731518387794495,0.92596435546875,0.00027210884353741496,True,True,False,False,Found in isolated instrument folder,False,
Harmonium,harmonium,28.wav,Harmonium\Kaggle_Classification_Clips\Harmonium\28.wav,.wav,WAV,22050,1,PCM_16,,3.0,66150,132344,0.3829818665981293,0.927398681640625,0.00022675736961451248,True,True,False,False,Found in isolated instrument folder,False,
Harmonium,harmonium,280.wav,Harmonium\Kaggle_Classification_Clips\Harmonium\280.wav,.wav,WAV,22050,1,PCM_16,,3.0,66150,132344,0.3782409429550171,0.921417236328125,0.0003023431594860166,True,True,False,False,Found in isolated instrument folder,False,
Harmonium,harmonium,281.wav,Harmonium\Kaggle_Classification_Clips\Harmonium\281.wav,.wav,WAV,22050,1,PCM_16,,3.0,66150,132344,0.3770962059497833,0.928436279296875,0.00027210884353741496,True,True,False,False,Found in isolated instrument folder,False,
Harmonium,harmonium,282.wav,Harmonium\Kaggle_Classification_Clips\Harmonium\282.wav,.wav,WAV,22050,1,PCM_16,,3.0,66150,132344,0.42954716086387634,0.925537109375,0.00016628873771730915,True,True,False,False,Found in isolated instrument folder,False,
Harmonium,harmonium,283.wav,Harmonium\Kaggle_Classification_Clips\Harmonium\283.wav,.wav,WAV,22050,1,PCM_16,,3.0,66150,132344,0.38546496629714966,0.922119140625,0.00018140589569160998,True,True,False,False,Found in isolated instrument folder,False,
Harmonium,harmonium,284.wav,Harmonium\Kaggle_Classification_Clips\Harmonium\284.wav,.wav,WAV,22050,1,PCM_16,,3.0,66150,132344,0.3829635679721832,0.9224853515625,0.00019652305366591082,True,True,False,False,Found in isolated instrument folder,False,
Harmonium,harmonium,285.wav,Harmonium\Kaggle_Classification_Clips\Harmonium\285.wav,.wav,WAV,22050,1,PCM_16,,3.0,66150,132344,0.378327339887619,0.920654296875,0.0002872260015117158,True,True,False,False,Found in isolated instrument folder,False,
Harmonium,harmonium,286.wav,Harmonium\Kaggle_Classification_Clips\Harmonium\286.wav,.wav,WAV,22050,1,PCM_16,,3.0,66150,132344,0.4337550401687622,0.9259033203125,0.0002872260015117158,True,True,False,False,Found in isolated instrument folder,False,
Harmonium,harmonium,287.wav,Harmonium\Kaggle_Classification_Clips\Harmonium\287.wav,.wav,WAV,22050,1,PCM_16,,3.0,66150,132344,0.3821857273578644,0.92938232421875,0.00027210884353741496,True,True,False,False,Found in isolated instrument folder,False,
Harmonium,harmonium,288.wav,Harmonium\Kaggle_Classification_Clips\Harmonium\288.wav,.wav,WAV,22050,1,PCM_16,,3.0,66150,132344,0.3806067109107971,0.927734375,0.0002872260015117158,True,True,False,False,Found in isolated instrument folder,False,
Harmonium,harmonium,289.wav,Harmonium\Kaggle_Classification_Clips\Harmonium\289.wav,.wav,WAV,22050,1,PCM_16,,3.0,66150,132344,0.3830445408821106,0.923675537109375,0.00036281179138321996,True,True,False,False,Found in isolated instrument folder,False,
Harmonium,harmonium,29.wav,Harmonium\Kaggle_Classification_Clips\Harmonium\29.wav,.wav,WAV,22050,1,PCM_16,,3.0,66150,132344,0.3783375024795532,0.92718505859375,0.0002418745275888133,True,True,False,False,Found in isolated instrument folder,False,
Harmonium,harmonium,290.wav,Harmonium\Kaggle_Classification_Clips\Harmonium\290.wav,.wav,WAV,22050,1,PCM_16,,3.0,66150,132344,0.4286259710788727,0.925994873046875,0.0002872260015117158,True,True,False,False,Found in isolated instrument folder,False,
Harmonium,harmonium,291.wav,Harmonium\Kaggle_Classification_Clips\Harmonium\291.wav,.wav,WAV,22050,1,PCM_16,,3.0,66150,132344,0.38396164774894714,0.922271728515625,0.0002569916855631141,True,True,False,False,Found in isolated instrument folder,False,
Harmonium,harmonium,292.wav,Harmonium\Kaggle_Classification_Clips\Harmonium\292.wav,.wav,WAV,22050,1,PCM_16,,3.0,66150,132344,0.377834290266037,0.924346923828125,0.00019652305366591082,True,True,False,False,Found in isolated instrument folder,False,
Harmonium,harmonium,293.wav,Harmonium\Kaggle_Classification_Clips\Harmonium\293.wav,.wav,WAV,22050,1,PCM_16,,3.0,66150,132344,0.38156741857528687,0.93060302734375,0.00034769463340891913,True,True,False,False,Found in isolated instrument folder,False,
Harmonium,harmonium,294.wav,Harmonium\Kaggle_Classification_Clips\Harmonium\294.wav,.wav,WAV,22050,1,PCM_16,,3.0,66150,132344,0.4272846281528473,0.9232177734375,0.0001511715797430083,True,True,False,False,Found in isolated instrument folder,False,
Harmonium,harmonium,295.wav,Harmonium\Kaggle_Classification_Clips\Harmonium\295.wav,.wav,WAV,22050,1,PCM_16,,3.0,66150,132344,0.3872250020503998,0.922698974609375,0.0002569916855631141,True,True,False,False,Found in isolated instrument folder,False,
Harmonium,harmonium,296.wav,Harmonium\Kaggle_Classification_Clips\Harmonium\296.wav,.wav,WAV,22050,1,PCM_16,,3.0,66150,132344,0.3781484067440033,0.924468994140625,0.0002569916855631141,True,True,False,False,Found in isolated instrument folder,False,
Harmonium,harmonium,297.wav,Harmonium\Kaggle_Classification_Clips\Harmonium\297.wav,.wav,WAV,22050,1,PCM_16,,3.0,66150,132344,0.37702175974845886,0.934814453125,0.00045351473922902497,True,True,False,False,Found in isolated instrument folder,False,
Harmonium,harmonium,298.wav,Harmonium\Kaggle_Classification_Clips\Harmonium\298.wav,.wav,WAV,22050,1,PCM_16,,3.0,66150,132344,0.4295903742313385,0.929962158203125,0.00027210884353741496,True,True,False,False,Found in isolated instrument folder,False,
Harmonium,harmonium,299.wav,Harmonium\Kaggle_Classification_Clips\Harmonium\299.wav,.wav,WAV,22050,1,PCM_16,,3.0,66150,132344,0.3855169415473938,0.92242431640625,0.00027210884353741496,True,True,False,False,Found in isolated instrument folder,False,
Harmonium,harmonium,3.wav,Harmonium\Kaggle_Classification_Clips\Harmonium\3.wav,.wav,WAV,22050,1,PCM_16,,3.0,66150,132344,0.37498199939727783,0.933746337890625,0.00022675736961451248,True,True,False,False,Found in isolated instrument folder,False,
Harmonium,harmonium,30.wav,Harmonium\Kaggle_Classification_Clips\Harmonium\30.wav,.wav,WAV,22050,1,PCM_16,,3.0,66150,132344,0.4336756765842438,0.926605224609375,0.00021164021164021165,True,True,False,False,Found in isolated instrument folder,False,
Harmonium,harmonium,300.wav,Harmonium\Kaggle_Classification_Clips\Harmonium\300.wav,.wav,WAV,22050,1,PCM_16,,3.0,66150,132344,0.3829807639122009,0.9268798828125,0.00021164021164021165,True,True,False,False,Found in isolated instrument folder,False,
Harmonium,harmonium,301.wav,Harmonium\Kaggle_Classification_Clips\Harmonium\301.wav,.wav,WAV,22050,1,PCM_16,,3.0,66150,132344,0.3783535361289978,0.939727783203125,0.0004232804232804233,True,True,False,False,Found in isolated instrument folder,False,
Harmonium,harmonium,302.wav,Harmonium\Kaggle_Classification_Clips\Harmonium\302.wav,.wav,WAV,22050,1,PCM_16,,3.0,66150,132344,0.43372830748558044,0.924224853515625,0.00019652305366591082,True,True,False,False,Found in isolated instrument folder,False,
Harmonium,harmonium,303.wav,Harmonium\Kaggle_Classification_Clips\Harmonium\303.wav,.wav,WAV,22050,1,PCM_16,,3.0,66150,132344,0.38218507170677185,0.930419921875,0.0002569916855631141,True,True,False,False,Found in isolated instrument folder,False,
Harmonium,harmonium,304.wav,Harmonium\Kaggle_Classification_Clips\Harmonium\304.wav,.wav,WAV,22050,1,PCM_16,,3.0,66150,132344,0.3805325925350189,0.922271728515625,0.00036281179138321996,True,True,False,False,Found in isolated instrument folder,False,
Harmonium,harmonium,305.wav,Harmonium\Kaggle_Classification_Clips\Harmonium\305.wav,.wav,WAV,22050,1,PCM_16,,3.0,66150,132344,0.3831007778644562,0.928009033203125,9.070294784580499e-05,True,True,False,False,Found in isolated instrument folder,False,
Harmonium,harmonium,306.wav,Harmonium\Kaggle_Classification_Clips\Harmonium\306.wav,.wav,WAV,22050,1,PCM_16,,3.0,66150,132344,0.42864441871643066,0.930816650390625,0.00021164021164021165,True,True,False,False,Found in isolated instrument folder,False,
Harmonium,harmonium,307.wav,Harmonium\Kaggle_Classification_Clips\Harmonium\307.wav,.wav,WAV,22050,1,PCM_16,,3.0,66150,132344,0.38407331705093384,0.92486572265625,0.00043839758125472413,True,True,False,False,Found in isolated instrument folder,False,
Harmonium,harmonium,308.wav,Harmonium\Kaggle_Classification_Clips\Harmonium\308.wav,.wav,WAV,22050,1,PCM_16,,3.0,66150,132344,0.37791115045547485,0.922027587890625,0.0003023431594860166,True,True,False,False,Found in isolated instrument folder,False,
Harmonium,harmonium,309.wav,Harmonium\Kaggle_Classification_Clips\Harmonium\309.wav,.wav,WAV,22050,1,PCM_16,,3.0,66150,132344,0.38170841336250305,0.9271240234375,0.00022675736961451248,True,True,False,False,Found in isolated instrument folder,False,
Harmonium,harmonium,31.wav,Harmonium\Kaggle_Classification_Clips\Harmonium\31.wav,.wav,WAV,22050,1,PCM_16,,3.0,66150,132344,0.3822099566459656,0.92938232421875,0.00016628873771730915,True,True,False,False,Found in isolated instrument folder,False,
Harmonium,harmonium,310.wav,Harmonium\Kaggle_Classification_Clips\Harmonium\310.wav,.wav,WAV,22050,1,PCM_16,,3.0,66150,132344,0.42729631066322327,0.9251708984375,0.00018140589569160998,True,True,False,False,Found in isolated instrument folder,False,
Harmonium,harmonium,311.wav,Harmonium\Kaggle_Classification_Clips\Harmonium\311.wav,.wav,WAV,22050,1,PCM_16,,3.0,66150,132344,0.38734665513038635,0.9239501953125,0.00016628873771730915,True,True,False,False,Found in isolated instrument folder,False,
Harmonium,harmonium,312.wav,Harmonium\Kaggle_Classification_Clips\Harmonium\312.wav,.wav,WAV,22050,1,PCM_16,,3.0,66150,132344,0.37802594900131226,0.92919921875,0.0002418745275888133,True,True,False,False,Found in isolated instrument folder,False,
Harmonium,harmonium,313.wav,Harmonium\Kaggle_Classification_Clips\Harmonium\313.wav,.wav,WAV,22050,1,PCM_16,,3.0,66150,132344,0.3770734667778015,0.9259033203125,0.00019652305366591082,True,True,False,False,Found in isolated instrument folder,False,
Harmonium,harmonium,314.wav,Harmonium\Kaggle_Classification_Clips\Harmonium\314.wav,.wav,WAV,22050,1,PCM_16,,3.0,66150,132344,0.42962905764579773,0.921600341796875,0.00016628873771730915,True,True,False,False,Found in isolated instrument folder,False,
Harmonium,harmonium,315.wav,Harmonium\Kaggle_Classification_Clips\Harmonium\315.wav,.wav,WAV,22050,1,PCM_16,,3.0,66150,132344,0.3854336738586426,0.9244384765625,0.0003779289493575208,True,True,False,False,Found in isolated instrument folder,False,
Harmonium,harmonium,316.wav,Harmonium\Kaggle_Classification_Clips\Harmonium\316.wav,.wav,WAV,22050,1,PCM_16,,3.0,66150,132344,0.3829670250415802,0.922027587890625,0.00022675736961451248,True,True,False,False,Found in isolated instrument folder,False,
Harmonium,harmonium,317.wav,Harmonium\Kaggle_Classification_Clips\Harmonium\317.wav,.wav,WAV,22050,1,PCM_16,,3.0,66150,132344,0.37839245796203613,0.935791015625,0.00036281179138321996,True,True,False,False,Found in isolated instrument folder,False,
Harmonium,harmonium,318.wav,Harmonium\Kaggle_Classification_Clips\Harmonium\318.wav,.wav,WAV,22050,1,PCM_16,,3.0,66150,132344,0.43376976251602173,0.924102783203125,0.00018140589569160998,True,True,False,False,Found in isolated instrument folder,False,
Harmonium,harmonium,319.wav,Harmonium\Kaggle_Classification_Clips\Harmonium\319.wav,.wav,WAV,22050,1,PCM_16,,3.0,66150,132344,0.38217607140541077,0.930084228515625,0.00027210884353741496,True,True,False,False,Found in isolated instrument folder,False,
Harmonium,harmonium,32.wav,Harmonium\Kaggle_Classification_Clips\Harmonium\32.wav,.wav,WAV,22050,1,PCM_16,,3.0,66150,132344,0.38073521852493286,0.92913818359375,0.0003023431594860166,True,True,False,False,Found in isolated instrument folder,False,
Harmonium,harmonium,320.wav,Harmonium\Kaggle_Classification_Clips\Harmonium\320.wav,.wav,WAV,22050,1,PCM_16,,3.0,66150,132344,0.3805062770843506,0.921600341796875,0.0003325774754346183,True,True,False,False,Found in isolated instrument folder,False,
Harmonium,harmonium,321.wav,Harmonium\Kaggle_Classification_Clips\Harmonium\321.wav,.wav,WAV,22050,1,PCM_16,,3.0,66150,132344,0.38305699825286865,0.923858642578125,0.00027210884353741496,True,True,False,False,Found in isolated instrument folder,False,
Harmonium,harmonium,322.wav,Harmonium\Kaggle_Classification_Clips\Harmonium\322.wav,.wav,WAV,22050,1,PCM_16,,3.0,66150,132344,0.4286242127418518,0.92529296875,0.00019652305366591082,True,True,False,False,Found in isolated instrument folder,False,
Harmonium,harmonium,323.wav,Harmonium\Kaggle_Classification_Clips\Harmonium\323.wav,.wav,WAV,22050,1,PCM_16,,3.0,66150,132344,0.3839750289916992,0.93536376953125,0.00031746031746031746,True,True,False,False,Found in isolated instrument folder,False,
Harmonium,harmonium,324.wav,Harmonium\Kaggle_Classification_Clips\Harmonium\324.wav,.wav,WAV,22050,1,PCM_16,,3.0,66150,132344,0.37779006361961365,0.92230224609375,0.00019652305366591082,True,True,False,False,Found in isolated instrument folder,False,
Harmonium,harmonium,325.wav,Harmonium\Kaggle_Classification_Clips\Harmonium\325.wav,.wav,WAV,22050,1,PCM_16,,3.0,66150,132344,0.38166511058807373,0.932037353515625,0.0003779289493575208,True,True,False,False,Found in isolated instrument folder,False,
Harmonium,harmonium,326.wav,Harmonium\Kaggle_Classification_Clips\Harmonium\326.wav,.wav,WAV,22050,1,PCM_16,,3.0,66150,132344,0.42729026079177856,0.92474365234375,0.00018140589569160998,True,True,False,False,Found in isolated instrument folder,False,
Harmonium,harmonium,327.wav,Harmonium\Kaggle_Classification_Clips\Harmonium\327.wav,.wav,WAV,22050,1,PCM_16,,3.0,66150,132344,0.3873617947101593,0.926849365234375,0.00016628873771730915,True,True,False,False,Found in isolated instrument folder,False,
Harmonium,harmonium,328.wav,Harmonium\Kaggle_Classification_Clips\Harmonium\328.wav,.wav,WAV,22050,1,PCM_16,,3.0,66150,132344,0.37819525599479675,0.920623779296875,0.0002418745275888133,True,True,False,False,Found in isolated instrument folder,False,
Harmonium,harmonium,329.wav,Harmonium\Kaggle_Classification_Clips\Harmonium\329.wav,.wav,WAV,22050,1,PCM_16,,3.0,66150,132344,0.37716346979141235,0.931121826171875,0.00027210884353741496,True,True,False,False,Found in isolated instrument folder,False,
Harmonium,harmonium,33.wav,Harmonium\Kaggle_Classification_Clips\Harmonium\33.wav,.wav,WAV,22050,1,PCM_16,,3.0,66150,132344,0.3830265998840332,0.92535400390625,0.00027210884353741496,True,True,False,False,Found in isolated instrument folder,False,
Harmonium,harmonium,330.wav,Harmonium\Kaggle_Classification_Clips\Harmonium\330.wav,.wav,WAV,22050,1,PCM_16,,3.0,66150,132344,0.4297132194042206,0.927398681640625,0.00019652305366591082,True,True,False,False,Found in isolated instrument folder,False,
Harmonium,harmonium,331.wav,Harmonium\Kaggle_Classification_Clips\Harmonium\331.wav,.wav,WAV,22050,1,PCM_16,,3.0,66150,132344,0.3854531943798065,0.925628662109375,0.0002418745275888133,True,True,False,False,Found in isolated instrument folder,False,
Harmonium,harmonium,332.wav,Harmonium\Kaggle_Classification_Clips\Harmonium\332.wav,.wav,WAV,22050,1,PCM_16,,3.0,66150,132344,0.38303646445274353,0.923919677734375,0.00031746031746031746,True,True,False,False,Found in isolated instrument folder,False,
Harmonium,harmonium,333.wav,Harmonium\Kaggle_Classification_Clips\Harmonium\333.wav,.wav,WAV,22050,1,PCM_16,,3.0,66150,132344,0.3782210946083069,0.92431640625,0.00021164021164021165,True,True,False,False,Found in isolated instrument folder,False,
Harmonium,harmonium,334.wav,Harmonium\Kaggle_Classification_Clips\Harmonium\334.wav,.wav,WAV,22050,1,PCM_16,,3.0,66150,132344,0.4337390661239624,0.9215087890625,0.00019652305366591082,True,True,False,False,Found in isolated instrument folder,False,
Harmonium,harmonium,335.wav,Harmonium\Kaggle_Classification_Clips\Harmonium\335.wav,.wav,WAV,22050,1,PCM_16,,3.0,66150,132344,0.3820882737636566,0.927764892578125,0.00027210884353741496,True,True,False,False,Found in isolated instrument folder,False,
Harmonium,harmonium,336.wav,Harmonium\Kaggle_Classification_Clips\Harmonium\336.wav,.wav,WAV,22050,1,PCM_16,,3.0,66150,132344,0.38065478205680847,0.92437744140625,0.00034769463340891913,True,True,False,False,Found in isolated instrument folder,False,
Harmonium,harmonium,337.wav,Harmonium\Kaggle_Classification_Clips\Harmonium\337.wav,.wav,WAV,22050,1,PCM_16,,3.0,66150,132344,0.3829314112663269,0.925140380859375,0.0002872260015117158,True,True,False,False,Found in isolated instrument folder,False,
Harmonium,harmonium,338.wav,Harmonium\Kaggle_Classification_Clips\Harmonium\338.wav,.wav,WAV,22050,1,PCM_16,,3.0,66150,132344,0.42856618762016296,0.9234619140625,0.00021164021164021165,True,True,False,False,Found in isolated instrument folder,False,
Harmonium,harmonium,339.wav,Harmonium\Kaggle_Classification_Clips\Harmonium\339.wav,.wav,WAV,22050,1,PCM_16,,3.0,66150,132344,0.3841143250465393,0.924957275390625,0.00027210884353741496,True,True,False,False,Found in isolated instrument folder,False,
Harmonium,harmonium,34.wav,Harmonium\Kaggle_Classification_Clips\Harmonium\34.wav,.wav,WAV,22050,1,PCM_16,,3.0,66150,132344,0.4286789894104004,0.921142578125,0.0003325774754346183,True,True,False,False,Found in isolated instrument folder,False,
Harmonium,harmonium,340.wav,Harmonium\Kaggle_Classification_Clips\Harmonium\340.wav,.wav,WAV,22050,1,PCM_16,,3.0,66150,132344,0.37798845767974854,0.92962646484375,0.0002569916855631141,True,True,False,False,Found in isolated instrument folder,False,
Harmonium,harmonium,341.wav,Harmonium\Kaggle_Classification_Clips\Harmonium\341.wav,.wav,WAV,22050,1,PCM_16,,3.0,66150,132344,0.38173481822013855,0.927886962890625,0.00022675736961451248,True,True,False,False,Found in isolated instrument folder,False,
Harmonium,harmonium,342.wav,Harmonium\Kaggle_Classification_Clips\Harmonium\342.wav,.wav,WAV,22050,1,PCM_16,,3.0,66150,132344,0.427203893661499,0.919342041015625,0.00018140589569160998,True,True,False,False,Found in isolated instrument folder,False,
Harmonium,harmonium,343.wav,Harmonium\Kaggle_Classification_Clips\Harmonium\343.wav,.wav,WAV,22050,1,PCM_16,,3.0,66150,132344,0.38734525442123413,0.92437744140625,0.0002418745275888133,True,True,False,False,Found in isolated instrument folder,False,
Harmonium,harmonium,344.wav,Harmonium\Kaggle_Classification_Clips\Harmonium\344.wav,.wav,WAV,22050,1,PCM_16,,3.0,66150,132344,0.3780736029148102,0.925323486328125,0.00027210884353741496,True,True,False,False,Found in isolated instrument folder,False,
Harmonium,harmonium,345.wav,Harmonium\Kaggle_Classification_Clips\Harmonium\345.wav,.wav,WAV,22050,1,PCM_16,,3.0,66150,132344,0.3770785927772522,0.926422119140625,0.0003325774754346183,True,True,False,False,Found in isolated instrument folder,False,
Harmonium,harmonium,346.wav,Harmonium\Kaggle_Classification_Clips\Harmonium\346.wav,.wav,WAV,22050,1,PCM_16,,3.0,66150,132344,0.4296489953994751,0.928955078125,0.0002569916855631141,True,True,False,False,Found in isolated instrument folder,False,
Harmonium,harmonium,347.wav,Harmonium\Kaggle_Classification_Clips\Harmonium\347.wav,.wav,WAV,22050,1,PCM_16,,3.0,66150,132344,0.38543272018432617,0.921173095703125,0.0003023431594860166,True,True,False,False,Found in isolated instrument folder,False,
Harmonium,harmonium,348.wav,Harmonium\Kaggle_Classification_Clips\Harmonium\348.wav,.wav,WAV,22050,1,PCM_16,,3.0,66150,132344,0.38306018710136414,0.923492431640625,0.00022675736961451248,True,True,False,False,Found in isolated instrument folder,False,
Harmonium,harmonium,349.wav,Harmonium\Kaggle_Classification_Clips\Harmonium\349.wav,.wav,WAV,22050,1,PCM_16,,3.0,66150,132344,0.3783513307571411,0.92413330078125,0.0003325774754346183,True,True,False,False,Found in isolated instrument folder,False,
Harmonium,harmonium,35.wav,Harmonium\Kaggle_Classification_Clips\Harmonium\35.wav,.wav,WAV,22050,1,PCM_16,,3.0,66150,132344,0.38406652212142944,0.924407958984375,0.00036281179138321996,True,True,False,False,Found in isolated instrument folder,False,
Harmonium,harmonium,350.wav,Harmonium\Kaggle_Classification_Clips\Harmonium\350.wav,.wav,WAV,22050,1,PCM_16,,3.0,66150,132344,0.43388664722442627,0.927886962890625,0.0002418745275888133,True,True,False,False,Found in isolated instrument folder,False,
Harmonium,harmonium,351.wav,Harmonium\Kaggle_Classification_Clips\Harmonium\351.wav,.wav,WAV,22050,1,PCM_16,,3.0,66150,132344,0.38209033012390137,0.92333984375,0.0001511715797430083,True,True,False,False,Found in isolated instrument folder,False,
Harmonium,harmonium,352.wav,Harmonium\Kaggle_Classification_Clips\Harmonium\352.wav,.wav,WAV,22050,1,PCM_16,,3.0,66150,132344,0.3804839551448822,0.9208984375,0.0003325774754346183,True,True,False,False,Found in isolated instrument folder,False,
Harmonium,harmonium,353.wav,Harmonium\Kaggle_Classification_Clips\Harmonium\353.wav,.wav,WAV,22050,1,PCM_16,,3.0,66150,132344,0.38301587104797363,0.93017578125,0.00022675736961451248,True,True,False,False,Found in isolated instrument folder,False,
Harmonium,harmonium,354.wav,Harmonium\Kaggle_Classification_Clips\Harmonium\354.wav,.wav,WAV,22050,1,PCM_16,,3.0,66150,132344,0.4286792576313019,0.925140380859375,0.00027210884353741496,True,True,False,False,Found in isolated instrument folder,False,
Harmonium,harmonium,355.wav,Harmonium\Kaggle_Classification_Clips\Harmonium\355.wav,.wav,WAV,22050,1,PCM_16,,3.0,66150,132344,0.3840031921863556,0.92169189453125,0.00027210884353741496,True,True,False,False,Found in isolated instrument folder,False,
Harmonium,harmonium,356.wav,Harmonium\Kaggle_Classification_Clips\Harmonium\356.wav,.wav,WAV,22050,1,PCM_16,,3.0,66150,132344,0.3778756558895111,0.924652099609375,0.00027210884353741496,True,True,False,False,Found in isolated instrument folder,False,
Harmonium,harmonium,357.wav,Harmonium\Kaggle_Classification_Clips\Harmonium\357.wav,.wav,WAV,22050,1,PCM_16,,3.0,66150,132344,0.3817245364189148,0.923583984375,0.00034769463340891913,True,True,False,False,Found in isolated instrument folder,False,
Harmonium,harmonium,358.wav,Harmonium\Kaggle_Classification_Clips\Harmonium\358.wav,.wav,WAV,22050,1,PCM_16,,3.0,66150,132344,0.4272957444190979,0.9246826171875,0.00012093726379440664,True,True,False,False,Found in isolated instrument folder,False,
Harmonium,harmonium,359.wav,Harmonium\Kaggle_Classification_Clips\Harmonium\359.wav,.wav,WAV,22050,1,PCM_16,,3.0,66150,132344,0.38731682300567627,0.9266357421875,0.00043839758125472413,True,True,False,False,Found in isolated instrument folder,False,
Harmonium,harmonium,36.wav,Harmonium\Kaggle_Classification_Clips\Harmonium\36.wav,.wav,WAV,22050,1,PCM_16,,3.0,66150,132344,0.37773746252059937,0.925628662109375,0.0003023431594860166,True,True,False,False,Found in isolated instrument folder,False,
Harmonium,harmonium,360.wav,Harmonium\Kaggle_Classification_Clips\Harmonium\360.wav,.wav,WAV,22050,1,PCM_16,,3.0,66150,132344,0.37813010811805725,0.926422119140625,0.00034769463340891913,True,True,False,False,Found in isolated instrument folder,False,
Harmonium,harmonium,361.wav,Harmonium\Kaggle_Classification_Clips\Harmonium\361.wav,.wav,WAV,22050,1,PCM_16,,3.0,66150,132344,0.3769916594028473,0.924530029296875,0.0002872260015117158,True,True,False,False,Found in isolated instrument folder,False,
Harmonium,harmonium,362.wav,Harmonium\Kaggle_Classification_Clips\Harmonium\362.wav,.wav,WAV,22050,1,PCM_16,,3.0,66150,132344,0.42963117361068726,0.92291259765625,0.0003023431594860166,True,True,False,False,Found in isolated instrument folder,False,
Harmonium,harmonium,363.wav,Harmonium\Kaggle_Classification_Clips\Harmonium\363.wav,.wav,WAV,22050,1,PCM_16,,3.0,66150,132344,0.3855638802051544,0.92205810546875,0.0002569916855631141,True,True,False,False,Found in isolated instrument folder,False,
Harmonium,harmonium,364.wav,Harmonium\Kaggle_Classification_Clips\Harmonium\364.wav,.wav,WAV,22050,1,PCM_16,,3.0,66150,132344,0.383092999458313,0.92633056640625,0.0003023431594860166,True,True,False,False,Found in isolated instrument folder,False,
Harmonium,harmonium,365.wav,Harmonium\Kaggle_Classification_Clips\Harmonium\365.wav,.wav,WAV,22050,1,PCM_16,,3.0,66150,132344,0.37822332978248596,0.92218017578125,0.0003023431594860166,True,True,False,False,Found in isolated instrument folder,False,
Harmonium,harmonium,366.wav,Harmonium\Kaggle_Classification_Clips\Harmonium\366.wav,.wav,WAV,22050,1,PCM_16,,3.0,66150,132344,0.43376830220222473,0.925018310546875,0.00012093726379440664,True,True,False,False,Found in isolated instrument folder,False,
Harmonium,harmonium,367.wav,Harmonium\Kaggle_Classification_Clips\Harmonium\367.wav,.wav,WAV,22050,1,PCM_16,,3.0,66150,132344,0.3821393847465515,0.920135498046875,0.00019652305366591082,True,True,False,False,Found in isolated instrument folder,False,
Harmonium,harmonium,368.wav,Harmonium\Kaggle_Classification_Clips\Harmonium\368.wav,.wav,WAV,22050,1,PCM_16,,3.0,66150,132344,0.3806615173816681,0.9251708984375,0.00031746031746031746,True,True,False,False,Found in isolated instrument folder,False,
Harmonium,harmonium,369.wav,Harmonium\Kaggle_Classification_Clips\Harmonium\369.wav,.wav,WAV,22050,1,PCM_16,,3.0,66150,132344,0.3830346167087555,0.92376708984375,0.00036281179138321996,True,True,False,False,Found in isolated instrument folder,False,
Harmonium,harmonium,37.wav,Harmonium\Kaggle_Classification_Clips\Harmonium\37.wav,.wav,WAV,22050,1,PCM_16,,3.0,66150,132344,0.3815572261810303,0.927032470703125,0.00031746031746031746,True,True,False,False,Found in isolated instrument folder,False,
Harmonium,harmonium,370.wav,Harmonium\Kaggle_Classification_Clips\Harmonium\370.wav,.wav,WAV,22050,1,PCM_16,,3.0,66150,132344,0.4284798800945282,0.9239501953125,0.00021164021164021165,True,True,False,False,Found in isolated instrument folder,False,
Harmonium,harmonium,371.wav,Harmonium\Kaggle_Classification_Clips\Harmonium\371.wav,.wav,WAV,22050,1,PCM_16,,3.0,66150,132344,0.3839372992515564,0.924896240234375,0.0002569916855631141,True,True,False,False,Found in isolated instrument folder,False,
Harmonium,harmonium,372.wav,Harmonium\Kaggle_Classification_Clips\Harmonium\372.wav,.wav,WAV,22050,1,PCM_16,,3.0,66150,132344,0.37791183590888977,0.924560546875,0.00022675736961451248,True,True,False,False,Found in isolated instrument folder,False,
Harmonium,harmonium,373.wav,Harmonium\Kaggle_Classification_Clips\Harmonium\373.wav,.wav,WAV,22050,1,PCM_16,,3.0,66150,132344,0.3815951645374298,0.930145263671875,0.00016628873771730915,True,True,False,False,Found in isolated instrument folder,False,
Harmonium,harmonium,374.wav,Harmonium\Kaggle_Classification_Clips\Harmonium\374.wav,.wav,WAV,22050,1,PCM_16,,3.0,66150,132344,0.42727580666542053,0.92364501953125,0.00021164021164021165,True,True,False,False,Found in isolated instrument folder,False,
Harmonium,harmonium,375.wav,Harmonium\Kaggle_Classification_Clips\Harmonium\375.wav,.wav,WAV,22050,1,PCM_16,,3.0,66150,132344,0.3872855007648468,0.923095703125,0.0002569916855631141,True,True,False,False,Found in isolated instrument folder,False,
Harmonium,harmonium,376.wav,Harmonium\Kaggle_Classification_Clips\Harmonium\376.wav,.wav,WAV,22050,1,PCM_16,,3.0,66150,132344,0.37801697850227356,0.92138671875,0.0003325774754346183,True,True,False,False,Found in isolated instrument folder,False,
Harmonium,harmonium,377.wav,Harmonium\Kaggle_Classification_Clips\Harmonium\377.wav,.wav,WAV,22050,1,PCM_16,,3.0,66150,132344,0.377053827047348,0.9271240234375,0.00039304610733182163,True,True,False,False,Found in isolated instrument folder,False,
Harmonium,harmonium,378.wav,Harmonium\Kaggle_Classification_Clips\Harmonium\378.wav,.wav,WAV,22050,1,PCM_16,,3.0,66150,132344,0.4295921325683594,0.922943115234375,0.00012093726379440664,True,True,False,False,Found in isolated instrument folder,False,
Harmonium,harmonium,379.wav,Harmonium\Kaggle_Classification_Clips\Harmonium\379.wav,.wav,WAV,22050,1,PCM_16,,3.0,66150,132344,0.3853127658367157,0.92340087890625,0.00018140589569160998,True,True,False,False,Found in isolated instrument folder,False,
Harmonium,harmonium,38.wav,Harmonium\Kaggle_Classification_Clips\Harmonium\38.wav,.wav,WAV,22050,1,PCM_16,,3.0,66150,132344,0.42726603150367737,0.928009033203125,0.00045351473922902497,True,True,False,False,Found in isolated instrument folder,False,
Harmonium,harmonium,380.wav,Harmonium\Kaggle_Classification_Clips\Harmonium\380.wav,.wav,WAV,22050,1,PCM_16,,3.0,66150,132344,0.38320666551589966,0.9234619140625,0.0002418745275888133,True,True,False,False,Found in isolated instrument folder,False,
Harmonium,harmonium,381.wav,Harmonium\Kaggle_Classification_Clips\Harmonium\381.wav,.wav,WAV,22050,1,PCM_16,,3.0,66150,132344,0.3783346116542816,0.9219970703125,0.00036281179138321996,True,True,False,False,Found in isolated instrument folder,False,
Harmonium,harmonium,382.wav,Harmonium\Kaggle_Classification_Clips\Harmonium\382.wav,.wav,WAV,22050,1,PCM_16,,3.0,66150,132344,0.43368661403656006,0.9266357421875,0.00018140589569160998,True,True,False,False,Found in isolated instrument folder,False,
Harmonium,harmonium,383.wav,Harmonium\Kaggle_Classification_Clips\Harmonium\383.wav,.wav,WAV,22050,1,PCM_16,,3.0,66150,132344,0.3821712136268616,0.9259033203125,0.0002569916855631141,True,True,False,False,Found in isolated instrument folder,False,
Harmonium,harmonium,384.wav,Harmonium\Kaggle_Classification_Clips\Harmonium\384.wav,.wav,WAV,22050,1,PCM_16,,3.0,66150,132344,0.3803940415382385,0.928497314453125,0.00031746031746031746,True,True,False,False,Found in isolated instrument folder,False,
Harmonium,harmonium,385.wav,Harmonium\Kaggle_Classification_Clips\Harmonium\385.wav,.wav,WAV,22050,1,PCM_16,,3.0,66150,132344,0.38309359550476074,0.9337158203125,0.00019652305366591082,True,True,False,False,Found in isolated instrument folder,False,
Harmonium,harmonium,386.wav,Harmonium\Kaggle_Classification_Clips\Harmonium\386.wav,.wav,WAV,22050,1,PCM_16,,3.0,66150,132344,0.42851364612579346,0.925201416015625,0.0002569916855631141,True,True,False,False,Found in isolated instrument folder,False,
Harmonium,harmonium,387.wav,Harmonium\Kaggle_Classification_Clips\Harmonium\387.wav,.wav,WAV,22050,1,PCM_16,,3.0,66150,132344,0.38411664962768555,0.93707275390625,0.00018140589569160998,True,True,False,False,Found in isolated instrument folder,False,
Harmonium,harmonium,388.wav,Harmonium\Kaggle_Classification_Clips\Harmonium\388.wav,.wav,WAV,22050,1,PCM_16,,3.0,66150,132344,0.37774232029914856,0.924072265625,0.0002418745275888133,True,True,False,False,Found in isolated instrument folder,False,
Harmonium,harmonium,389.wav,Harmonium\Kaggle_Classification_Clips\Harmonium\389.wav,.wav,WAV,22050,1,PCM_16,,3.0,66150,132344,0.3816188871860504,0.92547607421875,0.00022675736961451248,True,True,False,False,Found in isolated instrument folder,False,
Harmonium,harmonium,39.wav,Harmonium\Kaggle_Classification_Clips\Harmonium\39.wav,.wav,WAV,22050,1,PCM_16,,3.0,66150,132344,0.3872239887714386,0.92333984375,0.00036281179138321996,True,True,False,False,Found in isolated instrument folder,False,
Harmonium,harmonium,390.wav,Harmonium\Kaggle_Classification_Clips\Harmonium\390.wav,.wav,WAV,22050,1,PCM_16,,3.0,66150,132344,0.4273722469806671,0.926177978515625,0.00021164021164021165,True,True,False,False,Found in isolated instrument folder,False,
Harmonium,harmonium,391.wav,Harmonium\Kaggle_Classification_Clips\Harmonium\391.wav,.wav,WAV,22050,1,PCM_16,,3.0,66150,132344,0.38732174038887024,0.9261474609375,0.0002418745275888133,True,True,False,False,Found in isolated instrument folder,False,
Harmonium,harmonium,392.wav,Harmonium\Kaggle_Classification_Clips\Harmonium\392.wav,.wav,WAV,22050,1,PCM_16,,3.0,66150,132344,0.37812355160713196,0.927032470703125,0.00027210884353741496,True,True,False,False,Found in isolated instrument folder,False,
Harmonium,harmonium,393.wav,Harmonium\Kaggle_Classification_Clips\Harmonium\393.wav,.wav,WAV,22050,1,PCM_16,,3.0,66150,132344,0.37693890929222107,0.9300537109375,0.0002872260015117158,True,True,False,False,Found in isolated instrument folder,False,
Harmonium,harmonium,394.wav,Harmonium\Kaggle_Classification_Clips\Harmonium\394.wav,.wav,WAV,22050,1,PCM_16,,3.0,66150,132344,0.4297059178352356,0.927581787109375,0.00018140589569160998,True,True,False,False,Found in isolated instrument folder,False,
Harmonium,harmonium,395.wav,Harmonium\Kaggle_Classification_Clips\Harmonium\395.wav,.wav,WAV,22050,1,PCM_16,,3.0,66150,132344,0.3855147361755371,0.92730712890625,0.00019652305366591082,True,True,False,False,Found in isolated instrument folder,False,
Harmonium,harmonium,396.wav,Harmonium\Kaggle_Classification_Clips\Harmonium\396.wav,.wav,WAV,22050,1,PCM_16,,3.0,66150,132344,0.3830817639827728,0.92510986328125,0.0002872260015117158,True,True,False,False,Found in isolated instrument folder,False,
Harmonium,harmonium,397.wav,Harmonium\Kaggle_Classification_Clips\Harmonium\397.wav,.wav,WAV,22050,1,PCM_16,,3.0,66150,132344,0.37844613194465637,0.927642822265625,0.0002418745275888133,True,True,False,False,Found in isolated instrument folder,False,
Harmonium,harmonium,398.wav,Harmonium\Kaggle_Classification_Clips\Harmonium\398.wav,.wav,WAV,22050,1,PCM_16,,3.0,66150,132344,0.43377283215522766,0.9251708984375,0.0002872260015117158,True,True,False,False,Found in isolated instrument folder,False,
Harmonium,harmonium,399.wav,Harmonium\Kaggle_Classification_Clips\Harmonium\399.wav,.wav,WAV,22050,1,PCM_16,,3.0,66150,132344,0.382157564163208,0.926361083984375,0.00019652305366591082,True,True,False,False,Found in isolated instrument folder,False,
Harmonium,harmonium,4.wav,Harmonium\Kaggle_Classification_Clips\Harmonium\4.wav,.wav,WAV,22050,1,PCM_16,,3.0,66150,132344,0.3778700828552246,0.92218017578125,0.00022675736961451248,True,True,False,False,Found in isolated instrument folder,False,
Harmonium,harmonium,40.wav,Harmonium\Kaggle_Classification_Clips\Harmonium\40.wav,.wav,WAV,22050,1,PCM_16,,3.0,66150,132344,0.37813714146614075,0.92230224609375,0.0003023431594860166,True,True,False,False,Found in isolated instrument folder,False,
Harmonium,harmonium,400.wav,Harmonium\Kaggle_Classification_Clips\Harmonium\400.wav,.wav,WAV,22050,1,PCM_16,,3.0,66150,132344,0.3806104063987732,0.91973876953125,0.00027210884353741496,True,True,False,False,Found in isolated instrument folder,False,
Harmonium,harmonium,401.wav,Harmonium\Kaggle_Classification_Clips\Harmonium\401.wav,.wav,WAV,22050,1,PCM_16,,3.0,66150,132344,0.38304901123046875,0.925689697265625,0.0001511715797430083,True,True,False,False,Found in isolated instrument folder,False,
Harmonium,harmonium,402.wav,Harmonium\Kaggle_Classification_Clips\Harmonium\402.wav,.wav,WAV,22050,1,PCM_16,,3.0,66150,132344,0.4287201762199402,0.92437744140625,0.00022675736961451248,True,True,False,False,Found in isolated instrument folder,False,
Harmonium,harmonium,403.wav,Harmonium\Kaggle_Classification_Clips\Harmonium\403.wav,.wav,WAV,22050,1,PCM_16,,3.0,66150,132344,0.3840000331401825,0.925537109375,0.0002569916855631141,True,True,False,False,Found in isolated instrument folder,False,
Harmonium,harmonium,404.wav,Harmonium\Kaggle_Classification_Clips\Harmonium\404.wav,.wav,WAV,22050,1,PCM_16,,3.0,66150,132344,0.3779323399066925,0.92303466796875,0.00021164021164021165,True,True,False,False,Found in isolated instrument folder,False,
Harmonium,harmonium,405.wav,Harmonium\Kaggle_Classification_Clips\Harmonium\405.wav,.wav,WAV,22050,1,PCM_16,,3.0,66150,132344,0.3816649913787842,0.92626953125,0.0002872260015117158,True,True,False,False,Found in isolated instrument folder,False,
Harmonium,harmonium,406.wav,Harmonium\Kaggle_Classification_Clips\Harmonium\406.wav,.wav,WAV,22050,1,PCM_16,,3.0,66150,132344,0.4273185431957245,0.9259033203125,0.00022675736961451248,True,True,False,False,Found in isolated instrument folder,False,
Harmonium,harmonium,407.wav,Harmonium\Kaggle_Classification_Clips\Harmonium\407.wav,.wav,WAV,22050,1,PCM_16,,3.0,66150,132344,0.38735854625701904,0.92523193359375,0.00018140589569160998,True,True,False,False,Found in isolated instrument folder,False,
Harmonium,harmonium,408.wav,Harmonium\Kaggle_Classification_Clips\Harmonium\408.wav,.wav,WAV,22050,1,PCM_16,,3.0,66150,132344,0.37813758850097656,0.920166015625,0.0002418745275888133,True,True,False,False,Found in isolated instrument folder,False,
Harmonium,harmonium,409.wav,Harmonium\Kaggle_Classification_Clips\Harmonium\409.wav,.wav,WAV,22050,1,PCM_16,,3.0,66150,132344,0.3770020604133606,0.92535400390625,0.00039304610733182163,True,True,False,False,Found in isolated instrument folder,False,
Harmonium,harmonium,41.wav,Harmonium\Kaggle_Classification_Clips\Harmonium\41.wav,.wav,WAV,22050,1,PCM_16,,3.0,66150,132344,0.3771776854991913,0.92620849609375,0.0002418745275888133,True,True,False,False,Found in isolated instrument folder,False,
Harmonium,harmonium,410.wav,Harmonium\Kaggle_Classification_Clips\Harmonium\410.wav,.wav,WAV,22050,1,PCM_16,,3.0,66150,132344,0.4296516478061676,0.931121826171875,0.00021164021164021165,True,True,False,False,Found in isolated instrument folder,False,
Harmonium,harmonium,411.wav,Harmonium\Kaggle_Classification_Clips\Harmonium\411.wav,.wav,WAV,22050,1,PCM_16,,3.0,66150,132344,0.3853500485420227,0.922210693359375,0.00022675736961451248,True,True,False,False,Found in isolated instrument folder,False,
Harmonium,harmonium,412.wav,Harmonium\Kaggle_Classification_Clips\Harmonium\412.wav,.wav,WAV,22050,1,PCM_16,,3.0,66150,132344,0.3831002116203308,0.92279052734375,0.0003325774754346183,True,True,False,False,Found in isolated instrument folder,False,
Harmonium,harmonium,413.wav,Harmonium\Kaggle_Classification_Clips\Harmonium\413.wav,.wav,WAV,22050,1,PCM_16,,3.0,66150,132344,0.37823233008384705,0.9300537109375,0.00031746031746031746,True,True,False,False,Found in isolated instrument folder,False,
Harmonium,harmonium,414.wav,Harmonium\Kaggle_Classification_Clips\Harmonium\414.wav,.wav,WAV,22050,1,PCM_16,,3.0,66150,132344,0.4336903989315033,0.92083740234375,0.0002569916855631141,True,True,False,False,Found in isolated instrument folder,False,
Harmonium,harmonium,415.wav,Harmonium\Kaggle_Classification_Clips\Harmonium\415.wav,.wav,WAV,22050,1,PCM_16,,3.0,66150,132344,0.3822508752346039,0.93011474609375,0.00021164021164021165,True,True,False,False,Found in isolated instrument folder,False,
Harmonium,harmonium,416.wav,Harmonium\Kaggle_Classification_Clips\Harmonium\416.wav,.wav,WAV,22050,1,PCM_16,,3.0,66150,132344,0.3804473876953125,0.9212646484375,0.0003325774754346183,True,True,False,False,Found in isolated instrument folder,False,
Harmonium,harmonium,417.wav,Harmonium\Kaggle_Classification_Clips\Harmonium\417.wav,.wav,WAV,22050,1,PCM_16,,3.0,66150,132344,0.38302454352378845,0.928466796875,0.0002418745275888133,True,True,False,False,Found in isolated instrument folder,False,
Harmonium,harmonium,418.wav,Harmonium\Kaggle_Classification_Clips\Harmonium\418.wav,.wav,WAV,22050,1,PCM_16,,3.0,66150,132344,0.42862430214881897,0.925994873046875,0.00031746031746031746,True,True,False,False,Found in isolated instrument folder,False,
Harmonium,harmonium,419.wav,Harmonium\Kaggle_Classification_Clips\Harmonium\419.wav,.wav,WAV,22050,1,PCM_16,,3.0,66150,132344,0.38401365280151367,0.925750732421875,0.0001511715797430083,True,True,False,False,Found in isolated instrument folder,False,
Harmonium,harmonium,42.wav,Harmonium\Kaggle_Classification_Clips\Harmonium\42.wav,.wav,WAV,22050,1,PCM_16,,3.0,66150,132344,0.42958107590675354,0.926605224609375,0.00016628873771730915,True,True,False,False,Found in isolated instrument folder,False,
Harmonium,harmonium,420.wav,Harmonium\Kaggle_Classification_Clips\Harmonium\420.wav,.wav,WAV,22050,1,PCM_16,,3.0,66150,132344,0.37788644433021545,0.923431396484375,0.00027210884353741496,True,True,False,False,Found in isolated instrument folder,False,
Harmonium,harmonium,421.wav,Harmonium\Kaggle_Classification_Clips\Harmonium\421.wav,.wav,WAV,22050,1,PCM_16,,3.0,66150,132344,0.38164639472961426,0.92559814453125,0.0002569916855631141,True,True,False,False,Found in isolated instrument folder,False,
Harmonium,harmonium,422.wav,Harmonium\Kaggle_Classification_Clips\Harmonium\422.wav,.wav,WAV,22050,1,PCM_16,,3.0,66150,132344,0.4273799955844879,0.931243896484375,0.00022675736961451248,True,True,False,False,Found in isolated instrument folder,False,
Harmonium,harmonium,423.wav,Harmonium\Kaggle_Classification_Clips\Harmonium\423.wav,.wav,WAV,22050,1,PCM_16,,3.0,66150,132344,0.3871917724609375,0.931396484375,0.00021164021164021165,True,True,False,False,Found in isolated instrument folder,False,
Harmonium,harmonium,424.wav,Harmonium\Kaggle_Classification_Clips\Harmonium\424.wav,.wav,WAV,22050,1,PCM_16,,3.0,66150,132344,0.37818610668182373,0.923553466796875,0.00027210884353741496,True,True,False,False,Found in isolated instrument folder,False,
Harmonium,harmonium,425.wav,Harmonium\Kaggle_Classification_Clips\Harmonium\425.wav,.wav,WAV,22050,1,PCM_16,,3.0,66150,132344,0.3771175444126129,0.928619384765625,0.0002569916855631141,True,True,False,False,Found in isolated instrument folder,False,
Harmonium,harmonium,426.wav,Harmonium\Kaggle_Classification_Clips\Harmonium\426.wav,.wav,WAV,22050,1,PCM_16,,3.0,66150,132344,0.4295796751976013,0.922576904296875,0.00016628873771730915,True,True,False,False,Found in isolated instrument folder,False,
Harmonium,harmonium,427.wav,Harmonium\Kaggle_Classification_Clips\Harmonium\427.wav,.wav,WAV,22050,1,PCM_16,,3.0,66150,132344,0.3854002058506012,0.923919677734375,0.00031746031746031746,True,True,False,False,Found in isolated instrument folder,False,
Harmonium,harmonium,428.wav,Harmonium\Kaggle_Classification_Clips\Harmonium\428.wav,.wav,WAV,22050,1,PCM_16,,3.0,66150,132344,0.38307252526283264,0.922088623046875,0.00012093726379440664,True,True,False,False,Found in isolated instrument folder,False,
Harmonium,harmonium,429.wav,Harmonium\Kaggle_Classification_Clips\Harmonium\429.wav,.wav,WAV,22050,1,PCM_16,,3.0,66150,132344,0.37821879982948303,0.924468994140625,0.0002569916855631141,True,True,False,False,Found in isolated instrument folder,False,
Harmonium,harmonium,43.wav,Harmonium\Kaggle_Classification_Clips\Harmonium\43.wav,.wav,WAV,22050,1,PCM_16,,3.0,66150,132344,0.385428786277771,0.925018310546875,0.00019652305366591082,True,True,False,False,Found in isolated instrument folder,False,
Harmonium,harmonium,430.wav,Harmonium\Kaggle_Classification_Clips\Harmonium\430.wav,.wav,WAV,22050,1,PCM_16,,3.0,66150,132344,0.433749258518219,0.92529296875,0.0001511715797430083,True,True,False,False,Found in isolated instrument folder,False,
Harmonium,harmonium,431.wav,Harmonium\Kaggle_Classification_Clips\Harmonium\431.wav,.wav,WAV,22050,1,PCM_16,,3.0,66150,132344,0.38219600915908813,0.921844482421875,0.00021164021164021165,True,True,False,False,Found in isolated instrument folder,False,
Harmonium,harmonium,432.wav,Harmonium\Kaggle_Classification_Clips\Harmonium\432.wav,.wav,WAV,22050,1,PCM_16,,3.0,66150,132344,0.38064002990722656,0.92864990234375,0.0003023431594860166,True,True,False,False,Found in isolated instrument folder,False,
Harmonium,harmonium,433.wav,Harmonium\Kaggle_Classification_Clips\Harmonium\433.wav,.wav,WAV,22050,1,PCM_16,,3.0,66150,132344,0.383105993270874,0.93878173828125,0.0002418745275888133,True,True,False,False,Found in isolated instrument folder,False,
Harmonium,harmonium,434.wav,Harmonium\Kaggle_Classification_Clips\Harmonium\434.wav,.wav,WAV,22050,1,PCM_16,,3.0,66150,132344,0.42841047048568726,0.92559814453125,0.00031746031746031746,True,True,False,False,Found in isolated instrument folder,False,
Harmonium,harmonium,435.wav,Harmonium\Kaggle_Classification_Clips\Harmonium\435.wav,.wav,WAV,22050,1,PCM_16,,3.0,66150,132344,0.38394421339035034,0.920379638671875,0.00034769463340891913,True,True,False,False,Found in isolated instrument folder,False,
Harmonium,harmonium,436.wav,Harmonium\Kaggle_Classification_Clips\Harmonium\436.wav,.wav,WAV,22050,1,PCM_16,,3.0,66150,132344,0.3778607249259949,0.92010498046875,0.0003023431594860166,True,True,False,False,Found in isolated instrument folder,False,
Harmonium,harmonium,437.wav,Harmonium\Kaggle_Classification_Clips\Harmonium\437.wav,.wav,WAV,22050,1,PCM_16,,3.0,66150,132344,0.18804015219211578,0.920806884765625,0.0006651549508692366,True,True,False,False,Found in isolated instrument folder,False,
Harmonium,harmonium,438.wav,Harmonium\Kaggle_Classification_Clips\Harmonium\438.wav,.wav,WAV,22050,1,PCM_16,,3.0,66150,132344,0.10865415632724762,0.289398193359375,0.0006046863189720333,True,True,False,False,Found in isolated instrument folder,False,
Harmonium,harmonium,439.wav,Harmonium\Kaggle_Classification_Clips\Harmonium\439.wav,.wav,WAV,22050,1,PCM_16,,3.0,66150,132344,0.10462905466556549,0.301849365234375,0.000710506424792139,True,True,False,False,Found in isolated instrument folder,False,
Harmonium,harmonium,44.wav,Harmonium\Kaggle_Classification_Clips\Harmonium\44.wav,.wav,WAV,22050,1,PCM_16,,3.0,66150,132344,0.3830896317958832,0.928955078125,0.0002872260015117158,True,True,False,False,Found in isolated instrument folder,False,
Harmonium,harmonium,440.wav,Harmonium\Kaggle_Classification_Clips\Harmonium\440.wav,.wav,WAV,22050,1,PCM_16,,3.0,66150,132344,0.1004299446940422,0.3004150390625,0.0008465608465608466,True,True,False,False,Found in isolated instrument folder,False,
Harmonium,harmonium,441.wav,Harmonium\Kaggle_Classification_Clips\Harmonium\441.wav,.wav,WAV,22050,1,PCM_16,,3.0,66150,132344,0.1073933020234108,0.29931640625,0.0009523809523809524,True,True,False,False,Found in isolated instrument folder,False,
Harmonium,harmonium,442.wav,Harmonium\Kaggle_Classification_Clips\Harmonium\442.wav,.wav,WAV,22050,1,PCM_16,,3.0,66150,132344,0.10455695539712906,0.302276611328125,0.0010128495842781557,True,True,False,False,Found in isolated instrument folder,False,
Harmonium,harmonium,443.wav,Harmonium\Kaggle_Classification_Clips\Harmonium\443.wav,.wav,WAV,22050,1,PCM_16,,3.0,66150,132344,0.10114026069641113,0.289154052734375,0.0007860922146636433,True,True,False,False,Found in isolated instrument folder,False,
Harmonium,harmonium,444.wav,Harmonium\Kaggle_Classification_Clips\Harmonium\444.wav,.wav,WAV,22050,1,PCM_16,,3.0,66150,132344,0.06542991101741791,0.27996826171875,0.0025850340136054422,True,True,False,False,Found in isolated instrument folder,False,
Harmonium,harmonium,445.wav,Harmonium\Kaggle_Classification_Clips\Harmonium\445.wav,.wav,WAV,22050,1,PCM_16,,3.0,66150,132344,0.021551912650465965,0.15216064453125,0.5303854875283447,True,True,False,False,Found in isolated instrument folder,False,
Harmonium,harmonium,446.wav,Harmonium\Kaggle_Classification_Clips\Harmonium\446.wav,.wav,WAV,22050,1,PCM_16,,3.0,66150,132344,0.12552575767040253,0.390838623046875,0.0006651549508692366,True,True,False,False,Found in isolated instrument folder,False,
Harmonium,harmonium,447.wav,Harmonium\Kaggle_Classification_Clips\Harmonium\447.wav,.wav,WAV,22050,1,PCM_16,,3.0,66150,132344,0.2727607488632202,0.92535400390625,0.0006651549508692366,True,True,False,False,Found in isolated instrument folder,False,
Harmonium,harmonium,448.wav,Harmonium\Kaggle_Classification_Clips\Harmonium\448.wav,.wav,WAV,22050,1,PCM_16,,3.0,66150,132344,0.4408510625362396,0.929901123046875,0.00012093726379440664,True,True,False,False,Found in isolated instrument folder,False,
Harmonium,harmonium,449.wav,Harmonium\Kaggle_Classification_Clips\Harmonium\449.wav,.wav,WAV,22050,1,PCM_16,,3.0,66150,132344,0.3931971788406372,0.924072265625,0.00022675736961451248,True,True,False,False,Found in isolated instrument folder,False,
Harmonium,harmonium,45.wav,Harmonium\Kaggle_Classification_Clips\Harmonium\45.wav,.wav,WAV,22050,1,PCM_16,,3.0,66150,132344,0.3782731592655182,0.92279052734375,0.0002418745275888133,True,True,False,False,Found in isolated instrument folder,False,
Harmonium,harmonium,450.wav,Harmonium\Kaggle_Classification_Clips\Harmonium\450.wav,.wav,WAV,22050,1,PCM_16,,3.0,66150,132344,0.41317620873451233,0.927947998046875,0.00021164021164021165,True,True,False,False,Found in isolated instrument folder,False,
Harmonium,harmonium,451.wav,Harmonium\Kaggle_Classification_Clips\Harmonium\451.wav,.wav,WAV,22050,1,PCM_16,,3.0,66150,132344,0.3803901970386505,0.92767333984375,0.0002569916855631141,True,True,False,False,Found in isolated instrument folder,False,
Harmonium,harmonium,452.wav,Harmonium\Kaggle_Classification_Clips\Harmonium\452.wav,.wav,WAV,22050,1,PCM_16,,3.0,66150,132344,0.42296236753463745,0.927886962890625,0.00012093726379440664,True,True,False,False,Found in isolated instrument folder,False,
Harmonium,harmonium,453.wav,Harmonium\Kaggle_Classification_Clips\Harmonium\453.wav,.wav,WAV,22050,1,PCM_16,,3.0,66150,132344,0.4608496129512787,0.938140869140625,7.558578987150416e-05,True,True,False,False,Found in isolated instrument folder,False,
Harmonium,harmonium,454.wav,Harmonium\Kaggle_Classification_Clips\Harmonium\454.wav,.wav,WAV,22050,1,PCM_16,,3.0,66150,132344,0.4406202733516693,0.935455322265625,0.00016628873771730915,True,True,False,False,Found in isolated instrument folder,False,
Harmonium,harmonium,455.wav,Harmonium\Kaggle_Classification_Clips\Harmonium\455.wav,.wav,WAV,22050,1,PCM_16,,3.0,66150,132344,0.37071552872657776,0.9281005859375,0.00027210884353741496,True,True,False,False,Found in isolated instrument folder,False,
Harmonium,harmonium,456.wav,Harmonium\Kaggle_Classification_Clips\Harmonium\456.wav,.wav,WAV,22050,1,PCM_16,,3.0,66150,132344,0.4375462234020233,0.9287109375,0.00018140589569160998,True,True,False,False,Found in isolated instrument folder,False,
Harmonium,harmonium,457.wav,Harmonium\Kaggle_Classification_Clips\Harmonium\457.wav,.wav,WAV,22050,1,PCM_16,,3.0,66150,132344,0.40148651599884033,0.931610107421875,0.00010582010582010582,True,True,False,False,Found in isolated instrument folder,False,
Harmonium,harmonium,458.wav,Harmonium\Kaggle_Classification_Clips\Harmonium\458.wav,.wav,WAV,22050,1,PCM_16,,3.0,66150,132344,0.42141807079315186,0.928863525390625,0.0001511715797430083,True,True,False,False,Found in isolated instrument folder,False,
Harmonium,harmonium,459.wav,Harmonium\Kaggle_Classification_Clips\Harmonium\459.wav,.wav,WAV,22050,1,PCM_16,,3.0,66150,132344,0.38447305560112,0.92578125,9.070294784580499e-05,True,True,False,False,Found in isolated instrument folder,False,
Harmonium,harmonium,46.wav,Harmonium\Kaggle_Classification_Clips\Harmonium\46.wav,.wav,WAV,22050,1,PCM_16,,3.0,66150,132344,0.43370917439460754,0.924530029296875,0.0002569916855631141,True,True,False,False,Found in isolated instrument folder,False,
Harmonium,harmonium,460.wav,Harmonium\Kaggle_Classification_Clips\Harmonium\460.wav,.wav,WAV,22050,1,PCM_16,,3.0,66150,132344,0.426708847284317,0.9307861328125,0.0001511715797430083,True,True,False,False,Found in isolated instrument folder,False,
Harmonium,harmonium,461.wav,Harmonium\Kaggle_Classification_Clips\Harmonium\461.wav,.wav,WAV,22050,1,PCM_16,,3.0,66150,132344,0.468049556016922,0.924102783203125,3.023431594860166e-05,True,True,False,False,Found in isolated instrument folder,False,
Harmonium,harmonium,462.wav,Harmonium\Kaggle_Classification_Clips\Harmonium\462.wav,.wav,WAV,22050,1,PCM_16,,3.0,66150,132344,0.43702012300491333,0.93267822265625,0.0002418745275888133,True,True,False,False,Found in isolated instrument folder,False,
Harmonium,harmonium,463.wav,Harmonium\Kaggle_Classification_Clips\Harmonium\463.wav,.wav,WAV,22050,1,PCM_16,,3.0,66150,132344,0.3717721998691559,0.92584228515625,0.0002418745275888133,True,True,False,False,Found in isolated instrument folder,False,
Harmonium,harmonium,464.wav,Harmonium\Kaggle_Classification_Clips\Harmonium\464.wav,.wav,WAV,22050,1,PCM_16,,3.0,66150,132344,0.4548910856246948,0.926300048828125,0.00016628873771730915,True,True,False,False,Found in isolated instrument folder,False,
Harmonium,harmonium,465.wav,Harmonium\Kaggle_Classification_Clips\Harmonium\465.wav,.wav,WAV,22050,1,PCM_16,,3.0,66150,132344,0.39543601870536804,0.91937255859375,0.0004686318972033258,True,True,False,False,Found in isolated instrument folder,False,
Harmonium,harmonium,466.wav,Harmonium\Kaggle_Classification_Clips\Harmonium\466.wav,.wav,WAV,22050,1,PCM_16,,3.0,66150,132344,0.42111313343048096,0.92633056640625,9.070294784580499e-05,True,True,False,False,Found in isolated instrument folder,False,
Harmonium,harmonium,467.wav,Harmonium\Kaggle_Classification_Clips\Harmonium\467.wav,.wav,WAV,22050,1,PCM_16,,3.0,66150,132344,0.3832065165042877,0.92010498046875,0.00013605442176870748,True,True,False,False,Found in isolated instrument folder,False,
Harmonium,harmonium,468.wav,Harmonium\Kaggle_Classification_Clips\Harmonium\468.wav,.wav,WAV,22050,1,PCM_16,,3.0,66150,132344,0.4208921790122986,0.929473876953125,0.0001511715797430083,True,True,False,False,Found in isolated instrument folder,False,
Harmonium,harmonium,469.wav,Harmonium\Kaggle_Classification_Clips\Harmonium\469.wav,.wav,WAV,22050,1,PCM_16,,3.0,66150,132344,0.46425116062164307,0.93267822265625,6.046863189720332e-05,True,True,False,False,Found in isolated instrument folder,False,
Harmonium,harmonium,47.wav,Harmonium\Kaggle_Classification_Clips\Harmonium\47.wav,.wav,WAV,22050,1,PCM_16,,3.0,66150,132344,0.3821919858455658,0.929107666015625,0.00018140589569160998,True,True,False,False,Found in isolated instrument folder,False,
Harmonium,harmonium,470.wav,Harmonium\Kaggle_Classification_Clips\Harmonium\470.wav,.wav,WAV,22050,1,PCM_16,,3.0,66150,132344,0.4378763735294342,0.928466796875,0.00027210884353741496,True,True,False,False,Found in isolated instrument folder,False,
Harmonium,harmonium,471.wav,Harmonium\Kaggle_Classification_Clips\Harmonium\471.wav,.wav,WAV,22050,1,PCM_16,,3.0,66150,132344,0.3715067207813263,0.926910400390625,0.0002872260015117158,True,True,False,False,Found in isolated instrument folder,False,
Harmonium,harmonium,472.wav,Harmonium\Kaggle_Classification_Clips\Harmonium\472.wav,.wav,WAV,22050,1,PCM_16,,3.0,66150,132344,0.443101167678833,0.933135986328125,0.00021164021164021165,True,True,False,False,Found in isolated instrument folder,False,
Harmonium,harmonium,473.wav,Harmonium\Kaggle_Classification_Clips\Harmonium\473.wav,.wav,WAV,22050,1,PCM_16,,3.0,66150,132344,0.39708638191223145,0.9285888671875,0.00021164021164021165,True,True,False,False,Found in isolated instrument folder,False,
Harmonium,harmonium,474.wav,Harmonium\Kaggle_Classification_Clips\Harmonium\474.wav,.wav,WAV,22050,1,PCM_16,,3.0,66150,132344,0.41890373826026917,0.927581787109375,0.00013605442176870748,True,True,False,False,Found in isolated instrument folder,False,
Harmonium,harmonium,475.wav,Harmonium\Kaggle_Classification_Clips\Harmonium\475.wav,.wav,WAV,22050,1,PCM_16,,3.0,66150,132344,0.3782598078250885,0.924407958984375,0.0001511715797430083,True,True,False,False,Found in isolated instrument folder,False,
Harmonium,harmonium,476.wav,Harmonium\Kaggle_Classification_Clips\Harmonium\476.wav,.wav,WAV,22050,1,PCM_16,,3.0,66150,132344,0.42293477058410645,0.92584228515625,0.00010582010582010582,True,True,False,False,Found in isolated instrument folder,False,
Harmonium,harmonium,477.wav,Harmonium\Kaggle_Classification_Clips\Harmonium\477.wav,.wav,WAV,22050,1,PCM_16,,3.0,66150,132344,0.4656432271003723,0.9249267578125,0.00010582010582010582,True,True,False,False,Found in isolated instrument folder,False,
Harmonium,harmonium,478.wav,Harmonium\Kaggle_Classification_Clips\Harmonium\478.wav,.wav,WAV,22050,1,PCM_16,,3.0,66150,132344,0.43661627173423767,0.92864990234375,0.0002418745275888133,True,True,False,False,Found in isolated instrument folder,False,
Harmonium,harmonium,479.wav,Harmonium\Kaggle_Classification_Clips\Harmonium\479.wav,.wav,WAV,22050,1,PCM_16,,3.0,66150,132344,0.3736572265625,0.93133544921875,0.0002569916855631141,True,True,False,False,Found in isolated instrument folder,False,
Harmonium,harmonium,48.wav,Harmonium\Kaggle_Classification_Clips\Harmonium\48.wav,.wav,WAV,22050,1,PCM_16,,3.0,66150,132344,0.3804619014263153,0.926300048828125,0.00022675736961451248,True,True,False,False,Found in isolated instrument folder,False,
Harmonium,harmonium,480.wav,Harmonium\Kaggle_Classification_Clips\Harmonium\480.wav,.wav,WAV,22050,1,PCM_16,,3.0,66150,132344,0.4426668584346771,0.923583984375,0.00018140589569160998,True,True,False,False,Found in isolated instrument folder,False,
Harmonium,harmonium,481.wav,Harmonium\Kaggle_Classification_Clips\Harmonium\481.wav,.wav,WAV,22050,1,PCM_16,,3.0,66150,132344,0.3950023353099823,0.92169189453125,0.00022675736961451248,True,True,False,False,Found in isolated instrument folder,False,
Harmonium,harmonium,482.wav,Harmonium\Kaggle_Classification_Clips\Harmonium\482.wav,.wav,WAV,22050,1,PCM_16,,3.0,66150,132344,0.42198631167411804,0.926483154296875,0.00016628873771730915,True,True,False,False,Found in isolated instrument folder,False,
Harmonium,harmonium,483.wav,Harmonium\Kaggle_Classification_Clips\Harmonium\483.wav,.wav,WAV,22050,1,PCM_16,,3.0,66150,132344,0.383863240480423,0.93585205078125,0.00010582010582010582,True,True,False,False,Found in isolated instrument folder,False,
Harmonium,harmonium,484.wav,Harmonium\Kaggle_Classification_Clips\Harmonium\484.wav,.wav,WAV,22050,1,PCM_16,,3.0,66150,132344,0.43050989508628845,0.927093505859375,9.070294784580499e-05,True,True,False,False,Found in isolated instrument folder,False,
Harmonium,harmonium,485.wav,Harmonium\Kaggle_Classification_Clips\Harmonium\485.wav,.wav,WAV,22050,1,PCM_16,,3.0,66150,132344,0.48751598596572876,0.922210693359375,0.00012093726379440664,True,True,False,False,Found in isolated instrument folder,False,
Harmonium,harmonium,486.wav,Harmonium\Kaggle_Classification_Clips\Harmonium\486.wav,.wav,WAV,22050,1,PCM_16,,3.0,66150,132344,0.45542603731155396,0.926788330078125,0.00016628873771730915,True,True,False,False,Found in isolated instrument folder,False,
Harmonium,harmonium,487.wav,Harmonium\Kaggle_Classification_Clips\Harmonium\487.wav,.wav,WAV,22050,1,PCM_16,,3.0,66150,132344,0.37622472643852234,0.934417724609375,0.00039304610733182163,True,True,False,False,Found in isolated instrument folder,False,
Harmonium,harmonium,488.wav,Harmonium\Kaggle_Classification_Clips\Harmonium\488.wav,.wav,WAV,22050,1,PCM_16,,3.0,66150,132344,0.4427381157875061,0.929290771484375,0.00013605442176870748,True,True,False,False,Found in isolated instrument folder,False,
Harmonium,harmonium,489.wav,Harmonium\Kaggle_Classification_Clips\Harmonium\489.wav,.wav,WAV,22050,1,PCM_16,,3.0,66150,132344,0.3941498398780823,0.928375244140625,9.070294784580499e-05,True,True,False,False,Found in isolated instrument folder,False,
Harmonium,harmonium,49.wav,Harmonium\Kaggle_Classification_Clips\Harmonium\49.wav,.wav,WAV,22050,1,PCM_16,,3.0,66150,132344,0.3830917477607727,0.925506591796875,0.0003325774754346183,True,True,False,False,Found in isolated instrument folder,False,
Harmonium,harmonium,490.wav,Harmonium\Kaggle_Classification_Clips\Harmonium\490.wav,.wav,WAV,22050,1,PCM_16,,3.0,66150,132344,0.41420120000839233,0.92376708984375,0.00013605442176870748,True,True,False,False,Found in isolated instrument folder,False,
Harmonium,harmonium,491.wav,Harmonium\Kaggle_Classification_Clips\Harmonium\491.wav,.wav,WAV,22050,1,PCM_16,,3.0,66150,132344,0.38211846351623535,0.926605224609375,0.00012093726379440664,True,True,False,False,Found in isolated instrument folder,False,
Harmonium,harmonium,492.wav,Harmonium\Kaggle_Classification_Clips\Harmonium\492.wav,.wav,WAV,22050,1,PCM_16,,3.0,66150,132344,0.42407622933387756,0.925994873046875,0.00019652305366591082,True,True,False,False,Found in isolated instrument folder,False,
Harmonium,harmonium,493.wav,Harmonium\Kaggle_Classification_Clips\Harmonium\493.wav,.wav,WAV,22050,1,PCM_16,,3.0,66150,132344,0.465567946434021,0.93341064453125,0.00013605442176870748,True,True,False,False,Found in isolated instrument folder,False,
Harmonium,harmonium,494.wav,Harmonium\Kaggle_Classification_Clips\Harmonium\494.wav,.wav,WAV,22050,1,PCM_16,,3.0,66150,132344,0.4404720067977905,0.922943115234375,0.0002418745275888133,True,True,False,False,Found in isolated instrument folder,False,
Harmonium,harmonium,495.wav,Harmonium\Kaggle_Classification_Clips\Harmonium\495.wav,.wav,WAV,22050,1,PCM_16,,3.0,66150,132344,0.36543789505958557,0.945159912109375,0.0002569916855631141,True,True,False,False,Found in isolated instrument folder,False,
Harmonium,harmonium,496.wav,Harmonium\Kaggle_Classification_Clips\Harmonium\496.wav,.wav,WAV,22050,1,PCM_16,,3.0,66150,132344,0.4436647891998291,0.921234130859375,0.00021164021164021165,True,True,False,False,Found in isolated instrument folder,False,
Harmonium,harmonium,497.wav,Harmonium\Kaggle_Classification_Clips\Harmonium\497.wav,.wav,WAV,22050,1,PCM_16,,3.0,66150,132344,0.40264660120010376,0.933929443359375,0.00022675736961451248,True,True,False,False,Found in isolated instrument folder,False,
Harmonium,harmonium,498.wav,Harmonium\Kaggle_Classification_Clips\Harmonium\498.wav,.wav,WAV,22050,1,PCM_16,,3.0,66150,132344,0.41889169812202454,0.926361083984375,0.0002418745275888133,True,True,False,False,Found in isolated instrument folder,False,
Harmonium,harmonium,499.wav,Harmonium\Kaggle_Classification_Clips\Harmonium\499.wav,.wav,WAV,22050,1,PCM_16,,3.0,66150,132344,0.37911176681518555,0.923553466796875,0.00013605442176870748,True,True,False,False,Found in isolated instrument folder,False,
Harmonium,harmonium,5.wav,Harmonium\Kaggle_Classification_Clips\Harmonium\5.wav,.wav,WAV,22050,1,PCM_16,,3.0,66150,132344,0.38155633211135864,0.92266845703125,0.00027210884353741496,True,True,False,False,Found in isolated instrument folder,False,
Harmonium,harmonium,50.wav,Harmonium\Kaggle_Classification_Clips\Harmonium\50.wav,.wav,WAV,22050,1,PCM_16,,3.0,66150,132344,0.42859965562820435,0.925323486328125,0.00027210884353741496,True,True,False,False,Found in isolated instrument folder,False,
Harmonium,harmonium,500.wav,Harmonium\Kaggle_Classification_Clips\Harmonium\500.wav,.wav,WAV,22050,1,PCM_16,,3.0,66150,132344,0.42874541878700256,0.9288330078125,9.070294784580499e-05,True,True,False,False,Found in isolated instrument folder,False,
Harmonium,harmonium,501.wav,Harmonium\Kaggle_Classification_Clips\Harmonium\501.wav,.wav,WAV,22050,1,PCM_16,,3.0,66150,132344,0.46034327149391174,0.92413330078125,0.0001511715797430083,True,True,False,False,Found in isolated instrument folder,False,
Harmonium,harmonium,502.wav,Harmonium\Kaggle_Classification_Clips\Harmonium\502.wav,.wav,WAV,22050,1,PCM_16,,3.0,66150,132344,0.44163575768470764,0.932861328125,0.00021164021164021165,True,True,False,False,Found in isolated instrument folder,False,
Harmonium,harmonium,503.wav,Harmonium\Kaggle_Classification_Clips\Harmonium\503.wav,.wav,WAV,22050,1,PCM_16,,3.0,66150,132344,0.37320661544799805,0.92889404296875,0.0001511715797430083,True,True,False,False,Found in isolated instrument folder,False,
Harmonium,harmonium,504.wav,Harmonium\Kaggle_Classification_Clips\Harmonium\504.wav,.wav,WAV,22050,1,PCM_16,,3.0,66150,132344,0.44423454999923706,0.9246826171875,0.0001511715797430083,True,True,False,False,Found in isolated instrument folder,False,
Harmonium,harmonium,505.wav,Harmonium\Kaggle_Classification_Clips\Harmonium\505.wav,.wav,WAV,22050,1,PCM_16,,3.0,66150,132344,0.3956749141216278,0.922271728515625,0.0003023431594860166,True,True,False,False,Found in isolated instrument folder,False,
Harmonium,harmonium,506.wav,Harmonium\Kaggle_Classification_Clips\Harmonium\506.wav,.wav,WAV,22050,1,PCM_16,,3.0,66150,132344,0.4266502261161804,0.921173095703125,0.0002569916855631141,True,True,False,False,Found in isolated instrument folder,False,
Harmonium,harmonium,507.wav,Harmonium\Kaggle_Classification_Clips\Harmonium\507.wav,.wav,WAV,22050,1,PCM_16,,3.0,66150,132344,0.37730228900909424,0.917816162109375,0.0001511715797430083,True,True,False,False,Found in isolated instrument folder,False,
Harmonium,harmonium,508.wav,Harmonium\Kaggle_Classification_Clips\Harmonium\508.wav,.wav,WAV,22050,1,PCM_16,,3.0,66150,132344,0.4296545088291168,0.9295654296875,0.0001511715797430083,True,True,False,False,Found in isolated instrument folder,False,
Harmonium,harmonium,509.wav,Harmonium\Kaggle_Classification_Clips\Harmonium\509.wav,.wav,WAV,22050,1,PCM_16,,3.0,66150,132344,0.46502554416656494,0.9251708984375,7.558578987150416e-05,True,True,False,False,Found in isolated instrument folder,False,
Harmonium,harmonium,51.wav,Harmonium\Kaggle_Classification_Clips\Harmonium\51.wav,.wav,WAV,22050,1,PCM_16,,3.0,66150,132344,0.38407251238822937,0.924774169921875,0.00021164021164021165,True,True,False,False,Found in isolated instrument folder,False,
Harmonium,harmonium,510.wav,Harmonium\Kaggle_Classification_Clips\Harmonium\510.wav,.wav,WAV,22050,1,PCM_16,,3.0,66150,132344,0.4410237669944763,0.92864990234375,0.00022675736961451248,True,True,False,False,Found in isolated instrument folder,False,
Harmonium,harmonium,511.wav,Harmonium\Kaggle_Classification_Clips\Harmonium\511.wav,.wav,WAV,22050,1,PCM_16,,3.0,66150,132344,0.3691777288913727,0.930084228515625,0.00018140589569160998,True,True,False,False,Found in isolated instrument folder,False,
Harmonium,harmonium,512.wav,Harmonium\Kaggle_Classification_Clips\Harmonium\512.wav,.wav,WAV,22050,1,PCM_16,,3.0,66150,132344,0.4424476623535156,0.926300048828125,0.00010582010582010582,True,True,False,False,Found in isolated instrument folder,False,
Harmonium,harmonium,513.wav,Harmonium\Kaggle_Classification_Clips\Harmonium\513.wav,.wav,WAV,22050,1,PCM_16,,3.0,66150,132344,0.39920371770858765,0.92718505859375,0.00021164021164021165,True,True,False,False,Found in isolated instrument folder,False,
Harmonium,harmonium,514.wav,Harmonium\Kaggle_Classification_Clips\Harmonium\514.wav,.wav,WAV,22050,1,PCM_16,,3.0,66150,132344,0.4136866629123688,0.9283447265625,0.0002418745275888133,True,True,False,False,Found in isolated instrument folder,False,
Harmonium,harmonium,515.wav,Harmonium\Kaggle_Classification_Clips\Harmonium\515.wav,.wav,WAV,22050,1,PCM_16,,3.0,66150,132344,0.3827801048755646,0.92889404296875,0.00013605442176870748,True,True,False,False,Found in isolated instrument folder,False,
Harmonium,harmonium,516.wav,Harmonium\Kaggle_Classification_Clips\Harmonium\516.wav,.wav,WAV,22050,1,PCM_16,,3.0,66150,132344,0.42339441180229187,0.928497314453125,0.0001511715797430083,True,True,False,False,Found in isolated instrument folder,False,
Harmonium,harmonium,517.wav,Harmonium\Kaggle_Classification_Clips\Harmonium\517.wav,.wav,WAV,22050,1,PCM_16,,3.0,66150,132344,0.4655117094516754,0.9251708984375,0.00012093726379440664,True,True,False,False,Found in isolated instrument folder,False,
Harmonium,harmonium,518.wav,Harmonium\Kaggle_Classification_Clips\Harmonium\518.wav,.wav,WAV,22050,1,PCM_16,,3.0,66150,132344,0.4416951835155487,0.929229736328125,0.0001511715797430083,True,True,False,False,Found in isolated instrument folder,False,
Harmonium,harmonium,519.wav,Harmonium\Kaggle_Classification_Clips\Harmonium\519.wav,.wav,WAV,22050,1,PCM_16,,3.0,66150,132344,0.3720971941947937,0.928253173828125,0.0002418745275888133,True,True,False,False,Found in isolated instrument folder,False,
Harmonium,harmonium,52.wav,Harmonium\Kaggle_Classification_Clips\Harmonium\52.wav,.wav,WAV,22050,1,PCM_16,,3.0,66150,132344,0.3778584897518158,0.923492431640625,0.0002418745275888133,True,True,False,False,Found in isolated instrument folder,False,
Harmonium,harmonium,520.wav,Harmonium\Kaggle_Classification_Clips\Harmonium\520.wav,.wav,WAV,22050,1,PCM_16,,3.0,66150,132344,0.44194820523262024,0.922943115234375,0.00012093726379440664,True,True,False,False,Found in isolated instrument folder,False,
Harmonium,harmonium,521.wav,Harmonium\Kaggle_Classification_Clips\Harmonium\521.wav,.wav,WAV,22050,1,PCM_16,,3.0,66150,132344,0.39650073647499084,0.92889404296875,0.00018140589569160998,True,True,False,False,Found in isolated instrument folder,False,
Harmonium,harmonium,522.wav,Harmonium\Kaggle_Classification_Clips\Harmonium\522.wav,.wav,WAV,22050,1,PCM_16,,3.0,66150,132344,0.4161190390586853,0.925933837890625,0.00019652305366591082,True,True,False,False,Found in isolated instrument folder,False,
Harmonium,harmonium,523.wav,Harmonium\Kaggle_Classification_Clips\Harmonium\523.wav,.wav,WAV,22050,1,PCM_16,,3.0,66150,132344,0.379168301820755,0.9361572265625,0.00018140589569160998,True,True,False,False,Found in isolated instrument folder,False,
Harmonium,harmonium,524.wav,Harmonium\Kaggle_Classification_Clips\Harmonium\524.wav,.wav,WAV,22050,1,PCM_16,,3.0,66150,132344,0.4245985150337219,0.936676025390625,0.00019652305366591082,True,True,False,False,Found in isolated instrument folder,False,
Harmonium,harmonium,525.wav,Harmonium\Kaggle_Classification_Clips\Harmonium\525.wav,.wav,WAV,22050,1,PCM_16,,3.0,66150,132344,0.4848196804523468,0.924102783203125,0.00012093726379440664,True,True,False,False,Found in isolated instrument folder,False,
Harmonium,harmonium,526.wav,Harmonium\Kaggle_Classification_Clips\Harmonium\526.wav,.wav,WAV,22050,1,PCM_16,,3.0,66150,132344,0.4604949653148651,0.924957275390625,0.00027210884353741496,True,True,False,False,Found in isolated instrument folder,False,
Harmonium,harmonium,527.wav,Harmonium\Kaggle_Classification_Clips\Harmonium\527.wav,.wav,WAV,22050,1,PCM_16,,3.0,66150,132344,0.3681229054927826,0.9295654296875,0.0002872260015117158,True,True,False,False,Found in isolated instrument folder,False,
Harmonium,harmonium,528.wav,Harmonium\Kaggle_Classification_Clips\Harmonium\528.wav,.wav,WAV,22050,1,PCM_16,,3.0,66150,132344,0.4480646550655365,0.926483154296875,0.00013605442176870748,True,True,False,False,Found in isolated instrument folder,False,
Harmonium,harmonium,529.wav,Harmonium\Kaggle_Classification_Clips\Harmonium\529.wav,.wav,WAV,22050,1,PCM_16,,3.0,66150,132344,0.39872345328330994,0.936614990234375,0.00022675736961451248,True,True,False,False,Found in isolated instrument folder,False,
Harmonium,harmonium,53.wav,Harmonium\Kaggle_Classification_Clips\Harmonium\53.wav,.wav,WAV,22050,1,PCM_16,,3.0,66150,132344,0.3816341161727905,0.92718505859375,0.0002872260015117158,True,True,False,False,Found in isolated instrument folder,False,
Harmonium,harmonium,530.wav,Harmonium\Kaggle_Classification_Clips\Harmonium\530.wav,.wav,WAV,22050,1,PCM_16,,3.0,66150,132344,0.4179074168205261,0.925628662109375,0.00010582010582010582,True,True,False,False,Found in isolated instrument folder,False,
Harmonium,harmonium,531.wav,Harmonium\Kaggle_Classification_Clips\Harmonium\531.wav,.wav,WAV,22050,1,PCM_16,,3.0,66150,132344,0.37978458404541016,0.9244384765625,0.00013605442176870748,True,True,False,False,Found in isolated instrument folder,False,
Harmonium,harmonium,532.wav,Harmonium\Kaggle_Classification_Clips\Harmonium\532.wav,.wav,WAV,22050,1,PCM_16,,3.0,66150,132344,0.4243617653846741,0.929718017578125,0.00019652305366591082,True,True,False,False,Found in isolated instrument folder,False,
Harmonium,harmonium,533.wav,Harmonium\Kaggle_Classification_Clips\Harmonium\533.wav,.wav,WAV,22050,1,PCM_16,,3.0,66150,132344,0.46518802642822266,0.92852783203125,0.0001511715797430083,True,True,False,False,Found in isolated instrument folder,False,
Harmonium,harmonium,534.wav,Harmonium\Kaggle_Classification_Clips\Harmonium\534.wav,.wav,WAV,22050,1,PCM_16,,3.0,66150,132344,0.43740907311439514,0.926849365234375,0.00012093726379440664,True,True,False,False,Found in isolated instrument folder,False,
Harmonium,harmonium,535.wav,Harmonium\Kaggle_Classification_Clips\Harmonium\535.wav,.wav,WAV,22050,1,PCM_16,,3.0,66150,132344,0.3714524507522583,0.932830810546875,0.0002418745275888133,True,True,False,False,Found in isolated instrument folder,False,
Harmonium,harmonium,536.wav,Harmonium\Kaggle_Classification_Clips\Harmonium\536.wav,.wav,WAV,22050,1,PCM_16,,3.0,66150,132344,0.4411747455596924,0.92706298828125,0.00012093726379440664,True,True,False,False,Found in isolated instrument folder,False,
Harmonium,harmonium,537.wav,Harmonium\Kaggle_Classification_Clips\Harmonium\537.wav,.wav,WAV,22050,1,PCM_16,,3.0,66150,132344,0.39952224493026733,0.922119140625,0.00031746031746031746,True,True,False,False,Found in isolated instrument folder,False,
Harmonium,harmonium,538.wav,Harmonium\Kaggle_Classification_Clips\Harmonium\538.wav,.wav,WAV,22050,1,PCM_16,,3.0,66150,132344,0.41784825921058655,0.9300537109375,0.00018140589569160998,True,True,False,False,Found in isolated instrument folder,False,
Harmonium,harmonium,539.wav,Harmonium\Kaggle_Classification_Clips\Harmonium\539.wav,.wav,WAV,22050,1,PCM_16,,3.0,66150,132344,0.37949830293655396,0.92523193359375,0.00018140589569160998,True,True,False,False,Found in isolated instrument folder,False,
Harmonium,harmonium,54.wav,Harmonium\Kaggle_Classification_Clips\Harmonium\54.wav,.wav,WAV,22050,1,PCM_16,,3.0,66150,132344,0.4273134171962738,0.9244384765625,0.00013605442176870748,True,True,False,False,Found in isolated instrument folder,False,
Harmonium,harmonium,540.wav,Harmonium\Kaggle_Classification_Clips\Harmonium\540.wav,.wav,WAV,22050,1,PCM_16,,3.0,66150,132344,0.42663809657096863,0.9302978515625,0.0002418745275888133,True,True,False,False,Found in isolated instrument folder,False,
Harmonium,harmonium,541.wav,Harmonium\Kaggle_Classification_Clips\Harmonium\541.wav,.wav,WAV,22050,1,PCM_16,,3.0,66150,132344,0.4681754410266876,0.927581787109375,0.00010582010582010582,True,True,False,False,Found in isolated instrument folder,False,
Harmonium,harmonium,542.wav,Harmonium\Kaggle_Classification_Clips\Harmonium\542.wav,.wav,WAV,22050,1,PCM_16,,3.0,66150,132344,0.43722882866859436,0.921478271484375,0.00016628873771730915,True,True,False,False,Found in isolated instrument folder,False,
Harmonium,harmonium,543.wav,Harmonium\Kaggle_Classification_Clips\Harmonium\543.wav,.wav,WAV,22050,1,PCM_16,,3.0,66150,132344,0.36508432030677795,0.9266357421875,0.0002569916855631141,True,True,False,False,Found in isolated instrument folder,False,
Harmonium,harmonium,544.wav,Harmonium\Kaggle_Classification_Clips\Harmonium\544.wav,.wav,WAV,22050,1,PCM_16,,3.0,66150,132344,0.4478338062763214,0.92486572265625,0.00016628873771730915,True,True,False,False,Found in isolated instrument folder,False,
Harmonium,harmonium,545.wav,Harmonium\Kaggle_Classification_Clips\Harmonium\545.wav,.wav,WAV,22050,1,PCM_16,,3.0,66150,132344,0.3968680500984192,0.9254150390625,0.0003023431594860166,True,True,False,False,Found in isolated instrument folder,False,
Harmonium,harmonium,546.wav,Harmonium\Kaggle_Classification_Clips\Harmonium\546.wav,.wav,WAV,22050,1,PCM_16,,3.0,66150,132344,0.42139917612075806,0.919219970703125,0.00027210884353741496,True,True,False,False,Found in isolated instrument folder,False,
Harmonium,harmonium,547.wav,Harmonium\Kaggle_Classification_Clips\Harmonium\547.wav,.wav,WAV,22050,1,PCM_16,,3.0,66150,132344,0.3769051134586334,0.921966552734375,0.0001511715797430083,True,True,False,False,Found in isolated instrument folder,False,
Harmonium,harmonium,548.wav,Harmonium\Kaggle_Classification_Clips\Harmonium\548.wav,.wav,WAV,22050,1,PCM_16,,3.0,66150,132344,0.43212515115737915,0.92547607421875,0.00018140589569160998,True,True,False,False,Found in isolated instrument folder,False,
Harmonium,harmonium,549.wav,Harmonium\Kaggle_Classification_Clips\Harmonium\549.wav,.wav,WAV,22050,1,PCM_16,,3.0,66150,132344,0.4651879370212555,0.928680419921875,0.00010582010582010582,True,True,False,False,Found in isolated instrument folder,False,
Harmonium,harmonium,55.wav,Harmonium\Kaggle_Classification_Clips\Harmonium\55.wav,.wav,WAV,22050,1,PCM_16,,3.0,66150,132344,0.3872426748275757,0.92474365234375,0.00022675736961451248,True,True,False,False,Found in isolated instrument folder,False,
Harmonium,harmonium,550.wav,Harmonium\Kaggle_Classification_Clips\Harmonium\550.wav,.wav,WAV,22050,1,PCM_16,,3.0,66150,132344,0.44045695662498474,0.927459716796875,0.0001511715797430083,True,True,False,False,Found in isolated instrument folder,False,
Harmonium,harmonium,551.wav,Harmonium\Kaggle_Classification_Clips\Harmonium\551.wav,.wav,WAV,22050,1,PCM_16,,3.0,66150,132344,0.3736519515514374,0.925079345703125,0.00043839758125472413,True,True,False,False,Found in isolated instrument folder,False,
Harmonium,harmonium,552.wav,Harmonium\Kaggle_Classification_Clips\Harmonium\552.wav,.wav,WAV,22050,1,PCM_16,,3.0,66150,132344,0.43996116518974304,0.92620849609375,0.0002569916855631141,True,True,False,False,Found in isolated instrument folder,False,
Harmonium,harmonium,553.wav,Harmonium\Kaggle_Classification_Clips\Harmonium\553.wav,.wav,WAV,22050,1,PCM_16,,3.0,66150,132344,0.40278375148773193,0.9241943359375,0.00018140589569160998,True,True,False,False,Found in isolated instrument folder,False,
Harmonium,harmonium,554.wav,Harmonium\Kaggle_Classification_Clips\Harmonium\554.wav,.wav,WAV,22050,1,PCM_16,,3.0,66150,132344,0.42320263385772705,0.928466796875,0.0001511715797430083,True,True,False,False,Found in isolated instrument folder,False,
Harmonium,harmonium,555.wav,Harmonium\Kaggle_Classification_Clips\Harmonium\555.wav,.wav,WAV,22050,1,PCM_16,,3.0,66150,132344,0.3771222233772278,0.919891357421875,0.00018140589569160998,True,True,False,False,Found in isolated instrument folder,False,
Harmonium,harmonium,556.wav,Harmonium\Kaggle_Classification_Clips\Harmonium\556.wav,.wav,WAV,22050,1,PCM_16,,3.0,66150,132344,0.42867767810821533,0.926361083984375,0.00012093726379440664,True,True,False,False,Found in isolated instrument folder,False,
Harmonium,harmonium,557.wav,Harmonium\Kaggle_Classification_Clips\Harmonium\557.wav,.wav,WAV,22050,1,PCM_16,,3.0,66150,132344,0.45640668272972107,0.92938232421875,0.00021164021164021165,True,True,False,False,Found in isolated instrument folder,False,
Harmonium,harmonium,558.wav,Harmonium\Kaggle_Classification_Clips\Harmonium\558.wav,.wav,WAV,22050,1,PCM_16,,3.0,66150,132344,0.4458097219467163,0.92510986328125,0.00021164021164021165,True,True,False,False,Found in isolated instrument folder,False,
Harmonium,harmonium,559.wav,Harmonium\Kaggle_Classification_Clips\Harmonium\559.wav,.wav,WAV,22050,1,PCM_16,,3.0,66150,132344,0.36934229731559753,0.92529296875,0.0003325774754346183,True,True,False,False,Found in isolated instrument folder,False,
Harmonium,harmonium,56.wav,Harmonium\Kaggle_Classification_Clips\Harmonium\56.wav,.wav,WAV,22050,1,PCM_16,,3.0,66150,132344,0.3780134916305542,0.923492431640625,0.00040816326530612246,True,True,False,False,Found in isolated instrument folder,False,
Harmonium,harmonium,560.wav,Harmonium\Kaggle_Classification_Clips\Harmonium\560.wav,.wav,WAV,22050,1,PCM_16,,3.0,66150,132344,0.4453405439853668,0.923004150390625,9.070294784580499e-05,True,True,False,False,Found in isolated instrument folder,False,
Harmonium,harmonium,561.wav,Harmonium\Kaggle_Classification_Clips\Harmonium\561.wav,.wav,WAV,22050,1,PCM_16,,3.0,66150,132344,0.3991345167160034,0.92596435546875,0.00021164021164021165,True,True,False,False,Found in isolated instrument folder,False,
Harmonium,harmonium,562.wav,Harmonium\Kaggle_Classification_Clips\Harmonium\562.wav,.wav,WAV,22050,1,PCM_16,,3.0,66150,132344,0.4218486249446869,0.924407958984375,0.00018140589569160998,True,True,False,False,Found in isolated instrument folder,False,
Harmonium,harmonium,563.wav,Harmonium\Kaggle_Classification_Clips\Harmonium\563.wav,.wav,WAV,22050,1,PCM_16,,3.0,66150,132344,0.38115108013153076,0.934783935546875,0.00018140589569160998,True,True,False,False,Found in isolated instrument folder,False,
Harmonium,harmonium,564.wav,Harmonium\Kaggle_Classification_Clips\Harmonium\564.wav,.wav,WAV,22050,1,PCM_16,,3.0,66150,132344,0.42939114570617676,0.931671142578125,0.00019652305366591082,True,True,False,False,Found in isolated instrument folder,False,
Harmonium,harmonium,565.wav,Harmonium\Kaggle_Classification_Clips\Harmonium\565.wav,.wav,WAV,22050,1,PCM_16,,3.0,66150,132344,0.4824078381061554,0.924102783203125,4.5351473922902495e-05,True,True,False,False,Found in isolated instrument folder,False,
Harmonium,harmonium,566.wav,Harmonium\Kaggle_Classification_Clips\Harmonium\566.wav,.wav,WAV,22050,1,PCM_16,,3.0,66150,132344,0.46121540665626526,0.92529296875,0.00022675736961451248,True,True,False,False,Found in isolated instrument folder,False,
Harmonium,harmonium,567.wav,Harmonium\Kaggle_Classification_Clips\Harmonium\567.wav,.wav,WAV,22050,1,PCM_16,,3.0,66150,132344,0.36895790696144104,0.92840576171875,0.0002569916855631141,True,True,False,False,Found in isolated instrument folder,False,
Harmonium,harmonium,568.wav,Harmonium\Kaggle_Classification_Clips\Harmonium\568.wav,.wav,WAV,22050,1,PCM_16,,3.0,66150,132344,0.4448058605194092,0.925750732421875,0.00022675736961451248,True,True,False,False,Found in isolated instrument folder,False,
Harmonium,harmonium,569.wav,Harmonium\Kaggle_Classification_Clips\Harmonium\569.wav,.wav,WAV,22050,1,PCM_16,,3.0,66150,132344,0.39997154474258423,0.9248046875,0.0001511715797430083,True,True,False,False,Found in isolated instrument folder,False,
Harmonium,harmonium,57.wav,Harmonium\Kaggle_Classification_Clips\Harmonium\57.wav,.wav,WAV,22050,1,PCM_16,,3.0,66150,132344,0.377069354057312,0.923828125,0.00034769463340891913,True,True,False,False,Found in isolated instrument folder,False,
Harmonium,harmonium,570.wav,Harmonium\Kaggle_Classification_Clips\Harmonium\570.wav,.wav,WAV,22050,1,PCM_16,,3.0,66150,132344,0.4122215509414673,0.929534912109375,0.00012093726379440664,True,True,False,False,Found in isolated instrument folder,False,
Harmonium,harmonium,571.wav,Harmonium\Kaggle_Classification_Clips\Harmonium\571.wav,.wav,WAV,22050,1,PCM_16,,3.0,66150,132344,0.3836461305618286,0.92333984375,0.00016628873771730915,True,True,False,False,Found in isolated instrument folder,False,
Harmonium,harmonium,572.wav,Harmonium\Kaggle_Classification_Clips\Harmonium\572.wav,.wav,WAV,22050,1,PCM_16,,3.0,66150,132344,0.4199641942977905,0.932373046875,0.00016628873771730915,True,True,False,False,Found in isolated instrument folder,False,
Harmonium,harmonium,573.wav,Harmonium\Kaggle_Classification_Clips\Harmonium\573.wav,.wav,WAV,22050,1,PCM_16,,3.0,66150,132344,0.46505874395370483,0.92791748046875,9.070294784580499e-05,True,True,False,False,Found in isolated instrument folder,False,
Harmonium,harmonium,574.wav,Harmonium\Kaggle_Classification_Clips\Harmonium\574.wav,.wav,WAV,22050,1,PCM_16,,3.0,66150,132344,0.4380355775356293,0.925201416015625,0.00019652305366591082,True,True,False,False,Found in isolated instrument folder,False,
Harmonium,harmonium,575.wav,Harmonium\Kaggle_Classification_Clips\Harmonium\575.wav,.wav,WAV,22050,1,PCM_16,,3.0,66150,132344,0.37137100100517273,0.92486572265625,0.00022675736961451248,True,True,False,False,Found in isolated instrument folder,False,
Harmonium,harmonium,576.wav,Harmonium\Kaggle_Classification_Clips\Harmonium\576.wav,.wav,WAV,22050,1,PCM_16,,3.0,66150,132344,0.4447958469390869,0.9263916015625,0.0001511715797430083,True,True,False,False,Found in isolated instrument folder,False,
Harmonium,harmonium,577.wav,Harmonium\Kaggle_Classification_Clips\Harmonium\577.wav,.wav,WAV,22050,1,PCM_16,,3.0,66150,132344,0.3973936140537262,0.924652099609375,0.00021164021164021165,True,True,False,False,Found in isolated instrument folder,False,
Harmonium,harmonium,578.wav,Harmonium\Kaggle_Classification_Clips\Harmonium\578.wav,.wav,WAV,22050,1,PCM_16,,3.0,66150,132344,0.4157072603702545,0.927947998046875,0.00010582010582010582,True,True,False,False,Found in isolated instrument folder,False,
Harmonium,harmonium,579.wav,Harmonium\Kaggle_Classification_Clips\Harmonium\579.wav,.wav,WAV,22050,1,PCM_16,,3.0,66150,132344,0.3807956576347351,0.92333984375,0.00021164021164021165,True,True,False,False,Found in isolated instrument folder,False,
Harmonium,harmonium,58.wav,Harmonium\Kaggle_Classification_Clips\Harmonium\58.wav,.wav,WAV,22050,1,PCM_16,,3.0,66150,132344,0.4296226501464844,0.92474365234375,0.00021164021164021165,True,True,False,False,Found in isolated instrument folder,False,
Harmonium,harmonium,580.wav,Harmonium\Kaggle_Classification_Clips\Harmonium\580.wav,.wav,WAV,22050,1,PCM_16,,3.0,66150,132344,0.42312031984329224,0.928924560546875,0.00019652305366591082,True,True,False,False,Found in isolated instrument folder,False,
Harmonium,harmonium,581.wav,Harmonium\Kaggle_Classification_Clips\Harmonium\581.wav,.wav,WAV,22050,1,PCM_16,,3.0,66150,132344,0.4670597314834595,0.922882080078125,0.0001511715797430083,True,True,False,False,Found in isolated instrument folder,False,
Harmonium,harmonium,582.wav,Harmonium\Kaggle_Classification_Clips\Harmonium\582.wav,.wav,WAV,22050,1,PCM_16,,3.0,66150,132344,0.4347134530544281,0.927490234375,0.00016628873771730915,True,True,False,False,Found in isolated instrument folder,False,
Harmonium,harmonium,583.wav,Harmonium\Kaggle_Classification_Clips\Harmonium\583.wav,.wav,WAV,22050,1,PCM_16,,3.0,66150,132344,0.371083527803421,0.93890380859375,0.00027210884353741496,True,True,False,False,Found in isolated instrument folder,False,
Harmonium,harmonium,584.wav,Harmonium\Kaggle_Classification_Clips\Harmonium\584.wav,.wav,WAV,22050,1,PCM_16,,3.0,66150,132344,0.44678300619125366,0.922943115234375,0.00019652305366591082,True,True,False,False,Found in isolated instrument folder,False,
Harmonium,harmonium,585.wav,Harmonium\Kaggle_Classification_Clips\Harmonium\585.wav,.wav,WAV,22050,1,PCM_16,,3.0,66150,132344,0.39564841985702515,0.923248291015625,0.00021164021164021165,True,True,False,False,Found in isolated instrument folder,False,
Harmonium,harmonium,586.wav,Harmonium\Kaggle_Classification_Clips\Harmonium\586.wav,.wav,WAV,22050,1,PCM_16,,3.0,66150,132344,0.4205140769481659,0.920440673828125,0.0006953892668178383,True,True,False,False,Found in isolated instrument folder,False,
Harmonium,harmonium,587.wav,Harmonium\Kaggle_Classification_Clips\Harmonium\587.wav,.wav,WAV,22050,1,PCM_16,,3.0,66150,132344,0.37752634286880493,0.92401123046875,0.00010582010582010582,True,True,False,False,Found in isolated instrument folder,False,
Harmonium,harmonium,588.wav,Harmonium\Kaggle_Classification_Clips\Harmonium\588.wav,.wav,WAV,22050,1,PCM_16,,3.0,66150,132344,0.42837685346603394,0.92523193359375,0.00018140589569160998,True,True,False,False,Found in isolated instrument folder,False,
Harmonium,harmonium,589.wav,Harmonium\Kaggle_Classification_Clips\Harmonium\589.wav,.wav,WAV,22050,1,PCM_16,,3.0,66150,132344,0.46038714051246643,0.920745849609375,9.070294784580499e-05,True,True,False,False,Found in isolated instrument folder,False,
Harmonium,harmonium,59.wav,Harmonium\Kaggle_Classification_Clips\Harmonium\59.wav,.wav,WAV,22050,1,PCM_16,,3.0,66150,132344,0.38545122742652893,0.92242431640625,0.00019652305366591082,True,True,False,False,Found in isolated instrument folder,False,
Harmonium,harmonium,590.wav,Harmonium\Kaggle_Classification_Clips\Harmonium\590.wav,.wav,WAV,22050,1,PCM_16,,3.0,66150,132344,0.4409670829772949,0.9224853515625,0.0002872260015117158,True,True,False,False,Found in isolated instrument folder,False,
Harmonium,harmonium,591.wav,Harmonium\Kaggle_Classification_Clips\Harmonium\591.wav,.wav,WAV,22050,1,PCM_16,,3.0,66150,132344,0.36719992756843567,0.928009033203125,0.0003325774754346183,True,True,False,False,Found in isolated instrument folder,False,
Harmonium,harmonium,592.wav,Harmonium\Kaggle_Classification_Clips\Harmonium\592.wav,.wav,WAV,22050,1,PCM_16,,3.0,66150,132344,0.44009914994239807,0.92626953125,0.0001511715797430083,True,True,False,False,Found in isolated instrument folder,False,
Harmonium,harmonium,593.wav,Harmonium\Kaggle_Classification_Clips\Harmonium\593.wav,.wav,WAV,22050,1,PCM_16,,3.0,66150,132344,0.39830026030540466,0.9266357421875,0.0002418745275888133,True,True,False,False,Found in isolated instrument folder,False,
Harmonium,harmonium,594.wav,Harmonium\Kaggle_Classification_Clips\Harmonium\594.wav,.wav,WAV,22050,1,PCM_16,,3.0,66150,132344,0.4161246716976166,0.9310302734375,0.00022675736961451248,True,True,False,False,Found in isolated instrument folder,False,
Harmonium,harmonium,595.wav,Harmonium\Kaggle_Classification_Clips\Harmonium\595.wav,.wav,WAV,22050,1,PCM_16,,3.0,66150,132344,0.37932977080345154,0.920806884765625,0.00012093726379440664,True,True,False,False,Found in isolated instrument folder,False,
Harmonium,harmonium,596.wav,Harmonium\Kaggle_Classification_Clips\Harmonium\596.wav,.wav,WAV,22050,1,PCM_16,,3.0,66150,132344,0.4252537786960602,0.9268798828125,0.0001511715797430083,True,True,False,False,Found in isolated instrument folder,False,
Harmonium,harmonium,597.wav,Harmonium\Kaggle_Classification_Clips\Harmonium\597.wav,.wav,WAV,22050,1,PCM_16,,3.0,66150,132344,0.46370819211006165,0.926788330078125,6.046863189720332e-05,True,True,False,False,Found in isolated instrument folder,False,
Harmonium,harmonium,598.wav,Harmonium\Kaggle_Classification_Clips\Harmonium\598.wav,.wav,WAV,22050,1,PCM_16,,3.0,66150,132344,0.43889495730400085,0.927215576171875,0.00022675736961451248,True,True,False,False,Found in isolated instrument folder,False,
Harmonium,harmonium,599.wav,Harmonium\Kaggle_Classification_Clips\Harmonium\599.wav,.wav,WAV,22050,1,PCM_16,,3.0,66150,132344,0.3766546845436096,0.930511474609375,0.0002418745275888133,True,True,False,False,Found in isolated instrument folder,False,
Harmonium,harmonium,6.wav,Harmonium\Kaggle_Classification_Clips\Harmonium\6.wav,.wav,WAV,22050,1,PCM_16,,3.0,66150,132344,0.4272151589393616,0.926177978515625,0.00018140589569160998,True,True,False,False,Found in isolated instrument folder,False,
Harmonium,harmonium,60.wav,Harmonium\Kaggle_Classification_Clips\Harmonium\60.wav,.wav,WAV,22050,1,PCM_16,,3.0,66150,132344,0.3829321563243866,0.925140380859375,0.00027210884353741496,True,True,False,False,Found in isolated instrument folder,False,
Harmonium,harmonium,600.wav,Harmonium\Kaggle_Classification_Clips\Harmonium\600.wav,.wav,WAV,22050,1,PCM_16,,3.0,66150,132344,0.43892958760261536,0.92578125,0.00022675736961451248,True,True,False,False,Found in isolated instrument folder,False,
Harmonium,harmonium,601.wav,Harmonium\Kaggle_Classification_Clips\Harmonium\601.wav,.wav,WAV,22050,1,PCM_16,,3.0,66150,132344,0.4019848704338074,0.93060302734375,0.00022675736961451248,True,True,False,False,Found in isolated instrument folder,False,
Harmonium,harmonium,602.wav,Harmonium\Kaggle_Classification_Clips\Harmonium\602.wav,.wav,WAV,22050,1,PCM_16,,3.0,66150,132344,0.4124087393283844,0.92852783203125,0.0003779289493575208,True,True,False,False,Found in isolated instrument folder,False,
Harmonium,harmonium,603.wav,Harmonium\Kaggle_Classification_Clips\Harmonium\603.wav,.wav,WAV,22050,1,PCM_16,,3.0,66150,132344,0.3785604238510132,0.928436279296875,0.00021164021164021165,True,True,False,False,Found in isolated instrument folder,False,
Harmonium,harmonium,604.wav,Harmonium\Kaggle_Classification_Clips\Harmonium\604.wav,.wav,WAV,22050,1,PCM_16,,3.0,66150,132344,0.4235377609729767,0.926605224609375,0.00013605442176870748,True,True,False,False,Found in isolated instrument folder,False,
Harmonium,harmonium,605.wav,Harmonium\Kaggle_Classification_Clips\Harmonium\605.wav,.wav,WAV,22050,1,PCM_16,,3.0,66150,132344,0.4661318063735962,0.933441162109375,7.558578987150416e-05,True,True,False,False,Found in isolated instrument folder,False,
Harmonium,harmonium,606.wav,Harmonium\Kaggle_Classification_Clips\Harmonium\606.wav,.wav,WAV,22050,1,PCM_16,,3.0,66150,132344,0.46027302742004395,0.924530029296875,0.00021164021164021165,True,True,False,False,Found in isolated instrument folder,False,
Harmonium,harmonium,607.wav,Harmonium\Kaggle_Classification_Clips\Harmonium\607.wav,.wav,WAV,22050,1,PCM_16,,3.0,66150,132344,0.37294405698776245,0.92669677734375,0.00034769463340891913,True,True,False,False,Found in isolated instrument folder,False,
Harmonium,harmonium,608.wav,Harmonium\Kaggle_Classification_Clips\Harmonium\608.wav,.wav,WAV,22050,1,PCM_16,,3.0,66150,132344,0.444672554731369,0.925628662109375,0.00010582010582010582,True,True,False,False,Found in isolated instrument folder,False,
Harmonium,harmonium,609.wav,Harmonium\Kaggle_Classification_Clips\Harmonium\609.wav,.wav,WAV,22050,1,PCM_16,,3.0,66150,132344,0.39967837929725647,0.9283447265625,0.00019652305366591082,True,True,False,False,Found in isolated instrument folder,False,
Harmonium,harmonium,61.wav,Harmonium\Kaggle_Classification_Clips\Harmonium\61.wav,.wav,WAV,22050,1,PCM_16,,3.0,66150,132344,0.3783951699733734,0.92779541015625,0.00019652305366591082,True,True,False,False,Found in isolated instrument folder,False,
Harmonium,harmonium,610.wav,Harmonium\Kaggle_Classification_Clips\Harmonium\610.wav,.wav,WAV,22050,1,PCM_16,,3.0,66150,132344,0.42114967107772827,0.927490234375,0.0002569916855631141,True,True,False,False,Found in isolated instrument folder,False,
Harmonium,harmonium,611.wav,Harmonium\Kaggle_Classification_Clips\Harmonium\611.wav,.wav,WAV,22050,1,PCM_16,,3.0,66150,132344,0.3791128993034363,0.923370361328125,0.00022675736961451248,True,True,False,False,Found in isolated instrument folder,False,
Harmonium,harmonium,612.wav,Harmonium\Kaggle_Classification_Clips\Harmonium\612.wav,.wav,WAV,22050,1,PCM_16,,3.0,66150,132344,0.427285760641098,0.929229736328125,0.00018140589569160998,True,True,False,False,Found in isolated instrument folder,False,
Harmonium,harmonium,613.wav,Harmonium\Kaggle_Classification_Clips\Harmonium\613.wav,.wav,WAV,22050,1,PCM_16,,3.0,66150,132344,0.4637313187122345,0.923492431640625,0.0001511715797430083,True,True,False,False,Found in isolated instrument folder,False,
Harmonium,harmonium,614.wav,Harmonium\Kaggle_Classification_Clips\Harmonium\614.wav,.wav,WAV,22050,1,PCM_16,,3.0,66150,132344,0.4389541745185852,0.927154541015625,0.00013605442176870748,True,True,False,False,Found in isolated instrument folder,False,
Harmonium,harmonium,615.wav,Harmonium\Kaggle_Classification_Clips\Harmonium\615.wav,.wav,WAV,22050,1,PCM_16,,3.0,66150,132344,0.36954641342163086,0.927581787109375,0.0003779289493575208,True,True,False,False,Found in isolated instrument folder,False,
Harmonium,harmonium,616.wav,Harmonium\Kaggle_Classification_Clips\Harmonium\616.wav,.wav,WAV,22050,1,PCM_16,,3.0,66150,132344,0.4406621754169464,0.92578125,0.00019652305366591082,True,True,False,False,Found in isolated instrument folder,False,
Harmonium,harmonium,617.wav,Harmonium\Kaggle_Classification_Clips\Harmonium\617.wav,.wav,WAV,22050,1,PCM_16,,3.0,66150,132344,0.3938016891479492,0.925018310546875,0.00022675736961451248,True,True,False,False,Found in isolated instrument folder,False,
Harmonium,harmonium,618.wav,Harmonium\Kaggle_Classification_Clips\Harmonium\618.wav,.wav,WAV,22050,1,PCM_16,,3.0,66150,132344,0.4203740060329437,0.925750732421875,0.0002418745275888133,True,True,False,False,Found in isolated instrument folder,False,
Harmonium,harmonium,619.wav,Harmonium\Kaggle_Classification_Clips\Harmonium\619.wav,.wav,WAV,22050,1,PCM_16,,3.0,66150,132344,0.3827320635318756,0.92724609375,0.00016628873771730915,True,True,False,False,Found in isolated instrument folder,False,
Harmonium,harmonium,62.wav,Harmonium\Kaggle_Classification_Clips\Harmonium\62.wav,.wav,WAV,22050,1,PCM_16,,3.0,66150,132344,0.43382781744003296,0.921630859375,6.046863189720332e-05,True,True,False,False,Found in isolated instrument folder,False,
Harmonium,harmonium,620.wav,Harmonium\Kaggle_Classification_Clips\Harmonium\620.wav,.wav,WAV,22050,1,PCM_16,,3.0,66150,132344,0.42173030972480774,0.930145263671875,0.00016628873771730915,True,True,False,False,Found in isolated instrument folder,False,
Harmonium,harmonium,621.wav,Harmonium\Kaggle_Classification_Clips\Harmonium\621.wav,.wav,WAV,22050,1,PCM_16,,3.0,66150,132344,0.46468597650527954,0.923370361328125,6.046863189720332e-05,True,True,False,False,Found in isolated instrument folder,False,
Harmonium,harmonium,622.wav,Harmonium\Kaggle_Classification_Clips\Harmonium\622.wav,.wav,WAV,22050,1,PCM_16,,3.0,66150,132344,0.43720170855522156,0.92291259765625,0.00022675736961451248,True,True,False,False,Found in isolated instrument folder,False,
Harmonium,harmonium,623.wav,Harmonium\Kaggle_Classification_Clips\Harmonium\623.wav,.wav,WAV,22050,1,PCM_16,,3.0,66150,132344,0.3689633309841156,0.92828369140625,0.00022675736961451248,True,True,False,False,Found in isolated instrument folder,False,
Harmonium,harmonium,624.wav,Harmonium\Kaggle_Classification_Clips\Harmonium\624.wav,.wav,WAV,22050,1,PCM_16,,3.0,66150,132344,0.4453940987586975,0.928375244140625,0.00019652305366591082,True,True,False,False,Found in isolated instrument folder,False,
Harmonium,harmonium,625.wav,Harmonium\Kaggle_Classification_Clips\Harmonium\625.wav,.wav,WAV,22050,1,PCM_16,,3.0,66150,132344,0.3997943699359894,0.926177978515625,0.0002872260015117158,True,True,False,False,Found in isolated instrument folder,False,
Harmonium,harmonium,626.wav,Harmonium\Kaggle_Classification_Clips\Harmonium\626.wav,.wav,WAV,22050,1,PCM_16,,3.0,66150,132344,0.42310553789138794,0.91845703125,0.0001511715797430083,True,True,False,False,Found in isolated instrument folder,False,
Harmonium,harmonium,627.wav,Harmonium\Kaggle_Classification_Clips\Harmonium\627.wav,.wav,WAV,22050,1,PCM_16,,3.0,66150,132344,0.3792870044708252,0.919708251953125,0.0002418745275888133,True,True,False,False,Found in isolated instrument folder,False,
Harmonium,harmonium,628.wav,Harmonium\Kaggle_Classification_Clips\Harmonium\628.wav,.wav,WAV,22050,1,PCM_16,,3.0,66150,132344,0.42138731479644775,0.927978515625,0.00016628873771730915,True,True,False,False,Found in isolated instrument folder,False,
Harmonium,harmonium,629.wav,Harmonium\Kaggle_Classification_Clips\Harmonium\629.wav,.wav,WAV,22050,1,PCM_16,,3.0,66150,132344,0.4662674069404602,0.924957275390625,7.558578987150416e-05,True,True,False,False,Found in isolated instrument folder,False,
Harmonium,harmonium,63.wav,Harmonium\Kaggle_Classification_Clips\Harmonium\63.wav,.wav,WAV,22050,1,PCM_16,,3.0,66150,132344,0.382159948348999,0.92608642578125,0.0002872260015117158,True,True,False,False,Found in isolated instrument folder,False,
Harmonium,harmonium,630.wav,Harmonium\Kaggle_Classification_Clips\Harmonium\630.wav,.wav,WAV,22050,1,PCM_16,,3.0,66150,132344,0.44032129645347595,0.93048095703125,0.00021164021164021165,True,True,False,False,Found in isolated instrument folder,False,
Harmonium,harmonium,631.wav,Harmonium\Kaggle_Classification_Clips\Harmonium\631.wav,.wav,WAV,22050,1,PCM_16,,3.0,66150,132344,0.37063145637512207,0.92498779296875,0.0002418745275888133,True,True,False,False,Found in isolated instrument folder,False,
Harmonium,harmonium,632.wav,Harmonium\Kaggle_Classification_Clips\Harmonium\632.wav,.wav,WAV,22050,1,PCM_16,,3.0,66150,132344,0.452497273683548,0.923126220703125,0.0001511715797430083,True,True,False,False,Found in isolated instrument folder,False,
Harmonium,harmonium,633.wav,Harmonium\Kaggle_Classification_Clips\Harmonium\633.wav,.wav,WAV,22050,1,PCM_16,,3.0,66150,132344,0.39672911167144775,0.928497314453125,0.00021164021164021165,True,True,False,False,Found in isolated instrument folder,False,
Harmonium,harmonium,634.wav,Harmonium\Kaggle_Classification_Clips\Harmonium\634.wav,.wav,WAV,22050,1,PCM_16,,3.0,66150,132344,0.416459321975708,0.92767333984375,0.00013605442176870748,True,True,False,False,Found in isolated instrument folder,False,
Harmonium,harmonium,635.wav,Harmonium\Kaggle_Classification_Clips\Harmonium\635.wav,.wav,WAV,22050,1,PCM_16,,3.0,66150,132344,0.38211342692375183,0.920379638671875,0.00012093726379440664,True,True,False,False,Found in isolated instrument folder,False,
Harmonium,harmonium,636.wav,Harmonium\Kaggle_Classification_Clips\Harmonium\636.wav,.wav,WAV,22050,1,PCM_16,,3.0,66150,132344,0.42505091428756714,0.93487548828125,0.00016628873771730915,True,True,False,False,Found in isolated instrument folder,False,
Harmonium,harmonium,637.wav,Harmonium\Kaggle_Classification_Clips\Harmonium\637.wav,.wav,WAV,22050,1,PCM_16,,3.0,66150,132344,0.46239736676216125,0.921356201171875,0.00012093726379440664,True,True,False,False,Found in isolated instrument folder,False,
Harmonium,harmonium,638.wav,Harmonium\Kaggle_Classification_Clips\Harmonium\638.wav,.wav,WAV,22050,1,PCM_16,,3.0,66150,132344,0.4428310692310333,0.923980712890625,0.0002569916855631141,True,True,False,False,Found in isolated instrument folder,False,
Harmonium,harmonium,639.wav,Harmonium\Kaggle_Classification_Clips\Harmonium\639.wav,.wav,WAV,22050,1,PCM_16,,3.0,66150,132344,0.3662562966346741,0.925323486328125,0.00022675736961451248,True,True,False,False,Found in isolated instrument folder,False,
Harmonium,harmonium,64.wav,Harmonium\Kaggle_Classification_Clips\Harmonium\64.wav,.wav,WAV,22050,1,PCM_16,,3.0,66150,132344,0.38050219416618347,0.925689697265625,0.0002872260015117158,True,True,False,False,Found in isolated instrument folder,False,
Harmonium,harmonium,640.wav,Harmonium\Kaggle_Classification_Clips\Harmonium\640.wav,.wav,WAV,22050,1,PCM_16,,3.0,66150,132344,0.44527962803840637,0.9229736328125,0.00016628873771730915,True,True,False,False,Found in isolated instrument folder,False,
Harmonium,harmonium,641.wav,Harmonium\Kaggle_Classification_Clips\Harmonium\641.wav,.wav,WAV,22050,1,PCM_16,,3.0,66150,132344,0.39299634099006653,0.926055908203125,0.00016628873771730915,True,True,False,False,Found in isolated instrument folder,False,
Harmonium,harmonium,642.wav,Harmonium\Kaggle_Classification_Clips\Harmonium\642.wav,.wav,WAV,22050,1,PCM_16,,3.0,66150,132344,0.41564276814460754,0.925933837890625,0.00016628873771730915,True,True,False,False,Found in isolated instrument folder,False,
Harmonium,harmonium,643.wav,Harmonium\Kaggle_Classification_Clips\Harmonium\643.wav,.wav,WAV,22050,1,PCM_16,,3.0,66150,132344,0.38346755504608154,0.92291259765625,0.00016628873771730915,True,True,False,False,Found in isolated instrument folder,False,
Harmonium,harmonium,644.wav,Harmonium\Kaggle_Classification_Clips\Harmonium\644.wav,.wav,WAV,22050,1,PCM_16,,3.0,66150,132344,0.4253801107406616,0.923126220703125,0.00010582010582010582,True,True,False,False,Found in isolated instrument folder,False,
Harmonium,harmonium,645.wav,Harmonium\Kaggle_Classification_Clips\Harmonium\645.wav,.wav,WAV,22050,1,PCM_16,,3.0,66150,132344,0.4711645543575287,0.930816650390625,0.00012093726379440664,True,True,False,False,Found in isolated instrument folder,False,
Harmonium,harmonium,646.wav,Harmonium\Kaggle_Classification_Clips\Harmonium\646.wav,.wav,WAV,22050,1,PCM_16,,3.0,66150,132344,0.4560301899909973,0.927490234375,0.0002569916855631141,True,True,False,False,Found in isolated instrument folder,False,
Harmonium,harmonium,647.wav,Harmonium\Kaggle_Classification_Clips\Harmonium\647.wav,.wav,WAV,22050,1,PCM_16,,3.0,66150,132344,0.37802746891975403,0.926513671875,0.0002872260015117158,True,True,False,False,Found in isolated instrument folder,False,
Harmonium,harmonium,648.wav,Harmonium\Kaggle_Classification_Clips\Harmonium\648.wav,.wav,WAV,22050,1,PCM_16,,3.0,66150,132344,0.4530366063117981,0.922698974609375,0.00013605442176870748,True,True,False,False,Found in isolated instrument folder,False,
Harmonium,harmonium,649.wav,Harmonium\Kaggle_Classification_Clips\Harmonium\649.wav,.wav,WAV,22050,1,PCM_16,,3.0,66150,132344,0.3982677161693573,0.92144775390625,0.00013605442176870748,True,True,False,False,Found in isolated instrument folder,False,
Harmonium,harmonium,65.wav,Harmonium\Kaggle_Classification_Clips\Harmonium\65.wav,.wav,WAV,22050,1,PCM_16,,3.0,66150,132344,0.38302773237228394,0.925811767578125,0.0002418745275888133,True,True,False,False,Found in isolated instrument folder,False,
Harmonium,harmonium,650.wav,Harmonium\Kaggle_Classification_Clips\Harmonium\650.wav,.wav,WAV,22050,1,PCM_16,,3.0,66150,132344,0.4131968021392822,0.930572509765625,0.00010582010582010582,True,True,False,False,Found in isolated instrument folder,False,
Harmonium,harmonium,651.wav,Harmonium\Kaggle_Classification_Clips\Harmonium\651.wav,.wav,WAV,22050,1,PCM_16,,3.0,66150,132344,0.3809790015220642,0.921112060546875,0.00010582010582010582,True,True,False,False,Found in isolated instrument folder,False,
Harmonium,harmonium,652.wav,Harmonium\Kaggle_Classification_Clips\Harmonium\652.wav,.wav,WAV,22050,1,PCM_16,,3.0,66150,132344,0.4263049066066742,0.928741455078125,0.00019652305366591082,True,True,False,False,Found in isolated instrument folder,False,
Harmonium,harmonium,653.wav,Harmonium\Kaggle_Classification_Clips\Harmonium\653.wav,.wav,WAV,22050,1,PCM_16,,3.0,66150,132344,0.465221643447876,0.92364501953125,0.00010582010582010582,True,True,False,False,Found in isolated instrument folder,False,
Harmonium,harmonium,654.wav,Harmonium\Kaggle_Classification_Clips\Harmonium\654.wav,.wav,WAV,22050,1,PCM_16,,3.0,66150,132344,0.44364288449287415,0.93212890625,7.558578987150416e-05,True,True,False,False,Found in isolated instrument folder,False,
Harmonium,harmonium,655.wav,Harmonium\Kaggle_Classification_Clips\Harmonium\655.wav,.wav,WAV,22050,1,PCM_16,,3.0,66150,132344,0.37390586733818054,0.932708740234375,0.0003325774754346183,True,True,False,False,Found in isolated instrument folder,False,
Harmonium,harmonium,656.wav,Harmonium\Kaggle_Classification_Clips\Harmonium\656.wav,.wav,WAV,22050,1,PCM_16,,3.0,66150,132344,0.4428280293941498,0.92266845703125,0.00013605442176870748,True,True,False,False,Found in isolated instrument folder,False,
Harmonium,harmonium,657.wav,Harmonium\Kaggle_Classification_Clips\Harmonium\657.wav,.wav,WAV,22050,1,PCM_16,,3.0,66150,132344,0.3999096751213074,0.922210693359375,7.558578987150416e-05,True,True,False,False,Found in isolated instrument folder,False,
Harmonium,harmonium,658.wav,Harmonium\Kaggle_Classification_Clips\Harmonium\658.wav,.wav,WAV,22050,1,PCM_16,,3.0,66150,132344,0.42145249247550964,0.9293212890625,0.0001511715797430083,True,True,False,False,Found in isolated instrument folder,False,
Harmonium,harmonium,659.wav,Harmonium\Kaggle_Classification_Clips\Harmonium\659.wav,.wav,WAV,22050,1,PCM_16,,3.0,66150,132344,0.37914225459098816,0.927032470703125,9.070294784580499e-05,True,True,False,False,Found in isolated instrument folder,False,
Harmonium,harmonium,66.wav,Harmonium\Kaggle_Classification_Clips\Harmonium\66.wav,.wav,WAV,22050,1,PCM_16,,3.0,66150,132344,0.42862972617149353,0.929473876953125,0.00036281179138321996,True,True,False,False,Found in isolated instrument folder,False,
Harmonium,harmonium,660.wav,Harmonium\Kaggle_Classification_Clips\Harmonium\660.wav,.wav,WAV,22050,1,PCM_16,,3.0,66150,132344,0.42963746190071106,0.925811767578125,0.00012093726379440664,True,True,False,False,Found in isolated instrument folder,False,
Harmonium,harmonium,661.wav,Harmonium\Kaggle_Classification_Clips\Harmonium\661.wav,.wav,WAV,22050,1,PCM_16,,3.0,66150,132344,0.463093638420105,0.927215576171875,9.070294784580499e-05,True,True,False,False,Found in isolated instrument folder,False,
Harmonium,harmonium,662.wav,Harmonium\Kaggle_Classification_Clips\Harmonium\662.wav,.wav,WAV,22050,1,PCM_16,,3.0,66150,132344,0.4369596540927887,0.921630859375,0.00019652305366591082,True,True,False,False,Found in isolated instrument folder,False,
Harmonium,harmonium,663.wav,Harmonium\Kaggle_Classification_Clips\Harmonium\663.wav,.wav,WAV,22050,1,PCM_16,,3.0,66150,132344,0.37059324979782104,0.9229736328125,0.0002569916855631141,True,True,False,False,Found in isolated instrument folder,False,
Harmonium,harmonium,664.wav,Harmonium\Kaggle_Classification_Clips\Harmonium\664.wav,.wav,WAV,22050,1,PCM_16,,3.0,66150,132344,0.44242748618125916,0.9254150390625,0.00016628873771730915,True,True,False,False,Found in isolated instrument folder,False,
Harmonium,harmonium,665.wav,Harmonium\Kaggle_Classification_Clips\Harmonium\665.wav,.wav,WAV,22050,1,PCM_16,,3.0,66150,132344,0.39882582426071167,0.929534912109375,0.00021164021164021165,True,True,False,False,Found in isolated instrument folder,False,
Harmonium,harmonium,666.wav,Harmonium\Kaggle_Classification_Clips\Harmonium\666.wav,.wav,WAV,22050,1,PCM_16,,3.0,66150,132344,0.4184081554412842,0.92547607421875,0.00019652305366591082,True,True,False,False,Found in isolated instrument folder,False,
Harmonium,harmonium,667.wav,Harmonium\Kaggle_Classification_Clips\Harmonium\667.wav,.wav,WAV,22050,1,PCM_16,,3.0,66150,132344,0.37694817781448364,0.91973876953125,0.00010582010582010582,True,True,False,False,Found in isolated instrument folder,False,
Harmonium,harmonium,668.wav,Harmonium\Kaggle_Classification_Clips\Harmonium\668.wav,.wav,WAV,22050,1,PCM_16,,3.0,66150,132344,0.4276312589645386,0.936279296875,0.00016628873771730915,True,True,False,False,Found in isolated instrument folder,False,
Harmonium,harmonium,669.wav,Harmonium\Kaggle_Classification_Clips\Harmonium\669.wav,.wav,WAV,22050,1,PCM_16,,3.0,66150,132344,0.46468913555145264,0.932403564453125,0.0001511715797430083,True,True,False,False,Found in isolated instrument folder,False,
Harmonium,harmonium,67.wav,Harmonium\Kaggle_Classification_Clips\Harmonium\67.wav,.wav,WAV,22050,1,PCM_16,,3.0,66150,132344,0.3838975429534912,0.92724609375,0.0004232804232804233,True,True,False,False,Found in isolated instrument folder,False,
Harmonium,harmonium,670.wav,Harmonium\Kaggle_Classification_Clips\Harmonium\670.wav,.wav,WAV,22050,1,PCM_16,,3.0,66150,132344,0.43404003977775574,0.9290771484375,0.00018140589569160998,True,True,False,False,Found in isolated instrument folder,False,
Harmonium,harmonium,671.wav,Harmonium\Kaggle_Classification_Clips\Harmonium\671.wav,.wav,WAV,22050,1,PCM_16,,3.0,66150,132344,0.3667803108692169,0.927337646484375,0.00036281179138321996,True,True,False,False,Found in isolated instrument folder,False,
Harmonium,harmonium,672.wav,Harmonium\Kaggle_Classification_Clips\Harmonium\672.wav,.wav,WAV,22050,1,PCM_16,,3.0,66150,132344,0.44343313574790955,0.928924560546875,0.00018140589569160998,True,True,False,False,Found in isolated instrument folder,False,
Harmonium,harmonium,673.wav,Harmonium\Kaggle_Classification_Clips\Harmonium\673.wav,.wav,WAV,22050,1,PCM_16,,3.0,66150,132344,0.40108051896095276,0.92254638671875,0.00027210884353741496,True,True,False,False,Found in isolated instrument folder,False,
Harmonium,harmonium,674.wav,Harmonium\Kaggle_Classification_Clips\Harmonium\674.wav,.wav,WAV,22050,1,PCM_16,,3.0,66150,132344,0.4161921441555023,0.9322509765625,0.00010582010582010582,True,True,False,False,Found in isolated instrument folder,False,
Harmonium,harmonium,675.wav,Harmonium\Kaggle_Classification_Clips\Harmonium\675.wav,.wav,WAV,22050,1,PCM_16,,3.0,66150,132344,0.3827784061431885,0.921783447265625,0.00019652305366591082,True,True,False,False,Found in isolated instrument folder,False,
Harmonium,harmonium,676.wav,Harmonium\Kaggle_Classification_Clips\Harmonium\676.wav,.wav,WAV,22050,1,PCM_16,,3.0,66150,132344,0.42181336879730225,0.936737060546875,0.00021164021164021165,True,True,False,False,Found in isolated instrument folder,False,
Harmonium,harmonium,677.wav,Harmonium\Kaggle_Classification_Clips\Harmonium\677.wav,.wav,WAV,22050,1,PCM_16,,3.0,66150,132344,0.46797123551368713,0.925079345703125,0.00018140589569160998,True,True,False,False,Found in isolated instrument folder,False,
Harmonium,harmonium,678.wav,Harmonium\Kaggle_Classification_Clips\Harmonium\678.wav,.wav,WAV,22050,1,PCM_16,,3.0,66150,132344,0.4369092285633087,0.930999755859375,0.00021164021164021165,True,True,False,False,Found in isolated instrument folder,False,
Harmonium,harmonium,679.wav,Harmonium\Kaggle_Classification_Clips\Harmonium\679.wav,.wav,WAV,22050,1,PCM_16,,3.0,66150,132344,0.36762458086013794,0.9310302734375,0.00018140589569160998,True,True,False,False,Found in isolated instrument folder,False,
Harmonium,harmonium,68.wav,Harmonium\Kaggle_Classification_Clips\Harmonium\68.wav,.wav,WAV,22050,1,PCM_16,,3.0,66150,132344,0.3778606355190277,0.921905517578125,0.00022675736961451248,True,True,False,False,Found in isolated instrument folder,False,
Harmonium,harmonium,680.wav,Harmonium\Kaggle_Classification_Clips\Harmonium\680.wav,.wav,WAV,22050,1,PCM_16,,3.0,66150,132344,0.4472953677177429,0.9210205078125,0.00021164021164021165,True,True,False,False,Found in isolated instrument folder,False,
Harmonium,harmonium,681.wav,Harmonium\Kaggle_Classification_Clips\Harmonium\681.wav,.wav,WAV,22050,1,PCM_16,,3.0,66150,132344,0.3986166715621948,0.923309326171875,0.00012093726379440664,True,True,False,False,Found in isolated instrument folder,False,
Harmonium,harmonium,682.wav,Harmonium\Kaggle_Classification_Clips\Harmonium\682.wav,.wav,WAV,22050,1,PCM_16,,3.0,66150,132344,0.4169791638851166,0.924591064453125,0.00012093726379440664,True,True,False,False,Found in isolated instrument folder,False,
Harmonium,harmonium,683.wav,Harmonium\Kaggle_Classification_Clips\Harmonium\683.wav,.wav,WAV,22050,1,PCM_16,,3.0,66150,132344,0.37972787022590637,0.922454833984375,0.00016628873771730915,True,True,False,False,Found in isolated instrument folder,False,
Harmonium,harmonium,684.wav,Harmonium\Kaggle_Classification_Clips\Harmonium\684.wav,.wav,WAV,22050,1,PCM_16,,3.0,66150,132344,0.4227570593357086,0.926666259765625,0.00013605442176870748,True,True,False,False,Found in isolated instrument folder,False,
Harmonium,harmonium,685.wav,Harmonium\Kaggle_Classification_Clips\Harmonium\685.wav,.wav,WAV,22050,1,PCM_16,,3.0,66150,132344,0.4670608341693878,0.927734375,0.00010582010582010582,True,True,False,False,Found in isolated instrument folder,False,
Harmonium,harmonium,686.wav,Harmonium\Kaggle_Classification_Clips\Harmonium\686.wav,.wav,WAV,22050,1,PCM_16,,3.0,66150,132344,0.4498903751373291,0.9228515625,0.00021164021164021165,True,True,False,False,Found in isolated instrument folder,False,
Harmonium,harmonium,687.wav,Harmonium\Kaggle_Classification_Clips\Harmonium\687.wav,.wav,WAV,22050,1,PCM_16,,3.0,66150,132344,0.3747912347316742,0.925933837890625,0.0003779289493575208,True,True,False,False,Found in isolated instrument folder,False,
Harmonium,harmonium,688.wav,Harmonium\Kaggle_Classification_Clips\Harmonium\688.wav,.wav,WAV,22050,1,PCM_16,,3.0,66150,132344,0.4520231783390045,0.9251708984375,0.00018140589569160998,True,True,False,False,Found in isolated instrument folder,False,
Harmonium,harmonium,689.wav,Harmonium\Kaggle_Classification_Clips\Harmonium\689.wav,.wav,WAV,22050,1,PCM_16,,3.0,66150,132344,0.39460116624832153,0.9312744140625,0.0001511715797430083,True,True,False,False,Found in isolated instrument folder,False,
Harmonium,harmonium,69.wav,Harmonium\Kaggle_Classification_Clips\Harmonium\69.wav,.wav,WAV,22050,1,PCM_16,,3.0,66150,132344,0.3816107213497162,0.930938720703125,0.0002418745275888133,True,True,False,False,Found in isolated instrument folder,False,
Harmonium,harmonium,690.wav,Harmonium\Kaggle_Classification_Clips\Harmonium\690.wav,.wav,WAV,22050,1,PCM_16,,3.0,66150,132344,0.41278910636901855,0.931365966796875,0.00010582010582010582,True,True,False,False,Found in isolated instrument folder,False,
Harmonium,harmonium,691.wav,Harmonium\Kaggle_Classification_Clips\Harmonium\691.wav,.wav,WAV,22050,1,PCM_16,,3.0,66150,132344,0.3816600739955902,0.92535400390625,9.070294784580499e-05,True,True,False,False,Found in isolated instrument folder,False,
Harmonium,harmonium,692.wav,Harmonium\Kaggle_Classification_Clips\Harmonium\692.wav,.wav,WAV,22050,1,PCM_16,,3.0,66150,132344,0.4254744350910187,0.930023193359375,0.00018140589569160998,True,True,False,False,Found in isolated instrument folder,False,
Harmonium,harmonium,693.wav,Harmonium\Kaggle_Classification_Clips\Harmonium\693.wav,.wav,WAV,22050,1,PCM_16,,3.0,66150,132344,0.45912113785743713,0.92681884765625,0.00018140589569160998,True,True,False,False,Found in isolated instrument folder,False,
Harmonium,harmonium,694.wav,Harmonium\Kaggle_Classification_Clips\Harmonium\694.wav,.wav,WAV,22050,1,PCM_16,,3.0,66150,132344,0.4430908262729645,0.943695068359375,0.0001511715797430083,True,True,False,False,Found in isolated instrument folder,False,
Harmonium,harmonium,695.wav,Harmonium\Kaggle_Classification_Clips\Harmonium\695.wav,.wav,WAV,22050,1,PCM_16,,3.0,66150,132344,0.3734534978866577,0.92999267578125,0.00021164021164021165,True,True,False,False,Found in isolated instrument folder,False,
Harmonium,harmonium,696.wav,Harmonium\Kaggle_Classification_Clips\Harmonium\696.wav,.wav,WAV,22050,1,PCM_16,,3.0,66150,132344,0.44723430275917053,0.9298095703125,0.00016628873771730915,True,True,False,False,Found in isolated instrument folder,False,
Harmonium,harmonium,697.wav,Harmonium\Kaggle_Classification_Clips\Harmonium\697.wav,.wav,WAV,22050,1,PCM_16,,3.0,66150,132344,0.39642584323883057,0.921173095703125,0.00019652305366591082,True,True,False,False,Found in isolated instrument folder,False,
Harmonium,harmonium,698.wav,Harmonium\Kaggle_Classification_Clips\Harmonium\698.wav,.wav,WAV,22050,1,PCM_16,,3.0,66150,132344,0.41486334800720215,0.9232177734375,0.00018140589569160998,True,True,False,False,Found in isolated instrument folder,False,
Harmonium,harmonium,699.wav,Harmonium\Kaggle_Classification_Clips\Harmonium\699.wav,.wav,WAV,22050,1,PCM_16,,3.0,66150,132344,0.3782050907611847,0.922760009765625,9.070294784580499e-05,True,True,False,False,Found in isolated instrument folder,False,
Harmonium,harmonium,7.wav,Harmonium\Kaggle_Classification_Clips\Harmonium\7.wav,.wav,WAV,22050,1,PCM_16,,3.0,66150,132344,0.38719767332077026,0.921722412109375,0.00022675736961451248,True,True,False,False,Found in isolated instrument folder,False,
Harmonium,harmonium,70.wav,Harmonium\Kaggle_Classification_Clips\Harmonium\70.wav,.wav,WAV,22050,1,PCM_16,,3.0,66150,132344,0.42730000615119934,0.931427001953125,0.00021164021164021165,True,True,False,False,Found in isolated instrument folder,False,
Harmonium,harmonium,700.wav,Harmonium\Kaggle_Classification_Clips\Harmonium\700.wav,.wav,WAV,22050,1,PCM_16,,3.0,66150,132344,0.4304448962211609,0.9332275390625,0.00012093726379440664,True,True,False,False,Found in isolated instrument folder,False,
Harmonium,harmonium,701.wav,Harmonium\Kaggle_Classification_Clips\Harmonium\701.wav,.wav,WAV,22050,1,PCM_16,,3.0,66150,132344,0.46001148223876953,0.92633056640625,0.00012093726379440664,True,True,False,False,Found in isolated instrument folder,False,
Harmonium,harmonium,702.wav,Harmonium\Kaggle_Classification_Clips\Harmonium\702.wav,.wav,WAV,22050,1,PCM_16,,3.0,66150,132344,0.44323763251304626,0.936492919921875,0.00013605442176870748,True,True,False,False,Found in isolated instrument folder,False,
Harmonium,harmonium,703.wav,Harmonium\Kaggle_Classification_Clips\Harmonium\703.wav,.wav,WAV,22050,1,PCM_16,,3.0,66150,132344,0.37232983112335205,0.927642822265625,0.0002872260015117158,True,True,False,False,Found in isolated instrument folder,False,
Harmonium,harmonium,704.wav,Harmonium\Kaggle_Classification_Clips\Harmonium\704.wav,.wav,WAV,22050,1,PCM_16,,3.0,66150,132344,0.4451460540294647,0.925018310546875,0.0001511715797430083,True,True,False,False,Found in isolated instrument folder,False,
Harmonium,harmonium,705.wav,Harmonium\Kaggle_Classification_Clips\Harmonium\705.wav,.wav,WAV,22050,1,PCM_16,,3.0,66150,132344,0.4023323655128479,0.92510986328125,0.00027210884353741496,True,True,False,False,Found in isolated instrument folder,False,
Harmonium,harmonium,706.wav,Harmonium\Kaggle_Classification_Clips\Harmonium\706.wav,.wav,WAV,22050,1,PCM_16,,3.0,66150,132344,0.42435383796691895,0.93121337890625,0.00010582010582010582,True,True,False,False,Found in isolated instrument folder,False,
Harmonium,harmonium,707.wav,Harmonium\Kaggle_Classification_Clips\Harmonium\707.wav,.wav,WAV,22050,1,PCM_16,,3.0,66150,132344,0.38079556822776794,0.927337646484375,0.0002872260015117158,True,True,False,False,Found in isolated instrument folder,False,
Harmonium,harmonium,708.wav,Harmonium\Kaggle_Classification_Clips\Harmonium\708.wav,.wav,WAV,22050,1,PCM_16,,3.0,66150,132344,0.42842453718185425,0.931640625,0.00019652305366591082,True,True,False,False,Found in isolated instrument folder,False,
Harmonium,harmonium,709.wav,Harmonium\Kaggle_Classification_Clips\Harmonium\709.wav,.wav,WAV,22050,1,PCM_16,,3.0,66150,132344,0.46679818630218506,0.93017578125,0.00010582010582010582,True,True,False,False,Found in isolated instrument folder,False,
Harmonium,harmonium,71.wav,Harmonium\Kaggle_Classification_Clips\Harmonium\71.wav,.wav,WAV,22050,1,PCM_16,,3.0,66150,132344,0.38734328746795654,0.923431396484375,0.00022675736961451248,True,True,False,False,Found in isolated instrument folder,False,
Harmonium,harmonium,710.wav,Harmonium\Kaggle_Classification_Clips\Harmonium\710.wav,.wav,WAV,22050,1,PCM_16,,3.0,66150,132344,0.4384443759918213,0.9359130859375,0.00013605442176870748,True,True,False,False,Found in isolated instrument folder,False,
Harmonium,harmonium,711.wav,Harmonium\Kaggle_Classification_Clips\Harmonium\711.wav,.wav,WAV,22050,1,PCM_16,,3.0,66150,132344,0.37422484159469604,0.9290771484375,0.00022675736961451248,True,True,False,False,Found in isolated instrument folder,False,
Harmonium,harmonium,712.wav,Harmonium\Kaggle_Classification_Clips\Harmonium\712.wav,.wav,WAV,22050,1,PCM_16,,3.0,66150,132344,0.44302064180374146,0.92535400390625,0.00012093726379440664,True,True,False,False,Found in isolated instrument folder,False,
Harmonium,harmonium,713.wav,Harmonium\Kaggle_Classification_Clips\Harmonium\713.wav,.wav,WAV,22050,1,PCM_16,,3.0,66150,132344,0.39773237705230713,0.92352294921875,0.0001511715797430083,True,True,False,False,Found in isolated instrument folder,False,
Harmonium,harmonium,714.wav,Harmonium\Kaggle_Classification_Clips\Harmonium\714.wav,.wav,WAV,22050,1,PCM_16,,3.0,66150,132344,0.4215882420539856,0.933349609375,0.00027210884353741496,True,True,False,False,Found in isolated instrument folder,False,
Harmonium,harmonium,715.wav,Harmonium\Kaggle_Classification_Clips\Harmonium\715.wav,.wav,WAV,22050,1,PCM_16,,3.0,66150,132344,0.3801075220108032,0.9263916015625,6.046863189720332e-05,True,True,False,False,Found in isolated instrument folder,False,
Harmonium,harmonium,716.wav,Harmonium\Kaggle_Classification_Clips\Harmonium\716.wav,.wav,WAV,22050,1,PCM_16,,3.0,66150,132344,0.4252542555332184,0.93084716796875,0.00010582010582010582,True,True,False,False,Found in isolated instrument folder,False,
Harmonium,harmonium,717.wav,Harmonium\Kaggle_Classification_Clips\Harmonium\717.wav,.wav,WAV,22050,1,PCM_16,,3.0,66150,132344,0.4648423194885254,0.92462158203125,0.00019652305366591082,True,True,False,False,Found in isolated instrument folder,False,
Harmonium,harmonium,718.wav,Harmonium\Kaggle_Classification_Clips\Harmonium\718.wav,.wav,WAV,22050,1,PCM_16,,3.0,66150,132344,0.4386688768863678,0.926544189453125,0.00016628873771730915,True,True,False,False,Found in isolated instrument folder,False,
Harmonium,harmonium,719.wav,Harmonium\Kaggle_Classification_Clips\Harmonium\719.wav,.wav,WAV,22050,1,PCM_16,,3.0,66150,132344,0.3691748082637787,0.933074951171875,0.00019652305366591082,True,True,False,False,Found in isolated instrument folder,False,
Harmonium,harmonium,72.wav,Harmonium\Kaggle_Classification_Clips\Harmonium\72.wav,.wav,WAV,22050,1,PCM_16,,3.0,66150,132344,0.37821444869041443,0.9212646484375,0.0002872260015117158,True,True,False,False,Found in isolated instrument folder,False,
Harmonium,harmonium,720.wav,Harmonium\Kaggle_Classification_Clips\Harmonium\720.wav,.wav,WAV,22050,1,PCM_16,,3.0,66150,132344,0.4434346854686737,0.922088623046875,0.00010582010582010582,True,True,False,False,Found in isolated instrument folder,False,
Harmonium,harmonium,721.wav,Harmonium\Kaggle_Classification_Clips\Harmonium\721.wav,.wav,WAV,22050,1,PCM_16,,3.0,66150,132344,0.3988284170627594,0.92041015625,0.00019652305366591082,True,True,False,False,Found in isolated instrument folder,False,
Harmonium,harmonium,722.wav,Harmonium\Kaggle_Classification_Clips\Harmonium\722.wav,.wav,WAV,22050,1,PCM_16,,3.0,66150,132344,0.4149535000324249,0.93048095703125,0.00018140589569160998,True,True,False,False,Found in isolated instrument folder,False,
Harmonium,harmonium,723.wav,Harmonium\Kaggle_Classification_Clips\Harmonium\723.wav,.wav,WAV,22050,1,PCM_16,,3.0,66150,132344,0.3825516402721405,0.92681884765625,9.070294784580499e-05,True,True,False,False,Found in isolated instrument folder,False,
Harmonium,harmonium,724.wav,Harmonium\Kaggle_Classification_Clips\Harmonium\724.wav,.wav,WAV,22050,1,PCM_16,,3.0,66150,132344,0.42060673236846924,0.930633544921875,0.0001511715797430083,True,True,False,False,Found in isolated instrument folder,False,
Harmonium,harmonium,725.wav,Harmonium\Kaggle_Classification_Clips\Harmonium\725.wav,.wav,WAV,22050,1,PCM_16,,3.0,66150,132344,0.4706480801105499,0.92755126953125,0.00013605442176870748,True,True,False,False,Found in isolated instrument folder,False,
Harmonium,harmonium,726.wav,Harmonium\Kaggle_Classification_Clips\Harmonium\726.wav,.wav,WAV,22050,1,PCM_16,,3.0,66150,132344,0.45004257559776306,0.931121826171875,0.00019652305366591082,True,True,False,False,Found in isolated instrument folder,False,
Harmonium,harmonium,727.wav,Harmonium\Kaggle_Classification_Clips\Harmonium\727.wav,.wav,WAV,22050,1,PCM_16,,3.0,66150,132344,0.3758402466773987,0.937255859375,0.00036281179138321996,True,True,False,False,Found in isolated instrument folder,False,
Harmonium,harmonium,728.wav,Harmonium\Kaggle_Classification_Clips\Harmonium\728.wav,.wav,WAV,22050,1,PCM_16,,3.0,66150,132344,0.4567677080631256,0.92205810546875,0.00018140589569160998,True,True,False,False,Found in isolated instrument folder,False,
Harmonium,harmonium,729.wav,Harmonium\Kaggle_Classification_Clips\Harmonium\729.wav,.wav,WAV,22050,1,PCM_16,,3.0,66150,132344,0.4019784927368164,0.928436279296875,0.0001511715797430083,True,True,False,False,Found in isolated instrument folder,False,
Harmonium,harmonium,73.wav,Harmonium\Kaggle_Classification_Clips\Harmonium\73.wav,.wav,WAV,22050,1,PCM_16,,3.0,66150,132344,0.3770976662635803,0.92205810546875,0.00034769463340891913,True,True,False,False,Found in isolated instrument folder,False,
Harmonium,harmonium,730.wav,Harmonium\Kaggle_Classification_Clips\Harmonium\730.wav,.wav,WAV,22050,1,PCM_16,,3.0,66150,132344,0.41803306341171265,0.9271240234375,0.00010582010582010582,True,True,False,False,Found in isolated instrument folder,False,
Harmonium,harmonium,731.wav,Harmonium\Kaggle_Classification_Clips\Harmonium\731.wav,.wav,WAV,22050,1,PCM_16,,3.0,66150,132344,0.3806929290294647,0.922393798828125,0.00022675736961451248,True,True,False,False,Found in isolated instrument folder,False,
Harmonium,harmonium,732.wav,Harmonium\Kaggle_Classification_Clips\Harmonium\732.wav,.wav,WAV,22050,1,PCM_16,,3.0,66150,132344,0.42768213152885437,0.928741455078125,9.070294784580499e-05,True,True,False,False,Found in isolated instrument folder,False,
Harmonium,harmonium,733.wav,Harmonium\Kaggle_Classification_Clips\Harmonium\733.wav,.wav,WAV,22050,1,PCM_16,,3.0,66150,132344,0.4690372347831726,0.925933837890625,0.00012093726379440664,True,True,False,False,Found in isolated instrument folder,False,
Harmonium,harmonium,734.wav,Harmonium\Kaggle_Classification_Clips\Harmonium\734.wav,.wav,WAV,22050,1,PCM_16,,3.0,66150,132344,0.4385971128940582,0.920928955078125,0.0002569916855631141,True,True,False,False,Found in isolated instrument folder,False,
Harmonium,harmonium,735.wav,Harmonium\Kaggle_Classification_Clips\Harmonium\735.wav,.wav,WAV,22050,1,PCM_16,,3.0,66150,132344,0.36449286341667175,0.928070068359375,0.0002569916855631141,True,True,False,False,Found in isolated instrument folder,False,
Harmonium,harmonium,736.wav,Harmonium\Kaggle_Classification_Clips\Harmonium\736.wav,.wav,WAV,22050,1,PCM_16,,3.0,66150,132344,0.44726842641830444,0.92596435546875,0.00018140589569160998,True,True,False,False,Found in isolated instrument folder,False,
Harmonium,harmonium,737.wav,Harmonium\Kaggle_Classification_Clips\Harmonium\737.wav,.wav,WAV,22050,1,PCM_16,,3.0,66150,132344,0.3944717049598694,0.92742919921875,0.00012093726379440664,True,True,False,False,Found in isolated instrument folder,False,
Harmonium,harmonium,738.wav,Harmonium\Kaggle_Classification_Clips\Harmonium\738.wav,.wav,WAV,22050,1,PCM_16,,3.0,66150,132344,0.41725271940231323,0.922821044921875,0.00021164021164021165,True,True,False,False,Found in isolated instrument folder,False,
Harmonium,harmonium,739.wav,Harmonium\Kaggle_Classification_Clips\Harmonium\739.wav,.wav,WAV,22050,1,PCM_16,,3.0,66150,132344,0.38113439083099365,0.92254638671875,0.00012093726379440664,True,True,False,False,Found in isolated instrument folder,False,
Harmonium,harmonium,74.wav,Harmonium\Kaggle_Classification_Clips\Harmonium\74.wav,.wav,WAV,22050,1,PCM_16,,3.0,66150,132344,0.42967942357063293,0.9276123046875,0.00022675736961451248,True,True,False,False,Found in isolated instrument folder,False,
Harmonium,harmonium,740.wav,Harmonium\Kaggle_Classification_Clips\Harmonium\740.wav,.wav,WAV,22050,1,PCM_16,,3.0,66150,132344,0.42706581950187683,0.93121337890625,0.0002872260015117158,True,True,False,False,Found in isolated instrument folder,False,
Harmonium,harmonium,741.wav,Harmonium\Kaggle_Classification_Clips\Harmonium\741.wav,.wav,WAV,22050,1,PCM_16,,3.0,66150,132344,0.46017447113990784,0.926727294921875,0.00016628873771730915,True,True,False,False,Found in isolated instrument folder,False,
Harmonium,harmonium,742.wav,Harmonium\Kaggle_Classification_Clips\Harmonium\742.wav,.wav,WAV,22050,1,PCM_16,,3.0,66150,132344,0.442425400018692,0.9254150390625,0.00018140589569160998,True,True,False,False,Found in isolated instrument folder,False,
Harmonium,harmonium,743.wav,Harmonium\Kaggle_Classification_Clips\Harmonium\743.wav,.wav,WAV,22050,1,PCM_16,,3.0,66150,132344,0.3742530941963196,0.9268798828125,0.0002872260015117158,True,True,False,False,Found in isolated instrument folder,False,
Harmonium,harmonium,744.wav,Harmonium\Kaggle_Classification_Clips\Harmonium\744.wav,.wav,WAV,22050,1,PCM_16,,3.0,66150,132344,0.44842442870140076,0.925262451171875,0.00019652305366591082,True,True,False,False,Found in isolated instrument folder,False,
Harmonium,harmonium,745.wav,Harmonium\Kaggle_Classification_Clips\Harmonium\745.wav,.wav,WAV,22050,1,PCM_16,,3.0,66150,132344,0.39772936701774597,0.926177978515625,0.0001511715797430083,True,True,False,False,Found in isolated instrument folder,False,
Harmonium,harmonium,746.wav,Harmonium\Kaggle_Classification_Clips\Harmonium\746.wav,.wav,WAV,22050,1,PCM_16,,3.0,66150,132344,0.42028218507766724,0.92584228515625,0.00013605442176870748,True,True,False,False,Found in isolated instrument folder,False,
Harmonium,harmonium,747.wav,Harmonium\Kaggle_Classification_Clips\Harmonium\747.wav,.wav,WAV,22050,1,PCM_16,,3.0,66150,132344,0.37174537777900696,0.921112060546875,0.00027210884353741496,True,True,False,False,Found in isolated instrument folder,False,
Harmonium,harmonium,748.wav,Harmonium\Kaggle_Classification_Clips\Harmonium\748.wav,.wav,WAV,22050,1,PCM_16,,3.0,66150,132344,0.4363522231578827,0.93695068359375,0.00019652305366591082,True,True,False,False,Found in isolated instrument folder,False,
Harmonium,harmonium,749.wav,Harmonium\Kaggle_Classification_Clips\Harmonium\749.wav,.wav,WAV,22050,1,PCM_16,,3.0,66150,132344,0.4660263657569885,0.924285888671875,0.00010582010582010582,True,True,False,False,Found in isolated instrument folder,False,
Harmonium,harmonium,75.wav,Harmonium\Kaggle_Classification_Clips\Harmonium\75.wav,.wav,WAV,22050,1,PCM_16,,3.0,66150,132344,0.38550856709480286,0.9234619140625,0.0002418745275888133,True,True,False,False,Found in isolated instrument folder,False,
Harmonium,harmonium,750.wav,Harmonium\Kaggle_Classification_Clips\Harmonium\750.wav,.wav,WAV,22050,1,PCM_16,,3.0,66150,132344,0.4347403943538666,0.927276611328125,0.00022675736961451248,True,True,False,False,Found in isolated instrument folder,False,
Harmonium,harmonium,751.wav,Harmonium\Kaggle_Classification_Clips\Harmonium\751.wav,.wav,WAV,22050,1,PCM_16,,3.0,66150,132344,0.3735460937023163,0.933502197265625,0.00022675736961451248,True,True,False,False,Found in isolated instrument folder,False,
Harmonium,harmonium,752.wav,Harmonium\Kaggle_Classification_Clips\Harmonium\752.wav,.wav,WAV,22050,1,PCM_16,,3.0,66150,132344,0.4375036656856537,0.922271728515625,0.0001511715797430083,True,True,False,False,Found in isolated instrument folder,False,
Harmonium,harmonium,753.wav,Harmonium\Kaggle_Classification_Clips\Harmonium\753.wav,.wav,WAV,22050,1,PCM_16,,3.0,66150,132344,0.39562052488327026,0.928070068359375,0.00016628873771730915,True,True,False,False,Found in isolated instrument folder,False,
Harmonium,harmonium,754.wav,Harmonium\Kaggle_Classification_Clips\Harmonium\754.wav,.wav,WAV,22050,1,PCM_16,,3.0,66150,132344,0.4209439158439636,0.934906005859375,0.00013605442176870748,True,True,False,False,Found in isolated instrument folder,False,
Harmonium,harmonium,755.wav,Harmonium\Kaggle_Classification_Clips\Harmonium\755.wav,.wav,WAV,22050,1,PCM_16,,3.0,66150,132344,0.3832404613494873,0.920379638671875,0.00013605442176870748,True,True,False,False,Found in isolated instrument folder,False,
Harmonium,harmonium,756.wav,Harmonium\Kaggle_Classification_Clips\Harmonium\756.wav,.wav,WAV,22050,1,PCM_16,,3.0,66150,132344,0.4312235414981842,0.9354248046875,0.0001511715797430083,True,True,False,False,Found in isolated instrument folder,False,
Harmonium,harmonium,757.wav,Harmonium\Kaggle_Classification_Clips\Harmonium\757.wav,.wav,WAV,22050,1,PCM_16,,3.0,66150,132344,0.4674409031867981,0.9293212890625,0.00010582010582010582,True,True,False,False,Found in isolated instrument folder,False,
Harmonium,harmonium,758.wav,Harmonium\Kaggle_Classification_Clips\Harmonium\758.wav,.wav,WAV,22050,1,PCM_16,,3.0,66150,132344,0.4394521713256836,0.92755126953125,0.0002569916855631141,True,True,False,False,Found in isolated instrument folder,False,
Harmonium,harmonium,759.wav,Harmonium\Kaggle_Classification_Clips\Harmonium\759.wav,.wav,WAV,22050,1,PCM_16,,3.0,66150,132344,0.3791758120059967,0.931640625,0.0002872260015117158,True,True,False,False,Found in isolated instrument folder,False,
Harmonium,harmonium,76.wav,Harmonium\Kaggle_Classification_Clips\Harmonium\76.wav,.wav,WAV,22050,1,PCM_16,,3.0,66150,132344,0.3830436170101166,0.923187255859375,0.00027210884353741496,True,True,False,False,Found in isolated instrument folder,False,
Harmonium,harmonium,760.wav,Harmonium\Kaggle_Classification_Clips\Harmonium\760.wav,.wav,WAV,22050,1,PCM_16,,3.0,66150,132344,0.4445461928844452,0.9259033203125,0.00010582010582010582,True,True,False,False,Found in isolated instrument folder,False,
Harmonium,harmonium,761.wav,Harmonium\Kaggle_Classification_Clips\Harmonium\761.wav,.wav,WAV,22050,1,PCM_16,,3.0,66150,132344,0.39892104268074036,0.92950439453125,0.0002569916855631141,True,True,False,False,Found in isolated instrument folder,False,
Harmonium,harmonium,762.wav,Harmonium\Kaggle_Classification_Clips\Harmonium\762.wav,.wav,WAV,22050,1,PCM_16,,3.0,66150,132344,0.4219706356525421,0.93017578125,0.00013605442176870748,True,True,False,False,Found in isolated instrument folder,False,
Harmonium,harmonium,763.wav,Harmonium\Kaggle_Classification_Clips\Harmonium\763.wav,.wav,WAV,22050,1,PCM_16,,3.0,66150,132344,0.37881356477737427,0.92413330078125,0.00013605442176870748,True,True,False,False,Found in isolated instrument folder,False,
Harmonium,harmonium,764.wav,Harmonium\Kaggle_Classification_Clips\Harmonium\764.wav,.wav,WAV,22050,1,PCM_16,,3.0,66150,132344,0.4289298951625824,0.931671142578125,0.00016628873771730915,True,True,False,False,Found in isolated instrument folder,False,
Harmonium,harmonium,765.wav,Harmonium\Kaggle_Classification_Clips\Harmonium\765.wav,.wav,WAV,22050,1,PCM_16,,3.0,66150,132344,0.4664677381515503,0.934417724609375,0.00013605442176870748,True,True,False,False,Found in isolated instrument folder,False,
Harmonium,harmonium,766.wav,Harmonium\Kaggle_Classification_Clips\Harmonium\766.wav,.wav,WAV,22050,1,PCM_16,,3.0,66150,132344,0.44268688559532166,0.928314208984375,0.00021164021164021165,True,True,False,False,Found in isolated instrument folder,False,
Harmonium,harmonium,767.wav,Harmonium\Kaggle_Classification_Clips\Harmonium\767.wav,.wav,WAV,22050,1,PCM_16,,3.0,66150,132344,0.37483611702919006,0.9254150390625,0.0004232804232804233,True,True,False,False,Found in isolated instrument folder,False,
Harmonium,harmonium,768.wav,Harmonium\Kaggle_Classification_Clips\Harmonium\768.wav,.wav,WAV,22050,1,PCM_16,,3.0,66150,132344,0.45642298460006714,0.924530029296875,0.0001511715797430083,True,True,False,False,Found in isolated instrument folder,False,
Harmonium,harmonium,769.wav,Harmonium\Kaggle_Classification_Clips\Harmonium\769.wav,.wav,WAV,22050,1,PCM_16,,3.0,66150,132344,0.3991393446922302,0.922454833984375,0.00018140589569160998,True,True,False,False,Found in isolated instrument folder,False,
Harmonium,harmonium,77.wav,Harmonium\Kaggle_Classification_Clips\Harmonium\77.wav,.wav,WAV,22050,1,PCM_16,,3.0,66150,132344,0.3782041370868683,0.924652099609375,0.00016628873771730915,True,True,False,False,Found in isolated instrument folder,False,
Harmonium,harmonium,770.wav,Harmonium\Kaggle_Classification_Clips\Harmonium\770.wav,.wav,WAV,22050,1,PCM_16,,3.0,66150,132344,0.4149649441242218,0.9249267578125,0.0001511715797430083,True,True,False,False,Found in isolated instrument folder,False,
Harmonium,harmonium,771.wav,Harmonium\Kaggle_Classification_Clips\Harmonium\771.wav,.wav,WAV,22050,1,PCM_16,,3.0,66150,132344,0.3812369108200073,0.920013427734375,0.00010582010582010582,True,True,False,False,Found in isolated instrument folder,False,
Harmonium,harmonium,772.wav,Harmonium\Kaggle_Classification_Clips\Harmonium\772.wav,.wav,WAV,22050,1,PCM_16,,3.0,66150,132344,0.42043671011924744,0.926239013671875,0.0002418745275888133,True,True,False,False,Found in isolated instrument folder,False,
Harmonium,harmonium,773.wav,Harmonium\Kaggle_Classification_Clips\Harmonium\773.wav,.wav,WAV,22050,1,PCM_16,,3.0,66150,132344,0.46777215600013733,0.9263916015625,0.00013605442176870748,True,True,False,False,Found in isolated instrument folder,False,
Harmonium,harmonium,774.wav,Harmonium\Kaggle_Classification_Clips\Harmonium\774.wav,.wav,WAV,22050,1,PCM_16,,3.0,66150,132344,0.4373254179954529,0.92767333984375,0.00022675736961451248,True,True,False,False,Found in isolated instrument folder,False,
Harmonium,harmonium,775.wav,Harmonium\Kaggle_Classification_Clips\Harmonium\775.wav,.wav,WAV,22050,1,PCM_16,,3.0,66150,132344,0.3683384954929352,0.93182373046875,0.0002872260015117158,True,True,False,False,Found in isolated instrument folder,False,
Harmonium,harmonium,776.wav,Harmonium\Kaggle_Classification_Clips\Harmonium\776.wav,.wav,WAV,22050,1,PCM_16,,3.0,66150,132344,0.4434816241264343,0.928863525390625,0.00021164021164021165,True,True,False,False,Found in isolated instrument folder,False,
Harmonium,harmonium,777.wav,Harmonium\Kaggle_Classification_Clips\Harmonium\777.wav,.wav,WAV,22050,1,PCM_16,,3.0,66150,132344,0.39566266536712646,0.923492431640625,0.0002418745275888133,True,True,False,False,Found in isolated instrument folder,False,
Harmonium,harmonium,778.wav,Harmonium\Kaggle_Classification_Clips\Harmonium\778.wav,.wav,WAV,22050,1,PCM_16,,3.0,66150,132344,0.41028743982315063,0.93023681640625,0.00021164021164021165,True,True,False,False,Found in isolated instrument folder,False,
Harmonium,harmonium,779.wav,Harmonium\Kaggle_Classification_Clips\Harmonium\779.wav,.wav,WAV,22050,1,PCM_16,,3.0,66150,132344,0.3801933228969574,0.922393798828125,0.00022675736961451248,True,True,False,False,Found in isolated instrument folder,False,
Harmonium,harmonium,78.wav,Harmonium\Kaggle_Classification_Clips\Harmonium\78.wav,.wav,WAV,22050,1,PCM_16,,3.0,66150,132344,0.43371957540512085,0.922271728515625,0.00021164021164021165,True,True,False,False,Found in isolated instrument folder,False,
Harmonium,harmonium,780.wav,Harmonium\Kaggle_Classification_Clips\Harmonium\780.wav,.wav,WAV,22050,1,PCM_16,,3.0,66150,132344,0.4214777648448944,0.928253173828125,0.0001511715797430083,True,True,False,False,Found in isolated instrument folder,False,
Harmonium,harmonium,781.wav,Harmonium\Kaggle_Classification_Clips\Harmonium\781.wav,.wav,WAV,22050,1,PCM_16,,3.0,66150,132344,0.46815305948257446,0.9278564453125,0.00012093726379440664,True,True,False,False,Found in isolated instrument folder,False,
Harmonium,harmonium,782.wav,Harmonium\Kaggle_Classification_Clips\Harmonium\782.wav,.wav,WAV,22050,1,PCM_16,,3.0,66150,132344,0.43875789642333984,0.929290771484375,0.0002418745275888133,True,True,False,False,Found in isolated instrument folder,False,
Harmonium,harmonium,783.wav,Harmonium\Kaggle_Classification_Clips\Harmonium\783.wav,.wav,WAV,22050,1,PCM_16,,3.0,66150,132344,0.36683857440948486,0.923797607421875,0.0003023431594860166,True,True,False,False,Found in isolated instrument folder,False,
Harmonium,harmonium,784.wav,Harmonium\Kaggle_Classification_Clips\Harmonium\784.wav,.wav,WAV,22050,1,PCM_16,,3.0,66150,132344,0.44680264592170715,0.926849365234375,0.00016628873771730915,True,True,False,False,Found in isolated instrument folder,False,
Harmonium,harmonium,785.wav,Harmonium\Kaggle_Classification_Clips\Harmonium\785.wav,.wav,WAV,22050,1,PCM_16,,3.0,66150,132344,0.3979392349720001,0.9237060546875,0.0001511715797430083,True,True,False,False,Found in isolated instrument folder,False,
Harmonium,harmonium,786.wav,Harmonium\Kaggle_Classification_Clips\Harmonium\786.wav,.wav,WAV,22050,1,PCM_16,,3.0,66150,132344,0.4196898937225342,0.92449951171875,0.0002418745275888133,True,True,False,False,Found in isolated instrument folder,False,
Harmonium,harmonium,787.wav,Harmonium\Kaggle_Classification_Clips\Harmonium\787.wav,.wav,WAV,22050,1,PCM_16,,3.0,66150,132344,0.371521919965744,0.924957275390625,0.00019652305366591082,True,True,False,False,Found in isolated instrument folder,False,
Harmonium,harmonium,788.wav,Harmonium\Kaggle_Classification_Clips\Harmonium\788.wav,.wav,WAV,22050,1,PCM_16,,3.0,66150,132344,0.4366724193096161,0.92535400390625,0.00013605442176870748,True,True,False,False,Found in isolated instrument folder,False,
Harmonium,harmonium,789.wav,Harmonium\Kaggle_Classification_Clips\Harmonium\789.wav,.wav,WAV,22050,1,PCM_16,,3.0,66150,132344,0.46763089299201965,0.92449951171875,9.070294784580499e-05,True,True,False,False,Found in isolated instrument folder,False,
Harmonium,harmonium,79.wav,Harmonium\Kaggle_Classification_Clips\Harmonium\79.wav,.wav,WAV,22050,1,PCM_16,,3.0,66150,132344,0.3821370601654053,0.930389404296875,0.00022675736961451248,True,True,False,False,Found in isolated instrument folder,False,
Harmonium,harmonium,790.wav,Harmonium\Kaggle_Classification_Clips\Harmonium\790.wav,.wav,WAV,22050,1,PCM_16,,3.0,66150,132344,0.4446195363998413,0.929901123046875,0.00018140589569160998,True,True,False,False,Found in isolated instrument folder,False,
Harmonium,harmonium,791.wav,Harmonium\Kaggle_Classification_Clips\Harmonium\791.wav,.wav,WAV,22050,1,PCM_16,,3.0,66150,132344,0.36913159489631653,0.9322509765625,0.00019652305366591082,True,True,False,False,Found in isolated instrument folder,False,
Harmonium,harmonium,792.wav,Harmonium\Kaggle_Classification_Clips\Harmonium\792.wav,.wav,WAV,22050,1,PCM_16,,3.0,66150,132344,0.44591811299324036,0.929718017578125,0.00018140589569160998,True,True,False,False,Found in isolated instrument folder,False,
Harmonium,harmonium,793.wav,Harmonium\Kaggle_Classification_Clips\Harmonium\793.wav,.wav,WAV,22050,1,PCM_16,,3.0,66150,132344,0.3975122272968292,0.928558349609375,0.0002569916855631141,True,True,False,False,Found in isolated instrument folder,False,
Harmonium,harmonium,794.wav,Harmonium\Kaggle_Classification_Clips\Harmonium\794.wav,.wav,WAV,22050,1,PCM_16,,3.0,66150,132344,0.4165663421154022,0.931549072265625,7.558578987150416e-05,True,True,False,False,Found in isolated instrument folder,False,
Harmonium,harmonium,795.wav,Harmonium\Kaggle_Classification_Clips\Harmonium\795.wav,.wav,WAV,22050,1,PCM_16,,3.0,66150,132344,0.37948617339134216,0.92803955078125,0.0002569916855631141,True,True,False,False,Found in isolated instrument folder,False,
Harmonium,harmonium,796.wav,Harmonium\Kaggle_Classification_Clips\Harmonium\796.wav,.wav,WAV,22050,1,PCM_16,,3.0,66150,132344,0.42297136783599854,0.934814453125,0.0001511715797430083,True,True,False,False,Found in isolated instrument folder,False,
Harmonium,harmonium,797.wav,Harmonium\Kaggle_Classification_Clips\Harmonium\797.wav,.wav,WAV,22050,1,PCM_16,,3.0,66150,132344,0.4583955407142639,0.922943115234375,9.070294784580499e-05,True,True,False,False,Found in isolated instrument folder,False,
Harmonium,harmonium,798.wav,Harmonium\Kaggle_Classification_Clips\Harmonium\798.wav,.wav,WAV,22050,1,PCM_16,,3.0,66150,132344,0.43899664282798767,0.92919921875,0.00022675736961451248,True,True,False,False,Found in isolated instrument folder,False,
Harmonium,harmonium,799.wav,Harmonium\Kaggle_Classification_Clips\Harmonium\799.wav,.wav,WAV,22050,1,PCM_16,,3.0,66150,132344,0.37445932626724243,0.929656982421875,0.0002872260015117158,True,True,False,False,Found in isolated instrument folder,False,
Harmonium,harmonium,8.wav,Harmonium\Kaggle_Classification_Clips\Harmonium\8.wav,.wav,WAV,22050,1,PCM_16,,3.0,66150,132344,0.37805211544036865,0.929046630859375,0.0002569916855631141,True,True,False,False,Found in isolated instrument folder,False,
Harmonium,harmonium,80.wav,Harmonium\Kaggle_Classification_Clips\Harmonium\80.wav,.wav,WAV,22050,1,PCM_16,,3.0,66150,132344,0.3806650936603546,0.925994873046875,0.00022675736961451248,True,True,False,False,Found in isolated instrument folder,False,
Harmonium,harmonium,800.wav,Harmonium\Kaggle_Classification_Clips\Harmonium\800.wav,.wav,WAV,22050,1,PCM_16,,3.0,66150,132344,0.4376324415206909,0.932708740234375,0.0001511715797430083,True,True,False,False,Found in isolated instrument folder,False,
Harmonium,harmonium,801.wav,Harmonium\Kaggle_Classification_Clips\Harmonium\801.wav,.wav,WAV,22050,1,PCM_16,,3.0,66150,132344,0.3976516127586365,0.926239013671875,0.00010582010582010582,True,True,False,False,Found in isolated instrument folder,False,
Harmonium,harmonium,802.wav,Harmonium\Kaggle_Classification_Clips\Harmonium\802.wav,.wav,WAV,22050,1,PCM_16,,3.0,66150,132344,0.41331908106803894,0.929046630859375,0.0001511715797430083,True,True,False,False,Found in isolated instrument folder,False,
Harmonium,harmonium,803.wav,Harmonium\Kaggle_Classification_Clips\Harmonium\803.wav,.wav,WAV,22050,1,PCM_16,,3.0,66150,132344,0.38431090116500854,0.924530029296875,0.00013605442176870748,True,True,False,False,Found in isolated instrument folder,False,
Harmonium,harmonium,804.wav,Harmonium\Kaggle_Classification_Clips\Harmonium\804.wav,.wav,WAV,22050,1,PCM_16,,3.0,66150,132344,0.4256230294704437,0.925872802734375,0.0001511715797430083,True,True,False,False,Found in isolated instrument folder,False,
Harmonium,harmonium,805.wav,Harmonium\Kaggle_Classification_Clips\Harmonium\805.wav,.wav,WAV,22050,1,PCM_16,,3.0,66150,132344,0.47071564197540283,0.9293212890625,0.00013605442176870748,True,True,False,False,Found in isolated instrument folder,False,
Harmonium,harmonium,806.wav,Harmonium\Kaggle_Classification_Clips\Harmonium\806.wav,.wav,WAV,22050,1,PCM_16,,3.0,66150,132344,0.43944430351257324,0.93157958984375,0.00019652305366591082,True,True,False,False,Found in isolated instrument folder,False,
Harmonium,harmonium,807.wav,Harmonium\Kaggle_Classification_Clips\Harmonium\807.wav,.wav,WAV,22050,1,PCM_16,,3.0,66150,132344,0.3773547112941742,0.9232177734375,0.0005291005291005291,True,True,False,False,Found in isolated instrument folder,False,
Harmonium,harmonium,808.wav,Harmonium\Kaggle_Classification_Clips\Harmonium\808.wav,.wav,WAV,22050,1,PCM_16,,3.0,66150,132344,0.4636977016925812,0.921722412109375,0.00022675736961451248,True,True,False,False,Found in isolated instrument folder,False,
Harmonium,harmonium,809.wav,Harmonium\Kaggle_Classification_Clips\Harmonium\809.wav,.wav,WAV,22050,1,PCM_16,,3.0,66150,132344,0.4000365138053894,0.923980712890625,0.00021164021164021165,True,True,False,False,Found in isolated instrument folder,False,
Harmonium,harmonium,81.wav,Harmonium\Kaggle_Classification_Clips\Harmonium\81.wav,.wav,WAV,22050,1,PCM_16,,3.0,66150,132344,0.38277512788772583,0.923492431640625,0.0002872260015117158,True,True,False,False,Found in isolated instrument folder,False,
Harmonium,harmonium,810.wav,Harmonium\Kaggle_Classification_Clips\Harmonium\810.wav,.wav,WAV,22050,1,PCM_16,,3.0,66150,132344,0.4233410358428955,0.93035888671875,0.00012093726379440664,True,True,False,False,Found in isolated instrument folder,False,
Harmonium,harmonium,811.wav,Harmonium\Kaggle_Classification_Clips\Harmonium\811.wav,.wav,WAV,22050,1,PCM_16,,3.0,66150,132344,0.3813387155532837,0.92034912109375,0.00021164021164021165,True,True,False,False,Found in isolated instrument folder,False,
Harmonium,harmonium,812.wav,Harmonium\Kaggle_Classification_Clips\Harmonium\812.wav,.wav,WAV,22050,1,PCM_16,,3.0,66150,132344,0.4281257688999176,0.93035888671875,0.00010582010582010582,True,True,False,False,Found in isolated instrument folder,False,
Harmonium,harmonium,813.wav,Harmonium\Kaggle_Classification_Clips\Harmonium\813.wav,.wav,WAV,22050,1,PCM_16,,3.0,66150,132344,0.46359434723854065,0.923797607421875,0.00013605442176870748,True,True,False,False,Found in isolated instrument folder,False,
Harmonium,harmonium,814.wav,Harmonium\Kaggle_Classification_Clips\Harmonium\814.wav,.wav,WAV,22050,1,PCM_16,,3.0,66150,132344,0.43732523918151855,0.92462158203125,0.00022675736961451248,True,True,False,False,Found in isolated instrument folder,False,
Harmonium,harmonium,815.wav,Harmonium\Kaggle_Classification_Clips\Harmonium\815.wav,.wav,WAV,22050,1,PCM_16,,3.0,66150,132344,0.369352787733078,0.925384521484375,0.00036281179138321996,True,True,False,False,Found in isolated instrument folder,False,
Harmonium,harmonium,816.wav,Harmonium\Kaggle_Classification_Clips\Harmonium\816.wav,.wav,WAV,22050,1,PCM_16,,3.0,66150,132344,0.4436189532279968,0.926025390625,0.0002569916855631141,True,True,False,False,Found in isolated instrument folder,False,
Harmonium,harmonium,817.wav,Harmonium\Kaggle_Classification_Clips\Harmonium\817.wav,.wav,WAV,22050,1,PCM_16,,3.0,66150,132344,0.39668190479278564,0.922149658203125,0.0002418745275888133,True,True,False,False,Found in isolated instrument folder,False,
Harmonium,harmonium,818.wav,Harmonium\Kaggle_Classification_Clips\Harmonium\818.wav,.wav,WAV,22050,1,PCM_16,,3.0,66150,132344,0.4210176169872284,0.92413330078125,0.00016628873771730915,True,True,False,False,Found in isolated instrument folder,False,
Harmonium,harmonium,819.wav,Harmonium\Kaggle_Classification_Clips\Harmonium\819.wav,.wav,WAV,22050,1,PCM_16,,3.0,66150,132344,0.3797732889652252,0.93316650390625,0.00012093726379440664,True,True,False,False,Found in isolated instrument folder,False,
Harmonium,harmonium,82.wav,Harmonium\Kaggle_Classification_Clips\Harmonium\82.wav,.wav,WAV,22050,1,PCM_16,,3.0,66150,132344,0.4286305010318756,0.92547607421875,0.00027210884353741496,True,True,False,False,Found in isolated instrument folder,False,
Harmonium,harmonium,820.wav,Harmonium\Kaggle_Classification_Clips\Harmonium\820.wav,.wav,WAV,22050,1,PCM_16,,3.0,66150,132344,0.42572590708732605,0.930511474609375,0.00018140589569160998,True,True,False,False,Found in isolated instrument folder,False,
Harmonium,harmonium,821.wav,Harmonium\Kaggle_Classification_Clips\Harmonium\821.wav,.wav,WAV,22050,1,PCM_16,,3.0,66150,132344,0.46720272302627563,0.923187255859375,9.070294784580499e-05,True,True,False,False,Found in isolated instrument folder,False,
Harmonium,harmonium,822.wav,Harmonium\Kaggle_Classification_Clips\Harmonium\822.wav,.wav,WAV,22050,1,PCM_16,,3.0,66150,132344,0.4362243413925171,0.931488037109375,0.00013605442176870748,True,True,False,False,Found in isolated instrument folder,False,
Harmonium,harmonium,823.wav,Harmonium\Kaggle_Classification_Clips\Harmonium\823.wav,.wav,WAV,22050,1,PCM_16,,3.0,66150,132344,0.3654458224773407,0.92559814453125,0.0002872260015117158,True,True,False,False,Found in isolated instrument folder,False,
Harmonium,harmonium,824.wav,Harmonium\Kaggle_Classification_Clips\Harmonium\824.wav,.wav,WAV,22050,1,PCM_16,,3.0,66150,132344,0.44141343235969543,0.926605224609375,0.00019652305366591082,True,True,False,False,Found in isolated instrument folder,False,
Harmonium,harmonium,825.wav,Harmonium\Kaggle_Classification_Clips\Harmonium\825.wav,.wav,WAV,22050,1,PCM_16,,3.0,66150,132344,0.40179070830345154,0.9306640625,0.00021164021164021165,True,True,False,False,Found in isolated instrument folder,False,
Harmonium,harmonium,826.wav,Harmonium\Kaggle_Classification_Clips\Harmonium\826.wav,.wav,WAV,22050,1,PCM_16,,3.0,66150,132344,0.417927086353302,0.929168701171875,0.00018140589569160998,True,True,False,False,Found in isolated instrument folder,False,
Harmonium,harmonium,827.wav,Harmonium\Kaggle_Classification_Clips\Harmonium\827.wav,.wav,WAV,22050,1,PCM_16,,3.0,66150,132344,0.37467023730278015,0.9189453125,0.00010582010582010582,True,True,False,False,Found in isolated instrument folder,False,
Harmonium,harmonium,828.wav,Harmonium\Kaggle_Classification_Clips\Harmonium\828.wav,.wav,WAV,22050,1,PCM_16,,3.0,66150,132344,0.43930432200431824,0.92437744140625,0.0002569916855631141,True,True,False,False,Found in isolated instrument folder,False,
Harmonium,harmonium,829.wav,Harmonium\Kaggle_Classification_Clips\Harmonium\829.wav,.wav,WAV,22050,1,PCM_16,,3.0,66150,132344,0.46707460284233093,0.927764892578125,0.0001511715797430083,True,True,False,False,Found in isolated instrument folder,False,
Harmonium,harmonium,83.wav,Harmonium\Kaggle_Classification_Clips\Harmonium\83.wav,.wav,WAV,22050,1,PCM_16,,3.0,66150,132344,0.384072870016098,0.92694091796875,0.00021164021164021165,True,True,False,False,Found in isolated instrument folder,False,
Harmonium,harmonium,830.wav,Harmonium\Kaggle_Classification_Clips\Harmonium\830.wav,.wav,WAV,22050,1,PCM_16,,3.0,66150,132344,0.4372440278530121,0.924835205078125,0.00016628873771730915,True,True,False,False,Found in isolated instrument folder,False,
Harmonium,harmonium,831.wav,Harmonium\Kaggle_Classification_Clips\Harmonium\831.wav,.wav,WAV,22050,1,PCM_16,,3.0,66150,132344,0.36945322155952454,0.926971435546875,0.00027210884353741496,True,True,False,False,Found in isolated instrument folder,False,
Harmonium,harmonium,832.wav,Harmonium\Kaggle_Classification_Clips\Harmonium\832.wav,.wav,WAV,22050,1,PCM_16,,3.0,66150,132344,0.44243472814559937,0.925445556640625,0.00019652305366591082,True,True,False,False,Found in isolated instrument folder,False,
Harmonium,harmonium,833.wav,Harmonium\Kaggle_Classification_Clips\Harmonium\833.wav,.wav,WAV,22050,1,PCM_16,,3.0,66150,132344,0.39964112639427185,0.93389892578125,9.070294784580499e-05,True,True,False,False,Found in isolated instrument folder,False,
Harmonium,harmonium,834.wav,Harmonium\Kaggle_Classification_Clips\Harmonium\834.wav,.wav,WAV,22050,1,PCM_16,,3.0,66150,132344,0.4155429005622864,0.926361083984375,0.00016628873771730915,True,True,False,False,Found in isolated instrument folder,False,
Harmonium,harmonium,835.wav,Harmonium\Kaggle_Classification_Clips\Harmonium\835.wav,.wav,WAV,22050,1,PCM_16,,3.0,66150,132344,0.38405996561050415,0.920440673828125,0.00019652305366591082,True,True,False,False,Found in isolated instrument folder,False,
Harmonium,harmonium,836.wav,Harmonium\Kaggle_Classification_Clips\Harmonium\836.wav,.wav,WAV,22050,1,PCM_16,,3.0,66150,132344,0.4246245324611664,0.92987060546875,0.00013605442176870748,True,True,False,False,Found in isolated instrument folder,False,
Harmonium,harmonium,837.wav,Harmonium\Kaggle_Classification_Clips\Harmonium\837.wav,.wav,WAV,22050,1,PCM_16,,3.0,66150,132344,0.4630948007106781,0.931121826171875,0.00016628873771730915,True,True,False,False,Found in isolated instrument folder,False,
Harmonium,harmonium,838.wav,Harmonium\Kaggle_Classification_Clips\Harmonium\838.wav,.wav,WAV,22050,1,PCM_16,,3.0,66150,132344,0.4423619210720062,0.931884765625,0.0002418745275888133,True,True,False,False,Found in isolated instrument folder,False,
Harmonium,harmonium,839.wav,Harmonium\Kaggle_Classification_Clips\Harmonium\839.wav,.wav,WAV,22050,1,PCM_16,,3.0,66150,132344,0.37165719270706177,0.9326171875,0.00034769463340891913,True,True,False,False,Found in isolated instrument folder,False,
Harmonium,harmonium,84.wav,Harmonium\Kaggle_Classification_Clips\Harmonium\84.wav,.wav,WAV,22050,1,PCM_16,,3.0,66150,132344,0.3779844641685486,0.92547607421875,0.0002418745275888133,True,True,False,False,Found in isolated instrument folder,False,
Harmonium,harmonium,840.wav,Harmonium\Kaggle_Classification_Clips\Harmonium\840.wav,.wav,WAV,22050,1,PCM_16,,3.0,66150,132344,0.44733187556266785,0.93426513671875,0.00019652305366591082,True,True,False,False,Found in isolated instrument folder,False,
Harmonium,harmonium,841.wav,Harmonium\Kaggle_Classification_Clips\Harmonium\841.wav,.wav,WAV,22050,1,PCM_16,,3.0,66150,132344,0.3955068588256836,0.921173095703125,0.0002418745275888133,True,True,False,False,Found in isolated instrument folder,False,
Harmonium,harmonium,842.wav,Harmonium\Kaggle_Classification_Clips\Harmonium\842.wav,.wav,WAV,22050,1,PCM_16,,3.0,66150,132344,0.4136296510696411,0.925811767578125,0.00012093726379440664,True,True,False,False,Found in isolated instrument folder,False,
Harmonium,harmonium,843.wav,Harmonium\Kaggle_Classification_Clips\Harmonium\843.wav,.wav,WAV,22050,1,PCM_16,,3.0,66150,132344,0.38133952021598816,0.924530029296875,0.00019652305366591082,True,True,False,False,Found in isolated instrument folder,False,
Harmonium,harmonium,844.wav,Harmonium\Kaggle_Classification_Clips\Harmonium\844.wav,.wav,WAV,22050,1,PCM_16,,3.0,66150,132344,0.42600730061531067,0.927154541015625,0.0001511715797430083,True,True,False,False,Found in isolated instrument folder,False,
Harmonium,harmonium,845.wav,Harmonium\Kaggle_Classification_Clips\Harmonium\845.wav,.wav,WAV,22050,1,PCM_16,,3.0,66150,132344,0.458249568939209,0.924407958984375,0.00010582010582010582,True,True,False,False,Found in isolated instrument folder,False,
Harmonium,harmonium,846.wav,Harmonium\Kaggle_Classification_Clips\Harmonium\846.wav,.wav,WAV,22050,1,PCM_16,,3.0,66150,132344,0.4446299374103546,0.92791748046875,0.0001511715797430083,True,True,False,False,Found in isolated instrument folder,False,
Harmonium,harmonium,847.wav,Harmonium\Kaggle_Classification_Clips\Harmonium\847.wav,.wav,WAV,22050,1,PCM_16,,3.0,66150,132344,0.3725106418132782,0.924530029296875,0.00034769463340891913,True,True,False,False,Found in isolated instrument folder,False,
Harmonium,harmonium,848.wav,Harmonium\Kaggle_Classification_Clips\Harmonium\848.wav,.wav,WAV,22050,1,PCM_16,,3.0,66150,132344,0.4653697609901428,0.923004150390625,0.00010582010582010582,True,True,False,False,Found in isolated instrument folder,False,
Harmonium,harmonium,849.wav,Harmonium\Kaggle_Classification_Clips\Harmonium\849.wav,.wav,WAV,22050,1,PCM_16,,3.0,66150,132344,0.39787277579307556,0.923828125,0.0002418745275888133,True,True,False,False,Found in isolated instrument folder,False,
Harmonium,harmonium,85.wav,Harmonium\Kaggle_Classification_Clips\Harmonium\85.wav,.wav,WAV,22050,1,PCM_16,,3.0,66150,132344,0.38176628947257996,0.9281005859375,0.0003023431594860166,True,True,False,False,Found in isolated instrument folder,False,
Harmonium,harmonium,850.wav,Harmonium\Kaggle_Classification_Clips\Harmonium\850.wav,.wav,WAV,22050,1,PCM_16,,3.0,66150,132344,0.41684409976005554,0.929534912109375,0.00013605442176870748,True,True,False,False,Found in isolated instrument folder,False,
Harmonium,harmonium,851.wav,Harmonium\Kaggle_Classification_Clips\Harmonium\851.wav,.wav,WAV,22050,1,PCM_16,,3.0,66150,132344,0.3783462345600128,0.918792724609375,0.0002418745275888133,True,True,False,False,Found in isolated instrument folder,False,
Harmonium,harmonium,852.wav,Harmonium\Kaggle_Classification_Clips\Harmonium\852.wav,.wav,WAV,22050,1,PCM_16,,3.0,66150,132344,0.4248303472995758,0.927276611328125,0.00010582010582010582,True,True,False,False,Found in isolated instrument folder,False,
Harmonium,harmonium,853.wav,Harmonium\Kaggle_Classification_Clips\Harmonium\853.wav,.wav,WAV,22050,1,PCM_16,,3.0,66150,132344,0.4652126729488373,0.927032470703125,0.00013605442176870748,True,True,False,False,Found in isolated instrument folder,False,
Harmonium,harmonium,854.wav,Harmonium\Kaggle_Classification_Clips\Harmonium\854.wav,.wav,WAV,22050,1,PCM_16,,3.0,66150,132344,0.4410385191440582,0.92657470703125,0.00018140589569160998,True,True,False,False,Found in isolated instrument folder,False,
Harmonium,harmonium,855.wav,Harmonium\Kaggle_Classification_Clips\Harmonium\855.wav,.wav,WAV,22050,1,PCM_16,,3.0,66150,132344,0.3794018626213074,0.926300048828125,0.0003325774754346183,True,True,False,False,Found in isolated instrument folder,False,
Harmonium,harmonium,856.wav,Harmonium\Kaggle_Classification_Clips\Harmonium\856.wav,.wav,WAV,22050,1,PCM_16,,3.0,66150,132344,0.4418710768222809,0.92572021484375,0.00013605442176870748,True,True,False,False,Found in isolated instrument folder,False,
Harmonium,harmonium,857.wav,Harmonium\Kaggle_Classification_Clips\Harmonium\857.wav,.wav,WAV,22050,1,PCM_16,,3.0,66150,132344,0.3958486020565033,0.92529296875,0.00019652305366591082,True,True,False,False,Found in isolated instrument folder,False,
Harmonium,harmonium,858.wav,Harmonium\Kaggle_Classification_Clips\Harmonium\858.wav,.wav,WAV,22050,1,PCM_16,,3.0,66150,132344,0.4164915978908539,0.926300048828125,0.00010582010582010582,True,True,False,False,Found in isolated instrument folder,False,
Harmonium,harmonium,859.wav,Harmonium\Kaggle_Classification_Clips\Harmonium\859.wav,.wav,WAV,22050,1,PCM_16,,3.0,66150,132344,0.38349682092666626,0.922637939453125,0.00019652305366591082,True,True,False,False,Found in isolated instrument folder,False,
Harmonium,harmonium,86.wav,Harmonium\Kaggle_Classification_Clips\Harmonium\86.wav,.wav,WAV,22050,1,PCM_16,,3.0,66150,132344,0.42722707986831665,0.92901611328125,0.00018140589569160998,True,True,False,False,Found in isolated instrument folder,False,
Harmonium,harmonium,860.wav,Harmonium\Kaggle_Classification_Clips\Harmonium\860.wav,.wav,WAV,22050,1,PCM_16,,3.0,66150,132344,0.42747753858566284,0.928619384765625,0.00022675736961451248,True,True,False,False,Found in isolated instrument folder,False,
Harmonium,harmonium,861.wav,Harmonium\Kaggle_Classification_Clips\Harmonium\861.wav,.wav,WAV,22050,1,PCM_16,,3.0,66150,132344,0.46500617265701294,0.924560546875,0.00021164021164021165,True,True,False,False,Found in isolated instrument folder,False,
Harmonium,harmonium,862.wav,Harmonium\Kaggle_Classification_Clips\Harmonium\862.wav,.wav,WAV,22050,1,PCM_16,,3.0,66150,132344,0.4408908188343048,0.925872802734375,0.0002418745275888133,True,True,False,False,Found in isolated instrument folder,False,
Harmonium,harmonium,863.wav,Harmonium\Kaggle_Classification_Clips\Harmonium\863.wav,.wav,WAV,22050,1,PCM_16,,3.0,66150,132344,0.37272489070892334,0.925262451171875,0.0002569916855631141,True,True,False,False,Found in isolated instrument folder,False,
Harmonium,harmonium,864.wav,Harmonium\Kaggle_Classification_Clips\Harmonium\864.wav,.wav,WAV,22050,1,PCM_16,,3.0,66150,132344,0.4451574683189392,0.9268798828125,0.00016628873771730915,True,True,False,False,Found in isolated instrument folder,False,
Harmonium,harmonium,865.wav,Harmonium\Kaggle_Classification_Clips\Harmonium\865.wav,.wav,WAV,22050,1,PCM_16,,3.0,66150,132344,0.3963135778903961,0.92706298828125,0.00016628873771730915,True,True,False,False,Found in isolated instrument folder,False,
Harmonium,harmonium,866.wav,Harmonium\Kaggle_Classification_Clips\Harmonium\866.wav,.wav,WAV,22050,1,PCM_16,,3.0,66150,132344,0.42318522930145264,0.92724609375,9.070294784580499e-05,True,True,False,False,Found in isolated instrument folder,False,
Harmonium,harmonium,867.wav,Harmonium\Kaggle_Classification_Clips\Harmonium\867.wav,.wav,WAV,22050,1,PCM_16,,3.0,66150,132344,0.3738662004470825,0.9267578125,0.00019652305366591082,True,True,False,False,Found in isolated instrument folder,False,
Harmonium,harmonium,868.wav,Harmonium\Kaggle_Classification_Clips\Harmonium\868.wav,.wav,WAV,22050,1,PCM_16,,3.0,66150,132344,0.44030699133872986,0.9315185546875,0.00021164021164021165,True,True,False,False,Found in isolated instrument folder,False,
Harmonium,harmonium,869.wav,Harmonium\Kaggle_Classification_Clips\Harmonium\869.wav,.wav,WAV,22050,1,PCM_16,,3.0,66150,132344,0.4724896550178528,0.926727294921875,0.00013605442176870748,True,True,False,False,Found in isolated instrument folder,False,
Harmonium,harmonium,87.wav,Harmonium\Kaggle_Classification_Clips\Harmonium\87.wav,.wav,WAV,22050,1,PCM_16,,3.0,66150,132344,0.3873189389705658,0.926544189453125,0.00034769463340891913,True,True,False,False,Found in isolated instrument folder,False,
Harmonium,harmonium,870.wav,Harmonium\Kaggle_Classification_Clips\Harmonium\870.wav,.wav,WAV,22050,1,PCM_16,,3.0,66150,132344,0.43987423181533813,0.929962158203125,0.0002569916855631141,True,True,False,False,Found in isolated instrument folder,False,
Harmonium,harmonium,871.wav,Harmonium\Kaggle_Classification_Clips\Harmonium\871.wav,.wav,WAV,22050,1,PCM_16,,3.0,66150,132344,0.36659204959869385,0.933135986328125,0.0002569916855631141,True,True,False,False,Found in isolated instrument folder,False,
Harmonium,harmonium,872.wav,Harmonium\Kaggle_Classification_Clips\Harmonium\872.wav,.wav,WAV,22050,1,PCM_16,,3.0,66150,132344,0.44672420620918274,0.92431640625,0.00019652305366591082,True,True,False,False,Found in isolated instrument folder,False,
Harmonium,harmonium,873.wav,Harmonium\Kaggle_Classification_Clips\Harmonium\873.wav,.wav,WAV,22050,1,PCM_16,,3.0,66150,132344,0.3991290032863617,0.9229736328125,0.00018140589569160998,True,True,False,False,Found in isolated instrument folder,False,
Harmonium,harmonium,874.wav,Harmonium\Kaggle_Classification_Clips\Harmonium\874.wav,.wav,WAV,22050,1,PCM_16,,3.0,66150,132344,0.4183063209056854,0.935821533203125,0.00010582010582010582,True,True,False,False,Found in isolated instrument folder,False,
Harmonium,harmonium,875.wav,Harmonium\Kaggle_Classification_Clips\Harmonium\875.wav,.wav,WAV,22050,1,PCM_16,,3.0,66150,132344,0.379773885011673,0.928192138671875,0.0001511715797430083,True,True,False,False,Found in isolated instrument folder,False,
Harmonium,harmonium,876.wav,Harmonium\Kaggle_Classification_Clips\Harmonium\876.wav,.wav,WAV,22050,1,PCM_16,,3.0,66150,132344,0.4223547875881195,0.92999267578125,0.0002418745275888133,True,True,False,False,Found in isolated instrument folder,False,
Harmonium,harmonium,877.wav,Harmonium\Kaggle_Classification_Clips\Harmonium\877.wav,.wav,WAV,22050,1,PCM_16,,3.0,66150,132344,0.465238094329834,0.932586669921875,0.00013605442176870748,True,True,False,False,Found in isolated instrument folder,False,
Harmonium,harmonium,878.wav,Harmonium\Kaggle_Classification_Clips\Harmonium\878.wav,.wav,WAV,22050,1,PCM_16,,3.0,66150,132344,0.43875136971473694,0.929779052734375,0.00016628873771730915,True,True,False,False,Found in isolated instrument folder,False,
Harmonium,harmonium,879.wav,Harmonium\Kaggle_Classification_Clips\Harmonium\879.wav,.wav,WAV,22050,1,PCM_16,,3.0,66150,132344,0.3694736361503601,0.930816650390625,0.00039304610733182163,True,True,False,False,Found in isolated instrument folder,False,
Harmonium,harmonium,88.wav,Harmonium\Kaggle_Classification_Clips\Harmonium\88.wav,.wav,WAV,22050,1,PCM_16,,3.0,66150,132344,0.3780340850353241,0.9212646484375,0.00043839758125472413,True,True,False,False,Found in isolated instrument folder,False,
Harmonium,harmonium,880.wav,Harmonium\Kaggle_Classification_Clips\Harmonium\880.wav,.wav,WAV,22050,1,PCM_16,,3.0,66150,132344,0.4417364299297333,0.922882080078125,0.00018140589569160998,True,True,False,False,Found in isolated instrument folder,False,
Harmonium,harmonium,881.wav,Harmonium\Kaggle_Classification_Clips\Harmonium\881.wav,.wav,WAV,22050,1,PCM_16,,3.0,66150,132344,0.4025040566921234,0.92303466796875,0.00022675736961451248,True,True,False,False,Found in isolated instrument folder,False,
Harmonium,harmonium,882.wav,Harmonium\Kaggle_Classification_Clips\Harmonium\882.wav,.wav,WAV,22050,1,PCM_16,,3.0,66150,132344,0.41738593578338623,0.92706298828125,0.00016628873771730915,True,True,False,False,Found in isolated instrument folder,False,
Harmonium,harmonium,883.wav,Harmonium\Kaggle_Classification_Clips\Harmonium\883.wav,.wav,WAV,22050,1,PCM_16,,3.0,66150,132344,0.38002461194992065,0.927276611328125,0.00019652305366591082,True,True,False,False,Found in isolated instrument folder,False,
Harmonium,harmonium,884.wav,Harmonium\Kaggle_Classification_Clips\Harmonium\884.wav,.wav,WAV,22050,1,PCM_16,,3.0,66150,132344,0.4274894595146179,0.92730712890625,0.00016628873771730915,True,True,False,False,Found in isolated instrument folder,False,
Harmonium,harmonium,885.wav,Harmonium\Kaggle_Classification_Clips\Harmonium\885.wav,.wav,WAV,22050,1,PCM_16,,3.0,66150,132344,0.4676690101623535,0.927398681640625,0.0001511715797430083,True,True,False,False,Found in isolated instrument folder,False,
Harmonium,harmonium,886.wav,Harmonium\Kaggle_Classification_Clips\Harmonium\886.wav,.wav,WAV,22050,1,PCM_16,,3.0,66150,132344,0.43684229254722595,0.92498779296875,0.00022675736961451248,True,True,False,False,Found in isolated instrument folder,False,
Harmonium,harmonium,887.wav,Harmonium\Kaggle_Classification_Clips\Harmonium\887.wav,.wav,WAV,22050,1,PCM_16,,3.0,66150,132344,0.3747100830078125,0.92779541015625,0.00027210884353741496,True,True,False,False,Found in isolated instrument folder,False,
Harmonium,harmonium,888.wav,Harmonium\Kaggle_Classification_Clips\Harmonium\888.wav,.wav,WAV,22050,1,PCM_16,,3.0,66150,132344,0.4628654718399048,0.92230224609375,0.0001511715797430083,True,True,False,False,Found in isolated instrument folder,False,
Harmonium,harmonium,889.wav,Harmonium\Kaggle_Classification_Clips\Harmonium\889.wav,.wav,WAV,22050,1,PCM_16,,3.0,66150,132344,0.4011351764202118,0.92364501953125,0.00022675736961451248,True,True,False,False,Found in isolated instrument folder,False,
Harmonium,harmonium,89.wav,Harmonium\Kaggle_Classification_Clips\Harmonium\89.wav,.wav,WAV,22050,1,PCM_16,,3.0,66150,132344,0.3769449293613434,0.93017578125,0.0002569916855631141,True,True,False,False,Found in isolated instrument folder,False,
Harmonium,harmonium,890.wav,Harmonium\Kaggle_Classification_Clips\Harmonium\890.wav,.wav,WAV,22050,1,PCM_16,,3.0,66150,132344,0.42213916778564453,0.921539306640625,0.00019652305366591082,True,True,False,False,Found in isolated instrument folder,False,
Harmonium,harmonium,891.wav,Harmonium\Kaggle_Classification_Clips\Harmonium\891.wav,.wav,WAV,22050,1,PCM_16,,3.0,66150,132344,0.37977659702301025,0.922515869140625,0.00021164021164021165,True,True,False,False,Found in isolated instrument folder,False,
Harmonium,harmonium,892.wav,Harmonium\Kaggle_Classification_Clips\Harmonium\892.wav,.wav,WAV,22050,1,PCM_16,,3.0,66150,132344,0.423755943775177,0.927703857421875,0.00016628873771730915,True,True,False,False,Found in isolated instrument folder,False,
Harmonium,harmonium,893.wav,Harmonium\Kaggle_Classification_Clips\Harmonium\893.wav,.wav,WAV,22050,1,PCM_16,,3.0,66150,132344,0.4666147828102112,0.931488037109375,0.00013605442176870748,True,True,False,False,Found in isolated instrument folder,False,
Harmonium,harmonium,894.wav,Harmonium\Kaggle_Classification_Clips\Harmonium\894.wav,.wav,WAV,22050,1,PCM_16,,3.0,66150,132344,0.4386600852012634,0.92523193359375,0.00021164021164021165,True,True,False,False,Found in isolated instrument folder,False,
Harmonium,harmonium,895.wav,Harmonium\Kaggle_Classification_Clips\Harmonium\895.wav,.wav,WAV,22050,1,PCM_16,,3.0,66150,132344,0.37243005633354187,0.93170166015625,0.00016628873771730915,True,True,False,False,Found in isolated instrument folder,False,
Harmonium,harmonium,896.wav,Harmonium\Kaggle_Classification_Clips\Harmonium\896.wav,.wav,WAV,22050,1,PCM_16,,3.0,66150,132344,0.43701478838920593,0.9244384765625,0.0001511715797430083,True,True,False,False,Found in isolated instrument folder,False,
Harmonium,harmonium,897.wav,Harmonium\Kaggle_Classification_Clips\Harmonium\897.wav,.wav,WAV,22050,1,PCM_16,,3.0,66150,132344,0.39435750246047974,0.925994873046875,0.0002569916855631141,True,True,False,False,Found in isolated instrument folder,False,
Harmonium,harmonium,898.wav,Harmonium\Kaggle_Classification_Clips\Harmonium\898.wav,.wav,WAV,22050,1,PCM_16,,3.0,66150,132344,0.414572536945343,0.921875,0.0001511715797430083,True,True,False,False,Found in isolated instrument folder,False,
Harmonium,harmonium,899.wav,Harmonium\Kaggle_Classification_Clips\Harmonium\899.wav,.wav,WAV,22050,1,PCM_16,,3.0,66150,132344,0.3793124854564667,0.92913818359375,0.00019652305366591082,True,True,False,False,Found in isolated instrument folder,False,
Harmonium,harmonium,9.wav,Harmonium\Kaggle_Classification_Clips\Harmonium\9.wav,.wav,WAV,22050,1,PCM_16,,3.0,66150,132344,0.37699276208877563,0.92059326171875,0.00019652305366591082,True,True,False,False,Found in isolated instrument folder,False,
Harmonium,harmonium,90.wav,Harmonium\Kaggle_Classification_Clips\Harmonium\90.wav,.wav,WAV,22050,1,PCM_16,,3.0,66150,132344,0.42970800399780273,0.928192138671875,0.0002418745275888133,True,True,False,False,Found in isolated instrument folder,False,
Harmonium,harmonium,900.wav,Harmonium\Kaggle_Classification_Clips\Harmonium\900.wav,.wav,WAV,22050,1,PCM_16,,3.0,66150,132344,0.42588675022125244,0.935333251953125,0.00021164021164021165,True,True,False,False,Found in isolated instrument folder,False,
Harmonium,harmonium,901.wav,Harmonium\Kaggle_Classification_Clips\Harmonium\901.wav,.wav,WAV,22050,1,PCM_16,,3.0,66150,132344,0.4601982533931732,0.924530029296875,0.00019652305366591082,True,True,False,False,Found in isolated instrument folder,False,
Harmonium,harmonium,902.wav,Harmonium\Kaggle_Classification_Clips\Harmonium\902.wav,.wav,WAV,22050,1,PCM_16,,3.0,66150,132344,0.4413414001464844,0.9283447265625,0.00027210884353741496,True,True,False,False,Found in isolated instrument folder,False,
Harmonium,harmonium,903.wav,Harmonium\Kaggle_Classification_Clips\Harmonium\903.wav,.wav,WAV,22050,1,PCM_16,,3.0,66150,132344,0.37480247020721436,0.927886962890625,0.0002418745275888133,True,True,False,False,Found in isolated instrument folder,False,
Harmonium,harmonium,904.wav,Harmonium\Kaggle_Classification_Clips\Harmonium\904.wav,.wav,WAV,22050,1,PCM_16,,3.0,66150,132344,0.4441114068031311,0.92205810546875,0.0001511715797430083,True,True,False,False,Found in isolated instrument folder,False,
Harmonium,harmonium,905.wav,Harmonium\Kaggle_Classification_Clips\Harmonium\905.wav,.wav,WAV,22050,1,PCM_16,,3.0,66150,132344,0.3921339511871338,0.9317626953125,0.00018140589569160998,True,True,False,False,Found in isolated instrument folder,False,
Harmonium,harmonium,906.wav,Harmonium\Kaggle_Classification_Clips\Harmonium\906.wav,.wav,WAV,22050,1,PCM_16,,3.0,66150,132344,0.4193437397480011,0.92919921875,0.00016628873771730915,True,True,False,False,Found in isolated instrument folder,False,
Harmonium,harmonium,907.wav,Harmonium\Kaggle_Classification_Clips\Harmonium\907.wav,.wav,WAV,22050,1,PCM_16,,3.0,66150,132344,0.37793976068496704,0.93475341796875,0.0002418745275888133,True,True,False,False,Found in isolated instrument folder,False,
Harmonium,harmonium,908.wav,Harmonium\Kaggle_Classification_Clips\Harmonium\908.wav,.wav,WAV,22050,1,PCM_16,,3.0,66150,132344,0.4453582763671875,0.9364013671875,0.0001511715797430083,True,True,False,False,Found in isolated instrument folder,False,
Harmonium,harmonium,909.wav,Harmonium\Kaggle_Classification_Clips\Harmonium\909.wav,.wav,WAV,22050,1,PCM_16,,3.0,66150,132344,0.47837960720062256,0.92523193359375,0.00012093726379440664,True,True,False,False,Found in isolated instrument folder,False,
Harmonium,harmonium,91.wav,Harmonium\Kaggle_Classification_Clips\Harmonium\91.wav,.wav,WAV,22050,1,PCM_16,,3.0,66150,132344,0.38544803857803345,0.923095703125,0.0003023431594860166,True,True,False,False,Found in isolated instrument folder,False,
Harmonium,harmonium,910.wav,Harmonium\Kaggle_Classification_Clips\Harmonium\910.wav,.wav,WAV,22050,1,PCM_16,,3.0,66150,132344,0.44081810116767883,0.92657470703125,0.00022675736961451248,True,True,False,False,Found in isolated instrument folder,False,
Harmonium,harmonium,911.wav,Harmonium\Kaggle_Classification_Clips\Harmonium\911.wav,.wav,WAV,22050,1,PCM_16,,3.0,66150,132344,0.3718993365764618,0.934478759765625,0.0002872260015117158,True,True,False,False,Found in isolated instrument folder,False,
Harmonium,harmonium,912.wav,Harmonium\Kaggle_Classification_Clips\Harmonium\912.wav,.wav,WAV,22050,1,PCM_16,,3.0,66150,132344,0.4456072449684143,0.923614501953125,0.00018140589569160998,True,True,False,False,Found in isolated instrument folder,False,
Harmonium,harmonium,913.wav,Harmonium\Kaggle_Classification_Clips\Harmonium\913.wav,.wav,WAV,22050,1,PCM_16,,3.0,66150,132344,0.3941669464111328,0.918304443359375,0.00027210884353741496,True,True,False,False,Found in isolated instrument folder,False,
Harmonium,harmonium,914.wav,Harmonium\Kaggle_Classification_Clips\Harmonium\914.wav,.wav,WAV,22050,1,PCM_16,,3.0,66150,132344,0.42378196120262146,0.93316650390625,0.00018140589569160998,True,True,False,False,Found in isolated instrument folder,False,
Harmonium,harmonium,915.wav,Harmonium\Kaggle_Classification_Clips\Harmonium\915.wav,.wav,WAV,22050,1,PCM_16,,3.0,66150,132344,0.3824332654476166,0.92523193359375,0.00012093726379440664,True,True,False,False,Found in isolated instrument folder,False,
Harmonium,harmonium,916.wav,Harmonium\Kaggle_Classification_Clips\Harmonium\916.wav,.wav,WAV,22050,1,PCM_16,,3.0,66150,132344,0.42393890023231506,0.9384765625,0.00018140589569160998,True,True,False,False,Found in isolated instrument folder,False,
Harmonium,harmonium,917.wav,Harmonium\Kaggle_Classification_Clips\Harmonium\917.wav,.wav,WAV,22050,1,PCM_16,,3.0,66150,132344,0.46805623173713684,0.9234619140625,0.00010582010582010582,True,True,False,False,Found in isolated instrument folder,False,
Harmonium,harmonium,918.wav,Harmonium\Kaggle_Classification_Clips\Harmonium\918.wav,.wav,WAV,22050,1,PCM_16,,3.0,66150,132344,0.43839123845100403,0.929443359375,0.00021164021164021165,True,True,False,False,Found in isolated instrument folder,False,
Harmonium,harmonium,919.wav,Harmonium\Kaggle_Classification_Clips\Harmonium\919.wav,.wav,WAV,22050,1,PCM_16,,3.0,66150,132344,0.3719838261604309,0.9329833984375,0.0002872260015117158,True,True,False,False,Found in isolated instrument folder,False,
Harmonium,harmonium,92.wav,Harmonium\Kaggle_Classification_Clips\Harmonium\92.wav,.wav,WAV,22050,1,PCM_16,,3.0,66150,132344,0.3831290006637573,0.92523193359375,0.0001511715797430083,True,True,False,False,Found in isolated instrument folder,False,
Harmonium,harmonium,920.wav,Harmonium\Kaggle_Classification_Clips\Harmonium\920.wav,.wav,WAV,22050,1,PCM_16,,3.0,66150,132344,0.4449002146720886,0.92279052734375,0.0001511715797430083,True,True,False,False,Found in isolated instrument folder,False,
Harmonium,harmonium,921.wav,Harmonium\Kaggle_Classification_Clips\Harmonium\921.wav,.wav,WAV,22050,1,PCM_16,,3.0,66150,132344,0.399109810590744,0.928863525390625,0.00019652305366591082,True,True,False,False,Found in isolated instrument folder,False,
Harmonium,harmonium,922.wav,Harmonium\Kaggle_Classification_Clips\Harmonium\922.wav,.wav,WAV,22050,1,PCM_16,,3.0,66150,132344,0.41573649644851685,0.931854248046875,0.00010582010582010582,True,True,False,False,Found in isolated instrument folder,False,
Harmonium,harmonium,923.wav,Harmonium\Kaggle_Classification_Clips\Harmonium\923.wav,.wav,WAV,22050,1,PCM_16,,3.0,66150,132344,0.3797168433666229,0.922637939453125,0.00022675736961451248,True,True,False,False,Found in isolated instrument folder,False,
Harmonium,harmonium,924.wav,Harmonium\Kaggle_Classification_Clips\Harmonium\924.wav,.wav,WAV,22050,1,PCM_16,,3.0,66150,132344,0.42122524976730347,0.9302978515625,0.0002418745275888133,True,True,False,False,Found in isolated instrument folder,False,
Harmonium,harmonium,925.wav,Harmonium\Kaggle_Classification_Clips\Harmonium\925.wav,.wav,WAV,22050,1,PCM_16,,3.0,66150,132344,0.46536532044410706,0.920501708984375,0.00010582010582010582,True,True,False,False,Found in isolated instrument folder,False,
Harmonium,harmonium,926.wav,Harmonium\Kaggle_Classification_Clips\Harmonium\926.wav,.wav,WAV,22050,1,PCM_16,,3.0,66150,132344,0.4370289742946625,0.931060791015625,0.00012093726379440664,True,True,False,False,Found in isolated instrument folder,False,
Harmonium,harmonium,927.wav,Harmonium\Kaggle_Classification_Clips\Harmonium\927.wav,.wav,WAV,22050,1,PCM_16,,3.0,66150,132344,0.37175247073173523,0.927978515625,0.0002418745275888133,True,True,False,False,Found in isolated instrument folder,False,
Harmonium,harmonium,928.wav,Harmonium\Kaggle_Classification_Clips\Harmonium\928.wav,.wav,WAV,22050,1,PCM_16,,3.0,66150,132344,0.4637100398540497,0.9232177734375,0.00019652305366591082,True,True,False,False,Found in isolated instrument folder,False,
Harmonium,harmonium,929.wav,Harmonium\Kaggle_Classification_Clips\Harmonium\929.wav,.wav,WAV,22050,1,PCM_16,,3.0,66150,132344,0.4034053087234497,0.930328369140625,0.00027210884353741496,True,True,False,False,Found in isolated instrument folder,False,
Harmonium,harmonium,93.wav,Harmonium\Kaggle_Classification_Clips\Harmonium\93.wav,.wav,WAV,22050,1,PCM_16,,3.0,66150,132344,0.3783506751060486,0.924102783203125,0.00027210884353741496,True,True,False,False,Found in isolated instrument folder,False,
Harmonium,harmonium,930.wav,Harmonium\Kaggle_Classification_Clips\Harmonium\930.wav,.wav,WAV,22050,1,PCM_16,,3.0,66150,132344,0.42100510001182556,0.92694091796875,0.0001511715797430083,True,True,False,False,Found in isolated instrument folder,False,
Harmonium,harmonium,931.wav,Harmonium\Kaggle_Classification_Clips\Harmonium\931.wav,.wav,WAV,22050,1,PCM_16,,3.0,66150,132344,0.3797997534275055,0.92376708984375,0.00031746031746031746,True,True,False,False,Found in isolated instrument folder,False,
Harmonium,harmonium,932.wav,Harmonium\Kaggle_Classification_Clips\Harmonium\932.wav,.wav,WAV,22050,1,PCM_16,,3.0,66150,132344,0.4273885488510132,0.926971435546875,0.0003023431594860166,True,True,False,False,Found in isolated instrument folder,False,
Harmonium,harmonium,933.wav,Harmonium\Kaggle_Classification_Clips\Harmonium\933.wav,.wav,WAV,22050,1,PCM_16,,3.0,66150,132344,0.4580916166305542,0.927825927734375,0.0001511715797430083,True,True,False,False,Found in isolated instrument folder,False,
Harmonium,harmonium,934.wav,Harmonium\Kaggle_Classification_Clips\Harmonium\934.wav,.wav,WAV,22050,1,PCM_16,,3.0,66150,132344,0.4405282735824585,0.930877685546875,0.00021164021164021165,True,True,False,False,Found in isolated instrument folder,False,
Harmonium,harmonium,935.wav,Harmonium\Kaggle_Classification_Clips\Harmonium\935.wav,.wav,WAV,22050,1,PCM_16,,3.0,66150,132344,0.37053316831588745,0.930572509765625,0.0002418745275888133,True,True,False,False,Found in isolated instrument folder,False,
Harmonium,harmonium,936.wav,Harmonium\Kaggle_Classification_Clips\Harmonium\936.wav,.wav,WAV,22050,1,PCM_16,,3.0,66150,132344,0.43898525834083557,0.9407958984375,0.0001511715797430083,True,True,False,False,Found in isolated instrument folder,False,
Harmonium,harmonium,937.wav,Harmonium\Kaggle_Classification_Clips\Harmonium\937.wav,.wav,WAV,22050,1,PCM_16,,3.0,66150,132344,0.39919471740722656,0.923858642578125,0.0001511715797430083,True,True,False,False,Found in isolated instrument folder,False,
Harmonium,harmonium,938.wav,Harmonium\Kaggle_Classification_Clips\Harmonium\938.wav,.wav,WAV,22050,1,PCM_16,,3.0,66150,132344,0.41585293412208557,0.924713134765625,0.00018140589569160998,True,True,False,False,Found in isolated instrument folder,False,
Harmonium,harmonium,939.wav,Harmonium\Kaggle_Classification_Clips\Harmonium\939.wav,.wav,WAV,22050,1,PCM_16,,3.0,66150,132344,0.37883999943733215,0.92474365234375,0.00012093726379440664,True,True,False,False,Found in isolated instrument folder,False,
Harmonium,harmonium,94.wav,Harmonium\Kaggle_Classification_Clips\Harmonium\94.wav,.wav,WAV,22050,1,PCM_16,,3.0,66150,132344,0.43374598026275635,0.927398681640625,0.00021164021164021165,True,True,False,False,Found in isolated instrument folder,False,
Harmonium,harmonium,940.wav,Harmonium\Kaggle_Classification_Clips\Harmonium\940.wav,.wav,WAV,22050,1,PCM_16,,3.0,66150,132344,0.42431640625,0.9351806640625,0.00018140589569160998,True,True,False,False,Found in isolated instrument folder,False,
Harmonium,harmonium,941.wav,Harmonium\Kaggle_Classification_Clips\Harmonium\941.wav,.wav,WAV,22050,1,PCM_16,,3.0,66150,132344,0.4635116159915924,0.927032470703125,0.00013605442176870748,True,True,False,False,Found in isolated instrument folder,False,
Harmonium,harmonium,942.wav,Harmonium\Kaggle_Classification_Clips\Harmonium\942.wav,.wav,WAV,22050,1,PCM_16,,3.0,66150,132344,0.4364966154098511,0.930633544921875,0.00012093726379440664,True,True,False,False,Found in isolated instrument folder,False,
Harmonium,harmonium,943.wav,Harmonium\Kaggle_Classification_Clips\Harmonium\943.wav,.wav,WAV,22050,1,PCM_16,,3.0,66150,132344,0.37259557843208313,0.929931640625,0.00036281179138321996,True,True,False,False,Found in isolated instrument folder,False,
Harmonium,harmonium,944.wav,Harmonium\Kaggle_Classification_Clips\Harmonium\944.wav,.wav,WAV,22050,1,PCM_16,,3.0,66150,132344,0.4350515902042389,0.922821044921875,0.00012093726379440664,True,True,False,False,Found in isolated instrument folder,False,
Harmonium,harmonium,945.wav,Harmonium\Kaggle_Classification_Clips\Harmonium\945.wav,.wav,WAV,22050,1,PCM_16,,3.0,66150,132344,0.3988981246948242,0.923431396484375,0.0002418745275888133,True,True,False,False,Found in isolated instrument folder,False,
Harmonium,harmonium,946.wav,Harmonium\Kaggle_Classification_Clips\Harmonium\946.wav,.wav,WAV,22050,1,PCM_16,,3.0,66150,132344,0.41645678877830505,0.932159423828125,9.070294784580499e-05,True,True,False,False,Found in isolated instrument folder,False,
Harmonium,harmonium,947.wav,Harmonium\Kaggle_Classification_Clips\Harmonium\947.wav,.wav,WAV,22050,1,PCM_16,,3.0,66150,132344,0.37877288460731506,0.9254150390625,0.00027210884353741496,True,True,False,False,Found in isolated instrument folder,False,
Harmonium,harmonium,948.wav,Harmonium\Kaggle_Classification_Clips\Harmonium\948.wav,.wav,WAV,22050,1,PCM_16,,3.0,66150,132344,0.4389040470123291,0.92486572265625,0.00018140589569160998,True,True,False,False,Found in isolated instrument folder,False,
Harmonium,harmonium,949.wav,Harmonium\Kaggle_Classification_Clips\Harmonium\949.wav,.wav,WAV,22050,1,PCM_16,,3.0,66150,132344,0.47951963543891907,0.92413330078125,4.5351473922902495e-05,True,True,False,False,Found in isolated instrument folder,False,
Harmonium,harmonium,95.wav,Harmonium\Kaggle_Classification_Clips\Harmonium\95.wav,.wav,WAV,22050,1,PCM_16,,3.0,66150,132344,0.3821823298931122,0.931793212890625,0.00027210884353741496,True,True,False,False,Found in isolated instrument folder,False,
Harmonium,harmonium,950.wav,Harmonium\Kaggle_Classification_Clips\Harmonium\950.wav,.wav,WAV,22050,1,PCM_16,,3.0,66150,132344,0.44703853130340576,0.926605224609375,0.0002569916855631141,True,True,False,False,Found in isolated instrument folder,False,
Harmonium,harmonium,951.wav,Harmonium\Kaggle_Classification_Clips\Harmonium\951.wav,.wav,WAV,22050,1,PCM_16,,3.0,66150,132344,0.374041348695755,0.929351806640625,0.0002872260015117158,True,True,False,False,Found in isolated instrument folder,False,
Harmonium,harmonium,952.wav,Harmonium\Kaggle_Classification_Clips\Harmonium\952.wav,.wav,WAV,22050,1,PCM_16,,3.0,66150,132344,0.4458574056625366,0.9281005859375,0.0003023431594860166,True,True,False,False,Found in isolated instrument folder,False,
Harmonium,harmonium,953.wav,Harmonium\Kaggle_Classification_Clips\Harmonium\953.wav,.wav,WAV,22050,1,PCM_16,,3.0,66150,132344,0.3935466706752777,0.920562744140625,0.00018140589569160998,True,True,False,False,Found in isolated instrument folder,False,
Harmonium,harmonium,954.wav,Harmonium\Kaggle_Classification_Clips\Harmonium\954.wav,.wav,WAV,22050,1,PCM_16,,3.0,66150,132344,0.41783973574638367,0.93798828125,0.00012093726379440664,True,True,False,False,Found in isolated instrument folder,False,
Harmonium,harmonium,955.wav,Harmonium\Kaggle_Classification_Clips\Harmonium\955.wav,.wav,WAV,22050,1,PCM_16,,3.0,66150,132344,0.37926650047302246,0.920928955078125,0.00013605442176870748,True,True,False,False,Found in isolated instrument folder,False,
Harmonium,harmonium,956.wav,Harmonium\Kaggle_Classification_Clips\Harmonium\956.wav,.wav,WAV,22050,1,PCM_16,,3.0,66150,132344,0.4229696989059448,0.92608642578125,0.00012093726379440664,True,True,False,False,Found in isolated instrument folder,False,
Harmonium,harmonium,957.wav,Harmonium\Kaggle_Classification_Clips\Harmonium\957.wav,.wav,WAV,22050,1,PCM_16,,3.0,66150,132344,0.46411117911338806,0.923828125,9.070294784580499e-05,True,True,False,False,Found in isolated instrument folder,False,
Harmonium,harmonium,958.wav,Harmonium\Kaggle_Classification_Clips\Harmonium\958.wav,.wav,WAV,22050,1,PCM_16,,3.0,66150,132344,0.4399603605270386,0.9234619140625,0.00022675736961451248,True,True,False,False,Found in isolated instrument folder,False,
Harmonium,harmonium,959.wav,Harmonium\Kaggle_Classification_Clips\Harmonium\959.wav,.wav,WAV,22050,1,PCM_16,,3.0,66150,132344,0.3754356801509857,0.933349609375,0.00019652305366591082,True,True,False,False,Found in isolated instrument folder,False,
Harmonium,harmonium,96.wav,Harmonium\Kaggle_Classification_Clips\Harmonium\96.wav,.wav,WAV,22050,1,PCM_16,,3.0,66150,132344,0.38049349188804626,0.92510986328125,0.0003779289493575208,True,True,False,False,Found in isolated instrument folder,False,
Harmonium,harmonium,960.wav,Harmonium\Kaggle_Classification_Clips\Harmonium\960.wav,.wav,WAV,22050,1,PCM_16,,3.0,66150,132344,0.4422977566719055,0.9241943359375,0.00019652305366591082,True,True,False,False,Found in isolated instrument folder,False,
Harmonium,harmonium,961.wav,Harmonium\Kaggle_Classification_Clips\Harmonium\961.wav,.wav,WAV,22050,1,PCM_16,,3.0,66150,132344,0.39847779273986816,0.92767333984375,0.00016628873771730915,True,True,False,False,Found in isolated instrument folder,False,
Harmonium,harmonium,962.wav,Harmonium\Kaggle_Classification_Clips\Harmonium\962.wav,.wav,WAV,22050,1,PCM_16,,3.0,66150,132344,0.4222642183303833,0.926666259765625,0.00022675736961451248,True,True,False,False,Found in isolated instrument folder,False,
Harmonium,harmonium,963.wav,Harmonium\Kaggle_Classification_Clips\Harmonium\963.wav,.wav,WAV,22050,1,PCM_16,,3.0,66150,132344,0.3812589943408966,0.9190673828125,0.00018140589569160998,True,True,False,False,Found in isolated instrument folder,False,
Harmonium,harmonium,964.wav,Harmonium\Kaggle_Classification_Clips\Harmonium\964.wav,.wav,WAV,22050,1,PCM_16,,3.0,66150,132344,0.42733249068260193,0.934661865234375,9.070294784580499e-05,True,True,False,False,Found in isolated instrument folder,False,
Harmonium,harmonium,965.wav,Harmonium\Kaggle_Classification_Clips\Harmonium\965.wav,.wav,WAV,22050,1,PCM_16,,3.0,66150,132344,0.46588435769081116,0.924713134765625,4.5351473922902495e-05,True,True,False,False,Found in isolated instrument folder,False,
Harmonium,harmonium,966.wav,Harmonium\Kaggle_Classification_Clips\Harmonium\966.wav,.wav,WAV,22050,1,PCM_16,,3.0,66150,132344,0.43612876534461975,0.925750732421875,0.00012093726379440664,True,True,False,False,Found in isolated instrument folder,False,
Harmonium,harmonium,967.wav,Harmonium\Kaggle_Classification_Clips\Harmonium\967.wav,.wav,WAV,22050,1,PCM_16,,3.0,66150,132344,0.37395477294921875,0.9271240234375,0.00018140589569160998,True,True,False,False,Found in isolated instrument folder,False,
Harmonium,harmonium,968.wav,Harmonium\Kaggle_Classification_Clips\Harmonium\968.wav,.wav,WAV,22050,1,PCM_16,,3.0,66150,132344,0.4453166127204895,0.925048828125,0.00016628873771730915,True,True,False,False,Found in isolated instrument folder,False,
Harmonium,harmonium,969.wav,Harmonium\Kaggle_Classification_Clips\Harmonium\969.wav,.wav,WAV,22050,1,PCM_16,,3.0,66150,132344,0.40129005908966064,0.9227294921875,0.00013605442176870748,True,True,False,False,Found in isolated instrument folder,False,
Harmonium,harmonium,97.wav,Harmonium\Kaggle_Classification_Clips\Harmonium\97.wav,.wav,WAV,22050,1,PCM_16,,3.0,66150,132344,0.3829387128353119,0.93310546875,0.00036281179138321996,True,True,False,False,Found in isolated instrument folder,False,
Harmonium,harmonium,970.wav,Harmonium\Kaggle_Classification_Clips\Harmonium\970.wav,.wav,WAV,22050,1,PCM_16,,3.0,66150,132344,0.4181327819824219,0.92803955078125,0.00018140589569160998,True,True,False,False,Found in isolated instrument folder,False,
Harmonium,harmonium,971.wav,Harmonium\Kaggle_Classification_Clips\Harmonium\971.wav,.wav,WAV,22050,1,PCM_16,,3.0,66150,132344,0.3784666657447815,0.92669677734375,7.558578987150416e-05,True,True,False,False,Found in isolated instrument folder,False,
Harmonium,harmonium,972.wav,Harmonium\Kaggle_Classification_Clips\Harmonium\972.wav,.wav,WAV,22050,1,PCM_16,,3.0,66150,132344,0.4217837452888489,0.930999755859375,0.00018140589569160998,True,True,False,False,Found in isolated instrument folder,False,
Harmonium,harmonium,973.wav,Harmonium\Kaggle_Classification_Clips\Harmonium\973.wav,.wav,WAV,22050,1,PCM_16,,3.0,66150,132344,0.4656933844089508,0.92633056640625,0.00021164021164021165,True,True,False,False,Found in isolated instrument folder,False,
Harmonium,harmonium,974.wav,Harmonium\Kaggle_Classification_Clips\Harmonium\974.wav,.wav,WAV,22050,1,PCM_16,,3.0,66150,132344,0.439218670129776,0.925872802734375,0.0002418745275888133,True,True,False,False,Found in isolated instrument folder,False,
Harmonium,harmonium,975.wav,Harmonium\Kaggle_Classification_Clips\Harmonium\975.wav,.wav,WAV,22050,1,PCM_16,,3.0,66150,132344,0.3730091154575348,0.930816650390625,0.00031746031746031746,True,True,False,False,Found in isolated instrument folder,False,
Harmonium,harmonium,976.wav,Harmonium\Kaggle_Classification_Clips\Harmonium\976.wav,.wav,WAV,22050,1,PCM_16,,3.0,66150,132344,0.45131397247314453,0.925323486328125,0.0001511715797430083,True,True,False,False,Found in isolated instrument folder,False,
Harmonium,harmonium,977.wav,Harmonium\Kaggle_Classification_Clips\Harmonium\977.wav,.wav,WAV,22050,1,PCM_16,,3.0,66150,132344,0.4017893970012665,0.928009033203125,0.00013605442176870748,True,True,False,False,Found in isolated instrument folder,False,
Harmonium,harmonium,978.wav,Harmonium\Kaggle_Classification_Clips\Harmonium\978.wav,.wav,WAV,22050,1,PCM_16,,3.0,66150,132344,0.4132901430130005,0.927490234375,0.00012093726379440664,True,True,False,False,Found in isolated instrument folder,False,
Harmonium,harmonium,979.wav,Harmonium\Kaggle_Classification_Clips\Harmonium\979.wav,.wav,WAV,22050,1,PCM_16,,3.0,66150,132344,0.3796677887439728,0.922454833984375,0.0002418745275888133,True,True,False,False,Found in isolated instrument folder,False,
Harmonium,harmonium,98.wav,Harmonium\Kaggle_Classification_Clips\Harmonium\98.wav,.wav,WAV,22050,1,PCM_16,,3.0,66150,132344,0.42869213223457336,0.9234619140625,0.00019652305366591082,True,True,False,False,Found in isolated instrument folder,False,
Harmonium,harmonium,980.wav,Harmonium\Kaggle_Classification_Clips\Harmonium\980.wav,.wav,WAV,22050,1,PCM_16,,3.0,66150,132344,0.42278462648391724,0.929351806640625,0.00013605442176870748,True,True,False,False,Found in isolated instrument folder,False,
Harmonium,harmonium,981.wav,Harmonium\Kaggle_Classification_Clips\Harmonium\981.wav,.wav,WAV,22050,1,PCM_16,,3.0,66150,132344,0.46352580189704895,0.928009033203125,0.00013605442176870748,True,True,False,False,Found in isolated instrument folder,False,
Harmonium,harmonium,982.wav,Harmonium\Kaggle_Classification_Clips\Harmonium\982.wav,.wav,WAV,22050,1,PCM_16,,3.0,66150,132344,0.44366300106048584,0.92510986328125,0.0001511715797430083,True,True,False,False,Found in isolated instrument folder,False,
Harmonium,harmonium,983.wav,Harmonium\Kaggle_Classification_Clips\Harmonium\983.wav,.wav,WAV,22050,1,PCM_16,,3.0,66150,132344,0.3681824505329132,0.93212890625,0.00021164021164021165,True,True,False,False,Found in isolated instrument folder,False,
Harmonium,harmonium,984.wav,Harmonium\Kaggle_Classification_Clips\Harmonium\984.wav,.wav,WAV,22050,1,PCM_16,,3.0,66150,132344,0.44548937678337097,0.9263916015625,0.00019652305366591082,True,True,False,False,Found in isolated instrument folder,False,
Harmonium,harmonium,985.wav,Harmonium\Kaggle_Classification_Clips\Harmonium\985.wav,.wav,WAV,22050,1,PCM_16,,3.0,66150,132344,0.4018324911594391,0.92938232421875,0.0002418745275888133,True,True,False,False,Found in isolated instrument folder,False,
Harmonium,harmonium,986.wav,Harmonium\Kaggle_Classification_Clips\Harmonium\986.wav,.wav,WAV,22050,1,PCM_16,,3.0,66150,132344,0.4167514741420746,0.926116943359375,9.070294784580499e-05,True,True,False,False,Found in isolated instrument folder,False,
Harmonium,harmonium,987.wav,Harmonium\Kaggle_Classification_Clips\Harmonium\987.wav,.wav,WAV,22050,1,PCM_16,,3.0,66150,132344,0.37857934832572937,0.922210693359375,9.070294784580499e-05,True,True,False,False,Found in isolated instrument folder,False,
Harmonium,harmonium,988.wav,Harmonium\Kaggle_Classification_Clips\Harmonium\988.wav,.wav,WAV,22050,1,PCM_16,,3.0,66150,132344,0.43956971168518066,0.923553466796875,0.00010582010582010582,True,True,False,False,Found in isolated instrument folder,False,
Harmonium,harmonium,989.wav,Harmonium\Kaggle_Classification_Clips\Harmonium\989.wav,.wav,WAV,22050,1,PCM_16,,3.0,66150,132344,0.4836026728153229,0.925262451171875,0.00012093726379440664,True,True,False,False,Found in isolated instrument folder,False,
Harmonium,harmonium,99.wav,Harmonium\Kaggle_Classification_Clips\Harmonium\99.wav,.wav,WAV,22050,1,PCM_16,,3.0,66150,132344,0.3840583562850952,0.922882080078125,0.00016628873771730915,True,True,False,False,Found in isolated instrument folder,False,
Harmonium,harmonium,990.wav,Harmonium\Kaggle_Classification_Clips\Harmonium\990.wav,.wav,WAV,22050,1,PCM_16,,3.0,66150,132344,0.45355528593063354,0.93475341796875,0.00018140589569160998,True,True,False,False,Found in isolated instrument folder,False,
Harmonium,harmonium,991.wav,Harmonium\Kaggle_Classification_Clips\Harmonium\991.wav,.wav,WAV,22050,1,PCM_16,,3.0,66150,132344,0.37048807740211487,0.9290771484375,0.00036281179138321996,True,True,False,False,Found in isolated instrument folder,False,
Harmonium,harmonium,992.wav,Harmonium\Kaggle_Classification_Clips\Harmonium\992.wav,.wav,WAV,22050,1,PCM_16,,3.0,66150,132344,0.44814518094062805,0.93463134765625,0.00013605442176870748,True,True,False,False,Found in isolated instrument folder,False,
Harmonium,harmonium,993.wav,Harmonium\Kaggle_Classification_Clips\Harmonium\993.wav,.wav,WAV,22050,1,PCM_16,,3.0,66150,132344,0.3985883295536041,0.9305419921875,0.00019652305366591082,True,True,False,False,Found in isolated instrument folder,False,
Harmonium,harmonium,994.wav,Harmonium\Kaggle_Classification_Clips\Harmonium\994.wav,.wav,WAV,22050,1,PCM_16,,3.0,66150,132344,0.4223432242870331,0.928009033203125,0.0001511715797430083,True,True,False,False,Found in isolated instrument folder,False,
Harmonium,harmonium,995.wav,Harmonium\Kaggle_Classification_Clips\Harmonium\995.wav,.wav,WAV,22050,1,PCM_16,,3.0,66150,132344,0.3808930516242981,0.91973876953125,0.00012093726379440664,True,True,False,False,Found in isolated instrument folder,False,
Harmonium,harmonium,996.wav,Harmonium\Kaggle_Classification_Clips\Harmonium\996.wav,.wav,WAV,22050,1,PCM_16,,3.0,66150,132344,0.4234481751918793,0.926910400390625,0.00022675736961451248,True,True,False,False,Found in isolated instrument folder,False,
Harmonium,harmonium,997.wav,Harmonium\Kaggle_Classification_Clips\Harmonium\997.wav,.wav,WAV,22050,1,PCM_16,,3.0,66150,132344,0.4635496735572815,0.923675537109375,3.023431594860166e-05,True,True,False,False,Found in isolated instrument folder,False,
Harmonium,harmonium,998.wav,Harmonium\Kaggle_Classification_Clips\Harmonium\998.wav,.wav,WAV,22050,1,PCM_16,,3.0,66150,132344,0.44547730684280396,0.93023681640625,0.0001511715797430083,True,True,False,False,Found in isolated instrument folder,False,
Harmonium,harmonium,999.wav,Harmonium\Kaggle_Classification_Clips\Harmonium\999.wav,.wav,WAV,22050,1,PCM_16,,3.0,66150,132344,0.37166330218315125,0.936187744140625,0.00039304610733182163,True,True,False,False,Found in isolated instrument folder,False,
Dholak,dholak,Dholak Sample - 01.wav,Dholak\Dholak Sample - 01.wav,.wav,WAV,44100,2,PCM_32,,6.896326530612245,304128,2436128,0.15442633628845215,0.9274806976318359,0.0038963857323232325,True,True,False,False,Found in isolated instrument folder,False,
Dholak,dholak,Dholak Sample - 02.wav,Dholak\Dholak Sample - 02.wav,.wav,WAV,44100,2,PCM_32,,6.034285714285715,266112,2132002,0.05349568650126457,0.6145839691162109,0.016374684343434344,True,True,False,False,Found in isolated instrument folder,False,
Dholak,dholak,Dholak Sample - 03.wav,Dholak\Dholak Sample - 03.wav,.wav,WAV,44100,2,PCM_32,,6.034285714285715,266112,2132042,0.09177892655134201,0.9606952667236328,0.004996016714766714,True,True,False,False,Found in isolated instrument folder,False,
Dholak,dholak,Dholak Sample - 04.wav,Dholak\Dholak Sample - 04.wav,.wav,WAV,44100,2,PCM_32,,3.866122448979592,170496,1367074,0.07384440302848816,0.8370132446289062,0.007510440127627627,True,True,False,False,Found in isolated instrument folder,False,
Dholak,dholak,Dholak Sample - 05.wav,Dholak\Dholak Sample - 05.wav,.wav,WAV,44100,2,PCM_32,,6.034285714285715,266112,2132042,0.09177892655134201,0.9606952667236328,0.004996016714766714,True,True,False,False,Found in isolated instrument folder,False,
Dholak,dholak,Dholak Sample - 06.wav,Dholak\Dholak Sample - 06.wav,.wav,WAV,44100,2,PCM_32,,6.034285714285715,266112,2132042,0.20672813057899475,0.999969482421875,0.008239012145262145,True,True,False,False,Found in isolated instrument folder,False,
Dholak,dholak,Dholak Sample - 07.wav,Dholak\Dholak Sample - 07.wav,.wav,WAV,44100,2,PCM_32,,9.038367346938776,398592,3191882,0.11785665154457092,0.9545612335205078,0.007549072736030829,True,True,False,False,Found in isolated instrument folder,False,
Dholak,dholak,Dholak Sample - 08.wav,Dholak\Dholak Sample - 08.wav,.wav,WAV,44100,2,PCM_32,,3.369795918367347,148608,1192010,0.0991167277097702,0.7374420166015625,0.014057116709732989,True,True,False,False,Found in isolated instrument folder,False,
Dholak,dholak,Dholak Sample - 09.wav,Dholak\Dholak Sample - 09.wav,.wav,WAV,44100,2,PCM_32,,6.034285714285715,266112,2132042,0.17120583355426788,0.999969482421875,0.004924618205868206,True,True,False,False,Found in isolated instrument folder,False,
Dholak,dholak,Dholak Sample - 10.wav,Dholak\Dholak Sample - 10.wav,.wav,WAV,44100,2,PCM_32,,12.042448979591837,531072,4251780,0.10063920170068741,0.9320793151855469,0.0975724572186069,True,True,False,False,Found in isolated instrument folder,False,
Dholak,dholak,Dholak Sample - 11.wav,Dholak\Dholak Sample - 11.wav,.wav,WAV,44100,2,PCM_32,,2.4293877551020406,107136,860214,0.1848170906305313,0.9581584930419922,0.008101851851851851,True,True,False,False,Found in isolated instrument folder,False,
Dholak,dholak,Dholak Sample - 12.wav,Dholak\Dholak Sample - 12.wav,.wav,WAV,44100,2,PCM_32,,6.034285714285715,266112,2132100,0.10148613899946213,0.9648094177246094,0.018550459956709956,True,True,False,False,Found in isolated instrument folder,False,
Dholak,dholak,Dholak Sample - 13.wav,Dholak\Dholak Sample - 13.wav,.wav,WAV,44100,2,PCM_32,,6.034285714285715,266112,2132022,0.04646781459450722,0.5365409851074219,0.019527492183742185,True,True,False,False,Found in isolated instrument folder,False,
Dholak,dholak,Dholak Sample - 14.wav,Dholak\Dholak Sample - 14.wav,.wav,WAV,44100,2,PCM_32,,4.83265306122449,213120,1708086,0.19919882714748383,0.9754276275634766,0.03950591216216216,True,True,False,False,Found in isolated instrument folder,False,
Dholak,dholak,Dholak Sample - 15.wav,Dholak\Dholak Sample - 15.wav,.wav,WAV,44100,2,PCM_32,,3.6310204081632653,160128,1284150,0.11934968829154968,0.6868686676025391,0.2655250799360512,True,True,False,False,Found in isolated instrument folder,False,
Dholak,dholak,Dholak Sample - 16.wav,Dholak\Dholak Sample - 16.wav,.wav,WAV,44100,2,PCM_32,,4.83265306122449,213120,1708086,0.15414856374263763,0.9744815826416016,0.00542652027027027,True,True,False,False,Found in isolated instrument folder,False,
Dholak,dholak,Dholak Sample - 17.wav,Dholak\Dholak Sample - 17.wav,.wav,WAV,44100,2,PCM_32,,3.866122448979592,170496,1367094,0.08487456291913986,0.7913799285888672,0.007041220908408408,True,True,False,False,Found in isolated instrument folder,False,
Dholak,dholak,Dholak Sample - 18.wav,Dholak\Dholak Sample - 18.wav,.wav,WAV,44100,2,PCM_32,,6.034285714285715,266112,2132100,0.10860323160886765,0.9633064270019531,0.006003111471861472,True,True,False,False,Found in isolated instrument folder,False,
Dholak,dholak,Dholak Sample - 19.wav,Dholak\Dholak Sample - 19.wav,.wav,WAV,44100,2,PCM_32,,5.616326530612245,247680,1984644,0.09409990161657333,0.8519954681396484,0.06372739018087856,True,True,False,False,Found in isolated instrument folder,False,
Dholak,dholak,Dholak Sample - 20.wav,Dholak\Dholak Sample - 20.wav,.wav,WAV,44100,2,PCM_32,,4.048979591836734,178560,1431684,0.116114042699337,0.8270492553710938,0.01315524193548387,True,True,False,False,Found in isolated instrument folder,False,
Dholak,dholak,Dholak Sample - 21.wav,Dholak\Dholak Sample - 21.wav,.wav,WAV,44100,2,PCM_32,,6.034285714285715,266112,2132100,0.15432921051979065,0.932830810546875,0.027155859187109187,True,True,False,False,Found in isolated instrument folder,False,
Dholak,dholak,Dholak Sample - 22.wav,Dholak\Dholak Sample - 22.wav,.wav,WAV,44100,2,PCM_32,,3.9706122448979593,175104,1404036,0.12552869319915771,0.9404220581054688,0.007938139619883041,True,True,False,False,Found in isolated instrument folder,False,
Dholak,dholak,Dholak Sample - 23.wav,Dholak\Dholak Sample - 23.wav,.wav,WAV,44100,2,PCM_32,,13.740408163265306,605952,4850820,0.15933258831501007,0.9554653167724609,0.0018887634664131812,True,True,False,False,Found in isolated instrument folder,False,
Dholak,dholak,Dholak Sample - 24.wav,Dholak\Dholak Sample - 24.wav,.wav,WAV,44100,2,PCM_32,,6.896326530612245,304128,2436228,0.13148830831050873,0.9243850708007812,0.0028392650462962963,True,True,False,False,Found in isolated instrument folder,False,
Dholak,dholak,Dholak Sample - 25.wav,Dholak\Dholak Sample - 25.wav,.wav,WAV,44100,2,PCM_32,,3.84,169344,1357878,0.10536541789770126,0.9838619232177734,0.014101473922902494,True,True,False,False,Found in isolated instrument folder,False,
Dholak,dholak,Dholak Sample - 26.wav,Dholak\Dholak Sample - 26.wav,.wav,WAV,44100,2,PCM_32,,6.896326530612245,304128,2436228,0.038020405918359756,0.8728656768798828,0.9273595328282829,True,True,False,False,Found in isolated instrument folder,True,
Dholak,dholak,Dholak Sample - 27.wav,Dholak\Dholak Sample - 27.wav,.wav,WAV,44100,2,PCM_32,,6.034285714285715,266112,2132022,0.06974570453166962,0.6165714263916016,0.02330785533910534,True,True,False,False,Found in isolated instrument folder,False,
Dholak,dholak,Dholak Sample - 28.wav,Dholak\Dholak Sample - 28.wav,.wav,WAV,44100,2,PCM_32,,6.034285714285715,266112,2132100,0.14686685800552368,0.9415416717529297,0.007181186868686869,True,True,False,False,Found in isolated instrument folder,False,
Dholak,dholak,Dholak Sample - 29.wav,Dholak\Dholak Sample - 29.wav,.wav,WAV,44100,2,PCM_32,,3.030204081632653,133632,1072182,0.039560724049806595,0.5882549285888672,0.06408644636015326,True,True,False,False,Found in isolated instrument folder,False,
Dholak,dholak,Dholak Sample - 30.wav,Dholak\Dholak Sample - 30.wav,.wav,WAV,44100,2,PCM_32,,12.042448979591837,531072,4251780,0.22395342588424683,0.999969482421875,0.002951577187274042,True,True,False,False,Found in isolated instrument folder,False,
Dholak,dholak,Dholak Sample - 31.wav,Dholak\Dholak Sample - 31.wav,.wav,WAV,44100,2,PCM_32,,3.866122448979592,170496,1367094,0.09694110602140427,0.7305259704589844,0.0076863973348348345,True,True,False,False,Found in isolated instrument folder,False,
Dholak,dholak,Dholak Sample - 32.wav,Dholak\Dholak Sample - 32.wav,.wav,WAV,44100,2,PCM_32,,5.093877551020408,224640,1800246,0.05721572786569595,0.7032814025878906,0.02867031695156695,True,True,False,False,Found in isolated instrument folder,False,
Dholak,dholak,Dholak Sample - 33.wav,Dholak\Dholak Sample - 33.wav,.wav,WAV,44100,2,PCM_32,,5.093877551020408,224640,1800246,0.0982445478439331,0.9624919891357422,0.008649394586894586,True,True,False,False,Found in isolated instrument folder,False,
Dholak,dholak,Dholak Sample - 34.wav,Dholak\Dholak Sample - 34.wav,.wav,WAV,44100,2,PCM_32,,9.038367346938776,398592,3191940,0.11763866245746613,0.9552669525146484,0.004445648683365447,True,True,False,False,Found in isolated instrument folder,False,
Dholak,dholak,Dholak Sample - 35.wav,Dholak\Dholak Sample - 35.wav,.wav,WAV,44100,2,PCM_32,,13.374693877551021,589824,4721796,0.10522051155567169,0.7259998321533203,0.008440653483072916,True,True,False,False,Found in isolated instrument folder,False,
Dholak,dholak,Dholak Sample - 36.wav,Dholak\Dholak Sample - 36.wav,.wav,WAV,44100,2,PCM_32,,6.034285714285715,266112,2132100,0.09634541720151901,0.9396915435791016,0.04035894660894661,True,True,False,False,Found in isolated instrument folder,False,
Dholak,dholak,Dholak Sample - 37.wav,Dholak\Dholak Sample - 37.wav,.wav,WAV,44100,2,PCM_32,,8.045714285714286,354816,2841732,0.12494662404060364,0.9566478729248047,0.007243190836940837,True,True,False,False,Found in isolated instrument folder,False,
Dholak,dholak,Dholak Sample - 38.wav,Dholak\Dholak Sample - 38.wav,.wav,WAV,44100,2,PCM_32,,6.034285714285715,266112,2132100,0.19688162207603455,0.999969482421875,0.005082446488696489,True,True,False,False,Found in isolated instrument folder,False,
Dholak,dholak,Dholak Sample - 39.wav,Dholak\Dholak Sample - 39.wav,.wav,WAV,44100,2,PCM_32,,5.093877551020408,224640,1800246,0.08381623774766922,0.7085018157958984,0.009737802706552707,True,True,False,False,Found in isolated instrument folder,False,
Dholak,dholak,Dholak Sample - 40.wav,Dholak\Dholak Sample - 40.wav,.wav,WAV,44100,2,PCM_32,,6.034285714285715,266112,2132022,0.06281500309705734,0.5661182403564453,0.009492243867243868,True,True,False,False,Found in isolated instrument folder,False,
Dholak,dholak,Dholak Sample - 41.wav,Dholak\Dholak Sample - 41.wav,.wav,WAV,44100,2,PCM_32,,3.866122448979592,170496,1367094,0.0964035764336586,0.7558860778808594,0.005871105480480481,True,True,False,False,Found in isolated instrument folder,False,
Dholak,dholak,Dholak Sample - 42.wav,Dholak\Dholak Sample - 42.wav,.wav,WAV,44100,2,PCM_32,,5.799183673469388,255744,2049078,0.09710343927145004,0.8934841156005859,0.02267110860860861,True,True,False,False,Found in isolated instrument folder,False,
Dholak,dholak,Dholak Sample - 43.wav,Dholak\Dholak Sample - 43.wav,.wav,WAV,44100,2,PCM_32,,6.034285714285715,266112,2132022,0.049352649599313736,0.7141704559326172,0.0413265842953343,True,True,False,False,Found in isolated instrument folder,False,
Dholak,dholak,Dholak Sample - 44.wav,Dholak\Dholak Sample - 44.wav,.wav,WAV,44100,2,PCM_32,,4.048979591836734,178560,1431684,0.14067679643630981,0.9704437255859375,0.011041106630824372,True,True,False,False,Found in isolated instrument folder,False,
Dholak,dholak,Dholak Sample - 45.wav,Dholak\Dholak Sample - 45.wav,.wav,WAV,44100,2,PCM_32,,4.048979591836734,178560,1431684,0.14067679643630981,0.9704437255859375,0.011041106630824372,True,True,False,False,Found in isolated instrument folder,False,
Dholak,dholak,Dholak Sample - 46.wav,Dholak\Dholak Sample - 46.wav,.wav,WAV,44100,2,PCM_32,,3.030204081632653,133632,1072182,0.05946158990263939,0.5184440612792969,0.014476323036398467,True,True,False,False,Found in isolated instrument folder,False,
Dholak,dholak,Dholak Sample - 47.wav,Dholak\Dholak Sample - 47.wav,.wav,WAV,44100,2,PCM_32,,12.042448979591837,531072,4251780,0.14369846880435944,0.999969482421875,0.15321651301518438,True,True,False,False,Found in isolated instrument folder,False,
Dholak,dholak,Dholak Sample - 48.wav,Dholak\Dholak Sample - 48.wav,.wav,WAV,44100,2,PCM_32,,6.034285714285715,266112,2132100,0.15589502453804016,0.8604793548583984,0.00311335076960077,True,True,False,False,Found in isolated instrument folder,False,
Dholak,dholak,Dholak Sample - 49.wav,Dholak\Dholak Sample - 49.wav,.wav,WAV,44100,2,PCM_32,,3.866122448979592,170496,1367094,0.04578839987516403,0.4113655090332031,0.013070687875375376,True,True,False,False,Found in isolated instrument folder,False,
Dholak,dholak,Dholak Sample - 50.wav,Dholak\Dholak Sample - 50.wav,.wav,WAV,44100,2,PCM_32,,12.042448979591837,531072,4251780,0.14776018261909485,0.9639396667480469,0.003113513798505664,True,True,False,False,Found in isolated instrument folder,False,
Dholak,dholak,Dholak Sample - 51.wav,Dholak\Dholak Sample - 51.wav,.wav,WAV,44100,2,PCM_32,,4.048979591836734,178560,1431684,0.12559781968593597,0.9606666564941406,0.01021785394265233,True,True,False,False,Found in isolated instrument folder,False,
Dholak,dholak,Dholak Sample - 52.wav,Dholak\Dholak Sample - 52.wav,.wav,WAV,44100,2,PCM_32,,2.5338775510204083,111744,897156,0.13793347775936127,0.9357242584228516,0.16476052405498282,True,True,False,False,Found in isolated instrument folder,False,
Dholak,dholak,Dholak Sample - 53.wav,Dholak\Dholak Sample - 53.wav,.wav,WAV,44100,2,PCM_32,,4.048979591836734,178560,1431684,0.12006509304046631,0.9621658325195312,0.012659610215053763,True,True,False,False,Found in isolated instrument folder,False,
Dholak,dholak,Dholak Sample - 54.wav,Dholak\Dholak Sample - 54.wav,.wav,WAV,44100,2,PCM_32,,4.83265306122449,213120,1708086,0.15626603364944458,0.9647884368896484,0.00424878003003003,True,True,False,False,Found in isolated instrument folder,False,
Dholak,dholak,Dholak Sample - 55.wav,Dholak\Dholak Sample - 55.wav,.wav,WAV,44100,2,PCM_32,,3.866122448979592,170496,1367094,0.08288918435573578,0.7866802215576172,0.009654185435435435,True,True,False,False,Found in isolated instrument folder,False,
Tabla,tabla,addhatrital01.wav,Tabla\addhatrital01.wav,.wav,WAV,44100,2,PCM_16,,13.168798185941043,580744,2323020,0.08695933222770691,1.0,0.00872501480859036,True,True,False,False,Found in isolated instrument folder,False,
Tabla,tabla,addhatrital02.wav,Tabla\addhatrital02.wav,.wav,WAV,44100,2,PCM_16,,13.134263038548752,579221,2316928,0.08710722625255585,0.99951171875,0.009704413341367112,True,True,False,False,Found in isolated instrument folder,False,
Tabla,tabla,addhatrital03.wav,Tabla\addhatrital03.wav,.wav,WAV,44100,2,PCM_16,,13.194943310657596,581897,2327632,0.0854763463139534,0.999969482421875,0.011017413734733124,True,True,False,False,Found in isolated instrument folder,False,
Tabla,tabla,addhatrital04.wav,Tabla\addhatrital04.wav,.wav,WAV,44100,2,PCM_16,,13.073492063492063,576541,2306208,0.08568213135004044,1.0,0.012309618916954736,True,True,False,False,Found in isolated instrument folder,False,
Tabla,tabla,addhatrital05.wav,Tabla\addhatrital05.wav,.wav,WAV,44100,2,PCM_16,,13.130952380952381,579075,2316344,0.08481785655021667,0.999969482421875,0.012590769762120623,True,True,False,False,Found in isolated instrument folder,False,
Tabla,tabla,addhatrital06.wav,Tabla\addhatrital06.wav,.wav,WAV,44100,2,PCM_16,,13.158480725623583,580289,2321200,0.08408845961093903,0.977264404296875,0.01459359043511078,True,True,False,False,Found in isolated instrument folder,False,
Tabla,tabla,addhatrital07.wav,Tabla\addhatrital07.wav,.wav,WAV,44100,2,PCM_16,,13.181904761904763,581322,2325332,0.08150597661733627,0.88177490234375,0.016914893983024898,True,True,False,False,Found in isolated instrument folder,False,
Tabla,tabla,addhatrital08.wav,Tabla\addhatrital08.wav,.wav,WAV,44100,2,PCM_16,,13.06936507936508,576359,2305480,0.08261918276548386,0.999969482421875,0.017183734443289685,True,True,False,False,Found in isolated instrument folder,False,
Tabla,tabla,addhatrital09.wav,Tabla\addhatrital09.wav,.wav,WAV,44100,2,PCM_16,,13.241519274376417,583951,2335848,0.08679166436195374,0.999969482421875,0.014897654083989924,True,True,False,False,Found in isolated instrument folder,False,
Tabla,tabla,addhatrital10.wav,Tabla\addhatrital10.wav,.wav,WAV,44100,2,PCM_16,,13.121746031746031,578669,2314720,0.08507278561592102,0.92352294921875,0.016954424722941785,True,True,False,False,Found in isolated instrument folder,False,
Tabla,tabla,addhatrital11.wav,Tabla\addhatrital11.wav,.wav,WAV,44100,2,PCM_16,,13.0918820861678,577352,2309452,0.08317789435386658,1.0,0.019371198159874738,True,True,False,False,Found in isolated instrument folder,False,
Tabla,tabla,addhatrital12.wav,Tabla\addhatrital12.wav,.wav,WAV,44100,2,PCM_16,,13.10907029478458,578110,2312484,0.08188405632972717,0.999969482421875,0.02119060386431648,True,True,False,False,Found in isolated instrument folder,False,
Tabla,tabla,addhatrital13.wav,Tabla\addhatrital13.wav,.wav,WAV,44100,2,PCM_16,,13.072063492063492,576478,2305956,0.07954349368810654,0.900238037109375,0.02215869469433352,True,True,False,False,Found in isolated instrument folder,False,
Tabla,tabla,addhatrital14.wav,Tabla\addhatrital14.wav,.wav,WAV,44100,2,PCM_16,,13.16687074829932,580659,2322680,0.07983173429965973,0.948974609375,0.013051550049168272,True,True,False,False,Found in isolated instrument folder,False,
Tabla,tabla,addhatrital15.wav,Tabla\addhatrital15.wav,.wav,WAV,44100,2,PCM_16,,13.135396825396825,579271,2317128,0.08000334352254868,1.0,0.01395978738794105,True,True,False,False,Found in isolated instrument folder,False,
Tabla,tabla,addhatrital16.wav,Tabla\addhatrital16.wav,.wav,WAV,44100,2,PCM_16,,13.144739229024943,579683,2318776,0.07929322123527527,0.999969482421875,0.01517812321561957,True,True,False,False,Found in isolated instrument folder,False,
Tabla,tabla,addhatrital17.wav,Tabla\addhatrital17.wav,.wav,WAV,44100,2,PCM_16,,13.1643537414966,580548,2322236,0.07814265042543411,0.9051513671875,0.01704251844808698,True,True,False,False,Found in isolated instrument folder,False,
Tabla,tabla,addhatrital18.wav,Tabla\addhatrital18.wav,.wav,WAV,44100,2,PCM_16,,13.175804988662131,581053,2324256,0.07606608420610428,0.825927734375,0.01843033251699931,True,True,False,False,Found in isolated instrument folder,False,
Tabla,tabla,addhatrital19.wav,Tabla\addhatrital19.wav,.wav,WAV,44100,2,PCM_16,,13.152403628117915,580021,2320128,0.07674257457256317,0.999969482421875,0.021107856439680633,True,True,False,False,Found in isolated instrument folder,False,
Tabla,tabla,addhatrital20.wav,Tabla\addhatrital20.wav,.wav,WAV,44100,2,PCM_16,,10.90390022675737,480862,1923492,0.09034791588783264,0.991424560546875,0.006882431965927855,True,True,False,False,Found in isolated instrument folder,False,
Tabla,tabla,addhatrital21.wav,Tabla\addhatrital21.wav,.wav,WAV,44100,2,PCM_16,,10.930657596371882,482042,1928212,0.09104873985052109,0.90936279296875,0.006966197966152327,True,True,False,False,Found in isolated instrument folder,False,
Tabla,tabla,addhatrital22.wav,Tabla\addhatrital22.wav,.wav,WAV,44100,2,PCM_16,,10.902244897959184,480789,1923200,0.08732578158378601,0.9423828125,0.007906794872594838,True,True,False,False,Found in isolated instrument folder,False,
Tabla,tabla,addhatrital23.wav,Tabla\addhatrital23.wav,.wav,WAV,44100,2,PCM_16,,10.920544217687075,481596,1926428,0.0886463075876236,1.0,0.008707505876294654,True,True,False,False,Found in isolated instrument folder,False,
Tabla,tabla,addhatrital24.wav,Tabla\addhatrital24.wav,.wav,WAV,44100,2,PCM_16,,10.95748299319728,483225,1932944,0.08850429207086563,0.999969482421875,0.00994360805008019,True,True,False,False,Found in isolated instrument folder,False,
Tabla,tabla,addhatrital25.wav,Tabla\addhatrital25.wav,.wav,WAV,44100,2,PCM_16,,10.870657596371881,479396,1917628,0.08602449297904968,0.90582275390625,0.01115048936578528,True,True,False,False,Found in isolated instrument folder,False,
Tabla,tabla,addhatrital26.wav,Tabla\addhatrital26.wav,.wav,WAV,44100,2,PCM_16,,10.916689342403629,481426,1925748,0.08339675515890121,0.823150634765625,0.012336267671459372,True,True,False,False,Found in isolated instrument folder,False,
Tabla,tabla,addhatrital27.wav,Tabla\addhatrital27.wav,.wav,WAV,44100,2,PCM_16,,10.935600907029478,482260,1929084,0.08464425057172775,0.999969482421875,0.013706299506490275,True,True,False,False,Found in isolated instrument folder,False,
Tabla,tabla,addhatrital28.wav,Tabla\addhatrital28.wav,.wav,WAV,44100,2,PCM_16,,10.922244897959184,481671,1926728,0.0945761427283287,0.949005126953125,0.00861376333638521,True,True,False,False,Found in isolated instrument folder,False,
Tabla,tabla,addhatrital29.wav,Tabla\addhatrital29.wav,.wav,WAV,44100,2,PCM_16,,10.901360544217686,480750,1923044,0.09357285499572754,0.986114501953125,0.01002808112324493,True,True,False,False,Found in isolated instrument folder,False,
Tabla,tabla,addhatrital30.wav,Tabla\addhatrital30.wav,.wav,WAV,44100,2,PCM_16,,10.878095238095238,479724,1918940,0.0931585505604744,0.92193603515625,0.010853115541436326,True,True,False,False,Found in isolated instrument folder,False,
Tabla,tabla,addhatrital31.wav,Tabla\addhatrital31.wav,.wav,WAV,44100,2,PCM_16,,10.902630385487528,480806,1923268,0.09124274551868439,1.0,0.012567438842277342,True,True,False,False,Found in isolated instrument folder,False,
Tabla,tabla,addhatrital32.wav,Tabla\addhatrital32.wav,.wav,WAV,44100,2,PCM_16,,8.269365079365079,364679,1458760,0.10403770953416824,0.96173095703125,0.005792765692567985,True,True,False,False,Found in isolated instrument folder,False,
Tabla,tabla,addhatrital33.wav,Tabla\addhatrital33.wav,.wav,WAV,44100,2,PCM_16,,8.230362811791384,362959,1451880,0.10183388739824295,0.867919921875,0.00611777087770244,True,True,False,False,Found in isolated instrument folder,False,
Tabla,tabla,addhatrital34.wav,Tabla\addhatrital34.wav,.wav,WAV,44100,2,PCM_16,,8.198412698412698,361550,1446244,0.10033939778804779,0.9420166015625,0.006115336744571982,True,True,False,False,Found in isolated instrument folder,False,
Tabla,tabla,addhatrital35.wav,Tabla\addhatrital35.wav,.wav,WAV,44100,2,PCM_16,,8.211315192743765,362119,1448520,0.10040644556283951,1.0,0.006484056346118265,True,True,False,False,Found in isolated instrument folder,False,
Tabla,tabla,addhatrital36.wav,Tabla\addhatrital36.wav,.wav,WAV,44100,2,PCM_16,,8.181360544217688,360798,1443236,0.09939615428447723,0.999969482421875,0.00602968974329126,True,True,False,False,Found in isolated instrument folder,False,
Tabla,tabla,addhatrital37.wav,Tabla\addhatrital37.wav,.wav,WAV,44100,2,PCM_16,,8.17154195011338,360365,1441504,0.098195880651474,0.9044189453125,0.005721976329554757,True,True,False,False,Found in isolated instrument folder,False,
Tabla,tabla,addhatrital38.wav,Tabla\addhatrital38.wav,.wav,WAV,44100,2,PCM_16,,8.179387755102042,360711,1442888,0.09571512788534164,0.8271484375,0.006564812273537541,True,True,False,False,Found in isolated instrument folder,False,
Tabla,tabla,addhatrital39.wav,Tabla\addhatrital39.wav,.wav,WAV,44100,2,PCM_16,,8.206462585034014,361905,1447664,0.09625745564699173,0.96624755859375,0.006628811428413534,True,True,False,False,Found in isolated instrument folder,False,
Tabla,tabla,addhatrital40.wav,Tabla\addhatrital40.wav,.wav,WAV,44100,2,PCM_16,,8.267006802721088,364575,1458344,0.10849682986736298,0.94439697265625,0.0043557567030103545,True,True,False,False,Found in isolated instrument folder,False,
Tabla,tabla,addhatrital41.wav,Tabla\addhatrital41.wav,.wav,WAV,44100,2,PCM_16,,8.271360544217687,364767,1459112,0.1094607263803482,0.939361572265625,0.00489353477699463,True,True,False,False,Found in isolated instrument folder,False,
Tabla,tabla,addhatrital42.wav,Tabla\addhatrital42.wav,.wav,WAV,44100,2,PCM_16,,8.244013605442177,363561,1454288,0.10674796998500824,0.92181396484375,0.005796826392269798,True,True,False,False,Found in isolated instrument folder,False,
Tabla,tabla,addhatrital43.wav,Tabla\addhatrital43.wav,.wav,WAV,44100,2,PCM_16,,8.210997732426303,362105,1448464,0.10369212180376053,1.0,0.0064801645931428726,True,True,False,False,Found in isolated instrument folder,False,
Tabla,tabla,addhatrital44.wav,Tabla\addhatrital44.wav,.wav,WAV,44100,2,PCM_16,,6.674399092970521,294341,1177408,0.11264358460903168,0.96417236328125,0.005641415908758889,True,True,False,False,Found in isolated instrument folder,False,
Tabla,tabla,addhatrital45.wav,Tabla\addhatrital45.wav,.wav,WAV,44100,2,PCM_16,,6.643537414965986,292980,1171964,0.11297477781772614,0.873565673828125,0.004897945252235647,True,True,False,False,Found in isolated instrument folder,False,
Tabla,tabla,addhatrital46.wav,Tabla\addhatrital46.wav,.wav,WAV,44100,2,PCM_16,,6.657369614512471,293590,1174404,0.11083678156137466,0.942230224609375,0.005318641643107735,True,True,False,False,Found in isolated instrument folder,False,
Tabla,tabla,addhatrital47.wav,Tabla\addhatrital47.wav,.wav,WAV,44100,2,PCM_16,,6.638276643990929,292748,1171036,0.11160124838352203,0.999969482421875,0.0057643433943186636,True,True,False,False,Found in isolated instrument folder,False,
Tabla,tabla,addhatrital48.wav,Tabla\addhatrital48.wav,.wav,WAV,44100,2,PCM_16,,6.662108843537415,293799,1175240,0.1123502254486084,0.999969482421875,0.005942838471199698,True,True,False,False,Found in isolated instrument folder,False,
Tabla,tabla,addhatrital49.wav,Tabla\addhatrital49.wav,.wav,WAV,44100,2,PCM_16,,6.646984126984127,293132,1172572,0.10972622036933899,0.9088134765625,0.005920540916720112,True,True,False,False,Found in isolated instrument folder,False,
Tabla,tabla,addhatrital50.wav,Tabla\addhatrital50.wav,.wav,WAV,44100,2,PCM_16,,6.631473922902495,292448,1169836,0.10650245100259781,0.8260498046875,0.00660288324762009,True,True,False,False,Found in isolated instrument folder,False,
Tabla,tabla,addhatrital51.wav,Tabla\addhatrital51.wav,.wav,WAV,44100,2,PCM_16,,6.607823129251701,291405,1165664,0.10586415231227875,0.878326416015625,0.005159485938813679,True,True,False,False,Found in isolated instrument folder,False,
Tabla,tabla,addhatrital52.wav,Tabla\addhatrital52.wav,.wav,WAV,44100,2,PCM_16,,6.671678004535147,294221,1176928,0.12315129488706589,0.999969482421875,0.004058173957671275,True,True,False,False,Found in isolated instrument folder,False,
Tabla,tabla,addhatrital53.wav,Tabla\addhatrital53.wav,.wav,WAV,44100,2,PCM_16,,6.670045351473923,294149,1176640,0.11895006895065308,1.0,0.004630306409336765,True,True,False,False,Found in isolated instrument folder,False,
Tabla,tabla,addhatrital54.wav,Tabla\addhatrital54.wav,.wav,WAV,44100,2,PCM_16,,6.623151927437641,292081,1168368,0.11339200288057327,1.0,0.004603175146620287,True,True,False,False,Found in isolated instrument folder,False,
Tabla,tabla,addhatrital55.wav,Tabla\addhatrital55.wav,.wav,WAV,44100,2,PCM_16,,5.06718820861678,223463,893896,0.12692870199680328,0.96063232421875,0.0053454039371171064,True,True,False,False,Found in isolated instrument folder,False,
Tabla,tabla,addhatrital56.wav,Tabla\addhatrital56.wav,.wav,WAV,44100,2,PCM_16,,5.019160997732427,221345,885424,0.12461764365434647,0.854095458984375,0.005102893672773273,True,True,False,False,Found in isolated instrument folder,False,
Tabla,tabla,addhatrital57.wav,Tabla\addhatrital57.wav,.wav,WAV,44100,2,PCM_16,,5.037301587301587,222145,888624,0.12410343438386917,0.94659423828125,0.005291588827117423,True,True,False,False,Found in isolated instrument folder,False,
Tabla,tabla,addhatrital58.wav,Tabla\addhatrital58.wav,.wav,WAV,44100,2,PCM_16,,5.067460317460317,223475,893944,0.12566910684108734,0.999969482421875,0.005320505649401499,True,True,False,False,Found in isolated instrument folder,False,
Tabla,tabla,addhatrital59.wav,Tabla\addhatrital59.wav,.wav,WAV,44100,2,PCM_16,,5.029705215419501,221810,887284,0.12300801277160645,0.99017333984375,0.005299580722239755,True,True,False,False,Found in isolated instrument folder,False,
Tabla,tabla,addhatrital60.wav,Tabla\addhatrital60.wav,.wav,WAV,44100,2,PCM_16,,5.001814058956916,220580,882364,0.1225571408867836,0.897369384765625,0.004834980505938888,True,True,False,False,Found in isolated instrument folder,False,
Tabla,tabla,addhatrital61.wav,Tabla\addhatrital61.wav,.wav,WAV,44100,2,PCM_16,,5.0094557823129255,220917,883712,0.11954236030578613,0.82147216796875,0.005782714775232327,True,True,False,False,Found in isolated instrument folder,False,
Tabla,tabla,addhatrital62.wav,Tabla\addhatrital62.wav,.wav,WAV,44100,2,PCM_16,,4.989954648526077,220057,880272,0.12044983357191086,0.859130859375,0.005305443589615418,True,True,False,False,Found in isolated instrument folder,False,
Tabla,tabla,addhatrital63.wav,Tabla\addhatrital63.wav,.wav,WAV,44100,2,PCM_16,,5.0272335600907025,221701,886848,0.1351800560951233,0.944671630859375,0.004451942030031439,True,True,False,False,Found in isolated instrument folder,False,
Tabla,tabla,addhatrital64.wav,Tabla\addhatrital64.wav,.wav,WAV,44100,2,PCM_16,,5.035124716553288,222049,888240,0.13419634103775024,0.862518310546875,0.004167998955185567,True,True,False,False,Found in isolated instrument folder,False,
Tabla,tabla,addhatrital65.wav,Tabla\addhatrital65.wav,.wav,WAV,44100,2,PCM_16,,5.006780045351474,220799,883240,0.13159307837486267,0.915740966796875,0.004060253896077428,True,True,False,False,Found in isolated instrument folder,False,
Tabla,tabla,addhatrital66.wav,Tabla\addhatrital66.wav,.wav,WAV,44100,2,PCM_16,,5.052290249433106,222806,891268,0.13155116140842438,1.0,0.004984156620557794,True,True,False,False,Found in isolated instrument folder,False,
Tabla,tabla,addhatrital67.wav,Tabla\addhatrital67.wav,.wav,WAV,44100,2,PCM_16,,4.0718140589569165,179567,718312,0.13709993660449982,0.9603271484375,0.0055800898828849395,True,True,False,False,Found in isolated instrument folder,False,
Tabla,tabla,addhatrital68.wav,Tabla\addhatrital68.wav,.wav,WAV,44100,2,PCM_16,,4.071133786848073,179537,718192,0.13869713246822357,0.85577392578125,0.00407715401282187,True,True,False,False,Found in isolated instrument folder,False,
Tabla,tabla,addhatrital69.wav,Tabla\addhatrital69.wav,.wav,WAV,44100,2,PCM_16,,4.0331292517006805,177861,711488,0.1363760381937027,0.941162109375,0.004832425320896655,True,True,False,False,Found in isolated instrument folder,False,
Tabla,tabla,addhatrital70.wav,Tabla\addhatrital70.wav,.wav,WAV,44100,2,PCM_16,,4.03827664399093,178088,712396,0.1364355832338333,0.999969482421875,0.00460446520821167,True,True,False,False,Found in isolated instrument folder,False,
Tabla,tabla,addhatrital71.wav,Tabla\addhatrital71.wav,.wav,WAV,44100,2,PCM_16,,4.012539682539683,176953,707856,0.13701795041561127,0.969085693359375,0.004597265940673512,True,True,False,False,Found in isolated instrument folder,False,
Tabla,tabla,addhatrital72.wav,Tabla\addhatrital72.wav,.wav,WAV,44100,2,PCM_16,,3.981360544217687,175578,702356,0.1364866942167282,0.900604248046875,0.004180478192028614,True,True,False,False,Found in isolated instrument folder,False,
Tabla,tabla,addhatrital73.wav,Tabla\addhatrital73.wav,.wav,WAV,44100,2,PCM_16,,4.00936507936508,176813,707296,0.13155609369277954,0.82281494140625,0.004657462969351801,True,True,False,False,Found in isolated instrument folder,False,
Tabla,tabla,addhatrital74.wav,Tabla\addhatrital74.wav,.wav,WAV,44100,2,PCM_16,,4.013174603174603,176981,707968,0.1325826644897461,0.85076904296875,0.004624790231719789,True,True,False,False,Found in isolated instrument folder,False,
Tabla,tabla,addhatrital75.wav,Tabla\addhatrital75.wav,.wav,WAV,44100,2,PCM_16,,4.041428571428572,178227,712952,0.1438877433538437,0.95147705078125,0.004847750340857446,True,True,False,False,Found in isolated instrument folder,False,
Tabla,tabla,addhatrital76.wav,Tabla\addhatrital76.wav,.wav,WAV,44100,2,PCM_16,,4.010249433106576,176852,707452,0.1489686369895935,0.863433837890625,0.004204080247890892,True,True,False,False,Found in isolated instrument folder,False,
Tabla,tabla,addhatrital77.wav,Tabla\addhatrital77.wav,.wav,WAV,44100,2,PCM_16,,4.012244897959183,176940,707804,0.14533282816410065,0.92584228515625,0.004617384424098565,True,True,False,False,Found in isolated instrument folder,False,
Tabla,tabla,addhatrital78.wav,Tabla\addhatrital78.wav,.wav,WAV,44100,2,PCM_16,,4.013356009070295,176989,708000,0.1428598016500473,1.0,0.004658481600551447,True,True,False,False,Found in isolated instrument folder,False,
Tabla,tabla,bhajani01.wav,Tabla\bhajani01.wav,.wav,WAV,44100,2,PCM_16,,6.603560090702948,291217,1164912,0.08138477057218552,0.99737548828125,0.00520574004951634,True,True,False,False,Found in isolated instrument folder,False,
Tabla,tabla,bhajani02.wav,Tabla\bhajani02.wav,.wav,WAV,44100,2,PCM_16,,6.514489795918367,287289,1149200,0.08071941137313843,0.95501708984375,0.004497213607203896,True,True,False,False,Found in isolated instrument folder,False,
Tabla,tabla,bhajani03.wav,Tabla\bhajani03.wav,.wav,WAV,44100,2,PCM_16,,6.538548752834467,288350,1153444,0.07853196561336517,0.90179443359375,0.005434367955609502,True,True,False,False,Found in isolated instrument folder,False,
Tabla,tabla,bhajani04.wav,Tabla\bhajani04.wav,.wav,WAV,44100,2,PCM_16,,6.566575963718821,289586,1158388,0.07937851548194885,0.999969482421875,0.0052419661171465475,True,True,False,False,Found in isolated instrument folder,False,
Tabla,tabla,bhajani05.wav,Tabla\bhajani05.wav,.wav,WAV,44100,2,PCM_16,,6.5757596371882086,289991,1160008,0.07955453544855118,0.999969482421875,0.006682966023083475,True,True,False,False,Found in isolated instrument folder,False,
Tabla,tabla,bhajani06.wav,Tabla\bhajani06.wav,.wav,WAV,44100,2,PCM_16,,6.545124716553288,288640,1154604,0.07743696123361588,0.915771484375,0.007878325942350333,True,True,False,False,Found in isolated instrument folder,False,
Tabla,tabla,bhajani07.wav,Tabla\bhajani07.wav,.wav,WAV,44100,2,PCM_16,,6.563809523809524,289464,1157900,0.07544161379337311,0.915802001953125,0.008847386894397923,True,True,False,False,Found in isolated instrument folder,False,
Tabla,tabla,bhajani08.wav,Tabla\bhajani08.wav,.wav,WAV,44100,2,PCM_16,,6.634399092970521,292577,1170352,0.07600250095129013,0.984405517578125,0.00929840691510269,True,True,False,False,Found in isolated instrument folder,False,
Tabla,tabla,bhajani09.wav,Tabla\bhajani09.wav,.wav,WAV,44100,2,PCM_16,,6.602108843537415,291153,1164656,0.08504264056682587,0.93597412109375,0.005771879389874053,True,True,False,False,Found in isolated instrument folder,False,
Tabla,tabla,bhajani10.wav,Tabla\bhajani10.wav,.wav,WAV,44100,2,PCM_16,,6.600634920634921,291088,1164396,0.08454342186450958,0.929229736328125,0.006077200021986478,True,True,False,False,Found in isolated instrument folder,False,
Tabla,tabla,bhajani11.wav,Tabla\bhajani11.wav,.wav,WAV,44100,2,PCM_16,,6.545056689342403,288637,1154592,0.08462432771921158,0.915802001953125,0.006556678457716786,True,True,False,False,Found in isolated instrument folder,False,
Tabla,tabla,bhajani12.wav,Tabla\bhajani12.wav,.wav,WAV,44100,2,PCM_16,,6.632040816326531,292473,1169936,0.08267409354448318,0.999969482421875,0.007075866832152028,True,True,False,False,Found in isolated instrument folder,False,
Tabla,tabla,bhajani13.wav,Tabla\bhajani13.wav,.wav,WAV,44100,2,PCM_16,,5.543083900226757,244450,977844,0.08633037656545639,0.82635498046875,0.005103293106974841,True,True,False,False,Found in isolated instrument folder,False,
Tabla,tabla,bhajani14.wav,Tabla\bhajani14.wav,.wav,WAV,44100,2,PCM_16,,5.5141043083900225,243172,972732,0.08457445353269577,0.82098388671875,0.004704489003668186,True,True,False,False,Found in isolated instrument folder,False,
Tabla,tabla,bhajani15.wav,Tabla\bhajani15.wav,.wav,WAV,44100,2,PCM_16,,5.523650793650794,243593,974416,0.0849577859044075,0.880096435546875,0.005609767111534404,True,True,False,False,Found in isolated instrument folder,False,
Tabla,tabla,bhajani16.wav,Tabla\bhajani16.wav,.wav,WAV,44100,2,PCM_16,,5.495283446712018,242342,969412,0.08622624725103378,0.999969482421875,0.0054200262439032445,True,True,False,False,Found in isolated instrument folder,False,
Tabla,tabla,bhajani17.wav,Tabla\bhajani17.wav,.wav,WAV,44100,2,PCM_16,,5.5377777777777775,244216,976908,0.08606680482625961,0.999969482421875,0.005501277557571986,True,True,False,False,Found in isolated instrument folder,False,
Tabla,tabla,bhajani18.wav,Tabla\bhajani18.wav,.wav,WAV,44100,2,PCM_16,,5.530090702947846,243877,975552,0.08356598019599915,0.902130126953125,0.005910766492945215,True,True,False,False,Found in isolated instrument folder,False,
Tabla,tabla,bhajani19.wav,Tabla\bhajani19.wav,.wav,WAV,44100,2,PCM_16,,5.544557823129252,244515,978104,0.080891452729702,0.8564453125,0.00623274645727256,True,True,False,False,Found in isolated instrument folder,False,
Tabla,tabla,bhajani20.wav,Tabla\bhajani20.wav,.wav,WAV,44100,2,PCM_16,,5.519931972789116,243429,973760,0.08082232624292374,0.977935791015625,0.0067966429636567545,True,True,False,False,Found in isolated instrument folder,False,
Tabla,tabla,bhajani21.wav,Tabla\bhajani21.wav,.wav,WAV,44100,2,PCM_16,,5.5508843537414965,244794,979220,0.091574527323246,0.899871826171875,0.006056112486417151,True,True,False,False,Found in isolated instrument folder,False,
Tabla,tabla,bhajani22.wav,Tabla\bhajani22.wav,.wav,WAV,44100,2,PCM_16,,5.529070294784581,243832,975372,0.09166465699672699,0.9530029296875,0.005698595754453886,True,True,False,False,Found in isolated instrument folder,False,
Tabla,tabla,bhajani23.wav,Tabla\bhajani23.wav,.wav,WAV,44100,2,PCM_16,,5.551179138321995,244807,979272,0.09236247837543488,0.907928466796875,0.0049814752029149496,True,True,False,False,Found in isolated instrument folder,False,
Tabla,tabla,bhajani24.wav,Tabla\bhajani24.wav,.wav,WAV,44100,2,PCM_16,,5.531995464852607,243961,975888,0.08907216042280197,0.999969482421875,0.0062694447063260115,True,True,False,False,Found in isolated instrument folder,False,
Tabla,tabla,bhajani25.wav,Tabla\bhajani25.wav,.wav,WAV,44100,2,PCM_16,,4.182358276643991,184442,737812,0.09704737365245819,0.830902099609375,0.0058826080827577235,True,True,False,False,Found in isolated instrument folder,False,
Tabla,tabla,bhajani26.wav,Tabla\bhajani26.wav,.wav,WAV,44100,2,PCM_16,,4.216961451247165,185968,743916,0.09585588425397873,0.798583984375,0.005076142131979695,True,True,False,False,Found in isolated instrument folder,False,
Tabla,tabla,bhajani27.wav,Tabla\bhajani27.wav,.wav,WAV,44100,2,PCM_16,,4.192018140589569,184868,739516,0.0956052839756012,0.88470458984375,0.005576952203734557,True,True,False,False,Found in isolated instrument folder,False,
Tabla,tabla,bhajani28.wav,Tabla\bhajani28.wav,.wav,WAV,44100,2,PCM_16,,4.222993197278911,186234,744980,0.0975043997168541,0.999969482421875,0.005380327974483714,True,True,False,False,Found in isolated instrument folder,False,
Tabla,tabla,bhajani29.wav,Tabla\bhajani29.wav,.wav,WAV,44100,2,PCM_16,,4.191428571428571,184842,739412,0.09657035022974014,0.999969482421875,0.005428960950433343,True,True,False,False,Found in isolated instrument folder,False,
Tabla,tabla,bhajani30.wav,Tabla\bhajani30.wav,.wav,WAV,44100,2,PCM_16,,4.213424036281179,185812,743292,0.09456510841846466,0.91412353515625,0.005077712957182528,True,True,False,False,Found in isolated instrument folder,False,
Tabla,tabla,bhajani31.wav,Tabla\bhajani31.wav,.wav,WAV,44100,2,PCM_16,,4.191519274376417,184846,739428,0.09175493568181992,0.852264404296875,0.005969834348592883,True,True,False,False,Found in isolated instrument folder,False,
Tabla,tabla,bhajani32.wav,Tabla\bhajani32.wav,.wav,WAV,44100,2,PCM_16,,4.193356009070294,184927,739752,0.09117346256971359,0.974151611328125,0.005861772483196072,True,True,False,False,Found in isolated instrument folder,False,
Tabla,tabla,bhajani33.wav,Tabla\bhajani33.wav,.wav,WAV,44100,2,PCM_16,,4.250294784580499,187438,749796,0.10416006296873093,0.93804931640625,0.005887280060606707,True,True,False,False,Found in isolated instrument folder,False,
Tabla,tabla,bhajani34.wav,Tabla\bhajani34.wav,.wav,WAV,44100,2,PCM_16,,4.1807709750566895,184372,737532,0.10335827618837357,0.9718017578125,0.005646193565183434,True,True,False,False,Found in isolated instrument folder,False,
Tabla,tabla,bhajani35.wav,Tabla\bhajani35.wav,.wav,WAV,44100,2,PCM_16,,4.218730158730159,186046,744228,0.1034628301858902,0.943939208984375,0.0057002031755587325,True,True,False,False,Found in isolated instrument folder,False,
Tabla,tabla,bhajani36.wav,Tabla\bhajani36.wav,.wav,WAV,44100,2,PCM_16,,4.224512471655329,186301,745248,0.10001660138368607,0.999969482421875,0.006266740382499289,True,True,False,False,Found in isolated instrument folder,False,
Tabla,tabla,bhajani37.wav,Tabla\bhajani37.wav,.wav,WAV,44100,2,PCM_16,,3.431972789115646,151350,605444,0.11400106549263,0.8084716796875,0.008014535844070036,True,True,False,False,Found in isolated instrument folder,False,
Tabla,tabla,bhajani38.wav,Tabla\bhajani38.wav,.wav,WAV,44100,2,PCM_16,,3.4035827664399094,150098,600436,0.11369486153125763,0.932037353515625,0.0055663633093045875,True,True,False,False,Found in isolated instrument folder,False,
Tabla,tabla,bhajani39.wav,Tabla\bhajani39.wav,.wav,WAV,44100,2,PCM_16,,3.4336961451247165,151426,605748,0.11235272884368896,0.8597412109375,0.006973703327037629,True,True,False,False,Found in isolated instrument folder,False,
Tabla,tabla,bhajani40.wav,Tabla\bhajani40.wav,.wav,WAV,44100,2,PCM_16,,3.40265306122449,150057,600272,0.1157207265496254,0.999969482421875,0.006574168482643262,True,True,False,False,Found in isolated instrument folder,False,
Tabla,tabla,bhajani41.wav,Tabla\bhajani41.wav,.wav,WAV,44100,2,PCM_16,,3.397641723356009,149836,599388,0.11540967971086502,0.999969482421875,0.00617341626845351,True,True,False,False,Found in isolated instrument folder,False,
Tabla,tabla,bhajani42.wav,Tabla\bhajani42.wav,.wav,WAV,44100,2,PCM_16,,3.4056009070294784,150187,600792,0.11325998604297638,0.89453125,0.005696232030735017,True,True,False,False,Found in isolated instrument folder,False,
Tabla,tabla,bhajani43.wav,Tabla\bhajani43.wav,.wav,WAV,44100,2,PCM_16,,3.4326530612244897,151380,605564,0.11029192805290222,0.848968505859375,0.006021270973708548,True,True,False,False,Found in isolated instrument folder,False,
Tabla,tabla,bhajani44.wav,Tabla\bhajani44.wav,.wav,WAV,44100,2,PCM_16,,3.37750566893424,148948,595836,0.10911355167627335,0.968536376953125,0.006300856674812686,True,True,False,False,Found in isolated instrument folder,False,
Tabla,tabla,bhajani45.wav,Tabla\bhajani45.wav,.wav,WAV,44100,2,PCM_16,,3.4346485260770976,151468,605916,0.12136047333478928,0.889373779296875,0.0065855494229804315,True,True,False,False,Found in isolated instrument folder,False,
Tabla,tabla,bhajani46.wav,Tabla\bhajani46.wav,.wav,WAV,44100,2,PCM_16,,3.4107256235827665,150413,601696,0.12419761717319489,0.935333251953125,0.005767453611057555,True,True,False,False,Found in isolated instrument folder,False,
Tabla,tabla,bhajani47.wav,Tabla\bhajani47.wav,.wav,WAV,44100,2,PCM_16,,3.3776643990929704,148955,595864,0.12131360173225403,0.924957275390625,0.006095800745191501,True,True,False,False,Found in isolated instrument folder,False,
Tabla,tabla,bhajani48.wav,Tabla\bhajani48.wav,.wav,WAV,44100,2,PCM_16,,3.4366666666666665,151557,606272,0.12022601068019867,0.999969482421875,0.006317755036059041,True,True,False,False,Found in isolated instrument folder,False,
Tabla,tabla,bhajani49.wav,Tabla\bhajani49.wav,.wav,WAV,44100,2,PCM_16,,2.6499319727891155,116862,467492,0.13323409855365753,0.79290771484375,0.007307764713936096,True,True,False,False,Found in isolated instrument folder,False,
Tabla,tabla,bhajani50.wav,Tabla\bhajani50.wav,.wav,WAV,44100,2,PCM_16,,2.591655328798186,114292,457212,0.12613922357559204,0.78839111328125,0.007450215238161901,True,True,False,False,Found in isolated instrument folder,False,
Tabla,tabla,bhajani51.wav,Tabla\bhajani51.wav,.wav,WAV,44100,2,PCM_16,,2.5606349206349206,112924,451740,0.12789976596832275,0.833526611328125,0.006615068541674046,True,True,False,False,Found in isolated instrument folder,False,
Tabla,tabla,bhajani52.wav,Tabla\bhajani52.wav,.wav,WAV,44100,2,PCM_16,,2.619705215419501,115529,462160,0.12947261333465576,0.999969482421875,0.006630369863843711,True,True,False,False,Found in isolated instrument folder,False,
Tabla,tabla,bhajani53.wav,Tabla\bhajani53.wav,.wav,WAV,44100,2,PCM_16,,2.5616326530612246,112968,451916,0.12895357608795166,0.999969482421875,0.007121485730472346,True,True,False,False,Found in isolated instrument folder,False,
Tabla,tabla,bhajani54.wav,Tabla\bhajani54.wav,.wav,WAV,44100,2,PCM_16,,2.5906122448979594,114246,457028,0.12586413323879242,0.86407470703125,0.006547275178124398,True,True,False,False,Found in isolated instrument folder,False,
Tabla,tabla,bhajani55.wav,Tabla\bhajani55.wav,.wav,WAV,44100,2,PCM_16,,2.6504761904761907,116886,467588,0.12441318482160568,0.815338134765625,0.0073661516349263385,True,True,False,False,Found in isolated instrument folder,False,
Tabla,tabla,bhajani56.wav,Tabla\bhajani56.wav,.wav,WAV,44100,2,PCM_16,,2.619659863945578,115527,462152,0.12269057333469391,0.969573974609375,0.007526379114838956,True,True,False,False,Found in isolated instrument folder,False,
Tabla,tabla,bhajani57.wav,Tabla\bhajani57.wav,.wav,WAV,44100,2,PCM_16,,2.6205895691609977,115568,462316,0.13629157841205597,0.865203857421875,0.007216530527481656,True,True,False,False,Found in isolated instrument folder,False,
Tabla,tabla,bhajani58.wav,Tabla\bhajani58.wav,.wav,WAV,44100,2,PCM_16,,2.593469387755102,114372,457532,0.1375175416469574,0.870269775390625,0.006850452908054419,True,True,False,False,Found in isolated instrument folder,False,
Tabla,tabla,bhajani59.wav,Tabla\bhajani59.wav,.wav,WAV,44100,2,PCM_16,,2.623809523809524,115710,462884,0.13610562682151794,0.88623046875,0.006313196785066114,True,True,False,False,Found in isolated instrument folder,False,
Tabla,tabla,bhajani60.wav,Tabla\bhajani60.wav,.wav,WAV,44100,2,PCM_16,,2.6214739229024944,115607,462472,0.13301806151866913,0.999969482421875,0.0077460707396610935,True,True,False,False,Found in isolated instrument folder,False,
Tabla,tabla,bhajani61.wav,Tabla\bhajani61.wav,.wav,WAV,44100,2,PCM_16,,2.19578231292517,96834,387380,0.1383792757987976,0.81158447265625,0.010089431398062664,True,True,False,False,Found in isolated instrument folder,False,
Tabla,tabla,bhajani62.wav,Tabla\bhajani62.wav,.wav,WAV,44100,2,PCM_16,,2.1387755102040815,94320,377324,0.13742543756961823,0.7884521484375,0.007835029686174725,True,True,False,False,Found in isolated instrument folder,False,
Tabla,tabla,bhajani63.wav,Tabla\bhajani63.wav,.wav,WAV,44100,2,PCM_16,,2.135691609977324,94184,376780,0.13834626972675323,0.843719482421875,0.007564979189671282,True,True,False,False,Found in isolated instrument folder,False,
Tabla,tabla,bhajani64.wav,Tabla\bhajani64.wav,.wav,WAV,44100,2,PCM_16,,2.1345804988662134,94135,376584,0.14048518240451813,0.999969482421875,0.008041642322196845,True,True,False,False,Found in isolated instrument folder,False,
Tabla,tabla,bhajani65.wav,Tabla\bhajani65.wav,.wav,WAV,44100,2,PCM_16,,2.1706802721088434,95727,382952,0.14261692762374878,0.999969482421875,0.0073908092805582545,True,True,False,False,Found in isolated instrument folder,False,
Tabla,tabla,bhajani66.wav,Tabla\bhajani66.wav,.wav,WAV,44100,2,PCM_16,,2.1687074829931974,95640,382604,0.13690103590488434,0.893707275390625,0.00809284818067754,True,True,False,False,Found in isolated instrument folder,False,
Tabla,tabla,bhajani67.wav,Tabla\bhajani67.wav,.wav,WAV,44100,2,PCM_16,,2.2038321995464853,97189,388800,0.13358886539936066,0.810943603515625,0.009054522631161964,True,True,False,False,Found in isolated instrument folder,False,
Tabla,tabla,bhajani68.wav,Tabla\bhajani68.wav,.wav,WAV,44100,2,PCM_16,,2.1673696145124715,95581,382368,0.13257600367069244,0.931671142578125,0.008375095468764712,True,True,False,False,Found in isolated instrument folder,False,
Tabla,tabla,bhajani69.wav,Tabla\bhajani69.wav,.wav,WAV,44100,2,PCM_16,,2.1653061224489796,95490,382004,0.15181927382946014,0.8458251953125,0.007519111948895172,True,True,False,False,Found in isolated instrument folder,False,
Tabla,tabla,bhajani70.wav,Tabla\bhajani70.wav,.wav,WAV,44100,2,PCM_16,,2.166235827664399,95531,382168,0.15086816251277924,0.886566162109375,0.0067360333294951375,True,True,False,False,Found in isolated instrument folder,False,
Tabla,tabla,bhajani71.wav,Tabla\bhajani71.wav,.wav,WAV,44100,2,PCM_16,,2.170453514739229,95717,382912,0.14903995394706726,0.91986083984375,0.007882612284129255,True,True,False,False,Found in isolated instrument folder,False,
Tabla,tabla,bhajani72.wav,Tabla\bhajani72.wav,.wav,WAV,44100,2,PCM_16,,2.200453514739229,97040,388204,0.14397725462913513,0.999969482421875,0.008692291838417148,True,True,False,False,Found in isolated instrument folder,False,
Tabla,tabla,dadra01.wav,Tabla\dadra01.wav,.wav,WAV,44100,2,PCM_16,,5.060929705215419,223187,892792,0.08541788905858994,0.91290283203125,0.007094947286356284,True,True,False,False,Found in isolated instrument folder,False,
Tabla,tabla,dadra02.wav,Tabla\dadra02.wav,.wav,WAV,44100,2,PCM_16,,5.037868480725623,222170,888724,0.08389892429113388,1.0,0.007579781248593419,True,True,False,False,Found in isolated instrument folder,False,
Tabla,tabla,dadra03.wav,Tabla\dadra03.wav,.wav,WAV,44100,2,PCM_16,,5.07297052154195,223718,894916,0.08343207836151123,0.938507080078125,0.00816429612279745,True,True,False,False,Found in isolated instrument folder,False,
Tabla,tabla,dadra04.wav,Tabla\dadra04.wav,.wav,WAV,44100,2,PCM_16,,5.067755102040817,223488,893996,0.08363032341003418,0.999969482421875,0.008389712199312714,True,True,False,False,Found in isolated instrument folder,False,
Tabla,tabla,dadra05.wav,Tabla\dadra05.wav,.wav,WAV,44100,2,PCM_16,,5.094421768707483,224664,898700,0.08380003273487091,0.999969482421875,0.009260495673539152,True,True,False,False,Found in isolated instrument folder,False,
Tabla,tabla,dadra06.wav,Tabla\dadra06.wav,.wav,WAV,44100,2,PCM_16,,5.095600907029478,224716,898908,0.08352560549974442,0.893280029296875,0.009948112283949519,True,True,False,False,Found in isolated instrument folder,False,
Tabla,tabla,dadra07.wav,Tabla\dadra07.wav,.wav,WAV,44100,2,PCM_16,,5.095374149659864,224706,898868,0.07919486612081528,0.820465087890625,0.012645412227532866,True,True,False,False,Found in isolated instrument folder,False,
Tabla,tabla,dadra08.wav,Tabla\dadra08.wav,.wav,WAV,44100,2,PCM_16,,5.03546485260771,222064,888300,0.07862622290849686,0.91070556640625,0.01425940269471864,True,True,False,False,Found in isolated instrument folder,False,
Tabla,tabla,dadra09.wav,Tabla\dadra09.wav,.wav,WAV,44100,2,PCM_16,,5.085170068027211,224256,897068,0.09138970822095871,0.924224853515625,0.008282944492009132,True,True,False,False,Found in isolated instrument folder,False,
Tabla,tabla,dadra10.wav,Tabla\dadra10.wav,.wav,WAV,44100,2,PCM_16,,5.093764172335601,224635,898584,0.09536729753017426,0.875579833984375,0.008787588755091592,True,True,False,False,Found in isolated instrument folder,False,
Tabla,tabla,dadra11.wav,Tabla\dadra11.wav,.wav,WAV,44100,2,PCM_16,,5.066712018140589,223442,893812,0.09064120799303055,0.906494140625,0.010192801711406092,True,True,False,False,Found in isolated instrument folder,False,
Tabla,tabla,dadra12.wav,Tabla\dadra12.wav,.wav,WAV,44100,2,PCM_16,,5.050340136054421,222720,890924,0.08784747868776321,0.999969482421875,0.01259204382183908,True,True,False,False,Found in isolated instrument folder,False,
Tabla,tabla,dadra13.wav,Tabla\dadra13.wav,.wav,WAV,44100,2,PCM_16,,4.167981859410431,183808,735276,0.0890546515583992,0.951812744140625,0.008038279073816155,True,True,False,False,Found in isolated instrument folder,False,
Tabla,tabla,dadra14.wav,Tabla\dadra14.wav,.wav,WAV,44100,2,PCM_16,,4.190589569160998,184805,739264,0.08811110258102417,0.842620849609375,0.009380157463272098,True,True,False,False,Found in isolated instrument folder,False,
Tabla,tabla,dadra15.wav,Tabla\dadra15.wav,.wav,WAV,44100,2,PCM_16,,4.163151927437641,183595,734424,0.0880545973777771,0.9305419921875,0.009063427653258531,True,True,False,False,Found in isolated instrument folder,False,
Tabla,tabla,dadra16.wav,Tabla\dadra16.wav,.wav,WAV,44100,2,PCM_16,,4.220521541950113,186125,744544,0.08850084245204926,0.999969482421875,0.00913364674278039,True,True,False,False,Found in isolated instrument folder,False,
Tabla,tabla,dadra17.wav,Tabla\dadra17.wav,.wav,WAV,44100,2,PCM_16,,4.237641723356009,186880,747564,0.08660897612571716,0.999969482421875,0.009457940924657534,True,True,False,False,Found in isolated instrument folder,False,
Tabla,tabla,dadra18.wav,Tabla\dadra18.wav,.wav,WAV,44100,2,PCM_16,,4.213424036281179,185812,743292,0.08605469018220901,0.89080810546875,0.008949906356962951,True,True,False,False,Found in isolated instrument folder,False,
Tabla,tabla,dadra19.wav,Tabla\dadra19.wav,.wav,WAV,44100,2,PCM_16,,4.218616780045352,186041,744208,0.08358695358037949,0.81597900390625,0.009575846184443215,True,True,False,False,Found in isolated instrument folder,False,
Tabla,tabla,dadra20.wav,Tabla\dadra20.wav,.wav,WAV,44100,2,PCM_16,,4.2522675736961455,187525,750144,0.0896286740899086,0.881072998046875,0.009633382215704573,True,True,False,False,Found in isolated instrument folder,False,
Tabla,tabla,dadra21.wav,Tabla\dadra21.wav,.wav,WAV,44100,2,PCM_16,,4.2503401360544215,187440,749804,0.09828148782253265,0.928741455078125,0.006932885189927443,True,True,False,False,Found in isolated instrument folder,False,
Tabla,tabla,dadra22.wav,Tabla\dadra22.wav,.wav,WAV,44100,2,PCM_16,,4.222698412698413,186221,744928,0.09729142487049103,0.8687744140625,0.007182326375650437,True,True,False,False,Found in isolated instrument folder,False,
Tabla,tabla,dadra23.wav,Tabla\dadra23.wav,.wav,WAV,44100,2,PCM_16,,4.222834467120181,186227,744952,0.09445460885763168,0.91192626953125,0.008143287493220639,True,True,False,False,Found in isolated instrument folder,False,
Tabla,tabla,dadra24.wav,Tabla\dadra24.wav,.wav,WAV,44100,2,PCM_16,,4.21578231292517,185916,743708,0.09424322098493576,0.999969482421875,0.008552249402956173,True,True,False,False,Found in isolated instrument folder,False,
Tabla,tabla,dadra25.wav,Tabla\dadra25.wav,.wav,WAV,44100,2,PCM_16,,3.2284580498866213,142375,569544,0.08439026772975922,0.771392822265625,0.008874451273046532,True,True,False,False,Found in isolated instrument folder,False,
Tabla,tabla,dadra26.wav,Tabla\dadra26.wav,.wav,WAV,44100,2,PCM_16,,3.224988662131519,142222,568932,0.08752143383026123,0.67987060546875,0.008813685646383823,True,True,False,False,Found in isolated instrument folder,False,
Tabla,tabla,dadra27.wav,Tabla\dadra27.wav,.wav,WAV,44100,2,PCM_16,,3.2535374149659866,143481,573968,0.08957850188016891,0.7529296875,0.009586635164237774,True,True,False,False,Found in isolated instrument folder,False,
Tabla,tabla,dadra28.wav,Tabla\dadra28.wav,.wav,WAV,44100,2,PCM_16,,3.1695238095238096,139776,559148,0.08494822680950165,0.785552978515625,0.009329212454212454,True,True,False,False,Found in isolated instrument folder,False,
Tabla,tabla,dadra29.wav,Tabla\dadra29.wav,.wav,WAV,44100,2,PCM_16,,3.2157596371882087,141815,567304,0.08531226962804794,0.787139892578125,0.009776821915876317,True,True,False,False,Found in isolated instrument folder,False,
Tabla,tabla,dadra30.wav,Tabla\dadra30.wav,.wav,WAV,44100,2,PCM_16,,3.2224489795918365,142110,568484,0.08312125504016876,0.708587646484375,0.011258883963127155,True,True,False,False,Found in isolated instrument folder,False,
Tabla,tabla,dadra31.wav,Tabla\dadra31.wav,.wav,WAV,44100,2,PCM_16,,3.2224489795918365,142110,568484,0.0828738808631897,0.67242431640625,0.0108190838083175,True,True,False,False,Found in isolated instrument folder,False,
Tabla,tabla,dadra32.wav,Tabla\dadra32.wav,.wav,WAV,44100,2,PCM_16,,3.1966666666666668,140973,563936,0.08145298808813095,0.67938232421875,0.009980634589602265,True,True,False,False,Found in isolated instrument folder,False,
Tabla,tabla,dadra33.wav,Tabla\dadra33.wav,.wav,WAV,44100,2,PCM_16,,3.2917233560090704,145165,580704,0.09212715178728104,0.74713134765625,0.008745220955464471,True,True,False,False,Found in isolated instrument folder,False,
Tabla,tabla,dadra34.wav,Tabla\dadra34.wav,.wav,WAV,44100,2,PCM_16,,3.1957142857142857,140931,563768,0.0897572785615921,0.664794921875,0.006847322448574125,True,True,False,False,Found in isolated instrument folder,False,
Tabla,tabla,dadra35.wav,Tabla\dadra35.wav,.wav,WAV,44100,2,PCM_16,,3.227777777777778,142345,569424,0.09135618060827255,0.741668701171875,0.007415083072816045,True,True,False,False,Found in isolated instrument folder,False,
Tabla,tabla,dadra36.wav,Tabla\dadra36.wav,.wav,WAV,44100,2,PCM_16,,3.198707482993197,141063,564296,0.09186376631259918,0.816192626953125,0.007688054273622424,True,True,False,False,Found in isolated instrument folder,False,
Tabla,tabla,dadra37.wav,Tabla\dadra37.wav,.wav,WAV,44100,2,PCM_16,,2.5598866213151927,112891,451608,0.0918659120798111,0.770599365234375,0.009646473146663595,True,True,False,False,Found in isolated instrument folder,False,
Tabla,tabla,dadra38.wav,Tabla\dadra38.wav,.wav,WAV,44100,2,PCM_16,,2.5616780045351475,112970,451924,0.09099453687667847,0.675048828125,0.007997698504027618,True,True,False,False,Found in isolated instrument folder,False,
Tabla,tabla,dadra39.wav,Tabla\dadra39.wav,.wav,WAV,44100,2,PCM_16,,2.6274829931972787,115872,463532,0.08899645507335663,0.7490234375,0.008651788180060757,True,True,False,False,Found in isolated instrument folder,False,
Tabla,tabla,dadra40.wav,Tabla\dadra40.wav,.wav,WAV,44100,2,PCM_16,,2.564761904761905,113106,452468,0.09107916802167892,0.771453857421875,0.007727264689760048,True,True,False,False,Found in isolated instrument folder,False,
Tabla,tabla,dadra41.wav,Tabla\dadra41.wav,.wav,WAV,44100,2,PCM_16,,2.5960997732426305,114488,457996,0.0895269587635994,0.765869140625,0.00884372161274544,True,True,False,False,Found in isolated instrument folder,False,
Tabla,tabla,dadra42.wav,Tabla\dadra42.wav,.wav,WAV,44100,2,PCM_16,,2.5640589569161,113075,452344,0.08947012573480606,0.707183837890625,0.00840150342692903,True,True,False,False,Found in isolated instrument folder,False,
Tabla,tabla,dadra43.wav,Tabla\dadra43.wav,.wav,WAV,44100,2,PCM_16,,2.568027210884354,113250,453044,0.0873170867562294,0.6683349609375,0.008609271523178808,True,True,False,False,Found in isolated instrument folder,False,
Tabla,tabla,dadra44.wav,Tabla\dadra44.wav,.wav,WAV,44100,2,PCM_16,,2.5677777777777777,113239,453000,0.08722848445177078,0.676116943359375,0.008738155582440678,True,True,False,False,Found in isolated instrument folder,False,
Tabla,tabla,dadra45.wav,Tabla\dadra45.wav,.wav,WAV,44100,2,PCM_16,,2.573605442176871,113496,454028,0.09830103814601898,0.740966796875,0.00893864100937478,True,True,False,False,Found in isolated instrument folder,False,
Tabla,tabla,dadra46.wav,Tabla\dadra46.wav,.wav,WAV,44100,2,PCM_16,,2.573764172335601,113503,454056,0.09714207053184509,0.665069580078125,0.007642969789344775,True,True,False,False,Found in isolated instrument folder,False,
Tabla,tabla,dadra47.wav,Tabla\dadra47.wav,.wav,WAV,44100,2,PCM_16,,2.5629024943310657,113024,452140,0.09567488729953766,0.743896484375,0.007582460362400906,True,True,False,False,Found in isolated instrument folder,False,
Tabla,tabla,dadra48.wav,Tabla\dadra48.wav,.wav,WAV,44100,2,PCM_16,,2.572607709750567,113452,453852,0.09344211220741272,0.797882080078125,0.008889221873567676,True,True,False,False,Found in isolated instrument folder,False,
Tabla,tabla,dadra49.wav,Tabla\dadra49.wav,.wav,WAV,44100,2,PCM_16,,1.95984126984127,86429,345760,0.10321758687496185,0.7681884765625,0.010563583982228187,True,True,False,False,Found in isolated instrument folder,False,
Tabla,tabla,dadra50.wav,Tabla\dadra50.wav,.wav,WAV,44100,2,PCM_16,,1.990907029478458,87799,351240,0.10247179865837097,0.68096923828125,0.009282565860659005,True,True,False,False,Found in isolated instrument folder,False,
Tabla,tabla,dadra51.wav,Tabla\dadra51.wav,.wav,WAV,44100,2,PCM_16,,2.019047619047619,89040,356204,0.10160822421312332,0.7420654296875,0.01025381850853549,True,True,False,False,Found in isolated instrument folder,False,
Tabla,tabla,dadra52.wav,Tabla\dadra52.wav,.wav,WAV,44100,2,PCM_16,,1.9908163265306122,87795,351224,0.10242737829685211,0.74981689453125,0.00983541203940999,True,True,False,False,Found in isolated instrument folder,False,
Tabla,tabla,dadra53.wav,Tabla\dadra53.wav,.wav,WAV,44100,2,PCM_16,,1.9599319727891156,86433,345776,0.10214349627494812,0.736602783203125,0.009834206842294031,True,True,False,False,Found in isolated instrument folder,False,
Tabla,tabla,dadra54.wav,Tabla\dadra54.wav,.wav,WAV,44100,2,PCM_16,,1.9929478458049887,87889,351600,0.09994121640920639,0.712066650390625,0.009585955011434878,True,True,False,False,Found in isolated instrument folder,False,
Tabla,tabla,dadra55.wav,Tabla\dadra55.wav,.wav,WAV,44100,2,PCM_16,,1.9968253968253968,88060,352284,0.09713895618915558,0.664459228515625,0.011032250738133091,True,True,False,False,Found in isolated instrument folder,False,
Tabla,tabla,dadra56.wav,Tabla\dadra56.wav,.wav,WAV,44100,2,PCM_16,,1.9907709750566893,87793,351216,0.09800621122121811,0.66973876953125,0.009442666271798435,True,True,False,False,Found in isolated instrument folder,False,
Tabla,tabla,dadra57.wav,Tabla\dadra57.wav,.wav,WAV,44100,2,PCM_16,,1.9906802721088435,87789,351200,0.11238859593868256,0.73614501953125,0.009779129503696363,True,True,False,False,Found in isolated instrument folder,False,
Tabla,tabla,dadra58.wav,Tabla\dadra58.wav,.wav,WAV,44100,2,PCM_16,,1.9926303854875282,87875,351544,0.1111874207854271,0.672454833984375,0.007499288762446657,True,True,False,False,Found in isolated instrument folder,False,
Tabla,tabla,dadra59.wav,Tabla\dadra59.wav,.wav,WAV,44100,2,PCM_16,,1.9948299319727891,87972,351932,0.10760101675987244,0.73968505859375,0.009872459418906016,True,True,False,False,Found in isolated instrument folder,False,
Tabla,tabla,dadra60.wav,Tabla\dadra60.wav,.wav,WAV,44100,2,PCM_16,,1.987936507936508,87668,350716,0.10446186363697052,0.770843505859375,0.010106310170187526,True,True,False,False,Found in isolated instrument folder,False,
Tabla,tabla,dadra61.wav,Tabla\dadra61.wav,.wav,WAV,44100,2,PCM_16,,1.6268253968253967,71743,287016,0.10741961747407913,0.78485107421875,0.013032630361150217,True,True,False,False,Found in isolated instrument folder,False,
Tabla,tabla,dadra62.wav,Tabla\dadra62.wav,.wav,WAV,44100,2,PCM_16,,1.6318820861678005,71966,287908,0.10814172029495239,0.6837158203125,0.011130255954200594,True,True,False,False,Found in isolated instrument folder,False,
Tabla,tabla,dadra63.wav,Tabla\dadra63.wav,.wav,WAV,44100,2,PCM_16,,1.606734693877551,70857,283472,0.10927683115005493,0.75311279296875,0.01005546382149964,True,True,False,False,Found in isolated instrument folder,False,
Tabla,tabla,dadra64.wav,Tabla\dadra64.wav,.wav,WAV,44100,2,PCM_16,,1.628843537414966,71832,287372,0.11016011983156204,0.74688720703125,0.011673070497828265,True,True,False,False,Found in isolated instrument folder,False,
Tabla,tabla,dadra65.wav,Tabla\dadra65.wav,.wav,WAV,44100,2,PCM_16,,1.6277551020408163,71784,287180,0.10715614259243011,0.714141845703125,0.01209183104870166,True,True,False,False,Found in isolated instrument folder,False,
Tabla,tabla,dadra66.wav,Tabla\dadra66.wav,.wav,WAV,44100,2,PCM_16,,1.6617687074829932,73284,293180,0.10634872317314148,0.72381591796875,0.011387205938540472,True,True,False,False,Found in isolated instrument folder,False,
Tabla,tabla,dadra67.wav,Tabla\dadra67.wav,.wav,WAV,44100,2,PCM_16,,1.599750566893424,70549,282240,0.10424546897411346,0.6583251953125,0.011006534465407022,True,True,False,False,Found in isolated instrument folder,False,
Tabla,tabla,dadra68.wav,Tabla\dadra68.wav,.wav,WAV,44100,2,PCM_16,,1.6327210884353742,72003,288056,0.10356801003217697,0.6995849609375,0.01105509492660028,True,True,False,False,Found in isolated instrument folder,False,
Tabla,tabla,dadra69.wav,Tabla\dadra69.wav,.wav,WAV,44100,2,PCM_16,,1.660702947845805,73237,292992,0.11754301935434341,0.75262451171875,0.01135355080082472,True,True,False,False,Found in isolated instrument folder,False,
Tabla,tabla,dadra70.wav,Tabla\dadra70.wav,.wav,WAV,44100,2,PCM_16,,1.6017687074829932,70638,282596,0.12162312120199203,0.687774658203125,0.01046179110393839,True,True,False,False,Found in isolated instrument folder,False,
Tabla,tabla,dadra71.wav,Tabla\dadra71.wav,.wav,WAV,44100,2,PCM_16,,1.6278684807256236,71789,287200,0.1181037575006485,0.747314453125,0.013059103762414854,True,True,False,False,Found in isolated instrument folder,False,
Tabla,tabla,dadra72.wav,Tabla\dadra72.wav,.wav,WAV,44100,2,PCM_16,,1.661904761904762,73290,293204,0.117319256067276,0.7960205078125,0.010881429935871196,True,True,False,False,Found in isolated instrument folder,False,
Tabla,tabla,deepchandi01.wav,Tabla\deepchandi01.wav,.wav,WAV,44100,2,PCM_16,,10.746734693877551,473931,1895768,0.06833083182573318,0.793365478515625,0.017494107792062556,True,True,False,False,Found in isolated instrument folder,False,
Tabla,tabla,deepchandi02.wav,Tabla\deepchandi02.wav,.wav,WAV,44100,2,PCM_16,,10.710249433106576,472322,1889332,0.06838969886302948,0.696624755859375,0.017953853515186673,True,True,False,False,Found in isolated instrument folder,False,
Tabla,tabla,deepchandi03.wav,Tabla\deepchandi03.wav,.wav,WAV,44100,2,PCM_16,,11.133968253968254,491008,1964076,0.06655892729759216,0.7548828125,0.019173822015119916,True,True,False,False,Found in isolated instrument folder,False,
Tabla,tabla,deepchandi04.wav,Tabla\deepchandi04.wav,.wav,WAV,44100,2,PCM_16,,10.75328798185941,474220,1896924,0.06856746971607208,0.88751220703125,0.019010164058875626,True,True,False,False,Found in isolated instrument folder,False,
Tabla,tabla,deepchandi05.wav,Tabla\deepchandi05.wav,.wav,WAV,44100,2,PCM_16,,10.773015873015874,475090,1900404,0.0675971731543541,0.882293701171875,0.02053821381211981,True,True,False,False,Found in isolated instrument folder,False,
Tabla,tabla,deepchandi06.wav,Tabla\deepchandi06.wav,.wav,WAV,44100,2,PCM_16,,10.714036281179139,472489,1890000,0.06688197702169418,0.719390869140625,0.021345470476561358,True,True,False,False,Found in isolated instrument folder,False,
Tabla,tabla,deepchandi07.wav,Tabla\deepchandi07.wav,.wav,WAV,44100,2,PCM_16,,11.145578231292516,491520,1966124,0.06382301449775696,0.660888671875,0.022607421875,True,True,False,False,Found in isolated instrument folder,False,
Tabla,tabla,deepchandi08.wav,Tabla\deepchandi08.wav,.wav,WAV,44100,2,PCM_16,,10.752698412698413,474194,1896820,0.06514924764633179,0.75030517578125,0.022420148715504625,True,True,False,False,Found in isolated instrument folder,False,
Tabla,tabla,deepchandi09.wav,Tabla\deepchandi09.wav,.wav,WAV,44100,2,PCM_16,,10.782448979591837,475506,1902068,0.0730922594666481,0.756011962890625,0.01725950881797496,True,True,False,False,Found in isolated instrument folder,False,
Tabla,tabla,deepchandi10.wav,Tabla\deepchandi10.wav,.wav,WAV,44100,2,PCM_16,,10.731564625850341,473262,1893092,0.07294511049985886,0.7186279296875,0.01851828374135257,True,True,False,False,Found in isolated instrument folder,False,
Tabla,tabla,deepchandi11.wav,Tabla\deepchandi11.wav,.wav,WAV,44100,2,PCM_16,,10.75140589569161,474137,1896592,0.07166647911071777,0.750946044921875,0.02007542123900898,True,True,False,False,Found in isolated instrument folder,False,
Tabla,tabla,deepchandi12.wav,Tabla\deepchandi12.wav,.wav,WAV,44100,2,PCM_16,,10.783333333333333,475545,1902224,0.07012023031711578,0.8955078125,0.021251406281214184,True,True,False,False,Found in isolated instrument folder,False,
Tabla,tabla,deepchandi13.wav,Tabla\deepchandi13.wav,.wav,WAV,44100,2,PCM_16,,8.884580498866214,391810,1567284,0.06477798521518707,0.795562744140625,0.012351650034455475,True,True,False,False,Found in isolated instrument folder,False,
Tabla,tabla,deepchandi14.wav,Tabla\deepchandi14.wav,.wav,WAV,44100,2,PCM_16,,8.842698412698413,389963,1559896,0.06455361098051071,0.692779541015625,0.0129896938940361,True,True,False,False,Found in isolated instrument folder,False,
Tabla,tabla,deepchandi15.wav,Tabla\deepchandi15.wav,.wav,WAV,44100,2,PCM_16,,8.971609977324263,395648,1582636,0.06338080018758774,0.759033203125,0.013461460692332578,True,True,False,False,Found in isolated instrument folder,False,
Tabla,tabla,deepchandi16.wav,Tabla\deepchandi16.wav,.wav,WAV,44100,2,PCM_16,,8.962993197278912,395268,1581116,0.06447186321020126,0.88372802734375,0.014225791108817309,True,True,False,False,Found in isolated instrument folder,False,
Tabla,tabla,deepchandi17.wav,Tabla\deepchandi17.wav,.wav,WAV,44100,2,PCM_16,,8.878117913832199,391525,1566144,0.06421900540590286,0.88836669921875,0.014857288806589618,True,True,False,False,Found in isolated instrument folder,False,
Tabla,tabla,deepchandi18.wav,Tabla\deepchandi18.wav,.wav,WAV,44100,2,PCM_16,,9.030022675736962,398224,1592940,0.06256741285324097,0.729217529296875,0.014742958736791354,True,True,False,False,Found in isolated instrument folder,False,
Tabla,tabla,deepchandi19.wav,Tabla\deepchandi19.wav,.wav,WAV,44100,2,PCM_16,,8.974149659863945,395760,1583084,0.06107021123170853,0.65997314453125,0.01603370729735193,True,True,False,False,Found in isolated instrument folder,False,
Tabla,tabla,deepchandi20.wav,Tabla\deepchandi20.wav,.wav,WAV,44100,2,PCM_16,,9.157709750566893,403855,1615464,0.0607169009745121,0.743896484375,0.016941724133661833,True,True,False,False,Found in isolated instrument folder,False,
Tabla,tabla,deepchandi21.wav,Tabla\deepchandi21.wav,.wav,WAV,44100,2,PCM_16,,9.427052154195012,415733,1662976,0.06783651560544968,0.755126953125,0.011893450844652698,True,True,False,False,Found in isolated instrument folder,False,
Tabla,tabla,deepchandi22.wav,Tabla\deepchandi22.wav,.wav,WAV,44100,2,PCM_16,,8.801156462585034,388131,1552568,0.06918036937713623,0.7164306640625,0.01294665976178146,True,True,False,False,Found in isolated instrument folder,False,
Tabla,tabla,deepchandi23.wav,Tabla\deepchandi23.wav,.wav,WAV,44100,2,PCM_16,,9.043809523809523,398832,1595372,0.06772256642580032,0.868743896484375,0.014486049263850444,True,True,False,False,Found in isolated instrument folder,False,
Tabla,tabla,deepchandi24.wav,Tabla\deepchandi24.wav,.wav,WAV,44100,2,PCM_16,,9.332040816326531,411543,1646216,0.0647614374756813,0.89398193359375,0.015082263578775486,True,True,False,False,Found in isolated instrument folder,False,
Tabla,tabla,deepchandi25.wav,Tabla\deepchandi25.wav,.wav,WAV,44100,2,PCM_16,,7.146780045351474,315173,1260736,0.07178716361522675,0.799530029296875,0.0061521767410279435,True,True,False,False,Found in isolated instrument folder,False,
Tabla,tabla,deepchandi26.wav,Tabla\deepchandi26.wav,.wav,WAV,44100,2,PCM_16,,7.209863945578231,317955,1271864,0.07142837345600128,0.701904296875,0.0070308691481498955,True,True,False,False,Found in isolated instrument folder,False,
Tabla,tabla,deepchandi27.wav,Tabla\deepchandi27.wav,.wav,WAV,44100,2,PCM_16,,7.2227891156462585,318525,1274144,0.07089412212371826,0.756805419921875,0.008730868848599012,True,True,False,False,Found in isolated instrument folder,False,
Tabla,tabla,deepchandi28.wav,Tabla\deepchandi28.wav,.wav,WAV,44100,2,PCM_16,,7.186575963718821,316928,1267756,0.07131385058164597,0.882843017578125,0.009005199919224556,True,True,False,False,Found in isolated instrument folder,False,
Tabla,tabla,deepchandi29.wav,Tabla\deepchandi29.wav,.wav,WAV,44100,2,PCM_16,,7.186575963718821,316928,1267756,0.07053192704916,0.86663818359375,0.010117439923263328,True,True,False,False,Found in isolated instrument folder,False,
Tabla,tabla,deepchandi30.wav,Tabla\deepchandi30.wav,.wav,WAV,44100,2,PCM_16,,7.174965986394557,316416,1265708,0.06942998617887497,0.723785400390625,0.010490935983009708,True,True,False,False,Found in isolated instrument folder,False,
Tabla,tabla,deepchandi31.wav,Tabla\deepchandi31.wav,.wav,WAV,44100,2,PCM_16,,7.065646258503401,311595,1246424,0.068202443420887,0.6639404296875,0.01151334264028627,True,True,False,False,Found in isolated instrument folder,False,
Tabla,tabla,deepchandi32.wav,Tabla\deepchandi32.wav,.wav,WAV,44100,2,PCM_16,,7.212199546485261,318058,1272276,0.0679098516702652,0.738800048828125,0.012812128605474473,True,True,False,False,Found in isolated instrument folder,False,
Tabla,tabla,deepchandi33.wav,Tabla\deepchandi33.wav,.wav,WAV,44100,2,PCM_16,,7.130136054421769,314439,1257800,0.07757033407688141,0.74114990234375,0.006878917691507733,True,True,False,False,Found in isolated instrument folder,False,
Tabla,tabla,deepchandi34.wav,Tabla\deepchandi34.wav,.wav,WAV,44100,2,PCM_16,,7.188820861678004,317027,1268152,0.07570955902338028,0.699371337890625,0.007843180549290755,True,True,False,False,Found in isolated instrument folder,False,
Tabla,tabla,deepchandi35.wav,Tabla\deepchandi35.wav,.wav,WAV,44100,2,PCM_16,,7.207936507936508,317870,1271524,0.07545812427997589,0.74920654296875,0.008948626797118319,True,True,False,False,Found in isolated instrument folder,False,
Tabla,tabla,deepchandi36.wav,Tabla\deepchandi36.wav,.wav,WAV,44100,2,PCM_16,,7.148344671201814,315242,1261012,0.07380463182926178,0.8780517578125,0.009982806859492073,True,True,False,False,Found in isolated instrument folder,False,
Tabla,tabla,deepchandi37.wav,Tabla\deepchandi37.wav,.wav,WAV,44100,2,PCM_16,,4.742222222222222,209132,836572,0.08795540779829025,0.79852294921875,0.005073350802364057,True,True,False,False,Found in isolated instrument folder,False,
Tabla,tabla,deepchandi38.wav,Tabla\deepchandi38.wav,.wav,WAV,44100,2,PCM_16,,4.740226757369615,209044,836220,0.08660665154457092,0.6971435546875,0.005422303438510553,True,True,False,False,Found in isolated instrument folder,False,
Tabla,tabla,deepchandi39.wav,Tabla\deepchandi39.wav,.wav,WAV,44100,2,PCM_16,,4.714081632653061,207891,831608,0.0854138433933258,0.7623291015625,0.005433135633577211,True,True,False,False,Found in isolated instrument folder,False,
Tabla,tabla,deepchandi40.wav,Tabla\deepchandi40.wav,.wav,WAV,44100,2,PCM_16,,4.718684807256236,208094,832420,0.08675610274076462,0.87451171875,0.006071775255413419,True,True,False,False,Found in isolated instrument folder,False,
Tabla,tabla,deepchandi41.wav,Tabla\deepchandi41.wav,.wav,WAV,44100,2,PCM_16,,4.714625850340136,207915,831704,0.08613353967666626,0.8604736328125,0.006466584902484188,True,True,False,False,Found in isolated instrument folder,False,
Tabla,tabla,deepchandi42.wav,Tabla\deepchandi42.wav,.wav,WAV,44100,2,PCM_16,,4.713650793650793,207872,831532,0.08448392897844315,0.728851318359375,0.005452874846059113,True,True,False,False,Found in isolated instrument folder,False,
Tabla,tabla,deepchandi43.wav,Tabla\deepchandi43.wav,.wav,WAV,44100,2,PCM_16,,4.710498866213152,207733,830976,0.08243100345134735,0.661102294921875,0.007345968141797403,True,True,False,False,Found in isolated instrument folder,False,
Tabla,tabla,deepchandi44.wav,Tabla\deepchandi44.wav,.wav,WAV,44100,2,PCM_16,,4.738866213151927,208984,835980,0.08278853446245193,0.73516845703125,0.006734965356199518,True,True,False,False,Found in isolated instrument folder,False,
Tabla,tabla,deepchandi45.wav,Tabla\deepchandi45.wav,.wav,WAV,44100,2,PCM_16,,4.768775510204081,210303,841256,0.09588878601789474,0.755126953125,0.005751225612568532,True,True,False,False,Found in isolated instrument folder,False,
Tabla,tabla,deepchandi46.wav,Tabla\deepchandi46.wav,.wav,WAV,44100,2,PCM_16,,4.743469387755102,209187,836792,0.09402268379926682,0.727752685546875,0.005585911170388217,True,True,False,False,Found in isolated instrument folder,False,
Tabla,tabla,deepchandi47.wav,Tabla\deepchandi47.wav,.wav,WAV,44100,2,PCM_16,,4.706961451247166,207577,830352,0.09254772216081619,0.750274658203125,0.006233831301155715,True,True,False,False,Found in isolated instrument folder,False,
Tabla,tabla,deepchandi48.wav,Tabla\deepchandi48.wav,.wav,WAV,44100,2,PCM_16,,4.737392290249433,208919,835720,0.08943197876214981,0.80535888671875,0.005956854091777196,True,True,False,False,Found in isolated instrument folder,False,
Tabla,tabla,deepchandi49.wav,Tabla\deepchandi49.wav,.wav,WAV,44100,2,PCM_16,,3.0129251700680273,132870,531524,0.09824686497449875,0.780517578125,0.0075825995333784904,True,True,False,False,Found in isolated instrument folder,False,
Tabla,tabla,deepchandi50.wav,Tabla\deepchandi50.wav,.wav,WAV,44100,2,PCM_16,,2.9508163265306124,130131,520568,0.09899980574846268,0.69342041015625,0.005821057242317357,True,True,False,False,Found in isolated instrument folder,False,
Tabla,tabla,deepchandi51.wav,Tabla\deepchandi51.wav,.wav,WAV,44100,2,PCM_16,,3.0127891156462585,132864,531500,0.09798745065927505,0.715362548828125,0.0066948157514450865,True,True,False,False,Found in isolated instrument folder,False,
Tabla,tabla,deepchandi52.wav,Tabla\deepchandi52.wav,.wav,WAV,44100,2,PCM_16,,3.018730158730159,133126,532548,0.10003383457660675,0.68511962890625,0.006955816294337695,True,True,False,False,Found in isolated instrument folder,False,
Tabla,tabla,deepchandi53.wav,Tabla\deepchandi53.wav,.wav,WAV,44100,2,PCM_16,,2.9889115646258504,131811,527288,0.09831510484218597,0.716552734375,0.006300688106455455,True,True,False,False,Found in isolated instrument folder,False,
Tabla,tabla,deepchandi54.wav,Tabla\deepchandi54.wav,.wav,WAV,44100,2,PCM_16,,3.023514739229025,133337,533392,0.09625925123691559,0.68011474609375,0.0087110104472127,True,True,False,False,Found in isolated instrument folder,False,
Tabla,tabla,deepchandi55.wav,Tabla\deepchandi55.wav,.wav,WAV,44100,2,PCM_16,,3.0174149659863945,133068,532316,0.09360906481742859,0.63568115234375,0.0070941172934138935,True,True,False,False,Found in isolated instrument folder,False,
Tabla,tabla,deepchandi56.wav,Tabla\deepchandi56.wav,.wav,WAV,44100,2,PCM_16,,3.0186167800453516,133121,532528,0.09423482418060303,0.65899658203125,0.006659355022873926,True,True,False,False,Found in isolated instrument folder,False,
Tabla,tabla,deepchandi57.wav,Tabla\deepchandi57.wav,.wav,WAV,44100,2,PCM_16,,3.1107936507936507,137186,548788,0.1142803356051445,0.73553466796875,0.006177744084673364,True,True,False,False,Found in isolated instrument folder,False,
Tabla,tabla,deepchandi58.wav,Tabla\deepchandi58.wav,.wav,WAV,44100,2,PCM_16,,2.989410430839002,131833,527376,0.10494878143072128,0.686309814453125,0.005905198243231968,True,True,False,False,Found in isolated instrument folder,False,
Tabla,tabla,deepchandi59.wav,Tabla\deepchandi59.wav,.wav,WAV,44100,2,PCM_16,,3.0214965986394557,133248,533036,0.11069893091917038,0.738372802734375,0.0062139769452449565,True,True,False,False,Found in isolated instrument folder,False,
Tabla,tabla,deepchandi60.wav,Tabla\deepchandi60.wav,.wav,WAV,44100,2,PCM_16,,3.021655328798186,133255,533064,0.10340548306703568,0.75714111328125,0.007391842707590709,True,True,False,False,Found in isolated instrument folder,False,
Tabla,tabla,ektal01.wav,Tabla\ektal01.wav,.wav,WAV,44100,2,PCM_16,,9.911383219954649,437092,1748412,0.07108043134212494,0.8310546875,0.006066228620061681,True,True,False,False,Found in isolated instrument folder,False,
Tabla,tabla,ektal02.wav,Tabla\ektal02.wav,.wav,WAV,44100,2,PCM_16,,9.911383219954649,437092,1748412,0.0709860697388649,0.83123779296875,0.00769746414942392,True,True,False,False,Found in isolated instrument folder,False,
Tabla,tabla,ektal03.wav,Tabla\ektal03.wav,.wav,WAV,44100,2,PCM_16,,9.911383219954649,437092,1748412,0.07124052941799164,0.83099365234375,0.008937477693483294,True,True,False,False,Found in isolated instrument folder,False,
Tabla,tabla,ektal04.wav,Tabla\ektal04.wav,.wav,WAV,44100,2,PCM_16,,9.911383219954649,437092,1748412,0.07092398405075073,0.831207275390625,0.010218672499153496,True,True,False,False,Found in isolated instrument folder,False,
Tabla,tabla,ektal05.wav,Tabla\ektal05.wav,.wav,WAV,44100,2,PCM_16,,9.970498866213152,439699,1758840,0.07100308686494827,0.935302734375,0.009461017650711055,True,True,False,False,Found in isolated instrument folder,False,
Tabla,tabla,ektal06.wav,Tabla\ektal06.wav,.wav,WAV,44100,2,PCM_16,,9.92875283446712,437858,1751476,0.0697547122836113,0.841552734375,0.00968464662059389,True,True,False,False,Found in isolated instrument folder,False,
Tabla,tabla,ektal07.wav,Tabla\ektal07.wav,.wav,WAV,44100,2,PCM_16,,9.919342403628118,437443,1749816,0.06665559113025665,0.63031005859375,0.010992289281117769,True,True,False,False,Found in isolated instrument folder,False,
Tabla,tabla,ektal08.wav,Tabla\ektal08.wav,.wav,WAV,44100,2,PCM_16,,9.95702947845805,439105,1756464,0.06606657058000565,0.68768310546875,0.011091880074241924,True,True,False,False,Found in isolated instrument folder,False,
Tabla,tabla,ektal09.wav,Tabla\ektal09.wav,.wav,WAV,44100,2,PCM_16,,9.992312925170069,440661,1762688,0.07739372551441193,0.78753662109375,0.00805040609448079,True,True,False,False,Found in isolated instrument folder,False,
Tabla,tabla,ektal10.wav,Tabla\ektal10.wav,.wav,WAV,44100,2,PCM_16,,9.934467120181406,438110,1752484,0.07658899575471878,0.771331787109375,0.008023099221656662,True,True,False,False,Found in isolated instrument folder,False,
Tabla,tabla,ektal11.wav,Tabla\ektal11.wav,.wav,WAV,44100,2,PCM_16,,9.910181405895692,437039,1748200,0.07464509457349777,0.73553466796875,0.00885275684778704,True,True,False,False,Found in isolated instrument folder,False,
Tabla,tabla,ektal12.wav,Tabla\ektal12.wav,.wav,WAV,44100,2,PCM_16,,9.95281179138322,438919,1755720,0.07407103478908539,0.77001953125,0.009465299975621925,True,True,False,False,Found in isolated instrument folder,False,
Tabla,tabla,ektal13.wav,Tabla\ektal13.wav,.wav,WAV,44100,2,PCM_16,,8.30734693877551,366354,1465460,0.0718679279088974,0.795867919921875,0.008700601057993088,True,True,False,False,Found in isolated instrument folder,False,
Tabla,tabla,ektal14.wav,Tabla\ektal14.wav,.wav,WAV,44100,2,PCM_16,,8.185034013605442,360960,1443884,0.06975582987070084,0.652801513671875,0.00909657579787234,True,True,False,False,Found in isolated instrument folder,False,
Tabla,tabla,ektal15.wav,Tabla\ektal15.wav,.wav,WAV,44100,2,PCM_16,,8.219092970521542,362462,1449892,0.06993388384580612,0.960296630859375,0.00962859554932655,True,True,False,False,Found in isolated instrument folder,False,
Tabla,tabla,ektal16.wav,Tabla\ektal16.wav,.wav,WAV,44100,2,PCM_16,,8.188548752834468,361115,1444504,0.06843191385269165,0.999969482421875,0.010128352463896543,True,True,False,False,Found in isolated instrument folder,False,
Tabla,tabla,ektal17.wav,Tabla\ektal17.wav,.wav,WAV,44100,2,PCM_16,,8.213514739229025,362216,1448908,0.06668275594711304,0.81536865234375,0.009976091613843673,True,True,False,False,Found in isolated instrument folder,False,
Tabla,tabla,ektal18.wav,Tabla\ektal18.wav,.wav,WAV,44100,2,PCM_16,,8.17342403628118,360448,1441836,0.06586644798517227,0.704376220703125,0.010597922585227272,True,True,False,False,Found in isolated instrument folder,False,
Tabla,tabla,ektal19.wav,Tabla\ektal19.wav,.wav,WAV,44100,2,PCM_16,,8.243083900226758,363520,1454124,0.06414332985877991,0.692962646484375,0.010410706426056338,True,True,False,False,Found in isolated instrument folder,False,
Tabla,tabla,ektal20.wav,Tabla\ektal20.wav,.wav,WAV,44100,2,PCM_16,,8.205804988662132,361876,1447548,0.0625995323061943,0.645660400390625,0.01041931490344759,True,True,False,False,Found in isolated instrument folder,False,
Tabla,tabla,ektal21.wav,Tabla\ektal21.wav,.wav,WAV,44100,2,PCM_16,,8.281201814058957,365201,1460848,0.07492966949939728,0.701812744140625,0.0091798762873048,True,True,False,False,Found in isolated instrument folder,False,
Tabla,tabla,ektal22.wav,Tabla\ektal22.wav,.wav,WAV,44100,2,PCM_16,,8.233197278911565,363084,1452380,0.07246889173984528,0.6934814453125,0.009287107115708761,True,True,False,False,Found in isolated instrument folder,False,
Tabla,tabla,ektal23.wav,Tabla\ektal23.wav,.wav,WAV,44100,2,PCM_16,,8.236848072562358,363245,1453024,0.07150095701217651,0.888702392578125,0.009961596167875677,True,True,False,False,Found in isolated instrument folder,False,
Tabla,tabla,ektal24.wav,Tabla\ektal24.wav,.wav,WAV,44100,2,PCM_16,,8.208253968253969,361984,1447980,0.07021509110927582,0.895233154296875,0.010338854756011316,True,True,False,False,Found in isolated instrument folder,False,
Tabla,tabla,ektal25.wav,Tabla\ektal25.wav,.wav,WAV,44100,2,PCM_16,,6.249863945578231,275619,1102520,0.08021611720323563,0.841583251953125,0.0052899110728941035,True,True,False,False,Found in isolated instrument folder,False,
Tabla,tabla,ektal26.wav,Tabla\ektal26.wav,.wav,WAV,44100,2,PCM_16,,6.222244897959183,274401,1097648,0.07935455441474915,0.7010498046875,0.005318858167426503,True,True,False,False,Found in isolated instrument folder,False,
Tabla,tabla,ektal27.wav,Tabla\ektal27.wav,.wav,WAV,44100,2,PCM_16,,6.225215419501134,274532,1098172,0.07861021906137466,0.964813232421875,0.006024798566287354,True,True,False,False,Found in isolated instrument folder,False,
Tabla,tabla,ektal28.wav,Tabla\ektal28.wav,.wav,WAV,44100,2,PCM_16,,6.220408163265306,274320,1097324,0.07772772759199142,0.999969482421875,0.007115777194517352,True,True,False,False,Found in isolated instrument folder,False,
Tabla,tabla,ektal29.wav,Tabla\ektal29.wav,.wav,WAV,44100,2,PCM_16,,6.191065759637188,273026,1092148,0.07600868493318558,0.81707763671875,0.007495623127467713,True,True,False,False,Found in isolated instrument folder,False,
Tabla,tabla,ektal30.wav,Tabla\ektal30.wav,.wav,WAV,44100,2,PCM_16,,6.2175736961451245,274195,1096824,0.0741940587759018,0.680023193359375,0.008464778715877386,True,True,False,False,Found in isolated instrument folder,False,
Tabla,tabla,ektal31.wav,Tabla\ektal31.wav,.wav,WAV,44100,2,PCM_16,,6.22140589569161,274364,1097500,0.0722762942314148,0.695343017578125,0.009277820705340351,True,True,False,False,Found in isolated instrument folder,False,
Tabla,tabla,ektal32.wav,Tabla\ektal32.wav,.wav,WAV,44100,2,PCM_16,,6.219795918367347,274293,1097216,0.07199371606111526,0.644134521484375,0.009159912939812536,True,True,False,False,Found in isolated instrument folder,False,
Tabla,tabla,ektal33.wav,Tabla\ektal33.wav,.wav,WAV,44100,2,PCM_16,,6.191814058956916,273059,1092280,0.08217467367649078,0.691162109375,0.007101029447848267,True,True,False,False,Found in isolated instrument folder,False,
Tabla,tabla,ektal34.wav,Tabla\ektal34.wav,.wav,WAV,44100,2,PCM_16,,6.222335600907029,274405,1097664,0.08168422430753708,0.6995849609375,0.007767715602849802,True,True,False,False,Found in isolated instrument folder,False,
Tabla,tabla,ektal35.wav,Tabla\ektal35.wav,.wav,WAV,44100,2,PCM_16,,6.180226757369614,272548,1090236,0.08076417446136475,0.891693115234375,0.0074518983812025775,True,True,False,False,Found in isolated instrument folder,False,
Tabla,tabla,ektal36.wav,Tabla\ektal36.wav,.wav,WAV,44100,2,PCM_16,,6.192267573696145,273079,1092360,0.07923903316259384,0.896881103515625,0.007882334416048103,True,True,False,False,Found in isolated instrument folder,False,
Tabla,tabla,ektal37.wav,Tabla\ektal37.wav,.wav,WAV,44100,2,PCM_16,,5.043718820861678,222428,889756,0.0866878554224968,0.824859619140625,0.0051836998938982505,True,True,False,False,Found in isolated instrument folder,False,
Tabla,tabla,ektal38.wav,Tabla\ektal38.wav,.wav,WAV,44100,2,PCM_16,,4.982834467120181,219743,879016,0.0862225815653801,0.629241943359375,0.00427544904729616,True,True,False,False,Found in isolated instrument folder,False,
Tabla,tabla,ektal39.wav,Tabla\ektal39.wav,.wav,WAV,44100,2,PCM_16,,4.990725623582766,220091,880408,0.0863916352391243,0.944366455078125,0.004663979899223503,True,True,False,False,Found in isolated instrument folder,False,
Tabla,tabla,ektal40.wav,Tabla\ektal40.wav,.wav,WAV,44100,2,PCM_16,,4.95358276643991,218453,873856,0.08461133390665054,0.996429443359375,0.004543311375902368,True,True,False,False,Found in isolated instrument folder,False,
Tabla,tabla,ektal41.wav,Tabla\ektal41.wav,.wav,WAV,44100,2,PCM_16,,4.980385487528345,219635,878584,0.08269145339727402,0.80804443359375,0.004830741912718829,True,True,False,False,Found in isolated instrument folder,False,
Tabla,tabla,ektal42.wav,Tabla\ektal42.wav,.wav,WAV,44100,2,PCM_16,,4.924648526077098,217177,868752,0.08181538432836533,0.651153564453125,0.004989018174116043,True,True,False,False,Found in isolated instrument folder,False,
Tabla,tabla,ektal43.wav,Tabla\ektal43.wav,.wav,WAV,44100,2,PCM_16,,4.923786848072562,217139,868600,0.07949823141098022,0.6878662109375,0.005740562496833825,True,True,False,False,Found in isolated instrument folder,False,
Tabla,tabla,ektal44.wav,Tabla\ektal44.wav,.wav,WAV,44100,2,PCM_16,,4.921632653061224,217044,868220,0.07890114188194275,0.64251708984375,0.00609553823187925,True,True,False,False,Found in isolated instrument folder,False,
Tabla,tabla,ektal45.wav,Tabla\ektal45.wav,.wav,WAV,44100,2,PCM_16,,5.0141496598639455,221124,884540,0.08751560747623444,0.681243896484375,0.0048117798158499306,True,True,False,False,Found in isolated instrument folder,False,
Tabla,tabla,ektal46.wav,Tabla\ektal46.wav,.wav,WAV,44100,2,PCM_16,,4.918344671201814,216899,867640,0.08739199489355087,0.615142822265625,0.004732617485557794,True,True,False,False,Found in isolated instrument folder,False,
Tabla,tabla,ektal47.wav,Tabla\ektal47.wav,.wav,WAV,44100,2,PCM_16,,4.95671201814059,218591,874408,0.08632475137710571,0.8724365234375,0.005681844174737295,True,True,False,False,Found in isolated instrument folder,False,
Tabla,tabla,ektal48.wav,Tabla\ektal48.wav,.wav,WAV,44100,2,PCM_16,,4.9537414965986395,218460,873884,0.08521796762943268,0.881011962890625,0.005568525130458665,True,True,False,False,Found in isolated instrument folder,False,
Tabla,tabla,ektal49.wav,Tabla\ektal49.wav,.wav,WAV,44100,2,PCM_16,,3.077891156462585,135735,542984,0.10676906257867813,0.81768798828125,0.004832946550263381,True,True,False,False,Found in isolated instrument folder,False,
Tabla,tabla,ektal50.wav,Tabla\ektal50.wav,.wav,WAV,44100,2,PCM_16,,3.075873015873016,135646,542628,0.10560175776481628,0.630279541015625,0.004058357784232487,True,True,False,False,Found in isolated instrument folder,False,
Tabla,tabla,ektal51.wav,Tabla\ektal51.wav,.wav,WAV,44100,2,PCM_16,,3.109909297052154,137147,548632,0.1059996709227562,0.946685791015625,0.005038389465318235,True,True,False,False,Found in isolated instrument folder,False,
Tabla,tabla,ektal52.wav,Tabla\ektal52.wav,.wav,WAV,44100,2,PCM_16,,3.0998639455782313,136704,546860,0.10390856862068176,0.997528076171875,0.005874005149812734,True,True,False,False,Found in isolated instrument folder,False,
Tabla,tabla,ektal53.wav,Tabla\ektal53.wav,.wav,WAV,44100,2,PCM_16,,3.048027210884354,134418,537716,0.10158351808786392,0.80352783203125,0.005148120043446562,True,True,False,False,Found in isolated instrument folder,False,
Tabla,tabla,ektal54.wav,Tabla\ektal54.wav,.wav,WAV,44100,2,PCM_16,,3.077437641723356,135715,542904,0.10114733129739761,0.65252685546875,0.005375234867184909,True,True,False,False,Found in isolated instrument folder,False,
Tabla,tabla,ektal55.wav,Tabla\ektal55.wav,.wav,WAV,44100,2,PCM_16,,3.049886621315193,134500,538044,0.09704022854566574,0.684722900390625,0.005401486988847583,True,True,False,False,Found in isolated instrument folder,False,
Tabla,tabla,ektal56.wav,Tabla\ektal56.wav,.wav,WAV,44100,2,PCM_16,,3.0189795918367346,133137,532592,0.09759844839572906,0.638946533203125,0.0053704079256705495,True,True,False,False,Found in isolated instrument folder,False,
Tabla,tabla,ektal57.wav,Tabla\ektal57.wav,.wav,WAV,44100,2,PCM_16,,3.0782539682539682,135751,543048,0.10782838612794876,0.68560791015625,0.0054732561822749,True,True,False,False,Found in isolated instrument folder,False,
Tabla,tabla,ektal58.wav,Tabla\ektal58.wav,.wav,WAV,44100,2,PCM_16,,3.111337868480726,137210,548884,0.1075444221496582,0.604156494140625,0.005735733547117557,True,True,False,False,Found in isolated instrument folder,False,
Tabla,tabla,ektal59.wav,Tabla\ektal59.wav,.wav,WAV,44100,2,PCM_16,,3.0800680272108845,135831,543368,0.10761401802301407,0.8741455078125,0.005131376489902894,True,True,False,False,Found in isolated instrument folder,False,
Tabla,tabla,ektal60.wav,Tabla\ektal60.wav,.wav,WAV,44100,2,PCM_16,,3.1072108843537416,137028,548156,0.10697413235902786,0.883056640625,0.006097293983711358,True,True,False,False,Found in isolated instrument folder,False,
Tabla,tabla,jhaptal01.wav,Tabla\jhaptal01.wav,.wav,WAV,44100,2,PCM_16,,8.284693877551021,365355,1461464,0.058222293853759766,0.843292236328125,0.004622901014082194,True,True,False,False,Found in isolated instrument folder,False,
Tabla,tabla,jhaptal02.wav,Tabla\jhaptal02.wav,.wav,WAV,44100,2,PCM_16,,8.269183673469387,364671,1458728,0.05838525667786598,0.83697509765625,0.004875627620512736,True,True,False,False,Found in isolated instrument folder,False,
Tabla,tabla,jhaptal03.wav,Tabla\jhaptal03.wav,.wav,WAV,44100,2,PCM_16,,8.290997732426304,365633,1462576,0.05619074031710625,0.75311279296875,0.00541253114461769,True,True,False,False,Found in isolated instrument folder,False,
Tabla,tabla,jhaptal04.wav,Tabla\jhaptal04.wav,.wav,WAV,44100,2,PCM_16,,8.27485260770975,364921,1459728,0.05590102821588516,0.999969482421875,0.005086032319323908,True,True,False,False,Found in isolated instrument folder,False,
Tabla,tabla,jhaptal05.wav,Tabla\jhaptal05.wav,.wav,WAV,44100,2,PCM_16,,8.312743764172335,366592,1466412,0.05567276477813721,0.970703125,0.006246726606145251,True,True,False,False,Found in isolated instrument folder,False,
Tabla,tabla,jhaptal06.wav,Tabla\jhaptal06.wav,.wav,WAV,44100,2,PCM_16,,8.262879818594104,364393,1457616,0.053086671978235245,0.818206787109375,0.006687834288803572,True,True,False,False,Found in isolated instrument folder,False,
Tabla,tabla,jhaptal07.wav,Tabla\jhaptal07.wav,.wav,WAV,44100,2,PCM_16,,8.312743764172335,366592,1466412,0.049794863909482956,0.661529541015625,0.007666561190642458,True,True,False,False,Found in isolated instrument folder,False,
Tabla,tabla,jhaptal08.wav,Tabla\jhaptal08.wav,.wav,WAV,44100,2,PCM_16,,8.301111111111112,366079,1464360,0.050193943083286285,0.810821533203125,0.00843260607683041,True,True,False,False,Found in isolated instrument folder,False,
Tabla,tabla,jhaptal09.wav,Tabla\jhaptal09.wav,.wav,WAV,44100,2,PCM_16,,8.332176870748299,367449,1469840,0.06234647333621979,0.776702880859375,0.004595195523732545,True,True,False,False,Found in isolated instrument folder,False,
Tabla,tabla,jhaptal10.wav,Tabla\jhaptal10.wav,.wav,WAV,44100,2,PCM_16,,8.295215419501133,365819,1463320,0.06229948624968529,0.86932373046875,0.00446942340337708,True,True,False,False,Found in isolated instrument folder,False,
Tabla,tabla,jhaptal11.wav,Tabla\jhaptal11.wav,.wav,WAV,44100,2,PCM_16,,8.27485260770975,364921,1459728,0.06033320724964142,0.728424072265625,0.004710608597477262,True,True,False,False,Found in isolated instrument folder,False,
Tabla,tabla,jhaptal12.wav,Tabla\jhaptal12.wav,.wav,WAV,44100,2,PCM_16,,8.335963718820862,367616,1470508,0.05769626051187515,0.9981689453125,0.005683920177576601,True,True,False,False,Found in isolated instrument folder,False,
Tabla,tabla,jhaptal13.wav,Tabla\jhaptal13.wav,.wav,WAV,44100,2,PCM_16,,6.789863945578231,299433,1197776,0.06574983149766922,0.783599853515625,0.006245136641585931,True,True,False,False,Found in isolated instrument folder,False,
Tabla,tabla,jhaptal14.wav,Tabla\jhaptal14.wav,.wav,WAV,44100,2,PCM_16,,6.849886621315193,302080,1208364,0.06510474532842636,0.828216552734375,0.005925582627118644,True,True,False,False,Found in isolated instrument folder,False,
Tabla,tabla,jhaptal15.wav,Tabla\jhaptal15.wav,.wav,WAV,44100,2,PCM_16,,6.85031746031746,302099,1208440,0.06552797555923462,0.94580078125,0.0073105174131658825,True,True,False,False,Found in isolated instrument folder,False,
Tabla,tabla,jhaptal16.wav,Tabla\jhaptal16.wav,.wav,WAV,44100,2,PCM_16,,6.808412698412698,300251,1201048,0.06641515344381332,0.999969482421875,0.006098231146607338,True,True,False,False,Found in isolated instrument folder,False,
Tabla,tabla,jhaptal17.wav,Tabla\jhaptal17.wav,.wav,WAV,44100,2,PCM_16,,6.827460317460318,301091,1204408,0.06448973715305328,0.979278564453125,0.006619261286454925,True,True,False,False,Found in isolated instrument folder,False,
Tabla,tabla,jhaptal18.wav,Tabla\jhaptal18.wav,.wav,WAV,44100,2,PCM_16,,6.81827664399093,300686,1202788,0.06271625310182571,0.664154052734375,0.006611548259646276,True,True,False,False,Found in isolated instrument folder,False,
Tabla,tabla,jhaptal19.wav,Tabla\jhaptal19.wav,.wav,WAV,44100,2,PCM_16,,6.8185714285714285,300699,1202840,0.060814566910266876,0.664093017578125,0.007431019058926036,True,True,False,False,Found in isolated instrument folder,False,
Tabla,tabla,jhaptal20.wav,Tabla\jhaptal20.wav,.wav,WAV,44100,2,PCM_16,,6.888072562358277,303764,1215100,0.06108587235212326,0.81121826171875,0.007915684544580661,True,True,False,False,Found in isolated instrument folder,False,
Tabla,tabla,jhaptal21.wav,Tabla\jhaptal21.wav,.wav,WAV,44100,2,PCM_16,,6.821337868480725,300821,1203328,0.06923512369394302,0.727081298828125,0.0051126749794728425,True,True,False,False,Found in isolated instrument folder,False,
Tabla,tabla,jhaptal22.wav,Tabla\jhaptal22.wav,.wav,WAV,44100,2,PCM_16,,6.797936507936508,299789,1199200,0.06912294775247574,0.879547119140625,0.005223673984035438,True,True,False,False,Found in isolated instrument folder,False,
Tabla,tabla,jhaptal23.wav,Tabla\jhaptal23.wav,.wav,WAV,44100,2,PCM_16,,6.857120181405896,302399,1209640,0.06889341026544571,0.87860107421875,0.005018204425279184,True,True,False,False,Found in isolated instrument folder,False,
Tabla,tabla,jhaptal24.wav,Tabla\jhaptal24.wav,.wav,WAV,44100,2,PCM_16,,6.793083900226757,299575,1198344,0.06757762283086777,0.999969482421875,0.0067278644746724525,True,True,False,False,Found in isolated instrument folder,False,
Tabla,tabla,jhaptal25.wav,Tabla\jhaptal25.wav,.wav,WAV,44100,2,PCM_16,,5.229863945578232,230637,922592,0.07502245157957077,0.7823486328125,0.005658242172764994,True,True,False,False,Found in isolated instrument folder,False,
Tabla,tabla,jhaptal26.wav,Tabla\jhaptal26.wav,.wav,WAV,44100,2,PCM_16,,5.213741496598639,229926,919748,0.0760236382484436,0.80908203125,0.005027704565816828,True,True,False,False,Found in isolated instrument folder,False,
Tabla,tabla,jhaptal27.wav,Tabla\jhaptal27.wav,.wav,WAV,44100,2,PCM_16,,5.186575963718821,228728,914956,0.07512947171926498,0.95245361328125,0.005720768773390228,True,True,False,False,Found in isolated instrument folder,False,
Tabla,tabla,jhaptal28.wav,Tabla\jhaptal28.wav,.wav,WAV,44100,2,PCM_16,,5.194263038548753,229067,916312,0.07584964483976364,0.999969482421875,0.005472198090515002,True,True,False,False,Found in isolated instrument folder,False,
Tabla,tabla,jhaptal29.wav,Tabla\jhaptal29.wav,.wav,WAV,44100,2,PCM_16,,5.2118820861678,229844,919420,0.07537713646888733,0.963775634765625,0.006162875689598162,True,True,False,False,Found in isolated instrument folder,False,
Tabla,tabla,jhaptal30.wav,Tabla\jhaptal30.wav,.wav,WAV,44100,2,PCM_16,,5.191156462585034,228930,915764,0.07104549556970596,0.6650390625,0.006187480889354825,True,True,False,False,Found in isolated instrument folder,False,
Tabla,tabla,jhaptal31.wav,Tabla\jhaptal31.wav,.wav,WAV,44100,2,PCM_16,,5.2128798185941045,229888,919596,0.06937076151371002,0.691497802734375,0.00794952324610245,True,True,False,False,Found in isolated instrument folder,False,
Tabla,tabla,jhaptal32.wav,Tabla\jhaptal32.wav,.wav,WAV,44100,2,PCM_16,,5.1165079365079364,225638,902596,0.0701163038611412,0.7861328125,0.006432870349852418,True,True,False,False,Found in isolated instrument folder,False,
Tabla,tabla,jhaptal33.wav,Tabla\jhaptal33.wav,.wav,WAV,44100,2,PCM_16,,5.196598639455782,229170,916724,0.07892389595508575,0.72515869140625,0.004869747349129467,True,True,False,False,Found in isolated instrument folder,False,
Tabla,tabla,jhaptal34.wav,Tabla\jhaptal34.wav,.wav,WAV,44100,2,PCM_16,,5.1873469387755105,228762,915092,0.07798923552036285,0.877777099609375,0.004777891433017722,True,True,False,False,Found in isolated instrument folder,False,
Tabla,tabla,jhaptal35.wav,Tabla\jhaptal35.wav,.wav,WAV,44100,2,PCM_16,,5.127097505668934,226105,904464,0.078319251537323,0.8800048828125,0.005077287101125583,True,True,False,False,Found in isolated instrument folder,False,
Tabla,tabla,jhaptal36.wav,Tabla\jhaptal36.wav,.wav,WAV,44100,2,PCM_16,,5.1912698412698415,228935,915784,0.07721643149852753,0.98486328125,0.0036145630855919804,True,True,False,False,Found in isolated instrument folder,False,
Tabla,tabla,jhaptal37.wav,Tabla\jhaptal37.wav,.wav,WAV,44100,2,PCM_16,,4.182539682539683,184450,737844,0.08352788537740707,0.781402587890625,0.005291406885334779,True,True,False,False,Found in isolated instrument folder,False,
Tabla,tabla,jhaptal38.wav,Tabla\jhaptal38.wav,.wav,WAV,44100,2,PCM_16,,4.187097505668934,184651,738648,0.08256068080663681,0.858001708984375,0.00481990349361769,True,True,False,False,Found in isolated instrument folder,False,
Tabla,tabla,jhaptal39.wav,Tabla\jhaptal39.wav,.wav,WAV,44100,2,PCM_16,,4.253560090702948,187582,750372,0.08300638943910599,0.94769287109375,0.006167969208132977,True,True,False,False,Found in isolated instrument folder,False,
Tabla,tabla,jhaptal40.wav,Tabla\jhaptal40.wav,.wav,WAV,44100,2,PCM_16,,4.18984126984127,184772,739132,0.0830182358622551,0.999969482421875,0.0056610308921265125,True,True,False,False,Found in isolated instrument folder,False,
Tabla,tabla,jhaptal41.wav,Tabla\jhaptal41.wav,.wav,WAV,44100,2,PCM_16,,4.206848072562359,185522,742132,0.08043280988931656,0.88592529296875,0.005821412015825617,True,True,False,False,Found in isolated instrument folder,False,
Tabla,tabla,jhaptal42.wav,Tabla\jhaptal42.wav,.wav,WAV,44100,2,PCM_16,,4.215827664399093,185918,743716,0.07948148995637894,0.658477783203125,0.005653029830355318,True,True,False,False,Found in isolated instrument folder,False,
Tabla,tabla,jhaptal43.wav,Tabla\jhaptal43.wav,.wav,WAV,44100,2,PCM_16,,4.185736961451247,184591,738408,0.07527877390384674,0.690582275390625,0.006086428915819298,True,True,False,False,Found in isolated instrument folder,False,
Tabla,tabla,jhaptal44.wav,Tabla\jhaptal44.wav,.wav,WAV,44100,2,PCM_16,,4.196916099773243,185084,740380,0.0754908099770546,0.716400146484375,0.00558395107086512,True,True,False,False,Found in isolated instrument folder,False,
Tabla,tabla,jhaptal45.wav,Tabla\jhaptal45.wav,.wav,WAV,44100,2,PCM_16,,4.257687074829932,187764,751100,0.08851893991231918,0.689453125,0.005251272874459428,True,True,False,False,Found in isolated instrument folder,False,
Tabla,tabla,jhaptal46.wav,Tabla\jhaptal46.wav,.wav,WAV,44100,2,PCM_16,,4.219614512471655,186085,744384,0.08532795310020447,0.83282470703125,0.005975763763871349,True,True,False,False,Found in isolated instrument folder,False,
Tabla,tabla,jhaptal47.wav,Tabla\jhaptal47.wav,.wav,WAV,44100,2,PCM_16,,4.1092743764172335,181219,724920,0.08576197177171707,0.876434326171875,0.004919462087308726,True,True,False,False,Found in isolated instrument folder,False,
Tabla,tabla,jhaptal48.wav,Tabla\jhaptal48.wav,.wav,WAV,44100,2,PCM_16,,4.167142857142857,183771,735128,0.08429554849863052,0.99932861328125,0.005264704441941329,True,True,False,False,Found in isolated instrument folder,False,
Tabla,tabla,jhaptal49.wav,Tabla\jhaptal49.wav,.wav,WAV,44100,2,PCM_16,,2.653718820861678,117029,468160,0.1046510636806488,0.781036376953125,0.008036469593006862,True,True,False,False,Found in isolated instrument folder,False,
Tabla,tabla,jhaptal50.wav,Tabla\jhaptal50.wav,.wav,WAV,44100,2,PCM_16,,2.6209750566893426,115585,462384,0.10739867389202118,0.71697998046875,0.006185923779037072,True,True,False,False,Found in isolated instrument folder,False,
Tabla,tabla,jhaptal51.wav,Tabla\jhaptal51.wav,.wav,WAV,44100,2,PCM_16,,2.648684807256236,116807,467272,0.10634501278400421,0.957183837890625,0.007131421918206956,True,True,False,False,Found in isolated instrument folder,False,
Tabla,tabla,jhaptal52.wav,Tabla\jhaptal52.wav,.wav,WAV,44100,2,PCM_16,,2.5982086167800453,114581,458368,0.1044965609908104,0.999969482421875,0.006536860386975153,True,True,False,False,Found in isolated instrument folder,False,
Tabla,tabla,jhaptal53.wav,Tabla\jhaptal53.wav,.wav,WAV,44100,2,PCM_16,,2.6259183673469386,115803,463256,0.10114933550357819,0.8348388671875,0.007974750222360388,True,True,False,False,Found in isolated instrument folder,False,
Tabla,tabla,jhaptal54.wav,Tabla\jhaptal54.wav,.wav,WAV,44100,2,PCM_16,,2.595827664399093,114476,457948,0.09836679697036743,0.66888427734375,0.006049302910653761,True,True,False,False,Found in isolated instrument folder,False,
Tabla,tabla,jhaptal55.wav,Tabla\jhaptal55.wav,.wav,WAV,44100,2,PCM_16,,2.6279591836734695,115893,463616,0.0957053005695343,0.694244384765625,0.007644982872132053,True,True,False,False,Found in isolated instrument folder,False,
Tabla,tabla,jhaptal56.wav,Tabla\jhaptal56.wav,.wav,WAV,44100,2,PCM_16,,2.6200226757369616,115543,462216,0.09472938627004623,0.739959716796875,0.006841608751720139,True,True,False,False,Found in isolated instrument folder,False,
Tabla,tabla,jhaptal57.wav,Tabla\jhaptal57.wav,.wav,WAV,44100,2,PCM_16,,2.686984126984127,118496,474028,0.10960917919874191,0.68060302734375,0.008949669187145558,True,True,False,False,Found in isolated instrument folder,False,
Tabla,tabla,jhaptal58.wav,Tabla\jhaptal58.wav,.wav,WAV,44100,2,PCM_16,,2.6800226757369616,118189,472800,0.10953906923532486,0.8502197265625,0.007551464180253662,True,True,False,False,Found in isolated instrument folder,False,
Tabla,tabla,jhaptal59.wav,Tabla\jhaptal59.wav,.wav,WAV,44100,2,PCM_16,,2.650861678004535,116903,467656,0.10705778747797012,0.87982177734375,0.007215383694173802,True,True,False,False,Found in isolated instrument folder,False,
Tabla,tabla,jhaptal60.wav,Tabla\jhaptal60.wav,.wav,WAV,44100,2,PCM_16,,2.6599092970521543,117302,469252,0.11064550280570984,0.92236328125,0.00652162793473257,True,True,False,False,Found in isolated instrument folder,False,
Tabla,tabla,rupak01.wav,Tabla\rupak01.wav,.wav,WAV,44100,2,PCM_16,,5.857165532879819,258301,1033248,0.06199943274259567,0.96337890625,0.00484512255082249,True,True,False,False,Found in isolated instrument folder,False,
Tabla,tabla,rupak02.wav,Tabla\rupak02.wav,.wav,WAV,44100,2,PCM_16,,5.858979591836735,258381,1033568,0.0584336556494236,0.999908447265625,0.0047546065693684905,True,True,False,False,Found in isolated instrument folder,False,
Tabla,tabla,rupak03.wav,Tabla\rupak03.wav,.wav,WAV,44100,2,PCM_16,,5.8500680272108845,257988,1031996,0.05670963227748871,0.90582275390625,0.005620416453478457,True,True,False,False,Found in isolated instrument folder,False,
Tabla,tabla,rupak04.wav,Tabla\rupak04.wav,.wav,WAV,44100,2,PCM_16,,5.875986394557823,259131,1036568,0.060421865433454514,1.0,0.005402672779405012,True,True,False,False,Found in isolated instrument folder,False,
Tabla,tabla,rupak05.wav,Tabla\rupak05.wav,.wav,WAV,44100,2,PCM_16,,5.8219047619047615,256746,1027028,0.056102361530065536,0.999969482421875,0.0056183932758446095,True,True,False,False,Found in isolated instrument folder,False,
Tabla,tabla,rupak06.wav,Tabla\rupak06.wav,.wav,WAV,44100,2,PCM_16,,5.848866213151927,257935,1031784,0.05471060052514076,0.749481201171875,0.006232190280497024,True,True,False,False,Found in isolated instrument folder,False,
Tabla,tabla,rupak07.wav,Tabla\rupak07.wav,.wav,WAV,44100,2,PCM_16,,5.789863945578231,255333,1021376,0.04832152649760246,0.8111572265625,0.006033297693600123,True,True,False,False,Found in isolated instrument folder,False,
Tabla,tabla,rupak08.wav,Tabla\rupak08.wav,.wav,WAV,44100,2,PCM_16,,5.8888208616780044,259697,1038832,0.051338616758584976,0.97369384765625,0.008294281412569264,True,True,False,False,Found in isolated instrument folder,False,
Tabla,tabla,rupak09.wav,Tabla\rupak09.wav,.wav,WAV,44100,2,PCM_16,,5.887777777777778,259651,1038648,0.06402523070573807,0.8118896484375,0.004871924236763964,True,True,False,False,Found in isolated instrument folder,False,
Tabla,tabla,rupak10.wav,Tabla\rupak10.wav,.wav,WAV,44100,2,PCM_16,,5.847301587301588,257866,1031508,0.06517644971609116,0.999969482421875,0.004459680609308711,True,True,False,False,Found in isolated instrument folder,False,
Tabla,tabla,rupak11.wav,Tabla\rupak11.wav,.wav,WAV,44100,2,PCM_16,,5.829410430839002,257077,1028352,0.06318292021751404,0.999969482421875,0.004665917215464627,True,True,False,False,Found in isolated instrument folder,False,
Tabla,tabla,rupak12.wav,Tabla\rupak12.wav,.wav,WAV,44100,2,PCM_16,,5.797460317460318,255668,1022716,0.0592942051589489,1.0,0.0055384326548492575,True,True,False,False,Found in isolated instrument folder,False,
Tabla,tabla,rupak13.wav,Tabla\rupak13.wav,.wav,WAV,44100,2,PCM_16,,4.837074829931972,213315,853304,0.059037912636995316,0.956634521484375,0.005815343506082554,True,True,False,False,Found in isolated instrument folder,False,
Tabla,tabla,rupak14.wav,Tabla\rupak14.wav,.wav,WAV,44100,2,PCM_16,,4.77108843537415,210405,841664,0.05794685333967209,0.998138427734375,0.005275540029942254,True,True,False,False,Found in isolated instrument folder,False,
Tabla,tabla,rupak15.wav,Tabla\rupak15.wav,.wav,WAV,44100,2,PCM_16,,4.828775510204082,212949,851840,0.055446356534957886,0.90216064453125,0.006950020897022292,True,True,False,False,Found in isolated instrument folder,False,
Tabla,tabla,rupak16.wav,Tabla\rupak16.wav,.wav,WAV,44100,2,PCM_16,,4.865306122448979,214560,858284,0.06021469831466675,1.0,0.006194071588366891,True,True,False,False,Found in isolated instrument folder,False,
Tabla,tabla,rupak17.wav,Tabla\rupak17.wav,.wav,WAV,44100,2,PCM_16,,4.863945578231292,214500,858044,0.055828772485256195,0.999969482421875,0.0060582750582750585,True,True,False,False,Found in isolated instrument folder,False,
Tabla,tabla,rupak18.wav,Tabla\rupak18.wav,.wav,WAV,44100,2,PCM_16,,4.890634920634921,215677,862752,0.05396420136094093,0.75311279296875,0.007103214529133844,True,True,False,False,Found in isolated instrument folder,False,
Tabla,tabla,rupak19.wav,Tabla\rupak19.wav,.wav,WAV,44100,2,PCM_16,,4.789092970521542,211199,844840,0.04785032197833061,0.812469482421875,0.007237250176373941,True,True,False,False,Found in isolated instrument folder,False,
Tabla,tabla,rupak20.wav,Tabla\rupak20.wav,.wav,WAV,44100,2,PCM_16,,4.823333333333333,212709,850880,0.048732269555330276,0.968231201171875,0.006924953810134973,True,True,False,False,Found in isolated instrument folder,False,
Tabla,tabla,rupak21.wav,Tabla\rupak21.wav,.wav,WAV,44100,2,PCM_16,,4.864965986394558,214545,858224,0.06252752244472504,0.8109130859375,0.006178191055489524,True,True,False,False,Found in isolated instrument folder,False,
Tabla,tabla,rupak22.wav,Tabla\rupak22.wav,.wav,WAV,44100,2,PCM_16,,4.85297052154195,214016,856108,0.06091644987463951,0.979156494140625,0.005364084928229665,True,True,False,False,Found in isolated instrument folder,False,
Tabla,tabla,rupak23.wav,Tabla\rupak23.wav,.wav,WAV,44100,2,PCM_16,,4.853628117913832,214045,856224,0.06339389085769653,0.999969482421875,0.005543226891541499,True,True,False,False,Found in isolated instrument folder,False,
Tabla,tabla,rupak24.wav,Tabla\rupak24.wav,.wav,WAV,44100,2,PCM_16,,4.864149659863946,214509,858080,0.0577339343726635,1.0,0.006922786456512314,True,True,False,False,Found in isolated instrument folder,False,
Tabla,tabla,rupak25.wav,Tabla\rupak25.wav,.wav,WAV,44100,2,PCM_16,,3.7159410430839004,163873,655536,0.06767760962247849,0.966796875,0.005714791332312217,True,True,False,False,Found in isolated instrument folder,False,
Tabla,tabla,rupak26.wav,Tabla\rupak26.wav,.wav,WAV,44100,2,PCM_16,,3.6800226757369616,162289,649200,0.06754226237535477,0.999969482421875,0.004960286895599825,True,True,False,False,Found in isolated instrument folder,False,
Tabla,tabla,rupak27.wav,Tabla\rupak27.wav,.wav,WAV,44100,2,PCM_16,,3.719795918367347,164043,656216,0.06717836856842041,0.902801513671875,0.005230335948501308,True,True,False,False,Found in isolated instrument folder,False,
Tabla,tabla,rupak28.wav,Tabla\rupak28.wav,.wav,WAV,44100,2,PCM_16,,3.7219274376417233,164137,656592,0.0679544135928154,1.0,0.005857911378909082,True,True,False,False,Found in isolated instrument folder,False,
Tabla,tabla,rupak29.wav,Tabla\rupak29.wav,.wav,WAV,44100,2,PCM_16,,3.7170521541950112,163922,655732,0.06862753629684448,0.999969482421875,0.005911348080184478,True,True,False,False,Found in isolated instrument folder,False,
Tabla,tabla,rupak30.wav,Tabla\rupak30.wav,.wav,WAV,44100,2,PCM_16,,3.715736961451247,163864,655500,0.06106628477573395,0.81097412109375,0.006276546404335302,True,True,False,False,Found in isolated instrument folder,False,
Tabla,tabla,rupak31.wav,Tabla\rupak31.wav,.wav,WAV,44100,2,PCM_16,,3.7120861678004533,163703,654856,0.05736713111400604,0.8131103515625,0.006866092863295114,True,True,False,False,Found in isolated instrument folder,False,
Tabla,tabla,rupak32.wav,Tabla\rupak32.wav,.wav,WAV,44100,2,PCM_16,,3.6856009070294786,162535,650184,0.05522647500038147,0.9635009765625,0.0063032577598671055,True,True,False,False,Found in isolated instrument folder,False,
Tabla,tabla,rupak33.wav,Tabla\rupak33.wav,.wav,WAV,44100,2,PCM_16,,3.719092970521542,164012,656092,0.07589977979660034,0.8116455078125,0.005405092310318757,True,True,False,False,Found in isolated instrument folder,False,
Tabla,tabla,rupak34.wav,Tabla\rupak34.wav,.wav,WAV,44100,2,PCM_16,,3.6867573696145124,162586,650388,0.07244068384170532,0.9781494140625,0.005138818840490571,True,True,False,False,Found in isolated instrument folder,False,
Tabla,tabla,rupak35.wav,Tabla\rupak35.wav,.wav,WAV,44100,2,PCM_16,,3.6886621315192745,162670,650724,0.06906034052371979,0.846771240234375,0.005575705415872626,True,True,False,False,Found in isolated instrument folder,False,
Tabla,tabla,rupak36.wav,Tabla\rupak36.wav,.wav,WAV,44100,2,PCM_16,,3.6874149659863944,162615,650504,0.0707133486866951,1.0,0.004913445869077268,True,True,False,False,Found in isolated instrument folder,False,
Tabla,tabla,rupak37.wav,Tabla\rupak37.wav,.wav,WAV,44100,2,PCM_16,,3.038253968253968,133987,535992,0.06852687895298004,0.96246337890625,0.007545508146312702,True,True,False,False,Found in isolated instrument folder,False,
Tabla,tabla,rupak38.wav,Tabla\rupak38.wav,.wav,WAV,44100,2,PCM_16,,3.021224489795918,133236,532988,0.07443832606077194,0.999969482421875,0.005677894863250173,True,True,False,False,Found in isolated instrument folder,False,
Tabla,tabla,rupak39.wav,Tabla\rupak39.wav,.wav,WAV,44100,2,PCM_16,,2.9972108843537413,132177,528752,0.07154950499534607,0.9052734375,0.00569312361454716,True,True,False,False,Found in isolated instrument folder,False,
Tabla,tabla,rupak40.wav,Tabla\rupak40.wav,.wav,WAV,44100,2,PCM_16,,2.9783219954648525,131344,525420,0.06798884272575378,0.999969482421875,0.005405652332805457,True,True,False,False,Found in isolated instrument folder,False,
Tabla,tabla,rupak41.wav,Tabla\rupak41.wav,.wav,WAV,44100,2,PCM_16,,3.00702947845805,132610,530484,0.07131945341825485,0.999969482421875,0.006832063946911998,True,True,False,False,Found in isolated instrument folder,False,
Tabla,tabla,rupak42.wav,Tabla\rupak42.wav,.wav,WAV,44100,2,PCM_16,,2.9605442176870747,130560,522284,0.06183775141835213,0.750518798828125,0.006265318627450981,True,True,False,False,Found in isolated instrument folder,False,
Tabla,tabla,rupak43.wav,Tabla\rupak43.wav,.wav,WAV,44100,2,PCM_16,,2.9811111111111113,131467,525912,0.059236712753772736,0.812652587890625,0.006381829660675302,True,True,False,False,Found in isolated instrument folder,False,
Tabla,tabla,rupak44.wav,Tabla\rupak44.wav,.wav,WAV,44100,2,PCM_16,,3.0211564625850342,133233,532976,0.06036541983485222,0.972320556640625,0.00741558022411865,True,True,False,False,Found in isolated instrument folder,False,
Tabla,tabla,rupak45.wav,Tabla\rupak45.wav,.wav,WAV,44100,2,PCM_16,,3.067074829931973,135258,541076,0.0777503103017807,0.814697265625,0.007123423383459758,True,True,False,False,Found in isolated instrument folder,False,
Tabla,tabla,rupak46.wav,Tabla\rupak46.wav,.wav,WAV,44100,2,PCM_16,,3.01390022675737,132913,531696,0.07207722216844559,0.981109619140625,0.00660582486288023,True,True,False,False,Found in isolated instrument folder,False,
Tabla,tabla,rupak47.wav,Tabla\rupak47.wav,.wav,WAV,44100,2,PCM_16,,2.9920861678004536,131951,527848,0.07203538715839386,0.847320556640625,0.0064948352039772336,True,True,False,False,Found in isolated instrument folder,False,
Tabla,tabla,rupak48.wav,Tabla\rupak48.wav,.wav,WAV,44100,2,PCM_16,,2.985170068027211,131646,526628,0.06984779983758926,1.0,0.005792048372149553,True,True,False,False,Found in isolated instrument folder,False,
Tabla,tabla,rupak49.wav,Tabla\rupak49.wav,.wav,WAV,44100,2,PCM_16,,2.325532879818594,102556,410268,0.0827065259218216,0.961395263671875,0.00876106712430282,True,True,False,False,Found in isolated instrument folder,False,
Tabla,tabla,rupak50.wav,Tabla\rupak50.wav,.wav,WAV,44100,2,PCM_16,,2.2922448979591836,101088,404396,0.08163924515247345,0.999969482421875,0.005717790440012662,True,True,False,False,Found in isolated instrument folder,False,
Tabla,tabla,rupak51.wav,Tabla\rupak51.wav,.wav,WAV,44100,2,PCM_16,,2.293219954648526,101131,404568,0.07849884033203125,0.90179443359375,0.006293816930515866,True,True,False,False,Found in isolated instrument folder,False,
Tabla,tabla,rupak52.wav,Tabla\rupak52.wav,.wav,WAV,44100,2,PCM_16,,2.2830839002267576,100684,402780,0.08004799485206604,1.0,0.005437805410988836,True,True,False,False,Found in isolated instrument folder,False,
Tabla,tabla,rupak53.wav,Tabla\rupak53.wav,.wav,WAV,44100,2,PCM_16,,2.295873015873016,101248,405036,0.08020120859146118,0.999969482421875,0.006197653286978508,True,True,False,False,Found in isolated instrument folder,False,
Tabla,tabla,rupak54.wav,Tabla\rupak54.wav,.wav,WAV,44100,2,PCM_16,,2.2929931972789115,101121,404528,0.07257717102766037,0.760162353515625,0.006096656480849675,True,True,False,False,Found in isolated instrument folder,False,
Tabla,tabla,rupak55.wav,Tabla\rupak55.wav,.wav,WAV,44100,2,PCM_16,,2.2889342403628117,100942,403812,0.06624241918325424,0.8123779296875,0.005597273681916348,True,True,False,False,Found in isolated instrument folder,False,
Tabla,tabla,rupak56.wav,Tabla\rupak56.wav,.wav,WAV,44100,2,PCM_16,,2.3,101430,405764,0.07084846496582031,0.9764404296875,0.006433007985803017,True,True,False,False,Found in isolated instrument folder,False,
Tabla,tabla,rupak57.wav,Tabla\rupak57.wav,.wav,WAV,44100,2,PCM_16,,2.3500680272108845,103638,414596,0.08791915327310562,0.823638916015625,0.007154711592273104,True,True,False,False,Found in isolated instrument folder,False,
Tabla,tabla,rupak58.wav,Tabla\rupak58.wav,.wav,WAV,44100,2,PCM_16,,2.2973015873015874,101311,405288,0.08067096769809723,0.985809326171875,0.0073437237812280995,True,True,False,False,Found in isolated instrument folder,False,
Tabla,tabla,rupak59.wav,Tabla\rupak59.wav,.wav,WAV,44100,2,PCM_16,,2.2930385487528344,101123,404536,0.08327583223581314,0.84820556640625,0.006309148264984227,True,True,False,False,Found in isolated instrument folder,False,
Tabla,tabla,rupak60.wav,Tabla\rupak60.wav,.wav,WAV,44100,2,PCM_16,,2.292018140589569,101078,404356,0.07945994287729263,1.0,0.00600526326203526,True,True,False,False,Found in isolated instrument folder,False,
Tabla,tabla,trital01.wav,Tabla\trital01.wav,.wav,WAV,44100,2,PCM_16,,11.536621315192743,508765,2035104,0.09834863990545273,0.879974365234375,0.008914724872976718,True,True,False,False,Found in isolated instrument folder,False,
Tabla,tabla,trital02.wav,Tabla\trital02.wav,.wav,WAV,44100,2,PCM_16,,8.223356009070296,362650,1450644,0.13156573474407196,1.0,0.004621535916172618,True,True,False,False,Found in isolated instrument folder,False,
Tabla,tabla,trital03.wav,Tabla\trital03.wav,.wav,WAV,44100,2,PCM_16,,7.506439909297052,331034,1324180,0.13675501942634583,1.0,0.01108949533884737,True,True,False,False,Found in isolated instrument folder,False,
Tabla,tabla,trital04.wav,Tabla\trital04.wav,.wav,WAV,44100,2,PCM_16,,6.349115646258503,279996,1120028,0.14593762159347534,1.0,0.013014471635309076,True,True,False,False,Found in isolated instrument folder,False,
Tabla,tabla,trital05.wav,Tabla\trital05.wav,.wav,WAV,44100,2,PCM_16,,5.543673469387755,244476,977948,0.1518348604440689,1.0,0.011528739017326855,True,True,False,False,Found in isolated instrument folder,False,
Tabla,tabla,trital06.wav,Tabla\trital06.wav,.wav,WAV,44100,2,PCM_16,,5.152222222222222,227213,908896,0.21622991561889648,1.0,0.015058557388881798,True,True,False,False,Found in isolated instrument folder,False,
Tabla,tabla,trital07.wav,Tabla\trital07.wav,.wav,WAV,44100,2,PCM_16,,3.3760997732426303,148886,595588,0.2720850110054016,1.0,0.001279502438107008,True,True,False,False,Found in isolated instrument folder,False,
Tabla,tabla,trital08.wav,Tabla\trital08.wav,.wav,WAV,44100,2,PCM_16,,3.980997732426304,175562,702292,0.2516055703163147,1.0,0.014473519326505736,True,True,False,False,Found in isolated instrument folder,False,
Tabla,tabla,trital09.wav,Tabla\trital09.wav,.wav,WAV,44100,2,PCM_16,,3.5490702947845807,156514,626100,0.21395564079284668,1.0,0.022454860268091032,True,True,False,False,Found in isolated instrument folder,False,
Tabla,tabla,trital10.wav,Tabla\trital10.wav,.wav,WAV,44100,2,PCM_16,,11.558480725623582,509729,2038960,0.1487468183040619,1.0,0.008009157807383923,True,True,False,False,Found in isolated instrument folder,False,
Tabla,tabla,trital100.wav,Tabla\trital100.wav,.wav,WAV,44100,2,PCM_16,,4.684263038548753,206576,826348,0.17474761605262756,1.0,0.005082875067771667,True,True,False,False,Found in isolated instrument folder,False,
Tabla,tabla,trital11.wav,Tabla\trital11.wav,.wav,WAV,44100,2,PCM_16,,8.130952380952381,358575,1434344,0.2233992964029312,1.0,0.0015826535592274977,True,True,False,False,Found in isolated instrument folder,False,
Tabla,tabla,trital12.wav,Tabla\trital12.wav,.wav,WAV,44100,2,PCM_16,,8.885918367346939,391869,1567520,0.2203933596611023,1.0,0.008109853037622267,True,True,False,False,Found in isolated instrument folder,False,
Tabla,tabla,trital13.wav,Tabla\trital13.wav,.wav,WAV,44100,2,PCM_16,,7.550657596371882,332984,1331980,0.22650155425071716,1.0,0.008022908007591957,True,True,False,False,Found in isolated instrument folder,False,
Tabla,tabla,trital14.wav,Tabla\trital14.wav,.wav,WAV,44100,2,PCM_16,,5.5777551020408165,245979,983960,0.24954448640346527,1.0,0.003028713833294712,True,True,False,False,Found in isolated instrument folder,False,
Tabla,tabla,trital15.wav,Tabla\trital15.wav,.wav,WAV,44100,2,PCM_16,,5.7103401360544215,251826,1007348,0.24343372881412506,1.0,0.010618442893108733,True,True,False,False,Found in isolated instrument folder,False,
Tabla,tabla,trital16.wav,Tabla\trital16.wav,.wav,WAV,44100,2,PCM_16,,5.7103401360544215,251826,1007348,0.24343372881412506,1.0,0.01055490695956732,True,True,False,False,Found in isolated instrument folder,False,
Tabla,tabla,trital17.wav,Tabla\trital17.wav,.wav,WAV,44100,2,PCM_16,,4.418684807256236,194864,779500,0.25593310594558716,1.0,0.016188213318006406,True,True,False,False,Found in isolated instrument folder,False,
Tabla,tabla,trital18.wav,Tabla\trital18.wav,.wav,WAV,44100,2,PCM_16,,3.612312925170068,159303,637256,0.2764720320701599,1.0,0.010878640075830335,True,True,False,False,Found in isolated instrument folder,False,
Tabla,tabla,trital19.wav,Tabla\trital19.wav,.wav,WAV,44100,2,PCM_16,,2.7692290249433107,122123,488536,0.3150472044944763,1.0,0.007848644399498866,True,True,False,False,Found in isolated instrument folder,False,
Tabla,tabla,trital20.wav,Tabla\trital20.wav,.wav,WAV,44100,2,PCM_16,,10.948208616780045,482816,1931308,0.213735431432724,1.0,0.0037415909994697773,True,True,False,False,Found in isolated instrument folder,False,
Tabla,tabla,trital21.wav,Tabla\trital21.wav,.wav,WAV,44100,2,PCM_16,,11.867256235827664,523346,2093428,0.20758110284805298,1.0,0.008730361940284249,True,True,False,False,Found in isolated instrument folder,False,
Tabla,tabla,trital22.wav,Tabla\trital22.wav,.wav,WAV,44100,2,PCM_16,,11.57514739229025,510464,2041900,0.2082352489233017,1.0,0.007428535606820461,True,True,False,False,Found in isolated instrument folder,False,
Tabla,tabla,trital23.wav,Tabla\trital23.wav,.wav,WAV,44100,2,PCM_16,,11.517097505668934,507904,2031660,0.19977612793445587,1.0,0.006618376701108871,True,True,False,False,Found in isolated instrument folder,False,
Tabla,tabla,trital24.wav,Tabla\trital24.wav,.wav,WAV,44100,2,PCM_16,,11.61265306122449,512118,2048516,0.20602284371852875,1.0,0.006122612366681116,True,True,False,False,Found in isolated instrument folder,False,
Tabla,tabla,trital25.wav,Tabla\trital25.wav,.wav,WAV,44100,2,PCM_16,,11.969501133786848,527855,2111464,0.20428143441677094,1.0,0.009514923605914502,True,True,False,False,Found in isolated instrument folder,False,
Tabla,tabla,trital26.wav,Tabla\trital26.wav,.wav,WAV,44100,2,PCM_16,,11.840430839002268,522163,2088696,0.20099231600761414,1.0,0.00593205569908247,True,True,False,False,Found in isolated instrument folder,False,
Tabla,tabla,trital27.wav,Tabla\trital27.wav,.wav,WAV,44100,2,PCM_16,,11.447437641723356,504832,2019372,0.22711612284183502,1.0,0.005647423301217039,True,True,False,False,Found in isolated instrument folder,False,
Tabla,tabla,trital28.wav,Tabla\trital28.wav,.wav,WAV,44100,2,PCM_16,,11.609977324263038,512000,2048044,0.22252142429351807,1.0,0.007396484375,True,True,False,False,Found in isolated instrument folder,False,
Tabla,tabla,trital29.wav,Tabla\trital29.wav,.wav,WAV,44100,2,PCM_16,,11.76061224489796,518643,2074616,0.21608267724514008,1.0,0.00823784375765218,True,True,False,False,Found in isolated instrument folder,False,
Tabla,tabla,trital30.wav,Tabla\trital30.wav,.wav,WAV,44100,2,PCM_16,,11.515668934240363,507841,2031408,0.21034739911556244,1.0,0.0038191087367896643,True,True,False,False,Found in isolated instrument folder,False,
Tabla,tabla,trital31.wav,Tabla\trital31.wav,.wav,WAV,44100,2,PCM_16,,8.798662131519274,388021,1552128,0.18183079361915588,1.0,0.008011164344197866,True,True,False,False,Found in isolated instrument folder,False,
Tabla,tabla,trital32.wav,Tabla\trital32.wav,.wav,WAV,44100,2,PCM_16,,8.95451247165533,394894,1579620,0.18444252014160156,1.0,0.009897592771731148,True,True,False,False,Found in isolated instrument folder,False,
Tabla,tabla,trital33.wav,Tabla\trital33.wav,.wav,WAV,44100,2,PCM_16,,8.94265306122449,394371,1577528,0.18057332932949066,1.0,0.009013086662051722,True,True,False,False,Found in isolated instrument folder,False,
Tabla,tabla,trital34.wav,Tabla\trital34.wav,.wav,WAV,44100,2,PCM_16,,8.192925170068028,361308,1445276,0.18701285123825073,1.0,0.00368937305567549,True,True,False,False,Found in isolated instrument folder,False,
Tabla,tabla,trital35.wav,Tabla\trital35.wav,.wav,WAV,44100,2,PCM_16,,8.258616780045351,364205,1456864,0.18169808387756348,1.0,0.004051289795582159,True,True,False,False,Found in isolated instrument folder,False,
Tabla,tabla,trital36.wav,Tabla\trital36.wav,.wav,WAV,44100,2,PCM_16,,9.07297052154195,400118,1600516,0.17413082718849182,1.0,0.01126542669912376,True,True,False,False,Found in isolated instrument folder,False,
Tabla,tabla,trital37.wav,Tabla\trital37.wav,.wav,WAV,44100,2,PCM_16,,8.902108843537414,392583,1570376,0.18161922693252563,1.0,0.00940565434570524,True,True,False,False,Found in isolated instrument folder,False,
Tabla,tabla,trital38.wav,Tabla\trital38.wav,.wav,WAV,44100,2,PCM_16,,9.078095238095239,400344,1601420,0.17272089421749115,1.0,0.009891493315748456,True,True,False,False,Found in isolated instrument folder,False,
Tabla,tabla,trital39.wav,Tabla\trital39.wav,.wav,WAV,44100,2,PCM_16,,8.794829931972789,387852,1551452,0.19755499064922333,1.0,0.0081874013799078,True,True,False,False,Found in isolated instrument folder,False,
Tabla,tabla,trital40.wav,Tabla\trital40.wav,.wav,WAV,44100,2,PCM_16,,8.322018140589568,367001,1468048,0.2014722228050232,1.0,0.0038010795610911143,True,True,False,False,Found in isolated instrument folder,False,
Tabla,tabla,trital41.wav,Tabla\trital41.wav,.wav,WAV,44100,2,PCM_16,,8.223242630385487,362645,1450624,0.20002658665180206,1.0,0.003235947000510141,True,True,False,False,Found in isolated instrument folder,False,
Tabla,tabla,trital42.wav,Tabla\trital42.wav,.wav,WAV,44100,2,PCM_16,,8.267142857142858,364581,1458368,0.1944579929113388,1.0,0.0035287082980188216,True,True,False,False,Found in isolated instrument folder,False,
Tabla,tabla,trital43.wav,Tabla\trital43.wav,.wav,WAV,44100,2,PCM_16,,9.072879818594105,400114,1600500,0.1812911033630371,1.0,0.010663210984869312,True,True,False,False,Found in isolated instrument folder,False,
Tabla,tabla,trital44.wav,Tabla\trital44.wav,.wav,WAV,44100,2,PCM_16,,8.287256235827664,365468,1461916,0.18676351010799408,1.0,0.003620015979511202,True,True,False,False,Found in isolated instrument folder,False,
Tabla,tabla,trital45.wav,Tabla\trital45.wav,.wav,WAV,44100,2,PCM_16,,8.267256235827665,364586,1458388,0.18925607204437256,1.0,0.0035602025310900584,True,True,False,False,Found in isolated instrument folder,False,
Tabla,tabla,trital46.wav,Tabla\trital46.wav,.wav,WAV,44100,2,PCM_16,,8.192222222222222,361277,1445152,0.18761903047561646,1.0,0.0035139242188127117,True,True,False,False,Found in isolated instrument folder,False,
Tabla,tabla,trital47.wav,Tabla\trital47.wav,.wav,WAV,44100,2,PCM_16,,8.171746031746032,360374,1441540,0.18197625875473022,1.0,0.0036364998584803563,True,True,False,False,Found in isolated instrument folder,False,
Tabla,tabla,trital48.wav,Tabla\trital48.wav,.wav,WAV,44100,2,PCM_16,,8.301133786848073,366080,1464364,0.18706554174423218,1.0,0.0027876420454545454,True,True,False,False,Found in isolated instrument folder,False,
Tabla,tabla,trital49.wav,Tabla\trital49.wav,.wav,WAV,44100,2,PCM_16,,9.032562358276644,398336,1593388,0.1772611141204834,1.0,0.009448053904241645,True,True,False,False,Found in isolated instrument folder,False,
Tabla,tabla,trital50.wav,Tabla\trital50.wav,.wav,WAV,44100,2,PCM_16,,9.287981859410431,409600,1638444,0.17606684565544128,1.0,0.01103271484375,True,True,False,False,Found in isolated instrument folder,False,
Tabla,tabla,trital51.wav,Tabla\trital51.wav,.wav,WAV,44100,2,PCM_16,,7.532789115646258,332196,1328828,0.19465355575084686,1.0,0.010821924406073522,True,True,False,False,Found in isolated instrument folder,False,
Tabla,tabla,trital52.wav,Tabla\trital52.wav,.wav,WAV,44100,2,PCM_16,,7.662585034013605,337920,1351724,0.18756629526615143,1.0,0.013084457859848485,True,True,False,False,Found in isolated instrument folder,False,
Tabla,tabla,trital53.wav,Tabla\trital53.wav,.wav,WAV,44100,2,PCM_16,,7.558095238095238,333312,1333292,0.18745240569114685,1.0,0.01073918730798771,True,True,False,False,Found in isolated instrument folder,False,
Tabla,tabla,trital54.wav,Tabla\trital54.wav,.wav,WAV,44100,2,PCM_16,,7.572607709750567,333952,1335852,0.19203811883926392,1.0,0.012241280183978536,True,True,False,False,Found in isolated instrument folder,False,
Tabla,tabla,trital55.wav,Tabla\trital55.wav,.wav,WAV,44100,2,PCM_16,,6.651814058956916,293345,1173424,0.19665761291980743,1.0,0.0037805314561352673,True,True,False,False,Found in isolated instrument folder,False,
Tabla,tabla,trital56.wav,Tabla\trital56.wav,.wav,WAV,44100,2,PCM_16,,7.2523356009070294,319828,1279356,0.19192847609519958,1.0,0.009608289455582375,True,True,False,False,Found in isolated instrument folder,False,
Tabla,tabla,trital57.wav,Tabla\trital57.wav,.wav,WAV,44100,2,PCM_16,,6.624875283446712,292157,1168672,0.204137921333313,1.0,0.0035665755056356685,True,True,False,False,Found in isolated instrument folder,False,
Tabla,tabla,trital58.wav,Tabla\trital58.wav,.wav,WAV,44100,2,PCM_16,,6.544852607709751,288628,1154556,0.19643045961856842,1.0,0.002782127860082875,True,True,False,False,Found in isolated instrument folder,False,
Tabla,tabla,trital59.wav,Tabla\trital59.wav,.wav,WAV,44100,2,PCM_16,,6.716394557823129,296193,1184816,0.21640104055404663,1.0,0.004260735398878434,True,True,False,False,Found in isolated instrument folder,False,
Tabla,tabla,trital60.wav,Tabla\trital60.wav,.wav,WAV,44100,2,PCM_16,,6.652312925170068,293367,1173512,0.21814322471618652,1.0,0.003446195379848449,True,True,False,False,Found in isolated instrument folder,False,
Tabla,tabla,trital61.wav,Tabla\trital61.wav,.wav,WAV,44100,2,PCM_16,,6.658820861678005,293654,1174660,0.2125111222267151,1.0,0.0036420413139272747,True,True,False,False,Found in isolated instrument folder,False,
Tabla,tabla,trital62.wav,Tabla\trital62.wav,.wav,WAV,44100,2,PCM_16,,6.669342403628118,294118,1176516,0.210290789604187,1.0,0.0038776953467655837,True,True,False,False,Found in isolated instrument folder,False,
Tabla,tabla,trital63.wav,Tabla\trital63.wav,.wav,WAV,44100,2,PCM_16,,6.674625850340136,294351,1177448,0.20327121019363403,1.0,0.003823666303155077,True,True,False,False,Found in isolated instrument folder,False,
Tabla,tabla,trital64.wav,Tabla\trital64.wav,.wav,WAV,44100,2,PCM_16,,7.476281179138322,329704,1318860,0.1931411325931549,1.0,0.009560090262781162,True,True,False,False,Found in isolated instrument folder,False,
Tabla,tabla,trital65.wav,Tabla\trital65.wav,.wav,WAV,44100,2,PCM_16,,6.692947845804989,295159,1180680,0.20730865001678467,1.0,0.00374882690346559,True,True,False,False,Found in isolated instrument folder,False,
Tabla,tabla,trital66.wav,Tabla\trital66.wav,.wav,WAV,44100,2,PCM_16,,6.659614512471656,293689,1174800,0.20363906025886536,1.0,0.0034509293844849484,True,True,False,False,Found in isolated instrument folder,False,
Tabla,tabla,trital67.wav,Tabla\trital67.wav,.wav,WAV,44100,2,PCM_16,,7.5724943310657595,333947,1335832,0.182464599609375,1.0,0.012635238525873867,True,True,False,False,Found in isolated instrument folder,False,
Tabla,tabla,trital68.wav,Tabla\trital68.wav,.wav,WAV,44100,2,PCM_16,,6.6611337868480724,293756,1175068,0.2017916738986969,1.0,0.003831411103092362,True,True,False,False,Found in isolated instrument folder,False,
Tabla,tabla,trital69.wav,Tabla\trital69.wav,.wav,WAV,44100,2,PCM_16,,6.698684807256236,295412,1181692,0.20584674179553986,1.0,0.004026579827495159,True,True,False,False,Found in isolated instrument folder,False,
Tabla,tabla,trital70.wav,Tabla\trital70.wav,.wav,WAV,44100,2,PCM_16,,6.629297052154195,292352,1169452,0.20052386820316315,1.0,0.004214098073555167,True,True,False,False,Found in isolated instrument folder,False,
Tabla,tabla,trital71.wav,Tabla\trital71.wav,.wav,WAV,44100,2,PCM_16,,5.035328798185941,222058,888276,0.22560109198093414,1.0,0.003762530510046925,True,True,False,False,Found in isolated instrument folder,False,
Tabla,tabla,trital72.wav,Tabla\trital72.wav,.wav,WAV,44100,2,PCM_16,,5.999614512471656,264583,1058376,0.20182578265666962,1.0,0.015480964385466943,True,True,False,False,Found in isolated instrument folder,False,
Tabla,tabla,trital73.wav,Tabla\trital73.wav,.wav,WAV,44100,2,PCM_16,,5.937845804988662,261859,1047480,0.2002866119146347,1.0,0.014507807636934381,True,True,False,False,Found in isolated instrument folder,False,
Tabla,tabla,trital74.wav,Tabla\trital74.wav,.wav,WAV,44100,2,PCM_16,,5.1140589569161,225530,902164,0.21662931144237518,1.0,0.004946126901077462,True,True,False,False,Found in isolated instrument folder,False,
Tabla,tabla,trital76.wav,Tabla\trital76.wav,.wav,WAV,44100,2,PCM_16,,5.1210657596371885,225839,903400,0.21343539655208588,1.0,0.004996922586444325,True,True,False,False,Found in isolated instrument folder,False,
Tabla,tabla,trital77.wav,Tabla\trital77.wav,.wav,WAV,44100,2,PCM_16,,5.939024943310658,261911,1047688,0.19855859875679016,1.0,0.015079549923447278,True,True,False,False,Found in isolated instrument folder,False,
Tabla,tabla,trital78.wav,Tabla\trital78.wav,.wav,WAV,44100,2,PCM_16,,5.5495691609977325,244736,978988,0.2104869931936264,1.0,0.011220253661087866,True,True,False,False,Found in isolated instrument folder,False,
Tabla,tabla,trital79.wav,Tabla\trital79.wav,.wav,WAV,44100,2,PCM_16,,5.825555555555556,256907,1027672,0.1988239884376526,1.0,0.013172081726072081,True,True,False,False,Found in isolated instrument folder,False,
Tabla,tabla,trital80.wav,Tabla\trital80.wav,.wav,WAV,44100,2,PCM_16,,5.083605442176871,224187,896792,0.23997007310390472,1.0,0.004783952682358924,True,True,False,False,Found in isolated instrument folder,False,
Tabla,tabla,trital81.wav,Tabla\trital81.wav,.wav,WAV,44100,2,PCM_16,,5.050340136054421,222720,890924,0.23514345288276672,1.0,0.004680765086206897,True,True,False,False,Found in isolated instrument folder,False,
Tabla,tabla,trital82.wav,Tabla\trital82.wav,.wav,WAV,44100,2,PCM_16,,5.995578231292517,264405,1057664,0.21231848001480103,1.0,0.01472740681908436,True,True,False,False,Found in isolated instrument folder,False,
Tabla,tabla,trital83.wav,Tabla\trital83.wav,.wav,WAV,44100,2,PCM_16,,5.122494331065759,225902,903652,0.2278444766998291,1.0,0.004526299014616958,True,True,False,False,Found in isolated instrument folder,False,
Tabla,tabla,trital84.wav,Tabla\trital84.wav,.wav,WAV,44100,2,PCM_16,,5.659365079365079,249578,998356,0.20829631388187408,1.0,0.010994558815280194,True,True,False,False,Found in isolated instrument folder,False,
Tabla,tabla,trital85.wav,Tabla\trital85.wav,.wav,WAV,44100,2,PCM_16,,5.116848072562358,225653,902656,0.2240992933511734,1.0,0.005309036440907056,True,True,False,False,Found in isolated instrument folder,False,
Tabla,tabla,trital86.wav,Tabla\trital86.wav,.wav,WAV,44100,2,PCM_16,,5.106802721088435,225210,900884,0.2220214456319809,1.0,0.0042804493583766265,True,True,False,False,Found in isolated instrument folder,False,
Tabla,tabla,trital87.wav,Tabla\trital87.wav,.wav,WAV,44100,2,PCM_16,,5.107482993197279,225240,901004,0.21803408861160278,1.0,0.005105665068371515,True,True,False,False,Found in isolated instrument folder,False,
Tabla,tabla,trital88.wav,Tabla\trital88.wav,.wav,WAV,44100,2,PCM_16,,5.088185941043084,224389,897600,0.21810182929039001,1.0,0.0042671432200330674,True,True,False,False,Found in isolated instrument folder,False,
Tabla,tabla,trital89.wav,Tabla\trital89.wav,.wav,WAV,44100,2,PCM_16,,6.104331065759637,269201,1076848,0.1915227174758911,1.0,0.015906330214226546,True,True,False,False,Found in isolated instrument folder,False,
Tabla,tabla,trital90.wav,Tabla\trital90.wav,.wav,WAV,44100,2,PCM_16,,5.0836961451247165,224191,896808,0.22013187408447266,1.0,0.004614368997863429,True,True,False,False,Found in isolated instrument folder,False,
Tabla,tabla,trital91.wav,Tabla\trital91.wav,.wav,WAV,44100,2,PCM_16,,5.06124716553288,223201,892848,0.21474024653434753,1.0,0.004863329465369779,True,True,False,False,Found in isolated instrument folder,False,
Tabla,tabla,trital92.wav,Tabla\trital92.wav,.wav,WAV,44100,2,PCM_16,,4.559637188208617,201080,804364,0.16673149168491364,1.0,0.003958623433459319,True,True,False,False,Found in isolated instrument folder,False,
Tabla,tabla,trital93.wav,Tabla\trital93.wav,.wav,WAV,44100,2,PCM_16,,4.555147392290249,200882,803572,0.16814883053302765,1.0,0.0036364631972999072,True,True,False,False,Found in isolated instrument folder,False,
Tabla,tabla,trital94.wav,Tabla\trital94.wav,.wav,WAV,44100,2,PCM_16,,4.608185941043084,203221,812928,0.16880345344543457,1.0,0.004431136545927832,True,True,False,False,Found in isolated instrument folder,False,
Tabla,tabla,trital95.wav,Tabla\trital95.wav,.wav,WAV,44100,2,PCM_16,,4.596031746031746,202685,810784,0.16691987216472626,1.0,0.003636184226755803,True,True,False,False,Found in isolated instrument folder,False,
Tabla,tabla,trital96.wav,Tabla\trital96.wav,.wav,WAV,44100,2,PCM_16,,4.556303854875283,200933,803776,0.15664851665496826,1.0,0.0023664604619450264,True,True,False,False,Found in isolated instrument folder,False,
Tabla,tabla,trital97.wav,Tabla\trital97.wav,.wav,WAV,44100,2,PCM_16,,4.517528344671202,199223,796936,0.1607486605644226,1.0,0.0031673049798467043,True,True,False,False,Found in isolated instrument folder,False,
Tabla,tabla,trital98.wav,Tabla\trital98.wav,.wav,WAV,44100,2,PCM_16,,4.589410430839003,202393,809616,0.16104528307914734,1.0,0.0035969623455356656,True,True,False,False,Found in isolated instrument folder,False,
Tabla,tabla,trital99.wav,Tabla\trital99.wav,.wav,WAV,44100,2,PCM_16,,4.587392290249433,202304,809260,0.1571582853794098,0.999969482421875,0.00368751977222398,True,True,False,False,Found in isolated instrument folder,False,
Tabla,tabla,RMA_28.wav,Tabla\4way-tabla-ismir21-dataset\train\audios\RMA_28.wav,.wav,WAV,16000,1,PCM_16,,18.35725,293716,587476,0.024623971432447433,0.689910888671875,0.026083018970706397,True,True,False,False,Found in isolated instrument folder,False,
Tabla,tabla,T7_Tukuda_05.wav,Tabla\4way-tabla-ismir21-dataset\train\audios\T7_Tukuda_05.wav,.wav,WAV,16000,1,PCM_16,,5.4294375,86871,173786,0.11793762445449829,0.941986083984375,0.0018533227429176596,True,True,False,False,Found in isolated instrument folder,False,
Tabla,tabla,RMA_5.wav,Tabla\4way-tabla-ismir21-dataset\train\audios\RMA_5.wav,.wav,WAV,16000,1,PCM_16,,16.9090625,270545,541134,0.020810872316360474,0.637664794921875,0.06405588719067068,True,True,False,False,Found in isolated instrument folder,False,
Tabla,tabla,AHK_solo-tintal-7.wav,Tabla\4way-tabla-ismir21-dataset\train\audios\AHK_solo-tintal-7.wav,.wav,WAV,16000,1,PCM_16,,37.1773125,594837,1189718,0.16301488876342773,0.974212646484375,0.0013264137906687041,True,True,False,False,Found in isolated instrument folder,False,
Tabla,tabla,AS_comp116_t.wav,Tabla\4way-tabla-ismir21-dataset\train\audios\AS_comp116_t.wav,.wav,WAV,16000,1,FLOAT,,12.4375,199000,796058,0.018993008881807327,0.22376418113708496,0.017748743718592964,True,True,False,False,Found in isolated instrument folder,False,
Tabla,tabla,RMA_25.wav,Tabla\4way-tabla-ismir21-dataset\train\audios\RMA_25.wav,.wav,WAV,16000,1,PCM_16,,19.1535625,306457,612958,0.02611647918820381,0.691497802734375,0.02534450183875715,True,True,False,False,Found in isolated instrument folder,False,
Tabla,tabla,T4_Pur_01.wav,Tabla\4way-tabla-ismir21-dataset\train\audios\T4_Pur_01.wav,.wav,WAV,16000,1,PCM_16,,6.7799375,108479,217002,0.12033573538064957,0.9923095703125,0.002092570912342481,True,True,False,False,Found in isolated instrument folder,False,
Tabla,tabla,T4_Dli_05.wav,Tabla\4way-tabla-ismir21-dataset\train\audios\T4_Dli_05.wav,.wav,WAV,16000,1,PCM_16,,7.2334375,115735,231514,0.17371121048927307,0.936859130859375,0.001166457856309673,True,True,False,False,Found in isolated instrument folder,False,
Tabla,tabla,RMA_16.wav,Tabla\4way-tabla-ismir21-dataset\train\audios\RMA_16.wav,.wav,WAV,16000,1,PCM_16,,19.41125,310580,621204,0.025235477834939957,0.7958984375,0.021762508854401442,True,True,False,False,Found in isolated instrument folder,False,
Tabla,tabla,T4_Dli_04.wav,Tabla\4way-tabla-ismir21-dataset\train\audios\T4_Dli_04.wav,.wav,WAV,16000,1,PCM_16,,10.7541875,172067,344178,0.15033435821533203,0.964324951171875,0.0028593512992032173,True,True,False,False,Found in isolated instrument folder,False,
Tabla,tabla,RMA_12.wav,Tabla\4way-tabla-ismir21-dataset\train\audios\RMA_12.wav,.wav,WAV,16000,1,PCM_16,,17.64425,282308,564660,0.02459041029214859,0.6163330078125,0.1049208665712626,True,True,False,False,Found in isolated instrument folder,False,
Tabla,tabla,T7_GAT_01.wav,Tabla\4way-tabla-ismir21-dataset\train\audios\T7_GAT_01.wav,.wav,WAV,16000,1,PCM_16,,45.3746875,725995,1452034,0.18365512788295746,0.98150634765625,0.0013801747945922493,True,True,False,False,Found in isolated instrument folder,False,
Tabla,tabla,T5_Luc_03.wav,Tabla\4way-tabla-ismir21-dataset\train\audios\T5_Luc_03.wav,.wav,WAV,16000,1,PCM_16,,10.9844375,175751,351546,0.21713918447494507,0.880035400390625,0.0010241762493527775,True,True,False,False,Found in isolated instrument folder,False,
Tabla,tabla,T4_Tukuda_02.wav,Tabla\4way-tabla-ismir21-dataset\train\audios\T4_Tukuda_02.wav,.wav,WAV,16000,1,PCM_16,,5.0581875,80931,161906,0.13111691176891327,0.818145751953125,0.0014333197415081983,True,True,False,False,Found in isolated instrument folder,False,
Tabla,tabla,RMA_14.wav,Tabla\4way-tabla-ismir21-dataset\train\audios\RMA_14.wav,.wav,WAV,16000,1,PCM_16,,10.81175,172988,346020,0.022014757618308067,0.62554931640625,0.02577057368141143,True,True,False,False,Found in isolated instrument folder,False,
Tabla,tabla,KB_7.wav,Tabla\4way-tabla-ismir21-dataset\train\audios\KB_7.wav,.wav,WAV,16000,1,PCM_16,,11.9383125,191013,382070,0.13454890251159668,0.999969482421875,0.0019003942140063766,True,True,False,False,Found in isolated instrument folder,False,
Tabla,tabla,T4_Drut_03.wav,Tabla\4way-tabla-ismir21-dataset\train\audios\T4_Drut_03.wav,.wav,WAV,16000,1,PCM_16,,5.303125,84850,169744,0.114082932472229,0.99993896484375,0.0024395992928697703,True,True,False,False,Found in isolated instrument folder,False,
Tabla,tabla,SK_ektaal_vilambit.wav,Tabla\4way-tabla-ismir21-dataset\train\audios\SK_ektaal_vilambit.wav,.wav,WAV,16000,1,PCM_16,,26.863625,429818,859680,0.11170101910829544,0.9326171875,0.01577179178163781,True,True,False,False,Found in isolated instrument folder,False,
Tabla,tabla,T7_TAA5_02.wav,Tabla\4way-tabla-ismir21-dataset\train\audios\T7_TAA5_02.wav,.wav,WAV,16000,1,PCM_16,,24.204875,387278,774600,0.15262724459171295,0.999969482421875,0.0022257912920434415,True,True,False,False,Found in isolated instrument folder,False,
Tabla,tabla,KB_17.wav,Tabla\4way-tabla-ismir21-dataset\train\audios\KB_17.wav,.wav,WAV,16000,1,PCM_16,,4.795125,76722,153488,0.1518767923116684,0.999969482421875,0.002789291207215662,True,True,False,False,Found in isolated instrument folder,False,
Tabla,tabla,T4_Gat_04.wav,Tabla\4way-tabla-ismir21-dataset\train\audios\T4_Gat_04.wav,.wav,WAV,16000,1,PCM_16,,10.8418125,173469,346982,0.16834478080272675,0.939697265625,0.001302826441612046,True,True,False,False,Found in isolated instrument folder,False,
Tabla,tabla,T4_Gat_pra_01.wav,Tabla\4way-tabla-ismir21-dataset\train\audios\T4_Gat_pra_01.wav,.wav,WAV,16000,1,PCM_16,,5.2400625,83841,167726,0.18263059854507446,0.99993896484375,0.0023854677305852746,True,True,False,False,Found in isolated instrument folder,False,
Tabla,tabla,PP_comp5_t.wav,Tabla\4way-tabla-ismir21-dataset\train\audios\PP_comp5_t.wav,.wav,WAV,16000,1,PCM_16,,18.0685625,289097,578238,0.0557510107755661,0.649078369140625,0.003286094286692702,True,True,False,False,Found in isolated instrument folder,False,
Tabla,tabla,T7_Jap_Tukuda_03.wav,Tabla\4way-tabla-ismir21-dataset\train\audios\T7_Jap_Tukuda_03.wav,.wav,WAV,16000,1,PCM_16,,5.3201875,85123,170290,0.09836166352033615,0.82330322265625,0.003230619221596983,True,True,False,False,Found in isolated instrument folder,False,
Tabla,tabla,SM_kayda_1.wav,Tabla\4way-tabla-ismir21-dataset\train\audios\SM_kayda_1.wav,.wav,WAV,16000,1,PCM_16,,170.2795,2724472,5448988,0.16154024004936218,0.999969482421875,0.0018172328436482372,True,True,False,False,Found in isolated instrument folder,False,
Tabla,tabla,KB_10.wav,Tabla\4way-tabla-ismir21-dataset\train\audios\KB_10.wav,.wav,WAV,16000,1,PCM_16,,127.9343125,2046949,4093942,0.12677769362926483,0.999969482421875,0.005096853903052787,True,True,False,False,Found in isolated instrument folder,False,
Tabla,tabla,T7_Fur_02.wav,Tabla\4way-tabla-ismir21-dataset\train\audios\T7_Fur_02.wav,.wav,WAV,16000,1,PCM_16,,9.498375,151974,303992,0.12207438796758652,0.91424560546875,0.001783199757853317,True,True,False,False,Found in isolated instrument folder,False,
Tabla,tabla,T5_Dli_03.wav,Tabla\4way-tabla-ismir21-dataset\train\audios\T5_Dli_03.wav,.wav,WAV,16000,1,PCM_16,,7.3534375,117655,235354,0.23373295366764069,0.985137939453125,0.0005949598402107858,True,True,False,False,Found in isolated instrument folder,False,
Tabla,tabla,KB_13.wav,Tabla\4way-tabla-ismir21-dataset\train\audios\KB_13.wav,.wav,WAV,16000,1,PCM_16,,9.611375,153782,307608,0.15538816154003143,0.999969482421875,0.0015866616379030057,True,True,False,False,Found in isolated instrument folder,False,
Tabla,tabla,T7_Pur_02.wav,Tabla\4way-tabla-ismir21-dataset\train\audios\T7_Pur_02.wav,.wav,WAV,16000,1,PCM_16,,6.74025,107844,215732,0.10776744782924652,0.918243408203125,0.0022718000074181226,True,True,False,False,Found in isolated instrument folder,False,
Tabla,tabla,KB_4.wav,Tabla\4way-tabla-ismir21-dataset\train\audios\KB_4.wav,.wav,WAV,16000,1,PCM_16,,12.6788125,202861,405766,0.10539022088050842,0.999969482421875,0.003534439838115754,True,True,False,False,Found in isolated instrument folder,False,
Tabla,tabla,AS_comp105_t.wav,Tabla\4way-tabla-ismir21-dataset\train\audios\AS_comp105_t.wav,.wav,WAV,16000,1,FLOAT,,16.9616875,271387,1085606,0.016981201246380806,0.16388976573944092,0.0227203219019334,True,True,False,False,Found in isolated instrument folder,False,
Tabla,tabla,SK_teentaal_drut.wav,Tabla\4way-tabla-ismir21-dataset\train\audios\SK_teentaal_drut.wav,.wav,WAV,16000,1,PCM_16,,11.8636875,189819,379682,0.14747680723667145,0.918701171875,0.008060310084870324,True,True,False,False,Found in isolated instrument folder,False,
Tabla,tabla,T4_Luc_02.wav,Tabla\4way-tabla-ismir21-dataset\train\audios\T4_Luc_02.wav,.wav,WAV,16000,1,PCM_16,,10.7071875,171315,342674,0.20493735373020172,1.0,0.0014301141172693575,True,True,False,False,Found in isolated instrument folder,False,
Tabla,tabla,T7_Jap_Tukuda_01.wav,Tabla\4way-tabla-ismir21-dataset\train\audios\T7_Jap_Tukuda_01.wav,.wav,WAV,16000,1,PCM_16,,5.441125,87058,174160,0.11380656063556671,0.80023193359375,0.0030784074984493096,True,True,False,False,Found in isolated instrument folder,False,
Tabla,tabla,SK_comp_7.wav,Tabla\4way-tabla-ismir21-dataset\train\audios\SK_comp_7.wav,.wav,WAV,16000,1,PCM_16,,23.62025,377924,755892,0.13273712992668152,0.92449951171875,0.009015040060964638,True,True,False,False,Found in isolated instrument folder,False,
Tabla,tabla,T4_Luc_04.wav,Tabla\4way-tabla-ismir21-dataset\train\audios\T4_Luc_04.wav,.wav,WAV,16000,1,PCM_16,,11.2145625,179433,358910,0.18230608105659485,0.8792724609375,0.001911577023178568,True,True,False,False,Found in isolated instrument folder,False,
Tabla,tabla,AHK_solo-tintal-1.wav,Tabla\4way-tabla-ismir21-dataset\train\audios\AHK_solo-tintal-1.wav,.wav,WAV,16000,1,PCM_16,,66.532,1064512,2129068,0.14350897073745728,0.965087890625,0.00934043016894126,True,True,False,False,Found in isolated instrument folder,False,
Tabla,tabla,AS_comp112_t.wav,Tabla\4way-tabla-ismir21-dataset\train\audios\AS_comp112_t.wav,.wav,WAV,16000,1,FLOAT,,24.5250625,392401,1569662,0.01740126870572567,0.21618252992630005,0.015639613558579107,True,True,False,False,Found in isolated instrument folder,False,
Tabla,tabla,SK_ektaal_drut.wav,Tabla\4way-tabla-ismir21-dataset\train\audios\SK_ektaal_drut.wav,.wav,WAV,16000,1,PCM_16,,9.05725,144916,289876,0.13065765798091888,0.921966552734375,0.008653288801788622,True,True,False,False,Found in isolated instrument folder,False,
Tabla,tabla,T4_Tukuda_Japh_05.wav,Tabla\4way-tabla-ismir21-dataset\train\audios\T4_Tukuda_Japh_05.wav,.wav,WAV,16000,1,PCM_16,,6.5616875,104987,210018,0.09639548510313034,0.790252685546875,0.0019049977616276302,True,True,False,False,Found in isolated instrument folder,False,
Tabla,tabla,T4_Drut_02.wav,Tabla\4way-tabla-ismir21-dataset\train\audios\T4_Drut_02.wav,.wav,WAV,16000,1,PCM_16,,6.50275,104044,208132,0.16610416769981384,0.999969482421875,0.0014993656529929645,True,True,False,False,Found in isolated instrument folder,False,
Tabla,tabla,PP_comp19_t.wav,Tabla\4way-tabla-ismir21-dataset\train\audios\PP_comp19_t.wav,.wav,WAV,16000,1,PCM_16,,28.123625,449978,900000,0.07458982616662979,0.999969482421875,0.00874042730977959,True,True,False,False,Found in isolated instrument folder,False,
Tabla,tabla,KB_24.wav,Tabla\4way-tabla-ismir21-dataset\train\audios\KB_24.wav,.wav,WAV,16000,1,PCM_16,,46.9974375,751959,1503962,0.09394703805446625,0.78680419921875,0.00838875523798505,True,True,False,False,Found in isolated instrument folder,False,
Tabla,tabla,SK_uthan_1.wav,Tabla\4way-tabla-ismir21-dataset\train\audios\SK_uthan_1.wav,.wav,WAV,16000,1,PCM_16,,34.7344375,555751,1111546,0.13906045258045197,0.95770263671875,0.005685999665317742,True,True,False,False,Found in isolated instrument folder,False,
Tabla,tabla,T4_Tukuda_Japh_02.wav,Tabla\4way-tabla-ismir21-dataset\train\audios\T4_Tukuda_Japh_02.wav,.wav,WAV,16000,1,PCM_16,,5.7931875,92691,185426,0.1267462521791458,0.949981689453125,0.002578459613123173,True,True,False,False,Found in isolated instrument folder,False,
Tabla,tabla,SK_teentaal_punjabi.wav,Tabla\4way-tabla-ismir21-dataset\train\audios\SK_teentaal_punjabi.wav,.wav,WAV,16000,1,PCM_16,,21.3453125,341525,683094,0.12743501365184784,0.927490234375,0.011928848546958495,True,True,False,False,Found in isolated instrument folder,False,
Tabla,tabla,RMA_9.wav,Tabla\4way-tabla-ismir21-dataset\train\audios\RMA_9.wav,.wav,WAV,16000,1,PCM_16,,17.575875,281214,562472,0.023440899327397346,0.583221435546875,0.10804227385549794,True,True,False,False,Found in isolated instrument folder,False,
Tabla,tabla,RMA_10.wav,Tabla\4way-tabla-ismir21-dataset\train\audios\RMA_10.wav,.wav,WAV,16000,1,PCM_16,,17.19975,275196,550436,0.022008141502738,0.64410400390625,0.0824975653715897,True,True,False,False,Found in isolated instrument folder,False,
Tabla,tabla,AHK_solo-tintal-4.wav,Tabla\4way-tabla-ismir21-dataset\train\audios\AHK_solo-tintal-4.wav,.wav,WAV,16000,1,PCM_16,,45.52325,728372,1456788,0.16137267649173737,0.999969482421875,0.0013358558538768652,True,True,False,False,Found in isolated instrument folder,False,
Tabla,tabla,KB_19.wav,Tabla\4way-tabla-ismir21-dataset\train\audios\KB_19.wav,.wav,WAV,16000,1,PCM_16,,33.619625,537914,1075872,0.15809693932533264,0.999969482421875,0.0027383559453741674,True,True,False,False,Found in isolated instrument folder,False,
Tabla,tabla,T4_Gat_05.wav,Tabla\4way-tabla-ismir21-dataset\train\audios\T4_Gat_05.wav,.wav,WAV,16000,1,PCM_16,,11.223,179568,359180,0.16074524819850922,0.87158203125,0.0014033680834001604,True,True,False,False,Found in isolated instrument folder,False,
Tabla,tabla,T4_Pur_03.wav,Tabla\4way-tabla-ismir21-dataset\train\audios\T4_Pur_03.wav,.wav,WAV,16000,1,PCM_16,,6.5878125,105405,210854,0.12134675681591034,0.98846435546875,0.0029410369527062283,True,True,False,False,Found in isolated instrument folder,False,
Tabla,tabla,AS_comp101_t.wav,Tabla\4way-tabla-ismir21-dataset\train\audios\AS_comp101_t.wav,.wav,WAV,16000,1,FLOAT,,19.65,314400,1257658,0.015416807495057583,0.18157649040222168,0.017201017811704834,True,True,False,False,Found in isolated instrument folder,False,
Tabla,tabla,PP_comp17_t.wav,Tabla\4way-tabla-ismir21-dataset\train\audios\PP_comp17_t.wav,.wav,WAV,16000,1,PCM_16,,16.1533125,258453,516950,0.0639590471982956,0.999969482421875,0.008016931511725537,True,True,False,False,Found in isolated instrument folder,False,
Tabla,tabla,RMA_0.wav,Tabla\4way-tabla-ismir21-dataset\train\audios\RMA_0.wav,.wav,WAV,16000,1,PCM_16,,18.3281875,293251,586546,0.018225017935037613,0.342315673828125,0.10945913227917381,True,True,False,False,Found in isolated instrument folder,False,
Tabla,tabla,AS_comp108_t.wav,Tabla\4way-tabla-ismir21-dataset\train\audios\AS_comp108_t.wav,.wav,WAV,16000,1,FLOAT,,14.527,232432,929786,0.016582613810896873,0.2036914825439453,0.01691247332553177,True,True,False,False,Found in isolated instrument folder,False,
Tabla,tabla,T5_Luc_05.wav,Tabla\4way-tabla-ismir21-dataset\train\audios\T5_Luc_05.wav,.wav,WAV,16000,1,PCM_16,,10.8809375,174095,348234,0.2383171170949936,0.953765869140625,0.0006548148999109681,True,True,False,False,Found in isolated instrument folder,False,
Tabla,tabla,AS_comp102_t.wav,Tabla\4way-tabla-ismir21-dataset\train\audios\AS_comp102_t.wav,.wav,WAV,16000,1,FLOAT,,23.2096875,371355,1485478,0.013881090097129345,0.21911978721618652,0.022372123709119306,True,True,False,False,Found in isolated instrument folder,False,
Tabla,tabla,RMA_11.wav,Tabla\4way-tabla-ismir21-dataset\train\audios\RMA_11.wav,.wav,WAV,16000,1,PCM_16,,16.5500625,264801,529646,0.025492271408438683,0.635650634765625,0.07532826537664132,True,True,False,False,Found in isolated instrument folder,False,
Tabla,tabla,PP_comp11_t.wav,Tabla\4way-tabla-ismir21-dataset\train\audios\PP_comp11_t.wav,.wav,WAV,16000,1,PCM_16,,13.4336875,214939,429922,0.05690151825547218,0.766326904296875,0.0035731067884376497,True,True,False,False,Found in isolated instrument folder,False,
Tabla,tabla,KB_14.wav,Tabla\4way-tabla-ismir21-dataset\train\audios\KB_14.wav,.wav,WAV,16000,1,PCM_16,,9.6,153600,307244,0.13236546516418457,0.999969482421875,0.00134765625,True,True,False,False,Found in isolated instrument folder,False,
Tabla,tabla,SM_chakradhar.wav,Tabla\4way-tabla-ismir21-dataset\train\audios\SM_chakradhar.wav,.wav,WAV,16000,1,PCM_16,,34.4795,551672,1103388,0.13843585550785065,0.999969482421875,0.005659159790600212,True,True,False,False,Found in isolated instrument folder,False,
Tabla,tabla,T7_Tukuda_03.wav,Tabla\4way-tabla-ismir21-dataset\train\audios\T7_Tukuda_03.wav,.wav,WAV,16000,1,PCM_16,,5.3404375,85447,170938,0.10917804390192032,0.929473876953125,0.003089634510281227,True,True,False,False,Found in isolated instrument folder,False,
Tabla,tabla,RMA_7.wav,Tabla\4way-tabla-ismir21-dataset\train\audios\RMA_7.wav,.wav,WAV,16000,1,PCM_16,,17.593,281488,563020,0.02230263687670231,0.58233642578125,0.10613951571647814,True,True,False,False,Found in isolated instrument folder,False,
Tabla,tabla,PP_comp80_t.wav,Tabla\4way-tabla-ismir21-dataset\train\audios\PP_comp80_t.wav,.wav,WAV,16000,1,PCM_16,,25.7064375,411303,822650,0.0533016063272953,0.882781982421875,0.011203419376955674,True,True,False,False,Found in isolated instrument folder,False,
Tabla,tabla,T4_Tukuda_Ben_01.wav,Tabla\4way-tabla-ismir21-dataset\train\audios\T4_Tukuda_Ben_01.wav,.wav,WAV,16000,1,PCM_16,,7.72825,123652,247348,0.1352790892124176,0.839691162109375,0.0013586516999320674,True,True,False,False,Found in isolated instrument folder,False,
Tabla,tabla,T4_Pur_02.wav,Tabla\4way-tabla-ismir21-dataset\train\audios\T4_Pur_02.wav,.wav,WAV,16000,1,PCM_16,,6.675875,106814,213672,0.11817466467618942,1.0,0.002069017170033891,True,True,False,False,Found in isolated instrument folder,False,
Tabla,tabla,SK_teentaal.wav,Tabla\4way-tabla-ismir21-dataset\train\audios\SK_teentaal.wav,.wav,WAV,16000,1,PCM_16,,21.638125,346210,692464,0.12606434524059296,0.925048828125,0.008139568470003754,True,True,False,False,Found in isolated instrument folder,False,
Tabla,tabla,SK_dadra.wav,Tabla\4way-tabla-ismir21-dataset\train\audios\SK_dadra.wav,.wav,WAV,16000,1,PCM_16,,9.988375,159814,319672,0.11741174012422562,0.92498779296875,0.013083960103620458,True,True,False,False,Found in isolated instrument folder,False,
Tabla,tabla,PP_comp9_t.wav,Tabla\4way-tabla-ismir21-dataset\train\audios\PP_comp9_t.wav,.wav,WAV,16000,1,PCM_16,,17.4774375,279639,559322,0.05697859823703766,0.50970458984375,0.004409256219626018,True,True,False,False,Found in isolated instrument folder,False,
Tabla,tabla,T4_Gat_03.wav,Tabla\4way-tabla-ismir21-dataset\train\audios\T4_Gat_03.wav,.wav,WAV,16000,1,PCM_16,,10.88875,174220,348484,0.1838787943124771,0.8902587890625,0.0011766731718516818,True,True,False,False,Found in isolated instrument folder,False,
Tabla,tabla,T4_Vilambit_01.wav,Tabla\4way-tabla-ismir21-dataset\train\audios\T4_Vilambit_01.wav,.wav,WAV,16000,1,PCM_16,,14.8685625,237897,475838,0.10909930616617203,0.999908447265625,0.0035645678591995694,True,True,False,False,Found in isolated instrument folder,False,
Tabla,tabla,T4_Drut_01.wav,Tabla\4way-tabla-ismir21-dataset\train\audios\T4_Drut_01.wav,.wav,WAV,16000,1,PCM_16,,6.0375,96600,193244,0.14515066146850586,0.999969482421875,0.0012836438923395446,True,True,False,False,Found in isolated instrument folder,False,
Tabla,tabla,PP_comp28_t.wav,Tabla\4way-tabla-ismir21-dataset\train\audios\PP_comp28_t.wav,.wav,WAV,16000,1,PCM_16,,14.1856875,226971,453986,0.05242638289928436,0.953460693359375,0.004229615237188892,True,True,False,False,Found in isolated instrument folder,False,
Tabla,tabla,PP_comp86_t.wav,Tabla\4way-tabla-ismir21-dataset\train\audios\PP_comp86_t.wav,.wav,WAV,16000,1,PCM_16,,14.0533125,224853,449750,0.04782069846987724,0.821136474609375,0.01027782595740328,True,True,False,False,Found in isolated instrument folder,False,
Tabla,tabla,RMA_13.wav,Tabla\4way-tabla-ismir21-dataset\train\audios\RMA_13.wav,.wav,WAV,16000,1,PCM_16,,19.26875,308300,616644,0.017190370708703995,0.610595703125,0.04478430100551411,True,True,False,False,Found in isolated instrument folder,False,
Tabla,tabla,T7_TAA5_01.wav,Tabla\4way-tabla-ismir21-dataset\train\audios\T7_TAA5_01.wav,.wav,WAV,16000,1,PCM_16,,39.4690625,631505,1263054,0.15327325463294983,0.999969482421875,0.0015312626186649353,True,True,False,False,Found in isolated instrument folder,False,
Tabla,tabla,AS_comp107_t.wav,Tabla\4way-tabla-ismir21-dataset\train\audios\AS_comp107_t.wav,.wav,WAV,16000,1,FLOAT,,17.1934375,275095,1100438,0.014059851877391338,0.12635868787765503,0.03269416019920391,True,True,False,False,Found in isolated instrument folder,False,
Tabla,tabla,SK_comp_1.wav,Tabla\4way-tabla-ismir21-dataset\train\audios\SK_comp_1.wav,.wav,WAV,16000,1,PCM_16,,21.5896875,345435,690914,0.16202349960803986,0.92291259765625,0.0028167383154573218,True,True,False,False,Found in isolated instrument folder,False,
Tabla,tabla,T4_Ben_03.wav,Tabla\4way-tabla-ismir21-dataset\train\audios\T4_Ben_03.wav,.wav,WAV,16000,1,PCM_16,,17.664,282624,565292,0.12780602276325226,0.8804931640625,0.011856742527173914,True,True,False,False,Found in isolated instrument folder,False,
Tabla,tabla,T7_TAA1_01.wav,Tabla\4way-tabla-ismir21-dataset\train\audios\T7_TAA1_01.wav,.wav,WAV,16000,1,PCM_16,,15.717625,251482,503008,0.20038451254367828,0.99908447265625,0.0008509555355850518,True,True,False,False,Found in isolated instrument folder,False,
Tabla,tabla,T7_Ben_tukuda_02.wav,Tabla\4way-tabla-ismir21-dataset\train\audios\T7_Ben_tukuda_02.wav,.wav,WAV,16000,1,PCM_16,,9.003625,144058,288160,0.11403355747461319,0.883087158203125,0.001943661580752197,True,True,False,False,Found in isolated instrument folder,False,
Tabla,tabla,T4_Tukuda_01.wav,Tabla\4way-tabla-ismir21-dataset\train\audios\T4_Tukuda_01.wav,.wav,WAV,16000,1,PCM_16,,4.7640625,76225,152494,0.1358516961336136,0.9462890625,0.0018366677599212856,True,True,False,False,Found in isolated instrument folder,False,
Tabla,tabla,T4_Dli_01.wav,Tabla\4way-tabla-ismir21-dataset\train\audios\T4_Dli_01.wav,.wav,WAV,16000,1,PCM_16,,5.3644375,85831,171706,0.18522854149341583,0.9693603515625,0.002225303212126155,True,True,False,False,Found in isolated instrument folder,False,
Tabla,tabla,SM_kayda_2.wav,Tabla\4way-tabla-ismir21-dataset\train\audios\SM_kayda_2.wav,.wav,WAV,16000,1,PCM_16,,182.5595,2920952,5841948,0.13827994465827942,0.999969482421875,0.0018853442302372652,True,True,False,False,Found in isolated instrument folder,False,
Tabla,tabla,T5_Dli_02.wav,Tabla\4way-tabla-ismir21-dataset\train\audios\T5_Dli_02.wav,.wav,WAV,16000,1,PCM_16,,10.818125,173090,346224,0.1974676102399826,0.900421142578125,0.0010225894043561154,True,True,False,False,Found in isolated instrument folder,False,
Tabla,tabla,T7_Fur_03.wav,Tabla\4way-tabla-ismir21-dataset\train\audios\T7_Fur_03.wav,.wav,WAV,16000,1,PCM_16,,14.3313125,229301,458646,0.12584830820560455,0.923797607421875,0.0016964601113819827,True,True,False,False,Found in isolated instrument folder,False,
Tabla,tabla,T4_Luc_01.wav,Tabla\4way-tabla-ismir21-dataset\train\audios\T4_Luc_01.wav,.wav,WAV,16000,1,PCM_16,,5.2968125,84749,169542,0.19937439262866974,0.95587158203125,0.0019469256274410318,True,True,False,False,Found in isolated instrument folder,False,
Tabla,tabla,RMA_19.wav,Tabla\4way-tabla-ismir21-dataset\train\audios\RMA_19.wav,.wav,WAV,16000,1,PCM_16,,18.5368125,296589,593222,0.021758733317255974,0.67095947265625,0.024464831804281346,True,True,False,False,Found in isolated instrument folder,False,
Tabla,tabla,AS_comp103_t.wav,Tabla\4way-tabla-ismir21-dataset\train\audios\AS_comp103_t.wav,.wav,WAV,16000,1,FLOAT,,24.252,388032,1552186,0.013258680701255798,0.18505936861038208,0.022686273297047668,True,True,False,False,Found in isolated instrument folder,False,
Tabla,tabla,T4_Tukuda_04.wav,Tabla\4way-tabla-ismir21-dataset\train\audios\T4_Tukuda_04.wav,.wav,WAV,16000,1,PCM_16,,5.1758125,82813,165670,0.1209554672241211,0.934722900390625,0.001763008223346576,True,True,False,False,Found in isolated instrument folder,False,
Tabla,tabla,KB_22.wav,Tabla\4way-tabla-ismir21-dataset\train\audios\KB_22.wav,.wav,WAV,16000,1,PCM_16,,3.8581875,61731,123506,0.16185244917869568,0.999969482421875,0.0010205569324974486,True,True,False,False,Found in isolated instrument folder,False,
Tabla,tabla,AS_comp106_t.wav,Tabla\4way-tabla-ismir21-dataset\train\audios\AS_comp106_t.wav,.wav,WAV,16000,1,FLOAT,,21.3864375,342183,1368790,0.017360175028443336,0.19337618350982666,0.0198227264358545,True,True,False,False,Found in isolated instrument folder,False,
Tabla,tabla,SK_rela_1.wav,Tabla\4way-tabla-ismir21-dataset\train\audios\SK_rela_1.wav,.wav,WAV,16000,1,PCM_16,,99.5403125,1592645,3185334,0.1362042874097824,0.970733642578125,0.002772745966615285,True,True,False,False,Found in isolated instrument folder,False,
Tabla,tabla,T7_LUC_01.wav,Tabla\4way-tabla-ismir21-dataset\train\audios\T7_LUC_01.wav,.wav,WAV,16000,1,PCM_16,,25.304125,404866,809776,0.19363027811050415,0.999969482421875,0.0017190873029594978,True,True,False,False,Found in isolated instrument folder,False,
Tabla,tabla,T5_Luc_01.wav,Tabla\4way-tabla-ismir21-dataset\train\audios\T5_Luc_01.wav,.wav,WAV,16000,1,PCM_16,,5.3915,86264,172572,0.23387961089611053,0.99658203125,0.000823054808494853,True,True,False,False,Found in isolated instrument folder,False,
Tabla,tabla,T5_Luc_07.wav,Tabla\4way-tabla-ismir21-dataset\train\audios\T5_Luc_07.wav,.wav,WAV,16000,1,PCM_16,,11.250875,180014,360072,0.18893441557884216,0.929840087890625,0.0012054617974157566,True,True,False,False,Found in isolated instrument folder,False,
Tabla,tabla,RMA_21.wav,Tabla\4way-tabla-ismir21-dataset\train\audios\RMA_21.wav,.wav,WAV,16000,1,PCM_16,,18.7938125,300701,601446,0.022148162126541138,0.645843505859375,0.022434245313450903,True,True,False,False,Found in isolated instrument folder,False,
Tabla,tabla,T7_Ben_tukuda_01.wav,Tabla\4way-tabla-ismir21-dataset\train\audios\T7_Ben_tukuda_01.wav,.wav,WAV,16000,1,PCM_16,,8.865125,141842,283728,0.10038555413484573,0.889862060546875,0.0018753260670323318,True,True,False,False,Found in isolated instrument folder,False,
Tabla,tabla,T7_Rela_01.wav,Tabla\4way-tabla-ismir21-dataset\train\audios\T7_Rela_01.wav,.wav,WAV,16000,1,PCM_16,,8.915625,142650,285344,0.12996914982795715,0.99322509765625,0.0031756046267087277,True,True,False,False,Found in isolated instrument folder,False,
Tabla,tabla,T4_Gat_pra_00.wav,Tabla\4way-tabla-ismir21-dataset\train\audios\T4_Gat_pra_00.wav,.wav,WAV,16000,1,PCM_16,,2.83075,45292,90628,0.21861420571804047,0.960906982421875,0.0004415790868144485,True,True,False,False,Found in isolated instrument folder,False,
Tabla,tabla,PP_comp23_t.wav,Tabla\4way-tabla-ismir21-dataset\train\audios\PP_comp23_t.wav,.wav,WAV,16000,1,PCM_16,,14.901875,238430,476904,0.0716070905327797,0.776031494140625,0.004676424946525186,True,True,False,False,Found in isolated instrument folder,False,
Tabla,tabla,T5_Gat_02.wav,Tabla\4way-tabla-ismir21-dataset\train\audios\T5_Gat_02.wav,.wav,WAV,16000,1,PCM_16,,11.1991875,179187,358418,0.2229219526052475,0.891326904296875,0.0006250453436912276,True,True,False,False,Found in isolated instrument folder,False,
Tabla,tabla,KB_16.wav,Tabla\4way-tabla-ismir21-dataset\train\audios\KB_16.wav,.wav,WAV,16000,1,PCM_16,,4.8195,77112,154268,0.1417997181415558,0.999969482421875,0.001413528374312688,True,True,False,False,Found in isolated instrument folder,False,
Tabla,tabla,KB_15.wav,Tabla\4way-tabla-ismir21-dataset\train\audios\KB_15.wav,.wav,WAV,16000,1,PCM_16,,9.5675625,153081,306206,0.18790721893310547,0.999969482421875,0.0008688210816495842,True,True,False,False,Found in isolated instrument folder,False,
Tabla,tabla,KB_25.wav,Tabla\4way-tabla-ismir21-dataset\train\audios\KB_25.wav,.wav,WAV,16000,1,PCM_16,,47.2245,755592,1511228,0.0885462537407875,0.77789306640625,0.007007750214401423,True,True,False,False,Found in isolated instrument folder,False,
Tabla,tabla,T5_Gat_03.wav,Tabla\4way-tabla-ismir21-dataset\train\audios\T5_Gat_03.wav,.wav,WAV,16000,1,PCM_16,,5.6409375,90255,180554,0.26178911328315735,0.92724609375,0.0003213118386792975,True,True,False,False,Found in isolated instrument folder,False,
Tabla,tabla,AS_comp113_t.wav,Tabla\4way-tabla-ismir21-dataset\train\audios\AS_comp113_t.wav,.wav,WAV,16000,1,FLOAT,,12.3551875,197683,790790,0.02127922885119915,0.26975876092910767,0.012889322804692361,True,True,False,False,Found in isolated instrument folder,False,
Tabla,tabla,T7_Jap_Tukuda_02.wav,Tabla\4way-tabla-ismir21-dataset\train\audios\T7_Jap_Tukuda_02.wav,.wav,WAV,16000,1,PCM_16,,5.7131875,91411,182866,0.12402918934822083,0.897125244140625,0.002669262998982617,True,True,False,False,Found in isolated instrument folder,False,
Tabla,tabla,AS_comp115_t.wav,Tabla\4way-tabla-ismir21-dataset\train\audios\AS_comp115_t.wav,.wav,WAV,16000,1,FLOAT,,15.258625,244138,976610,0.01614575833082199,0.25416117906570435,0.03783106275958679,True,True,False,False,Found in isolated instrument folder,False,
Tabla,tabla,KB_6.wav,Tabla\4way-tabla-ismir21-dataset\train\audios\KB_6.wav,.wav,WAV,16000,1,PCM_16,,14.637125,234194,468432,0.1112949326634407,0.999969482421875,0.0031768533779686927,True,True,False,False,Found in isolated instrument folder,False,
Tabla,tabla,T4_Pur_04.wav,Tabla\4way-tabla-ismir21-dataset\train\audios\T4_Pur_04.wav,.wav,WAV,16000,1,PCM_16,,6.627875,106046,212136,0.11216780543327332,0.9276123046875,0.0034796220508081397,True,True,False,False,Found in isolated instrument folder,False,
Tabla,tabla,T4_Tukuda_Japh_03.wav,Tabla\4way-tabla-ismir21-dataset\train\audios\T4_Tukuda_Japh_03.wav,.wav,WAV,16000,1,PCM_16,,5.3203125,85125,170294,0.08773545175790787,0.88726806640625,0.003265785609397944,True,True,False,False,Found in isolated instrument folder,False,
Tabla,tabla,AHK_solo-tintal-5.wav,Tabla\4way-tabla-ismir21-dataset\train\audios\AHK_solo-tintal-5.wav,.wav,WAV,16000,1,PCM_16,,59.93025,958884,1917812,0.16525526344776154,0.953582763671875,0.0014193583374005614,True,True,False,False,Found in isolated instrument folder,False,
Tabla,tabla,T4_Gat_02.wav,Tabla\4way-tabla-ismir21-dataset\train\audios\T4_Gat_02.wav,.wav,WAV,16000,1,PCM_16,,10.8141875,173027,346098,0.17654766142368317,0.94610595703125,0.0012945956411427118,True,True,False,False,Found in isolated instrument folder,False,
Tabla,tabla,KB_9.wav,Tabla\4way-tabla-ismir21-dataset\train\audios\KB_9.wav,.wav,WAV,16000,1,PCM_16,,6.401125,102418,204880,0.16939429938793182,0.999969482421875,0.0016403366595715597,True,True,False,False,Found in isolated instrument folder,False,
Tabla,tabla,T5_Gat_01.wav,Tabla\4way-tabla-ismir21-dataset\train\audios\T5_Gat_01.wav,.wav,WAV,16000,1,PCM_16,,5.6586875,90539,181122,0.2474672943353653,0.988067626953125,0.0009167320160372878,True,True,False,False,Found in isolated instrument folder,False,
Tabla,tabla,T7_Luc_jap_01.wav,Tabla\4way-tabla-ismir21-dataset\train\audios\T7_Luc_jap_01.wav,.wav,WAV,16000,1,PCM_16,,9.1093125,145749,291542,0.10062810778617859,0.77789306640625,0.024295192419845076,True,True,False,False,Found in isolated instrument folder,False,
Tabla,tabla,RMA_24.wav,Tabla\4way-tabla-ismir21-dataset\train\audios\RMA_24.wav,.wav,WAV,16000,1,PCM_16,,18.750625,300010,600064,0.023150769993662834,0.84893798828125,0.02247258424719176,True,True,False,False,Found in isolated instrument folder,False,
Tabla,tabla,RMA_6.wav,Tabla\4way-tabla-ismir21-dataset\train\audios\RMA_6.wav,.wav,WAV,16000,1,PCM_16,,16.9775,271640,543324,0.020033398643136024,0.65093994140625,0.08021278162273597,True,True,False,False,Found in isolated instrument folder,False,
Tabla,tabla,T4_Dli_02.wav,Tabla\4way-tabla-ismir21-dataset\train\audios\T4_Dli_02.wav,.wav,WAV,16000,1,PCM_16,,10.602625,169642,339328,0.1561974734067917,0.90618896484375,0.0023520118838495185,True,True,False,False,Found in isolated instrument folder,False,
Tabla,tabla,RMA_20.wav,Tabla\4way-tabla-ismir21-dataset\train\audios\RMA_20.wav,.wav,WAV,16000,1,PCM_16,,18.668375,298694,597432,0.02195015735924244,0.6033935546875,0.02590611127106671,True,True,False,False,Found in isolated instrument folder,False,
Tabla,tabla,PP_comp31_t.wav,Tabla\4way-tabla-ismir21-dataset\train\audios\PP_comp31_t.wav,.wav,WAV,16000,1,PCM_16,,25.0459375,400735,801514,0.06189471855759621,0.999969482421875,0.007820629593122637,True,True,False,False,Found in isolated instrument folder,False,
Tabla,tabla,T7_Tukuda_04.wav,Tabla\4way-tabla-ismir21-dataset\train\audios\T7_Tukuda_04.wav,.wav,WAV,16000,1,PCM_16,,5.7535625,92057,184158,0.11105277389287949,0.94189453125,0.00235723519124021,True,True,False,False,Found in isolated instrument folder,False,
Tabla,tabla,T4_Gat_01.wav,Tabla\4way-tabla-ismir21-dataset\train\audios\T4_Gat_01.wav,.wav,WAV,16000,1,PCM_16,,5.4775,87640,175324,0.19334983825683594,1.0,0.0011296211775445003,True,True,False,False,Found in isolated instrument folder,False,
Tabla,tabla,RMA_18.wav,Tabla\4way-tabla-ismir21-dataset\train\audios\RMA_18.wav,.wav,WAV,16000,1,PCM_16,,18.9644375,303431,606906,0.025949858129024506,0.58184814453125,0.05873163915354727,True,True,False,False,Found in isolated instrument folder,False,
Tabla,tabla,SK_teentaal_mahadrut.wav,Tabla\4way-tabla-ismir21-dataset\train\audios\SK_teentaal_mahadrut.wav,.wav,WAV,16000,1,PCM_16,,9.68325,154932,309908,0.1561909019947052,0.92633056640625,0.007041798982779542,True,True,False,False,Found in isolated instrument folder,False,
Tabla,tabla,KB_3.wav,Tabla\4way-tabla-ismir21-dataset\train\audios\KB_3.wav,.wav,WAV,16000,1,PCM_16,,21.652,346432,692908,0.09647928923368454,0.999969482421875,0.004399131719933494,True,True,False,False,Found in isolated instrument folder,False,
Tabla,tabla,T4_Tukuda_Japh_01.wav,Tabla\4way-tabla-ismir21-dataset\train\audios\T4_Tukuda_Japh_01.wav,.wav,WAV,16000,1,PCM_16,,5.1725,82760,165564,0.10489650815725327,0.822479248046875,0.0020662155630739487,True,True,False,False,Found in isolated instrument folder,False,
Tabla,tabla,RMA_2.wav,Tabla\4way-tabla-ismir21-dataset\train\audios\RMA_2.wav,.wav,WAV,16000,1,PCM_16,,17.439125,279026,558096,0.018490955233573914,0.446807861328125,0.07569903879925169,True,True,False,False,Found in isolated instrument folder,False,
Tabla,tabla,T5_Dli_01.wav,Tabla\4way-tabla-ismir21-dataset\train\audios\T5_Dli_01.wav,.wav,WAV,16000,1,PCM_16,,10.5614375,168983,338010,0.19655022025108337,0.9765625,0.0017871620222152523,True,True,False,False,Found in isolated instrument folder,False,
Tabla,tabla,T4_Tukuda_05.wav,Tabla\4way-tabla-ismir21-dataset\train\audios\T4_Tukuda_05.wav,.wav,WAV,16000,1,PCM_16,,5.2934375,84695,169434,0.12245981395244598,0.915069580078125,0.0017356396481492415,True,True,False,False,Found in isolated instrument folder,False,
Tabla,tabla,SM_peshkar.wav,Tabla\4way-tabla-ismir21-dataset\train\audios\SM_peshkar.wav,.wav,WAV,16000,1,PCM_16,,184.4795,2951672,5903388,0.15372991561889648,0.999969482421875,0.0023156366967603446,True,True,False,False,Found in isolated instrument folder,False,
Tabla,tabla,RMA_26.wav,Tabla\4way-tabla-ismir21-dataset\train\audios\RMA_26.wav,.wav,WAV,16000,1,PCM_16,,18.949375,303190,606424,0.026801439002156258,0.976715087890625,0.027144694745868926,True,True,False,False,Found in isolated instrument folder,False,
Tabla,tabla,PP_comp26_t.wav,Tabla\4way-tabla-ismir21-dataset\train\audios\PP_comp26_t.wav,.wav,WAV,16000,1,PCM_16,,17.584375,281350,562744,0.07267294824123383,0.999969482421875,0.003572063266394171,True,True,False,False,Found in isolated instrument folder,False,
Tabla,tabla,RMA_17.wav,Tabla\4way-tabla-ismir21-dataset\train\audios\RMA_17.wav,.wav,WAV,16000,1,PCM_16,,19.301625,308826,617696,0.02710089646279812,0.829437255859375,0.04161242900532986,True,True,False,False,Found in isolated instrument folder,False,
Tabla,tabla,KB_8.wav,Tabla\4way-tabla-ismir21-dataset\train\audios\KB_8.wav,.wav,WAV,16000,1,PCM_16,,73.71175,1179388,2358820,0.14031878113746643,0.999969482421875,0.0025224947175992974,True,True,False,False,Found in isolated instrument folder,False,
Tabla,tabla,AS_comp111_t.wav,Tabla\4way-tabla-ismir21-dataset\train\audios\AS_comp111_t.wav,.wav,WAV,16000,1,FLOAT,,24.8545,397672,1590746,0.01433231309056282,0.14450448751449585,0.01809531473173872,True,True,False,False,Found in isolated instrument folder,False,
Tabla,tabla,RMA_30.wav,Tabla\4way-tabla-ismir21-dataset\train\audios\RMA_30.wav,.wav,WAV,16000,1,PCM_16,,18.153,290448,580940,0.025295477360486984,0.968597412109375,0.01841982041535834,True,True,False,False,Found in isolated instrument folder,False,
Tabla,tabla,KB_26.wav,Tabla\4way-tabla-ismir21-dataset\train\audios\KB_26.wav,.wav,WAV,16000,1,PCM_16,,31.47,503520,1007084,0.11159763485193253,0.716400146484375,0.007872577057515094,True,True,False,False,Found in isolated instrument folder,False,
Tabla,tabla,T5_Gat_04.wav,Tabla\4way-tabla-ismir21-dataset\train\audios\T5_Gat_04.wav,.wav,WAV,16000,1,PCM_16,,11.08825,177412,354868,0.22106397151947021,0.94830322265625,0.0008060334137487881,True,True,False,False,Found in isolated instrument folder,False,
Tabla,tabla,T7_Gat_tukuda_01.wav,Tabla\4way-tabla-ismir21-dataset\train\audios\T7_Gat_tukuda_01.wav,.wav,WAV,16000,1,PCM_16,,6.1210625,97937,195918,0.11508314311504364,0.886474609375,0.001664335235916967,True,True,False,False,Found in isolated instrument folder,False,
Tabla,tabla,PP_comp4_t.wav,Tabla\4way-tabla-ismir21-dataset\train\audios\PP_comp4_t.wav,.wav,WAV,16000,1,PCM_16,,18.022,288352,576748,0.055243119597435,0.651092529296875,0.0035685550993230495,True,True,False,False,Found in isolated instrument folder,False,
Tabla,tabla,T7_Pur_05.wav,Tabla\4way-tabla-ismir21-dataset\train\audios\T7_Pur_05.wav,.wav,WAV,16000,1,PCM_16,,6.8505,109608,219260,0.11137279123067856,0.87530517578125,0.002435953580030655,True,True,False,False,Found in isolated instrument folder,False,
Tabla,tabla,T4_Mukuda_01.wav,Tabla\4way-tabla-ismir21-dataset\train\audios\T4_Mukuda_01.wav,.wav,WAV,16000,1,PCM_16,,10.7115625,171385,342814,0.12155037373304367,0.947479248046875,0.002147212416489191,True,True,False,False,Found in isolated instrument folder,False,
Tabla,tabla,T4_Pur_05.wav,Tabla\4way-tabla-ismir21-dataset\train\audios\T4_Pur_05.wav,.wav,WAV,16000,1,PCM_16,,6.7799375,108479,217002,0.12130286544561386,0.966156005859375,0.0019727320495211056,True,True,False,False,Found in isolated instrument folder,False,
Tabla,tabla,SK_comp_3.wav,Tabla\4way-tabla-ismir21-dataset\train\audios\SK_comp_3.wav,.wav,WAV,16000,1,PCM_16,,15.267,244272,488588,0.12354260683059692,0.92486572265625,0.005002620030130346,True,True,False,False,Found in isolated instrument folder,False,
Tabla,tabla,T4_Luc_03.wav,Tabla\4way-tabla-ismir21-dataset\train\audios\T4_Luc_03.wav,.wav,WAV,16000,1,PCM_16,,10.88,174080,348204,0.18692071735858917,0.8856201171875,0.0013039981617647058,True,True,False,False,Found in isolated instrument folder,False,
Tabla,tabla,SK_ektaal.wav,Tabla\4way-tabla-ismir21-dataset\train\audios\SK_ektaal.wav,.wav,WAV,16000,1,PCM_16,,16.7816875,268507,537058,0.11158984154462814,0.923980712890625,0.014893466464561446,True,True,False,False,Found in isolated instrument folder,False,
Tabla,tabla,T7_Tukuda_01.wav,Tabla\4way-tabla-ismir21-dataset\train\audios\T7_Tukuda_01.wav,.wav,WAV,16000,1,PCM_16,,5.2810625,84497,169038,0.11552924662828445,0.823211669921875,0.002071079446607572,True,True,False,False,Found in isolated instrument folder,False,
Tabla,tabla,SK_roopak.wav,Tabla\4way-tabla-ismir21-dataset\train\audios\SK_roopak.wav,.wav,WAV,16000,1,PCM_16,,11.0144375,176231,352506,0.09765103459358215,0.923797607421875,0.023571335349626344,True,True,False,False,Found in isolated instrument folder,False,
Tabla,tabla,AS_comp104_t.wav,Tabla\4way-tabla-ismir21-dataset\train\audios\AS_comp104_t.wav,.wav,WAV,16000,1,FLOAT,,30.0885,481416,1925722,0.01978118345141411,0.25036847591400146,0.020661963873240607,True,True,False,False,Found in isolated instrument folder,False,
Tabla,tabla,T5_Dli_05.wav,Tabla\4way-tabla-ismir21-dataset\train\audios\T5_Dli_05.wav,.wav,WAV,16000,1,PCM_16,,10.9913125,175861,351766,0.19162732362747192,0.98138427734375,0.0014102046502635604,True,True,False,False,Found in isolated instrument folder,False,
Tabla,tabla,T7_Pur_01.wav,Tabla\4way-tabla-ismir21-dataset\train\audios\T7_Pur_01.wav,.wav,WAV,16000,1,PCM_16,,6.89775,110364,220772,0.1356123834848404,0.89825439453125,0.0019752817947881556,True,True,False,False,Found in isolated instrument folder,False,
Tabla,tabla,SM_uthan.wav,Tabla\4way-tabla-ismir21-dataset\train\audios\SM_uthan.wav,.wav,WAV,16000,1,PCM_16,,55.7595,892152,1784348,0.12994389235973358,0.99993896484375,0.006265748437485989,True,True,False,False,Found in isolated instrument folder,False,
Tabla,tabla,SK_jhoomra.wav,Tabla\4way-tabla-ismir21-dataset\train\audios\SK_jhoomra.wav,.wav,WAV,16000,1,PCM_16,,19.1940625,307105,614254,0.12961328029632568,0.923553466796875,0.00987284479249768,True,True,False,False,Found in isolated instrument folder,False,
Tabla,tabla,PP_comp84_t.wav,Tabla\4way-tabla-ismir21-dataset\train\audios\PP_comp84_t.wav,.wav,WAV,16000,1,PCM_16,,9.7820625,156513,313070,0.06217676401138306,0.999969482421875,0.01785155226722381,True,True,False,False,Found in isolated instrument folder,False,
Tabla,tabla,KB_18.wav,Tabla\4way-tabla-ismir21-dataset\train\audios\KB_18.wav,.wav,WAV,16000,1,PCM_16,,9.5448125,152717,305478,0.13009700179100037,0.999969482421875,0.001525697859439355,True,True,False,False,Found in isolated instrument folder,False,
Tabla,tabla,PP_comp27_t.wav,Tabla\4way-tabla-ismir21-dataset\train\audios\PP_comp27_t.wav,.wav,WAV,16000,1,PCM_16,,24.4939375,391903,783850,0.06041889637708664,0.999969482421875,0.006634294710680959,True,True,False,False,Found in isolated instrument folder,False,
Tabla,tabla,KB_1.wav,Tabla\4way-tabla-ismir21-dataset\train\audios\KB_1.wav,.wav,WAV,16000,1,PCM_16,,38.1533125,610453,1220950,0.10717881470918655,1.0,0.003825028298656899,True,True,False,False,Found in isolated instrument folder,False,
Tabla,tabla,PP_comp16new_t.wav,Tabla\4way-tabla-ismir21-dataset\train\audios\PP_comp16new_t.wav,.wav,WAV,16000,1,PCM_16,,31.8616875,509787,1019618,0.07686617225408554,0.999969482421875,0.004835352804210386,True,True,False,False,Found in isolated instrument folder,False,
Tabla,tabla,RMA_15.wav,Tabla\4way-tabla-ismir21-dataset\train\audios\RMA_15.wav,.wav,WAV,16000,1,PCM_16,,18.87125,301940,603924,0.024683378636837006,0.660308837890625,0.021282373981585747,True,True,False,False,Found in isolated instrument folder,False,
Tabla,tabla,SK_comp_2.wav,Tabla\4way-tabla-ismir21-dataset\train\audios\SK_comp_2.wav,.wav,WAV,16000,1,PCM_16,,12.4475625,199161,398366,0.13985760509967804,0.925048828125,0.004905578903500183,True,True,False,False,Found in isolated instrument folder,False,
Tabla,tabla,PP_comp77_t.wav,Tabla\4way-tabla-ismir21-dataset\train\audios\PP_comp77_t.wav,.wav,WAV,16000,1,PCM_16,,15.977375,255638,511320,0.06995577365159988,0.72607421875,0.004357724594935025,True,True,False,False,Found in isolated instrument folder,False,
Tabla,tabla,RMA_1.wav,Tabla\4way-tabla-ismir21-dataset\train\audios\RMA_1.wav,.wav,WAV,16000,1,PCM_16,,33.7839375,540543,1081130,0.01890099048614502,0.413726806640625,0.07765524666862766,True,True,False,False,Found in isolated instrument folder,False,
Tabla,tabla,SK_comp_5.wav,Tabla\4way-tabla-ismir21-dataset\train\audios\SK_comp_5.wav,.wav,WAV,16000,1,PCM_16,,21.4974375,343959,687962,0.13838522136211395,0.9268798828125,0.00514886948735169,True,True,False,False,Found in isolated instrument folder,False,
Tabla,tabla,T7_Ben_tukuda_03.wav,Tabla\4way-tabla-ismir21-dataset\train\audios\T7_Ben_tukuda_03.wav,.wav,WAV,16000,1,PCM_16,,8.4841875,135747,271538,0.09923093765974045,0.89434814453125,0.0027919585699868136,True,True,False,False,Found in isolated instrument folder,False,
Tabla,tabla,PP_comp82_t.wav,Tabla\4way-tabla-ismir21-dataset\train\audios\PP_comp82_t.wav,.wav,WAV,16000,1,PCM_16,,16.301625,260826,521696,0.055928174406290054,0.999969482421875,0.008089684310613205,True,True,False,False,Found in isolated instrument folder,False,
Tabla,tabla,T4_Luc_06.wav,Tabla\4way-tabla-ismir21-dataset\train\audios\T4_Luc_06.wav,.wav,WAV,16000,1,PCM_16,,15.7591875,252147,504338,0.19526197016239166,0.97808837890625,0.0012294415559177781,True,True,False,False,Found in isolated instrument folder,False,
Tabla,tabla,RMA_8.wav,Tabla\4way-tabla-ismir21-dataset\train\audios\RMA_8.wav,.wav,WAV,16000,1,PCM_16,,17.268125,276290,552624,0.022380458191037178,0.57379150390625,0.09396286510550508,True,True,False,False,Found in isolated instrument folder,False,
Tabla,tabla,PP_comp25_t.wav,Tabla\4way-tabla-ismir21-dataset\train\audios\PP_comp25_t.wav,.wav,WAV,16000,1,PCM_16,,27.4063125,438501,877046,0.0737132802605629,0.999969482421875,0.004294174927765273,True,True,False,False,Found in isolated instrument folder,False,
Tabla,tabla,T7_Tukuda_02.wav,Tabla\4way-tabla-ismir21-dataset\train\audios\T7_Tukuda_02.wav,.wav,WAV,16000,1,PCM_16,,5.1030625,81649,163342,0.13994021713733673,0.900787353515625,0.0022413011794388173,True,True,False,False,Found in isolated instrument folder,False,
Tabla,tabla,KB_5.wav,Tabla\4way-tabla-ismir21-dataset\train\audios\KB_5.wav,.wav,WAV,16000,1,PCM_16,,76.81975,1229116,2458276,0.11703135073184967,0.999969482421875,0.005835901574790337,True,True,False,False,Found in isolated instrument folder,False,
Tabla,tabla,RMA_27.wav,Tabla\4way-tabla-ismir21-dataset\train\audios\RMA_27.wav,.wav,WAV,16000,1,PCM_16,,18.2904375,292647,585338,0.024892227724194527,0.675567626953125,0.02309266795832522,True,True,False,False,Found in isolated instrument folder,False,
Tabla,tabla,T4_Gat_pra_02.wav,Tabla\4way-tabla-ismir21-dataset\train\audios\T4_Gat_pra_02.wav,.wav,WAV,16000,1,PCM_16,,10.365,165840,331724,0.16004446148872375,0.88067626953125,0.0021466473709599613,True,True,False,False,Found in isolated instrument folder,False,
Tabla,tabla,T4_02.wav,Tabla\4way-tabla-ismir21-dataset\train\audios\T4_02.wav,.wav,WAV,16000,1,PCM_16,,10.145,162320,324684,0.08434498310089111,1.0,0.009167077378018728,True,True,False,False,Found in isolated instrument folder,False,
Tabla,tabla,T4_Tukuda_Ben_02.wav,Tabla\4way-tabla-ismir21-dataset\train\audios\T4_Tukuda_Ben_02.wav,.wav,WAV,16000,1,PCM_16,,8.439625,135034,270112,0.13040025532245636,0.916717529296875,0.0010367759231008488,True,True,False,False,Found in isolated instrument folder,False,
Tabla,tabla,T4_Tukuda_Ben_03.wav,Tabla\4way-tabla-ismir21-dataset\train\audios\T4_Tukuda_Ben_03.wav,.wav,WAV,16000,1,PCM_16,,8.01925,128308,256660,0.10348308831453323,0.88323974609375,0.0023069489041992707,True,True,False,False,Found in isolated instrument folder,False,
Tabla,tabla,T7_Jap_Tukuda_04.wav,Tabla\4way-tabla-ismir21-dataset\train\audios\T7_Jap_Tukuda_04.wav,.wav,WAV,16000,1,PCM_16,,5.29,84640,169324,0.10065340250730515,0.95562744140625,0.0032726843100189034,True,True,False,False,Found in isolated instrument folder,False,
Tabla,tabla,KB_11.wav,Tabla\4way-tabla-ismir21-dataset\train\audios\KB_11.wav,.wav,WAV,16000,1,PCM_16,,7.7536875,124059,248162,0.17132535576820374,0.999969482421875,0.001039827823858003,True,True,False,False,Found in isolated instrument folder,False,
Tabla,tabla,SK_comp_6.wav,Tabla\4way-tabla-ismir21-dataset\train\audios\SK_comp_6.wav,.wav,WAV,16000,1,PCM_16,,12.27775,196444,392932,0.13655482232570648,0.921722412109375,0.010384638879273482,True,True,False,False,Found in isolated instrument folder,False,
Tabla,tabla,RMA_4.wav,Tabla\4way-tabla-ismir21-dataset\train\audios\RMA_4.wav,.wav,WAV,16000,1,PCM_16,,17.6955625,283129,566302,0.020035235211253166,0.503204345703125,0.088058800052273,True,True,False,False,Found in isolated instrument folder,False,
Tabla,tabla,PP_comp81_t.wav,Tabla\4way-tabla-ismir21-dataset\train\audios\PP_comp81_t.wav,.wav,WAV,16000,1,PCM_16,,15.636375,250182,500408,0.06395494192838669,0.7568359375,0.005895707924630868,True,True,False,False,Found in isolated instrument folder,False,
Tabla,tabla,T5_Gat_05.wav,Tabla\4way-tabla-ismir21-dataset\train\audios\T5_Gat_05.wav,.wav,WAV,16000,1,PCM_16,,11.5153125,184245,368534,0.21306191384792328,0.916900634765625,0.0006892995739368775,True,True,False,False,Found in isolated instrument folder,False,
Tabla,tabla,RMA_3.wav,Tabla\4way-tabla-ismir21-dataset\train\audios\RMA_3.wav,.wav,WAV,16000,1,PCM_16,,17.8494375,285591,571226,0.018757475540041924,0.446197509765625,0.0738118498131944,True,True,False,False,Found in isolated instrument folder,False,
Tabla,tabla,RMA_23.wav,Tabla\4way-tabla-ismir21-dataset\train\audios\RMA_23.wav,.wav,WAV,16000,1,PCM_16,,18.948,303168,606380,0.02833700366318226,0.876953125,0.0207772588135951,True,True,False,False,Found in isolated instrument folder,False,
Tabla,tabla,T7_Fur_04.wav,Tabla\4way-tabla-ismir21-dataset\train\audios\T7_Fur_04.wav,.wav,WAV,16000,1,PCM_16,,14.0441875,224707,449458,0.10953231900930405,0.914337158203125,0.0028882055298677834,True,True,False,False,Found in isolated instrument folder,False,
Tabla,tabla,T7_Jap_Tukuda_05.wav,Tabla\4way-tabla-ismir21-dataset\train\audios\T7_Jap_Tukuda_05.wav,.wav,WAV,16000,1,PCM_16,,5.7131875,91411,182866,0.11822336912155151,0.942352294921875,0.002636444191618077,True,True,False,False,Found in isolated instrument folder,False,
Tabla,tabla,AHK_solo-tintal-3.wav,Tabla\4way-tabla-ismir21-dataset\train\audios\AHK_solo-tintal-3.wav,.wav,WAV,16000,1,PCM_16,,28.67875,458860,917764,0.15149156749248505,0.99420166015625,0.001590899184936582,True,True,False,False,Found in isolated instrument folder,False,
Tabla,tabla,RMA_22.wav,Tabla\4way-tabla-ismir21-dataset\train\audios\RMA_22.wav,.wav,WAV,16000,1,PCM_16,,19.137125,306194,612432,0.025444235652685165,0.6949462890625,0.021750916085880194,True,True,False,False,Found in isolated instrument folder,False,
Tabla,tabla,AHK_solo-tintal-2.wav,Tabla\4way-tabla-ismir21-dataset\train\audios\AHK_solo-tintal-2.wav,.wav,WAV,16000,1,PCM_16,,62.511625,1000186,2000416,0.14324037730693817,0.970977783203125,0.0014497303501548712,True,True,False,False,Found in isolated instrument folder,False,
Tabla,tabla,T4_Tukuda_Japh_04.wav,Tabla\4way-tabla-ismir21-dataset\train\audios\T4_Tukuda_Japh_04.wav,.wav,WAV,16000,1,PCM_16,,5.7931875,92691,185426,0.08350781351327896,0.8326416015625,0.0037544098132504776,True,True,False,False,Found in isolated instrument folder,False,
Tabla,tabla,KB_2.wav,Tabla\4way-tabla-ismir21-dataset\train\audios\KB_2.wav,.wav,WAV,16000,1,PCM_16,,86.4684375,1383495,2767034,0.13618801534175873,0.999969482421875,0.0017593124658925403,True,True,False,False,Found in isolated instrument folder,False,
Tabla,tabla,SK_kaida_1.wav,Tabla\4way-tabla-ismir21-dataset\train\audios\SK_kaida_1.wav,.wav,WAV,16000,1,PCM_16,,223.1135625,3569817,7139678,0.1537325084209442,0.93597412109375,0.0025502707841886575,True,True,False,False,Found in isolated instrument folder,False,
Tabla,tabla,T7_Ben_tukuda_05.wav,Tabla\4way-tabla-ismir21-dataset\train\audios\T7_Ben_tukuda_05.wav,.wav,WAV,16000,1,PCM_16,,17.6,281600,563244,0.1160605326294899,0.84478759765625,0.01344815340909091,True,True,False,False,Found in isolated instrument folder,False,
Tabla,tabla,T7_DLI_01.wav,Tabla\4way-tabla-ismir21-dataset\train\audios\T7_DLI_01.wav,.wav,WAV,16000,1,PCM_16,,45.2064375,723303,1446650,0.17164750397205353,0.99993896484375,0.0022452554461961306,True,True,False,False,Found in isolated instrument folder,False,
Tabla,tabla,T5_Luc_06.wav,Tabla\4way-tabla-ismir21-dataset\train\audios\T5_Luc_06.wav,.wav,WAV,16000,1,PCM_16,,10.6825,170920,341884,0.21018511056900024,0.894866943359375,0.0010706763398080972,True,True,False,False,Found in isolated instrument folder,False,
Tabla,tabla,T4_Dli_03.wav,Tabla\4way-tabla-ismir21-dataset\train\audios\T4_Dli_03.wav,.wav,WAV,16000,1,PCM_16,,10.673375,170774,341592,0.14251449704170227,0.87786865234375,0.0036539520067457574,True,True,False,False,Found in isolated instrument folder,False,
Tabla,tabla,T4_Tukuda_Ben_04.wav,Tabla\4way-tabla-ismir21-dataset\train\audios\T4_Tukuda_Ben_04.wav,.wav,WAV,16000,1,PCM_16,,9.021625,144346,288736,0.11253025382757187,0.87335205078125,0.0016695994346916437,True,True,False,False,Found in isolated instrument folder,False,
Tabla,tabla,T7_Pur_03.wav,Tabla\4way-tabla-ismir21-dataset\train\audios\T7_Pur_03.wav,.wav,WAV,16000,1,PCM_16,,6.7245,107592,215228,0.1042931005358696,0.924346923828125,0.0031879693657521006,True,True,False,False,Found in isolated instrument folder,False,
Tabla,tabla,KB_23.wav,Tabla\4way-tabla-ismir21-dataset\train\audios\KB_23.wav,.wav,WAV,16000,1,PCM_16,,43.875625,702010,1404064,0.08226598799228668,0.762786865234375,0.008189342032164783,True,True,False,False,Found in isolated instrument folder,False,
Tabla,tabla,AS_comp109_t.wav,Tabla\4way-tabla-ismir21-dataset\train\audios\AS_comp109_t.wav,.wav,WAV,16000,1,FLOAT,,13.4689375,215503,862070,0.01702566258609295,0.14762043952941895,0.009531189821023373,True,True,False,False,Found in isolated instrument folder,False,
Tabla,tabla,AHK_solo-tintal-6.wav,Tabla\4way-tabla-ismir21-dataset\train\audios\AHK_solo-tintal-6.wav,.wav,WAV,16000,1,PCM_16,,65.3808125,1046093,2092230,0.1434522569179535,0.962890625,0.0013144146839716927,True,True,False,False,Found in isolated instrument folder,False,
Tabla,tabla,KB_20.wav,Tabla\4way-tabla-ismir21-dataset\train\audios\KB_20.wav,.wav,WAV,16000,1,PCM_16,,9.613,153808,307660,0.14266930520534515,0.999969482421875,0.0014368563403724124,True,True,False,False,Found in isolated instrument folder,False,
Tabla,tabla,T4_Luc_05.wav,Tabla\4way-tabla-ismir21-dataset\train\audios\T4_Luc_05.wav,.wav,WAV,16000,1,PCM_16,,10.8188125,173101,346246,0.1974601298570633,0.937591552734375,0.0015251211720325127,True,True,False,False,Found in isolated instrument folder,False,
Tabla,tabla,AS_comp114_t.wav,Tabla\4way-tabla-ismir21-dataset\train\audios\AS_comp114_t.wav,.wav,WAV,16000,1,FLOAT,,15.0733125,241173,964750,0.016552848741412163,0.2398242950439453,0.019865407819283254,True,True,False,False,Found in isolated instrument folder,False,
Tabla,tabla,PP_comp3_t.wav,Tabla\4way-tabla-ismir21-dataset\train\audios\PP_comp3_t.wav,.wav,WAV,16000,1,PCM_16,,16.1363125,258181,516406,0.061017122119665146,0.492523193359375,0.0029669108106328505,True,True,False,False,Found in isolated instrument folder,False,
Tabla,tabla,T4_Tukuda_03.wav,Tabla\4way-tabla-ismir21-dataset\train\audios\T4_Tukuda_03.wav,.wav,WAV,16000,1,PCM_16,,5.234625,83754,167552,0.11338703334331512,0.980194091796875,0.002698378584903408,True,True,False,False,Found in isolated instrument folder,False,
Tabla,tabla,T5_Gat_03_1.wav,Tabla\4way-tabla-ismir21-dataset\train\audios\T5_Gat_03_1.wav,.wav,WAV,16000,1,PCM_16,,5.58175,89308,178660,0.23532767593860626,0.918426513671875,0.0008285931831414878,True,True,False,False,Found in isolated instrument folder,False,
Tabla,tabla,T5_Luc_04.wav,Tabla\4way-tabla-ismir21-dataset\train\audios\T5_Luc_04.wav,.wav,WAV,16000,1,PCM_16,,11.26525,180244,360532,0.19479702413082123,0.8717041015625,0.0015201615587758816,True,True,False,False,Found in isolated instrument folder,False,
Tabla,tabla,T7_Pur_04.wav,Tabla\4way-tabla-ismir21-dataset\train\audios\T7_Pur_04.wav,.wav,WAV,16000,1,PCM_16,,6.7875,108600,217244,0.11491412669420242,0.9759521484375,0.004383057090239411,True,True,False,False,Found in isolated instrument folder,False,
Tabla,tabla,T7_Mukuda_01.wav,Tabla\4way-tabla-ismir21-dataset\train\audios\T7_Mukuda_01.wav,.wav,WAV,16000,1,PCM_16,,10.4469375,167151,334346,0.10535754263401031,0.871826171875,0.002069984624680678,True,True,False,False,Found in isolated instrument folder,False,
Tabla,tabla,T5_Luc_02.wav,Tabla\4way-tabla-ismir21-dataset\train\audios\T5_Luc_02.wav,.wav,WAV,16000,1,PCM_16,,10.786875,172590,345224,0.21157512068748474,0.999969482421875,0.0007416420418332464,True,True,False,False,Found in isolated instrument folder,False,
Tabla,tabla,KB_12.wav,Tabla\4way-tabla-ismir21-dataset\train\audios\KB_12.wav,.wav,WAV,16000,1,PCM_16,,9.61625,153860,307764,0.165177121758461,0.999969482421875,0.0009684128428441441,True,True,False,False,Found in isolated instrument folder,False,
Tabla,tabla,AS_comp110_t.wav,Tabla\4way-tabla-ismir21-dataset\train\audios\AS_comp110_t.wav,.wav,WAV,16000,1,FLOAT,,13.419125,214706,858882,0.01208149828016758,0.1388673186302185,0.028969847139809785,True,True,False,False,Found in isolated instrument folder,False,
Tabla,tabla,AS_comp117_t.wav,Tabla\4way-tabla-ismir21-dataset\train\audios\AS_comp117_t.wav,.wav,WAV,16000,1,FLOAT,,15.5469375,248751,995062,0.017197562381625175,0.351288378238678,0.012848189555016864,True,True,False,False,Found in isolated instrument folder,False,
Tabla,tabla,KB_21.wav,Tabla\4way-tabla-ismir21-dataset\train\audios\KB_21.wav,.wav,WAV,16000,1,PCM_16,,20.167875,322686,645416,0.17975938320159912,0.999969482421875,0.0014441283476816472,True,True,False,False,Found in isolated instrument folder,False,
Tabla,tabla,T7_Fur_01.wav,Tabla\4way-tabla-ismir21-dataset\train\audios\T7_Fur_01.wav,.wav,WAV,16000,1,PCM_16,,9.749625,155994,312032,0.11718776822090149,0.8663330078125,0.0013654371321973923,True,True,False,False,Found in isolated instrument folder,False,
Tabla,tabla,SK_teentaal_vilambit.wav,Tabla\4way-tabla-ismir21-dataset\train\audios\SK_teentaal_vilambit.wav,.wav,WAV,16000,1,PCM_16,,34.5555,552888,1105820,0.12438419461250305,0.932952880859375,0.01136396521537816,True,True,False,False,Found in isolated instrument folder,False,
Tabla,tabla,PP_comp83_t.wav,Tabla\4way-tabla-ismir21-dataset\train\audios\PP_comp83_t.wav,.wav,WAV,16000,1,PCM_16,,16.2186875,259499,519042,0.05327726900577545,0.99993896484375,0.008173441901510217,True,True,False,False,Found in isolated instrument folder,False,
Tabla,tabla,RMA_29.wav,Tabla\4way-tabla-ismir21-dataset\train\audios\RMA_29.wav,.wav,WAV,16000,1,PCM_16,,18.5114375,296183,592410,0.027758676558732986,0.8905029296875,0.02476171826202044,True,True,False,False,Found in isolated instrument folder,False,
Tabla,tabla,T7_Ben_tukuda_04.wav,Tabla\4way-tabla-ismir21-dataset\train\audios\T7_Ben_tukuda_04.wav,.wav,WAV,16000,1,PCM_16,,8.89975,142396,284836,0.109966941177845,0.939788818359375,0.002542206241748364,True,True,False,False,Found in isolated instrument folder,False,
Tabla,tabla,T5_Dli_04.wav,Tabla\4way-tabla-ismir21-dataset\train\audios\T5_Dli_04.wav,.wav,WAV,16000,1,PCM_16,,5.5266875,88427,176898,0.2220640629529953,0.97412109375,0.0015719180793196648,True,True,False,False,Found in isolated instrument folder,False,
Tabla,tabla,SK_comp_4.wav,Tabla\4way-tabla-ismir21-dataset\train\audios\SK_comp_4.wav,.wav,WAV,16000,1,PCM_16,,12.16975,194716,389476,0.1215219721198082,0.929443359375,0.006789375295301875,True,True,False,False,Found in isolated instrument folder,False,
Tabla,tabla,PP_comp12_t.wav,Tabla\4way-tabla-ismir21-dataset\train\audios\PP_comp12_t.wav,.wav,WAV,16000,1,PCM_16,,18.8420625,301473,602990,0.05058843269944191,0.548065185546875,0.014930026901248205,True,True,False,False,Found in isolated instrument folder,False,
Tabla,tabla,kachu-na_DM.wav,Tabla\4way-tabla-ismir21-dataset\test\audios\kachu-na_DM.wav,.wav,WAV,16000,1,PCM_16,,127.96625,2047460,4094964,0.03731652349233627,0.848388671875,0.04486094966446231,True,True,False,False,Found in isolated instrument folder,False,
Tabla,tabla,sourashtra-soma_UK2.wav,Tabla\4way-tabla-ismir21-dataset\test\audios\sourashtra-soma_UK2.wav,.wav,WAV,16000,1,PCM_16,,84.1148125,1345837,2691718,0.12386424094438553,0.999969482421875,0.05452369046177211,True,True,False,False,Found in isolated instrument folder,False,
Tabla,tabla,shyaam_SRC.wav,Tabla\4way-tabla-ismir21-dataset\test\audios\shyaam_SRC.wav,.wav,WAV,16000,1,PCM_16,,112.228625,1795658,3591360,0.032933369278907776,0.762847900390625,0.01831974685602715,True,True,False,False,Found in isolated instrument folder,False,
Tabla,tabla,tarana-darbari_UK2.wav,Tabla\4way-tabla-ismir21-dataset\test\audios\tarana-darbari_UK2.wav,.wav,WAV,16000,1,PCM_16,,72.5743125,1161189,2322422,0.03443506732583046,0.721160888671875,0.04536470807077918,True,True,False,False,Found in isolated instrument folder,False,
Tabla,tabla,koyaliya_SRC.wav,Tabla\4way-tabla-ismir21-dataset\test\audios\koyaliya_SRC.wav,.wav,WAV,16000,1,PCM_16,,106.0094375,1696151,3392346,0.03547639399766922,0.82257080078125,0.024372240443215256,True,True,False,False,Found in isolated instrument folder,False,
Tabla,tabla,eri-ali_PK.wav,Tabla\4way-tabla-ismir21-dataset\test\audios\eri-ali_PK.wav,.wav,WAV,16000,1,PCM_16,,211.9129375,3390607,6781258,0.07618702203035355,0.98114013671875,0.04705381661749651,True,True,False,False,Found in isolated instrument folder,False,
Tabla,tabla,payaliya_DM.wav,Tabla\4way-tabla-ismir21-dataset\test\audios\payaliya_DM.wav,.wav,WAV,16000,1,PCM_16,,131.6365,2106184,4212412,0.04033985361456871,0.975921630859375,0.07463972758315512,True,True,False,False,Found in isolated instrument folder,False,
Tabla,tabla,binati_SRC.wav,Tabla\4way-tabla-ismir21-dataset\test\audios\binati_SRC.wav,.wav,WAV,16000,1,PCM_16,,95.528375,1528454,3056952,0.032370425760746,0.863616943359375,0.014303996063996693,True,True,False,False,Found in isolated instrument folder,False,
Tabla,tabla,swarmalika-desh_SRC.wav,Tabla\4way-tabla-ismir21-dataset\test\audios\swarmalika-desh_SRC.wav,.wav,WAV,16000,1,PCM_16,,112.6151875,1801843,3603730,0.02954009361565113,0.95928955078125,0.023271727891941752,True,True,False,False,Found in isolated instrument folder,False,
Tabla,tabla,man-legayo_DM.wav,Tabla\4way-tabla-ismir21-dataset\test\audios\man-legayo_DM.wav,.wav,WAV,16000,1,PCM_16,,136.5185625,2184297,4368638,0.034282732754945755,0.923797607421875,0.11359123782159661,True,True,False,False,Found in isolated instrument folder,False,
Vocals,vocals,saraga_0001_vocals.wav,Vocals\saraga_0001_vocals.wav,.wav,WAV,44100,1,PCM_16,,107.59931972789116,4745130,9490304,0.013232642784714699,0.17120361328125,0.02387458299351124,True,True,False,False,Found in isolated instrument folder,False,
Vocals,vocals,saraga_0002_vocals.wav,Vocals\saraga_0002_vocals.wav,.wav,WAV,44100,1,PCM_16,,202.42895691609976,8927117,17854278,0.01519695669412613,0.127197265625,0.012855662135939297,True,True,False,False,Found in isolated instrument folder,False,
Vocals,vocals,saraga_0003_vocals.wav,Vocals\saraga_0003_vocals.wav,.wav,WAV,44100,1,PCM_16,,548.6325850340136,24194697,48389438,0.011776522733271122,0.21783447265625,0.020184877702746185,True,True,False,False,Found in isolated instrument folder,False,
Vocals,vocals,saraga_0004_vocals.wav,Vocals\saraga_0004_vocals.wav,.wav,WAV,44100,1,PCM_16,,1170.53462585034,51620577,103241198,0.00850262213498354,0.22784423828125,0.04549712801544237,True,True,False,False,Found in isolated instrument folder,False,
Vocals,vocals,saraga_0005_vocals.wav,Vocals\saraga_0005_vocals.wav,.wav,WAV,44100,1,PCM_16,,4314.56455782313,190272297,380544638,0.004371535498648882,0.118194580078125,0.10704223011508607,True,True,False,False,Found in isolated instrument folder,False,
Vocals,vocals,saraga_0006_vocals.wav,Vocals\saraga_0006_vocals.wav,.wav,WAV,44100,1,PCM_16,,1608.4951020408164,70934634,141869312,0.009548826143145561,0.23028564453125,0.04102218952733301,True,True,False,False,Found in isolated instrument folder,False,
Vocals,vocals,saraga_0007_vocals.wav,Vocals\saraga_0007_vocals.wav,.wav,WAV,44100,1,PCM_16,,263.58190476190475,11623962,23247968,0.024942312389612198,0.259063720703125,0.009439294450549649,True,True,False,False,Found in isolated instrument folder,False,
Vocals,vocals,saraga_0008_vocals.wav,Vocals\saraga_0008_vocals.wav,.wav,WAV,44100,1,PCM_16,,376.5331292517007,16605111,33210266,0.023345720022916794,0.235443115234375,0.009572293735344498,True,True,False,False,Found in isolated instrument folder,False,
Vocals,vocals,saraga_0009_vocals.wav,Vocals\saraga_0009_vocals.wav,.wav,WAV,44100,1,PCM_16,,337.80031746031744,14896994,29794032,0.019253790378570557,0.17889404296875,0.013591198331690273,True,True,False,False,Found in isolated instrument folder,False,
Vocals,vocals,saraga_0010_vocals.wav,Vocals\saraga_0010_vocals.wav,.wav,WAV,44100,1,PCM_16,,526.6886394557823,23226969,46453982,0.02215287834405899,0.21051025390625,0.01324946875332722,True,True,False,False,Found in isolated instrument folder,False,
Vocals,vocals,saraga_0011_vocals.wav,Vocals\saraga_0011_vocals.wav,.wav,WAV,44100,1,PCM_16,,326.97780045351476,14419721,28839486,0.02323859930038452,0.22467041015625,0.012060496870917268,True,True,False,False,Found in isolated instrument folder,False,
Vocals,vocals,saraga_0012_vocals.wav,Vocals\saraga_0012_vocals.wav,.wav,WAV,44100,1,PCM_16,,85.24317460317461,3759224,7518492,0.031612977385520935,0.2498779296875,0.009392895980659838,True,True,False,False,Found in isolated instrument folder,False,
Vocals,vocals,saraga_0013_vocals.wav,Vocals\saraga_0013_vocals.wav,.wav,WAV,44100,1,PCM_16,,2735.0525623582766,120615818,241231680,0.010316377505660057,0.270050048828125,0.039591399197740386,True,True,False,False,Found in isolated instrument folder,False,
Vocals,vocals,saraga_0014_vocals.wav,Vocals\saraga_0014_vocals.wav,.wav,WAV,44100,1,PCM_16,,755.0050793650794,33295724,66591492,0.012058788910508156,0.148712158203125,0.02501840776911774,True,True,False,False,Found in isolated instrument folder,False,
Vocals,vocals,saraga_0015_vocals.wav,Vocals\saraga_0015_vocals.wav,.wav,WAV,44100,1,PCM_16,,281.9519954648526,12434083,24868210,0.026142070069909096,0.259765625,0.011636322517712001,True,True,False,False,Found in isolated instrument folder,False,
Vocals,vocals,saraga_0016_vocals.wav,Vocals\saraga_0016_vocals.wav,.wav,WAV,44100,1,PCM_16,,309.34,13641894,27283832,0.02898731641471386,0.3212890625,0.008877139787187908,True,True,False,False,Found in isolated instrument folder,False,
Vocals,vocals,saraga_0017_vocals.wav,Vocals\saraga_0017_vocals.wav,.wav,WAV,44100,1,PCM_16,,1642.7,72443070,144886184,0.026419715955853462,0.42254638671875,0.021074258724816605,True,True,False,False,Found in isolated instrument folder,False,
Vocals,vocals,saraga_0018_vocals.wav,Vocals\saraga_0018_vocals.wav,.wav,WAV,44100,1,PCM_16,,487.9,21516390,43032824,0.028038345277309418,0.331634521484375,0.017514043945104175,True,True,False,False,Found in isolated instrument folder,False,
Vocals,vocals,saraga_0019_vocals.wav,Vocals\saraga_0019_vocals.wav,.wav,WAV,44100,1,PCM_16,,3608.5,159134850,318269744,0.02085014246404171,0.47515869140625,0.03385636772837628,True,True,False,False,Found in isolated instrument folder,False,
Vocals,vocals,saraga_0020_vocals.wav,Vocals\saraga_0020_vocals.wav,.wav,WAV,44100,1,PCM_16,,590.8,26054280,52108604,0.023835720494389534,0.314239501953125,0.011821896440815098,True,True,False,False,Found in isolated instrument folder,False,
Vocals,vocals,saraga_0021_vocals.wav,Vocals\saraga_0021_vocals.wav,.wav,WAV,44100,1,PCM_16,,545.11,24039351,48078746,0.02452893927693367,0.247161865234375,0.019093943093555228,True,True,False,False,Found in isolated instrument folder,False,
Vocals,vocals,saraga_0022_vocals.wav,Vocals\saraga_0022_vocals.wav,.wav,WAV,44100,1,PCM_16,,734.2,32378220,64756484,0.021120857447385788,0.25872802734375,0.03186469175884283,True,True,False,False,Found in isolated instrument folder,False,
Vocals,vocals,saraga_0023_vocals.wav,Vocals\saraga_0023_vocals.wav,.wav,WAV,44100,1,PCM_16,,134.28031746031746,5921762,11843568,0.016885528340935707,0.201812744140625,0.020400684796180596,True,True,False,False,Found in isolated instrument folder,False,
Vocals,vocals,saraga_0024_vocals.wav,Vocals\saraga_0024_vocals.wav,.wav,WAV,44100,1,PCM_16,,396.0452154195011,17465594,34931232,0.01827072538435459,0.253570556640625,0.016447021498381332,True,True,False,False,Found in isolated instrument folder,False,
Vocals,vocals,saraga_0025_vocals.wav,Vocals\saraga_0025_vocals.wav,.wav,WAV,44100,1,PCM_16,,453.15632653061226,19984194,39968432,0.018091334030032158,0.188232421875,0.012468403779506945,True,True,False,False,Found in isolated instrument folder,False,
Vocals,vocals,saraga_0026_vocals.wav,Vocals\saraga_0026_vocals.wav,.wav,WAV,44100,1,PCM_16,,2979.198888888889,131382671,262765386,0.007848592475056648,0.2222900390625,0.056424556934148495,True,True,False,False,Found in isolated instrument folder,False,
Vocals,vocals,saraga_0027_vocals.wav,Vocals\saraga_0027_vocals.wav,.wav,WAV,44100,1,PCM_16,,385.2127210884354,16987881,33975806,0.021944496780633926,0.255462646484375,0.01418405273736024,True,True,False,False,Found in isolated instrument folder,False,
Vocals,vocals,saraga_0028_vocals.wav,Vocals\saraga_0028_vocals.wav,.wav,WAV,44100,1,PCM_16,,376.5814058956916,16607240,33214524,0.018856501206755638,0.2857666015625,0.014338384945361179,True,True,False,False,Found in isolated instrument folder,False,
Vocals,vocals,saraga_0029_vocals.wav,Vocals\saraga_0029_vocals.wav,.wav,WAV,44100,1,PCM_16,,377.29555555555555,16638734,33277512,0.019584089517593384,0.225006103515625,0.011995023179047156,True,True,False,False,Found in isolated instrument folder,False,
Vocals,vocals,saraga_0030_vocals.wav,Vocals\saraga_0030_vocals.wav,.wav,WAV,44100,1,PCM_16,,357.53777777777776,15767416,31534876,0.017633097246289253,0.251953125,0.012203648334007297,True,True,False,False,Found in isolated instrument folder,False,
Vocals,vocals,saraga_0031_vocals.wav,Vocals\saraga_0031_vocals.wav,.wav,WAV,44100,1,PCM_16,,799.4616780045352,35256260,70512564,0.013115860521793365,0.193695068359375,0.03010656830872021,True,True,False,False,Found in isolated instrument folder,False,
Vocals,vocals,saraga_0032_vocals.wav,Vocals\saraga_0032_vocals.wav,.wav,WAV,44100,1,PCM_16,,271.2825170068027,11963559,23927162,0.02341640740633011,0.27215576171875,0.011536282806813592,True,True,False,False,Found in isolated instrument folder,False,
Vocals,vocals,saraga_0033_vocals.wav,Vocals\saraga_0033_vocals.wav,.wav,WAV,44100,1,PCM_16,,191.41444444444446,8441377,16882798,0.02326388657093048,0.351654052734375,0.012440031999518562,True,True,False,False,Found in isolated instrument folder,False,
Vocals,vocals,saraga_0034_vocals.wav,Vocals\saraga_0034_vocals.wav,.wav,WAV,44100,1,PCM_16,,285.11662131519273,12573643,25147330,0.009220707230269909,0.099029541015625,0.037194073348511644,True,True,False,False,Found in isolated instrument folder,False,
Vocals,vocals,saraga_0035_vocals.wav,Vocals\saraga_0035_vocals.wav,.wav,WAV,44100,1,PCM_16,,1614.8599319727891,71215323,142430690,0.011462937109172344,0.2889404296875,0.04624826317223893,True,True,False,False,Found in isolated instrument folder,False,
Vocals,vocals,saraga_0036_vocals.wav,Vocals\saraga_0036_vocals.wav,.wav,WAV,44100,1,PCM_16,,339.150566893424,14956540,29913124,0.022319406270980835,0.280670166015625,0.011218102582549173,True,True,False,False,Found in isolated instrument folder,False,
Vocals,vocals,saraga_0037_vocals.wav,Vocals\saraga_0037_vocals.wav,.wav,WAV,44100,1,PCM_16,,454.7759637188209,20055620,40111284,0.025404343381524086,0.28875732421875,0.01318328727807966,True,True,False,False,Found in isolated instrument folder,False,
Vocals,vocals,saraga_0038_vocals.wav,Vocals\saraga_0038_vocals.wav,.wav,WAV,44100,1,PCM_16,,640.9402494331066,28265465,56530974,0.021310897544026375,0.313568115234375,0.016704979026525832,True,True,False,False,Found in isolated instrument folder,False,
Vocals,vocals,saraga_0039_vocals.wav,Vocals\saraga_0039_vocals.wav,.wav,WAV,44100,1,PCM_16,,3002.720770975057,132419986,264840016,0.013076615519821644,0.404541015625,0.03183897784130562,True,True,False,False,Found in isolated instrument folder,False,
Vocals,vocals,saraga_0040_vocals.wav,Vocals\saraga_0040_vocals.wav,.wav,WAV,44100,1,PCM_16,,2026.657641723356,89375602,178751248,0.0171608105301857,0.625579833984375,0.031488022872282306,True,True,False,False,Found in isolated instrument folder,False,
Vocals,vocals,saraga_0041_vocals.wav,Vocals\saraga_0041_vocals.wav,.wav,WAV,44100,1,PCM_16,,356.7192517006803,15731319,31462682,0.02433205395936966,0.253204345703125,0.011032768453808609,True,True,False,False,Found in isolated instrument folder,False,
Vocals,vocals,saraga_0042_vocals.wav,Vocals\saraga_0042_vocals.wav,.wav,WAV,44100,1,PCM_16,,773.3580272108843,34105089,68210222,0.020977430045604706,0.300140380859375,0.017267217804357585,True,True,False,False,Found in isolated instrument folder,False,
Vocals,vocals,saraga_0043_vocals.wav,Vocals\saraga_0043_vocals.wav,.wav,WAV,44100,1,PCM_16,,110.14551020408163,4857417,9714878,0.015105533413589,0.13739013671875,0.015423217730740433,True,True,False,False,Found in isolated instrument folder,False,
Vocals,vocals,saraga_0044_vocals.wav,Vocals\saraga_0044_vocals.wav,.wav,WAV,44100,1,PCM_16,,364.7390476190476,16084992,32170028,0.00893218070268631,0.0926513671875,0.030324478868251847,True,True,False,False,Found in isolated instrument folder,False,
Vocals,vocals,saraga_0045_vocals.wav,Vocals\saraga_0045_vocals.wav,.wav,WAV,44100,1,PCM_16,,709.1956689342404,31275529,62551102,0.01115760300308466,0.972991943359375,0.031053607438582414,True,True,False,False,Found in isolated instrument folder,False,
Vocals,vocals,saraga_0046_vocals.wav,Vocals\saraga_0046_vocals.wav,.wav,WAV,44100,1,PCM_16,,291.0040816326531,12833280,25666604,0.010687924921512604,0.291015625,0.025658755984440455,True,True,False,False,Found in isolated instrument folder,False,
Vocals,vocals,saraga_0047_vocals.wav,Vocals\saraga_0047_vocals.wav,.wav,WAV,44100,1,PCM_16,,2541.8173922902492,112094147,224188338,0.01015939749777317,0.5244140625,0.03222399292623191,True,True,False,False,Found in isolated instrument folder,False,
Vocals,vocals,saraga_0048_vocals.wav,Vocals\saraga_0048_vocals.wav,.wav,WAV,44100,1,PCM_16,,1441.1232653061224,63553536,127107116,0.010276650078594685,0.257568359375,0.03013986507375451,True,True,False,False,Found in isolated instrument folder,False,
Vocals,vocals,saraga_0049_vocals.wav,Vocals\saraga_0049_vocals.wav,.wav,WAV,44100,1,PCM_16,,252.7958276643991,11148296,22296636,0.0075340052135288715,0.256134033203125,0.06314579376076847,True,True,False,False,Found in isolated instrument folder,False,
Vocals,vocals,saraga_0050_vocals.wav,Vocals\saraga_0050_vocals.wav,.wav,WAV,44100,1,PCM_16,,299.0730158730159,13189120,26378284,0.012248934246599674,0.15509033203125,0.029663313397709626,True,True,False,False,Found in isolated instrument folder,False,
Vocals,vocals,saraga_0051_vocals.wav,Vocals\saraga_0051_vocals.wav,.wav,WAV,44100,1,PCM_16,,249.0354195011338,10982462,21964968,0.01277866866439581,0.164306640625,0.019794468671960806,True,True,False,False,Found in isolated instrument folder,False,
Vocals,vocals,saraga_0052_vocals.wav,Vocals\saraga_0052_vocals.wav,.wav,WAV,44100,1,PCM_16,,1589.9048526077097,70114804,140229652,0.015769343823194504,0.255126953125,0.06995742297161667,True,True,False,False,Found in isolated instrument folder,False,
Vocals,vocals,saraga_0053_vocals.wav,Vocals\saraga_0053_vocals.wav,.wav,WAV,44100,1,PCM_16,,581.814716553288,25658029,51316102,0.018238762393593788,0.1689453125,0.023163002894727416,True,True,False,False,Found in isolated instrument folder,False,
Vocals,vocals,saraga_0054_vocals.wav,Vocals\saraga_0054_vocals.wav,.wav,WAV,44100,1,PCM_16,,248.86716553287982,10975042,21950128,0.01752789504826069,0.152679443359375,0.02517748907020128,True,True,False,False,Found in isolated instrument folder,False,
Vocals,vocals,saraga_0055_vocals.wav,Vocals\saraga_0055_vocals.wav,.wav,WAV,44100,1,PCM_16,,793.6454195011338,34999763,69999570,0.01670013926923275,0.194427490234375,0.04400255510301598,True,True,False,False,Found in isolated instrument folder,False,
Vocals,vocals,saraga_0056_vocals.wav,Vocals\saraga_0056_vocals.wav,.wav,WAV,44100,1,PCM_16,,493.2302947845805,21751456,43502956,0.017487313598394394,0.174560546875,0.031232254061521216,True,True,False,False,Found in isolated instrument folder,False,
Vocals,vocals,saraga_0057_vocals.wav,Vocals\saraga_0057_vocals.wav,.wav,WAV,44100,1,PCM_16,,348.21453514739227,15356261,30712566,0.018934298306703568,0.154449462890625,0.028184399835350545,True,True,False,False,Found in isolated instrument folder,False,
Vocals,vocals,saraga_0058_vocals.wav,Vocals\saraga_0058_vocals.wav,.wav,WAV,44100,1,PCM_16,,2235.8468480725624,98600846,197201736,0.01330239325761795,0.22509765625,0.10689071572469064,True,True,False,False,Found in isolated instrument folder,False,
Vocals,vocals,saraga_0059_vocals.wav,Vocals\saraga_0059_vocals.wav,.wav,WAV,44100,1,PCM_16,,78.8692970521542,3478136,6956316,0.01634584367275238,0.12188720703125,0.04992760490101595,True,True,False,False,Found in isolated instrument folder,False,
Vocals,vocals,saraga_0060_vocals.wav,Vocals\saraga_0060_vocals.wav,.wav,WAV,44100,1,PCM_16,,316.44167800453516,13955078,27910200,0.019597815349698067,0.19586181640625,0.023309292860992967,True,True,False,False,Found in isolated instrument folder,False,
Vocals,vocals,saraga_0061_vocals.wav,Vocals\saraga_0061_vocals.wav,.wav,WAV,44100,1,PCM_16,,478.0599319727891,21082443,42164930,0.01810138113796711,0.192718505859375,0.020693854123072928,True,True,False,False,Found in isolated instrument folder,False,
Vocals,vocals,saraga_0062_vocals.wav,Vocals\saraga_0062_vocals.wav,.wav,WAV,44100,1,PCM_16,,1494.4038775510205,65903211,131806466,0.008391321636736393,0.14404296875,0.08034737487980669,True,True,False,False,Found in isolated instrument folder,False,
Vocals,vocals,saraga_0063_vocals.wav,Vocals\saraga_0063_vocals.wav,.wav,WAV,44100,1,PCM_16,,393.5757596371882,17356691,34713426,0.01797449216246605,0.19189453125,0.02146757120928177,True,True,False,False,Found in isolated instrument folder,False,
Vocals,vocals,saraga_0064_vocals.wav,Vocals\saraga_0064_vocals.wav,.wav,WAV,44100,1,PCM_16,,300.8192970521542,13266131,26532306,0.015341841615736485,0.1959228515625,0.03565071082141432,True,True,False,False,Found in isolated instrument folder,False,
Vocals,vocals,saraga_0065_vocals.wav,Vocals\saraga_0065_vocals.wav,.wav,WAV,44100,1,PCM_16,,80.09643990929705,3532253,7064550,0.022294336929917336,0.156646728515625,0.015050733908358207,True,True,False,False,Found in isolated instrument folder,False,
Vocals,vocals,saraga_0066_vocals.wav,Vocals\saraga_0066_vocals.wav,.wav,WAV,44100,1,PCM_16,,4580.078843537415,201981477,403962998,0.007192154414951801,0.14825439453125,0.09151854058379819,True,True,False,False,Found in isolated instrument folder,False,
Vocals,vocals,saraga_0067_vocals.wav,Vocals\saraga_0067_vocals.wav,.wav,WAV,44100,1,PCM_16,,251.5299546485261,11092471,22184986,0.018215646967291832,0.181396484375,0.018423487426741977,True,True,False,False,Found in isolated instrument folder,False,
Vocals,vocals,saraga_0068_vocals.wav,Vocals\saraga_0068_vocals.wav,.wav,WAV,44100,1,PCM_16,,361.34707482993196,15935406,31870856,0.02107127010822296,0.2781982421875,0.019669533364885715,True,True,False,False,Found in isolated instrument folder,False,
Vocals,vocals,saraga_0069_vocals.wav,Vocals\saraga_0069_vocals.wav,.wav,WAV,44100,1,PCM_16,,422.001156462585,18610251,37220546,0.014446012675762177,0.165313720703125,0.030774329696036877,True,True,False,False,Found in isolated instrument folder,False,
Vocals,vocals,saraga_0070_vocals.wav,Vocals\saraga_0070_vocals.wav,.wav,WAV,44100,1,PCM_16,,226.36666666666667,9982770,19965584,0.02749701775610447,0.2806396484375,0.008384746918941336,True,True,False,False,Found in isolated instrument folder,False,
Vocals,vocals,saraga_0071_vocals.wav,Vocals\saraga_0071_vocals.wav,.wav,WAV,44100,1,PCM_16,,301.5330612244898,13297608,26595260,0.020217465236783028,0.205352783203125,0.01068402678135797,True,True,False,False,Found in isolated instrument folder,False,
Vocals,vocals,saraga_0072_vocals.wav,Vocals\saraga_0072_vocals.wav,.wav,WAV,44100,1,PCM_16,,1140.6973242630386,50304752,100609548,0.016619285568594933,0.326873779296875,0.03044151773176419,True,True,False,False,Found in isolated instrument folder,False,
Vocals,vocals,saraga_0073_vocals.wav,Vocals\saraga_0073_vocals.wav,.wav,WAV,44100,1,PCM_16,,391.08274376417233,17246749,34493542,0.024877315387129784,0.2677001953125,0.011925667846154658,True,True,False,False,Found in isolated instrument folder,False,
Vocals,vocals,saraga_0074_vocals.wav,Vocals\saraga_0074_vocals.wav,.wav,WAV,44100,1,PCM_16,,341.5843990929705,15063872,30127788,0.018274866044521332,0.2412109375,0.01829834985321171,True,True,False,False,Found in isolated instrument folder,False,
Vocals,vocals,saraga_0075_vocals.wav,Vocals\saraga_0075_vocals.wav,.wav,WAV,44100,1,PCM_16,,2276.101746031746,100376087,200752218,0.015546160750091076,0.239471435546875,0.03975520583901622,True,True,False,False,Found in isolated instrument folder,False,
Vocals,vocals,saraga_0076_vocals.wav,Vocals\saraga_0076_vocals.wav,.wav,WAV,44100,1,PCM_16,,57.45065759637188,2533574,5067192,0.01872267760336399,0.168243408203125,0.012015437480807745,True,True,False,False,Found in isolated instrument folder,False,
Vocals,vocals,saraga_0077_vocals.wav,Vocals\saraga_0077_vocals.wav,.wav,WAV,44100,1,PCM_16,,2332.52358276644,102864290,205728624,0.013030714355409145,0.234649658203125,0.052142380995387226,True,True,False,False,Found in isolated instrument folder,False,
Vocals,vocals,saraga_0078_vocals.wav,Vocals\saraga_0078_vocals.wav,.wav,WAV,44100,1,PCM_16,,447.3849433106576,19729676,39459396,0.01899055950343609,0.23675537109375,0.021416672022389015,True,True,False,False,Found in isolated instrument folder,False,
Vocals,vocals,saraga_0079_vocals.wav,Vocals\saraga_0079_vocals.wav,.wav,WAV,44100,1,PCM_16,,266.9562585034014,11772771,23545586,0.027775838971138,0.32867431640625,0.011761462106075113,True,True,False,False,Found in isolated instrument folder,False,
Vocals,vocals,saraga_0080_vocals.wav,Vocals\saraga_0080_vocals.wav,.wav,WAV,44100,1,PCM_16,,343.33351473922903,15141008,30282060,0.025569934397935867,0.265472412109375,0.011961885232475936,True,True,False,False,Found in isolated instrument folder,False,
Vocals,vocals,saraga_0081_vocals.wav,Vocals\saraga_0081_vocals.wav,.wav,WAV,44100,1,PCM_16,,801.7316099773243,35356364,70712772,0.010712169110774994,0.12396240234375,0.01792359078552308,True,True,False,False,Found in isolated instrument folder,False,
Vocals,vocals,saraga_0082_vocals.wav,Vocals\saraga_0082_vocals.wav,.wav,WAV,44100,1,PCM_16,,310.5972789115646,13697340,27394724,0.012748249806463718,0.13140869140625,0.015298152780028823,True,True,False,False,Found in isolated instrument folder,False,
Vocals,vocals,saraga_0083_vocals.wav,Vocals\saraga_0083_vocals.wav,.wav,WAV,44100,1,PCM_16,,441.83775510204083,19485045,38970134,0.011053384281694889,0.139373779296875,0.026508894385411992,True,True,False,False,Found in isolated instrument folder,False,
Vocals,vocals,saraga_0084_vocals.wav,Vocals\saraga_0084_vocals.wav,.wav,WAV,44100,1,PCM_16,,1325.7156462585035,58464060,116928164,0.009517737664282322,0.140411376953125,0.03323416129499046,True,True,False,False,Found in isolated instrument folder,False,
Vocals,vocals,saraga_0085_vocals.wav,Vocals\saraga_0085_vocals.wav,.wav,WAV,44100,1,PCM_16,,231.9984126984127,10231130,20462304,0.011364138685166836,0.131439208984375,0.017523870774782454,True,True,False,False,Found in isolated instrument folder,False,
Vocals,vocals,saraga_0086_vocals.wav,Vocals\saraga_0086_vocals.wav,.wav,WAV,44100,1,PCM_16,,187.51478458049885,8269402,16538848,0.00892480369657278,0.082916259765625,0.022218535270144082,True,True,False,False,Found in isolated instrument folder,False,
Vocals,vocals,saraga_0087_vocals.wav,Vocals\saraga_0087_vocals.wav,.wav,WAV,44100,1,PCM_16,,302.51460317460317,13340894,26681832,0.012971565127372742,0.1864013671875,0.016083329947753126,True,True,False,False,Found in isolated instrument folder,False,
Vocals,vocals,saraga_0088_vocals.wav,Vocals\saraga_0088_vocals.wav,.wav,WAV,44100,1,PCM_16,,123.07959183673469,5427810,10855664,0.014611427672207355,0.15875244140625,0.013804831046038826,True,True,False,False,Found in isolated instrument folder,False,
Vocals,vocals,saraga_0089_vocals.wav,Vocals\saraga_0089_vocals.wav,.wav,WAV,44100,1,PCM_16,,471.83891156462585,20808096,41616236,0.013053268194198608,0.217803955078125,0.020131491127299683,True,True,False,False,Found in isolated instrument folder,False,
Vocals,vocals,saraga_0090_vocals.wav,Vocals\saraga_0090_vocals.wav,.wav,WAV,44100,1,PCM_16,,892.795306122449,39372273,78744590,0.010563777759671211,0.1146240234375,0.032358583920212076,True,True,False,False,Found in isolated instrument folder,False,
Vocals,vocals,saraga_0091_vocals.wav,Vocals\saraga_0091_vocals.wav,.wav,WAV,44100,1,PCM_16,,208.54891156462585,9197007,18394058,0.010552804917097092,0.10284423828125,0.016720548326210907,True,True,False,False,Found in isolated instrument folder,False,
Vocals,vocals,saraga_0092_vocals.wav,Vocals\saraga_0092_vocals.wav,.wav,WAV,44100,1,PCM_16,,717.4289569160998,31638617,63277278,0.011439019814133644,0.18133544921875,0.02107310822088083,True,True,False,False,Found in isolated instrument folder,False,
Vocals,vocals,saraga_0093_vocals.wav,Vocals\saraga_0093_vocals.wav,.wav,WAV,44100,1,PCM_16,,1509.7886848072562,66581681,133163406,0.008837231434881687,0.14886474609375,0.03309070853888474,True,True,False,False,Found in isolated instrument folder,False,
Vocals,vocals,saraga_0094_vocals.wav,Vocals\saraga_0094_vocals.wav,.wav,WAV,44100,1,PCM_16,,277.4701133786848,12236432,24472908,0.011050650849938393,0.09844970703125,0.016229812742799533,True,True,False,False,Found in isolated instrument folder,False,
Vocals,vocals,saraga_0095_vocals.wav,Vocals\saraga_0095_vocals.wav,.wav,WAV,44100,1,PCM_16,,2014.5843310657597,88843169,177686382,0.00930691696703434,0.2733154296875,0.07812329386854718,True,True,False,False,Found in isolated instrument folder,False,
Vocals,vocals,saraga_0096_vocals.wav,Vocals\saraga_0096_vocals.wav,.wav,WAV,44100,1,PCM_16,,937.9821541950114,41365013,82730070,0.009641849435865879,0.123199462890625,0.055775952493959086,True,True,False,False,Found in isolated instrument folder,False,
Vocals,vocals,saraga_0097_vocals.wav,Vocals\saraga_0097_vocals.wav,.wav,WAV,44100,1,PCM_16,,396.9187528344671,17504117,35008278,0.00693444162607193,0.066314697265625,0.07971690317197948,True,True,False,False,Found in isolated instrument folder,False,
Vocals,vocals,saraga_0098_vocals.wav,Vocals\saraga_0098_vocals.wav,.wav,WAV,44100,1,PCM_16,,1134.2208616780044,50019140,100038324,0.01004077773541212,0.169952392578125,0.06756675544601526,True,True,False,False,Found in isolated instrument folder,False,
Vocals,vocals,saraga_0099_vocals.wav,Vocals\saraga_0099_vocals.wav,.wav,WAV,44100,1,PCM_16,,511.0785487528345,22538564,45077172,0.0051270341500639915,0.055267333984375,0.08645306772871598,True,True,False,False,Found in isolated instrument folder,False,
Vocals,vocals,saraga_0100_vocals.wav,Vocals\saraga_0100_vocals.wav,.wav,WAV,44100,1,PCM_16,,447.2359183673469,19723104,39446252,0.010705366730690002,0.11688232421875,0.026655033609314233,True,True,False,False,Found in isolated instrument folder,False,
Vocals,vocals,saraga_0101_vocals.wav,Vocals\saraga_0101_vocals.wav,.wav,WAV,44100,1,PCM_16,,2689.1156009070296,118589998,237180040,0.007730325683951378,0.16058349609375,0.04386683605475733,True,True,False,False,Found in isolated instrument folder,False,
Vocals,vocals,saraga_0102_vocals.wav,Vocals\saraga_0102_vocals.wav,.wav,WAV,44100,1,PCM_16,,214.8795918367347,9476190,18952424,0.009619851596653461,0.09344482421875,0.01683070938847786,True,True,False,False,Found in isolated instrument folder,False,
Vocals,vocals,saraga_0103_vocals.wav,Vocals\saraga_0103_vocals.wav,.wav,WAV,44100,1,PCM_16,,320.35192743764173,14127520,28255084,0.009911639615893364,0.075469970703125,0.01610027803889147,True,True,False,False,Found in isolated instrument folder,False,
Vocals,vocals,saraga_0104_vocals.wav,Vocals\saraga_0104_vocals.wav,.wav,WAV,44100,1,PCM_16,,315.60201814058956,13918049,27836142,0.010982070118188858,0.1092529296875,0.015726916897619774,True,True,False,False,Found in isolated instrument folder,False,
Vocals,vocals,saraga_0105_vocals.wav,Vocals\saraga_0105_vocals.wav,.wav,WAV,44100,1,PCM_16,,893.4032199546485,39399082,78798208,0.009225365705788136,0.094879150390625,0.03578106210698006,True,True,False,False,Found in isolated instrument folder,False,
Vocals,vocals,saraga_0106_vocals.wav,Vocals\saraga_0106_vocals.wav,.wav,WAV,44100,1,PCM_16,,1203.1173242630387,53057474,106114992,0.009705589152872562,0.161865234375,0.0328331122586047,True,True,False,False,Found in isolated instrument folder,False,
Vocals,vocals,saraga_0107_vocals.wav,Vocals\saraga_0107_vocals.wav,.wav,WAV,44100,1,PCM_16,,262.77761904761905,11588493,23177030,0.009705128148198128,0.09722900390625,0.017414257401717377,True,True,False,False,Found in isolated instrument folder,False,
Vocals,vocals,saraga_0108_vocals.wav,Vocals\saraga_0108_vocals.wav,.wav,WAV,44100,1,PCM_16,,258.85755102040815,11415618,22831280,0.011481794528663158,0.112548828125,0.01403953776308913,True,True,False,False,Found in isolated instrument folder,False,
Vocals,vocals,saraga_0109_vocals.wav,Vocals\saraga_0109_vocals.wav,.wav,WAV,44100,1,PCM_16,,476.18380952380954,20999706,41999456,0.006796096917241812,0.077880859375,0.039501362542885124,True,True,False,False,Found in isolated instrument folder,False,
Vocals,vocals,saraga_0110_vocals.wav,Vocals\saraga_0110_vocals.wav,.wav,WAV,44100,1,PCM_16,,804.9600453514739,35498738,70997520,0.005303945392370224,0.07403564453125,0.04619567039256438,True,True,False,False,Found in isolated instrument folder,False,
Vocals,vocals,saraga_0111_vocals.wav,Vocals\saraga_0111_vocals.wav,.wav,WAV,44100,1,PCM_16,,821.8812698412698,36244964,72489972,0.005995465908199549,0.092041015625,0.03993680335839208,True,True,False,False,Found in isolated instrument folder,False,
Vocals,vocals,saraga_0112_vocals.wav,Vocals\saraga_0112_vocals.wav,.wav,WAV,44100,1,PCM_16,,1400.2042630385488,61749008,123498060,0.004758458584547043,0.1014404296875,0.06744942364094335,True,True,False,False,Found in isolated instrument folder,False,
Vocals,vocals,saraga_0113_vocals.wav,Vocals\saraga_0113_vocals.wav,.wav,WAV,44100,1,PCM_16,,299.1020408163265,13190400,26380844,0.00969548337161541,0.098785400390625,0.020111444687045125,True,True,False,False,Found in isolated instrument folder,False,
Vocals,vocals,saraga_0114_vocals.wav,Vocals\saraga_0114_vocals.wav,.wav,WAV,44100,1,PCM_16,,422.1757596371882,18617951,37235946,0.0076792179606854916,0.1141357421875,0.02478801238654028,True,True,False,False,Found in isolated instrument folder,False,
Vocals,vocals,saraga_0115_vocals.wav,Vocals\saraga_0115_vocals.wav,.wav,WAV,44100,1,PCM_16,,189.08020408163264,8338437,16676918,0.008410923182964325,0.085601806640625,0.022582649482151152,True,True,False,False,Found in isolated instrument folder,False,
Vocals,vocals,saraga_0116_vocals.wav,Vocals\saraga_0116_vocals.wav,.wav,WAV,44100,1,PCM_16,,1732.4631972789116,76401627,152803298,0.007618142291903496,0.123199462890625,0.06882322021754851,True,True,False,False,Found in isolated instrument folder,False,
Vocals,vocals,saraga_0117_vocals.wav,Vocals\saraga_0117_vocals.wav,.wav,WAV,44100,1,PCM_16,,600.1184807256236,26465225,52930494,0.01004920993000269,0.156036376953125,0.028158385201712814,True,True,False,False,Found in isolated instrument folder,False,
Vocals,vocals,saraga_0118_vocals.wav,Vocals\saraga_0118_vocals.wav,.wav,WAV,44100,1,PCM_16,,3161.143492063492,139406428,278812900,0.006806149147450924,0.126708984375,0.06262095030510358,True,True,False,False,Found in isolated instrument folder,False,
Vocals,vocals,saraga_0119_vocals.wav,Vocals\saraga_0119_vocals.wav,.wav,WAV,44100,1,PCM_16,,210.3736507936508,9277478,18555000,0.01040419191122055,0.090576171875,0.022601293153160805,True,True,False,False,Found in isolated instrument folder,False,
Vocals,vocals,saraga_0120_vocals.wav,Vocals\saraga_0120_vocals.wav,.wav,WAV,44100,1,PCM_16,,321.1894557823129,14164455,28328954,0.009634709917008877,0.089263916015625,0.023766110309221215,True,True,False,False,Found in isolated instrument folder,False,
Vocals,vocals,saraga_0121_vocals.wav,Vocals\saraga_0121_vocals.wav,.wav,WAV,44100,1,PCM_16,,307.2377551020408,13549185,27098414,0.013125982135534286,0.146331787109375,0.020637994093371668,True,True,False,False,Found in isolated instrument folder,False,
Vocals,vocals,saraga_0122_vocals.wav,Vocals\saraga_0122_vocals.wav,.wav,WAV,44100,1,PCM_16,,304.8163038548753,13442399,26884842,0.009872021153569221,0.12725830078125,0.020024550677300978,True,True,False,False,Found in isolated instrument folder,False,
Vocals,vocals,saraga_0123_vocals.wav,Vocals\saraga_0123_vocals.wav,.wav,WAV,44100,1,PCM_16,,287.12009070294783,12661996,25324036,0.007933306507766247,0.095916748046875,0.026119341689888387,True,True,False,False,Found in isolated instrument folder,False,
Vocals,vocals,saraga_0124_vocals.wav,Vocals\saraga_0124_vocals.wav,.wav,WAV,44100,1,PCM_16,,131.42743764172334,5795950,11591944,0.010888098739087582,0.0948486328125,0.01802154953027545,True,True,False,False,Found in isolated instrument folder,False,
Vocals,vocals,saraga_0125_vocals.wav,Vocals\saraga_0125_vocals.wav,.wav,WAV,44100,1,PCM_16,,30.484965986394556,1344387,2688818,0.005281066056340933,0.037139892578125,0.03324414770449283,True,True,False,False,Found in isolated instrument folder,False,
Vocals,vocals,saraga_0126_vocals.wav,Vocals\saraga_0126_vocals.wav,.wav,WAV,44100,1,PCM_16,,2596.8514965986396,114521151,229042346,0.007284645922482014,0.18011474609375,0.0413332118885183,True,True,False,False,Found in isolated instrument folder,False,
Vocals,vocals,saraga_0127_vocals.wav,Vocals\saraga_0127_vocals.wav,.wav,WAV,44100,1,PCM_16,,2092.7702267573695,92291167,184582378,0.008514834567904472,0.11505126953125,0.035717426782565224,True,True,False,False,Found in isolated instrument folder,False,
Vocals,vocals,saraga_0128_vocals.wav,Vocals\saraga_0128_vocals.wav,.wav,WAV,44100,1,PCM_16,,347.3209523809524,15316854,30633752,0.01034664735198021,0.115234375,0.019998166725360183,True,True,False,False,Found in isolated instrument folder,False,
Vocals,vocals,saraga_0129_vocals.wav,Vocals\saraga_0129_vocals.wav,.wav,WAV,44100,1,PCM_16,,266.6716553287982,11760220,23520484,0.011037458665668964,0.117645263671875,0.01983321740579683,True,True,False,False,Found in isolated instrument folder,False,
Vocals,vocals,saraga_0130_vocals.wav,Vocals\saraga_0130_vocals.wav,.wav,WAV,44100,1,PCM_16,,271.90256235827667,11990903,23981850,0.008816522546112537,0.075286865234375,0.018454907024099854,True,True,False,False,Found in isolated instrument folder,False,
Vocals,vocals,saraga_0131_vocals.wav,Vocals\saraga_0131_vocals.wav,.wav,WAV,44100,1,PCM_16,,222.7155782312925,9821757,19643558,0.010740958154201508,0.105743408203125,0.014604311631819031,True,True,False,False,Found in isolated instrument folder,False,
Vocals,vocals,saraga_0132_vocals.wav,Vocals\saraga_0132_vocals.wav,.wav,WAV,44100,1,PCM_16,,517.0948979591836,22803885,45607814,0.007774917874485254,0.0869140625,0.026345203898370827,True,True,False,False,Found in isolated instrument folder,False,
Vocals,vocals,saraga_0133_vocals.wav,Vocals\saraga_0133_vocals.wav,.wav,WAV,44100,1,PCM_16,,732.6012244897959,32307714,64615472,0.012868668884038925,0.17449951171875,0.042217935939385866,True,True,False,False,Found in isolated instrument folder,False,
Vocals,vocals,saraga_0134_vocals.wav,Vocals\saraga_0134_vocals.wav,.wav,WAV,44100,1,PCM_16,,2062.2555555555555,90945470,181890984,0.011192861013114452,0.294097900390625,0.055141262121136986,True,True,False,False,Found in isolated instrument folder,False,
Vocals,vocals,saraga_0135_vocals.wav,Vocals\saraga_0135_vocals.wav,.wav,WAV,44100,1,PCM_16,,1787.5548299319728,78831168,157662380,0.01278406847268343,0.348358154296875,0.062045497029804254,True,True,False,False,Found in isolated instrument folder,False,
Vocals,vocals,saraga_0136_vocals.wav,Vocals\saraga_0136_vocals.wav,.wav,WAV,44100,1,PCM_16,,224.36068027210885,9894306,19788656,0.01503723580390215,0.127593994140625,0.029825234837087107,True,True,False,False,Found in isolated instrument folder,False,
Vocals,vocals,saraga_0137_vocals.wav,Vocals\saraga_0137_vocals.wav,.wav,WAV,44100,1,PCM_16,,426.8574149659864,18824412,37648868,0.015619862824678421,0.212738037109375,0.029837319752670097,True,True,False,False,Found in isolated instrument folder,False,
Vocals,vocals,saraga_0138_vocals.wav,Vocals\saraga_0138_vocals.wav,.wav,WAV,44100,1,PCM_16,,337.26337868480726,14873315,29746674,0.015310480259358883,0.178253173828125,0.022261748641778916,True,True,False,False,Found in isolated instrument folder,False,
Vocals,vocals,saraga_0139_vocals.wav,Vocals\saraga_0139_vocals.wav,.wav,WAV,44100,1,PCM_16,,1744.2359410430838,76920805,153841654,0.015390281565487385,0.208953857421875,0.02655793838871031,True,True,False,False,Found in isolated instrument folder,False,
Vocals,vocals,saraga_0140_vocals.wav,Vocals\saraga_0140_vocals.wav,.wav,WAV,44100,1,PCM_16,,3252.9758049886623,143456233,286912510,0.01156324241310358,0.186004638671875,0.033296085503653226,True,True,False,False,Found in isolated instrument folder,False,
Vocals,vocals,saraga_0141_vocals.wav,Vocals\saraga_0141_vocals.wav,.wav,WAV,44100,1,PCM_16,,323.01739229024946,14245067,28490178,0.020085707306861877,0.2037353515625,0.012058841141287717,True,True,False,False,Found in isolated instrument folder,False,
Vocals,vocals,saraga_0142_vocals.wav,Vocals\saraga_0142_vocals.wav,.wav,WAV,44100,1,PCM_16,,826.6892517006803,36456996,72914036,0.017228087410330772,0.175689697265625,0.020072937441142982,True,True,False,False,Found in isolated instrument folder,False,
Vocals,vocals,saraga_0143_vocals.wav,Vocals\saraga_0143_vocals.wav,.wav,WAV,44100,1,PCM_16,,762.1253514739229,33609728,67219500,0.020039532333612442,0.199920654296875,0.010095737757830113,True,True,False,False,Found in isolated instrument folder,False,
Vocals,vocals,saraga_0144_vocals.wav,Vocals\saraga_0144_vocals.wav,.wav,WAV,44100,1,PCM_16,,425.67648526077096,18772333,37544710,0.01980997808277607,0.27471923828125,0.009015661505684988,True,True,False,False,Found in isolated instrument folder,False,
Vocals,vocals,saraga_0145_vocals.wav,Vocals\saraga_0145_vocals.wav,.wav,WAV,44100,1,PCM_16,,649.2687301587301,28632751,57265546,0.015748728066682816,0.19671630859375,0.017615911233957227,True,True,False,False,Found in isolated instrument folder,False,
Vocals,vocals,saraga_0146_vocals.wav,Vocals\saraga_0146_vocals.wav,.wav,WAV,44100,1,PCM_16,,57.601768707483,2540238,5080520,0.017458686605095863,0.12847900390625,0.010463586482841371,True,True,False,False,Found in isolated instrument folder,False,
Vocals,vocals,saraga_0147_vocals.wav,Vocals\saraga_0147_vocals.wav,.wav,WAV,44100,1,PCM_16,,69.23809523809524,3053400,6106844,0.010007577016949654,0.076019287109375,0.03248378856356848,True,True,False,False,Found in isolated instrument folder,False,
Vocals,vocals,saraga_0148_vocals.wav,Vocals\saraga_0148_vocals.wav,.wav,WAV,44100,1,PCM_16,,500.44378684807253,22069571,44139186,0.013216638006269932,0.12896728515625,0.016642144969650746,True,True,False,False,Found in isolated instrument folder,False,
Vocals,vocals,saraga_0149_vocals.wav,Vocals\saraga_0149_vocals.wav,.wav,WAV,44100,1,PCM_16,,85.27616780045352,3760679,7521402,0.017385829240083694,0.16925048828125,0.014751059582591335,True,True,False,False,Found in isolated instrument folder,False,
Vocals,vocals,saraga_0150_vocals.wav,Vocals\saraga_0150_vocals.wav,.wav,WAV,44100,1,PCM_16,,195.23267573696145,8609761,17219566,0.018614327535033226,0.244232177734375,0.013577844959923974,True,True,False,False,Found in isolated instrument folder,False,
Vocals,vocals,saraga_0151_vocals.wav,Vocals\saraga_0151_vocals.wav,.wav,WAV,44100,1,PCM_16,,340.8079365079365,15029630,30059304,0.016048118472099304,0.204803466796875,0.01465804547417335,True,True,False,False,Found in isolated instrument folder,False,
Vocals,vocals,saraga_0152_vocals.wav,Vocals\saraga_0152_vocals.wav,.wav,WAV,44100,1,PCM_16,,1364.2438548752834,60163154,120326352,0.012242080643773079,0.19757080078125,0.050256956275929285,True,True,False,False,Found in isolated instrument folder,False,
Vocals,vocals,saraga_0153_vocals.wav,Vocals\saraga_0153_vocals.wav,.wav,WAV,44100,1,PCM_16,,2357.1863265306124,103951917,207903878,0.011106504127383232,0.195037841796875,0.057578226287063085,True,True,False,False,Found in isolated instrument folder,False,
Vocals,vocals,saraga_0154_vocals.wav,Vocals\saraga_0154_vocals.wav,.wav,WAV,44100,1,PCM_16,,382.06111111111113,16848895,33697834,0.01573970727622509,0.21014404296875,0.01483355436662167,True,True,False,False,Found in isolated instrument folder,False,
Vocals,vocals,saraga_0155_vocals.wav,Vocals\saraga_0155_vocals.wav,.wav,WAV,44100,1,PCM_16,,1803.5724489795919,79537545,159075134,0.0092488257214427,0.137451171875,0.09531423178827056,True,True,False,False,Found in isolated instrument folder,False,
Vocals,vocals,saraga_0156_vocals.wav,Vocals\saraga_0156_vocals.wav,.wav,WAV,44100,1,PCM_16,,423.51603174603173,18677057,37354158,0.022453706711530685,0.22418212890625,0.015673936209543077,True,True,False,False,Found in isolated instrument folder,False,
Vocals,vocals,saraga_0157_vocals.wav,Vocals\saraga_0157_vocals.wav,.wav,WAV,44100,1,PCM_16,,275.9784580498866,12170650,24341344,0.02186339534819126,0.304046630859375,0.01710549559801654,True,True,False,False,Found in isolated instrument folder,False,
Vocals,vocals,saraga_0158_vocals.wav,Vocals\saraga_0158_vocals.wav,.wav,WAV,44100,1,PCM_16,,33.23809523809524,1465800,2931644,0.026282262057065964,0.17376708984375,0.02635216264156092,True,True,False,False,Found in isolated instrument folder,False,
Vocals,vocals,saraga_0159_vocals.wav,Vocals\saraga_0159_vocals.wav,.wav,WAV,44100,1,PCM_16,,241.55954648526077,10652776,21305596,0.022334182634949684,0.2325439453125,0.015764623230602053,True,True,False,False,Found in isolated instrument folder,False,
Vocals,vocals,saraga_0160_vocals.wav,Vocals\saraga_0160_vocals.wav,.wav,WAV,44100,1,PCM_16,,629.7207029478458,27770683,55541410,0.014785738661885262,0.16650390625,0.07695277066106009,True,True,False,False,Found in isolated instrument folder,False,
Vocals,vocals,saraga_0161_vocals.wav,Vocals\saraga_0161_vocals.wav,.wav,WAV,44100,1,PCM_16,,426.40891156462584,18804633,37609310,0.019732052460312843,0.28131103515625,0.036973335241373764,True,True,False,False,Found in isolated instrument folder,False,
Vocals,vocals,saraga_0162_vocals.wav,Vocals\saraga_0162_vocals.wav,.wav,WAV,44100,1,PCM_16,,1161.2631065759638,51211703,102423450,0.011592482216656208,0.144500732421875,0.07655234585735217,True,True,False,False,Found in isolated instrument folder,False,
