dataset,filename,relative_path,problem_type,duration_seconds,sample_rate,channels,recommended_action,reason
Dholak,Dholak Sample - 26.wav,Dholak\Dholak Sample - 26.wav,EXTREMELY_SHORT_ACTIVE_SIGNAL,6.896326530612245,44100,2,MANUAL_REVIEW,"Confirmed tiny active region, mostly silence"
Dhul,Gully-Loops-Bhoral-Dhul-Loop-BPM-160.wav,Dhul\Gully-Loops-Bhoral-Dhul-Loop-BPM-160.wav,UNEXPECTED_SAMPLE_RATE,12.0,48000,2,CONVERT/RESAMPLE,"SR is 48000, expected 44100"
Dhul,Gully-Loops-Bordoisila-Dhul-Loop-BPM-120.wav,Dhul\Gully-Loops-Bordoisila-Dhul-Loop-BPM-120.wav,UNEXPECTED_SAMPLE_RATE,12.0,48000,2,CONVERT/RESAMPLE,"SR is 48000, expected 44100"
Dhul,Gully-Loops-Dhemaji-Dhul-Loop.wav,Dhul\Gully-Loops-Dhemaji-Dhul-Loop.wav,UNEXPECTED_SAMPLE_RATE,9.61875,48000,2,CONVERT/RESAMPLE,"SR is 48000, expected 44100"
Dhul,Gully-Loops-Dhumuha-Dhul-Loop-BPM-100.wav,Dhul\Gully-Loops-Dhumuha-Dhul-Loop-BPM-100.wav,UNEXPECTED_SAMPLE_RATE,14.4,48000,2,CONVERT/RESAMPLE,"SR is 48000, expected 44100"
Dhul,Gully-Loops-Jhumor-Dhul-Loop-BPM-120.wav,Dhul\Gully-Loops-Jhumor-Dhul-Loop-BPM-120.wav,UNEXPECTED_SAMPLE_RATE,18.0,48000,2,CONVERT/RESAMPLE,"SR is 48000, expected 44100"
Dhul,Gully-Loops-Kopou-Loop-BPM-140.wav,Dhul\Gully-Loops-Kopou-Loop-BPM-140.wav,UNEXPECTED_SAMPLE_RATE,13.5,48000,2,CONVERT/RESAMPLE,"SR is 48000, expected 44100"
Dhul,Gully-Loops-Mahor-Dhul-Loop-BPM-120.wav,Dhul\Gully-Loops-Mahor-Dhul-Loop-BPM-120.wav,UNEXPECTED_SAMPLE_RATE,14.0,48000,2,CONVERT/RESAMPLE,"SR is 48000, expected 44100"
Dhul,Gully-Loops-Nahor-Dhul-Loop.wav,Dhul\Gully-Loops-Nahor-Dhul-Loop.wav,UNEXPECTED_SAMPLE_RATE,14.203125,48000,2,CONVERT/RESAMPLE,"SR is 48000, expected 44100"
Dhul,Gully-Loops-Rohedoi-Dhul-Loop-BPM-100.wav,Dhul\Gully-Loops-Rohedoi-Dhul-Loop-BPM-100.wav,UNEXPECTED_SAMPLE_RATE,9.6,48000,2,CONVERT/RESAMPLE,"SR is 48000, expected 44100"
Flute,Gully-Loops-Abyss-Flute-Loop-BPM-150-Pt-2-E.wav,Flute\Gully-Loops-Abyss-Flute-Loop-BPM-150-Pt-2-E.wav,UNEXPECTED_SAMPLE_RATE,30.6,48000,2,CONVERT/RESAMPLE,"SR is 48000, expected 44100"
Flute,Gully-Loops-Birds-Flute-Loop-BPM-110-.wav,Flute\Gully-Loops-Birds-Flute-Loop-BPM-110-.wav,UNEXPECTED_SAMPLE_RATE,8.727291666666666,48000,2,CONVERT/RESAMPLE,"SR is 48000, expected 44100"
Flute,Gully-Loops-Butter-Flute-Loop-BPM-105-D.wav,Flute\Gully-Loops-Butter-Flute-Loop-BPM-105-D.wav,UNEXPECTED_SAMPLE_RATE,9.142875,48000,2,CONVERT/RESAMPLE,"SR is 48000, expected 44100"
Flute,Gully-Loops-Butterfly-Flute-Loop-BPM-105-D.wav,Flute\Gully-Loops-Butterfly-Flute-Loop-BPM-105-D.wav,UNEXPECTED_SAMPLE_RATE,12.285729166666666,48000,2,CONVERT/RESAMPLE,"SR is 48000, expected 44100"
Flute,Gully-Loops-Close-Flute-Loop-BPM-107-E.wav,Flute\Gully-Loops-Close-Flute-Loop-BPM-107-E.wav,UNEXPECTED_SAMPLE_RATE,8.971979166666667,48000,2,CONVERT/RESAMPLE,"SR is 48000, expected 44100"
Flute,Gully-Loops-Ember-Flute-Loop-BPM-B.wav,Flute\Gully-Loops-Ember-Flute-Loop-BPM-B.wav,UNEXPECTED_SAMPLE_RATE,13.714291666666666,48000,2,CONVERT/RESAMPLE,"SR is 48000, expected 44100"
Flute,Gully-Loops-Fly-Flute-Loop-BPM-100-A.wav,Flute\Gully-Loops-Fly-Flute-Loop-BPM-100-A.wav,UNEXPECTED_SAMPLE_RATE,9.6,48000,2,CONVERT/RESAMPLE,"SR is 48000, expected 44100"
Flute,Gully-Loops-Genesis-Flute-Loop-BPM-100-A.wav,Flute\Gully-Loops-Genesis-Flute-Loop-BPM-100-A.wav,UNEXPECTED_SAMPLE_RATE,28.8,48000,2,CONVERT/RESAMPLE,"SR is 48000, expected 44100"
Flute,Gully-Loops-Healing-Flute-Loop-BPM-128-A.wav,Flute\Gully-Loops-Healing-Flute-Loop-BPM-128-A.wav,UNEXPECTED_SAMPLE_RATE,30.0,48000,2,CONVERT/RESAMPLE,"SR is 48000, expected 44100"
Flute,Gully-Loops-Horizon-Flute-Loop-BPM-100-A.wav,Flute\Gully-Loops-Horizon-Flute-Loop-BPM-100-A.wav,UNEXPECTED_SAMPLE_RATE,10.05,48000,2,CONVERT/RESAMPLE,"SR is 48000, expected 44100"
Flute,Gully-Loops-Infinite-Love-Flute-Loop.wav,Flute\Gully-Loops-Infinite-Love-Flute-Loop.wav,UNEXPECTED_SAMPLE_RATE,52.092020833333336,48000,2,CONVERT/RESAMPLE,"SR is 48000, expected 44100"
Flute,Gully-Loops-Kalponik-Flute-Loop-C.wav,Flute\Gully-Loops-Kalponik-Flute-Loop-C.wav,UNEXPECTED_SAMPLE_RATE,16.35,48000,2,CONVERT/RESAMPLE,"SR is 48000, expected 44100"
Flute,Gully-Loops-Maya-Flute-Loop-BPM-128-Pt-2-C.wav,Flute\Gully-Loops-Maya-Flute-Loop-BPM-128-Pt-2-C.wav,UNEXPECTED_SAMPLE_RATE,7.5,48000,2,CONVERT/RESAMPLE,"SR is 48000, expected 44100"
Flute,Gully-Loops-Preety-Flute-Loop-BPM-105-A.wav,Flute\Gully-Loops-Preety-Flute-Loop-BPM-105-A.wav,UNEXPECTED_SAMPLE_RATE,27.428583333333332,48000,2,CONVERT/RESAMPLE,"SR is 48000, expected 44100"
Flute,Gully-Loops-Sudden-Flute-Loop-BPM-130-A.wav,Flute\Gully-Loops-Sudden-Flute-Loop-BPM-130-A.wav,UNEXPECTED_SAMPLE_RATE,7.384625,48000,2,CONVERT/RESAMPLE,"SR is 48000, expected 44100"
Flute,Gully-Loops-Unique-Flute-Loop-BPM-110-A.wav,Flute\Gully-Loops-Unique-Flute-Loop-BPM-110-A.wav,UNEXPECTED_SAMPLE_RATE,8.727291666666666,48000,2,CONVERT/RESAMPLE,"SR is 48000, expected 44100"
Flute,Gully-Loops-Velocity-Flute-Loop-BPM-102-F.wav,Flute\Gully-Loops-Velocity-Flute-Loop-BPM-102-F.wav,UNEXPECTED_SAMPLE_RATE,22.352958333333333,48000,2,CONVERT/RESAMPLE,"SR is 48000, expected 44100"
Harmonium,1.wav,Harmonium\1.wav,UNEXPECTED_SAMPLE_RATE,3.0,22050,1,CONVERT/RESAMPLE,"SR is 22050, expected 44100"
Harmonium,10.wav,Harmonium\10.wav,UNEXPECTED_SAMPLE_RATE,3.0,22050,1,CONVERT/RESAMPLE,"SR is 22050, expected 44100"
Harmonium,100.wav,Harmonium\100.wav,UNEXPECTED_SAMPLE_RATE,3.0,22050,1,CONVERT/RESAMPLE,"SR is 22050, expected 44100"
Harmonium,1000.wav,Harmonium\1000.wav,UNEXPECTED_SAMPLE_RATE,3.0,22050,1,CONVERT/RESAMPLE,"SR is 22050, expected 44100"
Harmonium,1001.wav,Harmonium\1001.wav,UNEXPECTED_SAMPLE_RATE,3.0,22050,1,CONVERT/RESAMPLE,"SR is 22050, expected 44100"
Harmonium,1002.wav,Harmonium\1002.wav,UNEXPECTED_SAMPLE_RATE,3.0,22050,1,CONVERT/RESAMPLE,"SR is 22050, expected 44100"
Harmonium,1003.wav,Harmonium\1003.wav,UNEXPECTED_SAMPLE_RATE,3.0,22050,1,CONVERT/RESAMPLE,"SR is 22050, expected 44100"
Harmonium,1004.wav,Harmonium\1004.wav,UNEXPECTED_SAMPLE_RATE,3.0,22050,1,CONVERT/RESAMPLE,"SR is 22050, expected 44100"
Harmonium,1005.wav,Harmonium\1005.wav,UNEXPECTED_SAMPLE_RATE,3.0,22050,1,CONVERT/RESAMPLE,"SR is 22050, expected 44100"
Harmonium,1006.wav,Harmonium\1006.wav,UNEXPECTED_SAMPLE_RATE,3.0,22050,1,CONVERT/RESAMPLE,"SR is 22050, expected 44100"
Harmonium,1007.wav,Harmonium\1007.wav,UNEXPECTED_SAMPLE_RATE,3.0,22050,1,CONVERT/RESAMPLE,"SR is 22050, expected 44100"
Harmonium,1008.wav,Harmonium\1008.wav,UNEXPECTED_SAMPLE_RATE,3.0,22050,1,CONVERT/RESAMPLE,"SR is 22050, expected 44100"
Harmonium,1009.wav,Harmonium\1009.wav,UNEXPECTED_SAMPLE_RATE,3.0,22050,1,CONVERT/RESAMPLE,"SR is 22050, expected 44100"
Harmonium,101.wav,Harmonium\101.wav,UNEXPECTED_SAMPLE_RATE,3.0,22050,1,CONVERT/RESAMPLE,"SR is 22050, expected 44100"
Harmonium,1010.wav,Harmonium\1010.wav,UNEXPECTED_SAMPLE_RATE,3.0,22050,1,CONVERT/RESAMPLE,"SR is 22050, expected 44100"
Harmonium,1011.wav,Harmonium\1011.wav,UNEXPECTED_SAMPLE_RATE,3.0,22050,1,CONVERT/RESAMPLE,"SR is 22050, expected 44100"
Harmonium,1012.wav,Harmonium\1012.wav,UNEXPECTED_SAMPLE_RATE,3.0,22050,1,CONVERT/RESAMPLE,"SR is 22050, expected 44100"
Harmonium,1013.wav,Harmonium\1013.wav,UNEXPECTED_SAMPLE_RATE,3.0,22050,1,CONVERT/RESAMPLE,"SR is 22050, expected 44100"
Harmonium,1014.wav,Harmonium\1014.wav,UNEXPECTED_SAMPLE_RATE,3.0,22050,1,CONVERT/RESAMPLE,"SR is 22050, expected 44100"
Harmonium,1015.wav,Harmonium\1015.wav,UNEXPECTED_SAMPLE_RATE,3.0,22050,1,CONVERT/RESAMPLE,"SR is 22050, expected 44100"
Harmonium,1016.wav,Harmonium\1016.wav,UNEXPECTED_SAMPLE_RATE,3.0,22050,1,CONVERT/RESAMPLE,"SR is 22050, expected 44100"
Harmonium,1017.wav,Harmonium\1017.wav,UNEXPECTED_SAMPLE_RATE,3.0,22050,1,CONVERT/RESAMPLE,"SR is 22050, expected 44100"
Harmonium,1018.wav,Harmonium\1018.wav,UNEXPECTED_SAMPLE_RATE,3.0,22050,1,CONVERT/RESAMPLE,"SR is 22050, expected 44100"
Harmonium,1019.wav,Harmonium\1019.wav,UNEXPECTED_SAMPLE_RATE,3.0,22050,1,CONVERT/RESAMPLE,"SR is 22050, expected 44100"
Harmonium,102.wav,Harmonium\102.wav,UNEXPECTED_SAMPLE_RATE,3.0,22050,1,CONVERT/RESAMPLE,"SR is 22050, expected 44100"
Harmonium,1020.wav,Harmonium\1020.wav,UNEXPECTED_SAMPLE_RATE,3.0,22050,1,CONVERT/RESAMPLE,"SR is 22050, expected 44100"
Harmonium,1021.wav,Harmonium\1021.wav,UNEXPECTED_SAMPLE_RATE,3.0,22050,1,CONVERT/RESAMPLE,"SR is 22050, expected 44100"
Harmonium,1022.wav,Harmonium\1022.wav,UNEXPECTED_SAMPLE_RATE,3.0,22050,1,CONVERT/RESAMPLE,"SR is 22050, expected 44100"
Harmonium,1023.wav,Harmonium\1023.wav,UNEXPECTED_SAMPLE_RATE,3.0,22050,1,CONVERT/RESAMPLE,"SR is 22050, expected 44100"
Harmonium,1024.wav,Harmonium\1024.wav,UNEXPECTED_SAMPLE_RATE,3.0,22050,1,CONVERT/RESAMPLE,"SR is 22050, expected 44100"
Harmonium,1025.wav,Harmonium\1025.wav,UNEXPECTED_SAMPLE_RATE,3.0,22050,1,CONVERT/RESAMPLE,"SR is 22050, expected 44100"
Harmonium,1026.wav,Harmonium\1026.wav,UNEXPECTED_SAMPLE_RATE,3.0,22050,1,CONVERT/RESAMPLE,"SR is 22050, expected 44100"
Harmonium,1027.wav,Harmonium\1027.wav,UNEXPECTED_SAMPLE_RATE,3.0,22050,1,CONVERT/RESAMPLE,"SR is 22050, expected 44100"
Harmonium,1028.wav,Harmonium\1028.wav,UNEXPECTED_SAMPLE_RATE,3.0,22050,1,CONVERT/RESAMPLE,"SR is 22050, expected 44100"
Harmonium,1029.wav,Harmonium\1029.wav,UNEXPECTED_SAMPLE_RATE,3.0,22050,1,CONVERT/RESAMPLE,"SR is 22050, expected 44100"
Harmonium,103.wav,Harmonium\103.wav,UNEXPECTED_SAMPLE_RATE,3.0,22050,1,CONVERT/RESAMPLE,"SR is 22050, expected 44100"
Harmonium,1030.wav,Harmonium\1030.wav,UNEXPECTED_SAMPLE_RATE,3.0,22050,1,CONVERT/RESAMPLE,"SR is 22050, expected 44100"
Harmonium,1031.wav,Harmonium\1031.wav,UNEXPECTED_SAMPLE_RATE,3.0,22050,1,CONVERT/RESAMPLE,"SR is 22050, expected 44100"
Harmonium,1032.wav,Harmonium\1032.wav,UNEXPECTED_SAMPLE_RATE,3.0,22050,1,CONVERT/RESAMPLE,"SR is 22050, expected 44100"
Harmonium,1033.wav,Harmonium\1033.wav,UNEXPECTED_SAMPLE_RATE,3.0,22050,1,CONVERT/RESAMPLE,"SR is 22050, expected 44100"
Harmonium,1034.wav,Harmonium\1034.wav,UNEXPECTED_SAMPLE_RATE,3.0,22050,1,CONVERT/RESAMPLE,"SR is 22050, expected 44100"
Harmonium,1035.wav,Harmonium\1035.wav,UNEXPECTED_SAMPLE_RATE,3.0,22050,1,CONVERT/RESAMPLE,"SR is 22050, expected 44100"
Harmonium,1036.wav,Harmonium\1036.wav,UNEXPECTED_SAMPLE_RATE,3.0,22050,1,CONVERT/RESAMPLE,"SR is 22050, expected 44100"
Harmonium,1037.wav,Harmonium\1037.wav,UNEXPECTED_SAMPLE_RATE,3.0,22050,1,CONVERT/RESAMPLE,"SR is 22050, expected 44100"
Harmonium,1038.wav,Harmonium\1038.wav,UNEXPECTED_SAMPLE_RATE,3.0,22050,1,CONVERT/RESAMPLE,"SR is 22050, expected 44100"
Harmonium,1039.wav,Harmonium\1039.wav,UNEXPECTED_SAMPLE_RATE,3.0,22050,1,CONVERT/RESAMPLE,"SR is 22050, expected 44100"
Harmonium,104.wav,Harmonium\104.wav,UNEXPECTED_SAMPLE_RATE,3.0,22050,1,CONVERT/RESAMPLE,"SR is 22050, expected 44100"
Harmonium,1040.wav,Harmonium\1040.wav,UNEXPECTED_SAMPLE_RATE,3.0,22050,1,CONVERT/RESAMPLE,"SR is 22050, expected 44100"
Harmonium,1041.wav,Harmonium\1041.wav,UNEXPECTED_SAMPLE_RATE,3.0,22050,1,CONVERT/RESAMPLE,"SR is 22050, expected 44100"
Harmonium,1042.wav,Harmonium\1042.wav,UNEXPECTED_SAMPLE_RATE,3.0,22050,1,CONVERT/RESAMPLE,"SR is 22050, expected 44100"
Harmonium,1043.wav,Harmonium\1043.wav,UNEXPECTED_SAMPLE_RATE,3.0,22050,1,CONVERT/RESAMPLE,"SR is 22050, expected 44100"
Harmonium,1044.wav,Harmonium\1044.wav,UNEXPECTED_SAMPLE_RATE,3.0,22050,1,CONVERT/RESAMPLE,"SR is 22050, expected 44100"
Harmonium,1045.wav,Harmonium\1045.wav,UNEXPECTED_SAMPLE_RATE,3.0,22050,1,CONVERT/RESAMPLE,"SR is 22050, expected 44100"
Harmonium,1046.wav,Harmonium\1046.wav,UNEXPECTED_SAMPLE_RATE,3.0,22050,1,CONVERT/RESAMPLE,"SR is 22050, expected 44100"
Harmonium,1047.wav,Harmonium\1047.wav,UNEXPECTED_SAMPLE_RATE,3.0,22050,1,CONVERT/RESAMPLE,"SR is 22050, expected 44100"
Harmonium,1048.wav,Harmonium\1048.wav,UNEXPECTED_SAMPLE_RATE,3.0,22050,1,CONVERT/RESAMPLE,"SR is 22050, expected 44100"
Harmonium,1049.wav,Harmonium\1049.wav,UNEXPECTED_SAMPLE_RATE,3.0,22050,1,CONVERT/RESAMPLE,"SR is 22050, expected 44100"
Harmonium,105.wav,Harmonium\105.wav,UNEXPECTED_SAMPLE_RATE,3.0,22050,1,CONVERT/RESAMPLE,"SR is 22050, expected 44100"
Harmonium,1050.wav,Harmonium\1050.wav,UNEXPECTED_SAMPLE_RATE,3.0,22050,1,CONVERT/RESAMPLE,"SR is 22050, expected 44100"
Harmonium,1051.wav,Harmonium\1051.wav,UNEXPECTED_SAMPLE_RATE,3.0,22050,1,CONVERT/RESAMPLE,"SR is 22050, expected 44100"
Harmonium,1052.wav,Harmonium\1052.wav,UNEXPECTED_SAMPLE_RATE,3.0,22050,1,CONVERT/RESAMPLE,"SR is 22050, expected 44100"
Harmonium,1053.wav,Harmonium\1053.wav,UNEXPECTED_SAMPLE_RATE,3.0,22050,1,CONVERT/RESAMPLE,"SR is 22050, expected 44100"
Harmonium,1054.wav,Harmonium\1054.wav,UNEXPECTED_SAMPLE_RATE,3.0,22050,1,CONVERT/RESAMPLE,"SR is 22050, expected 44100"
Harmonium,1055.wav,Harmonium\1055.wav,UNEXPECTED_SAMPLE_RATE,3.0,22050,1,CONVERT/RESAMPLE,"SR is 22050, expected 44100"
Harmonium,1056.wav,Harmonium\1056.wav,UNEXPECTED_SAMPLE_RATE,3.0,22050,1,CONVERT/RESAMPLE,"SR is 22050, expected 44100"
Harmonium,1057.wav,Harmonium\1057.wav,UNEXPECTED_SAMPLE_RATE,3.0,22050,1,CONVERT/RESAMPLE,"SR is 22050, expected 44100"
Harmonium,1058.wav,Harmonium\1058.wav,UNEXPECTED_SAMPLE_RATE,3.0,22050,1,CONVERT/RESAMPLE,"SR is 22050, expected 44100"
Harmonium,1059.wav,Harmonium\1059.wav,UNEXPECTED_SAMPLE_RATE,3.0,22050,1,CONVERT/RESAMPLE,"SR is 22050, expected 44100"
Harmonium,106.wav,Harmonium\106.wav,UNEXPECTED_SAMPLE_RATE,3.0,22050,1,CONVERT/RESAMPLE,"SR is 22050, expected 44100"
Harmonium,1060.wav,Harmonium\1060.wav,UNEXPECTED_SAMPLE_RATE,3.0,22050,1,CONVERT/RESAMPLE,"SR is 22050, expected 44100"
Harmonium,1061.wav,Harmonium\1061.wav,UNEXPECTED_SAMPLE_RATE,3.0,22050,1,CONVERT/RESAMPLE,"SR is 22050, expected 44100"
Harmonium,1062.wav,Harmonium\1062.wav,UNEXPECTED_SAMPLE_RATE,3.0,22050,1,CONVERT/RESAMPLE,"SR is 22050, expected 44100"
Harmonium,1063.wav,Harmonium\1063.wav,UNEXPECTED_SAMPLE_RATE,3.0,22050,1,CONVERT/RESAMPLE,"SR is 22050, expected 44100"
Harmonium,1064.wav,Harmonium\1064.wav,UNEXPECTED_SAMPLE_RATE,3.0,22050,1,CONVERT/RESAMPLE,"SR is 22050, expected 44100"
Harmonium,1065.wav,Harmonium\1065.wav,UNEXPECTED_SAMPLE_RATE,3.0,22050,1,CONVERT/RESAMPLE,"SR is 22050, expected 44100"
Harmonium,1066.wav,Harmonium\1066.wav,UNEXPECTED_SAMPLE_RATE,3.0,22050,1,CONVERT/RESAMPLE,"SR is 22050, expected 44100"
Harmonium,1067.wav,Harmonium\1067.wav,UNEXPECTED_SAMPLE_RATE,3.0,22050,1,CONVERT/RESAMPLE,"SR is 22050, expected 44100"
Harmonium,1068.wav,Harmonium\1068.wav,UNEXPECTED_SAMPLE_RATE,3.0,22050,1,CONVERT/RESAMPLE,"SR is 22050, expected 44100"
Harmonium,1069.wav,Harmonium\1069.wav,UNEXPECTED_SAMPLE_RATE,3.0,22050,1,CONVERT/RESAMPLE,"SR is 22050, expected 44100"
Harmonium,107.wav,Harmonium\107.wav,UNEXPECTED_SAMPLE_RATE,3.0,22050,1,CONVERT/RESAMPLE,"SR is 22050, expected 44100"
Harmonium,1070.wav,Harmonium\1070.wav,UNEXPECTED_SAMPLE_RATE,3.0,22050,1,CONVERT/RESAMPLE,"SR is 22050, expected 44100"
Harmonium,1071.wav,Harmonium\1071.wav,UNEXPECTED_SAMPLE_RATE,3.0,22050,1,CONVERT/RESAMPLE,"SR is 22050, expected 44100"
Harmonium,1072.wav,Harmonium\1072.wav,UNEXPECTED_SAMPLE_RATE,3.0,22050,1,CONVERT/RESAMPLE,"SR is 22050, expected 44100"
Harmonium,1073.wav,Harmonium\1073.wav,UNEXPECTED_SAMPLE_RATE,3.0,22050,1,CONVERT/RESAMPLE,"SR is 22050, expected 44100"
Harmonium,1074.wav,Harmonium\1074.wav,UNEXPECTED_SAMPLE_RATE,3.0,22050,1,CONVERT/RESAMPLE,"SR is 22050, expected 44100"
Harmonium,1075.wav,Harmonium\1075.wav,UNEXPECTED_SAMPLE_RATE,3.0,22050,1,CONVERT/RESAMPLE,"SR is 22050, expected 44100"
Harmonium,1076.wav,Harmonium\1076.wav,UNEXPECTED_SAMPLE_RATE,3.0,22050,1,CONVERT/RESAMPLE,"SR is 22050, expected 44100"
Harmonium,1077.wav,Harmonium\1077.wav,UNEXPECTED_SAMPLE_RATE,3.0,22050,1,CONVERT/RESAMPLE,"SR is 22050, expected 44100"
Harmonium,1078.wav,Harmonium\1078.wav,UNEXPECTED_SAMPLE_RATE,3.0,22050,1,CONVERT/RESAMPLE,"SR is 22050, expected 44100"
Harmonium,1079.wav,Harmonium\1079.wav,UNEXPECTED_SAMPLE_RATE,3.0,22050,1,CONVERT/RESAMPLE,"SR is 22050, expected 44100"
Harmonium,108.wav,Harmonium\108.wav,UNEXPECTED_SAMPLE_RATE,3.0,22050,1,CONVERT/RESAMPLE,"SR is 22050, expected 44100"
Harmonium,1080.wav,Harmonium\1080.wav,UNEXPECTED_SAMPLE_RATE,3.0,22050,1,CONVERT/RESAMPLE,"SR is 22050, expected 44100"
Harmonium,1081.wav,Harmonium\1081.wav,UNEXPECTED_SAMPLE_RATE,3.0,22050,1,CONVERT/RESAMPLE,"SR is 22050, expected 44100"
Harmonium,1082.wav,Harmonium\1082.wav,UNEXPECTED_SAMPLE_RATE,3.0,22050,1,CONVERT/RESAMPLE,"SR is 22050, expected 44100"
Harmonium,1083.wav,Harmonium\1083.wav,UNEXPECTED_SAMPLE_RATE,3.0,22050,1,CONVERT/RESAMPLE,"SR is 22050, expected 44100"
Harmonium,1084.wav,Harmonium\1084.wav,UNEXPECTED_SAMPLE_RATE,3.0,22050,1,CONVERT/RESAMPLE,"SR is 22050, expected 44100"
Harmonium,1085.wav,Harmonium\1085.wav,UNEXPECTED_SAMPLE_RATE,3.0,22050,1,CONVERT/RESAMPLE,"SR is 22050, expected 44100"
Harmonium,1086.wav,Harmonium\1086.wav,UNEXPECTED_SAMPLE_RATE,3.0,22050,1,CONVERT/RESAMPLE,"SR is 22050, expected 44100"
Harmonium,1087.wav,Harmonium\1087.wav,UNEXPECTED_SAMPLE_RATE,3.0,22050,1,CONVERT/RESAMPLE,"SR is 22050, expected 44100"
Harmonium,1088.wav,Harmonium\1088.wav,UNEXPECTED_SAMPLE_RATE,3.0,22050,1,CONVERT/RESAMPLE,"SR is 22050, expected 44100"
Harmonium,1089.wav,Harmonium\1089.wav,UNEXPECTED_SAMPLE_RATE,3.0,22050,1,CONVERT/RESAMPLE,"SR is 22050, expected 44100"
Harmonium,109.wav,Harmonium\109.wav,UNEXPECTED_SAMPLE_RATE,3.0,22050,1,CONVERT/RESAMPLE,"SR is 22050, expected 44100"
Harmonium,1090.wav,Harmonium\1090.wav,UNEXPECTED_SAMPLE_RATE,3.0,22050,1,CONVERT/RESAMPLE,"SR is 22050, expected 44100"
Harmonium,1091.wav,Harmonium\1091.wav,UNEXPECTED_SAMPLE_RATE,3.0,22050,1,CONVERT/RESAMPLE,"SR is 22050, expected 44100"
Harmonium,1092.wav,Harmonium\1092.wav,UNEXPECTED_SAMPLE_RATE,3.0,22050,1,CONVERT/RESAMPLE,"SR is 22050, expected 44100"
Harmonium,1093.wav,Harmonium\1093.wav,UNEXPECTED_SAMPLE_RATE,3.0,22050,1,CONVERT/RESAMPLE,"SR is 22050, expected 44100"
Harmonium,1094.wav,Harmonium\1094.wav,UNEXPECTED_SAMPLE_RATE,3.0,22050,1,CONVERT/RESAMPLE,"SR is 22050, expected 44100"
Harmonium,1095.wav,Harmonium\1095.wav,UNEXPECTED_SAMPLE_RATE,3.0,22050,1,CONVERT/RESAMPLE,"SR is 22050, expected 44100"
Harmonium,1096.wav,Harmonium\1096.wav,UNEXPECTED_SAMPLE_RATE,3.0,22050,1,CONVERT/RESAMPLE,"SR is 22050, expected 44100"
Harmonium,1097.wav,Harmonium\1097.wav,UNEXPECTED_SAMPLE_RATE,3.0,22050,1,CONVERT/RESAMPLE,"SR is 22050, expected 44100"
Harmonium,1098.wav,Harmonium\1098.wav,UNEXPECTED_SAMPLE_RATE,3.0,22050,1,CONVERT/RESAMPLE,"SR is 22050, expected 44100"
Harmonium,1099.wav,Harmonium\1099.wav,UNEXPECTED_SAMPLE_RATE,3.0,22050,1,CONVERT/RESAMPLE,"SR is 22050, expected 44100"
Harmonium,11.wav,Harmonium\11.wav,UNEXPECTED_SAMPLE_RATE,3.0,22050,1,CONVERT/RESAMPLE,"SR is 22050, expected 44100"
Harmonium,110.wav,Harmonium\110.wav,UNEXPECTED_SAMPLE_RATE,3.0,22050,1,CONVERT/RESAMPLE,"SR is 22050, expected 44100"
Harmonium,1100.wav,Harmonium\1100.wav,UNEXPECTED_SAMPLE_RATE,3.0,22050,1,CONVERT/RESAMPLE,"SR is 22050, expected 44100"
Harmonium,1101.wav,Harmonium\1101.wav,UNEXPECTED_SAMPLE_RATE,3.0,22050,1,CONVERT/RESAMPLE,"SR is 22050, expected 44100"
Harmonium,1102.wav,Harmonium\1102.wav,UNEXPECTED_SAMPLE_RATE,3.0,22050,1,CONVERT/RESAMPLE,"SR is 22050, expected 44100"
Harmonium,1103.wav,Harmonium\1103.wav,UNEXPECTED_SAMPLE_RATE,3.0,22050,1,CONVERT/RESAMPLE,"SR is 22050, expected 44100"
Harmonium,1104.wav,Harmonium\1104.wav,UNEXPECTED_SAMPLE_RATE,3.0,22050,1,CONVERT/RESAMPLE,"SR is 22050, expected 44100"
Harmonium,1105.wav,Harmonium\1105.wav,UNEXPECTED_SAMPLE_RATE,3.0,22050,1,CONVERT/RESAMPLE,"SR is 22050, expected 44100"
Harmonium,1106.wav,Harmonium\1106.wav,UNEXPECTED_SAMPLE_RATE,3.0,22050,1,CONVERT/RESAMPLE,"SR is 22050, expected 44100"
Harmonium,1107.wav,Harmonium\1107.wav,UNEXPECTED_SAMPLE_RATE,3.0,22050,1,CONVERT/RESAMPLE,"SR is 22050, expected 44100"
Harmonium,1108.wav,Harmonium\1108.wav,UNEXPECTED_SAMPLE_RATE,3.0,22050,1,CONVERT/RESAMPLE,"SR is 22050, expected 44100"
Harmonium,1109.wav,Harmonium\1109.wav,UNEXPECTED_SAMPLE_RATE,3.0,22050,1,CONVERT/RESAMPLE,"SR is 22050, expected 44100"
Harmonium,111.wav,Harmonium\111.wav,UNEXPECTED_SAMPLE_RATE,3.0,22050,1,CONVERT/RESAMPLE,"SR is 22050, expected 44100"
Harmonium,1110.wav,Harmonium\1110.wav,UNEXPECTED_SAMPLE_RATE,3.0,22050,1,CONVERT/RESAMPLE,"SR is 22050, expected 44100"
Harmonium,1111.wav,Harmonium\1111.wav,UNEXPECTED_SAMPLE_RATE,3.0,22050,1,CONVERT/RESAMPLE,"SR is 22050, expected 44100"
Harmonium,1112.wav,Harmonium\1112.wav,UNEXPECTED_SAMPLE_RATE,3.0,22050,1,CONVERT/RESAMPLE,"SR is 22050, expected 44100"
Harmonium,1113.wav,Harmonium\1113.wav,UNEXPECTED_SAMPLE_RATE,3.0,22050,1,CONVERT/RESAMPLE,"SR is 22050, expected 44100"
Harmonium,1114.wav,Harmonium\1114.wav,UNEXPECTED_SAMPLE_RATE,3.0,22050,1,CONVERT/RESAMPLE,"SR is 22050, expected 44100"
Harmonium,1115.wav,Harmonium\1115.wav,UNEXPECTED_SAMPLE_RATE,3.0,22050,1,CONVERT/RESAMPLE,"SR is 22050, expected 44100"
Harmonium,1116.wav,Harmonium\1116.wav,UNEXPECTED_SAMPLE_RATE,3.0,22050,1,CONVERT/RESAMPLE,"SR is 22050, expected 44100"
Harmonium,1117.wav,Harmonium\1117.wav,UNEXPECTED_SAMPLE_RATE,3.0,22050,1,CONVERT/RESAMPLE,"SR is 22050, expected 44100"
Harmonium,1118.wav,Harmonium\1118.wav,UNEXPECTED_SAMPLE_RATE,3.0,22050,1,CONVERT/RESAMPLE,"SR is 22050, expected 44100"
Harmonium,1119.wav,Harmonium\1119.wav,UNEXPECTED_SAMPLE_RATE,3.0,22050,1,CONVERT/RESAMPLE,"SR is 22050, expected 44100"
Harmonium,112.wav,Harmonium\112.wav,UNEXPECTED_SAMPLE_RATE,3.0,22050,1,CONVERT/RESAMPLE,"SR is 22050, expected 44100"
Harmonium,1120.wav,Harmonium\1120.wav,UNEXPECTED_SAMPLE_RATE,3.0,22050,1,CONVERT/RESAMPLE,"SR is 22050, expected 44100"
Harmonium,1121.wav,Harmonium\1121.wav,UNEXPECTED_SAMPLE_RATE,3.0,22050,1,CONVERT/RESAMPLE,"SR is 22050, expected 44100"
Harmonium,1122.wav,Harmonium\1122.wav,UNEXPECTED_SAMPLE_RATE,3.0,22050,1,CONVERT/RESAMPLE,"SR is 22050, expected 44100"
Harmonium,1123.wav,Harmonium\1123.wav,UNEXPECTED_SAMPLE_RATE,3.0,22050,1,CONVERT/RESAMPLE,"SR is 22050, expected 44100"
Harmonium,1124.wav,Harmonium\1124.wav,UNEXPECTED_SAMPLE_RATE,3.0,22050,1,CONVERT/RESAMPLE,"SR is 22050, expected 44100"
Harmonium,1125.wav,Harmonium\1125.wav,UNEXPECTED_SAMPLE_RATE,3.0,22050,1,CONVERT/RESAMPLE,"SR is 22050, expected 44100"
Harmonium,1126.wav,Harmonium\1126.wav,UNEXPECTED_SAMPLE_RATE,3.0,22050,1,CONVERT/RESAMPLE,"SR is 22050, expected 44100"
Harmonium,1127.wav,Harmonium\1127.wav,UNEXPECTED_SAMPLE_RATE,3.0,22050,1,CONVERT/RESAMPLE,"SR is 22050, expected 44100"
Harmonium,1128.wav,Harmonium\1128.wav,UNEXPECTED_SAMPLE_RATE,3.0,22050,1,CONVERT/RESAMPLE,"SR is 22050, expected 44100"
Harmonium,1129.wav,Harmonium\1129.wav,UNEXPECTED_SAMPLE_RATE,3.0,22050,1,CONVERT/RESAMPLE,"SR is 22050, expected 44100"
Harmonium,113.wav,Harmonium\113.wav,UNEXPECTED_SAMPLE_RATE,3.0,22050,1,CONVERT/RESAMPLE,"SR is 22050, expected 44100"
Harmonium,1130.wav,Harmonium\1130.wav,UNEXPECTED_SAMPLE_RATE,3.0,22050,1,CONVERT/RESAMPLE,"SR is 22050, expected 44100"
Harmonium,1131.wav,Harmonium\1131.wav,UNEXPECTED_SAMPLE_RATE,3.0,22050,1,CONVERT/RESAMPLE,"SR is 22050, expected 44100"
Harmonium,1132.wav,Harmonium\1132.wav,UNEXPECTED_SAMPLE_RATE,3.0,22050,1,CONVERT/RESAMPLE,"SR is 22050, expected 44100"
Harmonium,1133.wav,Harmonium\1133.wav,UNEXPECTED_SAMPLE_RATE,3.0,22050,1,CONVERT/RESAMPLE,"SR is 22050, expected 44100"
Harmonium,1134.wav,Harmonium\1134.wav,UNEXPECTED_SAMPLE_RATE,3.0,22050,1,CONVERT/RESAMPLE,"SR is 22050, expected 44100"
Harmonium,1135.wav,Harmonium\1135.wav,UNEXPECTED_SAMPLE_RATE,3.0,22050,1,CONVERT/RESAMPLE,"SR is 22050, expected 44100"
Harmonium,1136.wav,Harmonium\1136.wav,UNEXPECTED_SAMPLE_RATE,3.0,22050,1,CONVERT/RESAMPLE,"SR is 22050, expected 44100"
Harmonium,1137.wav,Harmonium\1137.wav,UNEXPECTED_SAMPLE_RATE,3.0,22050,1,CONVERT/RESAMPLE,"SR is 22050, expected 44100"
Harmonium,1138.wav,Harmonium\1138.wav,UNEXPECTED_SAMPLE_RATE,3.0,22050,1,CONVERT/RESAMPLE,"SR is 22050, expected 44100"
Harmonium,1139.wav,Harmonium\1139.wav,UNEXPECTED_SAMPLE_RATE,3.0,22050,1,CONVERT/RESAMPLE,"SR is 22050, expected 44100"
Harmonium,114.wav,Harmonium\114.wav,UNEXPECTED_SAMPLE_RATE,3.0,22050,1,CONVERT/RESAMPLE,"SR is 22050, expected 44100"
Harmonium,1140.wav,Harmonium\1140.wav,UNEXPECTED_SAMPLE_RATE,3.0,22050,1,CONVERT/RESAMPLE,"SR is 22050, expected 44100"
Harmonium,1141.wav,Harmonium\1141.wav,UNEXPECTED_SAMPLE_RATE,3.0,22050,1,CONVERT/RESAMPLE,"SR is 22050, expected 44100"
Harmonium,1142.wav,Harmonium\1142.wav,UNEXPECTED_SAMPLE_RATE,3.0,22050,1,CONVERT/RESAMPLE,"SR is 22050, expected 44100"
Harmonium,1143.wav,Harmonium\1143.wav,UNEXPECTED_SAMPLE_RATE,3.0,22050,1,CONVERT/RESAMPLE,"SR is 22050, expected 44100"
Harmonium,1144.wav,Harmonium\1144.wav,UNEXPECTED_SAMPLE_RATE,3.0,22050,1,CONVERT/RESAMPLE,"SR is 22050, expected 44100"
Harmonium,1145.wav,Harmonium\1145.wav,UNEXPECTED_SAMPLE_RATE,3.0,22050,1,CONVERT/RESAMPLE,"SR is 22050, expected 44100"
Harmonium,1146.wav,Harmonium\1146.wav,UNEXPECTED_SAMPLE_RATE,3.0,22050,1,CONVERT/RESAMPLE,"SR is 22050, expected 44100"
Harmonium,1147.wav,Harmonium\1147.wav,UNEXPECTED_SAMPLE_RATE,3.0,22050,1,CONVERT/RESAMPLE,"SR is 22050, expected 44100"
Harmonium,1148.wav,Harmonium\1148.wav,UNEXPECTED_SAMPLE_RATE,3.0,22050,1,CONVERT/RESAMPLE,"SR is 22050, expected 44100"
Harmonium,1149.wav,Harmonium\1149.wav,UNEXPECTED_SAMPLE_RATE,3.0,22050,1,CONVERT/RESAMPLE,"SR is 22050, expected 44100"
Harmonium,115.wav,Harmonium\115.wav,UNEXPECTED_SAMPLE_RATE,3.0,22050,1,CONVERT/RESAMPLE,"SR is 22050, expected 44100"
Harmonium,1150.wav,Harmonium\1150.wav,UNEXPECTED_SAMPLE_RATE,3.0,22050,1,CONVERT/RESAMPLE,"SR is 22050, expected 44100"
Harmonium,1151.wav,Harmonium\1151.wav,UNEXPECTED_SAMPLE_RATE,3.0,22050,1,CONVERT/RESAMPLE,"SR is 22050, expected 44100"
Harmonium,1152.wav,Harmonium\1152.wav,UNEXPECTED_SAMPLE_RATE,3.0,22050,1,CONVERT/RESAMPLE,"SR is 22050, expected 44100"
Harmonium,1153.wav,Harmonium\1153.wav,UNEXPECTED_SAMPLE_RATE,3.0,22050,1,CONVERT/RESAMPLE,"SR is 22050, expected 44100"
Harmonium,1154.wav,Harmonium\1154.wav,UNEXPECTED_SAMPLE_RATE,3.0,22050,1,CONVERT/RESAMPLE,"SR is 22050, expected 44100"
Harmonium,1155.wav,Harmonium\1155.wav,UNEXPECTED_SAMPLE_RATE,3.0,22050,1,CONVERT/RESAMPLE,"SR is 22050, expected 44100"
Harmonium,1156.wav,Harmonium\1156.wav,UNEXPECTED_SAMPLE_RATE,3.0,22050,1,CONVERT/RESAMPLE,"SR is 22050, expected 44100"
Harmonium,1157.wav,Harmonium\1157.wav,UNEXPECTED_SAMPLE_RATE,3.0,22050,1,CONVERT/RESAMPLE,"SR is 22050, expected 44100"
Harmonium,1158.wav,Harmonium\1158.wav,UNEXPECTED_SAMPLE_RATE,3.0,22050,1,CONVERT/RESAMPLE,"SR is 22050, expected 44100"
Harmonium,1159.wav,Harmonium\1159.wav,UNEXPECTED_SAMPLE_RATE,3.0,22050,1,CONVERT/RESAMPLE,"SR is 22050, expected 44100"
Harmonium,116.wav,Harmonium\116.wav,UNEXPECTED_SAMPLE_RATE,3.0,22050,1,CONVERT/RESAMPLE,"SR is 22050, expected 44100"
Harmonium,1160.wav,Harmonium\1160.wav,UNEXPECTED_SAMPLE_RATE,3.0,22050,1,CONVERT/RESAMPLE,"SR is 22050, expected 44100"
Harmonium,1161.wav,Harmonium\1161.wav,UNEXPECTED_SAMPLE_RATE,3.0,22050,1,CONVERT/RESAMPLE,"SR is 22050, expected 44100"
Harmonium,1162.wav,Harmonium\1162.wav,UNEXPECTED_SAMPLE_RATE,3.0,22050,1,CONVERT/RESAMPLE,"SR is 22050, expected 44100"
Harmonium,1163.wav,Harmonium\1163.wav,UNEXPECTED_SAMPLE_RATE,3.0,22050,1,CONVERT/RESAMPLE,"SR is 22050, expected 44100"
Harmonium,1164.wav,Harmonium\1164.wav,UNEXPECTED_SAMPLE_RATE,3.0,22050,1,CONVERT/RESAMPLE,"SR is 22050, expected 44100"
Harmonium,1165.wav,Harmonium\1165.wav,UNEXPECTED_SAMPLE_RATE,3.0,22050,1,CONVERT/RESAMPLE,"SR is 22050, expected 44100"
Harmonium,1166.wav,Harmonium\1166.wav,UNEXPECTED_SAMPLE_RATE,3.0,22050,1,CONVERT/RESAMPLE,"SR is 22050, expected 44100"
Harmonium,1167.wav,Harmonium\1167.wav,UNEXPECTED_SAMPLE_RATE,3.0,22050,1,CONVERT/RESAMPLE,"SR is 22050, expected 44100"
Harmonium,1168.wav,Harmonium\1168.wav,UNEXPECTED_SAMPLE_RATE,3.0,22050,1,CONVERT/RESAMPLE,"SR is 22050, expected 44100"
Harmonium,1169.wav,Harmonium\1169.wav,UNEXPECTED_SAMPLE_RATE,3.0,22050,1,CONVERT/RESAMPLE,"SR is 22050, expected 44100"
Harmonium,117.wav,Harmonium\117.wav,UNEXPECTED_SAMPLE_RATE,3.0,22050,1,CONVERT/RESAMPLE,"SR is 22050, expected 44100"
Harmonium,1170.wav,Harmonium\1170.wav,UNEXPECTED_SAMPLE_RATE,3.0,22050,1,CONVERT/RESAMPLE,"SR is 22050, expected 44100"
Harmonium,1171.wav,Harmonium\1171.wav,UNEXPECTED_SAMPLE_RATE,3.0,22050,1,CONVERT/RESAMPLE,"SR is 22050, expected 44100"
Harmonium,1172.wav,Harmonium\1172.wav,UNEXPECTED_SAMPLE_RATE,3.0,22050,1,CONVERT/RESAMPLE,"SR is 22050, expected 44100"
Harmonium,1173.wav,Harmonium\1173.wav,UNEXPECTED_SAMPLE_RATE,3.0,22050,1,CONVERT/RESAMPLE,"SR is 22050, expected 44100"
Harmonium,1174.wav,Harmonium\1174.wav,UNEXPECTED_SAMPLE_RATE,3.0,22050,1,CONVERT/RESAMPLE,"SR is 22050, expected 44100"
Harmonium,1175.wav,Harmonium\1175.wav,UNEXPECTED_SAMPLE_RATE,3.0,22050,1,CONVERT/RESAMPLE,"SR is 22050, expected 44100"
Harmonium,1176.wav,Harmonium\1176.wav,UNEXPECTED_SAMPLE_RATE,3.0,22050,1,CONVERT/RESAMPLE,"SR is 22050, expected 44100"
Harmonium,1177.wav,Harmonium\1177.wav,UNEXPECTED_SAMPLE_RATE,3.0,22050,1,CONVERT/RESAMPLE,"SR is 22050, expected 44100"
Harmonium,1178.wav,Harmonium\1178.wav,UNEXPECTED_SAMPLE_RATE,3.0,22050,1,CONVERT/RESAMPLE,"SR is 22050, expected 44100"
Harmonium,1179.wav,Harmonium\1179.wav,UNEXPECTED_SAMPLE_RATE,3.0,22050,1,CONVERT/RESAMPLE,"SR is 22050, expected 44100"
Harmonium,118.wav,Harmonium\118.wav,UNEXPECTED_SAMPLE_RATE,3.0,22050,1,CONVERT/RESAMPLE,"SR is 22050, expected 44100"
Harmonium,1180.wav,Harmonium\1180.wav,UNEXPECTED_SAMPLE_RATE,3.0,22050,1,CONVERT/RESAMPLE,"SR is 22050, expected 44100"
Harmonium,1181.wav,Harmonium\1181.wav,UNEXPECTED_SAMPLE_RATE,3.0,22050,1,CONVERT/RESAMPLE,"SR is 22050, expected 44100"
Harmonium,1182.wav,Harmonium\1182.wav,UNEXPECTED_SAMPLE_RATE,3.0,22050,1,CONVERT/RESAMPLE,"SR is 22050, expected 44100"
Harmonium,1183.wav,Harmonium\1183.wav,UNEXPECTED_SAMPLE_RATE,3.0,22050,1,CONVERT/RESAMPLE,"SR is 22050, expected 44100"
Harmonium,1184.wav,Harmonium\1184.wav,UNEXPECTED_SAMPLE_RATE,3.0,22050,1,CONVERT/RESAMPLE,"SR is 22050, expected 44100"
Harmonium,1185.wav,Harmonium\1185.wav,UNEXPECTED_SAMPLE_RATE,3.0,22050,1,CONVERT/RESAMPLE,"SR is 22050, expected 44100"
Harmonium,1186.wav,Harmonium\1186.wav,UNEXPECTED_SAMPLE_RATE,3.0,22050,1,CONVERT/RESAMPLE,"SR is 22050, expected 44100"
Harmonium,1187.wav,Harmonium\1187.wav,UNEXPECTED_SAMPLE_RATE,3.0,22050,1,CONVERT/RESAMPLE,"SR is 22050, expected 44100"
Harmonium,1188.wav,Harmonium\1188.wav,UNEXPECTED_SAMPLE_RATE,3.0,22050,1,CONVERT/RESAMPLE,"SR is 22050, expected 44100"
Harmonium,1189.wav,Harmonium\1189.wav,UNEXPECTED_SAMPLE_RATE,3.0,22050,1,CONVERT/RESAMPLE,"SR is 22050, expected 44100"
Harmonium,119.wav,Harmonium\119.wav,UNEXPECTED_SAMPLE_RATE,3.0,22050,1,CONVERT/RESAMPLE,"SR is 22050, expected 44100"
Harmonium,1190.wav,Harmonium\1190.wav,UNEXPECTED_SAMPLE_RATE,3.0,22050,1,CONVERT/RESAMPLE,"SR is 22050, expected 44100"
Harmonium,1191.wav,Harmonium\1191.wav,UNEXPECTED_SAMPLE_RATE,3.0,22050,1,CONVERT/RESAMPLE,"SR is 22050, expected 44100"
Harmonium,1192.wav,Harmonium\1192.wav,UNEXPECTED_SAMPLE_RATE,3.0,22050,1,CONVERT/RESAMPLE,"SR is 22050, expected 44100"
Harmonium,1193.wav,Harmonium\1193.wav,UNEXPECTED_SAMPLE_RATE,3.0,22050,1,CONVERT/RESAMPLE,"SR is 22050, expected 44100"
Harmonium,1194.wav,Harmonium\1194.wav,UNEXPECTED_SAMPLE_RATE,3.0,22050,1,CONVERT/RESAMPLE,"SR is 22050, expected 44100"
Harmonium,1195.wav,Harmonium\1195.wav,UNEXPECTED_SAMPLE_RATE,3.0,22050,1,CONVERT/RESAMPLE,"SR is 22050, expected 44100"
Harmonium,1196.wav,Harmonium\1196.wav,UNEXPECTED_SAMPLE_RATE,3.0,22050,1,CONVERT/RESAMPLE,"SR is 22050, expected 44100"
Harmonium,1197.wav,Harmonium\1197.wav,UNEXPECTED_SAMPLE_RATE,3.0,22050,1,CONVERT/RESAMPLE,"SR is 22050, expected 44100"
Harmonium,1198.wav,Harmonium\1198.wav,UNEXPECTED_SAMPLE_RATE,3.0,22050,1,CONVERT/RESAMPLE,"SR is 22050, expected 44100"
Harmonium,1199.wav,Harmonium\1199.wav,UNEXPECTED_SAMPLE_RATE,3.0,22050,1,CONVERT/RESAMPLE,"SR is 22050, expected 44100"
Harmonium,12.wav,Harmonium\12.wav,UNEXPECTED_SAMPLE_RATE,3.0,22050,1,CONVERT/RESAMPLE,"SR is 22050, expected 44100"
Harmonium,120.wav,Harmonium\120.wav,UNEXPECTED_SAMPLE_RATE,3.0,22050,1,CONVERT/RESAMPLE,"SR is 22050, expected 44100"
Harmonium,1200.wav,Harmonium\1200.wav,UNEXPECTED_SAMPLE_RATE,3.0,22050,1,CONVERT/RESAMPLE,"SR is 22050, expected 44100"
Harmonium,1201.wav,Harmonium\1201.wav,UNEXPECTED_SAMPLE_RATE,3.0,22050,1,CONVERT/RESAMPLE,"SR is 22050, expected 44100"
Harmonium,1202.wav,Harmonium\1202.wav,UNEXPECTED_SAMPLE_RATE,3.0,22050,1,CONVERT/RESAMPLE,"SR is 22050, expected 44100"
Harmonium,1203.wav,Harmonium\1203.wav,UNEXPECTED_SAMPLE_RATE,3.0,22050,1,CONVERT/RESAMPLE,"SR is 22050, expected 44100"
Harmonium,1204.wav,Harmonium\1204.wav,UNEXPECTED_SAMPLE_RATE,3.0,22050,1,CONVERT/RESAMPLE,"SR is 22050, expected 44100"
Harmonium,1205.wav,Harmonium\1205.wav,UNEXPECTED_SAMPLE_RATE,3.0,22050,1,CONVERT/RESAMPLE,"SR is 22050, expected 44100"
Harmonium,1206.wav,Harmonium\1206.wav,UNEXPECTED_SAMPLE_RATE,3.0,22050,1,CONVERT/RESAMPLE,"SR is 22050, expected 44100"
Harmonium,1207.wav,Harmonium\1207.wav,UNEXPECTED_SAMPLE_RATE,3.0,22050,1,CONVERT/RESAMPLE,"SR is 22050, expected 44100"
Harmonium,1208.wav,Harmonium\1208.wav,UNEXPECTED_SAMPLE_RATE,3.0,22050,1,CONVERT/RESAMPLE,"SR is 22050, expected 44100"
Harmonium,1209.wav,Harmonium\1209.wav,UNEXPECTED_SAMPLE_RATE,3.0,22050,1,CONVERT/RESAMPLE,"SR is 22050, expected 44100"
Harmonium,121.wav,Harmonium\121.wav,UNEXPECTED_SAMPLE_RATE,3.0,22050,1,CONVERT/RESAMPLE,"SR is 22050, expected 44100"
Harmonium,1210.wav,Harmonium\1210.wav,UNEXPECTED_SAMPLE_RATE,3.0,22050,1,CONVERT/RESAMPLE,"SR is 22050, expected 44100"
Harmonium,1211.wav,Harmonium\1211.wav,UNEXPECTED_SAMPLE_RATE,3.0,22050,1,CONVERT/RESAMPLE,"SR is 22050, expected 44100"
Harmonium,1212.wav,Harmonium\1212.wav,UNEXPECTED_SAMPLE_RATE,3.0,22050,1,CONVERT/RESAMPLE,"SR is 22050, expected 44100"
Harmonium,1213.wav,Harmonium\1213.wav,UNEXPECTED_SAMPLE_RATE,3.0,22050,1,CONVERT/RESAMPLE,"SR is 22050, expected 44100"
Harmonium,1214.wav,Harmonium\1214.wav,UNEXPECTED_SAMPLE_RATE,3.0,22050,1,CONVERT/RESAMPLE,"SR is 22050, expected 44100"
Harmonium,1215.wav,Harmonium\1215.wav,UNEXPECTED_SAMPLE_RATE,3.0,22050,1,CONVERT/RESAMPLE,"SR is 22050, expected 44100"
Harmonium,1216.wav,Harmonium\1216.wav,UNEXPECTED_SAMPLE_RATE,3.0,22050,1,CONVERT/RESAMPLE,"SR is 22050, expected 44100"
Harmonium,1217.wav,Harmonium\1217.wav,UNEXPECTED_SAMPLE_RATE,3.0,22050,1,CONVERT/RESAMPLE,"SR is 22050, expected 44100"
Harmonium,1218.wav,Harmonium\1218.wav,UNEXPECTED_SAMPLE_RATE,3.0,22050,1,CONVERT/RESAMPLE,"SR is 22050, expected 44100"
Harmonium,1219.wav,Harmonium\1219.wav,UNEXPECTED_SAMPLE_RATE,3.0,22050,1,CONVERT/RESAMPLE,"SR is 22050, expected 44100"
Harmonium,122.wav,Harmonium\122.wav,UNEXPECTED_SAMPLE_RATE,3.0,22050,1,CONVERT/RESAMPLE,"SR is 22050, expected 44100"
Harmonium,1220.wav,Harmonium\1220.wav,UNEXPECTED_SAMPLE_RATE,3.0,22050,1,CONVERT/RESAMPLE,"SR is 22050, expected 44100"
Harmonium,1221.wav,Harmonium\1221.wav,UNEXPECTED_SAMPLE_RATE,3.0,22050,1,CONVERT/RESAMPLE,"SR is 22050, expected 44100"
Harmonium,1222.wav,Harmonium\1222.wav,UNEXPECTED_SAMPLE_RATE,3.0,22050,1,CONVERT/RESAMPLE,"SR is 22050, expected 44100"
Harmonium,1223.wav,Harmonium\1223.wav,UNEXPECTED_SAMPLE_RATE,3.0,22050,1,CONVERT/RESAMPLE,"SR is 22050, expected 44100"
Harmonium,1224.wav,Harmonium\1224.wav,UNEXPECTED_SAMPLE_RATE,3.0,22050,1,CONVERT/RESAMPLE,"SR is 22050, expected 44100"
Harmonium,1225.wav,Harmonium\1225.wav,UNEXPECTED_SAMPLE_RATE,3.0,22050,1,CONVERT/RESAMPLE,"SR is 22050, expected 44100"
Harmonium,1226.wav,Harmonium\1226.wav,UNEXPECTED_SAMPLE_RATE,3.0,22050,1,CONVERT/RESAMPLE,"SR is 22050, expected 44100"
Harmonium,1227.wav,Harmonium\1227.wav,UNEXPECTED_SAMPLE_RATE,3.0,22050,1,CONVERT/RESAMPLE,"SR is 22050, expected 44100"
Harmonium,1228.wav,Harmonium\1228.wav,UNEXPECTED_SAMPLE_RATE,3.0,22050,1,CONVERT/RESAMPLE,"SR is 22050, expected 44100"
Harmonium,1229.wav,Harmonium\1229.wav,UNEXPECTED_SAMPLE_RATE,3.0,22050,1,CONVERT/RESAMPLE,"SR is 22050, expected 44100"
Harmonium,123.wav,Harmonium\123.wav,UNEXPECTED_SAMPLE_RATE,3.0,22050,1,CONVERT/RESAMPLE,"SR is 22050, expected 44100"
Harmonium,1230.wav,Harmonium\1230.wav,UNEXPECTED_SAMPLE_RATE,3.0,22050,1,CONVERT/RESAMPLE,"SR is 22050, expected 44100"
Harmonium,1231.wav,Harmonium\1231.wav,UNEXPECTED_SAMPLE_RATE,3.0,22050,1,CONVERT/RESAMPLE,"SR is 22050, expected 44100"
Harmonium,1232.wav,Harmonium\1232.wav,UNEXPECTED_SAMPLE_RATE,3.0,22050,1,CONVERT/RESAMPLE,"SR is 22050, expected 44100"
Harmonium,1233.wav,Harmonium\1233.wav,UNEXPECTED_SAMPLE_RATE,3.0,22050,1,CONVERT/RESAMPLE,"SR is 22050, expected 44100"
Harmonium,1234.wav,Harmonium\1234.wav,UNEXPECTED_SAMPLE_RATE,3.0,22050,1,CONVERT/RESAMPLE,"SR is 22050, expected 44100"
Harmonium,1235.wav,Harmonium\1235.wav,UNEXPECTED_SAMPLE_RATE,3.0,22050,1,CONVERT/RESAMPLE,"SR is 22050, expected 44100"
Harmonium,1236.wav,Harmonium\1236.wav,UNEXPECTED_SAMPLE_RATE,3.0,22050,1,CONVERT/RESAMPLE,"SR is 22050, expected 44100"
Harmonium,1237.wav,Harmonium\1237.wav,UNEXPECTED_SAMPLE_RATE,3.0,22050,1,CONVERT/RESAMPLE,"SR is 22050, expected 44100"
Harmonium,1238.wav,Harmonium\1238.wav,UNEXPECTED_SAMPLE_RATE,3.0,22050,1,CONVERT/RESAMPLE,"SR is 22050, expected 44100"
Harmonium,1239.wav,Harmonium\1239.wav,UNEXPECTED_SAMPLE_RATE,3.0,22050,1,CONVERT/RESAMPLE,"SR is 22050, expected 44100"
Harmonium,124.wav,Harmonium\124.wav,UNEXPECTED_SAMPLE_RATE,3.0,22050,1,CONVERT/RESAMPLE,"SR is 22050, expected 44100"
Harmonium,1240.wav,Harmonium\1240.wav,UNEXPECTED_SAMPLE_RATE,3.0,22050,1,CONVERT/RESAMPLE,"SR is 22050, expected 44100"
Harmonium,1241.wav,Harmonium\1241.wav,UNEXPECTED_SAMPLE_RATE,3.0,22050,1,CONVERT/RESAMPLE,"SR is 22050, expected 44100"
Harmonium,1242.wav,Harmonium\1242.wav,UNEXPECTED_SAMPLE_RATE,3.0,22050,1,CONVERT/RESAMPLE,"SR is 22050, expected 44100"
Harmonium,1243.wav,Harmonium\1243.wav,UNEXPECTED_SAMPLE_RATE,3.0,22050,1,CONVERT/RESAMPLE,"SR is 22050, expected 44100"
Harmonium,1244.wav,Harmonium\1244.wav,UNEXPECTED_SAMPLE_RATE,3.0,22050,1,CONVERT/RESAMPLE,"SR is 22050, expected 44100"
Harmonium,1245.wav,Harmonium\1245.wav,UNEXPECTED_SAMPLE_RATE,3.0,22050,1,CONVERT/RESAMPLE,"SR is 22050, expected 44100"
Harmonium,1246.wav,Harmonium\1246.wav,UNEXPECTED_SAMPLE_RATE,3.0,22050,1,CONVERT/RESAMPLE,"SR is 22050, expected 44100"
Harmonium,1247.wav,Harmonium\1247.wav,UNEXPECTED_SAMPLE_RATE,3.0,22050,1,CONVERT/RESAMPLE,"SR is 22050, expected 44100"
Harmonium,1248.wav,Harmonium\1248.wav,UNEXPECTED_SAMPLE_RATE,3.0,22050,1,CONVERT/RESAMPLE,"SR is 22050, expected 44100"
Harmonium,1249.wav,Harmonium\1249.wav,UNEXPECTED_SAMPLE_RATE,3.0,22050,1,CONVERT/RESAMPLE,"SR is 22050, expected 44100"
Harmonium,125.wav,Harmonium\125.wav,UNEXPECTED_SAMPLE_RATE,3.0,22050,1,CONVERT/RESAMPLE,"SR is 22050, expected 44100"
Harmonium,1250.wav,Harmonium\1250.wav,UNEXPECTED_SAMPLE_RATE,3.0,22050,1,CONVERT/RESAMPLE,"SR is 22050, expected 44100"
Harmonium,1251.wav,Harmonium\1251.wav,UNEXPECTED_SAMPLE_RATE,3.0,22050,1,CONVERT/RESAMPLE,"SR is 22050, expected 44100"
Harmonium,1252.wav,Harmonium\1252.wav,UNEXPECTED_SAMPLE_RATE,3.0,22050,1,CONVERT/RESAMPLE,"SR is 22050, expected 44100"
Harmonium,1253.wav,Harmonium\1253.wav,UNEXPECTED_SAMPLE_RATE,3.0,22050,1,CONVERT/RESAMPLE,"SR is 22050, expected 44100"
Harmonium,1254.wav,Harmonium\1254.wav,UNEXPECTED_SAMPLE_RATE,3.0,22050,1,CONVERT/RESAMPLE,"SR is 22050, expected 44100"
Harmonium,1255.wav,Harmonium\1255.wav,UNEXPECTED_SAMPLE_RATE,3.0,22050,1,CONVERT/RESAMPLE,"SR is 22050, expected 44100"
Harmonium,1256.wav,Harmonium\1256.wav,UNEXPECTED_SAMPLE_RATE,3.0,22050,1,CONVERT/RESAMPLE,"SR is 22050, expected 44100"
Harmonium,1257.wav,Harmonium\1257.wav,UNEXPECTED_SAMPLE_RATE,3.0,22050,1,CONVERT/RESAMPLE,"SR is 22050, expected 44100"
Harmonium,1258.wav,Harmonium\1258.wav,UNEXPECTED_SAMPLE_RATE,3.0,22050,1,CONVERT/RESAMPLE,"SR is 22050, expected 44100"
Harmonium,1259.wav,Harmonium\1259.wav,UNEXPECTED_SAMPLE_RATE,3.0,22050,1,CONVERT/RESAMPLE,"SR is 22050, expected 44100"
Harmonium,126.wav,Harmonium\126.wav,UNEXPECTED_SAMPLE_RATE,3.0,22050,1,CONVERT/RESAMPLE,"SR is 22050, expected 44100"
Harmonium,1260.wav,Harmonium\1260.wav,UNEXPECTED_SAMPLE_RATE,3.0,22050,1,CONVERT/RESAMPLE,"SR is 22050, expected 44100"
Harmonium,1261.wav,Harmonium\1261.wav,UNEXPECTED_SAMPLE_RATE,3.0,22050,1,CONVERT/RESAMPLE,"SR is 22050, expected 44100"
Harmonium,1262.wav,Harmonium\1262.wav,UNEXPECTED_SAMPLE_RATE,3.0,22050,1,CONVERT/RESAMPLE,"SR is 22050, expected 44100"
Harmonium,1263.wav,Harmonium\1263.wav,UNEXPECTED_SAMPLE_RATE,3.0,22050,1,CONVERT/RESAMPLE,"SR is 22050, expected 44100"
Harmonium,1264.wav,Harmonium\1264.wav,UNEXPECTED_SAMPLE_RATE,3.0,22050,1,CONVERT/RESAMPLE,"SR is 22050, expected 44100"
Harmonium,1265.wav,Harmonium\1265.wav,UNEXPECTED_SAMPLE_RATE,3.0,22050,1,CONVERT/RESAMPLE,"SR is 22050, expected 44100"
Harmonium,1266.wav,Harmonium\1266.wav,UNEXPECTED_SAMPLE_RATE,3.0,22050,1,CONVERT/RESAMPLE,"SR is 22050, expected 44100"
Harmonium,1267.wav,Harmonium\1267.wav,UNEXPECTED_SAMPLE_RATE,3.0,22050,1,CONVERT/RESAMPLE,"SR is 22050, expected 44100"
Harmonium,1268.wav,Harmonium\1268.wav,UNEXPECTED_SAMPLE_RATE,3.0,22050,1,CONVERT/RESAMPLE,"SR is 22050, expected 44100"
Harmonium,1269.wav,Harmonium\1269.wav,UNEXPECTED_SAMPLE_RATE,3.0,22050,1,CONVERT/RESAMPLE,"SR is 22050, expected 44100"
Harmonium,127.wav,Harmonium\127.wav,UNEXPECTED_SAMPLE_RATE,3.0,22050,1,CONVERT/RESAMPLE,"SR is 22050, expected 44100"
Harmonium,1270.wav,Harmonium\1270.wav,UNEXPECTED_SAMPLE_RATE,3.0,22050,1,CONVERT/RESAMPLE,"SR is 22050, expected 44100"
Harmonium,1271.wav,Harmonium\1271.wav,UNEXPECTED_SAMPLE_RATE,3.0,22050,1,CONVERT/RESAMPLE,"SR is 22050, expected 44100"
Harmonium,1272.wav,Harmonium\1272.wav,UNEXPECTED_SAMPLE_RATE,3.0,22050,1,CONVERT/RESAMPLE,"SR is 22050, expected 44100"
Harmonium,1273.wav,Harmonium\1273.wav,UNEXPECTED_SAMPLE_RATE,3.0,22050,1,CONVERT/RESAMPLE,"SR is 22050, expected 44100"
Harmonium,1274.wav,Harmonium\1274.wav,UNEXPECTED_SAMPLE_RATE,3.0,22050,1,CONVERT/RESAMPLE,"SR is 22050, expected 44100"
Harmonium,1275.wav,Harmonium\1275.wav,UNEXPECTED_SAMPLE_RATE,3.0,22050,1,CONVERT/RESAMPLE,"SR is 22050, expected 44100"
Harmonium,1276.wav,Harmonium\1276.wav,UNEXPECTED_SAMPLE_RATE,3.0,22050,1,CONVERT/RESAMPLE,"SR is 22050, expected 44100"
Harmonium,1277.wav,Harmonium\1277.wav,UNEXPECTED_SAMPLE_RATE,3.0,22050,1,CONVERT/RESAMPLE,"SR is 22050, expected 44100"
Harmonium,1278.wav,Harmonium\1278.wav,UNEXPECTED_SAMPLE_RATE,3.0,22050,1,CONVERT/RESAMPLE,"SR is 22050, expected 44100"
Harmonium,1279.wav,Harmonium\1279.wav,UNEXPECTED_SAMPLE_RATE,3.0,22050,1,CONVERT/RESAMPLE,"SR is 22050, expected 44100"
Harmonium,128.wav,Harmonium\128.wav,UNEXPECTED_SAMPLE_RATE,3.0,22050,1,CONVERT/RESAMPLE,"SR is 22050, expected 44100"
Harmonium,1280.wav,Harmonium\1280.wav,UNEXPECTED_SAMPLE_RATE,3.0,22050,1,CONVERT/RESAMPLE,"SR is 22050, expected 44100"
Harmonium,1281.wav,Harmonium\1281.wav,UNEXPECTED_SAMPLE_RATE,3.0,22050,1,CONVERT/RESAMPLE,"SR is 22050, expected 44100"
Harmonium,1282.wav,Harmonium\1282.wav,UNEXPECTED_SAMPLE_RATE,3.0,22050,1,CONVERT/RESAMPLE,"SR is 22050, expected 44100"
Harmonium,1283.wav,Harmonium\1283.wav,UNEXPECTED_SAMPLE_RATE,3.0,22050,1,CONVERT/RESAMPLE,"SR is 22050, expected 44100"
Harmonium,1284.wav,Harmonium\1284.wav,UNEXPECTED_SAMPLE_RATE,3.0,22050,1,CONVERT/RESAMPLE,"SR is 22050, expected 44100"
Harmonium,1285.wav,Harmonium\1285.wav,UNEXPECTED_SAMPLE_RATE,3.0,22050,1,CONVERT/RESAMPLE,"SR is 22050, expected 44100"
Harmonium,1286.wav,Harmonium\1286.wav,UNEXPECTED_SAMPLE_RATE,3.0,22050,1,CONVERT/RESAMPLE,"SR is 22050, expected 44100"
Harmonium,1287.wav,Harmonium\1287.wav,UNEXPECTED_SAMPLE_RATE,3.0,22050,1,CONVERT/RESAMPLE,"SR is 22050, expected 44100"
Harmonium,1288.wav,Harmonium\1288.wav,UNEXPECTED_SAMPLE_RATE,3.0,22050,1,CONVERT/RESAMPLE,"SR is 22050, expected 44100"
Harmonium,1289.wav,Harmonium\1289.wav,UNEXPECTED_SAMPLE_RATE,3.0,22050,1,CONVERT/RESAMPLE,"SR is 22050, expected 44100"
Harmonium,129.wav,Harmonium\129.wav,UNEXPECTED_SAMPLE_RATE,3.0,22050,1,CONVERT/RESAMPLE,"SR is 22050, expected 44100"
Harmonium,1290.wav,Harmonium\1290.wav,UNEXPECTED_SAMPLE_RATE,3.0,22050,1,CONVERT/RESAMPLE,"SR is 22050, expected 44100"
Harmonium,1291.wav,Harmonium\1291.wav,UNEXPECTED_SAMPLE_RATE,3.0,22050,1,CONVERT/RESAMPLE,"SR is 22050, expected 44100"
Harmonium,1292.wav,Harmonium\1292.wav,UNEXPECTED_SAMPLE_RATE,3.0,22050,1,CONVERT/RESAMPLE,"SR is 22050, expected 44100"
Harmonium,1293.wav,Harmonium\1293.wav,UNEXPECTED_SAMPLE_RATE,3.0,22050,1,CONVERT/RESAMPLE,"SR is 22050, expected 44100"
Harmonium,1294.wav,Harmonium\1294.wav,UNEXPECTED_SAMPLE_RATE,3.0,22050,1,CONVERT/RESAMPLE,"SR is 22050, expected 44100"
Harmonium,1295.wav,Harmonium\1295.wav,UNEXPECTED_SAMPLE_RATE,3.0,22050,1,CONVERT/RESAMPLE,"SR is 22050, expected 44100"
Harmonium,1296.wav,Harmonium\1296.wav,UNEXPECTED_SAMPLE_RATE,3.0,22050,1,CONVERT/RESAMPLE,"SR is 22050, expected 44100"
Harmonium,1297.wav,Harmonium\1297.wav,UNEXPECTED_SAMPLE_RATE,3.0,22050,1,CONVERT/RESAMPLE,"SR is 22050, expected 44100"
Harmonium,1298.wav,Harmonium\1298.wav,UNEXPECTED_SAMPLE_RATE,3.0,22050,1,CONVERT/RESAMPLE,"SR is 22050, expected 44100"
Harmonium,1299.wav,Harmonium\1299.wav,UNEXPECTED_SAMPLE_RATE,3.0,22050,1,CONVERT/RESAMPLE,"SR is 22050, expected 44100"
Harmonium,13.wav,Harmonium\13.wav,UNEXPECTED_SAMPLE_RATE,3.0,22050,1,CONVERT/RESAMPLE,"SR is 22050, expected 44100"
Harmonium,130.wav,Harmonium\130.wav,UNEXPECTED_SAMPLE_RATE,3.0,22050,1,CONVERT/RESAMPLE,"SR is 22050, expected 44100"
Harmonium,1300.wav,Harmonium\1300.wav,UNEXPECTED_SAMPLE_RATE,3.0,22050,1,CONVERT/RESAMPLE,"SR is 22050, expected 44100"
Harmonium,1301.wav,Harmonium\1301.wav,UNEXPECTED_SAMPLE_RATE,3.0,22050,1,CONVERT/RESAMPLE,"SR is 22050, expected 44100"
Harmonium,1302.wav,Harmonium\1302.wav,UNEXPECTED_SAMPLE_RATE,3.0,22050,1,CONVERT/RESAMPLE,"SR is 22050, expected 44100"
Harmonium,1303.wav,Harmonium\1303.wav,UNEXPECTED_SAMPLE_RATE,3.0,22050,1,CONVERT/RESAMPLE,"SR is 22050, expected 44100"
Harmonium,1304.wav,Harmonium\1304.wav,UNEXPECTED_SAMPLE_RATE,3.0,22050,1,CONVERT/RESAMPLE,"SR is 22050, expected 44100"
Harmonium,1305.wav,Harmonium\1305.wav,UNEXPECTED_SAMPLE_RATE,3.0,22050,1,CONVERT/RESAMPLE,"SR is 22050, expected 44100"
Harmonium,1306.wav,Harmonium\1306.wav,UNEXPECTED_SAMPLE_RATE,3.0,22050,1,CONVERT/RESAMPLE,"SR is 22050, expected 44100"
Harmonium,1307.wav,Harmonium\1307.wav,UNEXPECTED_SAMPLE_RATE,3.0,22050,1,CONVERT/RESAMPLE,"SR is 22050, expected 44100"
Harmonium,1308.wav,Harmonium\1308.wav,UNEXPECTED_SAMPLE_RATE,3.0,22050,1,CONVERT/RESAMPLE,"SR is 22050, expected 44100"
Harmonium,1309.wav,Harmonium\1309.wav,UNEXPECTED_SAMPLE_RATE,3.0,22050,1,CONVERT/RESAMPLE,"SR is 22050, expected 44100"
Harmonium,131.wav,Harmonium\131.wav,UNEXPECTED_SAMPLE_RATE,3.0,22050,1,CONVERT/RESAMPLE,"SR is 22050, expected 44100"
Harmonium,1310.wav,Harmonium\1310.wav,UNEXPECTED_SAMPLE_RATE,3.0,22050,1,CONVERT/RESAMPLE,"SR is 22050, expected 44100"
Harmonium,1311.wav,Harmonium\1311.wav,UNEXPECTED_SAMPLE_RATE,3.0,22050,1,CONVERT/RESAMPLE,"SR is 22050, expected 44100"
Harmonium,1312.wav,Harmonium\1312.wav,UNEXPECTED_SAMPLE_RATE,3.0,22050,1,CONVERT/RESAMPLE,"SR is 22050, expected 44100"
Harmonium,1313.wav,Harmonium\1313.wav,UNEXPECTED_SAMPLE_RATE,3.0,22050,1,CONVERT/RESAMPLE,"SR is 22050, expected 44100"
Harmonium,1314.wav,Harmonium\1314.wav,UNEXPECTED_SAMPLE_RATE,3.0,22050,1,CONVERT/RESAMPLE,"SR is 22050, expected 44100"
Harmonium,132.wav,Harmonium\132.wav,UNEXPECTED_SAMPLE_RATE,3.0,22050,1,CONVERT/RESAMPLE,"SR is 22050, expected 44100"
Harmonium,133.wav,Harmonium\133.wav,UNEXPECTED_SAMPLE_RATE,3.0,22050,1,CONVERT/RESAMPLE,"SR is 22050, expected 44100"
Harmonium,134.wav,Harmonium\134.wav,UNEXPECTED_SAMPLE_RATE,3.0,22050,1,CONVERT/RESAMPLE,"SR is 22050, expected 44100"
Harmonium,135.wav,Harmonium\135.wav,UNEXPECTED_SAMPLE_RATE,3.0,22050,1,CONVERT/RESAMPLE,"SR is 22050, expected 44100"
Harmonium,136.wav,Harmonium\136.wav,UNEXPECTED_SAMPLE_RATE,3.0,22050,1,CONVERT/RESAMPLE,"SR is 22050, expected 44100"
Harmonium,137.wav,Harmonium\137.wav,UNEXPECTED_SAMPLE_RATE,3.0,22050,1,CONVERT/RESAMPLE,"SR is 22050, expected 44100"
Harmonium,138.wav,Harmonium\138.wav,UNEXPECTED_SAMPLE_RATE,3.0,22050,1,CONVERT/RESAMPLE,"SR is 22050, expected 44100"
Harmonium,139.wav,Harmonium\139.wav,UNEXPECTED_SAMPLE_RATE,3.0,22050,1,CONVERT/RESAMPLE,"SR is 22050, expected 44100"
Harmonium,14.wav,Harmonium\14.wav,UNEXPECTED_SAMPLE_RATE,3.0,22050,1,CONVERT/RESAMPLE,"SR is 22050, expected 44100"
Harmonium,140.wav,Harmonium\140.wav,UNEXPECTED_SAMPLE_RATE,3.0,22050,1,CONVERT/RESAMPLE,"SR is 22050, expected 44100"
Harmonium,141.wav,Harmonium\141.wav,UNEXPECTED_SAMPLE_RATE,3.0,22050,1,CONVERT/RESAMPLE,"SR is 22050, expected 44100"
Harmonium,142.wav,Harmonium\142.wav,UNEXPECTED_SAMPLE_RATE,3.0,22050,1,CONVERT/RESAMPLE,"SR is 22050, expected 44100"
Harmonium,143.wav,Harmonium\143.wav,UNEXPECTED_SAMPLE_RATE,3.0,22050,1,CONVERT/RESAMPLE,"SR is 22050, expected 44100"
Harmonium,144.wav,Harmonium\144.wav,UNEXPECTED_SAMPLE_RATE,3.0,22050,1,CONVERT/RESAMPLE,"SR is 22050, expected 44100"
Harmonium,145.wav,Harmonium\145.wav,UNEXPECTED_SAMPLE_RATE,3.0,22050,1,CONVERT/RESAMPLE,"SR is 22050, expected 44100"
Harmonium,146.wav,Harmonium\146.wav,UNEXPECTED_SAMPLE_RATE,3.0,22050,1,CONVERT/RESAMPLE,"SR is 22050, expected 44100"
Harmonium,147.wav,Harmonium\147.wav,UNEXPECTED_SAMPLE_RATE,3.0,22050,1,CONVERT/RESAMPLE,"SR is 22050, expected 44100"
Harmonium,148.wav,Harmonium\148.wav,UNEXPECTED_SAMPLE_RATE,3.0,22050,1,CONVERT/RESAMPLE,"SR is 22050, expected 44100"
Harmonium,149.wav,Harmonium\149.wav,UNEXPECTED_SAMPLE_RATE,3.0,22050,1,CONVERT/RESAMPLE,"SR is 22050, expected 44100"
Harmonium,15.wav,Harmonium\15.wav,UNEXPECTED_SAMPLE_RATE,3.0,22050,1,CONVERT/RESAMPLE,"SR is 22050, expected 44100"
Harmonium,150.wav,Harmonium\150.wav,UNEXPECTED_SAMPLE_RATE,3.0,22050,1,CONVERT/RESAMPLE,"SR is 22050, expected 44100"
Harmonium,151.wav,Harmonium\151.wav,UNEXPECTED_SAMPLE_RATE,3.0,22050,1,CONVERT/RESAMPLE,"SR is 22050, expected 44100"
Harmonium,152.wav,Harmonium\152.wav,UNEXPECTED_SAMPLE_RATE,3.0,22050,1,CONVERT/RESAMPLE,"SR is 22050, expected 44100"
Harmonium,153.wav,Harmonium\153.wav,UNEXPECTED_SAMPLE_RATE,3.0,22050,1,CONVERT/RESAMPLE,"SR is 22050, expected 44100"
Harmonium,154.wav,Harmonium\154.wav,UNEXPECTED_SAMPLE_RATE,3.0,22050,1,CONVERT/RESAMPLE,"SR is 22050, expected 44100"
Harmonium,155.wav,Harmonium\155.wav,UNEXPECTED_SAMPLE_RATE,3.0,22050,1,CONVERT/RESAMPLE,"SR is 22050, expected 44100"
Harmonium,156.wav,Harmonium\156.wav,UNEXPECTED_SAMPLE_RATE,3.0,22050,1,CONVERT/RESAMPLE,"SR is 22050, expected 44100"
Harmonium,157.wav,Harmonium\157.wav,UNEXPECTED_SAMPLE_RATE,3.0,22050,1,CONVERT/RESAMPLE,"SR is 22050, expected 44100"
Harmonium,158.wav,Harmonium\158.wav,UNEXPECTED_SAMPLE_RATE,3.0,22050,1,CONVERT/RESAMPLE,"SR is 22050, expected 44100"
Harmonium,159.wav,Harmonium\159.wav,UNEXPECTED_SAMPLE_RATE,3.0,22050,1,CONVERT/RESAMPLE,"SR is 22050, expected 44100"
Harmonium,16.wav,Harmonium\16.wav,UNEXPECTED_SAMPLE_RATE,3.0,22050,1,CONVERT/RESAMPLE,"SR is 22050, expected 44100"
Harmonium,160.wav,Harmonium\160.wav,UNEXPECTED_SAMPLE_RATE,3.0,22050,1,CONVERT/RESAMPLE,"SR is 22050, expected 44100"
Harmonium,161.wav,Harmonium\161.wav,UNEXPECTED_SAMPLE_RATE,3.0,22050,1,CONVERT/RESAMPLE,"SR is 22050, expected 44100"
Harmonium,162.wav,Harmonium\162.wav,UNEXPECTED_SAMPLE_RATE,3.0,22050,1,CONVERT/RESAMPLE,"SR is 22050, expected 44100"
Harmonium,163.wav,Harmonium\163.wav,UNEXPECTED_SAMPLE_RATE,3.0,22050,1,CONVERT/RESAMPLE,"SR is 22050, expected 44100"
Harmonium,164.wav,Harmonium\164.wav,UNEXPECTED_SAMPLE_RATE,3.0,22050,1,CONVERT/RESAMPLE,"SR is 22050, expected 44100"
Harmonium,165.wav,Harmonium\165.wav,UNEXPECTED_SAMPLE_RATE,3.0,22050,1,CONVERT/RESAMPLE,"SR is 22050, expected 44100"
Harmonium,166.wav,Harmonium\166.wav,UNEXPECTED_SAMPLE_RATE,3.0,22050,1,CONVERT/RESAMPLE,"SR is 22050, expected 44100"
Harmonium,167.wav,Harmonium\167.wav,UNEXPECTED_SAMPLE_RATE,3.0,22050,1,CONVERT/RESAMPLE,"SR is 22050, expected 44100"
Harmonium,168.wav,Harmonium\168.wav,UNEXPECTED_SAMPLE_RATE,3.0,22050,1,CONVERT/RESAMPLE,"SR is 22050, expected 44100"
Harmonium,169.wav,Harmonium\169.wav,UNEXPECTED_SAMPLE_RATE,3.0,22050,1,CONVERT/RESAMPLE,"SR is 22050, expected 44100"
Harmonium,17.wav,Harmonium\17.wav,UNEXPECTED_SAMPLE_RATE,3.0,22050,1,CONVERT/RESAMPLE,"SR is 22050, expected 44100"
Harmonium,170.wav,Harmonium\170.wav,UNEXPECTED_SAMPLE_RATE,3.0,22050,1,CONVERT/RESAMPLE,"SR is 22050, expected 44100"
Harmonium,171.wav,Harmonium\171.wav,UNEXPECTED_SAMPLE_RATE,3.0,22050,1,CONVERT/RESAMPLE,"SR is 22050, expected 44100"
Harmonium,172.wav,Harmonium\172.wav,UNEXPECTED_SAMPLE_RATE,3.0,22050,1,CONVERT/RESAMPLE,"SR is 22050, expected 44100"
Harmonium,173.wav,Harmonium\173.wav,UNEXPECTED_SAMPLE_RATE,3.0,22050,1,CONVERT/RESAMPLE,"SR is 22050, expected 44100"
Harmonium,174.wav,Harmonium\174.wav,UNEXPECTED_SAMPLE_RATE,3.0,22050,1,CONVERT/RESAMPLE,"SR is 22050, expected 44100"
Harmonium,175.wav,Harmonium\175.wav,UNEXPECTED_SAMPLE_RATE,3.0,22050,1,CONVERT/RESAMPLE,"SR is 22050, expected 44100"
Harmonium,176.wav,Harmonium\176.wav,UNEXPECTED_SAMPLE_RATE,3.0,22050,1,CONVERT/RESAMPLE,"SR is 22050, expected 44100"
Harmonium,177.wav,Harmonium\177.wav,UNEXPECTED_SAMPLE_RATE,3.0,22050,1,CONVERT/RESAMPLE,"SR is 22050, expected 44100"
Harmonium,178.wav,Harmonium\178.wav,UNEXPECTED_SAMPLE_RATE,3.0,22050,1,CONVERT/RESAMPLE,"SR is 22050, expected 44100"
Harmonium,179.wav,Harmonium\179.wav,UNEXPECTED_SAMPLE_RATE,3.0,22050,1,CONVERT/RESAMPLE,"SR is 22050, expected 44100"
Harmonium,18.wav,Harmonium\18.wav,UNEXPECTED_SAMPLE_RATE,3.0,22050,1,CONVERT/RESAMPLE,"SR is 22050, expected 44100"
Harmonium,180.wav,Harmonium\180.wav,UNEXPECTED_SAMPLE_RATE,3.0,22050,1,CONVERT/RESAMPLE,"SR is 22050, expected 44100"
Harmonium,181.wav,Harmonium\181.wav,UNEXPECTED_SAMPLE_RATE,3.0,22050,1,CONVERT/RESAMPLE,"SR is 22050, expected 44100"
Harmonium,182.wav,Harmonium\182.wav,UNEXPECTED_SAMPLE_RATE,3.0,22050,1,CONVERT/RESAMPLE,"SR is 22050, expected 44100"
Harmonium,183.wav,Harmonium\183.wav,UNEXPECTED_SAMPLE_RATE,3.0,22050,1,CONVERT/RESAMPLE,"SR is 22050, expected 44100"
Harmonium,184.wav,Harmonium\184.wav,UNEXPECTED_SAMPLE_RATE,3.0,22050,1,CONVERT/RESAMPLE,"SR is 22050, expected 44100"
Harmonium,185.wav,Harmonium\185.wav,UNEXPECTED_SAMPLE_RATE,3.0,22050,1,CONVERT/RESAMPLE,"SR is 22050, expected 44100"
Harmonium,186.wav,Harmonium\186.wav,UNEXPECTED_SAMPLE_RATE,3.0,22050,1,CONVERT/RESAMPLE,"SR is 22050, expected 44100"
Harmonium,187.wav,Harmonium\187.wav,UNEXPECTED_SAMPLE_RATE,3.0,22050,1,CONVERT/RESAMPLE,"SR is 22050, expected 44100"
Harmonium,188.wav,Harmonium\188.wav,UNEXPECTED_SAMPLE_RATE,3.0,22050,1,CONVERT/RESAMPLE,"SR is 22050, expected 44100"
Harmonium,189.wav,Harmonium\189.wav,UNEXPECTED_SAMPLE_RATE,3.0,22050,1,CONVERT/RESAMPLE,"SR is 22050, expected 44100"
Harmonium,19.wav,Harmonium\19.wav,UNEXPECTED_SAMPLE_RATE,3.0,22050,1,CONVERT/RESAMPLE,"SR is 22050, expected 44100"
Harmonium,190.wav,Harmonium\190.wav,UNEXPECTED_SAMPLE_RATE,3.0,22050,1,CONVERT/RESAMPLE,"SR is 22050, expected 44100"
Harmonium,191.wav,Harmonium\191.wav,UNEXPECTED_SAMPLE_RATE,3.0,22050,1,CONVERT/RESAMPLE,"SR is 22050, expected 44100"
Harmonium,192.wav,Harmonium\192.wav,UNEXPECTED_SAMPLE_RATE,3.0,22050,1,CONVERT/RESAMPLE,"SR is 22050, expected 44100"
Harmonium,193.wav,Harmonium\193.wav,UNEXPECTED_SAMPLE_RATE,3.0,22050,1,CONVERT/RESAMPLE,"SR is 22050, expected 44100"
Harmonium,194.wav,Harmonium\194.wav,UNEXPECTED_SAMPLE_RATE,3.0,22050,1,CONVERT/RESAMPLE,"SR is 22050, expected 44100"
Harmonium,195.wav,Harmonium\195.wav,UNEXPECTED_SAMPLE_RATE,3.0,22050,1,CONVERT/RESAMPLE,"SR is 22050, expected 44100"
Harmonium,196.wav,Harmonium\196.wav,UNEXPECTED_SAMPLE_RATE,3.0,22050,1,CONVERT/RESAMPLE,"SR is 22050, expected 44100"
Harmonium,197.wav,Harmonium\197.wav,UNEXPECTED_SAMPLE_RATE,3.0,22050,1,CONVERT/RESAMPLE,"SR is 22050, expected 44100"
Harmonium,198.wav,Harmonium\198.wav,UNEXPECTED_SAMPLE_RATE,3.0,22050,1,CONVERT/RESAMPLE,"SR is 22050, expected 44100"
Harmonium,199.wav,Harmonium\199.wav,UNEXPECTED_SAMPLE_RATE,3.0,22050,1,CONVERT/RESAMPLE,"SR is 22050, expected 44100"
Harmonium,2.wav,Harmonium\2.wav,UNEXPECTED_SAMPLE_RATE,3.0,22050,1,CONVERT/RESAMPLE,"SR is 22050, expected 44100"
Harmonium,20.wav,Harmonium\20.wav,UNEXPECTED_SAMPLE_RATE,3.0,22050,1,CONVERT/RESAMPLE,"SR is 22050, expected 44100"
Harmonium,200.wav,Harmonium\200.wav,UNEXPECTED_SAMPLE_RATE,3.0,22050,1,CONVERT/RESAMPLE,"SR is 22050, expected 44100"
Harmonium,201.wav,Harmonium\201.wav,UNEXPECTED_SAMPLE_RATE,3.0,22050,1,CONVERT/RESAMPLE,"SR is 22050, expected 44100"
Harmonium,202.wav,Harmonium\202.wav,UNEXPECTED_SAMPLE_RATE,3.0,22050,1,CONVERT/RESAMPLE,"SR is 22050, expected 44100"
Harmonium,203.wav,Harmonium\203.wav,UNEXPECTED_SAMPLE_RATE,3.0,22050,1,CONVERT/RESAMPLE,"SR is 22050, expected 44100"
Harmonium,204.wav,Harmonium\204.wav,UNEXPECTED_SAMPLE_RATE,3.0,22050,1,CONVERT/RESAMPLE,"SR is 22050, expected 44100"
Harmonium,205.wav,Harmonium\205.wav,UNEXPECTED_SAMPLE_RATE,3.0,22050,1,CONVERT/RESAMPLE,"SR is 22050, expected 44100"
Harmonium,206.wav,Harmonium\206.wav,UNEXPECTED_SAMPLE_RATE,3.0,22050,1,CONVERT/RESAMPLE,"SR is 22050, expected 44100"
Harmonium,207.wav,Harmonium\207.wav,UNEXPECTED_SAMPLE_RATE,3.0,22050,1,CONVERT/RESAMPLE,"SR is 22050, expected 44100"
Harmonium,208.wav,Harmonium\208.wav,UNEXPECTED_SAMPLE_RATE,3.0,22050,1,CONVERT/RESAMPLE,"SR is 22050, expected 44100"
Harmonium,209.wav,Harmonium\209.wav,UNEXPECTED_SAMPLE_RATE,3.0,22050,1,CONVERT/RESAMPLE,"SR is 22050, expected 44100"
Harmonium,21.wav,Harmonium\21.wav,UNEXPECTED_SAMPLE_RATE,3.0,22050,1,CONVERT/RESAMPLE,"SR is 22050, expected 44100"
Harmonium,210.wav,Harmonium\210.wav,UNEXPECTED_SAMPLE_RATE,3.0,22050,1,CONVERT/RESAMPLE,"SR is 22050, expected 44100"
Harmonium,211.wav,Harmonium\211.wav,UNEXPECTED_SAMPLE_RATE,3.0,22050,1,CONVERT/RESAMPLE,"SR is 22050, expected 44100"
Harmonium,212.wav,Harmonium\212.wav,UNEXPECTED_SAMPLE_RATE,3.0,22050,1,CONVERT/RESAMPLE,"SR is 22050, expected 44100"
Harmonium,213.wav,Harmonium\213.wav,UNEXPECTED_SAMPLE_RATE,3.0,22050,1,CONVERT/RESAMPLE,"SR is 22050, expected 44100"
Harmonium,214.wav,Harmonium\214.wav,UNEXPECTED_SAMPLE_RATE,3.0,22050,1,CONVERT/RESAMPLE,"SR is 22050, expected 44100"
Harmonium,215.wav,Harmonium\215.wav,UNEXPECTED_SAMPLE_RATE,3.0,22050,1,CONVERT/RESAMPLE,"SR is 22050, expected 44100"
Harmonium,216.wav,Harmonium\216.wav,UNEXPECTED_SAMPLE_RATE,3.0,22050,1,CONVERT/RESAMPLE,"SR is 22050, expected 44100"
Harmonium,217.wav,Harmonium\217.wav,UNEXPECTED_SAMPLE_RATE,3.0,22050,1,CONVERT/RESAMPLE,"SR is 22050, expected 44100"
Harmonium,218.wav,Harmonium\218.wav,UNEXPECTED_SAMPLE_RATE,3.0,22050,1,CONVERT/RESAMPLE,"SR is 22050, expected 44100"
Harmonium,219.wav,Harmonium\219.wav,UNEXPECTED_SAMPLE_RATE,3.0,22050,1,CONVERT/RESAMPLE,"SR is 22050, expected 44100"
Harmonium,22.wav,Harmonium\22.wav,UNEXPECTED_SAMPLE_RATE,3.0,22050,1,CONVERT/RESAMPLE,"SR is 22050, expected 44100"
Harmonium,220.wav,Harmonium\220.wav,UNEXPECTED_SAMPLE_RATE,3.0,22050,1,CONVERT/RESAMPLE,"SR is 22050, expected 44100"
Harmonium,221.wav,Harmonium\221.wav,UNEXPECTED_SAMPLE_RATE,3.0,22050,1,CONVERT/RESAMPLE,"SR is 22050, expected 44100"
Harmonium,222.wav,Harmonium\222.wav,UNEXPECTED_SAMPLE_RATE,3.0,22050,1,CONVERT/RESAMPLE,"SR is 22050, expected 44100"
Harmonium,223.wav,Harmonium\223.wav,UNEXPECTED_SAMPLE_RATE,3.0,22050,1,CONVERT/RESAMPLE,"SR is 22050, expected 44100"
Harmonium,224.wav,Harmonium\224.wav,UNEXPECTED_SAMPLE_RATE,3.0,22050,1,CONVERT/RESAMPLE,"SR is 22050, expected 44100"
Harmonium,225.wav,Harmonium\225.wav,UNEXPECTED_SAMPLE_RATE,3.0,22050,1,CONVERT/RESAMPLE,"SR is 22050, expected 44100"
Harmonium,226.wav,Harmonium\226.wav,UNEXPECTED_SAMPLE_RATE,3.0,22050,1,CONVERT/RESAMPLE,"SR is 22050, expected 44100"
Harmonium,227.wav,Harmonium\227.wav,UNEXPECTED_SAMPLE_RATE,3.0,22050,1,CONVERT/RESAMPLE,"SR is 22050, expected 44100"
Harmonium,228.wav,Harmonium\228.wav,UNEXPECTED_SAMPLE_RATE,3.0,22050,1,CONVERT/RESAMPLE,"SR is 22050, expected 44100"
Harmonium,229.wav,Harmonium\229.wav,UNEXPECTED_SAMPLE_RATE,3.0,22050,1,CONVERT/RESAMPLE,"SR is 22050, expected 44100"
Harmonium,23.wav,Harmonium\23.wav,UNEXPECTED_SAMPLE_RATE,3.0,22050,1,CONVERT/RESAMPLE,"SR is 22050, expected 44100"
Harmonium,230.wav,Harmonium\230.wav,UNEXPECTED_SAMPLE_RATE,3.0,22050,1,CONVERT/RESAMPLE,"SR is 22050, expected 44100"
Harmonium,231.wav,Harmonium\231.wav,UNEXPECTED_SAMPLE_RATE,3.0,22050,1,CONVERT/RESAMPLE,"SR is 22050, expected 44100"
Harmonium,232.wav,Harmonium\232.wav,UNEXPECTED_SAMPLE_RATE,3.0,22050,1,CONVERT/RESAMPLE,"SR is 22050, expected 44100"
Harmonium,233.wav,Harmonium\233.wav,UNEXPECTED_SAMPLE_RATE,3.0,22050,1,CONVERT/RESAMPLE,"SR is 22050, expected 44100"
Harmonium,234.wav,Harmonium\234.wav,UNEXPECTED_SAMPLE_RATE,3.0,22050,1,CONVERT/RESAMPLE,"SR is 22050, expected 44100"
Harmonium,235.wav,Harmonium\235.wav,UNEXPECTED_SAMPLE_RATE,3.0,22050,1,CONVERT/RESAMPLE,"SR is 22050, expected 44100"
Harmonium,236.wav,Harmonium\236.wav,UNEXPECTED_SAMPLE_RATE,3.0,22050,1,CONVERT/RESAMPLE,"SR is 22050, expected 44100"
Harmonium,237.wav,Harmonium\237.wav,UNEXPECTED_SAMPLE_RATE,3.0,22050,1,CONVERT/RESAMPLE,"SR is 22050, expected 44100"
Harmonium,238.wav,Harmonium\238.wav,UNEXPECTED_SAMPLE_RATE,3.0,22050,1,CONVERT/RESAMPLE,"SR is 22050, expected 44100"
Harmonium,239.wav,Harmonium\239.wav,UNEXPECTED_SAMPLE_RATE,3.0,22050,1,CONVERT/RESAMPLE,"SR is 22050, expected 44100"
Harmonium,24.wav,Harmonium\24.wav,UNEXPECTED_SAMPLE_RATE,3.0,22050,1,CONVERT/RESAMPLE,"SR is 22050, expected 44100"
Harmonium,240.wav,Harmonium\240.wav,UNEXPECTED_SAMPLE_RATE,3.0,22050,1,CONVERT/RESAMPLE,"SR is 22050, expected 44100"
Harmonium,241.wav,Harmonium\241.wav,UNEXPECTED_SAMPLE_RATE,3.0,22050,1,CONVERT/RESAMPLE,"SR is 22050, expected 44100"
Harmonium,242.wav,Harmonium\242.wav,UNEXPECTED_SAMPLE_RATE,3.0,22050,1,CONVERT/RESAMPLE,"SR is 22050, expected 44100"
Harmonium,243.wav,Harmonium\243.wav,UNEXPECTED_SAMPLE_RATE,3.0,22050,1,CONVERT/RESAMPLE,"SR is 22050, expected 44100"
Harmonium,244.wav,Harmonium\244.wav,UNEXPECTED_SAMPLE_RATE,3.0,22050,1,CONVERT/RESAMPLE,"SR is 22050, expected 44100"
Harmonium,245.wav,Harmonium\245.wav,UNEXPECTED_SAMPLE_RATE,3.0,22050,1,CONVERT/RESAMPLE,"SR is 22050, expected 44100"
Harmonium,246.wav,Harmonium\246.wav,UNEXPECTED_SAMPLE_RATE,3.0,22050,1,CONVERT/RESAMPLE,"SR is 22050, expected 44100"
Harmonium,247.wav,Harmonium\247.wav,UNEXPECTED_SAMPLE_RATE,3.0,22050,1,CONVERT/RESAMPLE,"SR is 22050, expected 44100"
Harmonium,248.wav,Harmonium\248.wav,UNEXPECTED_SAMPLE_RATE,3.0,22050,1,CONVERT/RESAMPLE,"SR is 22050, expected 44100"
Harmonium,249.wav,Harmonium\249.wav,UNEXPECTED_SAMPLE_RATE,3.0,22050,1,CONVERT/RESAMPLE,"SR is 22050, expected 44100"
Harmonium,25.wav,Harmonium\25.wav,UNEXPECTED_SAMPLE_RATE,3.0,22050,1,CONVERT/RESAMPLE,"SR is 22050, expected 44100"
Harmonium,250.wav,Harmonium\250.wav,UNEXPECTED_SAMPLE_RATE,3.0,22050,1,CONVERT/RESAMPLE,"SR is 22050, expected 44100"
Harmonium,251.wav,Harmonium\251.wav,UNEXPECTED_SAMPLE_RATE,3.0,22050,1,CONVERT/RESAMPLE,"SR is 22050, expected 44100"
Harmonium,252.wav,Harmonium\252.wav,UNEXPECTED_SAMPLE_RATE,3.0,22050,1,CONVERT/RESAMPLE,"SR is 22050, expected 44100"
Harmonium,253.wav,Harmonium\253.wav,UNEXPECTED_SAMPLE_RATE,3.0,22050,1,CONVERT/RESAMPLE,"SR is 22050, expected 44100"
Harmonium,254.wav,Harmonium\254.wav,UNEXPECTED_SAMPLE_RATE,3.0,22050,1,CONVERT/RESAMPLE,"SR is 22050, expected 44100"
Harmonium,255.wav,Harmonium\255.wav,UNEXPECTED_SAMPLE_RATE,3.0,22050,1,CONVERT/RESAMPLE,"SR is 22050, expected 44100"
Harmonium,256.wav,Harmonium\256.wav,UNEXPECTED_SAMPLE_RATE,3.0,22050,1,CONVERT/RESAMPLE,"SR is 22050, expected 44100"
Harmonium,257.wav,Harmonium\257.wav,UNEXPECTED_SAMPLE_RATE,3.0,22050,1,CONVERT/RESAMPLE,"SR is 22050, expected 44100"
Harmonium,258.wav,Harmonium\258.wav,UNEXPECTED_SAMPLE_RATE,3.0,22050,1,CONVERT/RESAMPLE,"SR is 22050, expected 44100"
Harmonium,259.wav,Harmonium\259.wav,UNEXPECTED_SAMPLE_RATE,3.0,22050,1,CONVERT/RESAMPLE,"SR is 22050, expected 44100"
Harmonium,26.wav,Harmonium\26.wav,UNEXPECTED_SAMPLE_RATE,3.0,22050,1,CONVERT/RESAMPLE,"SR is 22050, expected 44100"
Harmonium,260.wav,Harmonium\260.wav,UNEXPECTED_SAMPLE_RATE,3.0,22050,1,CONVERT/RESAMPLE,"SR is 22050, expected 44100"
Harmonium,261.wav,Harmonium\261.wav,UNEXPECTED_SAMPLE_RATE,3.0,22050,1,CONVERT/RESAMPLE,"SR is 22050, expected 44100"
Harmonium,262.wav,Harmonium\262.wav,UNEXPECTED_SAMPLE_RATE,3.0,22050,1,CONVERT/RESAMPLE,"SR is 22050, expected 44100"
Harmonium,263.wav,Harmonium\263.wav,UNEXPECTED_SAMPLE_RATE,3.0,22050,1,CONVERT/RESAMPLE,"SR is 22050, expected 44100"
Harmonium,264.wav,Harmonium\264.wav,UNEXPECTED_SAMPLE_RATE,3.0,22050,1,CONVERT/RESAMPLE,"SR is 22050, expected 44100"
Harmonium,265.wav,Harmonium\265.wav,UNEXPECTED_SAMPLE_RATE,3.0,22050,1,CONVERT/RESAMPLE,"SR is 22050, expected 44100"
Harmonium,266.wav,Harmonium\266.wav,UNEXPECTED_SAMPLE_RATE,3.0,22050,1,CONVERT/RESAMPLE,"SR is 22050, expected 44100"
Harmonium,267.wav,Harmonium\267.wav,UNEXPECTED_SAMPLE_RATE,3.0,22050,1,CONVERT/RESAMPLE,"SR is 22050, expected 44100"
Harmonium,268.wav,Harmonium\268.wav,UNEXPECTED_SAMPLE_RATE,3.0,22050,1,CONVERT/RESAMPLE,"SR is 22050, expected 44100"
Harmonium,269.wav,Harmonium\269.wav,UNEXPECTED_SAMPLE_RATE,3.0,22050,1,CONVERT/RESAMPLE,"SR is 22050, expected 44100"
Harmonium,27.wav,Harmonium\27.wav,UNEXPECTED_SAMPLE_RATE,3.0,22050,1,CONVERT/RESAMPLE,"SR is 22050, expected 44100"
Harmonium,270.wav,Harmonium\270.wav,UNEXPECTED_SAMPLE_RATE,3.0,22050,1,CONVERT/RESAMPLE,"SR is 22050, expected 44100"
Harmonium,271.wav,Harmonium\271.wav,UNEXPECTED_SAMPLE_RATE,3.0,22050,1,CONVERT/RESAMPLE,"SR is 22050, expected 44100"
Harmonium,272.wav,Harmonium\272.wav,UNEXPECTED_SAMPLE_RATE,3.0,22050,1,CONVERT/RESAMPLE,"SR is 22050, expected 44100"
Harmonium,273.wav,Harmonium\273.wav,UNEXPECTED_SAMPLE_RATE,3.0,22050,1,CONVERT/RESAMPLE,"SR is 22050, expected 44100"
Harmonium,274.wav,Harmonium\274.wav,UNEXPECTED_SAMPLE_RATE,3.0,22050,1,CONVERT/RESAMPLE,"SR is 22050, expected 44100"
Harmonium,275.wav,Harmonium\275.wav,UNEXPECTED_SAMPLE_RATE,3.0,22050,1,CONVERT/RESAMPLE,"SR is 22050, expected 44100"
Harmonium,276.wav,Harmonium\276.wav,UNEXPECTED_SAMPLE_RATE,3.0,22050,1,CONVERT/RESAMPLE,"SR is 22050, expected 44100"
Harmonium,277.wav,Harmonium\277.wav,UNEXPECTED_SAMPLE_RATE,3.0,22050,1,CONVERT/RESAMPLE,"SR is 22050, expected 44100"
Harmonium,278.wav,Harmonium\278.wav,UNEXPECTED_SAMPLE_RATE,3.0,22050,1,CONVERT/RESAMPLE,"SR is 22050, expected 44100"
Harmonium,279.wav,Harmonium\279.wav,UNEXPECTED_SAMPLE_RATE,3.0,22050,1,CONVERT/RESAMPLE,"SR is 22050, expected 44100"
Harmonium,28.wav,Harmonium\28.wav,UNEXPECTED_SAMPLE_RATE,3.0,22050,1,CONVERT/RESAMPLE,"SR is 22050, expected 44100"
Harmonium,280.wav,Harmonium\280.wav,UNEXPECTED_SAMPLE_RATE,3.0,22050,1,CONVERT/RESAMPLE,"SR is 22050, expected 44100"
Harmonium,281.wav,Harmonium\281.wav,UNEXPECTED_SAMPLE_RATE,3.0,22050,1,CONVERT/RESAMPLE,"SR is 22050, expected 44100"
Harmonium,282.wav,Harmonium\282.wav,UNEXPECTED_SAMPLE_RATE,3.0,22050,1,CONVERT/RESAMPLE,"SR is 22050, expected 44100"
Harmonium,283.wav,Harmonium\283.wav,UNEXPECTED_SAMPLE_RATE,3.0,22050,1,CONVERT/RESAMPLE,"SR is 22050, expected 44100"
Harmonium,284.wav,Harmonium\284.wav,UNEXPECTED_SAMPLE_RATE,3.0,22050,1,CONVERT/RESAMPLE,"SR is 22050, expected 44100"
Harmonium,285.wav,Harmonium\285.wav,UNEXPECTED_SAMPLE_RATE,3.0,22050,1,CONVERT/RESAMPLE,"SR is 22050, expected 44100"
Harmonium,286.wav,Harmonium\286.wav,UNEXPECTED_SAMPLE_RATE,3.0,22050,1,CONVERT/RESAMPLE,"SR is 22050, expected 44100"
Harmonium,287.wav,Harmonium\287.wav,UNEXPECTED_SAMPLE_RATE,3.0,22050,1,CONVERT/RESAMPLE,"SR is 22050, expected 44100"
Harmonium,288.wav,Harmonium\288.wav,UNEXPECTED_SAMPLE_RATE,3.0,22050,1,CONVERT/RESAMPLE,"SR is 22050, expected 44100"
Harmonium,289.wav,Harmonium\289.wav,UNEXPECTED_SAMPLE_RATE,3.0,22050,1,CONVERT/RESAMPLE,"SR is 22050, expected 44100"
Harmonium,29.wav,Harmonium\29.wav,UNEXPECTED_SAMPLE_RATE,3.0,22050,1,CONVERT/RESAMPLE,"SR is 22050, expected 44100"
Harmonium,290.wav,Harmonium\290.wav,UNEXPECTED_SAMPLE_RATE,3.0,22050,1,CONVERT/RESAMPLE,"SR is 22050, expected 44100"
Harmonium,291.wav,Harmonium\291.wav,UNEXPECTED_SAMPLE_RATE,3.0,22050,1,CONVERT/RESAMPLE,"SR is 22050, expected 44100"
Harmonium,292.wav,Harmonium\292.wav,UNEXPECTED_SAMPLE_RATE,3.0,22050,1,CONVERT/RESAMPLE,"SR is 22050, expected 44100"
Harmonium,293.wav,Harmonium\293.wav,UNEXPECTED_SAMPLE_RATE,3.0,22050,1,CONVERT/RESAMPLE,"SR is 22050, expected 44100"
Harmonium,294.wav,Harmonium\294.wav,UNEXPECTED_SAMPLE_RATE,3.0,22050,1,CONVERT/RESAMPLE,"SR is 22050, expected 44100"
Harmonium,295.wav,Harmonium\295.wav,UNEXPECTED_SAMPLE_RATE,3.0,22050,1,CONVERT/RESAMPLE,"SR is 22050, expected 44100"
Harmonium,296.wav,Harmonium\296.wav,UNEXPECTED_SAMPLE_RATE,3.0,22050,1,CONVERT/RESAMPLE,"SR is 22050, expected 44100"
Harmonium,297.wav,Harmonium\297.wav,UNEXPECTED_SAMPLE_RATE,3.0,22050,1,CONVERT/RESAMPLE,"SR is 22050, expected 44100"
Harmonium,298.wav,Harmonium\298.wav,UNEXPECTED_SAMPLE_RATE,3.0,22050,1,CONVERT/RESAMPLE,"SR is 22050, expected 44100"
Harmonium,299.wav,Harmonium\299.wav,UNEXPECTED_SAMPLE_RATE,3.0,22050,1,CONVERT/RESAMPLE,"SR is 22050, expected 44100"
Harmonium,3.wav,Harmonium\3.wav,UNEXPECTED_SAMPLE_RATE,3.0,22050,1,CONVERT/RESAMPLE,"SR is 22050, expected 44100"
Harmonium,30.wav,Harmonium\30.wav,UNEXPECTED_SAMPLE_RATE,3.0,22050,1,CONVERT/RESAMPLE,"SR is 22050, expected 44100"
Harmonium,300.wav,Harmonium\300.wav,UNEXPECTED_SAMPLE_RATE,3.0,22050,1,CONVERT/RESAMPLE,"SR is 22050, expected 44100"
Harmonium,301.wav,Harmonium\301.wav,UNEXPECTED_SAMPLE_RATE,3.0,22050,1,CONVERT/RESAMPLE,"SR is 22050, expected 44100"
Harmonium,302.wav,Harmonium\302.wav,UNEXPECTED_SAMPLE_RATE,3.0,22050,1,CONVERT/RESAMPLE,"SR is 22050, expected 44100"
Harmonium,303.wav,Harmonium\303.wav,UNEXPECTED_SAMPLE_RATE,3.0,22050,1,CONVERT/RESAMPLE,"SR is 22050, expected 44100"
Harmonium,304.wav,Harmonium\304.wav,UNEXPECTED_SAMPLE_RATE,3.0,22050,1,CONVERT/RESAMPLE,"SR is 22050, expected 44100"
Harmonium,305.wav,Harmonium\305.wav,UNEXPECTED_SAMPLE_RATE,3.0,22050,1,CONVERT/RESAMPLE,"SR is 22050, expected 44100"
Harmonium,306.wav,Harmonium\306.wav,UNEXPECTED_SAMPLE_RATE,3.0,22050,1,CONVERT/RESAMPLE,"SR is 22050, expected 44100"
Harmonium,307.wav,Harmonium\307.wav,UNEXPECTED_SAMPLE_RATE,3.0,22050,1,CONVERT/RESAMPLE,"SR is 22050, expected 44100"
Harmonium,308.wav,Harmonium\308.wav,UNEXPECTED_SAMPLE_RATE,3.0,22050,1,CONVERT/RESAMPLE,"SR is 22050, expected 44100"
Harmonium,309.wav,Harmonium\309.wav,UNEXPECTED_SAMPLE_RATE,3.0,22050,1,CONVERT/RESAMPLE,"SR is 22050, expected 44100"
Harmonium,31.wav,Harmonium\31.wav,UNEXPECTED_SAMPLE_RATE,3.0,22050,1,CONVERT/RESAMPLE,"SR is 22050, expected 44100"
Harmonium,310.wav,Harmonium\310.wav,UNEXPECTED_SAMPLE_RATE,3.0,22050,1,CONVERT/RESAMPLE,"SR is 22050, expected 44100"
Harmonium,311.wav,Harmonium\311.wav,UNEXPECTED_SAMPLE_RATE,3.0,22050,1,CONVERT/RESAMPLE,"SR is 22050, expected 44100"
Harmonium,312.wav,Harmonium\312.wav,UNEXPECTED_SAMPLE_RATE,3.0,22050,1,CONVERT/RESAMPLE,"SR is 22050, expected 44100"
Harmonium,313.wav,Harmonium\313.wav,UNEXPECTED_SAMPLE_RATE,3.0,22050,1,CONVERT/RESAMPLE,"SR is 22050, expected 44100"
Harmonium,314.wav,Harmonium\314.wav,UNEXPECTED_SAMPLE_RATE,3.0,22050,1,CONVERT/RESAMPLE,"SR is 22050, expected 44100"
Harmonium,315.wav,Harmonium\315.wav,UNEXPECTED_SAMPLE_RATE,3.0,22050,1,CONVERT/RESAMPLE,"SR is 22050, expected 44100"
Harmonium,316.wav,Harmonium\316.wav,UNEXPECTED_SAMPLE_RATE,3.0,22050,1,CONVERT/RESAMPLE,"SR is 22050, expected 44100"
Harmonium,317.wav,Harmonium\317.wav,UNEXPECTED_SAMPLE_RATE,3.0,22050,1,CONVERT/RESAMPLE,"SR is 22050, expected 44100"
Harmonium,318.wav,Harmonium\318.wav,UNEXPECTED_SAMPLE_RATE,3.0,22050,1,CONVERT/RESAMPLE,"SR is 22050, expected 44100"
Harmonium,319.wav,Harmonium\319.wav,UNEXPECTED_SAMPLE_RATE,3.0,22050,1,CONVERT/RESAMPLE,"SR is 22050, expected 44100"
Harmonium,32.wav,Harmonium\32.wav,UNEXPECTED_SAMPLE_RATE,3.0,22050,1,CONVERT/RESAMPLE,"SR is 22050, expected 44100"
Harmonium,320.wav,Harmonium\320.wav,UNEXPECTED_SAMPLE_RATE,3.0,22050,1,CONVERT/RESAMPLE,"SR is 22050, expected 44100"
Harmonium,321.wav,Harmonium\321.wav,UNEXPECTED_SAMPLE_RATE,3.0,22050,1,CONVERT/RESAMPLE,"SR is 22050, expected 44100"
Harmonium,322.wav,Harmonium\322.wav,UNEXPECTED_SAMPLE_RATE,3.0,22050,1,CONVERT/RESAMPLE,"SR is 22050, expected 44100"
Harmonium,323.wav,Harmonium\323.wav,UNEXPECTED_SAMPLE_RATE,3.0,22050,1,CONVERT/RESAMPLE,"SR is 22050, expected 44100"
Harmonium,324.wav,Harmonium\324.wav,UNEXPECTED_SAMPLE_RATE,3.0,22050,1,CONVERT/RESAMPLE,"SR is 22050, expected 44100"
Harmonium,325.wav,Harmonium\325.wav,UNEXPECTED_SAMPLE_RATE,3.0,22050,1,CONVERT/RESAMPLE,"SR is 22050, expected 44100"
Harmonium,326.wav,Harmonium\326.wav,UNEXPECTED_SAMPLE_RATE,3.0,22050,1,CONVERT/RESAMPLE,"SR is 22050, expected 44100"
Harmonium,327.wav,Harmonium\327.wav,UNEXPECTED_SAMPLE_RATE,3.0,22050,1,CONVERT/RESAMPLE,"SR is 22050, expected 44100"
Harmonium,328.wav,Harmonium\328.wav,UNEXPECTED_SAMPLE_RATE,3.0,22050,1,CONVERT/RESAMPLE,"SR is 22050, expected 44100"
Harmonium,329.wav,Harmonium\329.wav,UNEXPECTED_SAMPLE_RATE,3.0,22050,1,CONVERT/RESAMPLE,"SR is 22050, expected 44100"
Harmonium,33.wav,Harmonium\33.wav,UNEXPECTED_SAMPLE_RATE,3.0,22050,1,CONVERT/RESAMPLE,"SR is 22050, expected 44100"
Harmonium,330.wav,Harmonium\330.wav,UNEXPECTED_SAMPLE_RATE,3.0,22050,1,CONVERT/RESAMPLE,"SR is 22050, expected 44100"
Harmonium,331.wav,Harmonium\331.wav,UNEXPECTED_SAMPLE_RATE,3.0,22050,1,CONVERT/RESAMPLE,"SR is 22050, expected 44100"
Harmonium,332.wav,Harmonium\332.wav,UNEXPECTED_SAMPLE_RATE,3.0,22050,1,CONVERT/RESAMPLE,"SR is 22050, expected 44100"
Harmonium,333.wav,Harmonium\333.wav,UNEXPECTED_SAMPLE_RATE,3.0,22050,1,CONVERT/RESAMPLE,"SR is 22050, expected 44100"
Harmonium,334.wav,Harmonium\334.wav,UNEXPECTED_SAMPLE_RATE,3.0,22050,1,CONVERT/RESAMPLE,"SR is 22050, expected 44100"
Harmonium,335.wav,Harmonium\335.wav,UNEXPECTED_SAMPLE_RATE,3.0,22050,1,CONVERT/RESAMPLE,"SR is 22050, expected 44100"
Harmonium,336.wav,Harmonium\336.wav,UNEXPECTED_SAMPLE_RATE,3.0,22050,1,CONVERT/RESAMPLE,"SR is 22050, expected 44100"
Harmonium,337.wav,Harmonium\337.wav,UNEXPECTED_SAMPLE_RATE,3.0,22050,1,CONVERT/RESAMPLE,"SR is 22050, expected 44100"
Harmonium,338.wav,Harmonium\338.wav,UNEXPECTED_SAMPLE_RATE,3.0,22050,1,CONVERT/RESAMPLE,"SR is 22050, expected 44100"
Harmonium,339.wav,Harmonium\339.wav,UNEXPECTED_SAMPLE_RATE,3.0,22050,1,CONVERT/RESAMPLE,"SR is 22050, expected 44100"
Harmonium,34.wav,Harmonium\34.wav,UNEXPECTED_SAMPLE_RATE,3.0,22050,1,CONVERT/RESAMPLE,"SR is 22050, expected 44100"
Harmonium,340.wav,Harmonium\340.wav,UNEXPECTED_SAMPLE_RATE,3.0,22050,1,CONVERT/RESAMPLE,"SR is 22050, expected 44100"
Harmonium,341.wav,Harmonium\341.wav,UNEXPECTED_SAMPLE_RATE,3.0,22050,1,CONVERT/RESAMPLE,"SR is 22050, expected 44100"
Harmonium,342.wav,Harmonium\342.wav,UNEXPECTED_SAMPLE_RATE,3.0,22050,1,CONVERT/RESAMPLE,"SR is 22050, expected 44100"
Harmonium,343.wav,Harmonium\343.wav,UNEXPECTED_SAMPLE_RATE,3.0,22050,1,CONVERT/RESAMPLE,"SR is 22050, expected 44100"
Harmonium,344.wav,Harmonium\344.wav,UNEXPECTED_SAMPLE_RATE,3.0,22050,1,CONVERT/RESAMPLE,"SR is 22050, expected 44100"
Harmonium,345.wav,Harmonium\345.wav,UNEXPECTED_SAMPLE_RATE,3.0,22050,1,CONVERT/RESAMPLE,"SR is 22050, expected 44100"
Harmonium,346.wav,Harmonium\346.wav,UNEXPECTED_SAMPLE_RATE,3.0,22050,1,CONVERT/RESAMPLE,"SR is 22050, expected 44100"
Harmonium,347.wav,Harmonium\347.wav,UNEXPECTED_SAMPLE_RATE,3.0,22050,1,CONVERT/RESAMPLE,"SR is 22050, expected 44100"
Harmonium,348.wav,Harmonium\348.wav,UNEXPECTED_SAMPLE_RATE,3.0,22050,1,CONVERT/RESAMPLE,"SR is 22050, expected 44100"
Harmonium,349.wav,Harmonium\349.wav,UNEXPECTED_SAMPLE_RATE,3.0,22050,1,CONVERT/RESAMPLE,"SR is 22050, expected 44100"
Harmonium,35.wav,Harmonium\35.wav,UNEXPECTED_SAMPLE_RATE,3.0,22050,1,CONVERT/RESAMPLE,"SR is 22050, expected 44100"
Harmonium,350.wav,Harmonium\350.wav,UNEXPECTED_SAMPLE_RATE,3.0,22050,1,CONVERT/RESAMPLE,"SR is 22050, expected 44100"
Harmonium,351.wav,Harmonium\351.wav,UNEXPECTED_SAMPLE_RATE,3.0,22050,1,CONVERT/RESAMPLE,"SR is 22050, expected 44100"
Harmonium,352.wav,Harmonium\352.wav,UNEXPECTED_SAMPLE_RATE,3.0,22050,1,CONVERT/RESAMPLE,"SR is 22050, expected 44100"
Harmonium,353.wav,Harmonium\353.wav,UNEXPECTED_SAMPLE_RATE,3.0,22050,1,CONVERT/RESAMPLE,"SR is 22050, expected 44100"
Harmonium,354.wav,Harmonium\354.wav,UNEXPECTED_SAMPLE_RATE,3.0,22050,1,CONVERT/RESAMPLE,"SR is 22050, expected 44100"
Harmonium,355.wav,Harmonium\355.wav,UNEXPECTED_SAMPLE_RATE,3.0,22050,1,CONVERT/RESAMPLE,"SR is 22050, expected 44100"
Harmonium,356.wav,Harmonium\356.wav,UNEXPECTED_SAMPLE_RATE,3.0,22050,1,CONVERT/RESAMPLE,"SR is 22050, expected 44100"
Harmonium,357.wav,Harmonium\357.wav,UNEXPECTED_SAMPLE_RATE,3.0,22050,1,CONVERT/RESAMPLE,"SR is 22050, expected 44100"
Harmonium,358.wav,Harmonium\358.wav,UNEXPECTED_SAMPLE_RATE,3.0,22050,1,CONVERT/RESAMPLE,"SR is 22050, expected 44100"
Harmonium,359.wav,Harmonium\359.wav,UNEXPECTED_SAMPLE_RATE,3.0,22050,1,CONVERT/RESAMPLE,"SR is 22050, expected 44100"
Harmonium,36.wav,Harmonium\36.wav,UNEXPECTED_SAMPLE_RATE,3.0,22050,1,CONVERT/RESAMPLE,"SR is 22050, expected 44100"
Harmonium,360.wav,Harmonium\360.wav,UNEXPECTED_SAMPLE_RATE,3.0,22050,1,CONVERT/RESAMPLE,"SR is 22050, expected 44100"
Harmonium,361.wav,Harmonium\361.wav,UNEXPECTED_SAMPLE_RATE,3.0,22050,1,CONVERT/RESAMPLE,"SR is 22050, expected 44100"
Harmonium,362.wav,Harmonium\362.wav,UNEXPECTED_SAMPLE_RATE,3.0,22050,1,CONVERT/RESAMPLE,"SR is 22050, expected 44100"
Harmonium,363.wav,Harmonium\363.wav,UNEXPECTED_SAMPLE_RATE,3.0,22050,1,CONVERT/RESAMPLE,"SR is 22050, expected 44100"
Harmonium,364.wav,Harmonium\364.wav,UNEXPECTED_SAMPLE_RATE,3.0,22050,1,CONVERT/RESAMPLE,"SR is 22050, expected 44100"
Harmonium,365.wav,Harmonium\365.wav,UNEXPECTED_SAMPLE_RATE,3.0,22050,1,CONVERT/RESAMPLE,"SR is 22050, expected 44100"
Harmonium,366.wav,Harmonium\366.wav,UNEXPECTED_SAMPLE_RATE,3.0,22050,1,CONVERT/RESAMPLE,"SR is 22050, expected 44100"
Harmonium,367.wav,Harmonium\367.wav,UNEXPECTED_SAMPLE_RATE,3.0,22050,1,CONVERT/RESAMPLE,"SR is 22050, expected 44100"
Harmonium,368.wav,Harmonium\368.wav,UNEXPECTED_SAMPLE_RATE,3.0,22050,1,CONVERT/RESAMPLE,"SR is 22050, expected 44100"
Harmonium,369.wav,Harmonium\369.wav,UNEXPECTED_SAMPLE_RATE,3.0,22050,1,CONVERT/RESAMPLE,"SR is 22050, expected 44100"
Harmonium,37.wav,Harmonium\37.wav,UNEXPECTED_SAMPLE_RATE,3.0,22050,1,CONVERT/RESAMPLE,"SR is 22050, expected 44100"
Harmonium,370.wav,Harmonium\370.wav,UNEXPECTED_SAMPLE_RATE,3.0,22050,1,CONVERT/RESAMPLE,"SR is 22050, expected 44100"
Harmonium,371.wav,Harmonium\371.wav,UNEXPECTED_SAMPLE_RATE,3.0,22050,1,CONVERT/RESAMPLE,"SR is 22050, expected 44100"
Harmonium,372.wav,Harmonium\372.wav,UNEXPECTED_SAMPLE_RATE,3.0,22050,1,CONVERT/RESAMPLE,"SR is 22050, expected 44100"
Harmonium,373.wav,Harmonium\373.wav,UNEXPECTED_SAMPLE_RATE,3.0,22050,1,CONVERT/RESAMPLE,"SR is 22050, expected 44100"
Harmonium,374.wav,Harmonium\374.wav,UNEXPECTED_SAMPLE_RATE,3.0,22050,1,CONVERT/RESAMPLE,"SR is 22050, expected 44100"
Harmonium,375.wav,Harmonium\375.wav,UNEXPECTED_SAMPLE_RATE,3.0,22050,1,CONVERT/RESAMPLE,"SR is 22050, expected 44100"
Harmonium,376.wav,Harmonium\376.wav,UNEXPECTED_SAMPLE_RATE,3.0,22050,1,CONVERT/RESAMPLE,"SR is 22050, expected 44100"
Harmonium,377.wav,Harmonium\377.wav,UNEXPECTED_SAMPLE_RATE,3.0,22050,1,CONVERT/RESAMPLE,"SR is 22050, expected 44100"
Harmonium,378.wav,Harmonium\378.wav,UNEXPECTED_SAMPLE_RATE,3.0,22050,1,CONVERT/RESAMPLE,"SR is 22050, expected 44100"
Harmonium,379.wav,Harmonium\379.wav,UNEXPECTED_SAMPLE_RATE,3.0,22050,1,CONVERT/RESAMPLE,"SR is 22050, expected 44100"
Harmonium,38.wav,Harmonium\38.wav,UNEXPECTED_SAMPLE_RATE,3.0,22050,1,CONVERT/RESAMPLE,"SR is 22050, expected 44100"
Harmonium,380.wav,Harmonium\380.wav,UNEXPECTED_SAMPLE_RATE,3.0,22050,1,CONVERT/RESAMPLE,"SR is 22050, expected 44100"
Harmonium,381.wav,Harmonium\381.wav,UNEXPECTED_SAMPLE_RATE,3.0,22050,1,CONVERT/RESAMPLE,"SR is 22050, expected 44100"
Harmonium,382.wav,Harmonium\382.wav,UNEXPECTED_SAMPLE_RATE,3.0,22050,1,CONVERT/RESAMPLE,"SR is 22050, expected 44100"
Harmonium,383.wav,Harmonium\383.wav,UNEXPECTED_SAMPLE_RATE,3.0,22050,1,CONVERT/RESAMPLE,"SR is 22050, expected 44100"
Harmonium,384.wav,Harmonium\384.wav,UNEXPECTED_SAMPLE_RATE,3.0,22050,1,CONVERT/RESAMPLE,"SR is 22050, expected 44100"
Harmonium,385.wav,Harmonium\385.wav,UNEXPECTED_SAMPLE_RATE,3.0,22050,1,CONVERT/RESAMPLE,"SR is 22050, expected 44100"
Harmonium,386.wav,Harmonium\386.wav,UNEXPECTED_SAMPLE_RATE,3.0,22050,1,CONVERT/RESAMPLE,"SR is 22050, expected 44100"
Harmonium,387.wav,Harmonium\387.wav,UNEXPECTED_SAMPLE_RATE,3.0,22050,1,CONVERT/RESAMPLE,"SR is 22050, expected 44100"
Harmonium,388.wav,Harmonium\388.wav,UNEXPECTED_SAMPLE_RATE,3.0,22050,1,CONVERT/RESAMPLE,"SR is 22050, expected 44100"
Harmonium,389.wav,Harmonium\389.wav,UNEXPECTED_SAMPLE_RATE,3.0,22050,1,CONVERT/RESAMPLE,"SR is 22050, expected 44100"
Harmonium,39.wav,Harmonium\39.wav,UNEXPECTED_SAMPLE_RATE,3.0,22050,1,CONVERT/RESAMPLE,"SR is 22050, expected 44100"
Harmonium,390.wav,Harmonium\390.wav,UNEXPECTED_SAMPLE_RATE,3.0,22050,1,CONVERT/RESAMPLE,"SR is 22050, expected 44100"
Harmonium,391.wav,Harmonium\391.wav,UNEXPECTED_SAMPLE_RATE,3.0,22050,1,CONVERT/RESAMPLE,"SR is 22050, expected 44100"
Harmonium,392.wav,Harmonium\392.wav,UNEXPECTED_SAMPLE_RATE,3.0,22050,1,CONVERT/RESAMPLE,"SR is 22050, expected 44100"
Harmonium,393.wav,Harmonium\393.wav,UNEXPECTED_SAMPLE_RATE,3.0,22050,1,CONVERT/RESAMPLE,"SR is 22050, expected 44100"
Harmonium,394.wav,Harmonium\394.wav,UNEXPECTED_SAMPLE_RATE,3.0,22050,1,CONVERT/RESAMPLE,"SR is 22050, expected 44100"
Harmonium,395.wav,Harmonium\395.wav,UNEXPECTED_SAMPLE_RATE,3.0,22050,1,CONVERT/RESAMPLE,"SR is 22050, expected 44100"
Harmonium,396.wav,Harmonium\396.wav,UNEXPECTED_SAMPLE_RATE,3.0,22050,1,CONVERT/RESAMPLE,"SR is 22050, expected 44100"
Harmonium,397.wav,Harmonium\397.wav,UNEXPECTED_SAMPLE_RATE,3.0,22050,1,CONVERT/RESAMPLE,"SR is 22050, expected 44100"
Harmonium,398.wav,Harmonium\398.wav,UNEXPECTED_SAMPLE_RATE,3.0,22050,1,CONVERT/RESAMPLE,"SR is 22050, expected 44100"
Harmonium,399.wav,Harmonium\399.wav,UNEXPECTED_SAMPLE_RATE,3.0,22050,1,CONVERT/RESAMPLE,"SR is 22050, expected 44100"
Harmonium,4.wav,Harmonium\4.wav,UNEXPECTED_SAMPLE_RATE,3.0,22050,1,CONVERT/RESAMPLE,"SR is 22050, expected 44100"
Harmonium,40.wav,Harmonium\40.wav,UNEXPECTED_SAMPLE_RATE,3.0,22050,1,CONVERT/RESAMPLE,"SR is 22050, expected 44100"
Harmonium,400.wav,Harmonium\400.wav,UNEXPECTED_SAMPLE_RATE,3.0,22050,1,CONVERT/RESAMPLE,"SR is 22050, expected 44100"
Harmonium,401.wav,Harmonium\401.wav,UNEXPECTED_SAMPLE_RATE,3.0,22050,1,CONVERT/RESAMPLE,"SR is 22050, expected 44100"
Harmonium,402.wav,Harmonium\402.wav,UNEXPECTED_SAMPLE_RATE,3.0,22050,1,CONVERT/RESAMPLE,"SR is 22050, expected 44100"
Harmonium,403.wav,Harmonium\403.wav,UNEXPECTED_SAMPLE_RATE,3.0,22050,1,CONVERT/RESAMPLE,"SR is 22050, expected 44100"
Harmonium,404.wav,Harmonium\404.wav,UNEXPECTED_SAMPLE_RATE,3.0,22050,1,CONVERT/RESAMPLE,"SR is 22050, expected 44100"
Harmonium,405.wav,Harmonium\405.wav,UNEXPECTED_SAMPLE_RATE,3.0,22050,1,CONVERT/RESAMPLE,"SR is 22050, expected 44100"
Harmonium,406.wav,Harmonium\406.wav,UNEXPECTED_SAMPLE_RATE,3.0,22050,1,CONVERT/RESAMPLE,"SR is 22050, expected 44100"
Harmonium,407.wav,Harmonium\407.wav,UNEXPECTED_SAMPLE_RATE,3.0,22050,1,CONVERT/RESAMPLE,"SR is 22050, expected 44100"
Harmonium,408.wav,Harmonium\408.wav,UNEXPECTED_SAMPLE_RATE,3.0,22050,1,CONVERT/RESAMPLE,"SR is 22050, expected 44100"
Harmonium,409.wav,Harmonium\409.wav,UNEXPECTED_SAMPLE_RATE,3.0,22050,1,CONVERT/RESAMPLE,"SR is 22050, expected 44100"
Harmonium,41.wav,Harmonium\41.wav,UNEXPECTED_SAMPLE_RATE,3.0,22050,1,CONVERT/RESAMPLE,"SR is 22050, expected 44100"
Harmonium,410.wav,Harmonium\410.wav,UNEXPECTED_SAMPLE_RATE,3.0,22050,1,CONVERT/RESAMPLE,"SR is 22050, expected 44100"
Harmonium,411.wav,Harmonium\411.wav,UNEXPECTED_SAMPLE_RATE,3.0,22050,1,CONVERT/RESAMPLE,"SR is 22050, expected 44100"
Harmonium,412.wav,Harmonium\412.wav,UNEXPECTED_SAMPLE_RATE,3.0,22050,1,CONVERT/RESAMPLE,"SR is 22050, expected 44100"
Harmonium,413.wav,Harmonium\413.wav,UNEXPECTED_SAMPLE_RATE,3.0,22050,1,CONVERT/RESAMPLE,"SR is 22050, expected 44100"
Harmonium,414.wav,Harmonium\414.wav,UNEXPECTED_SAMPLE_RATE,3.0,22050,1,CONVERT/RESAMPLE,"SR is 22050, expected 44100"
Harmonium,415.wav,Harmonium\415.wav,UNEXPECTED_SAMPLE_RATE,3.0,22050,1,CONVERT/RESAMPLE,"SR is 22050, expected 44100"
Harmonium,416.wav,Harmonium\416.wav,UNEXPECTED_SAMPLE_RATE,3.0,22050,1,CONVERT/RESAMPLE,"SR is 22050, expected 44100"
Harmonium,417.wav,Harmonium\417.wav,UNEXPECTED_SAMPLE_RATE,3.0,22050,1,CONVERT/RESAMPLE,"SR is 22050, expected 44100"
Harmonium,418.wav,Harmonium\418.wav,UNEXPECTED_SAMPLE_RATE,3.0,22050,1,CONVERT/RESAMPLE,"SR is 22050, expected 44100"
Harmonium,419.wav,Harmonium\419.wav,UNEXPECTED_SAMPLE_RATE,3.0,22050,1,CONVERT/RESAMPLE,"SR is 22050, expected 44100"
Harmonium,42.wav,Harmonium\42.wav,UNEXPECTED_SAMPLE_RATE,3.0,22050,1,CONVERT/RESAMPLE,"SR is 22050, expected 44100"
Harmonium,420.wav,Harmonium\420.wav,UNEXPECTED_SAMPLE_RATE,3.0,22050,1,CONVERT/RESAMPLE,"SR is 22050, expected 44100"
Harmonium,421.wav,Harmonium\421.wav,UNEXPECTED_SAMPLE_RATE,3.0,22050,1,CONVERT/RESAMPLE,"SR is 22050, expected 44100"
Harmonium,422.wav,Harmonium\422.wav,UNEXPECTED_SAMPLE_RATE,3.0,22050,1,CONVERT/RESAMPLE,"SR is 22050, expected 44100"
Harmonium,423.wav,Harmonium\423.wav,UNEXPECTED_SAMPLE_RATE,3.0,22050,1,CONVERT/RESAMPLE,"SR is 22050, expected 44100"
Harmonium,424.wav,Harmonium\424.wav,UNEXPECTED_SAMPLE_RATE,3.0,22050,1,CONVERT/RESAMPLE,"SR is 22050, expected 44100"
Harmonium,425.wav,Harmonium\425.wav,UNEXPECTED_SAMPLE_RATE,3.0,22050,1,CONVERT/RESAMPLE,"SR is 22050, expected 44100"
Harmonium,426.wav,Harmonium\426.wav,UNEXPECTED_SAMPLE_RATE,3.0,22050,1,CONVERT/RESAMPLE,"SR is 22050, expected 44100"
Harmonium,427.wav,Harmonium\427.wav,UNEXPECTED_SAMPLE_RATE,3.0,22050,1,CONVERT/RESAMPLE,"SR is 22050, expected 44100"
Harmonium,428.wav,Harmonium\428.wav,UNEXPECTED_SAMPLE_RATE,3.0,22050,1,CONVERT/RESAMPLE,"SR is 22050, expected 44100"
Harmonium,429.wav,Harmonium\429.wav,UNEXPECTED_SAMPLE_RATE,3.0,22050,1,CONVERT/RESAMPLE,"SR is 22050, expected 44100"
Harmonium,43.wav,Harmonium\43.wav,UNEXPECTED_SAMPLE_RATE,3.0,22050,1,CONVERT/RESAMPLE,"SR is 22050, expected 44100"
Harmonium,430.wav,Harmonium\430.wav,UNEXPECTED_SAMPLE_RATE,3.0,22050,1,CONVERT/RESAMPLE,"SR is 22050, expected 44100"
Harmonium,431.wav,Harmonium\431.wav,UNEXPECTED_SAMPLE_RATE,3.0,22050,1,CONVERT/RESAMPLE,"SR is 22050, expected 44100"
Harmonium,432.wav,Harmonium\432.wav,UNEXPECTED_SAMPLE_RATE,3.0,22050,1,CONVERT/RESAMPLE,"SR is 22050, expected 44100"
Harmonium,433.wav,Harmonium\433.wav,UNEXPECTED_SAMPLE_RATE,3.0,22050,1,CONVERT/RESAMPLE,"SR is 22050, expected 44100"
Harmonium,434.wav,Harmonium\434.wav,UNEXPECTED_SAMPLE_RATE,3.0,22050,1,CONVERT/RESAMPLE,"SR is 22050, expected 44100"
Harmonium,435.wav,Harmonium\435.wav,UNEXPECTED_SAMPLE_RATE,3.0,22050,1,CONVERT/RESAMPLE,"SR is 22050, expected 44100"
Harmonium,436.wav,Harmonium\436.wav,UNEXPECTED_SAMPLE_RATE,3.0,22050,1,CONVERT/RESAMPLE,"SR is 22050, expected 44100"
Harmonium,437.wav,Harmonium\437.wav,UNEXPECTED_SAMPLE_RATE,3.0,22050,1,CONVERT/RESAMPLE,"SR is 22050, expected 44100"
Harmonium,438.wav,Harmonium\438.wav,UNEXPECTED_SAMPLE_RATE,3.0,22050,1,CONVERT/RESAMPLE,"SR is 22050, expected 44100"
Harmonium,439.wav,Harmonium\439.wav,UNEXPECTED_SAMPLE_RATE,3.0,22050,1,CONVERT/RESAMPLE,"SR is 22050, expected 44100"
Harmonium,44.wav,Harmonium\44.wav,UNEXPECTED_SAMPLE_RATE,3.0,22050,1,CONVERT/RESAMPLE,"SR is 22050, expected 44100"
Harmonium,440.wav,Harmonium\440.wav,UNEXPECTED_SAMPLE_RATE,3.0,22050,1,CONVERT/RESAMPLE,"SR is 22050, expected 44100"
Harmonium,441.wav,Harmonium\441.wav,UNEXPECTED_SAMPLE_RATE,3.0,22050,1,CONVERT/RESAMPLE,"SR is 22050, expected 44100"
Harmonium,442.wav,Harmonium\442.wav,UNEXPECTED_SAMPLE_RATE,3.0,22050,1,CONVERT/RESAMPLE,"SR is 22050, expected 44100"
Harmonium,443.wav,Harmonium\443.wav,UNEXPECTED_SAMPLE_RATE,3.0,22050,1,CONVERT/RESAMPLE,"SR is 22050, expected 44100"
Harmonium,444.wav,Harmonium\444.wav,UNEXPECTED_SAMPLE_RATE,3.0,22050,1,CONVERT/RESAMPLE,"SR is 22050, expected 44100"
Harmonium,445.wav,Harmonium\445.wav,UNEXPECTED_SAMPLE_RATE,3.0,22050,1,CONVERT/RESAMPLE,"SR is 22050, expected 44100"
Harmonium,446.wav,Harmonium\446.wav,UNEXPECTED_SAMPLE_RATE,3.0,22050,1,CONVERT/RESAMPLE,"SR is 22050, expected 44100"
Harmonium,447.wav,Harmonium\447.wav,UNEXPECTED_SAMPLE_RATE,3.0,22050,1,CONVERT/RESAMPLE,"SR is 22050, expected 44100"
Harmonium,448.wav,Harmonium\448.wav,UNEXPECTED_SAMPLE_RATE,3.0,22050,1,CONVERT/RESAMPLE,"SR is 22050, expected 44100"
Harmonium,449.wav,Harmonium\449.wav,UNEXPECTED_SAMPLE_RATE,3.0,22050,1,CONVERT/RESAMPLE,"SR is 22050, expected 44100"
Harmonium,45.wav,Harmonium\45.wav,UNEXPECTED_SAMPLE_RATE,3.0,22050,1,CONVERT/RESAMPLE,"SR is 22050, expected 44100"
Harmonium,450.wav,Harmonium\450.wav,UNEXPECTED_SAMPLE_RATE,3.0,22050,1,CONVERT/RESAMPLE,"SR is 22050, expected 44100"
Harmonium,451.wav,Harmonium\451.wav,UNEXPECTED_SAMPLE_RATE,3.0,22050,1,CONVERT/RESAMPLE,"SR is 22050, expected 44100"
Harmonium,452.wav,Harmonium\452.wav,UNEXPECTED_SAMPLE_RATE,3.0,22050,1,CONVERT/RESAMPLE,"SR is 22050, expected 44100"
Harmonium,453.wav,Harmonium\453.wav,UNEXPECTED_SAMPLE_RATE,3.0,22050,1,CONVERT/RESAMPLE,"SR is 22050, expected 44100"
Harmonium,454.wav,Harmonium\454.wav,UNEXPECTED_SAMPLE_RATE,3.0,22050,1,CONVERT/RESAMPLE,"SR is 22050, expected 44100"
Harmonium,455.wav,Harmonium\455.wav,UNEXPECTED_SAMPLE_RATE,3.0,22050,1,CONVERT/RESAMPLE,"SR is 22050, expected 44100"
Harmonium,456.wav,Harmonium\456.wav,UNEXPECTED_SAMPLE_RATE,3.0,22050,1,CONVERT/RESAMPLE,"SR is 22050, expected 44100"
Harmonium,457.wav,Harmonium\457.wav,UNEXPECTED_SAMPLE_RATE,3.0,22050,1,CONVERT/RESAMPLE,"SR is 22050, expected 44100"
Harmonium,458.wav,Harmonium\458.wav,UNEXPECTED_SAMPLE_RATE,3.0,22050,1,CONVERT/RESAMPLE,"SR is 22050, expected 44100"
Harmonium,459.wav,Harmonium\459.wav,UNEXPECTED_SAMPLE_RATE,3.0,22050,1,CONVERT/RESAMPLE,"SR is 22050, expected 44100"
Harmonium,46.wav,Harmonium\46.wav,UNEXPECTED_SAMPLE_RATE,3.0,22050,1,CONVERT/RESAMPLE,"SR is 22050, expected 44100"
Harmonium,460.wav,Harmonium\460.wav,UNEXPECTED_SAMPLE_RATE,3.0,22050,1,CONVERT/RESAMPLE,"SR is 22050, expected 44100"
Harmonium,461.wav,Harmonium\461.wav,UNEXPECTED_SAMPLE_RATE,3.0,22050,1,CONVERT/RESAMPLE,"SR is 22050, expected 44100"
Harmonium,462.wav,Harmonium\462.wav,UNEXPECTED_SAMPLE_RATE,3.0,22050,1,CONVERT/RESAMPLE,"SR is 22050, expected 44100"
Harmonium,463.wav,Harmonium\463.wav,UNEXPECTED_SAMPLE_RATE,3.0,22050,1,CONVERT/RESAMPLE,"SR is 22050, expected 44100"
Harmonium,464.wav,Harmonium\464.wav,UNEXPECTED_SAMPLE_RATE,3.0,22050,1,CONVERT/RESAMPLE,"SR is 22050, expected 44100"
Harmonium,465.wav,Harmonium\465.wav,UNEXPECTED_SAMPLE_RATE,3.0,22050,1,CONVERT/RESAMPLE,"SR is 22050, expected 44100"
Harmonium,466.wav,Harmonium\466.wav,UNEXPECTED_SAMPLE_RATE,3.0,22050,1,CONVERT/RESAMPLE,"SR is 22050, expected 44100"
Harmonium,467.wav,Harmonium\467.wav,UNEXPECTED_SAMPLE_RATE,3.0,22050,1,CONVERT/RESAMPLE,"SR is 22050, expected 44100"
Harmonium,468.wav,Harmonium\468.wav,UNEXPECTED_SAMPLE_RATE,3.0,22050,1,CONVERT/RESAMPLE,"SR is 22050, expected 44100"
Harmonium,469.wav,Harmonium\469.wav,UNEXPECTED_SAMPLE_RATE,3.0,22050,1,CONVERT/RESAMPLE,"SR is 22050, expected 44100"
Harmonium,47.wav,Harmonium\47.wav,UNEXPECTED_SAMPLE_RATE,3.0,22050,1,CONVERT/RESAMPLE,"SR is 22050, expected 44100"
Harmonium,470.wav,Harmonium\470.wav,UNEXPECTED_SAMPLE_RATE,3.0,22050,1,CONVERT/RESAMPLE,"SR is 22050, expected 44100"
Harmonium,471.wav,Harmonium\471.wav,UNEXPECTED_SAMPLE_RATE,3.0,22050,1,CONVERT/RESAMPLE,"SR is 22050, expected 44100"
Harmonium,472.wav,Harmonium\472.wav,UNEXPECTED_SAMPLE_RATE,3.0,22050,1,CONVERT/RESAMPLE,"SR is 22050, expected 44100"
Harmonium,473.wav,Harmonium\473.wav,UNEXPECTED_SAMPLE_RATE,3.0,22050,1,CONVERT/RESAMPLE,"SR is 22050, expected 44100"
Harmonium,474.wav,Harmonium\474.wav,UNEXPECTED_SAMPLE_RATE,3.0,22050,1,CONVERT/RESAMPLE,"SR is 22050, expected 44100"
Harmonium,475.wav,Harmonium\475.wav,UNEXPECTED_SAMPLE_RATE,3.0,22050,1,CONVERT/RESAMPLE,"SR is 22050, expected 44100"
Harmonium,476.wav,Harmonium\476.wav,UNEXPECTED_SAMPLE_RATE,3.0,22050,1,CONVERT/RESAMPLE,"SR is 22050, expected 44100"
Harmonium,477.wav,Harmonium\477.wav,UNEXPECTED_SAMPLE_RATE,3.0,22050,1,CONVERT/RESAMPLE,"SR is 22050, expected 44100"
Harmonium,478.wav,Harmonium\478.wav,UNEXPECTED_SAMPLE_RATE,3.0,22050,1,CONVERT/RESAMPLE,"SR is 22050, expected 44100"
Harmonium,479.wav,Harmonium\479.wav,UNEXPECTED_SAMPLE_RATE,3.0,22050,1,CONVERT/RESAMPLE,"SR is 22050, expected 44100"
Harmonium,48.wav,Harmonium\48.wav,UNEXPECTED_SAMPLE_RATE,3.0,22050,1,CONVERT/RESAMPLE,"SR is 22050, expected 44100"
Harmonium,480.wav,Harmonium\480.wav,UNEXPECTED_SAMPLE_RATE,3.0,22050,1,CONVERT/RESAMPLE,"SR is 22050, expected 44100"
Harmonium,481.wav,Harmonium\481.wav,UNEXPECTED_SAMPLE_RATE,3.0,22050,1,CONVERT/RESAMPLE,"SR is 22050, expected 44100"
Harmonium,482.wav,Harmonium\482.wav,UNEXPECTED_SAMPLE_RATE,3.0,22050,1,CONVERT/RESAMPLE,"SR is 22050, expected 44100"
Harmonium,483.wav,Harmonium\483.wav,UNEXPECTED_SAMPLE_RATE,3.0,22050,1,CONVERT/RESAMPLE,"SR is 22050, expected 44100"
Harmonium,484.wav,Harmonium\484.wav,UNEXPECTED_SAMPLE_RATE,3.0,22050,1,CONVERT/RESAMPLE,"SR is 22050, expected 44100"
Harmonium,485.wav,Harmonium\485.wav,UNEXPECTED_SAMPLE_RATE,3.0,22050,1,CONVERT/RESAMPLE,"SR is 22050, expected 44100"
Harmonium,486.wav,Harmonium\486.wav,UNEXPECTED_SAMPLE_RATE,3.0,22050,1,CONVERT/RESAMPLE,"SR is 22050, expected 44100"
Harmonium,487.wav,Harmonium\487.wav,UNEXPECTED_SAMPLE_RATE,3.0,22050,1,CONVERT/RESAMPLE,"SR is 22050, expected 44100"
Harmonium,488.wav,Harmonium\488.wav,UNEXPECTED_SAMPLE_RATE,3.0,22050,1,CONVERT/RESAMPLE,"SR is 22050, expected 44100"
Harmonium,489.wav,Harmonium\489.wav,UNEXPECTED_SAMPLE_RATE,3.0,22050,1,CONVERT/RESAMPLE,"SR is 22050, expected 44100"
Harmonium,49.wav,Harmonium\49.wav,UNEXPECTED_SAMPLE_RATE,3.0,22050,1,CONVERT/RESAMPLE,"SR is 22050, expected 44100"
Harmonium,490.wav,Harmonium\490.wav,UNEXPECTED_SAMPLE_RATE,3.0,22050,1,CONVERT/RESAMPLE,"SR is 22050, expected 44100"
Harmonium,491.wav,Harmonium\491.wav,UNEXPECTED_SAMPLE_RATE,3.0,22050,1,CONVERT/RESAMPLE,"SR is 22050, expected 44100"
Harmonium,492.wav,Harmonium\492.wav,UNEXPECTED_SAMPLE_RATE,3.0,22050,1,CONVERT/RESAMPLE,"SR is 22050, expected 44100"
Harmonium,493.wav,Harmonium\493.wav,UNEXPECTED_SAMPLE_RATE,3.0,22050,1,CONVERT/RESAMPLE,"SR is 22050, expected 44100"
Harmonium,494.wav,Harmonium\494.wav,UNEXPECTED_SAMPLE_RATE,3.0,22050,1,CONVERT/RESAMPLE,"SR is 22050, expected 44100"
Harmonium,495.wav,Harmonium\495.wav,UNEXPECTED_SAMPLE_RATE,3.0,22050,1,CONVERT/RESAMPLE,"SR is 22050, expected 44100"
Harmonium,496.wav,Harmonium\496.wav,UNEXPECTED_SAMPLE_RATE,3.0,22050,1,CONVERT/RESAMPLE,"SR is 22050, expected 44100"
Harmonium,497.wav,Harmonium\497.wav,UNEXPECTED_SAMPLE_RATE,3.0,22050,1,CONVERT/RESAMPLE,"SR is 22050, expected 44100"
Harmonium,498.wav,Harmonium\498.wav,UNEXPECTED_SAMPLE_RATE,3.0,22050,1,CONVERT/RESAMPLE,"SR is 22050, expected 44100"
Harmonium,499.wav,Harmonium\499.wav,UNEXPECTED_SAMPLE_RATE,3.0,22050,1,CONVERT/RESAMPLE,"SR is 22050, expected 44100"
Harmonium,5.wav,Harmonium\5.wav,UNEXPECTED_SAMPLE_RATE,3.0,22050,1,CONVERT/RESAMPLE,"SR is 22050, expected 44100"
Harmonium,50.wav,Harmonium\50.wav,UNEXPECTED_SAMPLE_RATE,3.0,22050,1,CONVERT/RESAMPLE,"SR is 22050, expected 44100"
Harmonium,500.wav,Harmonium\500.wav,UNEXPECTED_SAMPLE_RATE,3.0,22050,1,CONVERT/RESAMPLE,"SR is 22050, expected 44100"
Harmonium,501.wav,Harmonium\501.wav,UNEXPECTED_SAMPLE_RATE,3.0,22050,1,CONVERT/RESAMPLE,"SR is 22050, expected 44100"
Harmonium,502.wav,Harmonium\502.wav,UNEXPECTED_SAMPLE_RATE,3.0,22050,1,CONVERT/RESAMPLE,"SR is 22050, expected 44100"
Harmonium,503.wav,Harmonium\503.wav,UNEXPECTED_SAMPLE_RATE,3.0,22050,1,CONVERT/RESAMPLE,"SR is 22050, expected 44100"
Harmonium,504.wav,Harmonium\504.wav,UNEXPECTED_SAMPLE_RATE,3.0,22050,1,CONVERT/RESAMPLE,"SR is 22050, expected 44100"
Harmonium,505.wav,Harmonium\505.wav,UNEXPECTED_SAMPLE_RATE,3.0,22050,1,CONVERT/RESAMPLE,"SR is 22050, expected 44100"
Harmonium,506.wav,Harmonium\506.wav,UNEXPECTED_SAMPLE_RATE,3.0,22050,1,CONVERT/RESAMPLE,"SR is 22050, expected 44100"
Harmonium,507.wav,Harmonium\507.wav,UNEXPECTED_SAMPLE_RATE,3.0,22050,1,CONVERT/RESAMPLE,"SR is 22050, expected 44100"
Harmonium,508.wav,Harmonium\508.wav,UNEXPECTED_SAMPLE_RATE,3.0,22050,1,CONVERT/RESAMPLE,"SR is 22050, expected 44100"
Harmonium,509.wav,Harmonium\509.wav,UNEXPECTED_SAMPLE_RATE,3.0,22050,1,CONVERT/RESAMPLE,"SR is 22050, expected 44100"
Harmonium,51.wav,Harmonium\51.wav,UNEXPECTED_SAMPLE_RATE,3.0,22050,1,CONVERT/RESAMPLE,"SR is 22050, expected 44100"
Harmonium,510.wav,Harmonium\510.wav,UNEXPECTED_SAMPLE_RATE,3.0,22050,1,CONVERT/RESAMPLE,"SR is 22050, expected 44100"
Harmonium,511.wav,Harmonium\511.wav,UNEXPECTED_SAMPLE_RATE,3.0,22050,1,CONVERT/RESAMPLE,"SR is 22050, expected 44100"
Harmonium,512.wav,Harmonium\512.wav,UNEXPECTED_SAMPLE_RATE,3.0,22050,1,CONVERT/RESAMPLE,"SR is 22050, expected 44100"
Harmonium,513.wav,Harmonium\513.wav,UNEXPECTED_SAMPLE_RATE,3.0,22050,1,CONVERT/RESAMPLE,"SR is 22050, expected 44100"
Harmonium,514.wav,Harmonium\514.wav,UNEXPECTED_SAMPLE_RATE,3.0,22050,1,CONVERT/RESAMPLE,"SR is 22050, expected 44100"
Harmonium,515.wav,Harmonium\515.wav,UNEXPECTED_SAMPLE_RATE,3.0,22050,1,CONVERT/RESAMPLE,"SR is 22050, expected 44100"
Harmonium,516.wav,Harmonium\516.wav,UNEXPECTED_SAMPLE_RATE,3.0,22050,1,CONVERT/RESAMPLE,"SR is 22050, expected 44100"
Harmonium,517.wav,Harmonium\517.wav,UNEXPECTED_SAMPLE_RATE,3.0,22050,1,CONVERT/RESAMPLE,"SR is 22050, expected 44100"
Harmonium,518.wav,Harmonium\518.wav,UNEXPECTED_SAMPLE_RATE,3.0,22050,1,CONVERT/RESAMPLE,"SR is 22050, expected 44100"
Harmonium,519.wav,Harmonium\519.wav,UNEXPECTED_SAMPLE_RATE,3.0,22050,1,CONVERT/RESAMPLE,"SR is 22050, expected 44100"
Harmonium,52.wav,Harmonium\52.wav,UNEXPECTED_SAMPLE_RATE,3.0,22050,1,CONVERT/RESAMPLE,"SR is 22050, expected 44100"
Harmonium,520.wav,Harmonium\520.wav,UNEXPECTED_SAMPLE_RATE,3.0,22050,1,CONVERT/RESAMPLE,"SR is 22050, expected 44100"
Harmonium,521.wav,Harmonium\521.wav,UNEXPECTED_SAMPLE_RATE,3.0,22050,1,CONVERT/RESAMPLE,"SR is 22050, expected 44100"
Harmonium,522.wav,Harmonium\522.wav,UNEXPECTED_SAMPLE_RATE,3.0,22050,1,CONVERT/RESAMPLE,"SR is 22050, expected 44100"
Harmonium,523.wav,Harmonium\523.wav,UNEXPECTED_SAMPLE_RATE,3.0,22050,1,CONVERT/RESAMPLE,"SR is 22050, expected 44100"
Harmonium,524.wav,Harmonium\524.wav,UNEXPECTED_SAMPLE_RATE,3.0,22050,1,CONVERT/RESAMPLE,"SR is 22050, expected 44100"
Harmonium,525.wav,Harmonium\525.wav,UNEXPECTED_SAMPLE_RATE,3.0,22050,1,CONVERT/RESAMPLE,"SR is 22050, expected 44100"
Harmonium,526.wav,Harmonium\526.wav,UNEXPECTED_SAMPLE_RATE,3.0,22050,1,CONVERT/RESAMPLE,"SR is 22050, expected 44100"
Harmonium,527.wav,Harmonium\527.wav,UNEXPECTED_SAMPLE_RATE,3.0,22050,1,CONVERT/RESAMPLE,"SR is 22050, expected 44100"
Harmonium,528.wav,Harmonium\528.wav,UNEXPECTED_SAMPLE_RATE,3.0,22050,1,CONVERT/RESAMPLE,"SR is 22050, expected 44100"
Harmonium,529.wav,Harmonium\529.wav,UNEXPECTED_SAMPLE_RATE,3.0,22050,1,CONVERT/RESAMPLE,"SR is 22050, expected 44100"
Harmonium,53.wav,Harmonium\53.wav,UNEXPECTED_SAMPLE_RATE,3.0,22050,1,CONVERT/RESAMPLE,"SR is 22050, expected 44100"
Harmonium,530.wav,Harmonium\530.wav,UNEXPECTED_SAMPLE_RATE,3.0,22050,1,CONVERT/RESAMPLE,"SR is 22050, expected 44100"
Harmonium,531.wav,Harmonium\531.wav,UNEXPECTED_SAMPLE_RATE,3.0,22050,1,CONVERT/RESAMPLE,"SR is 22050, expected 44100"
Harmonium,532.wav,Harmonium\532.wav,UNEXPECTED_SAMPLE_RATE,3.0,22050,1,CONVERT/RESAMPLE,"SR is 22050, expected 44100"
Harmonium,533.wav,Harmonium\533.wav,UNEXPECTED_SAMPLE_RATE,3.0,22050,1,CONVERT/RESAMPLE,"SR is 22050, expected 44100"
Harmonium,534.wav,Harmonium\534.wav,UNEXPECTED_SAMPLE_RATE,3.0,22050,1,CONVERT/RESAMPLE,"SR is 22050, expected 44100"
Harmonium,535.wav,Harmonium\535.wav,UNEXPECTED_SAMPLE_RATE,3.0,22050,1,CONVERT/RESAMPLE,"SR is 22050, expected 44100"
Harmonium,536.wav,Harmonium\536.wav,UNEXPECTED_SAMPLE_RATE,3.0,22050,1,CONVERT/RESAMPLE,"SR is 22050, expected 44100"
Harmonium,537.wav,Harmonium\537.wav,UNEXPECTED_SAMPLE_RATE,3.0,22050,1,CONVERT/RESAMPLE,"SR is 22050, expected 44100"
Harmonium,538.wav,Harmonium\538.wav,UNEXPECTED_SAMPLE_RATE,3.0,22050,1,CONVERT/RESAMPLE,"SR is 22050, expected 44100"
Harmonium,539.wav,Harmonium\539.wav,UNEXPECTED_SAMPLE_RATE,3.0,22050,1,CONVERT/RESAMPLE,"SR is 22050, expected 44100"
Harmonium,54.wav,Harmonium\54.wav,UNEXPECTED_SAMPLE_RATE,3.0,22050,1,CONVERT/RESAMPLE,"SR is 22050, expected 44100"
Harmonium,540.wav,Harmonium\540.wav,UNEXPECTED_SAMPLE_RATE,3.0,22050,1,CONVERT/RESAMPLE,"SR is 22050, expected 44100"
Harmonium,541.wav,Harmonium\541.wav,UNEXPECTED_SAMPLE_RATE,3.0,22050,1,CONVERT/RESAMPLE,"SR is 22050, expected 44100"
Harmonium,542.wav,Harmonium\542.wav,UNEXPECTED_SAMPLE_RATE,3.0,22050,1,CONVERT/RESAMPLE,"SR is 22050, expected 44100"
Harmonium,543.wav,Harmonium\543.wav,UNEXPECTED_SAMPLE_RATE,3.0,22050,1,CONVERT/RESAMPLE,"SR is 22050, expected 44100"
Harmonium,544.wav,Harmonium\544.wav,UNEXPECTED_SAMPLE_RATE,3.0,22050,1,CONVERT/RESAMPLE,"SR is 22050, expected 44100"
Harmonium,545.wav,Harmonium\545.wav,UNEXPECTED_SAMPLE_RATE,3.0,22050,1,CONVERT/RESAMPLE,"SR is 22050, expected 44100"
Harmonium,546.wav,Harmonium\546.wav,UNEXPECTED_SAMPLE_RATE,3.0,22050,1,CONVERT/RESAMPLE,"SR is 22050, expected 44100"
Harmonium,547.wav,Harmonium\547.wav,UNEXPECTED_SAMPLE_RATE,3.0,22050,1,CONVERT/RESAMPLE,"SR is 22050, expected 44100"
Harmonium,548.wav,Harmonium\548.wav,UNEXPECTED_SAMPLE_RATE,3.0,22050,1,CONVERT/RESAMPLE,"SR is 22050, expected 44100"
Harmonium,549.wav,Harmonium\549.wav,UNEXPECTED_SAMPLE_RATE,3.0,22050,1,CONVERT/RESAMPLE,"SR is 22050, expected 44100"
Harmonium,55.wav,Harmonium\55.wav,UNEXPECTED_SAMPLE_RATE,3.0,22050,1,CONVERT/RESAMPLE,"SR is 22050, expected 44100"
Harmonium,550.wav,Harmonium\550.wav,UNEXPECTED_SAMPLE_RATE,3.0,22050,1,CONVERT/RESAMPLE,"SR is 22050, expected 44100"
Harmonium,551.wav,Harmonium\551.wav,UNEXPECTED_SAMPLE_RATE,3.0,22050,1,CONVERT/RESAMPLE,"SR is 22050, expected 44100"
Harmonium,552.wav,Harmonium\552.wav,UNEXPECTED_SAMPLE_RATE,3.0,22050,1,CONVERT/RESAMPLE,"SR is 22050, expected 44100"
Harmonium,553.wav,Harmonium\553.wav,UNEXPECTED_SAMPLE_RATE,3.0,22050,1,CONVERT/RESAMPLE,"SR is 22050, expected 44100"
Harmonium,554.wav,Harmonium\554.wav,UNEXPECTED_SAMPLE_RATE,3.0,22050,1,CONVERT/RESAMPLE,"SR is 22050, expected 44100"
Harmonium,555.wav,Harmonium\555.wav,UNEXPECTED_SAMPLE_RATE,3.0,22050,1,CONVERT/RESAMPLE,"SR is 22050, expected 44100"
Harmonium,556.wav,Harmonium\556.wav,UNEXPECTED_SAMPLE_RATE,3.0,22050,1,CONVERT/RESAMPLE,"SR is 22050, expected 44100"
Harmonium,557.wav,Harmonium\557.wav,UNEXPECTED_SAMPLE_RATE,3.0,22050,1,CONVERT/RESAMPLE,"SR is 22050, expected 44100"
Harmonium,558.wav,Harmonium\558.wav,UNEXPECTED_SAMPLE_RATE,3.0,22050,1,CONVERT/RESAMPLE,"SR is 22050, expected 44100"
Harmonium,559.wav,Harmonium\559.wav,UNEXPECTED_SAMPLE_RATE,3.0,22050,1,CONVERT/RESAMPLE,"SR is 22050, expected 44100"
Harmonium,56.wav,Harmonium\56.wav,UNEXPECTED_SAMPLE_RATE,3.0,22050,1,CONVERT/RESAMPLE,"SR is 22050, expected 44100"
Harmonium,560.wav,Harmonium\560.wav,UNEXPECTED_SAMPLE_RATE,3.0,22050,1,CONVERT/RESAMPLE,"SR is 22050, expected 44100"
Harmonium,561.wav,Harmonium\561.wav,UNEXPECTED_SAMPLE_RATE,3.0,22050,1,CONVERT/RESAMPLE,"SR is 22050, expected 44100"
Harmonium,562.wav,Harmonium\562.wav,UNEXPECTED_SAMPLE_RATE,3.0,22050,1,CONVERT/RESAMPLE,"SR is 22050, expected 44100"
Harmonium,563.wav,Harmonium\563.wav,UNEXPECTED_SAMPLE_RATE,3.0,22050,1,CONVERT/RESAMPLE,"SR is 22050, expected 44100"
Harmonium,564.wav,Harmonium\564.wav,UNEXPECTED_SAMPLE_RATE,3.0,22050,1,CONVERT/RESAMPLE,"SR is 22050, expected 44100"
Harmonium,565.wav,Harmonium\565.wav,UNEXPECTED_SAMPLE_RATE,3.0,22050,1,CONVERT/RESAMPLE,"SR is 22050, expected 44100"
Harmonium,566.wav,Harmonium\566.wav,UNEXPECTED_SAMPLE_RATE,3.0,22050,1,CONVERT/RESAMPLE,"SR is 22050, expected 44100"
Harmonium,567.wav,Harmonium\567.wav,UNEXPECTED_SAMPLE_RATE,3.0,22050,1,CONVERT/RESAMPLE,"SR is 22050, expected 44100"
Harmonium,568.wav,Harmonium\568.wav,UNEXPECTED_SAMPLE_RATE,3.0,22050,1,CONVERT/RESAMPLE,"SR is 22050, expected 44100"
Harmonium,569.wav,Harmonium\569.wav,UNEXPECTED_SAMPLE_RATE,3.0,22050,1,CONVERT/RESAMPLE,"SR is 22050, expected 44100"
Harmonium,57.wav,Harmonium\57.wav,UNEXPECTED_SAMPLE_RATE,3.0,22050,1,CONVERT/RESAMPLE,"SR is 22050, expected 44100"
Harmonium,570.wav,Harmonium\570.wav,UNEXPECTED_SAMPLE_RATE,3.0,22050,1,CONVERT/RESAMPLE,"SR is 22050, expected 44100"
Harmonium,571.wav,Harmonium\571.wav,UNEXPECTED_SAMPLE_RATE,3.0,22050,1,CONVERT/RESAMPLE,"SR is 22050, expected 44100"
Harmonium,572.wav,Harmonium\572.wav,UNEXPECTED_SAMPLE_RATE,3.0,22050,1,CONVERT/RESAMPLE,"SR is 22050, expected 44100"
Harmonium,573.wav,Harmonium\573.wav,UNEXPECTED_SAMPLE_RATE,3.0,22050,1,CONVERT/RESAMPLE,"SR is 22050, expected 44100"
Harmonium,574.wav,Harmonium\574.wav,UNEXPECTED_SAMPLE_RATE,3.0,22050,1,CONVERT/RESAMPLE,"SR is 22050, expected 44100"
Harmonium,575.wav,Harmonium\575.wav,UNEXPECTED_SAMPLE_RATE,3.0,22050,1,CONVERT/RESAMPLE,"SR is 22050, expected 44100"
Harmonium,576.wav,Harmonium\576.wav,UNEXPECTED_SAMPLE_RATE,3.0,22050,1,CONVERT/RESAMPLE,"SR is 22050, expected 44100"
Harmonium,577.wav,Harmonium\577.wav,UNEXPECTED_SAMPLE_RATE,3.0,22050,1,CONVERT/RESAMPLE,"SR is 22050, expected 44100"
Harmonium,578.wav,Harmonium\578.wav,UNEXPECTED_SAMPLE_RATE,3.0,22050,1,CONVERT/RESAMPLE,"SR is 22050, expected 44100"
Harmonium,579.wav,Harmonium\579.wav,UNEXPECTED_SAMPLE_RATE,3.0,22050,1,CONVERT/RESAMPLE,"SR is 22050, expected 44100"
Harmonium,58.wav,Harmonium\58.wav,UNEXPECTED_SAMPLE_RATE,3.0,22050,1,CONVERT/RESAMPLE,"SR is 22050, expected 44100"
Harmonium,580.wav,Harmonium\580.wav,UNEXPECTED_SAMPLE_RATE,3.0,22050,1,CONVERT/RESAMPLE,"SR is 22050, expected 44100"
Harmonium,581.wav,Harmonium\581.wav,UNEXPECTED_SAMPLE_RATE,3.0,22050,1,CONVERT/RESAMPLE,"SR is 22050, expected 44100"
Harmonium,582.wav,Harmonium\582.wav,UNEXPECTED_SAMPLE_RATE,3.0,22050,1,CONVERT/RESAMPLE,"SR is 22050, expected 44100"
Harmonium,583.wav,Harmonium\583.wav,UNEXPECTED_SAMPLE_RATE,3.0,22050,1,CONVERT/RESAMPLE,"SR is 22050, expected 44100"
Harmonium,584.wav,Harmonium\584.wav,UNEXPECTED_SAMPLE_RATE,3.0,22050,1,CONVERT/RESAMPLE,"SR is 22050, expected 44100"
Harmonium,585.wav,Harmonium\585.wav,UNEXPECTED_SAMPLE_RATE,3.0,22050,1,CONVERT/RESAMPLE,"SR is 22050, expected 44100"
Harmonium,586.wav,Harmonium\586.wav,UNEXPECTED_SAMPLE_RATE,3.0,22050,1,CONVERT/RESAMPLE,"SR is 22050, expected 44100"
Harmonium,587.wav,Harmonium\587.wav,UNEXPECTED_SAMPLE_RATE,3.0,22050,1,CONVERT/RESAMPLE,"SR is 22050, expected 44100"
Harmonium,588.wav,Harmonium\588.wav,UNEXPECTED_SAMPLE_RATE,3.0,22050,1,CONVERT/RESAMPLE,"SR is 22050, expected 44100"
Harmonium,589.wav,Harmonium\589.wav,UNEXPECTED_SAMPLE_RATE,3.0,22050,1,CONVERT/RESAMPLE,"SR is 22050, expected 44100"
Harmonium,59.wav,Harmonium\59.wav,UNEXPECTED_SAMPLE_RATE,3.0,22050,1,CONVERT/RESAMPLE,"SR is 22050, expected 44100"
Harmonium,590.wav,Harmonium\590.wav,UNEXPECTED_SAMPLE_RATE,3.0,22050,1,CONVERT/RESAMPLE,"SR is 22050, expected 44100"
Harmonium,591.wav,Harmonium\591.wav,UNEXPECTED_SAMPLE_RATE,3.0,22050,1,CONVERT/RESAMPLE,"SR is 22050, expected 44100"
Harmonium,592.wav,Harmonium\592.wav,UNEXPECTED_SAMPLE_RATE,3.0,22050,1,CONVERT/RESAMPLE,"SR is 22050, expected 44100"
Harmonium,593.wav,Harmonium\593.wav,UNEXPECTED_SAMPLE_RATE,3.0,22050,1,CONVERT/RESAMPLE,"SR is 22050, expected 44100"
Harmonium,594.wav,Harmonium\594.wav,UNEXPECTED_SAMPLE_RATE,3.0,22050,1,CONVERT/RESAMPLE,"SR is 22050, expected 44100"
Harmonium,595.wav,Harmonium\595.wav,UNEXPECTED_SAMPLE_RATE,3.0,22050,1,CONVERT/RESAMPLE,"SR is 22050, expected 44100"
Harmonium,596.wav,Harmonium\596.wav,UNEXPECTED_SAMPLE_RATE,3.0,22050,1,CONVERT/RESAMPLE,"SR is 22050, expected 44100"
Harmonium,597.wav,Harmonium\597.wav,UNEXPECTED_SAMPLE_RATE,3.0,22050,1,CONVERT/RESAMPLE,"SR is 22050, expected 44100"
Harmonium,598.wav,Harmonium\598.wav,UNEXPECTED_SAMPLE_RATE,3.0,22050,1,CONVERT/RESAMPLE,"SR is 22050, expected 44100"
Harmonium,599.wav,Harmonium\599.wav,UNEXPECTED_SAMPLE_RATE,3.0,22050,1,CONVERT/RESAMPLE,"SR is 22050, expected 44100"
Harmonium,6.wav,Harmonium\6.wav,UNEXPECTED_SAMPLE_RATE,3.0,22050,1,CONVERT/RESAMPLE,"SR is 22050, expected 44100"
Harmonium,60.wav,Harmonium\60.wav,UNEXPECTED_SAMPLE_RATE,3.0,22050,1,CONVERT/RESAMPLE,"SR is 22050, expected 44100"
Harmonium,600.wav,Harmonium\600.wav,UNEXPECTED_SAMPLE_RATE,3.0,22050,1,CONVERT/RESAMPLE,"SR is 22050, expected 44100"
Harmonium,601.wav,Harmonium\601.wav,UNEXPECTED_SAMPLE_RATE,3.0,22050,1,CONVERT/RESAMPLE,"SR is 22050, expected 44100"
Harmonium,602.wav,Harmonium\602.wav,UNEXPECTED_SAMPLE_RATE,3.0,22050,1,CONVERT/RESAMPLE,"SR is 22050, expected 44100"
Harmonium,603.wav,Harmonium\603.wav,UNEXPECTED_SAMPLE_RATE,3.0,22050,1,CONVERT/RESAMPLE,"SR is 22050, expected 44100"
Harmonium,604.wav,Harmonium\604.wav,UNEXPECTED_SAMPLE_RATE,3.0,22050,1,CONVERT/RESAMPLE,"SR is 22050, expected 44100"
Harmonium,605.wav,Harmonium\605.wav,UNEXPECTED_SAMPLE_RATE,3.0,22050,1,CONVERT/RESAMPLE,"SR is 22050, expected 44100"
Harmonium,606.wav,Harmonium\606.wav,UNEXPECTED_SAMPLE_RATE,3.0,22050,1,CONVERT/RESAMPLE,"SR is 22050, expected 44100"
Harmonium,607.wav,Harmonium\607.wav,UNEXPECTED_SAMPLE_RATE,3.0,22050,1,CONVERT/RESAMPLE,"SR is 22050, expected 44100"
Harmonium,608.wav,Harmonium\608.wav,UNEXPECTED_SAMPLE_RATE,3.0,22050,1,CONVERT/RESAMPLE,"SR is 22050, expected 44100"
Harmonium,609.wav,Harmonium\609.wav,UNEXPECTED_SAMPLE_RATE,3.0,22050,1,CONVERT/RESAMPLE,"SR is 22050, expected 44100"
Harmonium,61.wav,Harmonium\61.wav,UNEXPECTED_SAMPLE_RATE,3.0,22050,1,CONVERT/RESAMPLE,"SR is 22050, expected 44100"
Harmonium,610.wav,Harmonium\610.wav,UNEXPECTED_SAMPLE_RATE,3.0,22050,1,CONVERT/RESAMPLE,"SR is 22050, expected 44100"
Harmonium,611.wav,Harmonium\611.wav,UNEXPECTED_SAMPLE_RATE,3.0,22050,1,CONVERT/RESAMPLE,"SR is 22050, expected 44100"
Harmonium,612.wav,Harmonium\612.wav,UNEXPECTED_SAMPLE_RATE,3.0,22050,1,CONVERT/RESAMPLE,"SR is 22050, expected 44100"
Harmonium,613.wav,Harmonium\613.wav,UNEXPECTED_SAMPLE_RATE,3.0,22050,1,CONVERT/RESAMPLE,"SR is 22050, expected 44100"
Harmonium,614.wav,Harmonium\614.wav,UNEXPECTED_SAMPLE_RATE,3.0,22050,1,CONVERT/RESAMPLE,"SR is 22050, expected 44100"
Harmonium,615.wav,Harmonium\615.wav,UNEXPECTED_SAMPLE_RATE,3.0,22050,1,CONVERT/RESAMPLE,"SR is 22050, expected 44100"
Harmonium,616.wav,Harmonium\616.wav,UNEXPECTED_SAMPLE_RATE,3.0,22050,1,CONVERT/RESAMPLE,"SR is 22050, expected 44100"
Harmonium,617.wav,Harmonium\617.wav,UNEXPECTED_SAMPLE_RATE,3.0,22050,1,CONVERT/RESAMPLE,"SR is 22050, expected 44100"
Harmonium,618.wav,Harmonium\618.wav,UNEXPECTED_SAMPLE_RATE,3.0,22050,1,CONVERT/RESAMPLE,"SR is 22050, expected 44100"
Harmonium,619.wav,Harmonium\619.wav,UNEXPECTED_SAMPLE_RATE,3.0,22050,1,CONVERT/RESAMPLE,"SR is 22050, expected 44100"
Harmonium,62.wav,Harmonium\62.wav,UNEXPECTED_SAMPLE_RATE,3.0,22050,1,CONVERT/RESAMPLE,"SR is 22050, expected 44100"
Harmonium,620.wav,Harmonium\620.wav,UNEXPECTED_SAMPLE_RATE,3.0,22050,1,CONVERT/RESAMPLE,"SR is 22050, expected 44100"
Harmonium,621.wav,Harmonium\621.wav,UNEXPECTED_SAMPLE_RATE,3.0,22050,1,CONVERT/RESAMPLE,"SR is 22050, expected 44100"
Harmonium,622.wav,Harmonium\622.wav,UNEXPECTED_SAMPLE_RATE,3.0,22050,1,CONVERT/RESAMPLE,"SR is 22050, expected 44100"
Harmonium,623.wav,Harmonium\623.wav,UNEXPECTED_SAMPLE_RATE,3.0,22050,1,CONVERT/RESAMPLE,"SR is 22050, expected 44100"
Harmonium,624.wav,Harmonium\624.wav,UNEXPECTED_SAMPLE_RATE,3.0,22050,1,CONVERT/RESAMPLE,"SR is 22050, expected 44100"
Harmonium,625.wav,Harmonium\625.wav,UNEXPECTED_SAMPLE_RATE,3.0,22050,1,CONVERT/RESAMPLE,"SR is 22050, expected 44100"
Harmonium,626.wav,Harmonium\626.wav,UNEXPECTED_SAMPLE_RATE,3.0,22050,1,CONVERT/RESAMPLE,"SR is 22050, expected 44100"
Harmonium,627.wav,Harmonium\627.wav,UNEXPECTED_SAMPLE_RATE,3.0,22050,1,CONVERT/RESAMPLE,"SR is 22050, expected 44100"
Harmonium,628.wav,Harmonium\628.wav,UNEXPECTED_SAMPLE_RATE,3.0,22050,1,CONVERT/RESAMPLE,"SR is 22050, expected 44100"
Harmonium,629.wav,Harmonium\629.wav,UNEXPECTED_SAMPLE_RATE,3.0,22050,1,CONVERT/RESAMPLE,"SR is 22050, expected 44100"
Harmonium,63.wav,Harmonium\63.wav,UNEXPECTED_SAMPLE_RATE,3.0,22050,1,CONVERT/RESAMPLE,"SR is 22050, expected 44100"
Harmonium,630.wav,Harmonium\630.wav,UNEXPECTED_SAMPLE_RATE,3.0,22050,1,CONVERT/RESAMPLE,"SR is 22050, expected 44100"
Harmonium,631.wav,Harmonium\631.wav,UNEXPECTED_SAMPLE_RATE,3.0,22050,1,CONVERT/RESAMPLE,"SR is 22050, expected 44100"
Harmonium,632.wav,Harmonium\632.wav,UNEXPECTED_SAMPLE_RATE,3.0,22050,1,CONVERT/RESAMPLE,"SR is 22050, expected 44100"
Harmonium,633.wav,Harmonium\633.wav,UNEXPECTED_SAMPLE_RATE,3.0,22050,1,CONVERT/RESAMPLE,"SR is 22050, expected 44100"
Harmonium,634.wav,Harmonium\634.wav,UNEXPECTED_SAMPLE_RATE,3.0,22050,1,CONVERT/RESAMPLE,"SR is 22050, expected 44100"
Harmonium,635.wav,Harmonium\635.wav,UNEXPECTED_SAMPLE_RATE,3.0,22050,1,CONVERT/RESAMPLE,"SR is 22050, expected 44100"
Harmonium,636.wav,Harmonium\636.wav,UNEXPECTED_SAMPLE_RATE,3.0,22050,1,CONVERT/RESAMPLE,"SR is 22050, expected 44100"
Harmonium,637.wav,Harmonium\637.wav,UNEXPECTED_SAMPLE_RATE,3.0,22050,1,CONVERT/RESAMPLE,"SR is 22050, expected 44100"
Harmonium,638.wav,Harmonium\638.wav,UNEXPECTED_SAMPLE_RATE,3.0,22050,1,CONVERT/RESAMPLE,"SR is 22050, expected 44100"
Harmonium,639.wav,Harmonium\639.wav,UNEXPECTED_SAMPLE_RATE,3.0,22050,1,CONVERT/RESAMPLE,"SR is 22050, expected 44100"
Harmonium,64.wav,Harmonium\64.wav,UNEXPECTED_SAMPLE_RATE,3.0,22050,1,CONVERT/RESAMPLE,"SR is 22050, expected 44100"
Harmonium,640.wav,Harmonium\640.wav,UNEXPECTED_SAMPLE_RATE,3.0,22050,1,CONVERT/RESAMPLE,"SR is 22050, expected 44100"
Harmonium,641.wav,Harmonium\641.wav,UNEXPECTED_SAMPLE_RATE,3.0,22050,1,CONVERT/RESAMPLE,"SR is 22050, expected 44100"
Harmonium,642.wav,Harmonium\642.wav,UNEXPECTED_SAMPLE_RATE,3.0,22050,1,CONVERT/RESAMPLE,"SR is 22050, expected 44100"
Harmonium,643.wav,Harmonium\643.wav,UNEXPECTED_SAMPLE_RATE,3.0,22050,1,CONVERT/RESAMPLE,"SR is 22050, expected 44100"
Harmonium,644.wav,Harmonium\644.wav,UNEXPECTED_SAMPLE_RATE,3.0,22050,1,CONVERT/RESAMPLE,"SR is 22050, expected 44100"
Harmonium,645.wav,Harmonium\645.wav,UNEXPECTED_SAMPLE_RATE,3.0,22050,1,CONVERT/RESAMPLE,"SR is 22050, expected 44100"
Harmonium,646.wav,Harmonium\646.wav,UNEXPECTED_SAMPLE_RATE,3.0,22050,1,CONVERT/RESAMPLE,"SR is 22050, expected 44100"
Harmonium,647.wav,Harmonium\647.wav,UNEXPECTED_SAMPLE_RATE,3.0,22050,1,CONVERT/RESAMPLE,"SR is 22050, expected 44100"
Harmonium,648.wav,Harmonium\648.wav,UNEXPECTED_SAMPLE_RATE,3.0,22050,1,CONVERT/RESAMPLE,"SR is 22050, expected 44100"
Harmonium,649.wav,Harmonium\649.wav,UNEXPECTED_SAMPLE_RATE,3.0,22050,1,CONVERT/RESAMPLE,"SR is 22050, expected 44100"
Harmonium,65.wav,Harmonium\65.wav,UNEXPECTED_SAMPLE_RATE,3.0,22050,1,CONVERT/RESAMPLE,"SR is 22050, expected 44100"
Harmonium,650.wav,Harmonium\650.wav,UNEXPECTED_SAMPLE_RATE,3.0,22050,1,CONVERT/RESAMPLE,"SR is 22050, expected 44100"
Harmonium,651.wav,Harmonium\651.wav,UNEXPECTED_SAMPLE_RATE,3.0,22050,1,CONVERT/RESAMPLE,"SR is 22050, expected 44100"
Harmonium,652.wav,Harmonium\652.wav,UNEXPECTED_SAMPLE_RATE,3.0,22050,1,CONVERT/RESAMPLE,"SR is 22050, expected 44100"
Harmonium,653.wav,Harmonium\653.wav,UNEXPECTED_SAMPLE_RATE,3.0,22050,1,CONVERT/RESAMPLE,"SR is 22050, expected 44100"
Harmonium,654.wav,Harmonium\654.wav,UNEXPECTED_SAMPLE_RATE,3.0,22050,1,CONVERT/RESAMPLE,"SR is 22050, expected 44100"
Harmonium,655.wav,Harmonium\655.wav,UNEXPECTED_SAMPLE_RATE,3.0,22050,1,CONVERT/RESAMPLE,"SR is 22050, expected 44100"
Harmonium,656.wav,Harmonium\656.wav,UNEXPECTED_SAMPLE_RATE,3.0,22050,1,CONVERT/RESAMPLE,"SR is 22050, expected 44100"
Harmonium,657.wav,Harmonium\657.wav,UNEXPECTED_SAMPLE_RATE,3.0,22050,1,CONVERT/RESAMPLE,"SR is 22050, expected 44100"
Harmonium,658.wav,Harmonium\658.wav,UNEXPECTED_SAMPLE_RATE,3.0,22050,1,CONVERT/RESAMPLE,"SR is 22050, expected 44100"
Harmonium,659.wav,Harmonium\659.wav,UNEXPECTED_SAMPLE_RATE,3.0,22050,1,CONVERT/RESAMPLE,"SR is 22050, expected 44100"
Harmonium,66.wav,Harmonium\66.wav,UNEXPECTED_SAMPLE_RATE,3.0,22050,1,CONVERT/RESAMPLE,"SR is 22050, expected 44100"
Harmonium,660.wav,Harmonium\660.wav,UNEXPECTED_SAMPLE_RATE,3.0,22050,1,CONVERT/RESAMPLE,"SR is 22050, expected 44100"
Harmonium,661.wav,Harmonium\661.wav,UNEXPECTED_SAMPLE_RATE,3.0,22050,1,CONVERT/RESAMPLE,"SR is 22050, expected 44100"
Harmonium,662.wav,Harmonium\662.wav,UNEXPECTED_SAMPLE_RATE,3.0,22050,1,CONVERT/RESAMPLE,"SR is 22050, expected 44100"
Harmonium,663.wav,Harmonium\663.wav,UNEXPECTED_SAMPLE_RATE,3.0,22050,1,CONVERT/RESAMPLE,"SR is 22050, expected 44100"
Harmonium,664.wav,Harmonium\664.wav,UNEXPECTED_SAMPLE_RATE,3.0,22050,1,CONVERT/RESAMPLE,"SR is 22050, expected 44100"
Harmonium,665.wav,Harmonium\665.wav,UNEXPECTED_SAMPLE_RATE,3.0,22050,1,CONVERT/RESAMPLE,"SR is 22050, expected 44100"
Harmonium,666.wav,Harmonium\666.wav,UNEXPECTED_SAMPLE_RATE,3.0,22050,1,CONVERT/RESAMPLE,"SR is 22050, expected 44100"
Harmonium,667.wav,Harmonium\667.wav,UNEXPECTED_SAMPLE_RATE,3.0,22050,1,CONVERT/RESAMPLE,"SR is 22050, expected 44100"
Harmonium,668.wav,Harmonium\668.wav,UNEXPECTED_SAMPLE_RATE,3.0,22050,1,CONVERT/RESAMPLE,"SR is 22050, expected 44100"
Harmonium,669.wav,Harmonium\669.wav,UNEXPECTED_SAMPLE_RATE,3.0,22050,1,CONVERT/RESAMPLE,"SR is 22050, expected 44100"
Harmonium,67.wav,Harmonium\67.wav,UNEXPECTED_SAMPLE_RATE,3.0,22050,1,CONVERT/RESAMPLE,"SR is 22050, expected 44100"
Harmonium,670.wav,Harmonium\670.wav,UNEXPECTED_SAMPLE_RATE,3.0,22050,1,CONVERT/RESAMPLE,"SR is 22050, expected 44100"
Harmonium,671.wav,Harmonium\671.wav,UNEXPECTED_SAMPLE_RATE,3.0,22050,1,CONVERT/RESAMPLE,"SR is 22050, expected 44100"
Harmonium,672.wav,Harmonium\672.wav,UNEXPECTED_SAMPLE_RATE,3.0,22050,1,CONVERT/RESAMPLE,"SR is 22050, expected 44100"
Harmonium,673.wav,Harmonium\673.wav,UNEXPECTED_SAMPLE_RATE,3.0,22050,1,CONVERT/RESAMPLE,"SR is 22050, expected 44100"
Harmonium,674.wav,Harmonium\674.wav,UNEXPECTED_SAMPLE_RATE,3.0,22050,1,CONVERT/RESAMPLE,"SR is 22050, expected 44100"
Harmonium,675.wav,Harmonium\675.wav,UNEXPECTED_SAMPLE_RATE,3.0,22050,1,CONVERT/RESAMPLE,"SR is 22050, expected 44100"
Harmonium,676.wav,Harmonium\676.wav,UNEXPECTED_SAMPLE_RATE,3.0,22050,1,CONVERT/RESAMPLE,"SR is 22050, expected 44100"
Harmonium,677.wav,Harmonium\677.wav,UNEXPECTED_SAMPLE_RATE,3.0,22050,1,CONVERT/RESAMPLE,"SR is 22050, expected 44100"
Harmonium,678.wav,Harmonium\678.wav,UNEXPECTED_SAMPLE_RATE,3.0,22050,1,CONVERT/RESAMPLE,"SR is 22050, expected 44100"
Harmonium,679.wav,Harmonium\679.wav,UNEXPECTED_SAMPLE_RATE,3.0,22050,1,CONVERT/RESAMPLE,"SR is 22050, expected 44100"
Harmonium,68.wav,Harmonium\68.wav,UNEXPECTED_SAMPLE_RATE,3.0,22050,1,CONVERT/RESAMPLE,"SR is 22050, expected 44100"
Harmonium,680.wav,Harmonium\680.wav,UNEXPECTED_SAMPLE_RATE,3.0,22050,1,CONVERT/RESAMPLE,"SR is 22050, expected 44100"
Harmonium,681.wav,Harmonium\681.wav,UNEXPECTED_SAMPLE_RATE,3.0,22050,1,CONVERT/RESAMPLE,"SR is 22050, expected 44100"
Harmonium,682.wav,Harmonium\682.wav,UNEXPECTED_SAMPLE_RATE,3.0,22050,1,CONVERT/RESAMPLE,"SR is 22050, expected 44100"
Harmonium,683.wav,Harmonium\683.wav,UNEXPECTED_SAMPLE_RATE,3.0,22050,1,CONVERT/RESAMPLE,"SR is 22050, expected 44100"
Harmonium,684.wav,Harmonium\684.wav,UNEXPECTED_SAMPLE_RATE,3.0,22050,1,CONVERT/RESAMPLE,"SR is 22050, expected 44100"
Harmonium,685.wav,Harmonium\685.wav,UNEXPECTED_SAMPLE_RATE,3.0,22050,1,CONVERT/RESAMPLE,"SR is 22050, expected 44100"
Harmonium,686.wav,Harmonium\686.wav,UNEXPECTED_SAMPLE_RATE,3.0,22050,1,CONVERT/RESAMPLE,"SR is 22050, expected 44100"
Harmonium,687.wav,Harmonium\687.wav,UNEXPECTED_SAMPLE_RATE,3.0,22050,1,CONVERT/RESAMPLE,"SR is 22050, expected 44100"
Harmonium,688.wav,Harmonium\688.wav,UNEXPECTED_SAMPLE_RATE,3.0,22050,1,CONVERT/RESAMPLE,"SR is 22050, expected 44100"
Harmonium,689.wav,Harmonium\689.wav,UNEXPECTED_SAMPLE_RATE,3.0,22050,1,CONVERT/RESAMPLE,"SR is 22050, expected 44100"
Harmonium,69.wav,Harmonium\69.wav,UNEXPECTED_SAMPLE_RATE,3.0,22050,1,CONVERT/RESAMPLE,"SR is 22050, expected 44100"
Harmonium,690.wav,Harmonium\690.wav,UNEXPECTED_SAMPLE_RATE,3.0,22050,1,CONVERT/RESAMPLE,"SR is 22050, expected 44100"
Harmonium,691.wav,Harmonium\691.wav,UNEXPECTED_SAMPLE_RATE,3.0,22050,1,CONVERT/RESAMPLE,"SR is 22050, expected 44100"
Harmonium,692.wav,Harmonium\692.wav,UNEXPECTED_SAMPLE_RATE,3.0,22050,1,CONVERT/RESAMPLE,"SR is 22050, expected 44100"
Harmonium,693.wav,Harmonium\693.wav,UNEXPECTED_SAMPLE_RATE,3.0,22050,1,CONVERT/RESAMPLE,"SR is 22050, expected 44100"
Harmonium,694.wav,Harmonium\694.wav,UNEXPECTED_SAMPLE_RATE,3.0,22050,1,CONVERT/RESAMPLE,"SR is 22050, expected 44100"
Harmonium,695.wav,Harmonium\695.wav,UNEXPECTED_SAMPLE_RATE,3.0,22050,1,CONVERT/RESAMPLE,"SR is 22050, expected 44100"
Harmonium,696.wav,Harmonium\696.wav,UNEXPECTED_SAMPLE_RATE,3.0,22050,1,CONVERT/RESAMPLE,"SR is 22050, expected 44100"
Harmonium,697.wav,Harmonium\697.wav,UNEXPECTED_SAMPLE_RATE,3.0,22050,1,CONVERT/RESAMPLE,"SR is 22050, expected 44100"
Harmonium,698.wav,Harmonium\698.wav,UNEXPECTED_SAMPLE_RATE,3.0,22050,1,CONVERT/RESAMPLE,"SR is 22050, expected 44100"
Harmonium,699.wav,Harmonium\699.wav,UNEXPECTED_SAMPLE_RATE,3.0,22050,1,CONVERT/RESAMPLE,"SR is 22050, expected 44100"
Harmonium,7.wav,Harmonium\7.wav,UNEXPECTED_SAMPLE_RATE,3.0,22050,1,CONVERT/RESAMPLE,"SR is 22050, expected 44100"
Harmonium,70.wav,Harmonium\70.wav,UNEXPECTED_SAMPLE_RATE,3.0,22050,1,CONVERT/RESAMPLE,"SR is 22050, expected 44100"
Harmonium,700.wav,Harmonium\700.wav,UNEXPECTED_SAMPLE_RATE,3.0,22050,1,CONVERT/RESAMPLE,"SR is 22050, expected 44100"
Harmonium,701.wav,Harmonium\701.wav,UNEXPECTED_SAMPLE_RATE,3.0,22050,1,CONVERT/RESAMPLE,"SR is 22050, expected 44100"
Harmonium,702.wav,Harmonium\702.wav,UNEXPECTED_SAMPLE_RATE,3.0,22050,1,CONVERT/RESAMPLE,"SR is 22050, expected 44100"
Harmonium,703.wav,Harmonium\703.wav,UNEXPECTED_SAMPLE_RATE,3.0,22050,1,CONVERT/RESAMPLE,"SR is 22050, expected 44100"
Harmonium,704.wav,Harmonium\704.wav,UNEXPECTED_SAMPLE_RATE,3.0,22050,1,CONVERT/RESAMPLE,"SR is 22050, expected 44100"
Harmonium,705.wav,Harmonium\705.wav,UNEXPECTED_SAMPLE_RATE,3.0,22050,1,CONVERT/RESAMPLE,"SR is 22050, expected 44100"
Harmonium,706.wav,Harmonium\706.wav,UNEXPECTED_SAMPLE_RATE,3.0,22050,1,CONVERT/RESAMPLE,"SR is 22050, expected 44100"
Harmonium,707.wav,Harmonium\707.wav,UNEXPECTED_SAMPLE_RATE,3.0,22050,1,CONVERT/RESAMPLE,"SR is 22050, expected 44100"
Harmonium,708.wav,Harmonium\708.wav,UNEXPECTED_SAMPLE_RATE,3.0,22050,1,CONVERT/RESAMPLE,"SR is 22050, expected 44100"
Harmonium,709.wav,Harmonium\709.wav,UNEXPECTED_SAMPLE_RATE,3.0,22050,1,CONVERT/RESAMPLE,"SR is 22050, expected 44100"
Harmonium,71.wav,Harmonium\71.wav,UNEXPECTED_SAMPLE_RATE,3.0,22050,1,CONVERT/RESAMPLE,"SR is 22050, expected 44100"
Harmonium,710.wav,Harmonium\710.wav,UNEXPECTED_SAMPLE_RATE,3.0,22050,1,CONVERT/RESAMPLE,"SR is 22050, expected 44100"
Harmonium,711.wav,Harmonium\711.wav,UNEXPECTED_SAMPLE_RATE,3.0,22050,1,CONVERT/RESAMPLE,"SR is 22050, expected 44100"
Harmonium,712.wav,Harmonium\712.wav,UNEXPECTED_SAMPLE_RATE,3.0,22050,1,CONVERT/RESAMPLE,"SR is 22050, expected 44100"
Harmonium,713.wav,Harmonium\713.wav,UNEXPECTED_SAMPLE_RATE,3.0,22050,1,CONVERT/RESAMPLE,"SR is 22050, expected 44100"
Harmonium,714.wav,Harmonium\714.wav,UNEXPECTED_SAMPLE_RATE,3.0,22050,1,CONVERT/RESAMPLE,"SR is 22050, expected 44100"
Harmonium,715.wav,Harmonium\715.wav,UNEXPECTED_SAMPLE_RATE,3.0,22050,1,CONVERT/RESAMPLE,"SR is 22050, expected 44100"
Harmonium,716.wav,Harmonium\716.wav,UNEXPECTED_SAMPLE_RATE,3.0,22050,1,CONVERT/RESAMPLE,"SR is 22050, expected 44100"
Harmonium,717.wav,Harmonium\717.wav,UNEXPECTED_SAMPLE_RATE,3.0,22050,1,CONVERT/RESAMPLE,"SR is 22050, expected 44100"
Harmonium,718.wav,Harmonium\718.wav,UNEXPECTED_SAMPLE_RATE,3.0,22050,1,CONVERT/RESAMPLE,"SR is 22050, expected 44100"
Harmonium,719.wav,Harmonium\719.wav,UNEXPECTED_SAMPLE_RATE,3.0,22050,1,CONVERT/RESAMPLE,"SR is 22050, expected 44100"
Harmonium,72.wav,Harmonium\72.wav,UNEXPECTED_SAMPLE_RATE,3.0,22050,1,CONVERT/RESAMPLE,"SR is 22050, expected 44100"
Harmonium,720.wav,Harmonium\720.wav,UNEXPECTED_SAMPLE_RATE,3.0,22050,1,CONVERT/RESAMPLE,"SR is 22050, expected 44100"
Harmonium,721.wav,Harmonium\721.wav,UNEXPECTED_SAMPLE_RATE,3.0,22050,1,CONVERT/RESAMPLE,"SR is 22050, expected 44100"
Harmonium,722.wav,Harmonium\722.wav,UNEXPECTED_SAMPLE_RATE,3.0,22050,1,CONVERT/RESAMPLE,"SR is 22050, expected 44100"
Harmonium,723.wav,Harmonium\723.wav,UNEXPECTED_SAMPLE_RATE,3.0,22050,1,CONVERT/RESAMPLE,"SR is 22050, expected 44100"
Harmonium,724.wav,Harmonium\724.wav,UNEXPECTED_SAMPLE_RATE,3.0,22050,1,CONVERT/RESAMPLE,"SR is 22050, expected 44100"
Harmonium,725.wav,Harmonium\725.wav,UNEXPECTED_SAMPLE_RATE,3.0,22050,1,CONVERT/RESAMPLE,"SR is 22050, expected 44100"
Harmonium,726.wav,Harmonium\726.wav,UNEXPECTED_SAMPLE_RATE,3.0,22050,1,CONVERT/RESAMPLE,"SR is 22050, expected 44100"
Harmonium,727.wav,Harmonium\727.wav,UNEXPECTED_SAMPLE_RATE,3.0,22050,1,CONVERT/RESAMPLE,"SR is 22050, expected 44100"
Harmonium,728.wav,Harmonium\728.wav,UNEXPECTED_SAMPLE_RATE,3.0,22050,1,CONVERT/RESAMPLE,"SR is 22050, expected 44100"
Harmonium,729.wav,Harmonium\729.wav,UNEXPECTED_SAMPLE_RATE,3.0,22050,1,CONVERT/RESAMPLE,"SR is 22050, expected 44100"
Harmonium,73.wav,Harmonium\73.wav,UNEXPECTED_SAMPLE_RATE,3.0,22050,1,CONVERT/RESAMPLE,"SR is 22050, expected 44100"
Harmonium,730.wav,Harmonium\730.wav,UNEXPECTED_SAMPLE_RATE,3.0,22050,1,CONVERT/RESAMPLE,"SR is 22050, expected 44100"
Harmonium,731.wav,Harmonium\731.wav,UNEXPECTED_SAMPLE_RATE,3.0,22050,1,CONVERT/RESAMPLE,"SR is 22050, expected 44100"
Harmonium,732.wav,Harmonium\732.wav,UNEXPECTED_SAMPLE_RATE,3.0,22050,1,CONVERT/RESAMPLE,"SR is 22050, expected 44100"
Harmonium,733.wav,Harmonium\733.wav,UNEXPECTED_SAMPLE_RATE,3.0,22050,1,CONVERT/RESAMPLE,"SR is 22050, expected 44100"
Harmonium,734.wav,Harmonium\734.wav,UNEXPECTED_SAMPLE_RATE,3.0,22050,1,CONVERT/RESAMPLE,"SR is 22050, expected 44100"
Harmonium,735.wav,Harmonium\735.wav,UNEXPECTED_SAMPLE_RATE,3.0,22050,1,CONVERT/RESAMPLE,"SR is 22050, expected 44100"
Harmonium,736.wav,Harmonium\736.wav,UNEXPECTED_SAMPLE_RATE,3.0,22050,1,CONVERT/RESAMPLE,"SR is 22050, expected 44100"
Harmonium,737.wav,Harmonium\737.wav,UNEXPECTED_SAMPLE_RATE,3.0,22050,1,CONVERT/RESAMPLE,"SR is 22050, expected 44100"
Harmonium,738.wav,Harmonium\738.wav,UNEXPECTED_SAMPLE_RATE,3.0,22050,1,CONVERT/RESAMPLE,"SR is 22050, expected 44100"
Harmonium,739.wav,Harmonium\739.wav,UNEXPECTED_SAMPLE_RATE,3.0,22050,1,CONVERT/RESAMPLE,"SR is 22050, expected 44100"
Harmonium,74.wav,Harmonium\74.wav,UNEXPECTED_SAMPLE_RATE,3.0,22050,1,CONVERT/RESAMPLE,"SR is 22050, expected 44100"
Harmonium,740.wav,Harmonium\740.wav,UNEXPECTED_SAMPLE_RATE,3.0,22050,1,CONVERT/RESAMPLE,"SR is 22050, expected 44100"
Harmonium,741.wav,Harmonium\741.wav,UNEXPECTED_SAMPLE_RATE,3.0,22050,1,CONVERT/RESAMPLE,"SR is 22050, expected 44100"
Harmonium,742.wav,Harmonium\742.wav,UNEXPECTED_SAMPLE_RATE,3.0,22050,1,CONVERT/RESAMPLE,"SR is 22050, expected 44100"
Harmonium,743.wav,Harmonium\743.wav,UNEXPECTED_SAMPLE_RATE,3.0,22050,1,CONVERT/RESAMPLE,"SR is 22050, expected 44100"
Harmonium,744.wav,Harmonium\744.wav,UNEXPECTED_SAMPLE_RATE,3.0,22050,1,CONVERT/RESAMPLE,"SR is 22050, expected 44100"
Harmonium,745.wav,Harmonium\745.wav,UNEXPECTED_SAMPLE_RATE,3.0,22050,1,CONVERT/RESAMPLE,"SR is 22050, expected 44100"
Harmonium,746.wav,Harmonium\746.wav,UNEXPECTED_SAMPLE_RATE,3.0,22050,1,CONVERT/RESAMPLE,"SR is 22050, expected 44100"
Harmonium,747.wav,Harmonium\747.wav,UNEXPECTED_SAMPLE_RATE,3.0,22050,1,CONVERT/RESAMPLE,"SR is 22050, expected 44100"
Harmonium,748.wav,Harmonium\748.wav,UNEXPECTED_SAMPLE_RATE,3.0,22050,1,CONVERT/RESAMPLE,"SR is 22050, expected 44100"
Harmonium,749.wav,Harmonium\749.wav,UNEXPECTED_SAMPLE_RATE,3.0,22050,1,CONVERT/RESAMPLE,"SR is 22050, expected 44100"
Harmonium,75.wav,Harmonium\75.wav,UNEXPECTED_SAMPLE_RATE,3.0,22050,1,CONVERT/RESAMPLE,"SR is 22050, expected 44100"
Harmonium,750.wav,Harmonium\750.wav,UNEXPECTED_SAMPLE_RATE,3.0,22050,1,CONVERT/RESAMPLE,"SR is 22050, expected 44100"
Harmonium,751.wav,Harmonium\751.wav,UNEXPECTED_SAMPLE_RATE,3.0,22050,1,CONVERT/RESAMPLE,"SR is 22050, expected 44100"
Harmonium,752.wav,Harmonium\752.wav,UNEXPECTED_SAMPLE_RATE,3.0,22050,1,CONVERT/RESAMPLE,"SR is 22050, expected 44100"
Harmonium,753.wav,Harmonium\753.wav,UNEXPECTED_SAMPLE_RATE,3.0,22050,1,CONVERT/RESAMPLE,"SR is 22050, expected 44100"
Harmonium,754.wav,Harmonium\754.wav,UNEXPECTED_SAMPLE_RATE,3.0,22050,1,CONVERT/RESAMPLE,"SR is 22050, expected 44100"
Harmonium,755.wav,Harmonium\755.wav,UNEXPECTED_SAMPLE_RATE,3.0,22050,1,CONVERT/RESAMPLE,"SR is 22050, expected 44100"
Harmonium,756.wav,Harmonium\756.wav,UNEXPECTED_SAMPLE_RATE,3.0,22050,1,CONVERT/RESAMPLE,"SR is 22050, expected 44100"
Harmonium,757.wav,Harmonium\757.wav,UNEXPECTED_SAMPLE_RATE,3.0,22050,1,CONVERT/RESAMPLE,"SR is 22050, expected 44100"
Harmonium,758.wav,Harmonium\758.wav,UNEXPECTED_SAMPLE_RATE,3.0,22050,1,CONVERT/RESAMPLE,"SR is 22050, expected 44100"
Harmonium,759.wav,Harmonium\759.wav,UNEXPECTED_SAMPLE_RATE,3.0,22050,1,CONVERT/RESAMPLE,"SR is 22050, expected 44100"
Harmonium,76.wav,Harmonium\76.wav,UNEXPECTED_SAMPLE_RATE,3.0,22050,1,CONVERT/RESAMPLE,"SR is 22050, expected 44100"
Harmonium,760.wav,Harmonium\760.wav,UNEXPECTED_SAMPLE_RATE,3.0,22050,1,CONVERT/RESAMPLE,"SR is 22050, expected 44100"
Harmonium,761.wav,Harmonium\761.wav,UNEXPECTED_SAMPLE_RATE,3.0,22050,1,CONVERT/RESAMPLE,"SR is 22050, expected 44100"
Harmonium,762.wav,Harmonium\762.wav,UNEXPECTED_SAMPLE_RATE,3.0,22050,1,CONVERT/RESAMPLE,"SR is 22050, expected 44100"
Harmonium,763.wav,Harmonium\763.wav,UNEXPECTED_SAMPLE_RATE,3.0,22050,1,CONVERT/RESAMPLE,"SR is 22050, expected 44100"
Harmonium,764.wav,Harmonium\764.wav,UNEXPECTED_SAMPLE_RATE,3.0,22050,1,CONVERT/RESAMPLE,"SR is 22050, expected 44100"
Harmonium,765.wav,Harmonium\765.wav,UNEXPECTED_SAMPLE_RATE,3.0,22050,1,CONVERT/RESAMPLE,"SR is 22050, expected 44100"
Harmonium,766.wav,Harmonium\766.wav,UNEXPECTED_SAMPLE_RATE,3.0,22050,1,CONVERT/RESAMPLE,"SR is 22050, expected 44100"
Harmonium,767.wav,Harmonium\767.wav,UNEXPECTED_SAMPLE_RATE,3.0,22050,1,CONVERT/RESAMPLE,"SR is 22050, expected 44100"
Harmonium,768.wav,Harmonium\768.wav,UNEXPECTED_SAMPLE_RATE,3.0,22050,1,CONVERT/RESAMPLE,"SR is 22050, expected 44100"
Harmonium,769.wav,Harmonium\769.wav,UNEXPECTED_SAMPLE_RATE,3.0,22050,1,CONVERT/RESAMPLE,"SR is 22050, expected 44100"
Harmonium,77.wav,Harmonium\77.wav,UNEXPECTED_SAMPLE_RATE,3.0,22050,1,CONVERT/RESAMPLE,"SR is 22050, expected 44100"
Harmonium,770.wav,Harmonium\770.wav,UNEXPECTED_SAMPLE_RATE,3.0,22050,1,CONVERT/RESAMPLE,"SR is 22050, expected 44100"
Harmonium,771.wav,Harmonium\771.wav,UNEXPECTED_SAMPLE_RATE,3.0,22050,1,CONVERT/RESAMPLE,"SR is 22050, expected 44100"
Harmonium,772.wav,Harmonium\772.wav,UNEXPECTED_SAMPLE_RATE,3.0,22050,1,CONVERT/RESAMPLE,"SR is 22050, expected 44100"
Harmonium,773.wav,Harmonium\773.wav,UNEXPECTED_SAMPLE_RATE,3.0,22050,1,CONVERT/RESAMPLE,"SR is 22050, expected 44100"
Harmonium,774.wav,Harmonium\774.wav,UNEXPECTED_SAMPLE_RATE,3.0,22050,1,CONVERT/RESAMPLE,"SR is 22050, expected 44100"
Harmonium,775.wav,Harmonium\775.wav,UNEXPECTED_SAMPLE_RATE,3.0,22050,1,CONVERT/RESAMPLE,"SR is 22050, expected 44100"
Harmonium,776.wav,Harmonium\776.wav,UNEXPECTED_SAMPLE_RATE,3.0,22050,1,CONVERT/RESAMPLE,"SR is 22050, expected 44100"
Harmonium,777.wav,Harmonium\777.wav,UNEXPECTED_SAMPLE_RATE,3.0,22050,1,CONVERT/RESAMPLE,"SR is 22050, expected 44100"
Harmonium,778.wav,Harmonium\778.wav,UNEXPECTED_SAMPLE_RATE,3.0,22050,1,CONVERT/RESAMPLE,"SR is 22050, expected 44100"
Harmonium,779.wav,Harmonium\779.wav,UNEXPECTED_SAMPLE_RATE,3.0,22050,1,CONVERT/RESAMPLE,"SR is 22050, expected 44100"
Harmonium,78.wav,Harmonium\78.wav,UNEXPECTED_SAMPLE_RATE,3.0,22050,1,CONVERT/RESAMPLE,"SR is 22050, expected 44100"
Harmonium,780.wav,Harmonium\780.wav,UNEXPECTED_SAMPLE_RATE,3.0,22050,1,CONVERT/RESAMPLE,"SR is 22050, expected 44100"
Harmonium,781.wav,Harmonium\781.wav,UNEXPECTED_SAMPLE_RATE,3.0,22050,1,CONVERT/RESAMPLE,"SR is 22050, expected 44100"
Harmonium,782.wav,Harmonium\782.wav,UNEXPECTED_SAMPLE_RATE,3.0,22050,1,CONVERT/RESAMPLE,"SR is 22050, expected 44100"
Harmonium,783.wav,Harmonium\783.wav,UNEXPECTED_SAMPLE_RATE,3.0,22050,1,CONVERT/RESAMPLE,"SR is 22050, expected 44100"
Harmonium,784.wav,Harmonium\784.wav,UNEXPECTED_SAMPLE_RATE,3.0,22050,1,CONVERT/RESAMPLE,"SR is 22050, expected 44100"
Harmonium,785.wav,Harmonium\785.wav,UNEXPECTED_SAMPLE_RATE,3.0,22050,1,CONVERT/RESAMPLE,"SR is 22050, expected 44100"
Harmonium,786.wav,Harmonium\786.wav,UNEXPECTED_SAMPLE_RATE,3.0,22050,1,CONVERT/RESAMPLE,"SR is 22050, expected 44100"
Harmonium,787.wav,Harmonium\787.wav,UNEXPECTED_SAMPLE_RATE,3.0,22050,1,CONVERT/RESAMPLE,"SR is 22050, expected 44100"
Harmonium,788.wav,Harmonium\788.wav,UNEXPECTED_SAMPLE_RATE,3.0,22050,1,CONVERT/RESAMPLE,"SR is 22050, expected 44100"
Harmonium,789.wav,Harmonium\789.wav,UNEXPECTED_SAMPLE_RATE,3.0,22050,1,CONVERT/RESAMPLE,"SR is 22050, expected 44100"
Harmonium,79.wav,Harmonium\79.wav,UNEXPECTED_SAMPLE_RATE,3.0,22050,1,CONVERT/RESAMPLE,"SR is 22050, expected 44100"
Harmonium,790.wav,Harmonium\790.wav,UNEXPECTED_SAMPLE_RATE,3.0,22050,1,CONVERT/RESAMPLE,"SR is 22050, expected 44100"
Harmonium,791.wav,Harmonium\791.wav,UNEXPECTED_SAMPLE_RATE,3.0,22050,1,CONVERT/RESAMPLE,"SR is 22050, expected 44100"
Harmonium,792.wav,Harmonium\792.wav,UNEXPECTED_SAMPLE_RATE,3.0,22050,1,CONVERT/RESAMPLE,"SR is 22050, expected 44100"
Harmonium,793.wav,Harmonium\793.wav,UNEXPECTED_SAMPLE_RATE,3.0,22050,1,CONVERT/RESAMPLE,"SR is 22050, expected 44100"
Harmonium,794.wav,Harmonium\794.wav,UNEXPECTED_SAMPLE_RATE,3.0,22050,1,CONVERT/RESAMPLE,"SR is 22050, expected 44100"
Harmonium,795.wav,Harmonium\795.wav,UNEXPECTED_SAMPLE_RATE,3.0,22050,1,CONVERT/RESAMPLE,"SR is 22050, expected 44100"
Harmonium,796.wav,Harmonium\796.wav,UNEXPECTED_SAMPLE_RATE,3.0,22050,1,CONVERT/RESAMPLE,"SR is 22050, expected 44100"
Harmonium,797.wav,Harmonium\797.wav,UNEXPECTED_SAMPLE_RATE,3.0,22050,1,CONVERT/RESAMPLE,"SR is 22050, expected 44100"
Harmonium,798.wav,Harmonium\798.wav,UNEXPECTED_SAMPLE_RATE,3.0,22050,1,CONVERT/RESAMPLE,"SR is 22050, expected 44100"
Harmonium,799.wav,Harmonium\799.wav,UNEXPECTED_SAMPLE_RATE,3.0,22050,1,CONVERT/RESAMPLE,"SR is 22050, expected 44100"
Harmonium,8.wav,Harmonium\8.wav,UNEXPECTED_SAMPLE_RATE,3.0,22050,1,CONVERT/RESAMPLE,"SR is 22050, expected 44100"
Harmonium,80.wav,Harmonium\80.wav,UNEXPECTED_SAMPLE_RATE,3.0,22050,1,CONVERT/RESAMPLE,"SR is 22050, expected 44100"
Harmonium,800.wav,Harmonium\800.wav,UNEXPECTED_SAMPLE_RATE,3.0,22050,1,CONVERT/RESAMPLE,"SR is 22050, expected 44100"
Harmonium,801.wav,Harmonium\801.wav,UNEXPECTED_SAMPLE_RATE,3.0,22050,1,CONVERT/RESAMPLE,"SR is 22050, expected 44100"
Harmonium,802.wav,Harmonium\802.wav,UNEXPECTED_SAMPLE_RATE,3.0,22050,1,CONVERT/RESAMPLE,"SR is 22050, expected 44100"
Harmonium,803.wav,Harmonium\803.wav,UNEXPECTED_SAMPLE_RATE,3.0,22050,1,CONVERT/RESAMPLE,"SR is 22050, expected 44100"
Harmonium,804.wav,Harmonium\804.wav,UNEXPECTED_SAMPLE_RATE,3.0,22050,1,CONVERT/RESAMPLE,"SR is 22050, expected 44100"
Harmonium,805.wav,Harmonium\805.wav,UNEXPECTED_SAMPLE_RATE,3.0,22050,1,CONVERT/RESAMPLE,"SR is 22050, expected 44100"
Harmonium,806.wav,Harmonium\806.wav,UNEXPECTED_SAMPLE_RATE,3.0,22050,1,CONVERT/RESAMPLE,"SR is 22050, expected 44100"
Harmonium,807.wav,Harmonium\807.wav,UNEXPECTED_SAMPLE_RATE,3.0,22050,1,CONVERT/RESAMPLE,"SR is 22050, expected 44100"
Harmonium,808.wav,Harmonium\808.wav,UNEXPECTED_SAMPLE_RATE,3.0,22050,1,CONVERT/RESAMPLE,"SR is 22050, expected 44100"
Harmonium,809.wav,Harmonium\809.wav,UNEXPECTED_SAMPLE_RATE,3.0,22050,1,CONVERT/RESAMPLE,"SR is 22050, expected 44100"
Harmonium,81.wav,Harmonium\81.wav,UNEXPECTED_SAMPLE_RATE,3.0,22050,1,CONVERT/RESAMPLE,"SR is 22050, expected 44100"
Harmonium,810.wav,Harmonium\810.wav,UNEXPECTED_SAMPLE_RATE,3.0,22050,1,CONVERT/RESAMPLE,"SR is 22050, expected 44100"
Harmonium,811.wav,Harmonium\811.wav,UNEXPECTED_SAMPLE_RATE,3.0,22050,1,CONVERT/RESAMPLE,"SR is 22050, expected 44100"
Harmonium,812.wav,Harmonium\812.wav,UNEXPECTED_SAMPLE_RATE,3.0,22050,1,CONVERT/RESAMPLE,"SR is 22050, expected 44100"
Harmonium,813.wav,Harmonium\813.wav,UNEXPECTED_SAMPLE_RATE,3.0,22050,1,CONVERT/RESAMPLE,"SR is 22050, expected 44100"
Harmonium,814.wav,Harmonium\814.wav,UNEXPECTED_SAMPLE_RATE,3.0,22050,1,CONVERT/RESAMPLE,"SR is 22050, expected 44100"
Harmonium,815.wav,Harmonium\815.wav,UNEXPECTED_SAMPLE_RATE,3.0,22050,1,CONVERT/RESAMPLE,"SR is 22050, expected 44100"
Harmonium,816.wav,Harmonium\816.wav,UNEXPECTED_SAMPLE_RATE,3.0,22050,1,CONVERT/RESAMPLE,"SR is 22050, expected 44100"
Harmonium,817.wav,Harmonium\817.wav,UNEXPECTED_SAMPLE_RATE,3.0,22050,1,CONVERT/RESAMPLE,"SR is 22050, expected 44100"
Harmonium,818.wav,Harmonium\818.wav,UNEXPECTED_SAMPLE_RATE,3.0,22050,1,CONVERT/RESAMPLE,"SR is 22050, expected 44100"
Harmonium,819.wav,Harmonium\819.wav,UNEXPECTED_SAMPLE_RATE,3.0,22050,1,CONVERT/RESAMPLE,"SR is 22050, expected 44100"
Harmonium,82.wav,Harmonium\82.wav,UNEXPECTED_SAMPLE_RATE,3.0,22050,1,CONVERT/RESAMPLE,"SR is 22050, expected 44100"
Harmonium,820.wav,Harmonium\820.wav,UNEXPECTED_SAMPLE_RATE,3.0,22050,1,CONVERT/RESAMPLE,"SR is 22050, expected 44100"
Harmonium,821.wav,Harmonium\821.wav,UNEXPECTED_SAMPLE_RATE,3.0,22050,1,CONVERT/RESAMPLE,"SR is 22050, expected 44100"
Harmonium,822.wav,Harmonium\822.wav,UNEXPECTED_SAMPLE_RATE,3.0,22050,1,CONVERT/RESAMPLE,"SR is 22050, expected 44100"
Harmonium,823.wav,Harmonium\823.wav,UNEXPECTED_SAMPLE_RATE,3.0,22050,1,CONVERT/RESAMPLE,"SR is 22050, expected 44100"
Harmonium,824.wav,Harmonium\824.wav,UNEXPECTED_SAMPLE_RATE,3.0,22050,1,CONVERT/RESAMPLE,"SR is 22050, expected 44100"
Harmonium,825.wav,Harmonium\825.wav,UNEXPECTED_SAMPLE_RATE,3.0,22050,1,CONVERT/RESAMPLE,"SR is 22050, expected 44100"
Harmonium,826.wav,Harmonium\826.wav,UNEXPECTED_SAMPLE_RATE,3.0,22050,1,CONVERT/RESAMPLE,"SR is 22050, expected 44100"
Harmonium,827.wav,Harmonium\827.wav,UNEXPECTED_SAMPLE_RATE,3.0,22050,1,CONVERT/RESAMPLE,"SR is 22050, expected 44100"
Harmonium,828.wav,Harmonium\828.wav,UNEXPECTED_SAMPLE_RATE,3.0,22050,1,CONVERT/RESAMPLE,"SR is 22050, expected 44100"
Harmonium,829.wav,Harmonium\829.wav,UNEXPECTED_SAMPLE_RATE,3.0,22050,1,CONVERT/RESAMPLE,"SR is 22050, expected 44100"
Harmonium,83.wav,Harmonium\83.wav,UNEXPECTED_SAMPLE_RATE,3.0,22050,1,CONVERT/RESAMPLE,"SR is 22050, expected 44100"
Harmonium,830.wav,Harmonium\830.wav,UNEXPECTED_SAMPLE_RATE,3.0,22050,1,CONVERT/RESAMPLE,"SR is 22050, expected 44100"
Harmonium,831.wav,Harmonium\831.wav,UNEXPECTED_SAMPLE_RATE,3.0,22050,1,CONVERT/RESAMPLE,"SR is 22050, expected 44100"
Harmonium,832.wav,Harmonium\832.wav,UNEXPECTED_SAMPLE_RATE,3.0,22050,1,CONVERT/RESAMPLE,"SR is 22050, expected 44100"
Harmonium,833.wav,Harmonium\833.wav,UNEXPECTED_SAMPLE_RATE,3.0,22050,1,CONVERT/RESAMPLE,"SR is 22050, expected 44100"
Harmonium,834.wav,Harmonium\834.wav,UNEXPECTED_SAMPLE_RATE,3.0,22050,1,CONVERT/RESAMPLE,"SR is 22050, expected 44100"
Harmonium,835.wav,Harmonium\835.wav,UNEXPECTED_SAMPLE_RATE,3.0,22050,1,CONVERT/RESAMPLE,"SR is 22050, expected 44100"
Harmonium,836.wav,Harmonium\836.wav,UNEXPECTED_SAMPLE_RATE,3.0,22050,1,CONVERT/RESAMPLE,"SR is 22050, expected 44100"
Harmonium,837.wav,Harmonium\837.wav,UNEXPECTED_SAMPLE_RATE,3.0,22050,1,CONVERT/RESAMPLE,"SR is 22050, expected 44100"
Harmonium,838.wav,Harmonium\838.wav,UNEXPECTED_SAMPLE_RATE,3.0,22050,1,CONVERT/RESAMPLE,"SR is 22050, expected 44100"
Harmonium,839.wav,Harmonium\839.wav,UNEXPECTED_SAMPLE_RATE,3.0,22050,1,CONVERT/RESAMPLE,"SR is 22050, expected 44100"
Harmonium,84.wav,Harmonium\84.wav,UNEXPECTED_SAMPLE_RATE,3.0,22050,1,CONVERT/RESAMPLE,"SR is 22050, expected 44100"
Harmonium,840.wav,Harmonium\840.wav,UNEXPECTED_SAMPLE_RATE,3.0,22050,1,CONVERT/RESAMPLE,"SR is 22050, expected 44100"
Harmonium,841.wav,Harmonium\841.wav,UNEXPECTED_SAMPLE_RATE,3.0,22050,1,CONVERT/RESAMPLE,"SR is 22050, expected 44100"
Harmonium,842.wav,Harmonium\842.wav,UNEXPECTED_SAMPLE_RATE,3.0,22050,1,CONVERT/RESAMPLE,"SR is 22050, expected 44100"
Harmonium,843.wav,Harmonium\843.wav,UNEXPECTED_SAMPLE_RATE,3.0,22050,1,CONVERT/RESAMPLE,"SR is 22050, expected 44100"
Harmonium,844.wav,Harmonium\844.wav,UNEXPECTED_SAMPLE_RATE,3.0,22050,1,CONVERT/RESAMPLE,"SR is 22050, expected 44100"
Harmonium,845.wav,Harmonium\845.wav,UNEXPECTED_SAMPLE_RATE,3.0,22050,1,CONVERT/RESAMPLE,"SR is 22050, expected 44100"
Harmonium,846.wav,Harmonium\846.wav,UNEXPECTED_SAMPLE_RATE,3.0,22050,1,CONVERT/RESAMPLE,"SR is 22050, expected 44100"
Harmonium,847.wav,Harmonium\847.wav,UNEXPECTED_SAMPLE_RATE,3.0,22050,1,CONVERT/RESAMPLE,"SR is 22050, expected 44100"
Harmonium,848.wav,Harmonium\848.wav,UNEXPECTED_SAMPLE_RATE,3.0,22050,1,CONVERT/RESAMPLE,"SR is 22050, expected 44100"
Harmonium,849.wav,Harmonium\849.wav,UNEXPECTED_SAMPLE_RATE,3.0,22050,1,CONVERT/RESAMPLE,"SR is 22050, expected 44100"
Harmonium,85.wav,Harmonium\85.wav,UNEXPECTED_SAMPLE_RATE,3.0,22050,1,CONVERT/RESAMPLE,"SR is 22050, expected 44100"
Harmonium,850.wav,Harmonium\850.wav,UNEXPECTED_SAMPLE_RATE,3.0,22050,1,CONVERT/RESAMPLE,"SR is 22050, expected 44100"
Harmonium,851.wav,Harmonium\851.wav,UNEXPECTED_SAMPLE_RATE,3.0,22050,1,CONVERT/RESAMPLE,"SR is 22050, expected 44100"
Harmonium,852.wav,Harmonium\852.wav,UNEXPECTED_SAMPLE_RATE,3.0,22050,1,CONVERT/RESAMPLE,"SR is 22050, expected 44100"
Harmonium,853.wav,Harmonium\853.wav,UNEXPECTED_SAMPLE_RATE,3.0,22050,1,CONVERT/RESAMPLE,"SR is 22050, expected 44100"
Harmonium,854.wav,Harmonium\854.wav,UNEXPECTED_SAMPLE_RATE,3.0,22050,1,CONVERT/RESAMPLE,"SR is 22050, expected 44100"
Harmonium,855.wav,Harmonium\855.wav,UNEXPECTED_SAMPLE_RATE,3.0,22050,1,CONVERT/RESAMPLE,"SR is 22050, expected 44100"
Harmonium,856.wav,Harmonium\856.wav,UNEXPECTED_SAMPLE_RATE,3.0,22050,1,CONVERT/RESAMPLE,"SR is 22050, expected 44100"
Harmonium,857.wav,Harmonium\857.wav,UNEXPECTED_SAMPLE_RATE,3.0,22050,1,CONVERT/RESAMPLE,"SR is 22050, expected 44100"
Harmonium,858.wav,Harmonium\858.wav,UNEXPECTED_SAMPLE_RATE,3.0,22050,1,CONVERT/RESAMPLE,"SR is 22050, expected 44100"
Harmonium,859.wav,Harmonium\859.wav,UNEXPECTED_SAMPLE_RATE,3.0,22050,1,CONVERT/RESAMPLE,"SR is 22050, expected 44100"
Harmonium,86.wav,Harmonium\86.wav,UNEXPECTED_SAMPLE_RATE,3.0,22050,1,CONVERT/RESAMPLE,"SR is 22050, expected 44100"
Harmonium,860.wav,Harmonium\860.wav,UNEXPECTED_SAMPLE_RATE,3.0,22050,1,CONVERT/RESAMPLE,"SR is 22050, expected 44100"
Harmonium,861.wav,Harmonium\861.wav,UNEXPECTED_SAMPLE_RATE,3.0,22050,1,CONVERT/RESAMPLE,"SR is 22050, expected 44100"
Harmonium,862.wav,Harmonium\862.wav,UNEXPECTED_SAMPLE_RATE,3.0,22050,1,CONVERT/RESAMPLE,"SR is 22050, expected 44100"
Harmonium,863.wav,Harmonium\863.wav,UNEXPECTED_SAMPLE_RATE,3.0,22050,1,CONVERT/RESAMPLE,"SR is 22050, expected 44100"
Harmonium,864.wav,Harmonium\864.wav,UNEXPECTED_SAMPLE_RATE,3.0,22050,1,CONVERT/RESAMPLE,"SR is 22050, expected 44100"
Harmonium,865.wav,Harmonium\865.wav,UNEXPECTED_SAMPLE_RATE,3.0,22050,1,CONVERT/RESAMPLE,"SR is 22050, expected 44100"
Harmonium,866.wav,Harmonium\866.wav,UNEXPECTED_SAMPLE_RATE,3.0,22050,1,CONVERT/RESAMPLE,"SR is 22050, expected 44100"
Harmonium,867.wav,Harmonium\867.wav,UNEXPECTED_SAMPLE_RATE,3.0,22050,1,CONVERT/RESAMPLE,"SR is 22050, expected 44100"
Harmonium,868.wav,Harmonium\868.wav,UNEXPECTED_SAMPLE_RATE,3.0,22050,1,CONVERT/RESAMPLE,"SR is 22050, expected 44100"
Harmonium,869.wav,Harmonium\869.wav,UNEXPECTED_SAMPLE_RATE,3.0,22050,1,CONVERT/RESAMPLE,"SR is 22050, expected 44100"
Harmonium,87.wav,Harmonium\87.wav,UNEXPECTED_SAMPLE_RATE,3.0,22050,1,CONVERT/RESAMPLE,"SR is 22050, expected 44100"
Harmonium,870.wav,Harmonium\870.wav,UNEXPECTED_SAMPLE_RATE,3.0,22050,1,CONVERT/RESAMPLE,"SR is 22050, expected 44100"
Harmonium,871.wav,Harmonium\871.wav,UNEXPECTED_SAMPLE_RATE,3.0,22050,1,CONVERT/RESAMPLE,"SR is 22050, expected 44100"
Harmonium,872.wav,Harmonium\872.wav,UNEXPECTED_SAMPLE_RATE,3.0,22050,1,CONVERT/RESAMPLE,"SR is 22050, expected 44100"
Harmonium,873.wav,Harmonium\873.wav,UNEXPECTED_SAMPLE_RATE,3.0,22050,1,CONVERT/RESAMPLE,"SR is 22050, expected 44100"
Harmonium,874.wav,Harmonium\874.wav,UNEXPECTED_SAMPLE_RATE,3.0,22050,1,CONVERT/RESAMPLE,"SR is 22050, expected 44100"
Harmonium,875.wav,Harmonium\875.wav,UNEXPECTED_SAMPLE_RATE,3.0,22050,1,CONVERT/RESAMPLE,"SR is 22050, expected 44100"
Harmonium,876.wav,Harmonium\876.wav,UNEXPECTED_SAMPLE_RATE,3.0,22050,1,CONVERT/RESAMPLE,"SR is 22050, expected 44100"
Harmonium,877.wav,Harmonium\877.wav,UNEXPECTED_SAMPLE_RATE,3.0,22050,1,CONVERT/RESAMPLE,"SR is 22050, expected 44100"
Harmonium,878.wav,Harmonium\878.wav,UNEXPECTED_SAMPLE_RATE,3.0,22050,1,CONVERT/RESAMPLE,"SR is 22050, expected 44100"
Harmonium,879.wav,Harmonium\879.wav,UNEXPECTED_SAMPLE_RATE,3.0,22050,1,CONVERT/RESAMPLE,"SR is 22050, expected 44100"
Harmonium,88.wav,Harmonium\88.wav,UNEXPECTED_SAMPLE_RATE,3.0,22050,1,CONVERT/RESAMPLE,"SR is 22050, expected 44100"
Harmonium,880.wav,Harmonium\880.wav,UNEXPECTED_SAMPLE_RATE,3.0,22050,1,CONVERT/RESAMPLE,"SR is 22050, expected 44100"
Harmonium,881.wav,Harmonium\881.wav,UNEXPECTED_SAMPLE_RATE,3.0,22050,1,CONVERT/RESAMPLE,"SR is 22050, expected 44100"
Harmonium,882.wav,Harmonium\882.wav,UNEXPECTED_SAMPLE_RATE,3.0,22050,1,CONVERT/RESAMPLE,"SR is 22050, expected 44100"
Harmonium,883.wav,Harmonium\883.wav,UNEXPECTED_SAMPLE_RATE,3.0,22050,1,CONVERT/RESAMPLE,"SR is 22050, expected 44100"
Harmonium,884.wav,Harmonium\884.wav,UNEXPECTED_SAMPLE_RATE,3.0,22050,1,CONVERT/RESAMPLE,"SR is 22050, expected 44100"
Harmonium,885.wav,Harmonium\885.wav,UNEXPECTED_SAMPLE_RATE,3.0,22050,1,CONVERT/RESAMPLE,"SR is 22050, expected 44100"
Harmonium,886.wav,Harmonium\886.wav,UNEXPECTED_SAMPLE_RATE,3.0,22050,1,CONVERT/RESAMPLE,"SR is 22050, expected 44100"
Harmonium,887.wav,Harmonium\887.wav,UNEXPECTED_SAMPLE_RATE,3.0,22050,1,CONVERT/RESAMPLE,"SR is 22050, expected 44100"
Harmonium,888.wav,Harmonium\888.wav,UNEXPECTED_SAMPLE_RATE,3.0,22050,1,CONVERT/RESAMPLE,"SR is 22050, expected 44100"
Harmonium,889.wav,Harmonium\889.wav,UNEXPECTED_SAMPLE_RATE,3.0,22050,1,CONVERT/RESAMPLE,"SR is 22050, expected 44100"
Harmonium,89.wav,Harmonium\89.wav,UNEXPECTED_SAMPLE_RATE,3.0,22050,1,CONVERT/RESAMPLE,"SR is 22050, expected 44100"
Harmonium,890.wav,Harmonium\890.wav,UNEXPECTED_SAMPLE_RATE,3.0,22050,1,CONVERT/RESAMPLE,"SR is 22050, expected 44100"
Harmonium,891.wav,Harmonium\891.wav,UNEXPECTED_SAMPLE_RATE,3.0,22050,1,CONVERT/RESAMPLE,"SR is 22050, expected 44100"
Harmonium,892.wav,Harmonium\892.wav,UNEXPECTED_SAMPLE_RATE,3.0,22050,1,CONVERT/RESAMPLE,"SR is 22050, expected 44100"
Harmonium,893.wav,Harmonium\893.wav,UNEXPECTED_SAMPLE_RATE,3.0,22050,1,CONVERT/RESAMPLE,"SR is 22050, expected 44100"
Harmonium,894.wav,Harmonium\894.wav,UNEXPECTED_SAMPLE_RATE,3.0,22050,1,CONVERT/RESAMPLE,"SR is 22050, expected 44100"
Harmonium,895.wav,Harmonium\895.wav,UNEXPECTED_SAMPLE_RATE,3.0,22050,1,CONVERT/RESAMPLE,"SR is 22050, expected 44100"
Harmonium,896.wav,Harmonium\896.wav,UNEXPECTED_SAMPLE_RATE,3.0,22050,1,CONVERT/RESAMPLE,"SR is 22050, expected 44100"
Harmonium,897.wav,Harmonium\897.wav,UNEXPECTED_SAMPLE_RATE,3.0,22050,1,CONVERT/RESAMPLE,"SR is 22050, expected 44100"
Harmonium,898.wav,Harmonium\898.wav,UNEXPECTED_SAMPLE_RATE,3.0,22050,1,CONVERT/RESAMPLE,"SR is 22050, expected 44100"
Harmonium,899.wav,Harmonium\899.wav,UNEXPECTED_SAMPLE_RATE,3.0,22050,1,CONVERT/RESAMPLE,"SR is 22050, expected 44100"
Harmonium,9.wav,Harmonium\9.wav,UNEXPECTED_SAMPLE_RATE,3.0,22050,1,CONVERT/RESAMPLE,"SR is 22050, expected 44100"
Harmonium,90.wav,Harmonium\90.wav,UNEXPECTED_SAMPLE_RATE,3.0,22050,1,CONVERT/RESAMPLE,"SR is 22050, expected 44100"
Harmonium,900.wav,Harmonium\900.wav,UNEXPECTED_SAMPLE_RATE,3.0,22050,1,CONVERT/RESAMPLE,"SR is 22050, expected 44100"
Harmonium,901.wav,Harmonium\901.wav,UNEXPECTED_SAMPLE_RATE,3.0,22050,1,CONVERT/RESAMPLE,"SR is 22050, expected 44100"
Harmonium,902.wav,Harmonium\902.wav,UNEXPECTED_SAMPLE_RATE,3.0,22050,1,CONVERT/RESAMPLE,"SR is 22050, expected 44100"
Harmonium,903.wav,Harmonium\903.wav,UNEXPECTED_SAMPLE_RATE,3.0,22050,1,CONVERT/RESAMPLE,"SR is 22050, expected 44100"
Harmonium,904.wav,Harmonium\904.wav,UNEXPECTED_SAMPLE_RATE,3.0,22050,1,CONVERT/RESAMPLE,"SR is 22050, expected 44100"
Harmonium,905.wav,Harmonium\905.wav,UNEXPECTED_SAMPLE_RATE,3.0,22050,1,CONVERT/RESAMPLE,"SR is 22050, expected 44100"
Harmonium,906.wav,Harmonium\906.wav,UNEXPECTED_SAMPLE_RATE,3.0,22050,1,CONVERT/RESAMPLE,"SR is 22050, expected 44100"
Harmonium,907.wav,Harmonium\907.wav,UNEXPECTED_SAMPLE_RATE,3.0,22050,1,CONVERT/RESAMPLE,"SR is 22050, expected 44100"
Harmonium,908.wav,Harmonium\908.wav,UNEXPECTED_SAMPLE_RATE,3.0,22050,1,CONVERT/RESAMPLE,"SR is 22050, expected 44100"
Harmonium,909.wav,Harmonium\909.wav,UNEXPECTED_SAMPLE_RATE,3.0,22050,1,CONVERT/RESAMPLE,"SR is 22050, expected 44100"
Harmonium,91.wav,Harmonium\91.wav,UNEXPECTED_SAMPLE_RATE,3.0,22050,1,CONVERT/RESAMPLE,"SR is 22050, expected 44100"
Harmonium,910.wav,Harmonium\910.wav,UNEXPECTED_SAMPLE_RATE,3.0,22050,1,CONVERT/RESAMPLE,"SR is 22050, expected 44100"
Harmonium,911.wav,Harmonium\911.wav,UNEXPECTED_SAMPLE_RATE,3.0,22050,1,CONVERT/RESAMPLE,"SR is 22050, expected 44100"
Harmonium,912.wav,Harmonium\912.wav,UNEXPECTED_SAMPLE_RATE,3.0,22050,1,CONVERT/RESAMPLE,"SR is 22050, expected 44100"
Harmonium,913.wav,Harmonium\913.wav,UNEXPECTED_SAMPLE_RATE,3.0,22050,1,CONVERT/RESAMPLE,"SR is 22050, expected 44100"
Harmonium,914.wav,Harmonium\914.wav,UNEXPECTED_SAMPLE_RATE,3.0,22050,1,CONVERT/RESAMPLE,"SR is 22050, expected 44100"
Harmonium,915.wav,Harmonium\915.wav,UNEXPECTED_SAMPLE_RATE,3.0,22050,1,CONVERT/RESAMPLE,"SR is 22050, expected 44100"
Harmonium,916.wav,Harmonium\916.wav,UNEXPECTED_SAMPLE_RATE,3.0,22050,1,CONVERT/RESAMPLE,"SR is 22050, expected 44100"
Harmonium,917.wav,Harmonium\917.wav,UNEXPECTED_SAMPLE_RATE,3.0,22050,1,CONVERT/RESAMPLE,"SR is 22050, expected 44100"
Harmonium,918.wav,Harmonium\918.wav,UNEXPECTED_SAMPLE_RATE,3.0,22050,1,CONVERT/RESAMPLE,"SR is 22050, expected 44100"
Harmonium,919.wav,Harmonium\919.wav,UNEXPECTED_SAMPLE_RATE,3.0,22050,1,CONVERT/RESAMPLE,"SR is 22050, expected 44100"
Harmonium,92.wav,Harmonium\92.wav,UNEXPECTED_SAMPLE_RATE,3.0,22050,1,CONVERT/RESAMPLE,"SR is 22050, expected 44100"
Harmonium,920.wav,Harmonium\920.wav,UNEXPECTED_SAMPLE_RATE,3.0,22050,1,CONVERT/RESAMPLE,"SR is 22050, expected 44100"
Harmonium,921.wav,Harmonium\921.wav,UNEXPECTED_SAMPLE_RATE,3.0,22050,1,CONVERT/RESAMPLE,"SR is 22050, expected 44100"
Harmonium,922.wav,Harmonium\922.wav,UNEXPECTED_SAMPLE_RATE,3.0,22050,1,CONVERT/RESAMPLE,"SR is 22050, expected 44100"
Harmonium,923.wav,Harmonium\923.wav,UNEXPECTED_SAMPLE_RATE,3.0,22050,1,CONVERT/RESAMPLE,"SR is 22050, expected 44100"
Harmonium,924.wav,Harmonium\924.wav,UNEXPECTED_SAMPLE_RATE,3.0,22050,1,CONVERT/RESAMPLE,"SR is 22050, expected 44100"
Harmonium,925.wav,Harmonium\925.wav,UNEXPECTED_SAMPLE_RATE,3.0,22050,1,CONVERT/RESAMPLE,"SR is 22050, expected 44100"
Harmonium,926.wav,Harmonium\926.wav,UNEXPECTED_SAMPLE_RATE,3.0,22050,1,CONVERT/RESAMPLE,"SR is 22050, expected 44100"
Harmonium,927.wav,Harmonium\927.wav,UNEXPECTED_SAMPLE_RATE,3.0,22050,1,CONVERT/RESAMPLE,"SR is 22050, expected 44100"
Harmonium,928.wav,Harmonium\928.wav,UNEXPECTED_SAMPLE_RATE,3.0,22050,1,CONVERT/RESAMPLE,"SR is 22050, expected 44100"
Harmonium,929.wav,Harmonium\929.wav,UNEXPECTED_SAMPLE_RATE,3.0,22050,1,CONVERT/RESAMPLE,"SR is 22050, expected 44100"
Harmonium,93.wav,Harmonium\93.wav,UNEXPECTED_SAMPLE_RATE,3.0,22050,1,CONVERT/RESAMPLE,"SR is 22050, expected 44100"
Harmonium,930.wav,Harmonium\930.wav,UNEXPECTED_SAMPLE_RATE,3.0,22050,1,CONVERT/RESAMPLE,"SR is 22050, expected 44100"
Harmonium,931.wav,Harmonium\931.wav,UNEXPECTED_SAMPLE_RATE,3.0,22050,1,CONVERT/RESAMPLE,"SR is 22050, expected 44100"
Harmonium,932.wav,Harmonium\932.wav,UNEXPECTED_SAMPLE_RATE,3.0,22050,1,CONVERT/RESAMPLE,"SR is 22050, expected 44100"
Harmonium,933.wav,Harmonium\933.wav,UNEXPECTED_SAMPLE_RATE,3.0,22050,1,CONVERT/RESAMPLE,"SR is 22050, expected 44100"
Harmonium,934.wav,Harmonium\934.wav,UNEXPECTED_SAMPLE_RATE,3.0,22050,1,CONVERT/RESAMPLE,"SR is 22050, expected 44100"
Harmonium,935.wav,Harmonium\935.wav,UNEXPECTED_SAMPLE_RATE,3.0,22050,1,CONVERT/RESAMPLE,"SR is 22050, expected 44100"
Harmonium,936.wav,Harmonium\936.wav,UNEXPECTED_SAMPLE_RATE,3.0,22050,1,CONVERT/RESAMPLE,"SR is 22050, expected 44100"
Harmonium,937.wav,Harmonium\937.wav,UNEXPECTED_SAMPLE_RATE,3.0,22050,1,CONVERT/RESAMPLE,"SR is 22050, expected 44100"
Harmonium,938.wav,Harmonium\938.wav,UNEXPECTED_SAMPLE_RATE,3.0,22050,1,CONVERT/RESAMPLE,"SR is 22050, expected 44100"
Harmonium,939.wav,Harmonium\939.wav,UNEXPECTED_SAMPLE_RATE,3.0,22050,1,CONVERT/RESAMPLE,"SR is 22050, expected 44100"
Harmonium,94.wav,Harmonium\94.wav,UNEXPECTED_SAMPLE_RATE,3.0,22050,1,CONVERT/RESAMPLE,"SR is 22050, expected 44100"
Harmonium,940.wav,Harmonium\940.wav,UNEXPECTED_SAMPLE_RATE,3.0,22050,1,CONVERT/RESAMPLE,"SR is 22050, expected 44100"
Harmonium,941.wav,Harmonium\941.wav,UNEXPECTED_SAMPLE_RATE,3.0,22050,1,CONVERT/RESAMPLE,"SR is 22050, expected 44100"
Harmonium,942.wav,Harmonium\942.wav,UNEXPECTED_SAMPLE_RATE,3.0,22050,1,CONVERT/RESAMPLE,"SR is 22050, expected 44100"
Harmonium,943.wav,Harmonium\943.wav,UNEXPECTED_SAMPLE_RATE,3.0,22050,1,CONVERT/RESAMPLE,"SR is 22050, expected 44100"
Harmonium,944.wav,Harmonium\944.wav,UNEXPECTED_SAMPLE_RATE,3.0,22050,1,CONVERT/RESAMPLE,"SR is 22050, expected 44100"
Harmonium,945.wav,Harmonium\945.wav,UNEXPECTED_SAMPLE_RATE,3.0,22050,1,CONVERT/RESAMPLE,"SR is 22050, expected 44100"
Harmonium,946.wav,Harmonium\946.wav,UNEXPECTED_SAMPLE_RATE,3.0,22050,1,CONVERT/RESAMPLE,"SR is 22050, expected 44100"
Harmonium,947.wav,Harmonium\947.wav,UNEXPECTED_SAMPLE_RATE,3.0,22050,1,CONVERT/RESAMPLE,"SR is 22050, expected 44100"
Harmonium,948.wav,Harmonium\948.wav,UNEXPECTED_SAMPLE_RATE,3.0,22050,1,CONVERT/RESAMPLE,"SR is 22050, expected 44100"
Harmonium,949.wav,Harmonium\949.wav,UNEXPECTED_SAMPLE_RATE,3.0,22050,1,CONVERT/RESAMPLE,"SR is 22050, expected 44100"
Harmonium,95.wav,Harmonium\95.wav,UNEXPECTED_SAMPLE_RATE,3.0,22050,1,CONVERT/RESAMPLE,"SR is 22050, expected 44100"
Harmonium,950.wav,Harmonium\950.wav,UNEXPECTED_SAMPLE_RATE,3.0,22050,1,CONVERT/RESAMPLE,"SR is 22050, expected 44100"
Harmonium,951.wav,Harmonium\951.wav,UNEXPECTED_SAMPLE_RATE,3.0,22050,1,CONVERT/RESAMPLE,"SR is 22050, expected 44100"
Harmonium,952.wav,Harmonium\952.wav,UNEXPECTED_SAMPLE_RATE,3.0,22050,1,CONVERT/RESAMPLE,"SR is 22050, expected 44100"
Harmonium,953.wav,Harmonium\953.wav,UNEXPECTED_SAMPLE_RATE,3.0,22050,1,CONVERT/RESAMPLE,"SR is 22050, expected 44100"
Harmonium,954.wav,Harmonium\954.wav,UNEXPECTED_SAMPLE_RATE,3.0,22050,1,CONVERT/RESAMPLE,"SR is 22050, expected 44100"
Harmonium,955.wav,Harmonium\955.wav,UNEXPECTED_SAMPLE_RATE,3.0,22050,1,CONVERT/RESAMPLE,"SR is 22050, expected 44100"
Harmonium,956.wav,Harmonium\956.wav,UNEXPECTED_SAMPLE_RATE,3.0,22050,1,CONVERT/RESAMPLE,"SR is 22050, expected 44100"
Harmonium,957.wav,Harmonium\957.wav,UNEXPECTED_SAMPLE_RATE,3.0,22050,1,CONVERT/RESAMPLE,"SR is 22050, expected 44100"
Harmonium,958.wav,Harmonium\958.wav,UNEXPECTED_SAMPLE_RATE,3.0,22050,1,CONVERT/RESAMPLE,"SR is 22050, expected 44100"
Harmonium,959.wav,Harmonium\959.wav,UNEXPECTED_SAMPLE_RATE,3.0,22050,1,CONVERT/RESAMPLE,"SR is 22050, expected 44100"
Harmonium,96.wav,Harmonium\96.wav,UNEXPECTED_SAMPLE_RATE,3.0,22050,1,CONVERT/RESAMPLE,"SR is 22050, expected 44100"
Harmonium,960.wav,Harmonium\960.wav,UNEXPECTED_SAMPLE_RATE,3.0,22050,1,CONVERT/RESAMPLE,"SR is 22050, expected 44100"
Harmonium,961.wav,Harmonium\961.wav,UNEXPECTED_SAMPLE_RATE,3.0,22050,1,CONVERT/RESAMPLE,"SR is 22050, expected 44100"
Harmonium,962.wav,Harmonium\962.wav,UNEXPECTED_SAMPLE_RATE,3.0,22050,1,CONVERT/RESAMPLE,"SR is 22050, expected 44100"
Harmonium,963.wav,Harmonium\963.wav,UNEXPECTED_SAMPLE_RATE,3.0,22050,1,CONVERT/RESAMPLE,"SR is 22050, expected 44100"
Harmonium,964.wav,Harmonium\964.wav,UNEXPECTED_SAMPLE_RATE,3.0,22050,1,CONVERT/RESAMPLE,"SR is 22050, expected 44100"
Harmonium,965.wav,Harmonium\965.wav,UNEXPECTED_SAMPLE_RATE,3.0,22050,1,CONVERT/RESAMPLE,"SR is 22050, expected 44100"
Harmonium,966.wav,Harmonium\966.wav,UNEXPECTED_SAMPLE_RATE,3.0,22050,1,CONVERT/RESAMPLE,"SR is 22050, expected 44100"
Harmonium,967.wav,Harmonium\967.wav,UNEXPECTED_SAMPLE_RATE,3.0,22050,1,CONVERT/RESAMPLE,"SR is 22050, expected 44100"
Harmonium,968.wav,Harmonium\968.wav,UNEXPECTED_SAMPLE_RATE,3.0,22050,1,CONVERT/RESAMPLE,"SR is 22050, expected 44100"
Harmonium,969.wav,Harmonium\969.wav,UNEXPECTED_SAMPLE_RATE,3.0,22050,1,CONVERT/RESAMPLE,"SR is 22050, expected 44100"
Harmonium,97.wav,Harmonium\97.wav,UNEXPECTED_SAMPLE_RATE,3.0,22050,1,CONVERT/RESAMPLE,"SR is 22050, expected 44100"
Harmonium,970.wav,Harmonium\970.wav,UNEXPECTED_SAMPLE_RATE,3.0,22050,1,CONVERT/RESAMPLE,"SR is 22050, expected 44100"
Harmonium,971.wav,Harmonium\971.wav,UNEXPECTED_SAMPLE_RATE,3.0,22050,1,CONVERT/RESAMPLE,"SR is 22050, expected 44100"
Harmonium,972.wav,Harmonium\972.wav,UNEXPECTED_SAMPLE_RATE,3.0,22050,1,CONVERT/RESAMPLE,"SR is 22050, expected 44100"
Harmonium,973.wav,Harmonium\973.wav,UNEXPECTED_SAMPLE_RATE,3.0,22050,1,CONVERT/RESAMPLE,"SR is 22050, expected 44100"
Harmonium,974.wav,Harmonium\974.wav,UNEXPECTED_SAMPLE_RATE,3.0,22050,1,CONVERT/RESAMPLE,"SR is 22050, expected 44100"
Harmonium,975.wav,Harmonium\975.wav,UNEXPECTED_SAMPLE_RATE,3.0,22050,1,CONVERT/RESAMPLE,"SR is 22050, expected 44100"
Harmonium,976.wav,Harmonium\976.wav,UNEXPECTED_SAMPLE_RATE,3.0,22050,1,CONVERT/RESAMPLE,"SR is 22050, expected 44100"
Harmonium,977.wav,Harmonium\977.wav,UNEXPECTED_SAMPLE_RATE,3.0,22050,1,CONVERT/RESAMPLE,"SR is 22050, expected 44100"
Harmonium,978.wav,Harmonium\978.wav,UNEXPECTED_SAMPLE_RATE,3.0,22050,1,CONVERT/RESAMPLE,"SR is 22050, expected 44100"
Harmonium,979.wav,Harmonium\979.wav,UNEXPECTED_SAMPLE_RATE,3.0,22050,1,CONVERT/RESAMPLE,"SR is 22050, expected 44100"
Harmonium,98.wav,Harmonium\98.wav,UNEXPECTED_SAMPLE_RATE,3.0,22050,1,CONVERT/RESAMPLE,"SR is 22050, expected 44100"
Harmonium,980.wav,Harmonium\980.wav,UNEXPECTED_SAMPLE_RATE,3.0,22050,1,CONVERT/RESAMPLE,"SR is 22050, expected 44100"
Harmonium,981.wav,Harmonium\981.wav,UNEXPECTED_SAMPLE_RATE,3.0,22050,1,CONVERT/RESAMPLE,"SR is 22050, expected 44100"
Harmonium,982.wav,Harmonium\982.wav,UNEXPECTED_SAMPLE_RATE,3.0,22050,1,CONVERT/RESAMPLE,"SR is 22050, expected 44100"
Harmonium,983.wav,Harmonium\983.wav,UNEXPECTED_SAMPLE_RATE,3.0,22050,1,CONVERT/RESAMPLE,"SR is 22050, expected 44100"
Harmonium,984.wav,Harmonium\984.wav,UNEXPECTED_SAMPLE_RATE,3.0,22050,1,CONVERT/RESAMPLE,"SR is 22050, expected 44100"
Harmonium,985.wav,Harmonium\985.wav,UNEXPECTED_SAMPLE_RATE,3.0,22050,1,CONVERT/RESAMPLE,"SR is 22050, expected 44100"
Harmonium,986.wav,Harmonium\986.wav,UNEXPECTED_SAMPLE_RATE,3.0,22050,1,CONVERT/RESAMPLE,"SR is 22050, expected 44100"
Harmonium,987.wav,Harmonium\987.wav,UNEXPECTED_SAMPLE_RATE,3.0,22050,1,CONVERT/RESAMPLE,"SR is 22050, expected 44100"
Harmonium,988.wav,Harmonium\988.wav,UNEXPECTED_SAMPLE_RATE,3.0,22050,1,CONVERT/RESAMPLE,"SR is 22050, expected 44100"
Harmonium,989.wav,Harmonium\989.wav,UNEXPECTED_SAMPLE_RATE,3.0,22050,1,CONVERT/RESAMPLE,"SR is 22050, expected 44100"
Harmonium,99.wav,Harmonium\99.wav,UNEXPECTED_SAMPLE_RATE,3.0,22050,1,CONVERT/RESAMPLE,"SR is 22050, expected 44100"
Harmonium,990.wav,Harmonium\990.wav,UNEXPECTED_SAMPLE_RATE,3.0,22050,1,CONVERT/RESAMPLE,"SR is 22050, expected 44100"
Harmonium,991.wav,Harmonium\991.wav,UNEXPECTED_SAMPLE_RATE,3.0,22050,1,CONVERT/RESAMPLE,"SR is 22050, expected 44100"
Harmonium,992.wav,Harmonium\992.wav,UNEXPECTED_SAMPLE_RATE,3.0,22050,1,CONVERT/RESAMPLE,"SR is 22050, expected 44100"
Harmonium,993.wav,Harmonium\993.wav,UNEXPECTED_SAMPLE_RATE,3.0,22050,1,CONVERT/RESAMPLE,"SR is 22050, expected 44100"
Harmonium,994.wav,Harmonium\994.wav,UNEXPECTED_SAMPLE_RATE,3.0,22050,1,CONVERT/RESAMPLE,"SR is 22050, expected 44100"
Harmonium,995.wav,Harmonium\995.wav,UNEXPECTED_SAMPLE_RATE,3.0,22050,1,CONVERT/RESAMPLE,"SR is 22050, expected 44100"
Harmonium,996.wav,Harmonium\996.wav,UNEXPECTED_SAMPLE_RATE,3.0,22050,1,CONVERT/RESAMPLE,"SR is 22050, expected 44100"
Harmonium,997.wav,Harmonium\997.wav,UNEXPECTED_SAMPLE_RATE,3.0,22050,1,CONVERT/RESAMPLE,"SR is 22050, expected 44100"
Harmonium,998.wav,Harmonium\998.wav,UNEXPECTED_SAMPLE_RATE,3.0,22050,1,CONVERT/RESAMPLE,"SR is 22050, expected 44100"
Harmonium,999.wav,Harmonium\999.wav,UNEXPECTED_SAMPLE_RATE,3.0,22050,1,CONVERT/RESAMPLE,"SR is 22050, expected 44100"
Harmonium,Harmonium Sample - 05.wav,Harmonium\Harmonium Sample - 05.wav,UNEXPECTED_SAMPLE_RATE,90.15466666666667,48000,2,CONVERT/RESAMPLE,"SR is 48000, expected 44100"
Tabla,AHK_solo-tintal-1.wav,Tabla\AHK_solo-tintal-1.wav,UNEXPECTED_SAMPLE_RATE,66.532,16000,1,CONVERT/RESAMPLE,"SR is 16000, expected 44100"
Tabla,AHK_solo-tintal-2.wav,Tabla\AHK_solo-tintal-2.wav,UNEXPECTED_SAMPLE_RATE,62.511625,16000,1,CONVERT/RESAMPLE,"SR is 16000, expected 44100"
Tabla,AHK_solo-tintal-3.wav,Tabla\AHK_solo-tintal-3.wav,UNEXPECTED_SAMPLE_RATE,28.67875,16000,1,CONVERT/RESAMPLE,"SR is 16000, expected 44100"
Tabla,AHK_solo-tintal-4.wav,Tabla\AHK_solo-tintal-4.wav,UNEXPECTED_SAMPLE_RATE,45.52325,16000,1,CONVERT/RESAMPLE,"SR is 16000, expected 44100"
Tabla,AHK_solo-tintal-5.wav,Tabla\AHK_solo-tintal-5.wav,UNEXPECTED_SAMPLE_RATE,59.93025,16000,1,CONVERT/RESAMPLE,"SR is 16000, expected 44100"
Tabla,AHK_solo-tintal-6.wav,Tabla\AHK_solo-tintal-6.wav,UNEXPECTED_SAMPLE_RATE,65.3808125,16000,1,CONVERT/RESAMPLE,"SR is 16000, expected 44100"
Tabla,AHK_solo-tintal-7.wav,Tabla\AHK_solo-tintal-7.wav,UNEXPECTED_SAMPLE_RATE,37.1773125,16000,1,CONVERT/RESAMPLE,"SR is 16000, expected 44100"
Tabla,AS_comp101_t.wav,Tabla\AS_comp101_t.wav,UNEXPECTED_SAMPLE_RATE,19.65,16000,1,CONVERT/RESAMPLE,"SR is 16000, expected 44100"
Tabla,AS_comp102_t.wav,Tabla\AS_comp102_t.wav,UNEXPECTED_SAMPLE_RATE,23.2096875,16000,1,CONVERT/RESAMPLE,"SR is 16000, expected 44100"
Tabla,AS_comp103_t.wav,Tabla\AS_comp103_t.wav,UNEXPECTED_SAMPLE_RATE,24.252,16000,1,CONVERT/RESAMPLE,"SR is 16000, expected 44100"
Tabla,AS_comp104_t.wav,Tabla\AS_comp104_t.wav,UNEXPECTED_SAMPLE_RATE,30.0885,16000,1,CONVERT/RESAMPLE,"SR is 16000, expected 44100"
Tabla,AS_comp105_t.wav,Tabla\AS_comp105_t.wav,UNEXPECTED_SAMPLE_RATE,16.9616875,16000,1,CONVERT/RESAMPLE,"SR is 16000, expected 44100"
Tabla,AS_comp106_t.wav,Tabla\AS_comp106_t.wav,UNEXPECTED_SAMPLE_RATE,21.3864375,16000,1,CONVERT/RESAMPLE,"SR is 16000, expected 44100"
Tabla,AS_comp107_t.wav,Tabla\AS_comp107_t.wav,UNEXPECTED_SAMPLE_RATE,17.1934375,16000,1,CONVERT/RESAMPLE,"SR is 16000, expected 44100"
Tabla,AS_comp108_t.wav,Tabla\AS_comp108_t.wav,UNEXPECTED_SAMPLE_RATE,14.527,16000,1,CONVERT/RESAMPLE,"SR is 16000, expected 44100"
Tabla,AS_comp109_t.wav,Tabla\AS_comp109_t.wav,UNEXPECTED_SAMPLE_RATE,13.4689375,16000,1,CONVERT/RESAMPLE,"SR is 16000, expected 44100"
Tabla,AS_comp110_t.wav,Tabla\AS_comp110_t.wav,UNEXPECTED_SAMPLE_RATE,13.419125,16000,1,CONVERT/RESAMPLE,"SR is 16000, expected 44100"
Tabla,AS_comp111_t.wav,Tabla\AS_comp111_t.wav,UNEXPECTED_SAMPLE_RATE,24.8545,16000,1,CONVERT/RESAMPLE,"SR is 16000, expected 44100"
Tabla,AS_comp112_t.wav,Tabla\AS_comp112_t.wav,UNEXPECTED_SAMPLE_RATE,24.5250625,16000,1,CONVERT/RESAMPLE,"SR is 16000, expected 44100"
Tabla,AS_comp113_t.wav,Tabla\AS_comp113_t.wav,UNEXPECTED_SAMPLE_RATE,12.3551875,16000,1,CONVERT/RESAMPLE,"SR is 16000, expected 44100"
Tabla,AS_comp114_t.wav,Tabla\AS_comp114_t.wav,UNEXPECTED_SAMPLE_RATE,15.0733125,16000,1,CONVERT/RESAMPLE,"SR is 16000, expected 44100"
Tabla,AS_comp115_t.wav,Tabla\AS_comp115_t.wav,UNEXPECTED_SAMPLE_RATE,15.258625,16000,1,CONVERT/RESAMPLE,"SR is 16000, expected 44100"
Tabla,AS_comp116_t.wav,Tabla\AS_comp116_t.wav,UNEXPECTED_SAMPLE_RATE,12.4375,16000,1,CONVERT/RESAMPLE,"SR is 16000, expected 44100"
Tabla,AS_comp117_t.wav,Tabla\AS_comp117_t.wav,UNEXPECTED_SAMPLE_RATE,15.5469375,16000,1,CONVERT/RESAMPLE,"SR is 16000, expected 44100"
Tabla,binati_SRC.wav,Tabla\binati_SRC.wav,UNEXPECTED_SAMPLE_RATE,95.528375,16000,1,CONVERT/RESAMPLE,"SR is 16000, expected 44100"
Tabla,eri-ali_PK.wav,Tabla\eri-ali_PK.wav,UNEXPECTED_SAMPLE_RATE,211.9129375,16000,1,CONVERT/RESAMPLE,"SR is 16000, expected 44100"
Tabla,kachu-na_DM.wav,Tabla\kachu-na_DM.wav,UNEXPECTED_SAMPLE_RATE,127.96625,16000,1,CONVERT/RESAMPLE,"SR is 16000, expected 44100"
Tabla,KB_1.wav,Tabla\KB_1.wav,UNEXPECTED_SAMPLE_RATE,38.1533125,16000,1,CONVERT/RESAMPLE,"SR is 16000, expected 44100"
Tabla,KB_10.wav,Tabla\KB_10.wav,UNEXPECTED_SAMPLE_RATE,127.9343125,16000,1,CONVERT/RESAMPLE,"SR is 16000, expected 44100"
Tabla,KB_11.wav,Tabla\KB_11.wav,UNEXPECTED_SAMPLE_RATE,7.7536875,16000,1,CONVERT/RESAMPLE,"SR is 16000, expected 44100"
Tabla,KB_12.wav,Tabla\KB_12.wav,UNEXPECTED_SAMPLE_RATE,9.61625,16000,1,CONVERT/RESAMPLE,"SR is 16000, expected 44100"
Tabla,KB_13.wav,Tabla\KB_13.wav,UNEXPECTED_SAMPLE_RATE,9.611375,16000,1,CONVERT/RESAMPLE,"SR is 16000, expected 44100"
Tabla,KB_14.wav,Tabla\KB_14.wav,UNEXPECTED_SAMPLE_RATE,9.6,16000,1,CONVERT/RESAMPLE,"SR is 16000, expected 44100"
Tabla,KB_15.wav,Tabla\KB_15.wav,UNEXPECTED_SAMPLE_RATE,9.5675625,16000,1,CONVERT/RESAMPLE,"SR is 16000, expected 44100"
Tabla,KB_16.wav,Tabla\KB_16.wav,UNEXPECTED_SAMPLE_RATE,4.8195,16000,1,CONVERT/RESAMPLE,"SR is 16000, expected 44100"
Tabla,KB_17.wav,Tabla\KB_17.wav,UNEXPECTED_SAMPLE_RATE,4.795125,16000,1,CONVERT/RESAMPLE,"SR is 16000, expected 44100"
Tabla,KB_18.wav,Tabla\KB_18.wav,UNEXPECTED_SAMPLE_RATE,9.5448125,16000,1,CONVERT/RESAMPLE,"SR is 16000, expected 44100"
Tabla,KB_19.wav,Tabla\KB_19.wav,UNEXPECTED_SAMPLE_RATE,33.619625,16000,1,CONVERT/RESAMPLE,"SR is 16000, expected 44100"
Tabla,KB_2.wav,Tabla\KB_2.wav,UNEXPECTED_SAMPLE_RATE,86.4684375,16000,1,CONVERT/RESAMPLE,"SR is 16000, expected 44100"
Tabla,KB_20.wav,Tabla\KB_20.wav,UNEXPECTED_SAMPLE_RATE,9.613,16000,1,CONVERT/RESAMPLE,"SR is 16000, expected 44100"
Tabla,KB_21.wav,Tabla\KB_21.wav,UNEXPECTED_SAMPLE_RATE,20.167875,16000,1,CONVERT/RESAMPLE,"SR is 16000, expected 44100"
Tabla,KB_22.wav,Tabla\KB_22.wav,UNEXPECTED_SAMPLE_RATE,3.8581875,16000,1,CONVERT/RESAMPLE,"SR is 16000, expected 44100"
Tabla,KB_23.wav,Tabla\KB_23.wav,UNEXPECTED_SAMPLE_RATE,43.875625,16000,1,CONVERT/RESAMPLE,"SR is 16000, expected 44100"
Tabla,KB_24.wav,Tabla\KB_24.wav,UNEXPECTED_SAMPLE_RATE,46.9974375,16000,1,CONVERT/RESAMPLE,"SR is 16000, expected 44100"
Tabla,KB_25.wav,Tabla\KB_25.wav,UNEXPECTED_SAMPLE_RATE,47.2245,16000,1,CONVERT/RESAMPLE,"SR is 16000, expected 44100"
Tabla,KB_26.wav,Tabla\KB_26.wav,UNEXPECTED_SAMPLE_RATE,31.47,16000,1,CONVERT/RESAMPLE,"SR is 16000, expected 44100"
Tabla,KB_3.wav,Tabla\KB_3.wav,UNEXPECTED_SAMPLE_RATE,21.652,16000,1,CONVERT/RESAMPLE,"SR is 16000, expected 44100"
Tabla,KB_4.wav,Tabla\KB_4.wav,UNEXPECTED_SAMPLE_RATE,12.6788125,16000,1,CONVERT/RESAMPLE,"SR is 16000, expected 44100"
Tabla,KB_5.wav,Tabla\KB_5.wav,UNEXPECTED_SAMPLE_RATE,76.81975,16000,1,CONVERT/RESAMPLE,"SR is 16000, expected 44100"
Tabla,KB_6.wav,Tabla\KB_6.wav,UNEXPECTED_SAMPLE_RATE,14.637125,16000,1,CONVERT/RESAMPLE,"SR is 16000, expected 44100"
Tabla,KB_7.wav,Tabla\KB_7.wav,UNEXPECTED_SAMPLE_RATE,11.9383125,16000,1,CONVERT/RESAMPLE,"SR is 16000, expected 44100"
Tabla,KB_8.wav,Tabla\KB_8.wav,UNEXPECTED_SAMPLE_RATE,73.71175,16000,1,CONVERT/RESAMPLE,"SR is 16000, expected 44100"
Tabla,KB_9.wav,Tabla\KB_9.wav,UNEXPECTED_SAMPLE_RATE,6.401125,16000,1,CONVERT/RESAMPLE,"SR is 16000, expected 44100"
Tabla,koyaliya_SRC.wav,Tabla\koyaliya_SRC.wav,UNEXPECTED_SAMPLE_RATE,106.0094375,16000,1,CONVERT/RESAMPLE,"SR is 16000, expected 44100"
Tabla,man-legayo_DM.wav,Tabla\man-legayo_DM.wav,UNEXPECTED_SAMPLE_RATE,136.5185625,16000,1,CONVERT/RESAMPLE,"SR is 16000, expected 44100"
Tabla,payaliya_DM.wav,Tabla\payaliya_DM.wav,UNEXPECTED_SAMPLE_RATE,131.6365,16000,1,CONVERT/RESAMPLE,"SR is 16000, expected 44100"
Tabla,PP_comp11_t.wav,Tabla\PP_comp11_t.wav,UNEXPECTED_SAMPLE_RATE,13.4336875,16000,1,CONVERT/RESAMPLE,"SR is 16000, expected 44100"
Tabla,PP_comp12_t.wav,Tabla\PP_comp12_t.wav,UNEXPECTED_SAMPLE_RATE,18.8420625,16000,1,CONVERT/RESAMPLE,"SR is 16000, expected 44100"
Tabla,PP_comp16new_t.wav,Tabla\PP_comp16new_t.wav,UNEXPECTED_SAMPLE_RATE,31.8616875,16000,1,CONVERT/RESAMPLE,"SR is 16000, expected 44100"
Tabla,PP_comp17_t.wav,Tabla\PP_comp17_t.wav,UNEXPECTED_SAMPLE_RATE,16.1533125,16000,1,CONVERT/RESAMPLE,"SR is 16000, expected 44100"
Tabla,PP_comp19_t.wav,Tabla\PP_comp19_t.wav,UNEXPECTED_SAMPLE_RATE,28.123625,16000,1,CONVERT/RESAMPLE,"SR is 16000, expected 44100"
Tabla,PP_comp23_t.wav,Tabla\PP_comp23_t.wav,UNEXPECTED_SAMPLE_RATE,14.901875,16000,1,CONVERT/RESAMPLE,"SR is 16000, expected 44100"
Tabla,PP_comp25_t.wav,Tabla\PP_comp25_t.wav,UNEXPECTED_SAMPLE_RATE,27.4063125,16000,1,CONVERT/RESAMPLE,"SR is 16000, expected 44100"
Tabla,PP_comp26_t.wav,Tabla\PP_comp26_t.wav,UNEXPECTED_SAMPLE_RATE,17.584375,16000,1,CONVERT/RESAMPLE,"SR is 16000, expected 44100"
Tabla,PP_comp27_t.wav,Tabla\PP_comp27_t.wav,UNEXPECTED_SAMPLE_RATE,24.4939375,16000,1,CONVERT/RESAMPLE,"SR is 16000, expected 44100"
Tabla,PP_comp28_t.wav,Tabla\PP_comp28_t.wav,UNEXPECTED_SAMPLE_RATE,14.1856875,16000,1,CONVERT/RESAMPLE,"SR is 16000, expected 44100"
Tabla,PP_comp31_t.wav,Tabla\PP_comp31_t.wav,UNEXPECTED_SAMPLE_RATE,25.0459375,16000,1,CONVERT/RESAMPLE,"SR is 16000, expected 44100"
Tabla,PP_comp3_t.wav,Tabla\PP_comp3_t.wav,UNEXPECTED_SAMPLE_RATE,16.1363125,16000,1,CONVERT/RESAMPLE,"SR is 16000, expected 44100"
Tabla,PP_comp4_t.wav,Tabla\PP_comp4_t.wav,UNEXPECTED_SAMPLE_RATE,18.022,16000,1,CONVERT/RESAMPLE,"SR is 16000, expected 44100"
Tabla,PP_comp5_t.wav,Tabla\PP_comp5_t.wav,UNEXPECTED_SAMPLE_RATE,18.0685625,16000,1,CONVERT/RESAMPLE,"SR is 16000, expected 44100"
Tabla,PP_comp77_t.wav,Tabla\PP_comp77_t.wav,UNEXPECTED_SAMPLE_RATE,15.977375,16000,1,CONVERT/RESAMPLE,"SR is 16000, expected 44100"
Tabla,PP_comp80_t.wav,Tabla\PP_comp80_t.wav,UNEXPECTED_SAMPLE_RATE,25.7064375,16000,1,CONVERT/RESAMPLE,"SR is 16000, expected 44100"
Tabla,PP_comp81_t.wav,Tabla\PP_comp81_t.wav,UNEXPECTED_SAMPLE_RATE,15.636375,16000,1,CONVERT/RESAMPLE,"SR is 16000, expected 44100"
Tabla,PP_comp82_t.wav,Tabla\PP_comp82_t.wav,UNEXPECTED_SAMPLE_RATE,16.301625,16000,1,CONVERT/RESAMPLE,"SR is 16000, expected 44100"
Tabla,PP_comp83_t.wav,Tabla\PP_comp83_t.wav,UNEXPECTED_SAMPLE_RATE,16.2186875,16000,1,CONVERT/RESAMPLE,"SR is 16000, expected 44100"
Tabla,PP_comp84_t.wav,Tabla\PP_comp84_t.wav,UNEXPECTED_SAMPLE_RATE,9.7820625,16000,1,CONVERT/RESAMPLE,"SR is 16000, expected 44100"
Tabla,PP_comp86_t.wav,Tabla\PP_comp86_t.wav,UNEXPECTED_SAMPLE_RATE,14.0533125,16000,1,CONVERT/RESAMPLE,"SR is 16000, expected 44100"
Tabla,PP_comp9_t.wav,Tabla\PP_comp9_t.wav,UNEXPECTED_SAMPLE_RATE,17.4774375,16000,1,CONVERT/RESAMPLE,"SR is 16000, expected 44100"
Tabla,RMA_0.wav,Tabla\RMA_0.wav,UNEXPECTED_SAMPLE_RATE,18.3281875,16000,1,CONVERT/RESAMPLE,"SR is 16000, expected 44100"
Tabla,RMA_1.wav,Tabla\RMA_1.wav,UNEXPECTED_SAMPLE_RATE,33.7839375,16000,1,CONVERT/RESAMPLE,"SR is 16000, expected 44100"
Tabla,RMA_10.wav,Tabla\RMA_10.wav,UNEXPECTED_SAMPLE_RATE,17.19975,16000,1,CONVERT/RESAMPLE,"SR is 16000, expected 44100"
Tabla,RMA_11.wav,Tabla\RMA_11.wav,UNEXPECTED_SAMPLE_RATE,16.5500625,16000,1,CONVERT/RESAMPLE,"SR is 16000, expected 44100"
Tabla,RMA_12.wav,Tabla\RMA_12.wav,UNEXPECTED_SAMPLE_RATE,17.64425,16000,1,CONVERT/RESAMPLE,"SR is 16000, expected 44100"
Tabla,RMA_13.wav,Tabla\RMA_13.wav,UNEXPECTED_SAMPLE_RATE,19.26875,16000,1,CONVERT/RESAMPLE,"SR is 16000, expected 44100"
Tabla,RMA_14.wav,Tabla\RMA_14.wav,UNEXPECTED_SAMPLE_RATE,10.81175,16000,1,CONVERT/RESAMPLE,"SR is 16000, expected 44100"
Tabla,RMA_15.wav,Tabla\RMA_15.wav,UNEXPECTED_SAMPLE_RATE,18.87125,16000,1,CONVERT/RESAMPLE,"SR is 16000, expected 44100"
Tabla,RMA_16.wav,Tabla\RMA_16.wav,UNEXPECTED_SAMPLE_RATE,19.41125,16000,1,CONVERT/RESAMPLE,"SR is 16000, expected 44100"
Tabla,RMA_17.wav,Tabla\RMA_17.wav,UNEXPECTED_SAMPLE_RATE,19.301625,16000,1,CONVERT/RESAMPLE,"SR is 16000, expected 44100"
Tabla,RMA_18.wav,Tabla\RMA_18.wav,UNEXPECTED_SAMPLE_RATE,18.9644375,16000,1,CONVERT/RESAMPLE,"SR is 16000, expected 44100"
Tabla,RMA_19.wav,Tabla\RMA_19.wav,UNEXPECTED_SAMPLE_RATE,18.5368125,16000,1,CONVERT/RESAMPLE,"SR is 16000, expected 44100"
Tabla,RMA_2.wav,Tabla\RMA_2.wav,UNEXPECTED_SAMPLE_RATE,17.439125,16000,1,CONVERT/RESAMPLE,"SR is 16000, expected 44100"
Tabla,RMA_20.wav,Tabla\RMA_20.wav,UNEXPECTED_SAMPLE_RATE,18.668375,16000,1,CONVERT/RESAMPLE,"SR is 16000, expected 44100"
Tabla,RMA_21.wav,Tabla\RMA_21.wav,UNEXPECTED_SAMPLE_RATE,18.7938125,16000,1,CONVERT/RESAMPLE,"SR is 16000, expected 44100"
Tabla,RMA_22.wav,Tabla\RMA_22.wav,UNEXPECTED_SAMPLE_RATE,19.137125,16000,1,CONVERT/RESAMPLE,"SR is 16000, expected 44100"
Tabla,RMA_23.wav,Tabla\RMA_23.wav,UNEXPECTED_SAMPLE_RATE,18.948,16000,1,CONVERT/RESAMPLE,"SR is 16000, expected 44100"
Tabla,RMA_24.wav,Tabla\RMA_24.wav,UNEXPECTED_SAMPLE_RATE,18.750625,16000,1,CONVERT/RESAMPLE,"SR is 16000, expected 44100"
Tabla,RMA_25.wav,Tabla\RMA_25.wav,UNEXPECTED_SAMPLE_RATE,19.1535625,16000,1,CONVERT/RESAMPLE,"SR is 16000, expected 44100"
Tabla,RMA_26.wav,Tabla\RMA_26.wav,UNEXPECTED_SAMPLE_RATE,18.949375,16000,1,CONVERT/RESAMPLE,"SR is 16000, expected 44100"
Tabla,RMA_27.wav,Tabla\RMA_27.wav,UNEXPECTED_SAMPLE_RATE,18.2904375,16000,1,CONVERT/RESAMPLE,"SR is 16000, expected 44100"
Tabla,RMA_28.wav,Tabla\RMA_28.wav,UNEXPECTED_SAMPLE_RATE,18.35725,16000,1,CONVERT/RESAMPLE,"SR is 16000, expected 44100"
Tabla,RMA_29.wav,Tabla\RMA_29.wav,UNEXPECTED_SAMPLE_RATE,18.5114375,16000,1,CONVERT/RESAMPLE,"SR is 16000, expected 44100"
Tabla,RMA_3.wav,Tabla\RMA_3.wav,UNEXPECTED_SAMPLE_RATE,17.8494375,16000,1,CONVERT/RESAMPLE,"SR is 16000, expected 44100"
Tabla,RMA_30.wav,Tabla\RMA_30.wav,UNEXPECTED_SAMPLE_RATE,18.153,16000,1,CONVERT/RESAMPLE,"SR is 16000, expected 44100"
Tabla,RMA_4.wav,Tabla\RMA_4.wav,UNEXPECTED_SAMPLE_RATE,17.6955625,16000,1,CONVERT/RESAMPLE,"SR is 16000, expected 44100"
Tabla,RMA_5.wav,Tabla\RMA_5.wav,UNEXPECTED_SAMPLE_RATE,16.9090625,16000,1,CONVERT/RESAMPLE,"SR is 16000, expected 44100"
Tabla,RMA_6.wav,Tabla\RMA_6.wav,UNEXPECTED_SAMPLE_RATE,16.9775,16000,1,CONVERT/RESAMPLE,"SR is 16000, expected 44100"
Tabla,RMA_7.wav,Tabla\RMA_7.wav,UNEXPECTED_SAMPLE_RATE,17.593,16000,1,CONVERT/RESAMPLE,"SR is 16000, expected 44100"
Tabla,RMA_8.wav,Tabla\RMA_8.wav,UNEXPECTED_SAMPLE_RATE,17.268125,16000,1,CONVERT/RESAMPLE,"SR is 16000, expected 44100"
Tabla,RMA_9.wav,Tabla\RMA_9.wav,UNEXPECTED_SAMPLE_RATE,17.575875,16000,1,CONVERT/RESAMPLE,"SR is 16000, expected 44100"
Tabla,shyaam_SRC.wav,Tabla\shyaam_SRC.wav,UNEXPECTED_SAMPLE_RATE,112.228625,16000,1,CONVERT/RESAMPLE,"SR is 16000, expected 44100"
Tabla,SK_comp_1.wav,Tabla\SK_comp_1.wav,UNEXPECTED_SAMPLE_RATE,21.5896875,16000,1,CONVERT/RESAMPLE,"SR is 16000, expected 44100"
Tabla,SK_comp_2.wav,Tabla\SK_comp_2.wav,UNEXPECTED_SAMPLE_RATE,12.4475625,16000,1,CONVERT/RESAMPLE,"SR is 16000, expected 44100"
Tabla,SK_comp_3.wav,Tabla\SK_comp_3.wav,UNEXPECTED_SAMPLE_RATE,15.267,16000,1,CONVERT/RESAMPLE,"SR is 16000, expected 44100"
Tabla,SK_comp_4.wav,Tabla\SK_comp_4.wav,UNEXPECTED_SAMPLE_RATE,12.16975,16000,1,CONVERT/RESAMPLE,"SR is 16000, expected 44100"
Tabla,SK_comp_5.wav,Tabla\SK_comp_5.wav,UNEXPECTED_SAMPLE_RATE,21.4974375,16000,1,CONVERT/RESAMPLE,"SR is 16000, expected 44100"
Tabla,SK_comp_6.wav,Tabla\SK_comp_6.wav,UNEXPECTED_SAMPLE_RATE,12.27775,16000,1,CONVERT/RESAMPLE,"SR is 16000, expected 44100"
Tabla,SK_comp_7.wav,Tabla\SK_comp_7.wav,UNEXPECTED_SAMPLE_RATE,23.62025,16000,1,CONVERT/RESAMPLE,"SR is 16000, expected 44100"
Tabla,SK_dadra.wav,Tabla\SK_dadra.wav,UNEXPECTED_SAMPLE_RATE,9.988375,16000,1,CONVERT/RESAMPLE,"SR is 16000, expected 44100"
Tabla,SK_ektaal.wav,Tabla\SK_ektaal.wav,UNEXPECTED_SAMPLE_RATE,16.7816875,16000,1,CONVERT/RESAMPLE,"SR is 16000, expected 44100"
Tabla,SK_ektaal_drut.wav,Tabla\SK_ektaal_drut.wav,UNEXPECTED_SAMPLE_RATE,9.05725,16000,1,CONVERT/RESAMPLE,"SR is 16000, expected 44100"
Tabla,SK_ektaal_vilambit.wav,Tabla\SK_ektaal_vilambit.wav,UNEXPECTED_SAMPLE_RATE,26.863625,16000,1,CONVERT/RESAMPLE,"SR is 16000, expected 44100"
Tabla,SK_jhoomra.wav,Tabla\SK_jhoomra.wav,UNEXPECTED_SAMPLE_RATE,19.1940625,16000,1,CONVERT/RESAMPLE,"SR is 16000, expected 44100"
Tabla,SK_kaida_1.wav,Tabla\SK_kaida_1.wav,UNEXPECTED_SAMPLE_RATE,223.1135625,16000,1,CONVERT/RESAMPLE,"SR is 16000, expected 44100"
Tabla,SK_rela_1.wav,Tabla\SK_rela_1.wav,UNEXPECTED_SAMPLE_RATE,99.5403125,16000,1,CONVERT/RESAMPLE,"SR is 16000, expected 44100"
Tabla,SK_roopak.wav,Tabla\SK_roopak.wav,UNEXPECTED_SAMPLE_RATE,11.0144375,16000,1,CONVERT/RESAMPLE,"SR is 16000, expected 44100"
Tabla,SK_teentaal.wav,Tabla\SK_teentaal.wav,UNEXPECTED_SAMPLE_RATE,21.638125,16000,1,CONVERT/RESAMPLE,"SR is 16000, expected 44100"
Tabla,SK_teentaal_drut.wav,Tabla\SK_teentaal_drut.wav,UNEXPECTED_SAMPLE_RATE,11.8636875,16000,1,CONVERT/RESAMPLE,"SR is 16000, expected 44100"
Tabla,SK_teentaal_mahadrut.wav,Tabla\SK_teentaal_mahadrut.wav,UNEXPECTED_SAMPLE_RATE,9.68325,16000,1,CONVERT/RESAMPLE,"SR is 16000, expected 44100"
Tabla,SK_teentaal_punjabi.wav,Tabla\SK_teentaal_punjabi.wav,UNEXPECTED_SAMPLE_RATE,21.3453125,16000,1,CONVERT/RESAMPLE,"SR is 16000, expected 44100"
Tabla,SK_teentaal_vilambit.wav,Tabla\SK_teentaal_vilambit.wav,UNEXPECTED_SAMPLE_RATE,34.5555,16000,1,CONVERT/RESAMPLE,"SR is 16000, expected 44100"
Tabla,SK_uthan_1.wav,Tabla\SK_uthan_1.wav,UNEXPECTED_SAMPLE_RATE,34.7344375,16000,1,CONVERT/RESAMPLE,"SR is 16000, expected 44100"
Tabla,SM_chakradhar.wav,Tabla\SM_chakradhar.wav,UNEXPECTED_SAMPLE_RATE,34.4795,16000,1,CONVERT/RESAMPLE,"SR is 16000, expected 44100"
Tabla,SM_kayda_1.wav,Tabla\SM_kayda_1.wav,UNEXPECTED_SAMPLE_RATE,170.2795,16000,1,CONVERT/RESAMPLE,"SR is 16000, expected 44100"
Tabla,SM_kayda_2.wav,Tabla\SM_kayda_2.wav,UNEXPECTED_SAMPLE_RATE,182.5595,16000,1,CONVERT/RESAMPLE,"SR is 16000, expected 44100"
Tabla,SM_peshkar.wav,Tabla\SM_peshkar.wav,UNEXPECTED_SAMPLE_RATE,184.4795,16000,1,CONVERT/RESAMPLE,"SR is 16000, expected 44100"
Tabla,SM_uthan.wav,Tabla\SM_uthan.wav,UNEXPECTED_SAMPLE_RATE,55.7595,16000,1,CONVERT/RESAMPLE,"SR is 16000, expected 44100"
Tabla,sourashtra-soma_UK2.wav,Tabla\sourashtra-soma_UK2.wav,UNEXPECTED_SAMPLE_RATE,84.1148125,16000,1,CONVERT/RESAMPLE,"SR is 16000, expected 44100"
Tabla,swarmalika-desh_SRC.wav,Tabla\swarmalika-desh_SRC.wav,UNEXPECTED_SAMPLE_RATE,112.6151875,16000,1,CONVERT/RESAMPLE,"SR is 16000, expected 44100"
Tabla,T4_02.wav,Tabla\T4_02.wav,UNEXPECTED_SAMPLE_RATE,10.145,16000,1,CONVERT/RESAMPLE,"SR is 16000, expected 44100"
Tabla,T4_Ben_03.wav,Tabla\T4_Ben_03.wav,UNEXPECTED_SAMPLE_RATE,17.664,16000,1,CONVERT/RESAMPLE,"SR is 16000, expected 44100"
Tabla,T4_Dli_01.wav,Tabla\T4_Dli_01.wav,UNEXPECTED_SAMPLE_RATE,5.3644375,16000,1,CONVERT/RESAMPLE,"SR is 16000, expected 44100"
Tabla,T4_Dli_02.wav,Tabla\T4_Dli_02.wav,UNEXPECTED_SAMPLE_RATE,10.602625,16000,1,CONVERT/RESAMPLE,"SR is 16000, expected 44100"
Tabla,T4_Dli_03.wav,Tabla\T4_Dli_03.wav,UNEXPECTED_SAMPLE_RATE,10.673375,16000,1,CONVERT/RESAMPLE,"SR is 16000, expected 44100"
Tabla,T4_Dli_04.wav,Tabla\T4_Dli_04.wav,UNEXPECTED_SAMPLE_RATE,10.7541875,16000,1,CONVERT/RESAMPLE,"SR is 16000, expected 44100"
Tabla,T4_Dli_05.wav,Tabla\T4_Dli_05.wav,UNEXPECTED_SAMPLE_RATE,7.2334375,16000,1,CONVERT/RESAMPLE,"SR is 16000, expected 44100"
Tabla,T4_Drut_01.wav,Tabla\T4_Drut_01.wav,UNEXPECTED_SAMPLE_RATE,6.0375,16000,1,CONVERT/RESAMPLE,"SR is 16000, expected 44100"
Tabla,T4_Drut_02.wav,Tabla\T4_Drut_02.wav,UNEXPECTED_SAMPLE_RATE,6.50275,16000,1,CONVERT/RESAMPLE,"SR is 16000, expected 44100"
Tabla,T4_Drut_03.wav,Tabla\T4_Drut_03.wav,UNEXPECTED_SAMPLE_RATE,5.303125,16000,1,CONVERT/RESAMPLE,"SR is 16000, expected 44100"
Tabla,T4_Gat_01.wav,Tabla\T4_Gat_01.wav,UNEXPECTED_SAMPLE_RATE,5.4775,16000,1,CONVERT/RESAMPLE,"SR is 16000, expected 44100"
Tabla,T4_Gat_02.wav,Tabla\T4_Gat_02.wav,UNEXPECTED_SAMPLE_RATE,10.8141875,16000,1,CONVERT/RESAMPLE,"SR is 16000, expected 44100"
Tabla,T4_Gat_03.wav,Tabla\T4_Gat_03.wav,UNEXPECTED_SAMPLE_RATE,10.88875,16000,1,CONVERT/RESAMPLE,"SR is 16000, expected 44100"
Tabla,T4_Gat_04.wav,Tabla\T4_Gat_04.wav,UNEXPECTED_SAMPLE_RATE,10.8418125,16000,1,CONVERT/RESAMPLE,"SR is 16000, expected 44100"
Tabla,T4_Gat_05.wav,Tabla\T4_Gat_05.wav,UNEXPECTED_SAMPLE_RATE,11.223,16000,1,CONVERT/RESAMPLE,"SR is 16000, expected 44100"
Tabla,T4_Gat_pra_00.wav,Tabla\T4_Gat_pra_00.wav,UNEXPECTED_SAMPLE_RATE,2.83075,16000,1,CONVERT/RESAMPLE,"SR is 16000, expected 44100"
Tabla,T4_Gat_pra_01.wav,Tabla\T4_Gat_pra_01.wav,UNEXPECTED_SAMPLE_RATE,5.2400625,16000,1,CONVERT/RESAMPLE,"SR is 16000, expected 44100"
Tabla,T4_Gat_pra_02.wav,Tabla\T4_Gat_pra_02.wav,UNEXPECTED_SAMPLE_RATE,10.365,16000,1,CONVERT/RESAMPLE,"SR is 16000, expected 44100"
Tabla,T4_Luc_01.wav,Tabla\T4_Luc_01.wav,UNEXPECTED_SAMPLE_RATE,5.2968125,16000,1,CONVERT/RESAMPLE,"SR is 16000, expected 44100"
Tabla,T4_Luc_02.wav,Tabla\T4_Luc_02.wav,UNEXPECTED_SAMPLE_RATE,10.7071875,16000,1,CONVERT/RESAMPLE,"SR is 16000, expected 44100"
Tabla,T4_Luc_03.wav,Tabla\T4_Luc_03.wav,UNEXPECTED_SAMPLE_RATE,10.88,16000,1,CONVERT/RESAMPLE,"SR is 16000, expected 44100"
Tabla,T4_Luc_04.wav,Tabla\T4_Luc_04.wav,UNEXPECTED_SAMPLE_RATE,11.2145625,16000,1,CONVERT/RESAMPLE,"SR is 16000, expected 44100"
Tabla,T4_Luc_05.wav,Tabla\T4_Luc_05.wav,UNEXPECTED_SAMPLE_RATE,10.8188125,16000,1,CONVERT/RESAMPLE,"SR is 16000, expected 44100"
Tabla,T4_Luc_06.wav,Tabla\T4_Luc_06.wav,UNEXPECTED_SAMPLE_RATE,15.7591875,16000,1,CONVERT/RESAMPLE,"SR is 16000, expected 44100"
Tabla,T4_Mukuda_01.wav,Tabla\T4_Mukuda_01.wav,UNEXPECTED_SAMPLE_RATE,10.7115625,16000,1,CONVERT/RESAMPLE,"SR is 16000, expected 44100"
Tabla,T4_Pur_01.wav,Tabla\T4_Pur_01.wav,UNEXPECTED_SAMPLE_RATE,6.7799375,16000,1,CONVERT/RESAMPLE,"SR is 16000, expected 44100"
Tabla,T4_Pur_02.wav,Tabla\T4_Pur_02.wav,UNEXPECTED_SAMPLE_RATE,6.675875,16000,1,CONVERT/RESAMPLE,"SR is 16000, expected 44100"
Tabla,T4_Pur_03.wav,Tabla\T4_Pur_03.wav,UNEXPECTED_SAMPLE_RATE,6.5878125,16000,1,CONVERT/RESAMPLE,"SR is 16000, expected 44100"
Tabla,T4_Pur_04.wav,Tabla\T4_Pur_04.wav,UNEXPECTED_SAMPLE_RATE,6.627875,16000,1,CONVERT/RESAMPLE,"SR is 16000, expected 44100"
Tabla,T4_Pur_05.wav,Tabla\T4_Pur_05.wav,UNEXPECTED_SAMPLE_RATE,6.7799375,16000,1,CONVERT/RESAMPLE,"SR is 16000, expected 44100"
Tabla,T4_Tukuda_01.wav,Tabla\T4_Tukuda_01.wav,UNEXPECTED_SAMPLE_RATE,4.7640625,16000,1,CONVERT/RESAMPLE,"SR is 16000, expected 44100"
Tabla,T4_Tukuda_02.wav,Tabla\T4_Tukuda_02.wav,UNEXPECTED_SAMPLE_RATE,5.0581875,16000,1,CONVERT/RESAMPLE,"SR is 16000, expected 44100"
Tabla,T4_Tukuda_03.wav,Tabla\T4_Tukuda_03.wav,UNEXPECTED_SAMPLE_RATE,5.234625,16000,1,CONVERT/RESAMPLE,"SR is 16000, expected 44100"
Tabla,T4_Tukuda_04.wav,Tabla\T4_Tukuda_04.wav,UNEXPECTED_SAMPLE_RATE,5.1758125,16000,1,CONVERT/RESAMPLE,"SR is 16000, expected 44100"
Tabla,T4_Tukuda_05.wav,Tabla\T4_Tukuda_05.wav,UNEXPECTED_SAMPLE_RATE,5.2934375,16000,1,CONVERT/RESAMPLE,"SR is 16000, expected 44100"
Tabla,T4_Tukuda_Ben_01.wav,Tabla\T4_Tukuda_Ben_01.wav,UNEXPECTED_SAMPLE_RATE,7.72825,16000,1,CONVERT/RESAMPLE,"SR is 16000, expected 44100"
Tabla,T4_Tukuda_Ben_02.wav,Tabla\T4_Tukuda_Ben_02.wav,UNEXPECTED_SAMPLE_RATE,8.439625,16000,1,CONVERT/RESAMPLE,"SR is 16000, expected 44100"
Tabla,T4_Tukuda_Ben_03.wav,Tabla\T4_Tukuda_Ben_03.wav,UNEXPECTED_SAMPLE_RATE,8.01925,16000,1,CONVERT/RESAMPLE,"SR is 16000, expected 44100"
Tabla,T4_Tukuda_Ben_04.wav,Tabla\T4_Tukuda_Ben_04.wav,UNEXPECTED_SAMPLE_RATE,9.021625,16000,1,CONVERT/RESAMPLE,"SR is 16000, expected 44100"
Tabla,T4_Tukuda_Japh_01.wav,Tabla\T4_Tukuda_Japh_01.wav,UNEXPECTED_SAMPLE_RATE,5.1725,16000,1,CONVERT/RESAMPLE,"SR is 16000, expected 44100"
Tabla,T4_Tukuda_Japh_02.wav,Tabla\T4_Tukuda_Japh_02.wav,UNEXPECTED_SAMPLE_RATE,5.7931875,16000,1,CONVERT/RESAMPLE,"SR is 16000, expected 44100"
Tabla,T4_Tukuda_Japh_03.wav,Tabla\T4_Tukuda_Japh_03.wav,UNEXPECTED_SAMPLE_RATE,5.3203125,16000,1,CONVERT/RESAMPLE,"SR is 16000, expected 44100"
Tabla,T4_Tukuda_Japh_04.wav,Tabla\T4_Tukuda_Japh_04.wav,UNEXPECTED_SAMPLE_RATE,5.7931875,16000,1,CONVERT/RESAMPLE,"SR is 16000, expected 44100"
Tabla,T4_Tukuda_Japh_05.wav,Tabla\T4_Tukuda_Japh_05.wav,UNEXPECTED_SAMPLE_RATE,6.5616875,16000,1,CONVERT/RESAMPLE,"SR is 16000, expected 44100"
Tabla,T4_Vilambit_01.wav,Tabla\T4_Vilambit_01.wav,UNEXPECTED_SAMPLE_RATE,14.8685625,16000,1,CONVERT/RESAMPLE,"SR is 16000, expected 44100"
Tabla,T5_Dli_01.wav,Tabla\T5_Dli_01.wav,UNEXPECTED_SAMPLE_RATE,10.5614375,16000,1,CONVERT/RESAMPLE,"SR is 16000, expected 44100"
Tabla,T5_Dli_02.wav,Tabla\T5_Dli_02.wav,UNEXPECTED_SAMPLE_RATE,10.818125,16000,1,CONVERT/RESAMPLE,"SR is 16000, expected 44100"
Tabla,T5_Dli_03.wav,Tabla\T5_Dli_03.wav,UNEXPECTED_SAMPLE_RATE,7.3534375,16000,1,CONVERT/RESAMPLE,"SR is 16000, expected 44100"
Tabla,T5_Dli_04.wav,Tabla\T5_Dli_04.wav,UNEXPECTED_SAMPLE_RATE,5.5266875,16000,1,CONVERT/RESAMPLE,"SR is 16000, expected 44100"
Tabla,T5_Dli_05.wav,Tabla\T5_Dli_05.wav,UNEXPECTED_SAMPLE_RATE,10.9913125,16000,1,CONVERT/RESAMPLE,"SR is 16000, expected 44100"
Tabla,T5_Gat_01.wav,Tabla\T5_Gat_01.wav,UNEXPECTED_SAMPLE_RATE,5.6586875,16000,1,CONVERT/RESAMPLE,"SR is 16000, expected 44100"
Tabla,T5_Gat_02.wav,Tabla\T5_Gat_02.wav,UNEXPECTED_SAMPLE_RATE,11.1991875,16000,1,CONVERT/RESAMPLE,"SR is 16000, expected 44100"
Tabla,T5_Gat_03.wav,Tabla\T5_Gat_03.wav,UNEXPECTED_SAMPLE_RATE,5.6409375,16000,1,CONVERT/RESAMPLE,"SR is 16000, expected 44100"
Tabla,T5_Gat_03_1.wav,Tabla\T5_Gat_03_1.wav,UNEXPECTED_SAMPLE_RATE,5.58175,16000,1,CONVERT/RESAMPLE,"SR is 16000, expected 44100"
Tabla,T5_Gat_04.wav,Tabla\T5_Gat_04.wav,UNEXPECTED_SAMPLE_RATE,11.08825,16000,1,CONVERT/RESAMPLE,"SR is 16000, expected 44100"
Tabla,T5_Gat_05.wav,Tabla\T5_Gat_05.wav,UNEXPECTED_SAMPLE_RATE,11.5153125,16000,1,CONVERT/RESAMPLE,"SR is 16000, expected 44100"
Tabla,T5_Luc_01.wav,Tabla\T5_Luc_01.wav,UNEXPECTED_SAMPLE_RATE,5.3915,16000,1,CONVERT/RESAMPLE,"SR is 16000, expected 44100"
Tabla,T5_Luc_02.wav,Tabla\T5_Luc_02.wav,UNEXPECTED_SAMPLE_RATE,10.786875,16000,1,CONVERT/RESAMPLE,"SR is 16000, expected 44100"
Tabla,T5_Luc_03.wav,Tabla\T5_Luc_03.wav,UNEXPECTED_SAMPLE_RATE,10.9844375,16000,1,CONVERT/RESAMPLE,"SR is 16000, expected 44100"
Tabla,T5_Luc_04.wav,Tabla\T5_Luc_04.wav,UNEXPECTED_SAMPLE_RATE,11.26525,16000,1,CONVERT/RESAMPLE,"SR is 16000, expected 44100"
Tabla,T5_Luc_05.wav,Tabla\T5_Luc_05.wav,UNEXPECTED_SAMPLE_RATE,10.8809375,16000,1,CONVERT/RESAMPLE,"SR is 16000, expected 44100"
Tabla,T5_Luc_06.wav,Tabla\T5_Luc_06.wav,UNEXPECTED_SAMPLE_RATE,10.6825,16000,1,CONVERT/RESAMPLE,"SR is 16000, expected 44100"
Tabla,T5_Luc_07.wav,Tabla\T5_Luc_07.wav,UNEXPECTED_SAMPLE_RATE,11.250875,16000,1,CONVERT/RESAMPLE,"SR is 16000, expected 44100"
Tabla,T7_Ben_tukuda_01.wav,Tabla\T7_Ben_tukuda_01.wav,UNEXPECTED_SAMPLE_RATE,8.865125,16000,1,CONVERT/RESAMPLE,"SR is 16000, expected 44100"
Tabla,T7_Ben_tukuda_02.wav,Tabla\T7_Ben_tukuda_02.wav,UNEXPECTED_SAMPLE_RATE,9.003625,16000,1,CONVERT/RESAMPLE,"SR is 16000, expected 44100"
Tabla,T7_Ben_tukuda_03.wav,Tabla\T7_Ben_tukuda_03.wav,UNEXPECTED_SAMPLE_RATE,8.4841875,16000,1,CONVERT/RESAMPLE,"SR is 16000, expected 44100"
Tabla,T7_Ben_tukuda_04.wav,Tabla\T7_Ben_tukuda_04.wav,UNEXPECTED_SAMPLE_RATE,8.89975,16000,1,CONVERT/RESAMPLE,"SR is 16000, expected 44100"
Tabla,T7_Ben_tukuda_05.wav,Tabla\T7_Ben_tukuda_05.wav,UNEXPECTED_SAMPLE_RATE,17.6,16000,1,CONVERT/RESAMPLE,"SR is 16000, expected 44100"
Tabla,T7_DLI_01.wav,Tabla\T7_DLI_01.wav,UNEXPECTED_SAMPLE_RATE,45.2064375,16000,1,CONVERT/RESAMPLE,"SR is 16000, expected 44100"
Tabla,T7_Fur_01.wav,Tabla\T7_Fur_01.wav,UNEXPECTED_SAMPLE_RATE,9.749625,16000,1,CONVERT/RESAMPLE,"SR is 16000, expected 44100"
Tabla,T7_Fur_02.wav,Tabla\T7_Fur_02.wav,UNEXPECTED_SAMPLE_RATE,9.498375,16000,1,CONVERT/RESAMPLE,"SR is 16000, expected 44100"
Tabla,T7_Fur_03.wav,Tabla\T7_Fur_03.wav,UNEXPECTED_SAMPLE_RATE,14.3313125,16000,1,CONVERT/RESAMPLE,"SR is 16000, expected 44100"
Tabla,T7_Fur_04.wav,Tabla\T7_Fur_04.wav,UNEXPECTED_SAMPLE_RATE,14.0441875,16000,1,CONVERT/RESAMPLE,"SR is 16000, expected 44100"
Tabla,T7_GAT_01.wav,Tabla\T7_GAT_01.wav,UNEXPECTED_SAMPLE_RATE,45.3746875,16000,1,CONVERT/RESAMPLE,"SR is 16000, expected 44100"
Tabla,T7_Gat_tukuda_01.wav,Tabla\T7_Gat_tukuda_01.wav,UNEXPECTED_SAMPLE_RATE,6.1210625,16000,1,CONVERT/RESAMPLE,"SR is 16000, expected 44100"
Tabla,T7_Jap_Tukuda_01.wav,Tabla\T7_Jap_Tukuda_01.wav,UNEXPECTED_SAMPLE_RATE,5.441125,16000,1,CONVERT/RESAMPLE,"SR is 16000, expected 44100"
Tabla,T7_Jap_Tukuda_02.wav,Tabla\T7_Jap_Tukuda_02.wav,UNEXPECTED_SAMPLE_RATE,5.7131875,16000,1,CONVERT/RESAMPLE,"SR is 16000, expected 44100"
Tabla,T7_Jap_Tukuda_03.wav,Tabla\T7_Jap_Tukuda_03.wav,UNEXPECTED_SAMPLE_RATE,5.3201875,16000,1,CONVERT/RESAMPLE,"SR is 16000, expected 44100"
Tabla,T7_Jap_Tukuda_04.wav,Tabla\T7_Jap_Tukuda_04.wav,UNEXPECTED_SAMPLE_RATE,5.29,16000,1,CONVERT/RESAMPLE,"SR is 16000, expected 44100"
Tabla,T7_Jap_Tukuda_05.wav,Tabla\T7_Jap_Tukuda_05.wav,UNEXPECTED_SAMPLE_RATE,5.7131875,16000,1,CONVERT/RESAMPLE,"SR is 16000, expected 44100"
Tabla,T7_LUC_01.wav,Tabla\T7_LUC_01.wav,UNEXPECTED_SAMPLE_RATE,25.304125,16000,1,CONVERT/RESAMPLE,"SR is 16000, expected 44100"
Tabla,T7_Luc_jap_01.wav,Tabla\T7_Luc_jap_01.wav,UNEXPECTED_SAMPLE_RATE,9.1093125,16000,1,CONVERT/RESAMPLE,"SR is 16000, expected 44100"
Tabla,T7_Mukuda_01.wav,Tabla\T7_Mukuda_01.wav,UNEXPECTED_SAMPLE_RATE,10.4469375,16000,1,CONVERT/RESAMPLE,"SR is 16000, expected 44100"
Tabla,T7_Pur_01.wav,Tabla\T7_Pur_01.wav,UNEXPECTED_SAMPLE_RATE,6.89775,16000,1,CONVERT/RESAMPLE,"SR is 16000, expected 44100"
Tabla,T7_Pur_02.wav,Tabla\T7_Pur_02.wav,UNEXPECTED_SAMPLE_RATE,6.74025,16000,1,CONVERT/RESAMPLE,"SR is 16000, expected 44100"
Tabla,T7_Pur_03.wav,Tabla\T7_Pur_03.wav,UNEXPECTED_SAMPLE_RATE,6.7245,16000,1,CONVERT/RESAMPLE,"SR is 16000, expected 44100"
Tabla,T7_Pur_04.wav,Tabla\T7_Pur_04.wav,UNEXPECTED_SAMPLE_RATE,6.7875,16000,1,CONVERT/RESAMPLE,"SR is 16000, expected 44100"
Tabla,T7_Pur_05.wav,Tabla\T7_Pur_05.wav,UNEXPECTED_SAMPLE_RATE,6.8505,16000,1,CONVERT/RESAMPLE,"SR is 16000, expected 44100"
Tabla,T7_Rela_01.wav,Tabla\T7_Rela_01.wav,UNEXPECTED_SAMPLE_RATE,8.915625,16000,1,CONVERT/RESAMPLE,"SR is 16000, expected 44100"
Tabla,T7_TAA1_01.wav,Tabla\T7_TAA1_01.wav,UNEXPECTED_SAMPLE_RATE,15.717625,16000,1,CONVERT/RESAMPLE,"SR is 16000, expected 44100"
Tabla,T7_TAA5_01.wav,Tabla\T7_TAA5_01.wav,UNEXPECTED_SAMPLE_RATE,39.4690625,16000,1,CONVERT/RESAMPLE,"SR is 16000, expected 44100"
Tabla,T7_TAA5_02.wav,Tabla\T7_TAA5_02.wav,UNEXPECTED_SAMPLE_RATE,24.204875,16000,1,CONVERT/RESAMPLE,"SR is 16000, expected 44100"
Tabla,T7_Tukuda_01.wav,Tabla\T7_Tukuda_01.wav,UNEXPECTED_SAMPLE_RATE,5.2810625,16000,1,CONVERT/RESAMPLE,"SR is 16000, expected 44100"
Tabla,T7_Tukuda_02.wav,Tabla\T7_Tukuda_02.wav,UNEXPECTED_SAMPLE_RATE,5.1030625,16000,1,CONVERT/RESAMPLE,"SR is 16000, expected 44100"
Tabla,T7_Tukuda_03.wav,Tabla\T7_Tukuda_03.wav,UNEXPECTED_SAMPLE_RATE,5.3404375,16000,1,CONVERT/RESAMPLE,"SR is 16000, expected 44100"
Tabla,T7_Tukuda_04.wav,Tabla\T7_Tukuda_04.wav,UNEXPECTED_SAMPLE_RATE,5.7535625,16000,1,CONVERT/RESAMPLE,"SR is 16000, expected 44100"
Tabla,T7_Tukuda_05.wav,Tabla\T7_Tukuda_05.wav,UNEXPECTED_SAMPLE_RATE,5.4294375,16000,1,CONVERT/RESAMPLE,"SR is 16000, expected 44100"
Tabla,tarana-darbari_UK2.wav,Tabla\tarana-darbari_UK2.wav,UNEXPECTED_SAMPLE_RATE,72.5743125,16000,1,CONVERT/RESAMPLE,"SR is 16000, expected 44100"
