dataset,filename,relative_path,problem_type,duration_seconds,sample_rate,channels,recommended_action,reason
Flute,Gully-Loops-Abyss-Flute-Loop-BPM-150-Pt-2-E.wav,Flute\Gully-Loops-Abyss-Flute-Loop-BPM-150-Pt-2-E.wav,UNEXPECTED_SAMPLE_RATE,30.6,48000,2,CONVERT/RESAMPLE,"SR is 48000, expected 44100"
Flute,Gully-Loops-Birds-Flute-Loop-BPM-110-.wav,Flute\Gully-Loops-Birds-Flute-Loop-BPM-110-.wav,UNEXPECTED_SAMPLE_RATE,8.727291666666666,48000,2,CONVERT/RESAMPLE,"SR is 48000, expected 44100"
Flute,Gully-Loops-Butter-Flute-Loop-BPM-105-D.wav,Flute\Gully-Loops-Butter-Flute-Loop-BPM-105-D.wav,UNEXPECTED_SAMPLE_RATE,9.142875,48000,2,CONVERT/RESAMPLE,"SR is 48000, expected 44100"
Flute,Gully-Loops-Butterfly-Flute-Loop-BPM-105-D.wav,Flute\Gully-Loops-Butterfly-Flute-Loop-BPM-105-D.wav,UNEXPECTED_SAMPLE_RATE,12.285729166666666,48000,2,CONVERT/RESAMPLE,"SR is 48000, expected 44100"
Flute,Gully-Loops-Close-Flute-Loop-BPM-107-E.wav,Flute\Gully-Loops-Close-Flute-Loop-BPM-107-E.wav,UNEXPECTED_SAMPLE_RATE,8.971979166666667,48000,2,CONVERT/RESAMPLE,"SR is 48000, expected 44100"
Flute,Gully-Loops-Ember-Flute-Loop-BPM-B.wav,Flute\Gully-Loops-Ember-Flute-Loop-BPM-B.wav,UNEXPECTED_SAMPLE_RATE,13.714291666666666,48000,2,CONVERT/RESAMPLE,"SR is 48000, expected 44100"
Flute,Gully-Loops-Fly-Flute-Loop-BPM-100-A.wav,Flute\Gully-Loops-Fly-Flute-Loop-BPM-100-A.wav,UNEXPECTED_SAMPLE_RATE,9.6,48000,2,CONVERT/RESAMPLE,"SR is 48000, expected 44100"
Flute,Gully-Loops-Genesis-Flute-Loop-BPM-100-A.wav,Flute\Gully-Loops-Genesis-Flute-Loop-BPM-100-A.wav,UNEXPECTED_SAMPLE_RATE,28.8,48000,2,CONVERT/RESAMPLE,"SR is 48000, expected 44100"
Flute,Gully-Loops-Healing-Flute-Loop-BPM-128-A.wav,Flute\Gully-Loops-Healing-Flute-Loop-BPM-128-A.wav,UNEXPECTED_SAMPLE_RATE,30.0,48000,2,CONVERT/RESAMPLE,"SR is 48000, expected 44100"
Flute,Gully-Loops-Horizon-Flute-Loop-BPM-100-A.wav,Flute\Gully-Loops-Horizon-Flute-Loop-BPM-100-A.wav,UNEXPECTED_SAMPLE_RATE,10.05,48000,2,CONVERT/RESAMPLE,"SR is 48000, expected 44100"
Flute,Gully-Loops-Infinite-Love-Flute-Loop.wav,Flute\Gully-Loops-Infinite-Love-Flute-Loop.wav,UNEXPECTED_SAMPLE_RATE,52.092020833333336,48000,2,CONVERT/RESAMPLE,"SR is 48000, expected 44100"
Flute,Gully-Loops-Kalponik-Flute-Loop-C.wav,Flute\Gully-Loops-Kalponik-Flute-Loop-C.wav,UNEXPECTED_SAMPLE_RATE,16.35,48000,2,CONVERT/RESAMPLE,"SR is 48000, expected 44100"
Flute,Gully-Loops-Maya-Flute-Loop-BPM-128-Pt-2-C.wav,Flute\Gully-Loops-Maya-Flute-Loop-BPM-128-Pt-2-C.wav,UNEXPECTED_SAMPLE_RATE,7.5,48000,2,CONVERT/RESAMPLE,"SR is 48000, expected 44100"
Flute,Gully-Loops-Preety-Flute-Loop-BPM-105-A.wav,Flute\Gully-Loops-Preety-Flute-Loop-BPM-105-A.wav,UNEXPECTED_SAMPLE_RATE,27.428583333333332,48000,2,CONVERT/RESAMPLE,"SR is 48000, expected 44100"
Flute,Gully-Loops-Sudden-Flute-Loop-BPM-130-A.wav,Flute\Gully-Loops-Sudden-Flute-Loop-BPM-130-A.wav,UNEXPECTED_SAMPLE_RATE,7.384625,48000,2,CONVERT/RESAMPLE,"SR is 48000, expected 44100"
Flute,Gully-Loops-Unique-Flute-Loop-BPM-110-A.wav,Flute\Gully-Loops-Unique-Flute-Loop-BPM-110-A.wav,UNEXPECTED_SAMPLE_RATE,8.727291666666666,48000,2,CONVERT/RESAMPLE,"SR is 48000, expected 44100"
Flute,Gully-Loops-Velocity-Flute-Loop-BPM-102-F.wav,Flute\Gully-Loops-Velocity-Flute-Loop-BPM-102-F.wav,UNEXPECTED_SAMPLE_RATE,22.352958333333333,48000,2,CONVERT/RESAMPLE,"SR is 48000, expected 44100"
Flute,load.py,Flute\Kaggle_Classification_Clips\Flute\load.py,NON_AUDIO_OR_UNSUPPORTED,,,,REVIEW,Extension .py is not a standard audio format
Flute,allemande_fifth_fragment_preston.gt,Flute\Kaggle_Classification_Clips\Flute\ground_truth\allemande_fifth_fragment_preston.gt,NON_AUDIO_OR_UNSUPPORTED,,,,REVIEW,Extension .gt is not a standard audio format
Flute,allemande_fifth_fragment_rampal.gt,Flute\Kaggle_Classification_Clips\Flute\ground_truth\allemande_fifth_fragment_rampal.gt,NON_AUDIO_OR_UNSUPPORTED,,,,REVIEW,Extension .gt is not a standard audio format
Flute,allemande_first_fragment_larrieu.gt,Flute\Kaggle_Classification_Clips\Flute\ground_truth\allemande_first_fragment_larrieu.gt,NON_AUDIO_OR_UNSUPPORTED,,,,REVIEW,Extension .gt is not a standard audio format
Flute,allemande_first_fragment_nicolet.gt,Flute\Kaggle_Classification_Clips\Flute\ground_truth\allemande_first_fragment_nicolet.gt,NON_AUDIO_OR_UNSUPPORTED,,,,REVIEW,Extension .gt is not a standard audio format
Flute,allemande_fourth_fragment_gerard.gt,Flute\Kaggle_Classification_Clips\Flute\ground_truth\allemande_fourth_fragment_gerard.gt,NON_AUDIO_OR_UNSUPPORTED,,,,REVIEW,Extension .gt is not a standard audio format
Flute,allemande_fourth_fragment_larrieu.gt,Flute\Kaggle_Classification_Clips\Flute\ground_truth\allemande_fourth_fragment_larrieu.gt,NON_AUDIO_OR_UNSUPPORTED,,,,REVIEW,Extension .gt is not a standard audio format
Flute,allemande_second_fragment_gerard.gt,Flute\Kaggle_Classification_Clips\Flute\ground_truth\allemande_second_fragment_gerard.gt,NON_AUDIO_OR_UNSUPPORTED,,,,REVIEW,Extension .gt is not a standard audio format
Flute,allemande_second_fragment_preston.gt,Flute\Kaggle_Classification_Clips\Flute\ground_truth\allemande_second_fragment_preston.gt,NON_AUDIO_OR_UNSUPPORTED,,,,REVIEW,Extension .gt is not a standard audio format
Flute,allemande_third_fragment_nicolet.gt,Flute\Kaggle_Classification_Clips\Flute\ground_truth\allemande_third_fragment_nicolet.gt,NON_AUDIO_OR_UNSUPPORTED,,,,REVIEW,Extension .gt is not a standard audio format
Flute,allemande_third_fragment_rampal.gt,Flute\Kaggle_Classification_Clips\Flute\ground_truth\allemande_third_fragment_rampal.gt,NON_AUDIO_OR_UNSUPPORTED,,,,REVIEW,Extension .gt is not a standard audio format
Flute,density_fifth_fragment_beauregard.gt,Flute\Kaggle_Classification_Clips\Flute\ground_truth\density_fifth_fragment_beauregard.gt,NON_AUDIO_OR_UNSUPPORTED,,,,REVIEW,Extension .gt is not a standard audio format
Flute,density_first_fragment_zoon.gt,Flute\Kaggle_Classification_Clips\Flute\ground_truth\density_first_fragment_zoon.gt,NON_AUDIO_OR_UNSUPPORTED,,,,REVIEW,Extension .gt is not a standard audio format
Flute,density_fourth_fragment_beauregard.gt,Flute\Kaggle_Classification_Clips\Flute\ground_truth\density_fourth_fragment_beauregard.gt,NON_AUDIO_OR_UNSUPPORTED,,,,REVIEW,Extension .gt is not a standard audio format
Flute,density_second_fragment_zoon.gt,Flute\Kaggle_Classification_Clips\Flute\ground_truth\density_second_fragment_zoon.gt,NON_AUDIO_OR_UNSUPPORTED,,,,REVIEW,Extension .gt is not a standard audio format
Flute,density_sixth_fragment_beauregard.gt,Flute\Kaggle_Classification_Clips\Flute\ground_truth\density_sixth_fragment_beauregard.gt,NON_AUDIO_OR_UNSUPPORTED,,,,REVIEW,Extension .gt is not a standard audio format
Flute,density_third_fragment_zoon.gt,Flute\Kaggle_Classification_Clips\Flute\ground_truth\density_third_fragment_zoon.gt,NON_AUDIO_OR_UNSUPPORTED,,,,REVIEW,Extension .gt is not a standard audio format
Flute,sequenza_first_fragment_robison.gt,Flute\Kaggle_Classification_Clips\Flute\ground_truth\sequenza_first_fragment_robison.gt,NON_AUDIO_OR_UNSUPPORTED,,,,REVIEW,Extension .gt is not a standard audio format
Flute,sequenza_fourth_fragment_robison.gt,Flute\Kaggle_Classification_Clips\Flute\ground_truth\sequenza_fourth_fragment_robison.gt,NON_AUDIO_OR_UNSUPPORTED,,,,REVIEW,Extension .gt is not a standard audio format
Flute,sequenza_second_fragment_robison.gt,Flute\Kaggle_Classification_Clips\Flute\ground_truth\sequenza_second_fragment_robison.gt,NON_AUDIO_OR_UNSUPPORTED,,,,REVIEW,Extension .gt is not a standard audio format
Flute,sequenza_sixth_fragment_robison.gt,Flute\Kaggle_Classification_Clips\Flute\ground_truth\sequenza_sixth_fragment_robison.gt,NON_AUDIO_OR_UNSUPPORTED,,,,REVIEW,Extension .gt is not a standard audio format
Flute,syrinx_fifth_fragment_bourdin.gt,Flute\Kaggle_Classification_Clips\Flute\ground_truth\syrinx_fifth_fragment_bourdin.gt,NON_AUDIO_OR_UNSUPPORTED,,,,REVIEW,Extension .gt is not a standard audio format
Flute,syrinx_fifth_fragment_rhodes.gt,Flute\Kaggle_Classification_Clips\Flute\ground_truth\syrinx_fifth_fragment_rhodes.gt,NON_AUDIO_OR_UNSUPPORTED,,,,REVIEW,Extension .gt is not a standard audio format
Flute,syrinx_first_fragment_bernold.gt,Flute\Kaggle_Classification_Clips\Flute\ground_truth\syrinx_first_fragment_bernold.gt,NON_AUDIO_OR_UNSUPPORTED,,,,REVIEW,Extension .gt is not a standard audio format
Flute,syrinx_first_fragment_douglas.gt,Flute\Kaggle_Classification_Clips\Flute\ground_truth\syrinx_first_fragment_douglas.gt,NON_AUDIO_OR_UNSUPPORTED,,,,REVIEW,Extension .gt is not a standard audio format
Flute,syrinx_fourth_fragment_bernold.gt,Flute\Kaggle_Classification_Clips\Flute\ground_truth\syrinx_fourth_fragment_bernold.gt,NON_AUDIO_OR_UNSUPPORTED,,,,REVIEW,Extension .gt is not a standard audio format
Flute,syrinx_fourth_fragment_dwyer.gt,Flute\Kaggle_Classification_Clips\Flute\ground_truth\syrinx_fourth_fragment_dwyer.gt,NON_AUDIO_OR_UNSUPPORTED,,,,REVIEW,Extension .gt is not a standard audio format
Flute,syrinx_second_fragment_bourdin.gt,Flute\Kaggle_Classification_Clips\Flute\ground_truth\syrinx_second_fragment_bourdin.gt,NON_AUDIO_OR_UNSUPPORTED,,,,REVIEW,Extension .gt is not a standard audio format
Flute,syrinx_second_fragment_dwyer.gt,Flute\Kaggle_Classification_Clips\Flute\ground_truth\syrinx_second_fragment_dwyer.gt,NON_AUDIO_OR_UNSUPPORTED,,,,REVIEW,Extension .gt is not a standard audio format
Flute,syrinx_third_fragment_douglas.gt,Flute\Kaggle_Classification_Clips\Flute\ground_truth\syrinx_third_fragment_douglas.gt,NON_AUDIO_OR_UNSUPPORTED,,,,REVIEW,Extension .gt is not a standard audio format
Flute,syrinx_third_fragment_rhodes.gt,Flute\Kaggle_Classification_Clips\Flute\ground_truth\syrinx_third_fragment_rhodes.gt,NON_AUDIO_OR_UNSUPPORTED,,,,REVIEW,Extension .gt is not a standard audio format
Flute,allemande_fifth_fragment.midi,Flute\Kaggle_Classification_Clips\Flute\score\allemande_fifth_fragment.midi,NON_AUDIO_OR_UNSUPPORTED,,,,REVIEW,Extension .midi is not a standard audio format
Flute,allemande_fifth_fragment.notes,Flute\Kaggle_Classification_Clips\Flute\score\allemande_fifth_fragment.notes,NON_AUDIO_OR_UNSUPPORTED,,,,REVIEW,Extension .notes is not a standard audio format
Flute,allemande_first_fragment.midi,Flute\Kaggle_Classification_Clips\Flute\score\allemande_first_fragment.midi,NON_AUDIO_OR_UNSUPPORTED,,,,REVIEW,Extension .midi is not a standard audio format
Flute,allemande_first_fragment.notes,Flute\Kaggle_Classification_Clips\Flute\score\allemande_first_fragment.notes,NON_AUDIO_OR_UNSUPPORTED,,,,REVIEW,Extension .notes is not a standard audio format
Flute,allemande_fourth_fragment.midi,Flute\Kaggle_Classification_Clips\Flute\score\allemande_fourth_fragment.midi,NON_AUDIO_OR_UNSUPPORTED,,,,REVIEW,Extension .midi is not a standard audio format
Flute,allemande_fourth_fragment.notes,Flute\Kaggle_Classification_Clips\Flute\score\allemande_fourth_fragment.notes,NON_AUDIO_OR_UNSUPPORTED,,,,REVIEW,Extension .notes is not a standard audio format
Flute,allemande_second_fragment.midi,Flute\Kaggle_Classification_Clips\Flute\score\allemande_second_fragment.midi,NON_AUDIO_OR_UNSUPPORTED,,,,REVIEW,Extension .midi is not a standard audio format
Flute,allemande_second_fragment.notes,Flute\Kaggle_Classification_Clips\Flute\score\allemande_second_fragment.notes,NON_AUDIO_OR_UNSUPPORTED,,,,REVIEW,Extension .notes is not a standard audio format
Flute,allemande_third_fragment.midi,Flute\Kaggle_Classification_Clips\Flute\score\allemande_third_fragment.midi,NON_AUDIO_OR_UNSUPPORTED,,,,REVIEW,Extension .midi is not a standard audio format
Flute,allemande_third_fragment.notes,Flute\Kaggle_Classification_Clips\Flute\score\allemande_third_fragment.notes,NON_AUDIO_OR_UNSUPPORTED,,,,REVIEW,Extension .notes is not a standard audio format
Flute,density_fifth_fragment.midi,Flute\Kaggle_Classification_Clips\Flute\score\density_fifth_fragment.midi,NON_AUDIO_OR_UNSUPPORTED,,,,REVIEW,Extension .midi is not a standard audio format
Flute,density_fifth_fragment.notes,Flute\Kaggle_Classification_Clips\Flute\score\density_fifth_fragment.notes,NON_AUDIO_OR_UNSUPPORTED,,,,REVIEW,Extension .notes is not a standard audio format
Flute,density_first_fragment.midi,Flute\Kaggle_Classification_Clips\Flute\score\density_first_fragment.midi,NON_AUDIO_OR_UNSUPPORTED,,,,REVIEW,Extension .midi is not a standard audio format
Flute,density_first_fragment.notes,Flute\Kaggle_Classification_Clips\Flute\score\density_first_fragment.notes,NON_AUDIO_OR_UNSUPPORTED,,,,REVIEW,Extension .notes is not a standard audio format
Flute,density_fourth_fragment.midi,Flute\Kaggle_Classification_Clips\Flute\score\density_fourth_fragment.midi,NON_AUDIO_OR_UNSUPPORTED,,,,REVIEW,Extension .midi is not a standard audio format
Flute,density_fourth_fragment.notes,Flute\Kaggle_Classification_Clips\Flute\score\density_fourth_fragment.notes,NON_AUDIO_OR_UNSUPPORTED,,,,REVIEW,Extension .notes is not a standard audio format
Flute,density_second_fragment.midi,Flute\Kaggle_Classification_Clips\Flute\score\density_second_fragment.midi,NON_AUDIO_OR_UNSUPPORTED,,,,REVIEW,Extension .midi is not a standard audio format
Flute,density_second_fragment.notes,Flute\Kaggle_Classification_Clips\Flute\score\density_second_fragment.notes,NON_AUDIO_OR_UNSUPPORTED,,,,REVIEW,Extension .notes is not a standard audio format
Flute,density_sixth_fragment.midi,Flute\Kaggle_Classification_Clips\Flute\score\density_sixth_fragment.midi,NON_AUDIO_OR_UNSUPPORTED,,,,REVIEW,Extension .midi is not a standard audio format
Flute,density_sixth_fragment.notes,Flute\Kaggle_Classification_Clips\Flute\score\density_sixth_fragment.notes,NON_AUDIO_OR_UNSUPPORTED,,,,REVIEW,Extension .notes is not a standard audio format
Flute,density_third_fragment.midi,Flute\Kaggle_Classification_Clips\Flute\score\density_third_fragment.midi,NON_AUDIO_OR_UNSUPPORTED,,,,REVIEW,Extension .midi is not a standard audio format
Flute,density_third_fragment.notes,Flute\Kaggle_Classification_Clips\Flute\score\density_third_fragment.notes,NON_AUDIO_OR_UNSUPPORTED,,,,REVIEW,Extension .notes is not a standard audio format
Flute,sequenza_first_fragment.midi,Flute\Kaggle_Classification_Clips\Flute\score\sequenza_first_fragment.midi,NON_AUDIO_OR_UNSUPPORTED,,,,REVIEW,Extension .midi is not a standard audio format
Flute,sequenza_first_fragment.notes,Flute\Kaggle_Classification_Clips\Flute\score\sequenza_first_fragment.notes,NON_AUDIO_OR_UNSUPPORTED,,,,REVIEW,Extension .notes is not a standard audio format
Flute,sequenza_fourth_fragment.midi,Flute\Kaggle_Classification_Clips\Flute\score\sequenza_fourth_fragment.midi,NON_AUDIO_OR_UNSUPPORTED,,,,REVIEW,Extension .midi is not a standard audio format
Flute,sequenza_fourth_fragment.notes,Flute\Kaggle_Classification_Clips\Flute\score\sequenza_fourth_fragment.notes,NON_AUDIO_OR_UNSUPPORTED,,,,REVIEW,Extension .notes is not a standard audio format
Flute,sequenza_second_fragment.midi,Flute\Kaggle_Classification_Clips\Flute\score\sequenza_second_fragment.midi,NON_AUDIO_OR_UNSUPPORTED,,,,REVIEW,Extension .midi is not a standard audio format
Flute,sequenza_second_fragment.notes,Flute\Kaggle_Classification_Clips\Flute\score\sequenza_second_fragment.notes,NON_AUDIO_OR_UNSUPPORTED,,,,REVIEW,Extension .notes is not a standard audio format
Flute,sequenza_sixth_fragment.midi,Flute\Kaggle_Classification_Clips\Flute\score\sequenza_sixth_fragment.midi,NON_AUDIO_OR_UNSUPPORTED,,,,REVIEW,Extension .midi is not a standard audio format
Flute,sequenza_sixth_fragment.notes,Flute\Kaggle_Classification_Clips\Flute\score\sequenza_sixth_fragment.notes,NON_AUDIO_OR_UNSUPPORTED,,,,REVIEW,Extension .notes is not a standard audio format
Flute,syrinx_fifth_fragment.midi,Flute\Kaggle_Classification_Clips\Flute\score\syrinx_fifth_fragment.midi,NON_AUDIO_OR_UNSUPPORTED,,,,REVIEW,Extension .midi is not a standard audio format
Flute,syrinx_fifth_fragment.notes,Flute\Kaggle_Classification_Clips\Flute\score\syrinx_fifth_fragment.notes,NON_AUDIO_OR_UNSUPPORTED,,,,REVIEW,Extension .notes is not a standard audio format
Flute,syrinx_first_fragment.midi,Flute\Kaggle_Classification_Clips\Flute\score\syrinx_first_fragment.midi,NON_AUDIO_OR_UNSUPPORTED,,,,REVIEW,Extension .midi is not a standard audio format
Flute,syrinx_first_fragment.notes,Flute\Kaggle_Classification_Clips\Flute\score\syrinx_first_fragment.notes,NON_AUDIO_OR_UNSUPPORTED,,,,REVIEW,Extension .notes is not a standard audio format
Flute,syrinx_fourth_fragment.midi,Flute\Kaggle_Classification_Clips\Flute\score\syrinx_fourth_fragment.midi,NON_AUDIO_OR_UNSUPPORTED,,,,REVIEW,Extension .midi is not a standard audio format
Flute,syrinx_fourth_fragment.notes,Flute\Kaggle_Classification_Clips\Flute\score\syrinx_fourth_fragment.notes,NON_AUDIO_OR_UNSUPPORTED,,,,REVIEW,Extension .notes is not a standard audio format
Flute,syrinx_second_fragment.midi,Flute\Kaggle_Classification_Clips\Flute\score\syrinx_second_fragment.midi,NON_AUDIO_OR_UNSUPPORTED,,,,REVIEW,Extension .midi is not a standard audio format
Flute,syrinx_second_fragment.notes,Flute\Kaggle_Classification_Clips\Flute\score\syrinx_second_fragment.notes,NON_AUDIO_OR_UNSUPPORTED,,,,REVIEW,Extension .notes is not a standard audio format
Flute,syrinx_third_fragment.midi,Flute\Kaggle_Classification_Clips\Flute\score\syrinx_third_fragment.midi,NON_AUDIO_OR_UNSUPPORTED,,,,REVIEW,Extension .midi is not a standard audio format
Flute,syrinx_third_fragment.notes,Flute\Kaggle_Classification_Clips\Flute\score\syrinx_third_fragment.notes,NON_AUDIO_OR_UNSUPPORTED,,,,REVIEW,Extension .notes is not a standard audio format
Flute,allemande_fifth_fragment_preston.gt,Flute\Kaggle_Classification_Clips\Flute\synth\ground_truth\allemande_fifth_fragment_preston.gt,NON_AUDIO_OR_UNSUPPORTED,,,,REVIEW,Extension .gt is not a standard audio format
Flute,allemande_fifth_fragment_rampal.gt,Flute\Kaggle_Classification_Clips\Flute\synth\ground_truth\allemande_fifth_fragment_rampal.gt,NON_AUDIO_OR_UNSUPPORTED,,,,REVIEW,Extension .gt is not a standard audio format
Flute,allemande_first_fragment_larrieu.gt,Flute\Kaggle_Classification_Clips\Flute\synth\ground_truth\allemande_first_fragment_larrieu.gt,NON_AUDIO_OR_UNSUPPORTED,,,,REVIEW,Extension .gt is not a standard audio format
Flute,allemande_first_fragment_nicolet.gt,Flute\Kaggle_Classification_Clips\Flute\synth\ground_truth\allemande_first_fragment_nicolet.gt,NON_AUDIO_OR_UNSUPPORTED,,,,REVIEW,Extension .gt is not a standard audio format
Flute,allemande_fourth_fragment_gerard.gt,Flute\Kaggle_Classification_Clips\Flute\synth\ground_truth\allemande_fourth_fragment_gerard.gt,NON_AUDIO_OR_UNSUPPORTED,,,,REVIEW,Extension .gt is not a standard audio format
Flute,allemande_fourth_fragment_larrieu.gt,Flute\Kaggle_Classification_Clips\Flute\synth\ground_truth\allemande_fourth_fragment_larrieu.gt,NON_AUDIO_OR_UNSUPPORTED,,,,REVIEW,Extension .gt is not a standard audio format
Flute,allemande_second_fragment_gerard.gt,Flute\Kaggle_Classification_Clips\Flute\synth\ground_truth\allemande_second_fragment_gerard.gt,NON_AUDIO_OR_UNSUPPORTED,,,,REVIEW,Extension .gt is not a standard audio format
Flute,allemande_second_fragment_preston.gt,Flute\Kaggle_Classification_Clips\Flute\synth\ground_truth\allemande_second_fragment_preston.gt,NON_AUDIO_OR_UNSUPPORTED,,,,REVIEW,Extension .gt is not a standard audio format
Flute,allemande_third_fragment_nicolet.gt,Flute\Kaggle_Classification_Clips\Flute\synth\ground_truth\allemande_third_fragment_nicolet.gt,NON_AUDIO_OR_UNSUPPORTED,,,,REVIEW,Extension .gt is not a standard audio format
Flute,allemande_third_fragment_rampal.gt,Flute\Kaggle_Classification_Clips\Flute\synth\ground_truth\allemande_third_fragment_rampal.gt,NON_AUDIO_OR_UNSUPPORTED,,,,REVIEW,Extension .gt is not a standard audio format
Flute,density_fifth_fragment_beauregard.gt,Flute\Kaggle_Classification_Clips\Flute\synth\ground_truth\density_fifth_fragment_beauregard.gt,NON_AUDIO_OR_UNSUPPORTED,,,,REVIEW,Extension .gt is not a standard audio format
Flute,density_first_fragment_zoon.gt,Flute\Kaggle_Classification_Clips\Flute\synth\ground_truth\density_first_fragment_zoon.gt,NON_AUDIO_OR_UNSUPPORTED,,,,REVIEW,Extension .gt is not a standard audio format
Flute,density_fourth_fragment_beauregard.gt,Flute\Kaggle_Classification_Clips\Flute\synth\ground_truth\density_fourth_fragment_beauregard.gt,NON_AUDIO_OR_UNSUPPORTED,,,,REVIEW,Extension .gt is not a standard audio format
Flute,density_second_fragment_zoon.gt,Flute\Kaggle_Classification_Clips\Flute\synth\ground_truth\density_second_fragment_zoon.gt,NON_AUDIO_OR_UNSUPPORTED,,,,REVIEW,Extension .gt is not a standard audio format
Flute,density_sixth_fragment_beauregard.gt,Flute\Kaggle_Classification_Clips\Flute\synth\ground_truth\density_sixth_fragment_beauregard.gt,NON_AUDIO_OR_UNSUPPORTED,,,,REVIEW,Extension .gt is not a standard audio format
Flute,density_third_fragment_zoon.gt,Flute\Kaggle_Classification_Clips\Flute\synth\ground_truth\density_third_fragment_zoon.gt,NON_AUDIO_OR_UNSUPPORTED,,,,REVIEW,Extension .gt is not a standard audio format
Flute,sequenza_first_fragment_robison.gt,Flute\Kaggle_Classification_Clips\Flute\synth\ground_truth\sequenza_first_fragment_robison.gt,NON_AUDIO_OR_UNSUPPORTED,,,,REVIEW,Extension .gt is not a standard audio format
Flute,sequenza_fourth_fragment_robison.gt,Flute\Kaggle_Classification_Clips\Flute\synth\ground_truth\sequenza_fourth_fragment_robison.gt,NON_AUDIO_OR_UNSUPPORTED,,,,REVIEW,Extension .gt is not a standard audio format
Flute,sequenza_second_fragment_robison.gt,Flute\Kaggle_Classification_Clips\Flute\synth\ground_truth\sequenza_second_fragment_robison.gt,NON_AUDIO_OR_UNSUPPORTED,,,,REVIEW,Extension .gt is not a standard audio format
Flute,sequenza_sixth_fragment_robison.gt,Flute\Kaggle_Classification_Clips\Flute\synth\ground_truth\sequenza_sixth_fragment_robison.gt,NON_AUDIO_OR_UNSUPPORTED,,,,REVIEW,Extension .gt is not a standard audio format
Flute,syrinx_fifth_fragment_bourdin.gt,Flute\Kaggle_Classification_Clips\Flute\synth\ground_truth\syrinx_fifth_fragment_bourdin.gt,NON_AUDIO_OR_UNSUPPORTED,,,,REVIEW,Extension .gt is not a standard audio format
Flute,syrinx_fifth_fragment_rhodes.gt,Flute\Kaggle_Classification_Clips\Flute\synth\ground_truth\syrinx_fifth_fragment_rhodes.gt,NON_AUDIO_OR_UNSUPPORTED,,,,REVIEW,Extension .gt is not a standard audio format
Flute,syrinx_first_fragment_bernold.gt,Flute\Kaggle_Classification_Clips\Flute\synth\ground_truth\syrinx_first_fragment_bernold.gt,NON_AUDIO_OR_UNSUPPORTED,,,,REVIEW,Extension .gt is not a standard audio format
Flute,syrinx_first_fragment_douglas.gt,Flute\Kaggle_Classification_Clips\Flute\synth\ground_truth\syrinx_first_fragment_douglas.gt,NON_AUDIO_OR_UNSUPPORTED,,,,REVIEW,Extension .gt is not a standard audio format
Flute,syrinx_fourth_fragment_bernold.gt,Flute\Kaggle_Classification_Clips\Flute\synth\ground_truth\syrinx_fourth_fragment_bernold.gt,NON_AUDIO_OR_UNSUPPORTED,,,,REVIEW,Extension .gt is not a standard audio format
Flute,syrinx_fourth_fragment_dwyer.gt,Flute\Kaggle_Classification_Clips\Flute\synth\ground_truth\syrinx_fourth_fragment_dwyer.gt,NON_AUDIO_OR_UNSUPPORTED,,,,REVIEW,Extension .gt is not a standard audio format
Flute,syrinx_second_fragment_bourdin.gt,Flute\Kaggle_Classification_Clips\Flute\synth\ground_truth\syrinx_second_fragment_bourdin.gt,NON_AUDIO_OR_UNSUPPORTED,,,,REVIEW,Extension .gt is not a standard audio format
Flute,syrinx_second_fragment_dwyer.gt,Flute\Kaggle_Classification_Clips\Flute\synth\ground_truth\syrinx_second_fragment_dwyer.gt,NON_AUDIO_OR_UNSUPPORTED,,,,REVIEW,Extension .gt is not a standard audio format
Flute,syrinx_third_fragment_douglas.gt,Flute\Kaggle_Classification_Clips\Flute\synth\ground_truth\syrinx_third_fragment_douglas.gt,NON_AUDIO_OR_UNSUPPORTED,,,,REVIEW,Extension .gt is not a standard audio format
Flute,syrinx_third_fragment_rhodes.gt,Flute\Kaggle_Classification_Clips\Flute\synth\ground_truth\syrinx_third_fragment_rhodes.gt,NON_AUDIO_OR_UNSUPPORTED,,,,REVIEW,Extension .gt is not a standard audio format
Dhul,Gully-Loops-Bhoral-Dhul-Loop-BPM-160.wav,Dhul\Gully-Loops-Bhoral-Dhul-Loop-BPM-160.wav,UNEXPECTED_SAMPLE_RATE,12.0,48000,2,CONVERT/RESAMPLE,"SR is 48000, expected 44100"
Dhul,Gully-Loops-Bordoisila-Dhul-Loop-BPM-120.wav,Dhul\Gully-Loops-Bordoisila-Dhul-Loop-BPM-120.wav,UNEXPECTED_SAMPLE_RATE,12.0,48000,2,CONVERT/RESAMPLE,"SR is 48000, expected 44100"
Dhul,Gully-Loops-Dhemaji-Dhul-Loop.wav,Dhul\Gully-Loops-Dhemaji-Dhul-Loop.wav,UNEXPECTED_SAMPLE_RATE,9.61875,48000,2,CONVERT/RESAMPLE,"SR is 48000, expected 44100"
Dhul,Gully-Loops-Dhumuha-Dhul-Loop-BPM-100.wav,Dhul\Gully-Loops-Dhumuha-Dhul-Loop-BPM-100.wav,UNEXPECTED_SAMPLE_RATE,14.4,48000,2,CONVERT/RESAMPLE,"SR is 48000, expected 44100"
Dhul,Gully-Loops-Jhumor-Dhul-Loop-BPM-120.wav,Dhul\Gully-Loops-Jhumor-Dhul-Loop-BPM-120.wav,UNEXPECTED_SAMPLE_RATE,18.0,48000,2,CONVERT/RESAMPLE,"SR is 48000, expected 44100"
Dhul,Gully-Loops-Kopou-Loop-BPM-140.wav,Dhul\Gully-Loops-Kopou-Loop-BPM-140.wav,UNEXPECTED_SAMPLE_RATE,13.5,48000,2,CONVERT/RESAMPLE,"SR is 48000, expected 44100"
Dhul,Gully-Loops-Mahor-Dhul-Loop-BPM-120.wav,Dhul\Gully-Loops-Mahor-Dhul-Loop-BPM-120.wav,UNEXPECTED_SAMPLE_RATE,14.0,48000,2,CONVERT/RESAMPLE,"SR is 48000, expected 44100"
Dhul,Gully-Loops-Nahor-Dhul-Loop.wav,Dhul\Gully-Loops-Nahor-Dhul-Loop.wav,UNEXPECTED_SAMPLE_RATE,14.203125,48000,2,CONVERT/RESAMPLE,"SR is 48000, expected 44100"
Dhul,Gully-Loops-Rohedoi-Dhul-Loop-BPM-100.wav,Dhul\Gully-Loops-Rohedoi-Dhul-Loop-BPM-100.wav,UNEXPECTED_SAMPLE_RATE,9.6,48000,2,CONVERT/RESAMPLE,"SR is 48000, expected 44100"
Harmonium,Harmonium Sample - 05.wav,Harmonium\Harmonium Sample - 05.wav,UNEXPECTED_SAMPLE_RATE,90.15466666666667,48000,2,CONVERT/RESAMPLE,"SR is 48000, expected 44100"
Harmonium,1.wav,Harmonium\Kaggle_Classification_Clips\Harmonium\1.wav,UNEXPECTED_SAMPLE_RATE,3.0,22050,1,CONVERT/RESAMPLE,"SR is 22050, expected 44100"
Harmonium,10.wav,Harmonium\Kaggle_Classification_Clips\Harmonium\10.wav,UNEXPECTED_SAMPLE_RATE,3.0,22050,1,CONVERT/RESAMPLE,"SR is 22050, expected 44100"
Harmonium,100.wav,Harmonium\Kaggle_Classification_Clips\Harmonium\100.wav,UNEXPECTED_SAMPLE_RATE,3.0,22050,1,CONVERT/RESAMPLE,"SR is 22050, expected 44100"
Harmonium,1000.wav,Harmonium\Kaggle_Classification_Clips\Harmonium\1000.wav,UNEXPECTED_SAMPLE_RATE,3.0,22050,1,CONVERT/RESAMPLE,"SR is 22050, expected 44100"
Harmonium,1001.wav,Harmonium\Kaggle_Classification_Clips\Harmonium\1001.wav,UNEXPECTED_SAMPLE_RATE,3.0,22050,1,CONVERT/RESAMPLE,"SR is 22050, expected 44100"
Harmonium,1002.wav,Harmonium\Kaggle_Classification_Clips\Harmonium\1002.wav,UNEXPECTED_SAMPLE_RATE,3.0,22050,1,CONVERT/RESAMPLE,"SR is 22050, expected 44100"
Harmonium,1003.wav,Harmonium\Kaggle_Classification_Clips\Harmonium\1003.wav,UNEXPECTED_SAMPLE_RATE,3.0,22050,1,CONVERT/RESAMPLE,"SR is 22050, expected 44100"
Harmonium,1004.wav,Harmonium\Kaggle_Classification_Clips\Harmonium\1004.wav,UNEXPECTED_SAMPLE_RATE,3.0,22050,1,CONVERT/RESAMPLE,"SR is 22050, expected 44100"
Harmonium,1005.wav,Harmonium\Kaggle_Classification_Clips\Harmonium\1005.wav,UNEXPECTED_SAMPLE_RATE,3.0,22050,1,CONVERT/RESAMPLE,"SR is 22050, expected 44100"
Harmonium,1006.wav,Harmonium\Kaggle_Classification_Clips\Harmonium\1006.wav,UNEXPECTED_SAMPLE_RATE,3.0,22050,1,CONVERT/RESAMPLE,"SR is 22050, expected 44100"
Harmonium,1007.wav,Harmonium\Kaggle_Classification_Clips\Harmonium\1007.wav,UNEXPECTED_SAMPLE_RATE,3.0,22050,1,CONVERT/RESAMPLE,"SR is 22050, expected 44100"
Harmonium,1008.wav,Harmonium\Kaggle_Classification_Clips\Harmonium\1008.wav,UNEXPECTED_SAMPLE_RATE,3.0,22050,1,CONVERT/RESAMPLE,"SR is 22050, expected 44100"
Harmonium,1009.wav,Harmonium\Kaggle_Classification_Clips\Harmonium\1009.wav,UNEXPECTED_SAMPLE_RATE,3.0,22050,1,CONVERT/RESAMPLE,"SR is 22050, expected 44100"
Harmonium,101.wav,Harmonium\Kaggle_Classification_Clips\Harmonium\101.wav,UNEXPECTED_SAMPLE_RATE,3.0,22050,1,CONVERT/RESAMPLE,"SR is 22050, expected 44100"
Harmonium,1010.wav,Harmonium\Kaggle_Classification_Clips\Harmonium\1010.wav,UNEXPECTED_SAMPLE_RATE,3.0,22050,1,CONVERT/RESAMPLE,"SR is 22050, expected 44100"
Harmonium,1011.wav,Harmonium\Kaggle_Classification_Clips\Harmonium\1011.wav,UNEXPECTED_SAMPLE_RATE,3.0,22050,1,CONVERT/RESAMPLE,"SR is 22050, expected 44100"
Harmonium,1012.wav,Harmonium\Kaggle_Classification_Clips\Harmonium\1012.wav,UNEXPECTED_SAMPLE_RATE,3.0,22050,1,CONVERT/RESAMPLE,"SR is 22050, expected 44100"
Harmonium,1013.wav,Harmonium\Kaggle_Classification_Clips\Harmonium\1013.wav,UNEXPECTED_SAMPLE_RATE,3.0,22050,1,CONVERT/RESAMPLE,"SR is 22050, expected 44100"
Harmonium,1014.wav,Harmonium\Kaggle_Classification_Clips\Harmonium\1014.wav,UNEXPECTED_SAMPLE_RATE,3.0,22050,1,CONVERT/RESAMPLE,"SR is 22050, expected 44100"
Harmonium,1015.wav,Harmonium\Kaggle_Classification_Clips\Harmonium\1015.wav,UNEXPECTED_SAMPLE_RATE,3.0,22050,1,CONVERT/RESAMPLE,"SR is 22050, expected 44100"
Harmonium,1016.wav,Harmonium\Kaggle_Classification_Clips\Harmonium\1016.wav,UNEXPECTED_SAMPLE_RATE,3.0,22050,1,CONVERT/RESAMPLE,"SR is 22050, expected 44100"
Harmonium,1017.wav,Harmonium\Kaggle_Classification_Clips\Harmonium\1017.wav,UNEXPECTED_SAMPLE_RATE,3.0,22050,1,CONVERT/RESAMPLE,"SR is 22050, expected 44100"
Harmonium,1018.wav,Harmonium\Kaggle_Classification_Clips\Harmonium\1018.wav,UNEXPECTED_SAMPLE_RATE,3.0,22050,1,CONVERT/RESAMPLE,"SR is 22050, expected 44100"
Harmonium,1019.wav,Harmonium\Kaggle_Classification_Clips\Harmonium\1019.wav,UNEXPECTED_SAMPLE_RATE,3.0,22050,1,CONVERT/RESAMPLE,"SR is 22050, expected 44100"
Harmonium,102.wav,Harmonium\Kaggle_Classification_Clips\Harmonium\102.wav,UNEXPECTED_SAMPLE_RATE,3.0,22050,1,CONVERT/RESAMPLE,"SR is 22050, expected 44100"
Harmonium,1020.wav,Harmonium\Kaggle_Classification_Clips\Harmonium\1020.wav,UNEXPECTED_SAMPLE_RATE,3.0,22050,1,CONVERT/RESAMPLE,"SR is 22050, expected 44100"
Harmonium,1021.wav,Harmonium\Kaggle_Classification_Clips\Harmonium\1021.wav,UNEXPECTED_SAMPLE_RATE,3.0,22050,1,CONVERT/RESAMPLE,"SR is 22050, expected 44100"
Harmonium,1022.wav,Harmonium\Kaggle_Classification_Clips\Harmonium\1022.wav,UNEXPECTED_SAMPLE_RATE,3.0,22050,1,CONVERT/RESAMPLE,"SR is 22050, expected 44100"
Harmonium,1023.wav,Harmonium\Kaggle_Classification_Clips\Harmonium\1023.wav,UNEXPECTED_SAMPLE_RATE,3.0,22050,1,CONVERT/RESAMPLE,"SR is 22050, expected 44100"
Harmonium,1024.wav,Harmonium\Kaggle_Classification_Clips\Harmonium\1024.wav,UNEXPECTED_SAMPLE_RATE,3.0,22050,1,CONVERT/RESAMPLE,"SR is 22050, expected 44100"
Harmonium,1025.wav,Harmonium\Kaggle_Classification_Clips\Harmonium\1025.wav,UNEXPECTED_SAMPLE_RATE,3.0,22050,1,CONVERT/RESAMPLE,"SR is 22050, expected 44100"
Harmonium,1026.wav,Harmonium\Kaggle_Classification_Clips\Harmonium\1026.wav,UNEXPECTED_SAMPLE_RATE,3.0,22050,1,CONVERT/RESAMPLE,"SR is 22050, expected 44100"
Harmonium,1027.wav,Harmonium\Kaggle_Classification_Clips\Harmonium\1027.wav,UNEXPECTED_SAMPLE_RATE,3.0,22050,1,CONVERT/RESAMPLE,"SR is 22050, expected 44100"
Harmonium,1028.wav,Harmonium\Kaggle_Classification_Clips\Harmonium\1028.wav,UNEXPECTED_SAMPLE_RATE,3.0,22050,1,CONVERT/RESAMPLE,"SR is 22050, expected 44100"
Harmonium,1029.wav,Harmonium\Kaggle_Classification_Clips\Harmonium\1029.wav,UNEXPECTED_SAMPLE_RATE,3.0,22050,1,CONVERT/RESAMPLE,"SR is 22050, expected 44100"
Harmonium,103.wav,Harmonium\Kaggle_Classification_Clips\Harmonium\103.wav,UNEXPECTED_SAMPLE_RATE,3.0,22050,1,CONVERT/RESAMPLE,"SR is 22050, expected 44100"
Harmonium,1030.wav,Harmonium\Kaggle_Classification_Clips\Harmonium\1030.wav,UNEXPECTED_SAMPLE_RATE,3.0,22050,1,CONVERT/RESAMPLE,"SR is 22050, expected 44100"
Harmonium,1031.wav,Harmonium\Kaggle_Classification_Clips\Harmonium\1031.wav,UNEXPECTED_SAMPLE_RATE,3.0,22050,1,CONVERT/RESAMPLE,"SR is 22050, expected 44100"
Harmonium,1032.wav,Harmonium\Kaggle_Classification_Clips\Harmonium\1032.wav,UNEXPECTED_SAMPLE_RATE,3.0,22050,1,CONVERT/RESAMPLE,"SR is 22050, expected 44100"
Harmonium,1033.wav,Harmonium\Kaggle_Classification_Clips\Harmonium\1033.wav,UNEXPECTED_SAMPLE_RATE,3.0,22050,1,CONVERT/RESAMPLE,"SR is 22050, expected 44100"
Harmonium,1034.wav,Harmonium\Kaggle_Classification_Clips\Harmonium\1034.wav,UNEXPECTED_SAMPLE_RATE,3.0,22050,1,CONVERT/RESAMPLE,"SR is 22050, expected 44100"
Harmonium,1035.wav,Harmonium\Kaggle_Classification_Clips\Harmonium\1035.wav,UNEXPECTED_SAMPLE_RATE,3.0,22050,1,CONVERT/RESAMPLE,"SR is 22050, expected 44100"
Harmonium,1036.wav,Harmonium\Kaggle_Classification_Clips\Harmonium\1036.wav,UNEXPECTED_SAMPLE_RATE,3.0,22050,1,CONVERT/RESAMPLE,"SR is 22050, expected 44100"
Harmonium,1037.wav,Harmonium\Kaggle_Classification_Clips\Harmonium\1037.wav,UNEXPECTED_SAMPLE_RATE,3.0,22050,1,CONVERT/RESAMPLE,"SR is 22050, expected 44100"
Harmonium,1038.wav,Harmonium\Kaggle_Classification_Clips\Harmonium\1038.wav,UNEXPECTED_SAMPLE_RATE,3.0,22050,1,CONVERT/RESAMPLE,"SR is 22050, expected 44100"
Harmonium,1039.wav,Harmonium\Kaggle_Classification_Clips\Harmonium\1039.wav,UNEXPECTED_SAMPLE_RATE,3.0,22050,1,CONVERT/RESAMPLE,"SR is 22050, expected 44100"
Harmonium,104.wav,Harmonium\Kaggle_Classification_Clips\Harmonium\104.wav,UNEXPECTED_SAMPLE_RATE,3.0,22050,1,CONVERT/RESAMPLE,"SR is 22050, expected 44100"
Harmonium,1040.wav,Harmonium\Kaggle_Classification_Clips\Harmonium\1040.wav,UNEXPECTED_SAMPLE_RATE,3.0,22050,1,CONVERT/RESAMPLE,"SR is 22050, expected 44100"
Harmonium,1041.wav,Harmonium\Kaggle_Classification_Clips\Harmonium\1041.wav,UNEXPECTED_SAMPLE_RATE,3.0,22050,1,CONVERT/RESAMPLE,"SR is 22050, expected 44100"
Harmonium,1042.wav,Harmonium\Kaggle_Classification_Clips\Harmonium\1042.wav,UNEXPECTED_SAMPLE_RATE,3.0,22050,1,CONVERT/RESAMPLE,"SR is 22050, expected 44100"
Harmonium,1043.wav,Harmonium\Kaggle_Classification_Clips\Harmonium\1043.wav,UNEXPECTED_SAMPLE_RATE,3.0,22050,1,CONVERT/RESAMPLE,"SR is 22050, expected 44100"
Harmonium,1044.wav,Harmonium\Kaggle_Classification_Clips\Harmonium\1044.wav,UNEXPECTED_SAMPLE_RATE,3.0,22050,1,CONVERT/RESAMPLE,"SR is 22050, expected 44100"
Harmonium,1045.wav,Harmonium\Kaggle_Classification_Clips\Harmonium\1045.wav,UNEXPECTED_SAMPLE_RATE,3.0,22050,1,CONVERT/RESAMPLE,"SR is 22050, expected 44100"
Harmonium,1046.wav,Harmonium\Kaggle_Classification_Clips\Harmonium\1046.wav,UNEXPECTED_SAMPLE_RATE,3.0,22050,1,CONVERT/RESAMPLE,"SR is 22050, expected 44100"
Harmonium,1047.wav,Harmonium\Kaggle_Classification_Clips\Harmonium\1047.wav,UNEXPECTED_SAMPLE_RATE,3.0,22050,1,CONVERT/RESAMPLE,"SR is 22050, expected 44100"
Harmonium,1048.wav,Harmonium\Kaggle_Classification_Clips\Harmonium\1048.wav,UNEXPECTED_SAMPLE_RATE,3.0,22050,1,CONVERT/RESAMPLE,"SR is 22050, expected 44100"
Harmonium,1049.wav,Harmonium\Kaggle_Classification_Clips\Harmonium\1049.wav,UNEXPECTED_SAMPLE_RATE,3.0,22050,1,CONVERT/RESAMPLE,"SR is 22050, expected 44100"
Harmonium,105.wav,Harmonium\Kaggle_Classification_Clips\Harmonium\105.wav,UNEXPECTED_SAMPLE_RATE,3.0,22050,1,CONVERT/RESAMPLE,"SR is 22050, expected 44100"
Harmonium,1050.wav,Harmonium\Kaggle_Classification_Clips\Harmonium\1050.wav,UNEXPECTED_SAMPLE_RATE,3.0,22050,1,CONVERT/RESAMPLE,"SR is 22050, expected 44100"
Harmonium,1051.wav,Harmonium\Kaggle_Classification_Clips\Harmonium\1051.wav,UNEXPECTED_SAMPLE_RATE,3.0,22050,1,CONVERT/RESAMPLE,"SR is 22050, expected 44100"
Harmonium,1052.wav,Harmonium\Kaggle_Classification_Clips\Harmonium\1052.wav,UNEXPECTED_SAMPLE_RATE,3.0,22050,1,CONVERT/RESAMPLE,"SR is 22050, expected 44100"
Harmonium,1053.wav,Harmonium\Kaggle_Classification_Clips\Harmonium\1053.wav,UNEXPECTED_SAMPLE_RATE,3.0,22050,1,CONVERT/RESAMPLE,"SR is 22050, expected 44100"
Harmonium,1054.wav,Harmonium\Kaggle_Classification_Clips\Harmonium\1054.wav,UNEXPECTED_SAMPLE_RATE,3.0,22050,1,CONVERT/RESAMPLE,"SR is 22050, expected 44100"
Harmonium,1055.wav,Harmonium\Kaggle_Classification_Clips\Harmonium\1055.wav,UNEXPECTED_SAMPLE_RATE,3.0,22050,1,CONVERT/RESAMPLE,"SR is 22050, expected 44100"
Harmonium,1056.wav,Harmonium\Kaggle_Classification_Clips\Harmonium\1056.wav,UNEXPECTED_SAMPLE_RATE,3.0,22050,1,CONVERT/RESAMPLE,"SR is 22050, expected 44100"
Harmonium,1057.wav,Harmonium\Kaggle_Classification_Clips\Harmonium\1057.wav,UNEXPECTED_SAMPLE_RATE,3.0,22050,1,CONVERT/RESAMPLE,"SR is 22050, expected 44100"
Harmonium,1058.wav,Harmonium\Kaggle_Classification_Clips\Harmonium\1058.wav,UNEXPECTED_SAMPLE_RATE,3.0,22050,1,CONVERT/RESAMPLE,"SR is 22050, expected 44100"
Harmonium,1059.wav,Harmonium\Kaggle_Classification_Clips\Harmonium\1059.wav,UNEXPECTED_SAMPLE_RATE,3.0,22050,1,CONVERT/RESAMPLE,"SR is 22050, expected 44100"
Harmonium,106.wav,Harmonium\Kaggle_Classification_Clips\Harmonium\106.wav,UNEXPECTED_SAMPLE_RATE,3.0,22050,1,CONVERT/RESAMPLE,"SR is 22050, expected 44100"
Harmonium,1060.wav,Harmonium\Kaggle_Classification_Clips\Harmonium\1060.wav,UNEXPECTED_SAMPLE_RATE,3.0,22050,1,CONVERT/RESAMPLE,"SR is 22050, expected 44100"
Harmonium,1061.wav,Harmonium\Kaggle_Classification_Clips\Harmonium\1061.wav,UNEXPECTED_SAMPLE_RATE,3.0,22050,1,CONVERT/RESAMPLE,"SR is 22050, expected 44100"
Harmonium,1062.wav,Harmonium\Kaggle_Classification_Clips\Harmonium\1062.wav,UNEXPECTED_SAMPLE_RATE,3.0,22050,1,CONVERT/RESAMPLE,"SR is 22050, expected 44100"
Harmonium,1063.wav,Harmonium\Kaggle_Classification_Clips\Harmonium\1063.wav,UNEXPECTED_SAMPLE_RATE,3.0,22050,1,CONVERT/RESAMPLE,"SR is 22050, expected 44100"
Harmonium,1064.wav,Harmonium\Kaggle_Classification_Clips\Harmonium\1064.wav,UNEXPECTED_SAMPLE_RATE,3.0,22050,1,CONVERT/RESAMPLE,"SR is 22050, expected 44100"
Harmonium,1065.wav,Harmonium\Kaggle_Classification_Clips\Harmonium\1065.wav,UNEXPECTED_SAMPLE_RATE,3.0,22050,1,CONVERT/RESAMPLE,"SR is 22050, expected 44100"
Harmonium,1066.wav,Harmonium\Kaggle_Classification_Clips\Harmonium\1066.wav,UNEXPECTED_SAMPLE_RATE,3.0,22050,1,CONVERT/RESAMPLE,"SR is 22050, expected 44100"
Harmonium,1067.wav,Harmonium\Kaggle_Classification_Clips\Harmonium\1067.wav,UNEXPECTED_SAMPLE_RATE,3.0,22050,1,CONVERT/RESAMPLE,"SR is 22050, expected 44100"
Harmonium,1068.wav,Harmonium\Kaggle_Classification_Clips\Harmonium\1068.wav,UNEXPECTED_SAMPLE_RATE,3.0,22050,1,CONVERT/RESAMPLE,"SR is 22050, expected 44100"
Harmonium,1069.wav,Harmonium\Kaggle_Classification_Clips\Harmonium\1069.wav,UNEXPECTED_SAMPLE_RATE,3.0,22050,1,CONVERT/RESAMPLE,"SR is 22050, expected 44100"
Harmonium,107.wav,Harmonium\Kaggle_Classification_Clips\Harmonium\107.wav,UNEXPECTED_SAMPLE_RATE,3.0,22050,1,CONVERT/RESAMPLE,"SR is 22050, expected 44100"
Harmonium,1070.wav,Harmonium\Kaggle_Classification_Clips\Harmonium\1070.wav,UNEXPECTED_SAMPLE_RATE,3.0,22050,1,CONVERT/RESAMPLE,"SR is 22050, expected 44100"
Harmonium,1071.wav,Harmonium\Kaggle_Classification_Clips\Harmonium\1071.wav,UNEXPECTED_SAMPLE_RATE,3.0,22050,1,CONVERT/RESAMPLE,"SR is 22050, expected 44100"
Harmonium,1072.wav,Harmonium\Kaggle_Classification_Clips\Harmonium\1072.wav,UNEXPECTED_SAMPLE_RATE,3.0,22050,1,CONVERT/RESAMPLE,"SR is 22050, expected 44100"
Harmonium,1073.wav,Harmonium\Kaggle_Classification_Clips\Harmonium\1073.wav,UNEXPECTED_SAMPLE_RATE,3.0,22050,1,CONVERT/RESAMPLE,"SR is 22050, expected 44100"
Harmonium,1074.wav,Harmonium\Kaggle_Classification_Clips\Harmonium\1074.wav,UNEXPECTED_SAMPLE_RATE,3.0,22050,1,CONVERT/RESAMPLE,"SR is 22050, expected 44100"
Harmonium,1075.wav,Harmonium\Kaggle_Classification_Clips\Harmonium\1075.wav,UNEXPECTED_SAMPLE_RATE,3.0,22050,1,CONVERT/RESAMPLE,"SR is 22050, expected 44100"
Harmonium,1076.wav,Harmonium\Kaggle_Classification_Clips\Harmonium\1076.wav,UNEXPECTED_SAMPLE_RATE,3.0,22050,1,CONVERT/RESAMPLE,"SR is 22050, expected 44100"
Harmonium,1077.wav,Harmonium\Kaggle_Classification_Clips\Harmonium\1077.wav,UNEXPECTED_SAMPLE_RATE,3.0,22050,1,CONVERT/RESAMPLE,"SR is 22050, expected 44100"
Harmonium,1078.wav,Harmonium\Kaggle_Classification_Clips\Harmonium\1078.wav,UNEXPECTED_SAMPLE_RATE,3.0,22050,1,CONVERT/RESAMPLE,"SR is 22050, expected 44100"
Harmonium,1079.wav,Harmonium\Kaggle_Classification_Clips\Harmonium\1079.wav,UNEXPECTED_SAMPLE_RATE,3.0,22050,1,CONVERT/RESAMPLE,"SR is 22050, expected 44100"
Harmonium,108.wav,Harmonium\Kaggle_Classification_Clips\Harmonium\108.wav,UNEXPECTED_SAMPLE_RATE,3.0,22050,1,CONVERT/RESAMPLE,"SR is 22050, expected 44100"
Harmonium,1080.wav,Harmonium\Kaggle_Classification_Clips\Harmonium\1080.wav,UNEXPECTED_SAMPLE_RATE,3.0,22050,1,CONVERT/RESAMPLE,"SR is 22050, expected 44100"
Harmonium,1081.wav,Harmonium\Kaggle_Classification_Clips\Harmonium\1081.wav,UNEXPECTED_SAMPLE_RATE,3.0,22050,1,CONVERT/RESAMPLE,"SR is 22050, expected 44100"
Harmonium,1082.wav,Harmonium\Kaggle_Classification_Clips\Harmonium\1082.wav,UNEXPECTED_SAMPLE_RATE,3.0,22050,1,CONVERT/RESAMPLE,"SR is 22050, expected 44100"
Harmonium,1083.wav,Harmonium\Kaggle_Classification_Clips\Harmonium\1083.wav,UNEXPECTED_SAMPLE_RATE,3.0,22050,1,CONVERT/RESAMPLE,"SR is 22050, expected 44100"
Harmonium,1084.wav,Harmonium\Kaggle_Classification_Clips\Harmonium\1084.wav,UNEXPECTED_SAMPLE_RATE,3.0,22050,1,CONVERT/RESAMPLE,"SR is 22050, expected 44100"
Harmonium,1085.wav,Harmonium\Kaggle_Classification_Clips\Harmonium\1085.wav,UNEXPECTED_SAMPLE_RATE,3.0,22050,1,CONVERT/RESAMPLE,"SR is 22050, expected 44100"
Harmonium,1086.wav,Harmonium\Kaggle_Classification_Clips\Harmonium\1086.wav,UNEXPECTED_SAMPLE_RATE,3.0,22050,1,CONVERT/RESAMPLE,"SR is 22050, expected 44100"
Harmonium,1087.wav,Harmonium\Kaggle_Classification_Clips\Harmonium\1087.wav,UNEXPECTED_SAMPLE_RATE,3.0,22050,1,CONVERT/RESAMPLE,"SR is 22050, expected 44100"
Harmonium,1088.wav,Harmonium\Kaggle_Classification_Clips\Harmonium\1088.wav,UNEXPECTED_SAMPLE_RATE,3.0,22050,1,CONVERT/RESAMPLE,"SR is 22050, expected 44100"
Harmonium,1089.wav,Harmonium\Kaggle_Classification_Clips\Harmonium\1089.wav,UNEXPECTED_SAMPLE_RATE,3.0,22050,1,CONVERT/RESAMPLE,"SR is 22050, expected 44100"
Harmonium,109.wav,Harmonium\Kaggle_Classification_Clips\Harmonium\109.wav,UNEXPECTED_SAMPLE_RATE,3.0,22050,1,CONVERT/RESAMPLE,"SR is 22050, expected 44100"
Harmonium,1090.wav,Harmonium\Kaggle_Classification_Clips\Harmonium\1090.wav,UNEXPECTED_SAMPLE_RATE,3.0,22050,1,CONVERT/RESAMPLE,"SR is 22050, expected 44100"
Harmonium,1091.wav,Harmonium\Kaggle_Classification_Clips\Harmonium\1091.wav,UNEXPECTED_SAMPLE_RATE,3.0,22050,1,CONVERT/RESAMPLE,"SR is 22050, expected 44100"
Harmonium,1092.wav,Harmonium\Kaggle_Classification_Clips\Harmonium\1092.wav,UNEXPECTED_SAMPLE_RATE,3.0,22050,1,CONVERT/RESAMPLE,"SR is 22050, expected 44100"
Harmonium,1093.wav,Harmonium\Kaggle_Classification_Clips\Harmonium\1093.wav,UNEXPECTED_SAMPLE_RATE,3.0,22050,1,CONVERT/RESAMPLE,"SR is 22050, expected 44100"
Harmonium,1094.wav,Harmonium\Kaggle_Classification_Clips\Harmonium\1094.wav,UNEXPECTED_SAMPLE_RATE,3.0,22050,1,CONVERT/RESAMPLE,"SR is 22050, expected 44100"
Harmonium,1095.wav,Harmonium\Kaggle_Classification_Clips\Harmonium\1095.wav,UNEXPECTED_SAMPLE_RATE,3.0,22050,1,CONVERT/RESAMPLE,"SR is 22050, expected 44100"
Harmonium,1096.wav,Harmonium\Kaggle_Classification_Clips\Harmonium\1096.wav,UNEXPECTED_SAMPLE_RATE,3.0,22050,1,CONVERT/RESAMPLE,"SR is 22050, expected 44100"
Harmonium,1097.wav,Harmonium\Kaggle_Classification_Clips\Harmonium\1097.wav,UNEXPECTED_SAMPLE_RATE,3.0,22050,1,CONVERT/RESAMPLE,"SR is 22050, expected 44100"
Harmonium,1098.wav,Harmonium\Kaggle_Classification_Clips\Harmonium\1098.wav,UNEXPECTED_SAMPLE_RATE,3.0,22050,1,CONVERT/RESAMPLE,"SR is 22050, expected 44100"
Harmonium,1099.wav,Harmonium\Kaggle_Classification_Clips\Harmonium\1099.wav,UNEXPECTED_SAMPLE_RATE,3.0,22050,1,CONVERT/RESAMPLE,"SR is 22050, expected 44100"
Harmonium,11.wav,Harmonium\Kaggle_Classification_Clips\Harmonium\11.wav,UNEXPECTED_SAMPLE_RATE,3.0,22050,1,CONVERT/RESAMPLE,"SR is 22050, expected 44100"
Harmonium,110.wav,Harmonium\Kaggle_Classification_Clips\Harmonium\110.wav,UNEXPECTED_SAMPLE_RATE,3.0,22050,1,CONVERT/RESAMPLE,"SR is 22050, expected 44100"
Harmonium,1100.wav,Harmonium\Kaggle_Classification_Clips\Harmonium\1100.wav,UNEXPECTED_SAMPLE_RATE,3.0,22050,1,CONVERT/RESAMPLE,"SR is 22050, expected 44100"
Harmonium,1101.wav,Harmonium\Kaggle_Classification_Clips\Harmonium\1101.wav,UNEXPECTED_SAMPLE_RATE,3.0,22050,1,CONVERT/RESAMPLE,"SR is 22050, expected 44100"
Harmonium,1102.wav,Harmonium\Kaggle_Classification_Clips\Harmonium\1102.wav,UNEXPECTED_SAMPLE_RATE,3.0,22050,1,CONVERT/RESAMPLE,"SR is 22050, expected 44100"
Harmonium,1103.wav,Harmonium\Kaggle_Classification_Clips\Harmonium\1103.wav,UNEXPECTED_SAMPLE_RATE,3.0,22050,1,CONVERT/RESAMPLE,"SR is 22050, expected 44100"
Harmonium,1104.wav,Harmonium\Kaggle_Classification_Clips\Harmonium\1104.wav,UNEXPECTED_SAMPLE_RATE,3.0,22050,1,CONVERT/RESAMPLE,"SR is 22050, expected 44100"
Harmonium,1105.wav,Harmonium\Kaggle_Classification_Clips\Harmonium\1105.wav,UNEXPECTED_SAMPLE_RATE,3.0,22050,1,CONVERT/RESAMPLE,"SR is 22050, expected 44100"
Harmonium,1106.wav,Harmonium\Kaggle_Classification_Clips\Harmonium\1106.wav,UNEXPECTED_SAMPLE_RATE,3.0,22050,1,CONVERT/RESAMPLE,"SR is 22050, expected 44100"
Harmonium,1107.wav,Harmonium\Kaggle_Classification_Clips\Harmonium\1107.wav,UNEXPECTED_SAMPLE_RATE,3.0,22050,1,CONVERT/RESAMPLE,"SR is 22050, expected 44100"
Harmonium,1108.wav,Harmonium\Kaggle_Classification_Clips\Harmonium\1108.wav,UNEXPECTED_SAMPLE_RATE,3.0,22050,1,CONVERT/RESAMPLE,"SR is 22050, expected 44100"
Harmonium,1109.wav,Harmonium\Kaggle_Classification_Clips\Harmonium\1109.wav,UNEXPECTED_SAMPLE_RATE,3.0,22050,1,CONVERT/RESAMPLE,"SR is 22050, expected 44100"
Harmonium,111.wav,Harmonium\Kaggle_Classification_Clips\Harmonium\111.wav,UNEXPECTED_SAMPLE_RATE,3.0,22050,1,CONVERT/RESAMPLE,"SR is 22050, expected 44100"
Harmonium,1110.wav,Harmonium\Kaggle_Classification_Clips\Harmonium\1110.wav,UNEXPECTED_SAMPLE_RATE,3.0,22050,1,CONVERT/RESAMPLE,"SR is 22050, expected 44100"
Harmonium,1111.wav,Harmonium\Kaggle_Classification_Clips\Harmonium\1111.wav,UNEXPECTED_SAMPLE_RATE,3.0,22050,1,CONVERT/RESAMPLE,"SR is 22050, expected 44100"
Harmonium,1112.wav,Harmonium\Kaggle_Classification_Clips\Harmonium\1112.wav,UNEXPECTED_SAMPLE_RATE,3.0,22050,1,CONVERT/RESAMPLE,"SR is 22050, expected 44100"
Harmonium,1113.wav,Harmonium\Kaggle_Classification_Clips\Harmonium\1113.wav,UNEXPECTED_SAMPLE_RATE,3.0,22050,1,CONVERT/RESAMPLE,"SR is 22050, expected 44100"
Harmonium,1114.wav,Harmonium\Kaggle_Classification_Clips\Harmonium\1114.wav,UNEXPECTED_SAMPLE_RATE,3.0,22050,1,CONVERT/RESAMPLE,"SR is 22050, expected 44100"
Harmonium,1115.wav,Harmonium\Kaggle_Classification_Clips\Harmonium\1115.wav,UNEXPECTED_SAMPLE_RATE,3.0,22050,1,CONVERT/RESAMPLE,"SR is 22050, expected 44100"
Harmonium,1116.wav,Harmonium\Kaggle_Classification_Clips\Harmonium\1116.wav,UNEXPECTED_SAMPLE_RATE,3.0,22050,1,CONVERT/RESAMPLE,"SR is 22050, expected 44100"
Harmonium,1117.wav,Harmonium\Kaggle_Classification_Clips\Harmonium\1117.wav,UNEXPECTED_SAMPLE_RATE,3.0,22050,1,CONVERT/RESAMPLE,"SR is 22050, expected 44100"
Harmonium,1118.wav,Harmonium\Kaggle_Classification_Clips\Harmonium\1118.wav,UNEXPECTED_SAMPLE_RATE,3.0,22050,1,CONVERT/RESAMPLE,"SR is 22050, expected 44100"
Harmonium,1119.wav,Harmonium\Kaggle_Classification_Clips\Harmonium\1119.wav,UNEXPECTED_SAMPLE_RATE,3.0,22050,1,CONVERT/RESAMPLE,"SR is 22050, expected 44100"
Harmonium,112.wav,Harmonium\Kaggle_Classification_Clips\Harmonium\112.wav,UNEXPECTED_SAMPLE_RATE,3.0,22050,1,CONVERT/RESAMPLE,"SR is 22050, expected 44100"
Harmonium,1120.wav,Harmonium\Kaggle_Classification_Clips\Harmonium\1120.wav,UNEXPECTED_SAMPLE_RATE,3.0,22050,1,CONVERT/RESAMPLE,"SR is 22050, expected 44100"
Harmonium,1121.wav,Harmonium\Kaggle_Classification_Clips\Harmonium\1121.wav,UNEXPECTED_SAMPLE_RATE,3.0,22050,1,CONVERT/RESAMPLE,"SR is 22050, expected 44100"
Harmonium,1122.wav,Harmonium\Kaggle_Classification_Clips\Harmonium\1122.wav,UNEXPECTED_SAMPLE_RATE,3.0,22050,1,CONVERT/RESAMPLE,"SR is 22050, expected 44100"
Harmonium,1123.wav,Harmonium\Kaggle_Classification_Clips\Harmonium\1123.wav,UNEXPECTED_SAMPLE_RATE,3.0,22050,1,CONVERT/RESAMPLE,"SR is 22050, expected 44100"
Harmonium,1124.wav,Harmonium\Kaggle_Classification_Clips\Harmonium\1124.wav,UNEXPECTED_SAMPLE_RATE,3.0,22050,1,CONVERT/RESAMPLE,"SR is 22050, expected 44100"
Harmonium,1125.wav,Harmonium\Kaggle_Classification_Clips\Harmonium\1125.wav,UNEXPECTED_SAMPLE_RATE,3.0,22050,1,CONVERT/RESAMPLE,"SR is 22050, expected 44100"
Harmonium,1126.wav,Harmonium\Kaggle_Classification_Clips\Harmonium\1126.wav,UNEXPECTED_SAMPLE_RATE,3.0,22050,1,CONVERT/RESAMPLE,"SR is 22050, expected 44100"
Harmonium,1127.wav,Harmonium\Kaggle_Classification_Clips\Harmonium\1127.wav,UNEXPECTED_SAMPLE_RATE,3.0,22050,1,CONVERT/RESAMPLE,"SR is 22050, expected 44100"
Harmonium,1128.wav,Harmonium\Kaggle_Classification_Clips\Harmonium\1128.wav,UNEXPECTED_SAMPLE_RATE,3.0,22050,1,CONVERT/RESAMPLE,"SR is 22050, expected 44100"
Harmonium,1129.wav,Harmonium\Kaggle_Classification_Clips\Harmonium\1129.wav,UNEXPECTED_SAMPLE_RATE,3.0,22050,1,CONVERT/RESAMPLE,"SR is 22050, expected 44100"
Harmonium,113.wav,Harmonium\Kaggle_Classification_Clips\Harmonium\113.wav,UNEXPECTED_SAMPLE_RATE,3.0,22050,1,CONVERT/RESAMPLE,"SR is 22050, expected 44100"
Harmonium,1130.wav,Harmonium\Kaggle_Classification_Clips\Harmonium\1130.wav,UNEXPECTED_SAMPLE_RATE,3.0,22050,1,CONVERT/RESAMPLE,"SR is 22050, expected 44100"
Harmonium,1131.wav,Harmonium\Kaggle_Classification_Clips\Harmonium\1131.wav,UNEXPECTED_SAMPLE_RATE,3.0,22050,1,CONVERT/RESAMPLE,"SR is 22050, expected 44100"
Harmonium,1132.wav,Harmonium\Kaggle_Classification_Clips\Harmonium\1132.wav,UNEXPECTED_SAMPLE_RATE,3.0,22050,1,CONVERT/RESAMPLE,"SR is 22050, expected 44100"
Harmonium,1133.wav,Harmonium\Kaggle_Classification_Clips\Harmonium\1133.wav,UNEXPECTED_SAMPLE_RATE,3.0,22050,1,CONVERT/RESAMPLE,"SR is 22050, expected 44100"
Harmonium,1134.wav,Harmonium\Kaggle_Classification_Clips\Harmonium\1134.wav,UNEXPECTED_SAMPLE_RATE,3.0,22050,1,CONVERT/RESAMPLE,"SR is 22050, expected 44100"
Harmonium,1135.wav,Harmonium\Kaggle_Classification_Clips\Harmonium\1135.wav,UNEXPECTED_SAMPLE_RATE,3.0,22050,1,CONVERT/RESAMPLE,"SR is 22050, expected 44100"
Harmonium,1136.wav,Harmonium\Kaggle_Classification_Clips\Harmonium\1136.wav,UNEXPECTED_SAMPLE_RATE,3.0,22050,1,CONVERT/RESAMPLE,"SR is 22050, expected 44100"
Harmonium,1137.wav,Harmonium\Kaggle_Classification_Clips\Harmonium\1137.wav,UNEXPECTED_SAMPLE_RATE,3.0,22050,1,CONVERT/RESAMPLE,"SR is 22050, expected 44100"
Harmonium,1138.wav,Harmonium\Kaggle_Classification_Clips\Harmonium\1138.wav,UNEXPECTED_SAMPLE_RATE,3.0,22050,1,CONVERT/RESAMPLE,"SR is 22050, expected 44100"
Harmonium,1139.wav,Harmonium\Kaggle_Classification_Clips\Harmonium\1139.wav,UNEXPECTED_SAMPLE_RATE,3.0,22050,1,CONVERT/RESAMPLE,"SR is 22050, expected 44100"
Harmonium,114.wav,Harmonium\Kaggle_Classification_Clips\Harmonium\114.wav,UNEXPECTED_SAMPLE_RATE,3.0,22050,1,CONVERT/RESAMPLE,"SR is 22050, expected 44100"
Harmonium,1140.wav,Harmonium\Kaggle_Classification_Clips\Harmonium\1140.wav,UNEXPECTED_SAMPLE_RATE,3.0,22050,1,CONVERT/RESAMPLE,"SR is 22050, expected 44100"
Harmonium,1141.wav,Harmonium\Kaggle_Classification_Clips\Harmonium\1141.wav,UNEXPECTED_SAMPLE_RATE,3.0,22050,1,CONVERT/RESAMPLE,"SR is 22050, expected 44100"
Harmonium,1142.wav,Harmonium\Kaggle_Classification_Clips\Harmonium\1142.wav,UNEXPECTED_SAMPLE_RATE,3.0,22050,1,CONVERT/RESAMPLE,"SR is 22050, expected 44100"
Harmonium,1143.wav,Harmonium\Kaggle_Classification_Clips\Harmonium\1143.wav,UNEXPECTED_SAMPLE_RATE,3.0,22050,1,CONVERT/RESAMPLE,"SR is 22050, expected 44100"
Harmonium,1144.wav,Harmonium\Kaggle_Classification_Clips\Harmonium\1144.wav,UNEXPECTED_SAMPLE_RATE,3.0,22050,1,CONVERT/RESAMPLE,"SR is 22050, expected 44100"
Harmonium,1145.wav,Harmonium\Kaggle_Classification_Clips\Harmonium\1145.wav,UNEXPECTED_SAMPLE_RATE,3.0,22050,1,CONVERT/RESAMPLE,"SR is 22050, expected 44100"
Harmonium,1146.wav,Harmonium\Kaggle_Classification_Clips\Harmonium\1146.wav,UNEXPECTED_SAMPLE_RATE,3.0,22050,1,CONVERT/RESAMPLE,"SR is 22050, expected 44100"
Harmonium,1147.wav,Harmonium\Kaggle_Classification_Clips\Harmonium\1147.wav,UNEXPECTED_SAMPLE_RATE,3.0,22050,1,CONVERT/RESAMPLE,"SR is 22050, expected 44100"
Harmonium,1148.wav,Harmonium\Kaggle_Classification_Clips\Harmonium\1148.wav,UNEXPECTED_SAMPLE_RATE,3.0,22050,1,CONVERT/RESAMPLE,"SR is 22050, expected 44100"
Harmonium,1149.wav,Harmonium\Kaggle_Classification_Clips\Harmonium\1149.wav,UNEXPECTED_SAMPLE_RATE,3.0,22050,1,CONVERT/RESAMPLE,"SR is 22050, expected 44100"
Harmonium,115.wav,Harmonium\Kaggle_Classification_Clips\Harmonium\115.wav,UNEXPECTED_SAMPLE_RATE,3.0,22050,1,CONVERT/RESAMPLE,"SR is 22050, expected 44100"
Harmonium,1150.wav,Harmonium\Kaggle_Classification_Clips\Harmonium\1150.wav,UNEXPECTED_SAMPLE_RATE,3.0,22050,1,CONVERT/RESAMPLE,"SR is 22050, expected 44100"
Harmonium,1151.wav,Harmonium\Kaggle_Classification_Clips\Harmonium\1151.wav,UNEXPECTED_SAMPLE_RATE,3.0,22050,1,CONVERT/RESAMPLE,"SR is 22050, expected 44100"
Harmonium,1152.wav,Harmonium\Kaggle_Classification_Clips\Harmonium\1152.wav,UNEXPECTED_SAMPLE_RATE,3.0,22050,1,CONVERT/RESAMPLE,"SR is 22050, expected 44100"
Harmonium,1153.wav,Harmonium\Kaggle_Classification_Clips\Harmonium\1153.wav,UNEXPECTED_SAMPLE_RATE,3.0,22050,1,CONVERT/RESAMPLE,"SR is 22050, expected 44100"
Harmonium,1154.wav,Harmonium\Kaggle_Classification_Clips\Harmonium\1154.wav,UNEXPECTED_SAMPLE_RATE,3.0,22050,1,CONVERT/RESAMPLE,"SR is 22050, expected 44100"
Harmonium,1155.wav,Harmonium\Kaggle_Classification_Clips\Harmonium\1155.wav,UNEXPECTED_SAMPLE_RATE,3.0,22050,1,CONVERT/RESAMPLE,"SR is 22050, expected 44100"
Harmonium,1156.wav,Harmonium\Kaggle_Classification_Clips\Harmonium\1156.wav,UNEXPECTED_SAMPLE_RATE,3.0,22050,1,CONVERT/RESAMPLE,"SR is 22050, expected 44100"
Harmonium,1157.wav,Harmonium\Kaggle_Classification_Clips\Harmonium\1157.wav,UNEXPECTED_SAMPLE_RATE,3.0,22050,1,CONVERT/RESAMPLE,"SR is 22050, expected 44100"
Harmonium,1158.wav,Harmonium\Kaggle_Classification_Clips\Harmonium\1158.wav,UNEXPECTED_SAMPLE_RATE,3.0,22050,1,CONVERT/RESAMPLE,"SR is 22050, expected 44100"
Harmonium,1159.wav,Harmonium\Kaggle_Classification_Clips\Harmonium\1159.wav,UNEXPECTED_SAMPLE_RATE,3.0,22050,1,CONVERT/RESAMPLE,"SR is 22050, expected 44100"
Harmonium,116.wav,Harmonium\Kaggle_Classification_Clips\Harmonium\116.wav,UNEXPECTED_SAMPLE_RATE,3.0,22050,1,CONVERT/RESAMPLE,"SR is 22050, expected 44100"
Harmonium,1160.wav,Harmonium\Kaggle_Classification_Clips\Harmonium\1160.wav,UNEXPECTED_SAMPLE_RATE,3.0,22050,1,CONVERT/RESAMPLE,"SR is 22050, expected 44100"
Harmonium,1161.wav,Harmonium\Kaggle_Classification_Clips\Harmonium\1161.wav,UNEXPECTED_SAMPLE_RATE,3.0,22050,1,CONVERT/RESAMPLE,"SR is 22050, expected 44100"
Harmonium,1162.wav,Harmonium\Kaggle_Classification_Clips\Harmonium\1162.wav,UNEXPECTED_SAMPLE_RATE,3.0,22050,1,CONVERT/RESAMPLE,"SR is 22050, expected 44100"
Harmonium,1163.wav,Harmonium\Kaggle_Classification_Clips\Harmonium\1163.wav,UNEXPECTED_SAMPLE_RATE,3.0,22050,1,CONVERT/RESAMPLE,"SR is 22050, expected 44100"
Harmonium,1164.wav,Harmonium\Kaggle_Classification_Clips\Harmonium\1164.wav,UNEXPECTED_SAMPLE_RATE,3.0,22050,1,CONVERT/RESAMPLE,"SR is 22050, expected 44100"
Harmonium,1165.wav,Harmonium\Kaggle_Classification_Clips\Harmonium\1165.wav,UNEXPECTED_SAMPLE_RATE,3.0,22050,1,CONVERT/RESAMPLE,"SR is 22050, expected 44100"
Harmonium,1166.wav,Harmonium\Kaggle_Classification_Clips\Harmonium\1166.wav,UNEXPECTED_SAMPLE_RATE,3.0,22050,1,CONVERT/RESAMPLE,"SR is 22050, expected 44100"
Harmonium,1167.wav,Harmonium\Kaggle_Classification_Clips\Harmonium\1167.wav,UNEXPECTED_SAMPLE_RATE,3.0,22050,1,CONVERT/RESAMPLE,"SR is 22050, expected 44100"
Harmonium,1168.wav,Harmonium\Kaggle_Classification_Clips\Harmonium\1168.wav,UNEXPECTED_SAMPLE_RATE,3.0,22050,1,CONVERT/RESAMPLE,"SR is 22050, expected 44100"
Harmonium,1169.wav,Harmonium\Kaggle_Classification_Clips\Harmonium\1169.wav,UNEXPECTED_SAMPLE_RATE,3.0,22050,1,CONVERT/RESAMPLE,"SR is 22050, expected 44100"
Harmonium,117.wav,Harmonium\Kaggle_Classification_Clips\Harmonium\117.wav,UNEXPECTED_SAMPLE_RATE,3.0,22050,1,CONVERT/RESAMPLE,"SR is 22050, expected 44100"
Harmonium,1170.wav,Harmonium\Kaggle_Classification_Clips\Harmonium\1170.wav,UNEXPECTED_SAMPLE_RATE,3.0,22050,1,CONVERT/RESAMPLE,"SR is 22050, expected 44100"
Harmonium,1171.wav,Harmonium\Kaggle_Classification_Clips\Harmonium\1171.wav,UNEXPECTED_SAMPLE_RATE,3.0,22050,1,CONVERT/RESAMPLE,"SR is 22050, expected 44100"
Harmonium,1172.wav,Harmonium\Kaggle_Classification_Clips\Harmonium\1172.wav,UNEXPECTED_SAMPLE_RATE,3.0,22050,1,CONVERT/RESAMPLE,"SR is 22050, expected 44100"
Harmonium,1173.wav,Harmonium\Kaggle_Classification_Clips\Harmonium\1173.wav,UNEXPECTED_SAMPLE_RATE,3.0,22050,1,CONVERT/RESAMPLE,"SR is 22050, expected 44100"
Harmonium,1174.wav,Harmonium\Kaggle_Classification_Clips\Harmonium\1174.wav,UNEXPECTED_SAMPLE_RATE,3.0,22050,1,CONVERT/RESAMPLE,"SR is 22050, expected 44100"
Harmonium,1175.wav,Harmonium\Kaggle_Classification_Clips\Harmonium\1175.wav,UNEXPECTED_SAMPLE_RATE,3.0,22050,1,CONVERT/RESAMPLE,"SR is 22050, expected 44100"
Harmonium,1176.wav,Harmonium\Kaggle_Classification_Clips\Harmonium\1176.wav,UNEXPECTED_SAMPLE_RATE,3.0,22050,1,CONVERT/RESAMPLE,"SR is 22050, expected 44100"
Harmonium,1177.wav,Harmonium\Kaggle_Classification_Clips\Harmonium\1177.wav,UNEXPECTED_SAMPLE_RATE,3.0,22050,1,CONVERT/RESAMPLE,"SR is 22050, expected 44100"
Harmonium,1178.wav,Harmonium\Kaggle_Classification_Clips\Harmonium\1178.wav,UNEXPECTED_SAMPLE_RATE,3.0,22050,1,CONVERT/RESAMPLE,"SR is 22050, expected 44100"
Harmonium,1179.wav,Harmonium\Kaggle_Classification_Clips\Harmonium\1179.wav,UNEXPECTED_SAMPLE_RATE,3.0,22050,1,CONVERT/RESAMPLE,"SR is 22050, expected 44100"
Harmonium,118.wav,Harmonium\Kaggle_Classification_Clips\Harmonium\118.wav,UNEXPECTED_SAMPLE_RATE,3.0,22050,1,CONVERT/RESAMPLE,"SR is 22050, expected 44100"
Harmonium,1180.wav,Harmonium\Kaggle_Classification_Clips\Harmonium\1180.wav,UNEXPECTED_SAMPLE_RATE,3.0,22050,1,CONVERT/RESAMPLE,"SR is 22050, expected 44100"
Harmonium,1181.wav,Harmonium\Kaggle_Classification_Clips\Harmonium\1181.wav,UNEXPECTED_SAMPLE_RATE,3.0,22050,1,CONVERT/RESAMPLE,"SR is 22050, expected 44100"
Harmonium,1182.wav,Harmonium\Kaggle_Classification_Clips\Harmonium\1182.wav,UNEXPECTED_SAMPLE_RATE,3.0,22050,1,CONVERT/RESAMPLE,"SR is 22050, expected 44100"
Harmonium,1183.wav,Harmonium\Kaggle_Classification_Clips\Harmonium\1183.wav,UNEXPECTED_SAMPLE_RATE,3.0,22050,1,CONVERT/RESAMPLE,"SR is 22050, expected 44100"
Harmonium,1184.wav,Harmonium\Kaggle_Classification_Clips\Harmonium\1184.wav,UNEXPECTED_SAMPLE_RATE,3.0,22050,1,CONVERT/RESAMPLE,"SR is 22050, expected 44100"
Harmonium,1185.wav,Harmonium\Kaggle_Classification_Clips\Harmonium\1185.wav,UNEXPECTED_SAMPLE_RATE,3.0,22050,1,CONVERT/RESAMPLE,"SR is 22050, expected 44100"
Harmonium,1186.wav,Harmonium\Kaggle_Classification_Clips\Harmonium\1186.wav,UNEXPECTED_SAMPLE_RATE,3.0,22050,1,CONVERT/RESAMPLE,"SR is 22050, expected 44100"
Harmonium,1187.wav,Harmonium\Kaggle_Classification_Clips\Harmonium\1187.wav,UNEXPECTED_SAMPLE_RATE,3.0,22050,1,CONVERT/RESAMPLE,"SR is 22050, expected 44100"
Harmonium,1188.wav,Harmonium\Kaggle_Classification_Clips\Harmonium\1188.wav,UNEXPECTED_SAMPLE_RATE,3.0,22050,1,CONVERT/RESAMPLE,"SR is 22050, expected 44100"
Harmonium,1189.wav,Harmonium\Kaggle_Classification_Clips\Harmonium\1189.wav,UNEXPECTED_SAMPLE_RATE,3.0,22050,1,CONVERT/RESAMPLE,"SR is 22050, expected 44100"
Harmonium,119.wav,Harmonium\Kaggle_Classification_Clips\Harmonium\119.wav,UNEXPECTED_SAMPLE_RATE,3.0,22050,1,CONVERT/RESAMPLE,"SR is 22050, expected 44100"
Harmonium,1190.wav,Harmonium\Kaggle_Classification_Clips\Harmonium\1190.wav,UNEXPECTED_SAMPLE_RATE,3.0,22050,1,CONVERT/RESAMPLE,"SR is 22050, expected 44100"
Harmonium,1191.wav,Harmonium\Kaggle_Classification_Clips\Harmonium\1191.wav,UNEXPECTED_SAMPLE_RATE,3.0,22050,1,CONVERT/RESAMPLE,"SR is 22050, expected 44100"
Harmonium,1192.wav,Harmonium\Kaggle_Classification_Clips\Harmonium\1192.wav,UNEXPECTED_SAMPLE_RATE,3.0,22050,1,CONVERT/RESAMPLE,"SR is 22050, expected 44100"
Harmonium,1193.wav,Harmonium\Kaggle_Classification_Clips\Harmonium\1193.wav,UNEXPECTED_SAMPLE_RATE,3.0,22050,1,CONVERT/RESAMPLE,"SR is 22050, expected 44100"
Harmonium,1194.wav,Harmonium\Kaggle_Classification_Clips\Harmonium\1194.wav,UNEXPECTED_SAMPLE_RATE,3.0,22050,1,CONVERT/RESAMPLE,"SR is 22050, expected 44100"
Harmonium,1195.wav,Harmonium\Kaggle_Classification_Clips\Harmonium\1195.wav,UNEXPECTED_SAMPLE_RATE,3.0,22050,1,CONVERT/RESAMPLE,"SR is 22050, expected 44100"
Harmonium,1196.wav,Harmonium\Kaggle_Classification_Clips\Harmonium\1196.wav,UNEXPECTED_SAMPLE_RATE,3.0,22050,1,CONVERT/RESAMPLE,"SR is 22050, expected 44100"
Harmonium,1197.wav,Harmonium\Kaggle_Classification_Clips\Harmonium\1197.wav,UNEXPECTED_SAMPLE_RATE,3.0,22050,1,CONVERT/RESAMPLE,"SR is 22050, expected 44100"
Harmonium,1198.wav,Harmonium\Kaggle_Classification_Clips\Harmonium\1198.wav,UNEXPECTED_SAMPLE_RATE,3.0,22050,1,CONVERT/RESAMPLE,"SR is 22050, expected 44100"
Harmonium,1199.wav,Harmonium\Kaggle_Classification_Clips\Harmonium\1199.wav,UNEXPECTED_SAMPLE_RATE,3.0,22050,1,CONVERT/RESAMPLE,"SR is 22050, expected 44100"
Harmonium,12.wav,Harmonium\Kaggle_Classification_Clips\Harmonium\12.wav,UNEXPECTED_SAMPLE_RATE,3.0,22050,1,CONVERT/RESAMPLE,"SR is 22050, expected 44100"
Harmonium,120.wav,Harmonium\Kaggle_Classification_Clips\Harmonium\120.wav,UNEXPECTED_SAMPLE_RATE,3.0,22050,1,CONVERT/RESAMPLE,"SR is 22050, expected 44100"
Harmonium,1200.wav,Harmonium\Kaggle_Classification_Clips\Harmonium\1200.wav,UNEXPECTED_SAMPLE_RATE,3.0,22050,1,CONVERT/RESAMPLE,"SR is 22050, expected 44100"
Harmonium,1201.wav,Harmonium\Kaggle_Classification_Clips\Harmonium\1201.wav,UNEXPECTED_SAMPLE_RATE,3.0,22050,1,CONVERT/RESAMPLE,"SR is 22050, expected 44100"
Harmonium,1202.wav,Harmonium\Kaggle_Classification_Clips\Harmonium\1202.wav,UNEXPECTED_SAMPLE_RATE,3.0,22050,1,CONVERT/RESAMPLE,"SR is 22050, expected 44100"
Harmonium,1203.wav,Harmonium\Kaggle_Classification_Clips\Harmonium\1203.wav,UNEXPECTED_SAMPLE_RATE,3.0,22050,1,CONVERT/RESAMPLE,"SR is 22050, expected 44100"
Harmonium,1204.wav,Harmonium\Kaggle_Classification_Clips\Harmonium\1204.wav,UNEXPECTED_SAMPLE_RATE,3.0,22050,1,CONVERT/RESAMPLE,"SR is 22050, expected 44100"
Harmonium,1205.wav,Harmonium\Kaggle_Classification_Clips\Harmonium\1205.wav,UNEXPECTED_SAMPLE_RATE,3.0,22050,1,CONVERT/RESAMPLE,"SR is 22050, expected 44100"
Harmonium,1206.wav,Harmonium\Kaggle_Classification_Clips\Harmonium\1206.wav,UNEXPECTED_SAMPLE_RATE,3.0,22050,1,CONVERT/RESAMPLE,"SR is 22050, expected 44100"
Harmonium,1207.wav,Harmonium\Kaggle_Classification_Clips\Harmonium\1207.wav,UNEXPECTED_SAMPLE_RATE,3.0,22050,1,CONVERT/RESAMPLE,"SR is 22050, expected 44100"
Harmonium,1208.wav,Harmonium\Kaggle_Classification_Clips\Harmonium\1208.wav,UNEXPECTED_SAMPLE_RATE,3.0,22050,1,CONVERT/RESAMPLE,"SR is 22050, expected 44100"
Harmonium,1209.wav,Harmonium\Kaggle_Classification_Clips\Harmonium\1209.wav,UNEXPECTED_SAMPLE_RATE,3.0,22050,1,CONVERT/RESAMPLE,"SR is 22050, expected 44100"
Harmonium,121.wav,Harmonium\Kaggle_Classification_Clips\Harmonium\121.wav,UNEXPECTED_SAMPLE_RATE,3.0,22050,1,CONVERT/RESAMPLE,"SR is 22050, expected 44100"
Harmonium,1210.wav,Harmonium\Kaggle_Classification_Clips\Harmonium\1210.wav,UNEXPECTED_SAMPLE_RATE,3.0,22050,1,CONVERT/RESAMPLE,"SR is 22050, expected 44100"
Harmonium,1211.wav,Harmonium\Kaggle_Classification_Clips\Harmonium\1211.wav,UNEXPECTED_SAMPLE_RATE,3.0,22050,1,CONVERT/RESAMPLE,"SR is 22050, expected 44100"
Harmonium,1212.wav,Harmonium\Kaggle_Classification_Clips\Harmonium\1212.wav,UNEXPECTED_SAMPLE_RATE,3.0,22050,1,CONVERT/RESAMPLE,"SR is 22050, expected 44100"
Harmonium,1213.wav,Harmonium\Kaggle_Classification_Clips\Harmonium\1213.wav,UNEXPECTED_SAMPLE_RATE,3.0,22050,1,CONVERT/RESAMPLE,"SR is 22050, expected 44100"
Harmonium,1214.wav,Harmonium\Kaggle_Classification_Clips\Harmonium\1214.wav,UNEXPECTED_SAMPLE_RATE,3.0,22050,1,CONVERT/RESAMPLE,"SR is 22050, expected 44100"
Harmonium,1215.wav,Harmonium\Kaggle_Classification_Clips\Harmonium\1215.wav,UNEXPECTED_SAMPLE_RATE,3.0,22050,1,CONVERT/RESAMPLE,"SR is 22050, expected 44100"
Harmonium,1216.wav,Harmonium\Kaggle_Classification_Clips\Harmonium\1216.wav,UNEXPECTED_SAMPLE_RATE,3.0,22050,1,CONVERT/RESAMPLE,"SR is 22050, expected 44100"
Harmonium,1217.wav,Harmonium\Kaggle_Classification_Clips\Harmonium\1217.wav,UNEXPECTED_SAMPLE_RATE,3.0,22050,1,CONVERT/RESAMPLE,"SR is 22050, expected 44100"
Harmonium,1218.wav,Harmonium\Kaggle_Classification_Clips\Harmonium\1218.wav,UNEXPECTED_SAMPLE_RATE,3.0,22050,1,CONVERT/RESAMPLE,"SR is 22050, expected 44100"
Harmonium,1219.wav,Harmonium\Kaggle_Classification_Clips\Harmonium\1219.wav,UNEXPECTED_SAMPLE_RATE,3.0,22050,1,CONVERT/RESAMPLE,"SR is 22050, expected 44100"
Harmonium,122.wav,Harmonium\Kaggle_Classification_Clips\Harmonium\122.wav,UNEXPECTED_SAMPLE_RATE,3.0,22050,1,CONVERT/RESAMPLE,"SR is 22050, expected 44100"
Harmonium,1220.wav,Harmonium\Kaggle_Classification_Clips\Harmonium\1220.wav,UNEXPECTED_SAMPLE_RATE,3.0,22050,1,CONVERT/RESAMPLE,"SR is 22050, expected 44100"
Harmonium,1221.wav,Harmonium\Kaggle_Classification_Clips\Harmonium\1221.wav,UNEXPECTED_SAMPLE_RATE,3.0,22050,1,CONVERT/RESAMPLE,"SR is 22050, expected 44100"
Harmonium,1222.wav,Harmonium\Kaggle_Classification_Clips\Harmonium\1222.wav,UNEXPECTED_SAMPLE_RATE,3.0,22050,1,CONVERT/RESAMPLE,"SR is 22050, expected 44100"
Harmonium,1223.wav,Harmonium\Kaggle_Classification_Clips\Harmonium\1223.wav,UNEXPECTED_SAMPLE_RATE,3.0,22050,1,CONVERT/RESAMPLE,"SR is 22050, expected 44100"
Harmonium,1224.wav,Harmonium\Kaggle_Classification_Clips\Harmonium\1224.wav,UNEXPECTED_SAMPLE_RATE,3.0,22050,1,CONVERT/RESAMPLE,"SR is 22050, expected 44100"
Harmonium,1225.wav,Harmonium\Kaggle_Classification_Clips\Harmonium\1225.wav,UNEXPECTED_SAMPLE_RATE,3.0,22050,1,CONVERT/RESAMPLE,"SR is 22050, expected 44100"
Harmonium,1226.wav,Harmonium\Kaggle_Classification_Clips\Harmonium\1226.wav,UNEXPECTED_SAMPLE_RATE,3.0,22050,1,CONVERT/RESAMPLE,"SR is 22050, expected 44100"
Harmonium,1227.wav,Harmonium\Kaggle_Classification_Clips\Harmonium\1227.wav,UNEXPECTED_SAMPLE_RATE,3.0,22050,1,CONVERT/RESAMPLE,"SR is 22050, expected 44100"
Harmonium,1228.wav,Harmonium\Kaggle_Classification_Clips\Harmonium\1228.wav,UNEXPECTED_SAMPLE_RATE,3.0,22050,1,CONVERT/RESAMPLE,"SR is 22050, expected 44100"
Harmonium,1229.wav,Harmonium\Kaggle_Classification_Clips\Harmonium\1229.wav,UNEXPECTED_SAMPLE_RATE,3.0,22050,1,CONVERT/RESAMPLE,"SR is 22050, expected 44100"
Harmonium,123.wav,Harmonium\Kaggle_Classification_Clips\Harmonium\123.wav,UNEXPECTED_SAMPLE_RATE,3.0,22050,1,CONVERT/RESAMPLE,"SR is 22050, expected 44100"
Harmonium,1230.wav,Harmonium\Kaggle_Classification_Clips\Harmonium\1230.wav,UNEXPECTED_SAMPLE_RATE,3.0,22050,1,CONVERT/RESAMPLE,"SR is 22050, expected 44100"
Harmonium,1231.wav,Harmonium\Kaggle_Classification_Clips\Harmonium\1231.wav,UNEXPECTED_SAMPLE_RATE,3.0,22050,1,CONVERT/RESAMPLE,"SR is 22050, expected 44100"
Harmonium,1232.wav,Harmonium\Kaggle_Classification_Clips\Harmonium\1232.wav,UNEXPECTED_SAMPLE_RATE,3.0,22050,1,CONVERT/RESAMPLE,"SR is 22050, expected 44100"
Harmonium,1233.wav,Harmonium\Kaggle_Classification_Clips\Harmonium\1233.wav,UNEXPECTED_SAMPLE_RATE,3.0,22050,1,CONVERT/RESAMPLE,"SR is 22050, expected 44100"
Harmonium,1234.wav,Harmonium\Kaggle_Classification_Clips\Harmonium\1234.wav,UNEXPECTED_SAMPLE_RATE,3.0,22050,1,CONVERT/RESAMPLE,"SR is 22050, expected 44100"
Harmonium,1235.wav,Harmonium\Kaggle_Classification_Clips\Harmonium\1235.wav,UNEXPECTED_SAMPLE_RATE,3.0,22050,1,CONVERT/RESAMPLE,"SR is 22050, expected 44100"
Harmonium,1236.wav,Harmonium\Kaggle_Classification_Clips\Harmonium\1236.wav,UNEXPECTED_SAMPLE_RATE,3.0,22050,1,CONVERT/RESAMPLE,"SR is 22050, expected 44100"
Harmonium,1237.wav,Harmonium\Kaggle_Classification_Clips\Harmonium\1237.wav,UNEXPECTED_SAMPLE_RATE,3.0,22050,1,CONVERT/RESAMPLE,"SR is 22050, expected 44100"
Harmonium,1238.wav,Harmonium\Kaggle_Classification_Clips\Harmonium\1238.wav,UNEXPECTED_SAMPLE_RATE,3.0,22050,1,CONVERT/RESAMPLE,"SR is 22050, expected 44100"
Harmonium,1239.wav,Harmonium\Kaggle_Classification_Clips\Harmonium\1239.wav,UNEXPECTED_SAMPLE_RATE,3.0,22050,1,CONVERT/RESAMPLE,"SR is 22050, expected 44100"
Harmonium,124.wav,Harmonium\Kaggle_Classification_Clips\Harmonium\124.wav,UNEXPECTED_SAMPLE_RATE,3.0,22050,1,CONVERT/RESAMPLE,"SR is 22050, expected 44100"
Harmonium,1240.wav,Harmonium\Kaggle_Classification_Clips\Harmonium\1240.wav,UNEXPECTED_SAMPLE_RATE,3.0,22050,1,CONVERT/RESAMPLE,"SR is 22050, expected 44100"
Harmonium,1241.wav,Harmonium\Kaggle_Classification_Clips\Harmonium\1241.wav,UNEXPECTED_SAMPLE_RATE,3.0,22050,1,CONVERT/RESAMPLE,"SR is 22050, expected 44100"
Harmonium,1242.wav,Harmonium\Kaggle_Classification_Clips\Harmonium\1242.wav,UNEXPECTED_SAMPLE_RATE,3.0,22050,1,CONVERT/RESAMPLE,"SR is 22050, expected 44100"
Harmonium,1243.wav,Harmonium\Kaggle_Classification_Clips\Harmonium\1243.wav,UNEXPECTED_SAMPLE_RATE,3.0,22050,1,CONVERT/RESAMPLE,"SR is 22050, expected 44100"
Harmonium,1244.wav,Harmonium\Kaggle_Classification_Clips\Harmonium\1244.wav,UNEXPECTED_SAMPLE_RATE,3.0,22050,1,CONVERT/RESAMPLE,"SR is 22050, expected 44100"
Harmonium,1245.wav,Harmonium\Kaggle_Classification_Clips\Harmonium\1245.wav,UNEXPECTED_SAMPLE_RATE,3.0,22050,1,CONVERT/RESAMPLE,"SR is 22050, expected 44100"
Harmonium,1246.wav,Harmonium\Kaggle_Classification_Clips\Harmonium\1246.wav,UNEXPECTED_SAMPLE_RATE,3.0,22050,1,CONVERT/RESAMPLE,"SR is 22050, expected 44100"
Harmonium,1247.wav,Harmonium\Kaggle_Classification_Clips\Harmonium\1247.wav,UNEXPECTED_SAMPLE_RATE,3.0,22050,1,CONVERT/RESAMPLE,"SR is 22050, expected 44100"
Harmonium,1248.wav,Harmonium\Kaggle_Classification_Clips\Harmonium\1248.wav,UNEXPECTED_SAMPLE_RATE,3.0,22050,1,CONVERT/RESAMPLE,"SR is 22050, expected 44100"
Harmonium,1249.wav,Harmonium\Kaggle_Classification_Clips\Harmonium\1249.wav,UNEXPECTED_SAMPLE_RATE,3.0,22050,1,CONVERT/RESAMPLE,"SR is 22050, expected 44100"
Harmonium,125.wav,Harmonium\Kaggle_Classification_Clips\Harmonium\125.wav,UNEXPECTED_SAMPLE_RATE,3.0,22050,1,CONVERT/RESAMPLE,"SR is 22050, expected 44100"
Harmonium,1250.wav,Harmonium\Kaggle_Classification_Clips\Harmonium\1250.wav,UNEXPECTED_SAMPLE_RATE,3.0,22050,1,CONVERT/RESAMPLE,"SR is 22050, expected 44100"
Harmonium,1251.wav,Harmonium\Kaggle_Classification_Clips\Harmonium\1251.wav,UNEXPECTED_SAMPLE_RATE,3.0,22050,1,CONVERT/RESAMPLE,"SR is 22050, expected 44100"
Harmonium,1252.wav,Harmonium\Kaggle_Classification_Clips\Harmonium\1252.wav,UNEXPECTED_SAMPLE_RATE,3.0,22050,1,CONVERT/RESAMPLE,"SR is 22050, expected 44100"
Harmonium,1253.wav,Harmonium\Kaggle_Classification_Clips\Harmonium\1253.wav,UNEXPECTED_SAMPLE_RATE,3.0,22050,1,CONVERT/RESAMPLE,"SR is 22050, expected 44100"
Harmonium,1254.wav,Harmonium\Kaggle_Classification_Clips\Harmonium\1254.wav,UNEXPECTED_SAMPLE_RATE,3.0,22050,1,CONVERT/RESAMPLE,"SR is 22050, expected 44100"
Harmonium,1255.wav,Harmonium\Kaggle_Classification_Clips\Harmonium\1255.wav,UNEXPECTED_SAMPLE_RATE,3.0,22050,1,CONVERT/RESAMPLE,"SR is 22050, expected 44100"
Harmonium,1256.wav,Harmonium\Kaggle_Classification_Clips\Harmonium\1256.wav,UNEXPECTED_SAMPLE_RATE,3.0,22050,1,CONVERT/RESAMPLE,"SR is 22050, expected 44100"
Harmonium,1257.wav,Harmonium\Kaggle_Classification_Clips\Harmonium\1257.wav,UNEXPECTED_SAMPLE_RATE,3.0,22050,1,CONVERT/RESAMPLE,"SR is 22050, expected 44100"
Harmonium,1258.wav,Harmonium\Kaggle_Classification_Clips\Harmonium\1258.wav,UNEXPECTED_SAMPLE_RATE,3.0,22050,1,CONVERT/RESAMPLE,"SR is 22050, expected 44100"
Harmonium,1259.wav,Harmonium\Kaggle_Classification_Clips\Harmonium\1259.wav,UNEXPECTED_SAMPLE_RATE,3.0,22050,1,CONVERT/RESAMPLE,"SR is 22050, expected 44100"
Harmonium,126.wav,Harmonium\Kaggle_Classification_Clips\Harmonium\126.wav,UNEXPECTED_SAMPLE_RATE,3.0,22050,1,CONVERT/RESAMPLE,"SR is 22050, expected 44100"
Harmonium,1260.wav,Harmonium\Kaggle_Classification_Clips\Harmonium\1260.wav,UNEXPECTED_SAMPLE_RATE,3.0,22050,1,CONVERT/RESAMPLE,"SR is 22050, expected 44100"
Harmonium,1261.wav,Harmonium\Kaggle_Classification_Clips\Harmonium\1261.wav,UNEXPECTED_SAMPLE_RATE,3.0,22050,1,CONVERT/RESAMPLE,"SR is 22050, expected 44100"
Harmonium,1262.wav,Harmonium\Kaggle_Classification_Clips\Harmonium\1262.wav,UNEXPECTED_SAMPLE_RATE,3.0,22050,1,CONVERT/RESAMPLE,"SR is 22050, expected 44100"
Harmonium,1263.wav,Harmonium\Kaggle_Classification_Clips\Harmonium\1263.wav,UNEXPECTED_SAMPLE_RATE,3.0,22050,1,CONVERT/RESAMPLE,"SR is 22050, expected 44100"
Harmonium,1264.wav,Harmonium\Kaggle_Classification_Clips\Harmonium\1264.wav,UNEXPECTED_SAMPLE_RATE,3.0,22050,1,CONVERT/RESAMPLE,"SR is 22050, expected 44100"
Harmonium,1265.wav,Harmonium\Kaggle_Classification_Clips\Harmonium\1265.wav,UNEXPECTED_SAMPLE_RATE,3.0,22050,1,CONVERT/RESAMPLE,"SR is 22050, expected 44100"
Harmonium,1266.wav,Harmonium\Kaggle_Classification_Clips\Harmonium\1266.wav,UNEXPECTED_SAMPLE_RATE,3.0,22050,1,CONVERT/RESAMPLE,"SR is 22050, expected 44100"
Harmonium,1267.wav,Harmonium\Kaggle_Classification_Clips\Harmonium\1267.wav,UNEXPECTED_SAMPLE_RATE,3.0,22050,1,CONVERT/RESAMPLE,"SR is 22050, expected 44100"
Harmonium,1268.wav,Harmonium\Kaggle_Classification_Clips\Harmonium\1268.wav,UNEXPECTED_SAMPLE_RATE,3.0,22050,1,CONVERT/RESAMPLE,"SR is 22050, expected 44100"
Harmonium,1269.wav,Harmonium\Kaggle_Classification_Clips\Harmonium\1269.wav,UNEXPECTED_SAMPLE_RATE,3.0,22050,1,CONVERT/RESAMPLE,"SR is 22050, expected 44100"
Harmonium,127.wav,Harmonium\Kaggle_Classification_Clips\Harmonium\127.wav,UNEXPECTED_SAMPLE_RATE,3.0,22050,1,CONVERT/RESAMPLE,"SR is 22050, expected 44100"
Harmonium,1270.wav,Harmonium\Kaggle_Classification_Clips\Harmonium\1270.wav,UNEXPECTED_SAMPLE_RATE,3.0,22050,1,CONVERT/RESAMPLE,"SR is 22050, expected 44100"
Harmonium,1271.wav,Harmonium\Kaggle_Classification_Clips\Harmonium\1271.wav,UNEXPECTED_SAMPLE_RATE,3.0,22050,1,CONVERT/RESAMPLE,"SR is 22050, expected 44100"
Harmonium,1272.wav,Harmonium\Kaggle_Classification_Clips\Harmonium\1272.wav,UNEXPECTED_SAMPLE_RATE,3.0,22050,1,CONVERT/RESAMPLE,"SR is 22050, expected 44100"
Harmonium,1273.wav,Harmonium\Kaggle_Classification_Clips\Harmonium\1273.wav,UNEXPECTED_SAMPLE_RATE,3.0,22050,1,CONVERT/RESAMPLE,"SR is 22050, expected 44100"
Harmonium,1274.wav,Harmonium\Kaggle_Classification_Clips\Harmonium\1274.wav,UNEXPECTED_SAMPLE_RATE,3.0,22050,1,CONVERT/RESAMPLE,"SR is 22050, expected 44100"
Harmonium,1275.wav,Harmonium\Kaggle_Classification_Clips\Harmonium\1275.wav,UNEXPECTED_SAMPLE_RATE,3.0,22050,1,CONVERT/RESAMPLE,"SR is 22050, expected 44100"
Harmonium,1276.wav,Harmonium\Kaggle_Classification_Clips\Harmonium\1276.wav,UNEXPECTED_SAMPLE_RATE,3.0,22050,1,CONVERT/RESAMPLE,"SR is 22050, expected 44100"
Harmonium,1277.wav,Harmonium\Kaggle_Classification_Clips\Harmonium\1277.wav,UNEXPECTED_SAMPLE_RATE,3.0,22050,1,CONVERT/RESAMPLE,"SR is 22050, expected 44100"
Harmonium,1278.wav,Harmonium\Kaggle_Classification_Clips\Harmonium\1278.wav,UNEXPECTED_SAMPLE_RATE,3.0,22050,1,CONVERT/RESAMPLE,"SR is 22050, expected 44100"
Harmonium,1279.wav,Harmonium\Kaggle_Classification_Clips\Harmonium\1279.wav,UNEXPECTED_SAMPLE_RATE,3.0,22050,1,CONVERT/RESAMPLE,"SR is 22050, expected 44100"
Harmonium,128.wav,Harmonium\Kaggle_Classification_Clips\Harmonium\128.wav,UNEXPECTED_SAMPLE_RATE,3.0,22050,1,CONVERT/RESAMPLE,"SR is 22050, expected 44100"
Harmonium,1280.wav,Harmonium\Kaggle_Classification_Clips\Harmonium\1280.wav,UNEXPECTED_SAMPLE_RATE,3.0,22050,1,CONVERT/RESAMPLE,"SR is 22050, expected 44100"
Harmonium,1281.wav,Harmonium\Kaggle_Classification_Clips\Harmonium\1281.wav,UNEXPECTED_SAMPLE_RATE,3.0,22050,1,CONVERT/RESAMPLE,"SR is 22050, expected 44100"
Harmonium,1282.wav,Harmonium\Kaggle_Classification_Clips\Harmonium\1282.wav,UNEXPECTED_SAMPLE_RATE,3.0,22050,1,CONVERT/RESAMPLE,"SR is 22050, expected 44100"
Harmonium,1283.wav,Harmonium\Kaggle_Classification_Clips\Harmonium\1283.wav,UNEXPECTED_SAMPLE_RATE,3.0,22050,1,CONVERT/RESAMPLE,"SR is 22050, expected 44100"
Harmonium,1284.wav,Harmonium\Kaggle_Classification_Clips\Harmonium\1284.wav,UNEXPECTED_SAMPLE_RATE,3.0,22050,1,CONVERT/RESAMPLE,"SR is 22050, expected 44100"
Harmonium,1285.wav,Harmonium\Kaggle_Classification_Clips\Harmonium\1285.wav,UNEXPECTED_SAMPLE_RATE,3.0,22050,1,CONVERT/RESAMPLE,"SR is 22050, expected 44100"
Harmonium,1286.wav,Harmonium\Kaggle_Classification_Clips\Harmonium\1286.wav,UNEXPECTED_SAMPLE_RATE,3.0,22050,1,CONVERT/RESAMPLE,"SR is 22050, expected 44100"
Harmonium,1287.wav,Harmonium\Kaggle_Classification_Clips\Harmonium\1287.wav,UNEXPECTED_SAMPLE_RATE,3.0,22050,1,CONVERT/RESAMPLE,"SR is 22050, expected 44100"
Harmonium,1288.wav,Harmonium\Kaggle_Classification_Clips\Harmonium\1288.wav,UNEXPECTED_SAMPLE_RATE,3.0,22050,1,CONVERT/RESAMPLE,"SR is 22050, expected 44100"
Harmonium,1289.wav,Harmonium\Kaggle_Classification_Clips\Harmonium\1289.wav,UNEXPECTED_SAMPLE_RATE,3.0,22050,1,CONVERT/RESAMPLE,"SR is 22050, expected 44100"
Harmonium,129.wav,Harmonium\Kaggle_Classification_Clips\Harmonium\129.wav,UNEXPECTED_SAMPLE_RATE,3.0,22050,1,CONVERT/RESAMPLE,"SR is 22050, expected 44100"
Harmonium,1290.wav,Harmonium\Kaggle_Classification_Clips\Harmonium\1290.wav,UNEXPECTED_SAMPLE_RATE,3.0,22050,1,CONVERT/RESAMPLE,"SR is 22050, expected 44100"
Harmonium,1291.wav,Harmonium\Kaggle_Classification_Clips\Harmonium\1291.wav,UNEXPECTED_SAMPLE_RATE,3.0,22050,1,CONVERT/RESAMPLE,"SR is 22050, expected 44100"
Harmonium,1292.wav,Harmonium\Kaggle_Classification_Clips\Harmonium\1292.wav,UNEXPECTED_SAMPLE_RATE,3.0,22050,1,CONVERT/RESAMPLE,"SR is 22050, expected 44100"
Harmonium,1293.wav,Harmonium\Kaggle_Classification_Clips\Harmonium\1293.wav,UNEXPECTED_SAMPLE_RATE,3.0,22050,1,CONVERT/RESAMPLE,"SR is 22050, expected 44100"
Harmonium,1294.wav,Harmonium\Kaggle_Classification_Clips\Harmonium\1294.wav,UNEXPECTED_SAMPLE_RATE,3.0,22050,1,CONVERT/RESAMPLE,"SR is 22050, expected 44100"
Harmonium,1295.wav,Harmonium\Kaggle_Classification_Clips\Harmonium\1295.wav,UNEXPECTED_SAMPLE_RATE,3.0,22050,1,CONVERT/RESAMPLE,"SR is 22050, expected 44100"
Harmonium,1296.wav,Harmonium\Kaggle_Classification_Clips\Harmonium\1296.wav,UNEXPECTED_SAMPLE_RATE,3.0,22050,1,CONVERT/RESAMPLE,"SR is 22050, expected 44100"
Harmonium,1297.wav,Harmonium\Kaggle_Classification_Clips\Harmonium\1297.wav,UNEXPECTED_SAMPLE_RATE,3.0,22050,1,CONVERT/RESAMPLE,"SR is 22050, expected 44100"
Harmonium,1298.wav,Harmonium\Kaggle_Classification_Clips\Harmonium\1298.wav,UNEXPECTED_SAMPLE_RATE,3.0,22050,1,CONVERT/RESAMPLE,"SR is 22050, expected 44100"
Harmonium,1299.wav,Harmonium\Kaggle_Classification_Clips\Harmonium\1299.wav,UNEXPECTED_SAMPLE_RATE,3.0,22050,1,CONVERT/RESAMPLE,"SR is 22050, expected 44100"
Harmonium,13.wav,Harmonium\Kaggle_Classification_Clips\Harmonium\13.wav,UNEXPECTED_SAMPLE_RATE,3.0,22050,1,CONVERT/RESAMPLE,"SR is 22050, expected 44100"
Harmonium,130.wav,Harmonium\Kaggle_Classification_Clips\Harmonium\130.wav,UNEXPECTED_SAMPLE_RATE,3.0,22050,1,CONVERT/RESAMPLE,"SR is 22050, expected 44100"
Harmonium,1300.wav,Harmonium\Kaggle_Classification_Clips\Harmonium\1300.wav,UNEXPECTED_SAMPLE_RATE,3.0,22050,1,CONVERT/RESAMPLE,"SR is 22050, expected 44100"
Harmonium,1301.wav,Harmonium\Kaggle_Classification_Clips\Harmonium\1301.wav,UNEXPECTED_SAMPLE_RATE,3.0,22050,1,CONVERT/RESAMPLE,"SR is 22050, expected 44100"
Harmonium,1302.wav,Harmonium\Kaggle_Classification_Clips\Harmonium\1302.wav,UNEXPECTED_SAMPLE_RATE,3.0,22050,1,CONVERT/RESAMPLE,"SR is 22050, expected 44100"
Harmonium,1303.wav,Harmonium\Kaggle_Classification_Clips\Harmonium\1303.wav,UNEXPECTED_SAMPLE_RATE,3.0,22050,1,CONVERT/RESAMPLE,"SR is 22050, expected 44100"
Harmonium,1304.wav,Harmonium\Kaggle_Classification_Clips\Harmonium\1304.wav,UNEXPECTED_SAMPLE_RATE,3.0,22050,1,CONVERT/RESAMPLE,"SR is 22050, expected 44100"
Harmonium,1305.wav,Harmonium\Kaggle_Classification_Clips\Harmonium\1305.wav,UNEXPECTED_SAMPLE_RATE,3.0,22050,1,CONVERT/RESAMPLE,"SR is 22050, expected 44100"
Harmonium,1306.wav,Harmonium\Kaggle_Classification_Clips\Harmonium\1306.wav,UNEXPECTED_SAMPLE_RATE,3.0,22050,1,CONVERT/RESAMPLE,"SR is 22050, expected 44100"
Harmonium,1307.wav,Harmonium\Kaggle_Classification_Clips\Harmonium\1307.wav,UNEXPECTED_SAMPLE_RATE,3.0,22050,1,CONVERT/RESAMPLE,"SR is 22050, expected 44100"
Harmonium,1308.wav,Harmonium\Kaggle_Classification_Clips\Harmonium\1308.wav,UNEXPECTED_SAMPLE_RATE,3.0,22050,1,CONVERT/RESAMPLE,"SR is 22050, expected 44100"
Harmonium,1309.wav,Harmonium\Kaggle_Classification_Clips\Harmonium\1309.wav,UNEXPECTED_SAMPLE_RATE,3.0,22050,1,CONVERT/RESAMPLE,"SR is 22050, expected 44100"
Harmonium,131.wav,Harmonium\Kaggle_Classification_Clips\Harmonium\131.wav,UNEXPECTED_SAMPLE_RATE,3.0,22050,1,CONVERT/RESAMPLE,"SR is 22050, expected 44100"
Harmonium,1310.wav,Harmonium\Kaggle_Classification_Clips\Harmonium\1310.wav,UNEXPECTED_SAMPLE_RATE,3.0,22050,1,CONVERT/RESAMPLE,"SR is 22050, expected 44100"
Harmonium,1311.wav,Harmonium\Kaggle_Classification_Clips\Harmonium\1311.wav,UNEXPECTED_SAMPLE_RATE,3.0,22050,1,CONVERT/RESAMPLE,"SR is 22050, expected 44100"
Harmonium,1312.wav,Harmonium\Kaggle_Classification_Clips\Harmonium\1312.wav,UNEXPECTED_SAMPLE_RATE,3.0,22050,1,CONVERT/RESAMPLE,"SR is 22050, expected 44100"
Harmonium,1313.wav,Harmonium\Kaggle_Classification_Clips\Harmonium\1313.wav,UNEXPECTED_SAMPLE_RATE,3.0,22050,1,CONVERT/RESAMPLE,"SR is 22050, expected 44100"
Harmonium,1314.wav,Harmonium\Kaggle_Classification_Clips\Harmonium\1314.wav,UNEXPECTED_SAMPLE_RATE,3.0,22050,1,CONVERT/RESAMPLE,"SR is 22050, expected 44100"
Harmonium,132.wav,Harmonium\Kaggle_Classification_Clips\Harmonium\132.wav,UNEXPECTED_SAMPLE_RATE,3.0,22050,1,CONVERT/RESAMPLE,"SR is 22050, expected 44100"
Harmonium,133.wav,Harmonium\Kaggle_Classification_Clips\Harmonium\133.wav,UNEXPECTED_SAMPLE_RATE,3.0,22050,1,CONVERT/RESAMPLE,"SR is 22050, expected 44100"
Harmonium,134.wav,Harmonium\Kaggle_Classification_Clips\Harmonium\134.wav,UNEXPECTED_SAMPLE_RATE,3.0,22050,1,CONVERT/RESAMPLE,"SR is 22050, expected 44100"
Harmonium,135.wav,Harmonium\Kaggle_Classification_Clips\Harmonium\135.wav,UNEXPECTED_SAMPLE_RATE,3.0,22050,1,CONVERT/RESAMPLE,"SR is 22050, expected 44100"
Harmonium,136.wav,Harmonium\Kaggle_Classification_Clips\Harmonium\136.wav,UNEXPECTED_SAMPLE_RATE,3.0,22050,1,CONVERT/RESAMPLE,"SR is 22050, expected 44100"
Harmonium,137.wav,Harmonium\Kaggle_Classification_Clips\Harmonium\137.wav,UNEXPECTED_SAMPLE_RATE,3.0,22050,1,CONVERT/RESAMPLE,"SR is 22050, expected 44100"
Harmonium,138.wav,Harmonium\Kaggle_Classification_Clips\Harmonium\138.wav,UNEXPECTED_SAMPLE_RATE,3.0,22050,1,CONVERT/RESAMPLE,"SR is 22050, expected 44100"
Harmonium,139.wav,Harmonium\Kaggle_Classification_Clips\Harmonium\139.wav,UNEXPECTED_SAMPLE_RATE,3.0,22050,1,CONVERT/RESAMPLE,"SR is 22050, expected 44100"
Harmonium,14.wav,Harmonium\Kaggle_Classification_Clips\Harmonium\14.wav,UNEXPECTED_SAMPLE_RATE,3.0,22050,1,CONVERT/RESAMPLE,"SR is 22050, expected 44100"
Harmonium,140.wav,Harmonium\Kaggle_Classification_Clips\Harmonium\140.wav,UNEXPECTED_SAMPLE_RATE,3.0,22050,1,CONVERT/RESAMPLE,"SR is 22050, expected 44100"
Harmonium,141.wav,Harmonium\Kaggle_Classification_Clips\Harmonium\141.wav,UNEXPECTED_SAMPLE_RATE,3.0,22050,1,CONVERT/RESAMPLE,"SR is 22050, expected 44100"
Harmonium,142.wav,Harmonium\Kaggle_Classification_Clips\Harmonium\142.wav,UNEXPECTED_SAMPLE_RATE,3.0,22050,1,CONVERT/RESAMPLE,"SR is 22050, expected 44100"
Harmonium,143.wav,Harmonium\Kaggle_Classification_Clips\Harmonium\143.wav,UNEXPECTED_SAMPLE_RATE,3.0,22050,1,CONVERT/RESAMPLE,"SR is 22050, expected 44100"
Harmonium,144.wav,Harmonium\Kaggle_Classification_Clips\Harmonium\144.wav,UNEXPECTED_SAMPLE_RATE,3.0,22050,1,CONVERT/RESAMPLE,"SR is 22050, expected 44100"
Harmonium,145.wav,Harmonium\Kaggle_Classification_Clips\Harmonium\145.wav,UNEXPECTED_SAMPLE_RATE,3.0,22050,1,CONVERT/RESAMPLE,"SR is 22050, expected 44100"
Harmonium,146.wav,Harmonium\Kaggle_Classification_Clips\Harmonium\146.wav,UNEXPECTED_SAMPLE_RATE,3.0,22050,1,CONVERT/RESAMPLE,"SR is 22050, expected 44100"
Harmonium,147.wav,Harmonium\Kaggle_Classification_Clips\Harmonium\147.wav,UNEXPECTED_SAMPLE_RATE,3.0,22050,1,CONVERT/RESAMPLE,"SR is 22050, expected 44100"
Harmonium,148.wav,Harmonium\Kaggle_Classification_Clips\Harmonium\148.wav,UNEXPECTED_SAMPLE_RATE,3.0,22050,1,CONVERT/RESAMPLE,"SR is 22050, expected 44100"
Harmonium,149.wav,Harmonium\Kaggle_Classification_Clips\Harmonium\149.wav,UNEXPECTED_SAMPLE_RATE,3.0,22050,1,CONVERT/RESAMPLE,"SR is 22050, expected 44100"
Harmonium,15.wav,Harmonium\Kaggle_Classification_Clips\Harmonium\15.wav,UNEXPECTED_SAMPLE_RATE,3.0,22050,1,CONVERT/RESAMPLE,"SR is 22050, expected 44100"
Harmonium,150.wav,Harmonium\Kaggle_Classification_Clips\Harmonium\150.wav,UNEXPECTED_SAMPLE_RATE,3.0,22050,1,CONVERT/RESAMPLE,"SR is 22050, expected 44100"
Harmonium,151.wav,Harmonium\Kaggle_Classification_Clips\Harmonium\151.wav,UNEXPECTED_SAMPLE_RATE,3.0,22050,1,CONVERT/RESAMPLE,"SR is 22050, expected 44100"
Harmonium,152.wav,Harmonium\Kaggle_Classification_Clips\Harmonium\152.wav,UNEXPECTED_SAMPLE_RATE,3.0,22050,1,CONVERT/RESAMPLE,"SR is 22050, expected 44100"
Harmonium,153.wav,Harmonium\Kaggle_Classification_Clips\Harmonium\153.wav,UNEXPECTED_SAMPLE_RATE,3.0,22050,1,CONVERT/RESAMPLE,"SR is 22050, expected 44100"
Harmonium,154.wav,Harmonium\Kaggle_Classification_Clips\Harmonium\154.wav,UNEXPECTED_SAMPLE_RATE,3.0,22050,1,CONVERT/RESAMPLE,"SR is 22050, expected 44100"
Harmonium,155.wav,Harmonium\Kaggle_Classification_Clips\Harmonium\155.wav,UNEXPECTED_SAMPLE_RATE,3.0,22050,1,CONVERT/RESAMPLE,"SR is 22050, expected 44100"
Harmonium,156.wav,Harmonium\Kaggle_Classification_Clips\Harmonium\156.wav,UNEXPECTED_SAMPLE_RATE,3.0,22050,1,CONVERT/RESAMPLE,"SR is 22050, expected 44100"
Harmonium,157.wav,Harmonium\Kaggle_Classification_Clips\Harmonium\157.wav,UNEXPECTED_SAMPLE_RATE,3.0,22050,1,CONVERT/RESAMPLE,"SR is 22050, expected 44100"
Harmonium,158.wav,Harmonium\Kaggle_Classification_Clips\Harmonium\158.wav,UNEXPECTED_SAMPLE_RATE,3.0,22050,1,CONVERT/RESAMPLE,"SR is 22050, expected 44100"
Harmonium,159.wav,Harmonium\Kaggle_Classification_Clips\Harmonium\159.wav,UNEXPECTED_SAMPLE_RATE,3.0,22050,1,CONVERT/RESAMPLE,"SR is 22050, expected 44100"
Harmonium,16.wav,Harmonium\Kaggle_Classification_Clips\Harmonium\16.wav,UNEXPECTED_SAMPLE_RATE,3.0,22050,1,CONVERT/RESAMPLE,"SR is 22050, expected 44100"
Harmonium,160.wav,Harmonium\Kaggle_Classification_Clips\Harmonium\160.wav,UNEXPECTED_SAMPLE_RATE,3.0,22050,1,CONVERT/RESAMPLE,"SR is 22050, expected 44100"
Harmonium,161.wav,Harmonium\Kaggle_Classification_Clips\Harmonium\161.wav,UNEXPECTED_SAMPLE_RATE,3.0,22050,1,CONVERT/RESAMPLE,"SR is 22050, expected 44100"
Harmonium,162.wav,Harmonium\Kaggle_Classification_Clips\Harmonium\162.wav,UNEXPECTED_SAMPLE_RATE,3.0,22050,1,CONVERT/RESAMPLE,"SR is 22050, expected 44100"
Harmonium,163.wav,Harmonium\Kaggle_Classification_Clips\Harmonium\163.wav,UNEXPECTED_SAMPLE_RATE,3.0,22050,1,CONVERT/RESAMPLE,"SR is 22050, expected 44100"
Harmonium,164.wav,Harmonium\Kaggle_Classification_Clips\Harmonium\164.wav,UNEXPECTED_SAMPLE_RATE,3.0,22050,1,CONVERT/RESAMPLE,"SR is 22050, expected 44100"
Harmonium,165.wav,Harmonium\Kaggle_Classification_Clips\Harmonium\165.wav,UNEXPECTED_SAMPLE_RATE,3.0,22050,1,CONVERT/RESAMPLE,"SR is 22050, expected 44100"
Harmonium,166.wav,Harmonium\Kaggle_Classification_Clips\Harmonium\166.wav,UNEXPECTED_SAMPLE_RATE,3.0,22050,1,CONVERT/RESAMPLE,"SR is 22050, expected 44100"
Harmonium,167.wav,Harmonium\Kaggle_Classification_Clips\Harmonium\167.wav,UNEXPECTED_SAMPLE_RATE,3.0,22050,1,CONVERT/RESAMPLE,"SR is 22050, expected 44100"
Harmonium,168.wav,Harmonium\Kaggle_Classification_Clips\Harmonium\168.wav,UNEXPECTED_SAMPLE_RATE,3.0,22050,1,CONVERT/RESAMPLE,"SR is 22050, expected 44100"
Harmonium,169.wav,Harmonium\Kaggle_Classification_Clips\Harmonium\169.wav,UNEXPECTED_SAMPLE_RATE,3.0,22050,1,CONVERT/RESAMPLE,"SR is 22050, expected 44100"
Harmonium,17.wav,Harmonium\Kaggle_Classification_Clips\Harmonium\17.wav,UNEXPECTED_SAMPLE_RATE,3.0,22050,1,CONVERT/RESAMPLE,"SR is 22050, expected 44100"
Harmonium,170.wav,Harmonium\Kaggle_Classification_Clips\Harmonium\170.wav,UNEXPECTED_SAMPLE_RATE,3.0,22050,1,CONVERT/RESAMPLE,"SR is 22050, expected 44100"
Harmonium,171.wav,Harmonium\Kaggle_Classification_Clips\Harmonium\171.wav,UNEXPECTED_SAMPLE_RATE,3.0,22050,1,CONVERT/RESAMPLE,"SR is 22050, expected 44100"
Harmonium,172.wav,Harmonium\Kaggle_Classification_Clips\Harmonium\172.wav,UNEXPECTED_SAMPLE_RATE,3.0,22050,1,CONVERT/RESAMPLE,"SR is 22050, expected 44100"
Harmonium,173.wav,Harmonium\Kaggle_Classification_Clips\Harmonium\173.wav,UNEXPECTED_SAMPLE_RATE,3.0,22050,1,CONVERT/RESAMPLE,"SR is 22050, expected 44100"
Harmonium,174.wav,Harmonium\Kaggle_Classification_Clips\Harmonium\174.wav,UNEXPECTED_SAMPLE_RATE,3.0,22050,1,CONVERT/RESAMPLE,"SR is 22050, expected 44100"
Harmonium,175.wav,Harmonium\Kaggle_Classification_Clips\Harmonium\175.wav,UNEXPECTED_SAMPLE_RATE,3.0,22050,1,CONVERT/RESAMPLE,"SR is 22050, expected 44100"
Harmonium,176.wav,Harmonium\Kaggle_Classification_Clips\Harmonium\176.wav,UNEXPECTED_SAMPLE_RATE,3.0,22050,1,CONVERT/RESAMPLE,"SR is 22050, expected 44100"
Harmonium,177.wav,Harmonium\Kaggle_Classification_Clips\Harmonium\177.wav,UNEXPECTED_SAMPLE_RATE,3.0,22050,1,CONVERT/RESAMPLE,"SR is 22050, expected 44100"
Harmonium,178.wav,Harmonium\Kaggle_Classification_Clips\Harmonium\178.wav,UNEXPECTED_SAMPLE_RATE,3.0,22050,1,CONVERT/RESAMPLE,"SR is 22050, expected 44100"
Harmonium,179.wav,Harmonium\Kaggle_Classification_Clips\Harmonium\179.wav,UNEXPECTED_SAMPLE_RATE,3.0,22050,1,CONVERT/RESAMPLE,"SR is 22050, expected 44100"
Harmonium,18.wav,Harmonium\Kaggle_Classification_Clips\Harmonium\18.wav,UNEXPECTED_SAMPLE_RATE,3.0,22050,1,CONVERT/RESAMPLE,"SR is 22050, expected 44100"
Harmonium,180.wav,Harmonium\Kaggle_Classification_Clips\Harmonium\180.wav,UNEXPECTED_SAMPLE_RATE,3.0,22050,1,CONVERT/RESAMPLE,"SR is 22050, expected 44100"
Harmonium,181.wav,Harmonium\Kaggle_Classification_Clips\Harmonium\181.wav,UNEXPECTED_SAMPLE_RATE,3.0,22050,1,CONVERT/RESAMPLE,"SR is 22050, expected 44100"
Harmonium,182.wav,Harmonium\Kaggle_Classification_Clips\Harmonium\182.wav,UNEXPECTED_SAMPLE_RATE,3.0,22050,1,CONVERT/RESAMPLE,"SR is 22050, expected 44100"
Harmonium,183.wav,Harmonium\Kaggle_Classification_Clips\Harmonium\183.wav,UNEXPECTED_SAMPLE_RATE,3.0,22050,1,CONVERT/RESAMPLE,"SR is 22050, expected 44100"
Harmonium,184.wav,Harmonium\Kaggle_Classification_Clips\Harmonium\184.wav,UNEXPECTED_SAMPLE_RATE,3.0,22050,1,CONVERT/RESAMPLE,"SR is 22050, expected 44100"
Harmonium,185.wav,Harmonium\Kaggle_Classification_Clips\Harmonium\185.wav,UNEXPECTED_SAMPLE_RATE,3.0,22050,1,CONVERT/RESAMPLE,"SR is 22050, expected 44100"
Harmonium,186.wav,Harmonium\Kaggle_Classification_Clips\Harmonium\186.wav,UNEXPECTED_SAMPLE_RATE,3.0,22050,1,CONVERT/RESAMPLE,"SR is 22050, expected 44100"
Harmonium,187.wav,Harmonium\Kaggle_Classification_Clips\Harmonium\187.wav,UNEXPECTED_SAMPLE_RATE,3.0,22050,1,CONVERT/RESAMPLE,"SR is 22050, expected 44100"
Harmonium,188.wav,Harmonium\Kaggle_Classification_Clips\Harmonium\188.wav,UNEXPECTED_SAMPLE_RATE,3.0,22050,1,CONVERT/RESAMPLE,"SR is 22050, expected 44100"
Harmonium,189.wav,Harmonium\Kaggle_Classification_Clips\Harmonium\189.wav,UNEXPECTED_SAMPLE_RATE,3.0,22050,1,CONVERT/RESAMPLE,"SR is 22050, expected 44100"
Harmonium,19.wav,Harmonium\Kaggle_Classification_Clips\Harmonium\19.wav,UNEXPECTED_SAMPLE_RATE,3.0,22050,1,CONVERT/RESAMPLE,"SR is 22050, expected 44100"
Harmonium,190.wav,Harmonium\Kaggle_Classification_Clips\Harmonium\190.wav,UNEXPECTED_SAMPLE_RATE,3.0,22050,1,CONVERT/RESAMPLE,"SR is 22050, expected 44100"
Harmonium,191.wav,Harmonium\Kaggle_Classification_Clips\Harmonium\191.wav,UNEXPECTED_SAMPLE_RATE,3.0,22050,1,CONVERT/RESAMPLE,"SR is 22050, expected 44100"
Harmonium,192.wav,Harmonium\Kaggle_Classification_Clips\Harmonium\192.wav,UNEXPECTED_SAMPLE_RATE,3.0,22050,1,CONVERT/RESAMPLE,"SR is 22050, expected 44100"
Harmonium,193.wav,Harmonium\Kaggle_Classification_Clips\Harmonium\193.wav,UNEXPECTED_SAMPLE_RATE,3.0,22050,1,CONVERT/RESAMPLE,"SR is 22050, expected 44100"
Harmonium,194.wav,Harmonium\Kaggle_Classification_Clips\Harmonium\194.wav,UNEXPECTED_SAMPLE_RATE,3.0,22050,1,CONVERT/RESAMPLE,"SR is 22050, expected 44100"
Harmonium,195.wav,Harmonium\Kaggle_Classification_Clips\Harmonium\195.wav,UNEXPECTED_SAMPLE_RATE,3.0,22050,1,CONVERT/RESAMPLE,"SR is 22050, expected 44100"
Harmonium,196.wav,Harmonium\Kaggle_Classification_Clips\Harmonium\196.wav,UNEXPECTED_SAMPLE_RATE,3.0,22050,1,CONVERT/RESAMPLE,"SR is 22050, expected 44100"
Harmonium,197.wav,Harmonium\Kaggle_Classification_Clips\Harmonium\197.wav,UNEXPECTED_SAMPLE_RATE,3.0,22050,1,CONVERT/RESAMPLE,"SR is 22050, expected 44100"
Harmonium,198.wav,Harmonium\Kaggle_Classification_Clips\Harmonium\198.wav,UNEXPECTED_SAMPLE_RATE,3.0,22050,1,CONVERT/RESAMPLE,"SR is 22050, expected 44100"
Harmonium,199.wav,Harmonium\Kaggle_Classification_Clips\Harmonium\199.wav,UNEXPECTED_SAMPLE_RATE,3.0,22050,1,CONVERT/RESAMPLE,"SR is 22050, expected 44100"
Harmonium,2.wav,Harmonium\Kaggle_Classification_Clips\Harmonium\2.wav,UNEXPECTED_SAMPLE_RATE,3.0,22050,1,CONVERT/RESAMPLE,"SR is 22050, expected 44100"
Harmonium,20.wav,Harmonium\Kaggle_Classification_Clips\Harmonium\20.wav,UNEXPECTED_SAMPLE_RATE,3.0,22050,1,CONVERT/RESAMPLE,"SR is 22050, expected 44100"
Harmonium,200.wav,Harmonium\Kaggle_Classification_Clips\Harmonium\200.wav,UNEXPECTED_SAMPLE_RATE,3.0,22050,1,CONVERT/RESAMPLE,"SR is 22050, expected 44100"
Harmonium,201.wav,Harmonium\Kaggle_Classification_Clips\Harmonium\201.wav,UNEXPECTED_SAMPLE_RATE,3.0,22050,1,CONVERT/RESAMPLE,"SR is 22050, expected 44100"
Harmonium,202.wav,Harmonium\Kaggle_Classification_Clips\Harmonium\202.wav,UNEXPECTED_SAMPLE_RATE,3.0,22050,1,CONVERT/RESAMPLE,"SR is 22050, expected 44100"
Harmonium,203.wav,Harmonium\Kaggle_Classification_Clips\Harmonium\203.wav,UNEXPECTED_SAMPLE_RATE,3.0,22050,1,CONVERT/RESAMPLE,"SR is 22050, expected 44100"
Harmonium,204.wav,Harmonium\Kaggle_Classification_Clips\Harmonium\204.wav,UNEXPECTED_SAMPLE_RATE,3.0,22050,1,CONVERT/RESAMPLE,"SR is 22050, expected 44100"
Harmonium,205.wav,Harmonium\Kaggle_Classification_Clips\Harmonium\205.wav,UNEXPECTED_SAMPLE_RATE,3.0,22050,1,CONVERT/RESAMPLE,"SR is 22050, expected 44100"
Harmonium,206.wav,Harmonium\Kaggle_Classification_Clips\Harmonium\206.wav,UNEXPECTED_SAMPLE_RATE,3.0,22050,1,CONVERT/RESAMPLE,"SR is 22050, expected 44100"
Harmonium,207.wav,Harmonium\Kaggle_Classification_Clips\Harmonium\207.wav,UNEXPECTED_SAMPLE_RATE,3.0,22050,1,CONVERT/RESAMPLE,"SR is 22050, expected 44100"
Harmonium,208.wav,Harmonium\Kaggle_Classification_Clips\Harmonium\208.wav,UNEXPECTED_SAMPLE_RATE,3.0,22050,1,CONVERT/RESAMPLE,"SR is 22050, expected 44100"
Harmonium,209.wav,Harmonium\Kaggle_Classification_Clips\Harmonium\209.wav,UNEXPECTED_SAMPLE_RATE,3.0,22050,1,CONVERT/RESAMPLE,"SR is 22050, expected 44100"
Harmonium,21.wav,Harmonium\Kaggle_Classification_Clips\Harmonium\21.wav,UNEXPECTED_SAMPLE_RATE,3.0,22050,1,CONVERT/RESAMPLE,"SR is 22050, expected 44100"
Harmonium,210.wav,Harmonium\Kaggle_Classification_Clips\Harmonium\210.wav,UNEXPECTED_SAMPLE_RATE,3.0,22050,1,CONVERT/RESAMPLE,"SR is 22050, expected 44100"
Harmonium,211.wav,Harmonium\Kaggle_Classification_Clips\Harmonium\211.wav,UNEXPECTED_SAMPLE_RATE,3.0,22050,1,CONVERT/RESAMPLE,"SR is 22050, expected 44100"
Harmonium,212.wav,Harmonium\Kaggle_Classification_Clips\Harmonium\212.wav,UNEXPECTED_SAMPLE_RATE,3.0,22050,1,CONVERT/RESAMPLE,"SR is 22050, expected 44100"
Harmonium,213.wav,Harmonium\Kaggle_Classification_Clips\Harmonium\213.wav,UNEXPECTED_SAMPLE_RATE,3.0,22050,1,CONVERT/RESAMPLE,"SR is 22050, expected 44100"
Harmonium,214.wav,Harmonium\Kaggle_Classification_Clips\Harmonium\214.wav,UNEXPECTED_SAMPLE_RATE,3.0,22050,1,CONVERT/RESAMPLE,"SR is 22050, expected 44100"
Harmonium,215.wav,Harmonium\Kaggle_Classification_Clips\Harmonium\215.wav,UNEXPECTED_SAMPLE_RATE,3.0,22050,1,CONVERT/RESAMPLE,"SR is 22050, expected 44100"
Harmonium,216.wav,Harmonium\Kaggle_Classification_Clips\Harmonium\216.wav,UNEXPECTED_SAMPLE_RATE,3.0,22050,1,CONVERT/RESAMPLE,"SR is 22050, expected 44100"
Harmonium,217.wav,Harmonium\Kaggle_Classification_Clips\Harmonium\217.wav,UNEXPECTED_SAMPLE_RATE,3.0,22050,1,CONVERT/RESAMPLE,"SR is 22050, expected 44100"
Harmonium,218.wav,Harmonium\Kaggle_Classification_Clips\Harmonium\218.wav,UNEXPECTED_SAMPLE_RATE,3.0,22050,1,CONVERT/RESAMPLE,"SR is 22050, expected 44100"
Harmonium,219.wav,Harmonium\Kaggle_Classification_Clips\Harmonium\219.wav,UNEXPECTED_SAMPLE_RATE,3.0,22050,1,CONVERT/RESAMPLE,"SR is 22050, expected 44100"
Harmonium,22.wav,Harmonium\Kaggle_Classification_Clips\Harmonium\22.wav,UNEXPECTED_SAMPLE_RATE,3.0,22050,1,CONVERT/RESAMPLE,"SR is 22050, expected 44100"
Harmonium,220.wav,Harmonium\Kaggle_Classification_Clips\Harmonium\220.wav,UNEXPECTED_SAMPLE_RATE,3.0,22050,1,CONVERT/RESAMPLE,"SR is 22050, expected 44100"
Harmonium,221.wav,Harmonium\Kaggle_Classification_Clips\Harmonium\221.wav,UNEXPECTED_SAMPLE_RATE,3.0,22050,1,CONVERT/RESAMPLE,"SR is 22050, expected 44100"
Harmonium,222.wav,Harmonium\Kaggle_Classification_Clips\Harmonium\222.wav,UNEXPECTED_SAMPLE_RATE,3.0,22050,1,CONVERT/RESAMPLE,"SR is 22050, expected 44100"
Harmonium,223.wav,Harmonium\Kaggle_Classification_Clips\Harmonium\223.wav,UNEXPECTED_SAMPLE_RATE,3.0,22050,1,CONVERT/RESAMPLE,"SR is 22050, expected 44100"
Harmonium,224.wav,Harmonium\Kaggle_Classification_Clips\Harmonium\224.wav,UNEXPECTED_SAMPLE_RATE,3.0,22050,1,CONVERT/RESAMPLE,"SR is 22050, expected 44100"
Harmonium,225.wav,Harmonium\Kaggle_Classification_Clips\Harmonium\225.wav,UNEXPECTED_SAMPLE_RATE,3.0,22050,1,CONVERT/RESAMPLE,"SR is 22050, expected 44100"
Harmonium,226.wav,Harmonium\Kaggle_Classification_Clips\Harmonium\226.wav,UNEXPECTED_SAMPLE_RATE,3.0,22050,1,CONVERT/RESAMPLE,"SR is 22050, expected 44100"
Harmonium,227.wav,Harmonium\Kaggle_Classification_Clips\Harmonium\227.wav,UNEXPECTED_SAMPLE_RATE,3.0,22050,1,CONVERT/RESAMPLE,"SR is 22050, expected 44100"
Harmonium,228.wav,Harmonium\Kaggle_Classification_Clips\Harmonium\228.wav,UNEXPECTED_SAMPLE_RATE,3.0,22050,1,CONVERT/RESAMPLE,"SR is 22050, expected 44100"
Harmonium,229.wav,Harmonium\Kaggle_Classification_Clips\Harmonium\229.wav,UNEXPECTED_SAMPLE_RATE,3.0,22050,1,CONVERT/RESAMPLE,"SR is 22050, expected 44100"
Harmonium,23.wav,Harmonium\Kaggle_Classification_Clips\Harmonium\23.wav,UNEXPECTED_SAMPLE_RATE,3.0,22050,1,CONVERT/RESAMPLE,"SR is 22050, expected 44100"
Harmonium,230.wav,Harmonium\Kaggle_Classification_Clips\Harmonium\230.wav,UNEXPECTED_SAMPLE_RATE,3.0,22050,1,CONVERT/RESAMPLE,"SR is 22050, expected 44100"
Harmonium,231.wav,Harmonium\Kaggle_Classification_Clips\Harmonium\231.wav,UNEXPECTED_SAMPLE_RATE,3.0,22050,1,CONVERT/RESAMPLE,"SR is 22050, expected 44100"
Harmonium,232.wav,Harmonium\Kaggle_Classification_Clips\Harmonium\232.wav,UNEXPECTED_SAMPLE_RATE,3.0,22050,1,CONVERT/RESAMPLE,"SR is 22050, expected 44100"
Harmonium,233.wav,Harmonium\Kaggle_Classification_Clips\Harmonium\233.wav,UNEXPECTED_SAMPLE_RATE,3.0,22050,1,CONVERT/RESAMPLE,"SR is 22050, expected 44100"
Harmonium,234.wav,Harmonium\Kaggle_Classification_Clips\Harmonium\234.wav,UNEXPECTED_SAMPLE_RATE,3.0,22050,1,CONVERT/RESAMPLE,"SR is 22050, expected 44100"
Harmonium,235.wav,Harmonium\Kaggle_Classification_Clips\Harmonium\235.wav,UNEXPECTED_SAMPLE_RATE,3.0,22050,1,CONVERT/RESAMPLE,"SR is 22050, expected 44100"
Harmonium,236.wav,Harmonium\Kaggle_Classification_Clips\Harmonium\236.wav,UNEXPECTED_SAMPLE_RATE,3.0,22050,1,CONVERT/RESAMPLE,"SR is 22050, expected 44100"
Harmonium,237.wav,Harmonium\Kaggle_Classification_Clips\Harmonium\237.wav,UNEXPECTED_SAMPLE_RATE,3.0,22050,1,CONVERT/RESAMPLE,"SR is 22050, expected 44100"
Harmonium,238.wav,Harmonium\Kaggle_Classification_Clips\Harmonium\238.wav,UNEXPECTED_SAMPLE_RATE,3.0,22050,1,CONVERT/RESAMPLE,"SR is 22050, expected 44100"
Harmonium,239.wav,Harmonium\Kaggle_Classification_Clips\Harmonium\239.wav,UNEXPECTED_SAMPLE_RATE,3.0,22050,1,CONVERT/RESAMPLE,"SR is 22050, expected 44100"
Harmonium,24.wav,Harmonium\Kaggle_Classification_Clips\Harmonium\24.wav,UNEXPECTED_SAMPLE_RATE,3.0,22050,1,CONVERT/RESAMPLE,"SR is 22050, expected 44100"
Harmonium,240.wav,Harmonium\Kaggle_Classification_Clips\Harmonium\240.wav,UNEXPECTED_SAMPLE_RATE,3.0,22050,1,CONVERT/RESAMPLE,"SR is 22050, expected 44100"
Harmonium,241.wav,Harmonium\Kaggle_Classification_Clips\Harmonium\241.wav,UNEXPECTED_SAMPLE_RATE,3.0,22050,1,CONVERT/RESAMPLE,"SR is 22050, expected 44100"
Harmonium,242.wav,Harmonium\Kaggle_Classification_Clips\Harmonium\242.wav,UNEXPECTED_SAMPLE_RATE,3.0,22050,1,CONVERT/RESAMPLE,"SR is 22050, expected 44100"
Harmonium,243.wav,Harmonium\Kaggle_Classification_Clips\Harmonium\243.wav,UNEXPECTED_SAMPLE_RATE,3.0,22050,1,CONVERT/RESAMPLE,"SR is 22050, expected 44100"
Harmonium,244.wav,Harmonium\Kaggle_Classification_Clips\Harmonium\244.wav,UNEXPECTED_SAMPLE_RATE,3.0,22050,1,CONVERT/RESAMPLE,"SR is 22050, expected 44100"
Harmonium,245.wav,Harmonium\Kaggle_Classification_Clips\Harmonium\245.wav,UNEXPECTED_SAMPLE_RATE,3.0,22050,1,CONVERT/RESAMPLE,"SR is 22050, expected 44100"
Harmonium,246.wav,Harmonium\Kaggle_Classification_Clips\Harmonium\246.wav,UNEXPECTED_SAMPLE_RATE,3.0,22050,1,CONVERT/RESAMPLE,"SR is 22050, expected 44100"
Harmonium,247.wav,Harmonium\Kaggle_Classification_Clips\Harmonium\247.wav,UNEXPECTED_SAMPLE_RATE,3.0,22050,1,CONVERT/RESAMPLE,"SR is 22050, expected 44100"
Harmonium,248.wav,Harmonium\Kaggle_Classification_Clips\Harmonium\248.wav,UNEXPECTED_SAMPLE_RATE,3.0,22050,1,CONVERT/RESAMPLE,"SR is 22050, expected 44100"
Harmonium,249.wav,Harmonium\Kaggle_Classification_Clips\Harmonium\249.wav,UNEXPECTED_SAMPLE_RATE,3.0,22050,1,CONVERT/RESAMPLE,"SR is 22050, expected 44100"
Harmonium,25.wav,Harmonium\Kaggle_Classification_Clips\Harmonium\25.wav,UNEXPECTED_SAMPLE_RATE,3.0,22050,1,CONVERT/RESAMPLE,"SR is 22050, expected 44100"
Harmonium,250.wav,Harmonium\Kaggle_Classification_Clips\Harmonium\250.wav,UNEXPECTED_SAMPLE_RATE,3.0,22050,1,CONVERT/RESAMPLE,"SR is 22050, expected 44100"
Harmonium,251.wav,Harmonium\Kaggle_Classification_Clips\Harmonium\251.wav,UNEXPECTED_SAMPLE_RATE,3.0,22050,1,CONVERT/RESAMPLE,"SR is 22050, expected 44100"
Harmonium,252.wav,Harmonium\Kaggle_Classification_Clips\Harmonium\252.wav,UNEXPECTED_SAMPLE_RATE,3.0,22050,1,CONVERT/RESAMPLE,"SR is 22050, expected 44100"
Harmonium,253.wav,Harmonium\Kaggle_Classification_Clips\Harmonium\253.wav,UNEXPECTED_SAMPLE_RATE,3.0,22050,1,CONVERT/RESAMPLE,"SR is 22050, expected 44100"
Harmonium,254.wav,Harmonium\Kaggle_Classification_Clips\Harmonium\254.wav,UNEXPECTED_SAMPLE_RATE,3.0,22050,1,CONVERT/RESAMPLE,"SR is 22050, expected 44100"
Harmonium,255.wav,Harmonium\Kaggle_Classification_Clips\Harmonium\255.wav,UNEXPECTED_SAMPLE_RATE,3.0,22050,1,CONVERT/RESAMPLE,"SR is 22050, expected 44100"
Harmonium,256.wav,Harmonium\Kaggle_Classification_Clips\Harmonium\256.wav,UNEXPECTED_SAMPLE_RATE,3.0,22050,1,CONVERT/RESAMPLE,"SR is 22050, expected 44100"
Harmonium,257.wav,Harmonium\Kaggle_Classification_Clips\Harmonium\257.wav,UNEXPECTED_SAMPLE_RATE,3.0,22050,1,CONVERT/RESAMPLE,"SR is 22050, expected 44100"
Harmonium,258.wav,Harmonium\Kaggle_Classification_Clips\Harmonium\258.wav,UNEXPECTED_SAMPLE_RATE,3.0,22050,1,CONVERT/RESAMPLE,"SR is 22050, expected 44100"
Harmonium,259.wav,Harmonium\Kaggle_Classification_Clips\Harmonium\259.wav,UNEXPECTED_SAMPLE_RATE,3.0,22050,1,CONVERT/RESAMPLE,"SR is 22050, expected 44100"
Harmonium,26.wav,Harmonium\Kaggle_Classification_Clips\Harmonium\26.wav,UNEXPECTED_SAMPLE_RATE,3.0,22050,1,CONVERT/RESAMPLE,"SR is 22050, expected 44100"
Harmonium,260.wav,Harmonium\Kaggle_Classification_Clips\Harmonium\260.wav,UNEXPECTED_SAMPLE_RATE,3.0,22050,1,CONVERT/RESAMPLE,"SR is 22050, expected 44100"
Harmonium,261.wav,Harmonium\Kaggle_Classification_Clips\Harmonium\261.wav,UNEXPECTED_SAMPLE_RATE,3.0,22050,1,CONVERT/RESAMPLE,"SR is 22050, expected 44100"
Harmonium,262.wav,Harmonium\Kaggle_Classification_Clips\Harmonium\262.wav,UNEXPECTED_SAMPLE_RATE,3.0,22050,1,CONVERT/RESAMPLE,"SR is 22050, expected 44100"
Harmonium,263.wav,Harmonium\Kaggle_Classification_Clips\Harmonium\263.wav,UNEXPECTED_SAMPLE_RATE,3.0,22050,1,CONVERT/RESAMPLE,"SR is 22050, expected 44100"
Harmonium,264.wav,Harmonium\Kaggle_Classification_Clips\Harmonium\264.wav,UNEXPECTED_SAMPLE_RATE,3.0,22050,1,CONVERT/RESAMPLE,"SR is 22050, expected 44100"
Harmonium,265.wav,Harmonium\Kaggle_Classification_Clips\Harmonium\265.wav,UNEXPECTED_SAMPLE_RATE,3.0,22050,1,CONVERT/RESAMPLE,"SR is 22050, expected 44100"
Harmonium,266.wav,Harmonium\Kaggle_Classification_Clips\Harmonium\266.wav,UNEXPECTED_SAMPLE_RATE,3.0,22050,1,CONVERT/RESAMPLE,"SR is 22050, expected 44100"
Harmonium,267.wav,Harmonium\Kaggle_Classification_Clips\Harmonium\267.wav,UNEXPECTED_SAMPLE_RATE,3.0,22050,1,CONVERT/RESAMPLE,"SR is 22050, expected 44100"
Harmonium,268.wav,Harmonium\Kaggle_Classification_Clips\Harmonium\268.wav,UNEXPECTED_SAMPLE_RATE,3.0,22050,1,CONVERT/RESAMPLE,"SR is 22050, expected 44100"
Harmonium,269.wav,Harmonium\Kaggle_Classification_Clips\Harmonium\269.wav,UNEXPECTED_SAMPLE_RATE,3.0,22050,1,CONVERT/RESAMPLE,"SR is 22050, expected 44100"
Harmonium,27.wav,Harmonium\Kaggle_Classification_Clips\Harmonium\27.wav,UNEXPECTED_SAMPLE_RATE,3.0,22050,1,CONVERT/RESAMPLE,"SR is 22050, expected 44100"
Harmonium,270.wav,Harmonium\Kaggle_Classification_Clips\Harmonium\270.wav,UNEXPECTED_SAMPLE_RATE,3.0,22050,1,CONVERT/RESAMPLE,"SR is 22050, expected 44100"
Harmonium,271.wav,Harmonium\Kaggle_Classification_Clips\Harmonium\271.wav,UNEXPECTED_SAMPLE_RATE,3.0,22050,1,CONVERT/RESAMPLE,"SR is 22050, expected 44100"
Harmonium,272.wav,Harmonium\Kaggle_Classification_Clips\Harmonium\272.wav,UNEXPECTED_SAMPLE_RATE,3.0,22050,1,CONVERT/RESAMPLE,"SR is 22050, expected 44100"
Harmonium,273.wav,Harmonium\Kaggle_Classification_Clips\Harmonium\273.wav,UNEXPECTED_SAMPLE_RATE,3.0,22050,1,CONVERT/RESAMPLE,"SR is 22050, expected 44100"
Harmonium,274.wav,Harmonium\Kaggle_Classification_Clips\Harmonium\274.wav,UNEXPECTED_SAMPLE_RATE,3.0,22050,1,CONVERT/RESAMPLE,"SR is 22050, expected 44100"
Harmonium,275.wav,Harmonium\Kaggle_Classification_Clips\Harmonium\275.wav,UNEXPECTED_SAMPLE_RATE,3.0,22050,1,CONVERT/RESAMPLE,"SR is 22050, expected 44100"
Harmonium,276.wav,Harmonium\Kaggle_Classification_Clips\Harmonium\276.wav,UNEXPECTED_SAMPLE_RATE,3.0,22050,1,CONVERT/RESAMPLE,"SR is 22050, expected 44100"
Harmonium,277.wav,Harmonium\Kaggle_Classification_Clips\Harmonium\277.wav,UNEXPECTED_SAMPLE_RATE,3.0,22050,1,CONVERT/RESAMPLE,"SR is 22050, expected 44100"
Harmonium,278.wav,Harmonium\Kaggle_Classification_Clips\Harmonium\278.wav,UNEXPECTED_SAMPLE_RATE,3.0,22050,1,CONVERT/RESAMPLE,"SR is 22050, expected 44100"
Harmonium,279.wav,Harmonium\Kaggle_Classification_Clips\Harmonium\279.wav,UNEXPECTED_SAMPLE_RATE,3.0,22050,1,CONVERT/RESAMPLE,"SR is 22050, expected 44100"
Harmonium,28.wav,Harmonium\Kaggle_Classification_Clips\Harmonium\28.wav,UNEXPECTED_SAMPLE_RATE,3.0,22050,1,CONVERT/RESAMPLE,"SR is 22050, expected 44100"
Harmonium,280.wav,Harmonium\Kaggle_Classification_Clips\Harmonium\280.wav,UNEXPECTED_SAMPLE_RATE,3.0,22050,1,CONVERT/RESAMPLE,"SR is 22050, expected 44100"
Harmonium,281.wav,Harmonium\Kaggle_Classification_Clips\Harmonium\281.wav,UNEXPECTED_SAMPLE_RATE,3.0,22050,1,CONVERT/RESAMPLE,"SR is 22050, expected 44100"
Harmonium,282.wav,Harmonium\Kaggle_Classification_Clips\Harmonium\282.wav,UNEXPECTED_SAMPLE_RATE,3.0,22050,1,CONVERT/RESAMPLE,"SR is 22050, expected 44100"
Harmonium,283.wav,Harmonium\Kaggle_Classification_Clips\Harmonium\283.wav,UNEXPECTED_SAMPLE_RATE,3.0,22050,1,CONVERT/RESAMPLE,"SR is 22050, expected 44100"
Harmonium,284.wav,Harmonium\Kaggle_Classification_Clips\Harmonium\284.wav,UNEXPECTED_SAMPLE_RATE,3.0,22050,1,CONVERT/RESAMPLE,"SR is 22050, expected 44100"
Harmonium,285.wav,Harmonium\Kaggle_Classification_Clips\Harmonium\285.wav,UNEXPECTED_SAMPLE_RATE,3.0,22050,1,CONVERT/RESAMPLE,"SR is 22050, expected 44100"
Harmonium,286.wav,Harmonium\Kaggle_Classification_Clips\Harmonium\286.wav,UNEXPECTED_SAMPLE_RATE,3.0,22050,1,CONVERT/RESAMPLE,"SR is 22050, expected 44100"
Harmonium,287.wav,Harmonium\Kaggle_Classification_Clips\Harmonium\287.wav,UNEXPECTED_SAMPLE_RATE,3.0,22050,1,CONVERT/RESAMPLE,"SR is 22050, expected 44100"
Harmonium,288.wav,Harmonium\Kaggle_Classification_Clips\Harmonium\288.wav,UNEXPECTED_SAMPLE_RATE,3.0,22050,1,CONVERT/RESAMPLE,"SR is 22050, expected 44100"
Harmonium,289.wav,Harmonium\Kaggle_Classification_Clips\Harmonium\289.wav,UNEXPECTED_SAMPLE_RATE,3.0,22050,1,CONVERT/RESAMPLE,"SR is 22050, expected 44100"
Harmonium,29.wav,Harmonium\Kaggle_Classification_Clips\Harmonium\29.wav,UNEXPECTED_SAMPLE_RATE,3.0,22050,1,CONVERT/RESAMPLE,"SR is 22050, expected 44100"
Harmonium,290.wav,Harmonium\Kaggle_Classification_Clips\Harmonium\290.wav,UNEXPECTED_SAMPLE_RATE,3.0,22050,1,CONVERT/RESAMPLE,"SR is 22050, expected 44100"
Harmonium,291.wav,Harmonium\Kaggle_Classification_Clips\Harmonium\291.wav,UNEXPECTED_SAMPLE_RATE,3.0,22050,1,CONVERT/RESAMPLE,"SR is 22050, expected 44100"
Harmonium,292.wav,Harmonium\Kaggle_Classification_Clips\Harmonium\292.wav,UNEXPECTED_SAMPLE_RATE,3.0,22050,1,CONVERT/RESAMPLE,"SR is 22050, expected 44100"
Harmonium,293.wav,Harmonium\Kaggle_Classification_Clips\Harmonium\293.wav,UNEXPECTED_SAMPLE_RATE,3.0,22050,1,CONVERT/RESAMPLE,"SR is 22050, expected 44100"
Harmonium,294.wav,Harmonium\Kaggle_Classification_Clips\Harmonium\294.wav,UNEXPECTED_SAMPLE_RATE,3.0,22050,1,CONVERT/RESAMPLE,"SR is 22050, expected 44100"
Harmonium,295.wav,Harmonium\Kaggle_Classification_Clips\Harmonium\295.wav,UNEXPECTED_SAMPLE_RATE,3.0,22050,1,CONVERT/RESAMPLE,"SR is 22050, expected 44100"
Harmonium,296.wav,Harmonium\Kaggle_Classification_Clips\Harmonium\296.wav,UNEXPECTED_SAMPLE_RATE,3.0,22050,1,CONVERT/RESAMPLE,"SR is 22050, expected 44100"
Harmonium,297.wav,Harmonium\Kaggle_Classification_Clips\Harmonium\297.wav,UNEXPECTED_SAMPLE_RATE,3.0,22050,1,CONVERT/RESAMPLE,"SR is 22050, expected 44100"
Harmonium,298.wav,Harmonium\Kaggle_Classification_Clips\Harmonium\298.wav,UNEXPECTED_SAMPLE_RATE,3.0,22050,1,CONVERT/RESAMPLE,"SR is 22050, expected 44100"
Harmonium,299.wav,Harmonium\Kaggle_Classification_Clips\Harmonium\299.wav,UNEXPECTED_SAMPLE_RATE,3.0,22050,1,CONVERT/RESAMPLE,"SR is 22050, expected 44100"
Harmonium,3.wav,Harmonium\Kaggle_Classification_Clips\Harmonium\3.wav,UNEXPECTED_SAMPLE_RATE,3.0,22050,1,CONVERT/RESAMPLE,"SR is 22050, expected 44100"
Harmonium,30.wav,Harmonium\Kaggle_Classification_Clips\Harmonium\30.wav,UNEXPECTED_SAMPLE_RATE,3.0,22050,1,CONVERT/RESAMPLE,"SR is 22050, expected 44100"
Harmonium,300.wav,Harmonium\Kaggle_Classification_Clips\Harmonium\300.wav,UNEXPECTED_SAMPLE_RATE,3.0,22050,1,CONVERT/RESAMPLE,"SR is 22050, expected 44100"
Harmonium,301.wav,Harmonium\Kaggle_Classification_Clips\Harmonium\301.wav,UNEXPECTED_SAMPLE_RATE,3.0,22050,1,CONVERT/RESAMPLE,"SR is 22050, expected 44100"
Harmonium,302.wav,Harmonium\Kaggle_Classification_Clips\Harmonium\302.wav,UNEXPECTED_SAMPLE_RATE,3.0,22050,1,CONVERT/RESAMPLE,"SR is 22050, expected 44100"
Harmonium,303.wav,Harmonium\Kaggle_Classification_Clips\Harmonium\303.wav,UNEXPECTED_SAMPLE_RATE,3.0,22050,1,CONVERT/RESAMPLE,"SR is 22050, expected 44100"
Harmonium,304.wav,Harmonium\Kaggle_Classification_Clips\Harmonium\304.wav,UNEXPECTED_SAMPLE_RATE,3.0,22050,1,CONVERT/RESAMPLE,"SR is 22050, expected 44100"
Harmonium,305.wav,Harmonium\Kaggle_Classification_Clips\Harmonium\305.wav,UNEXPECTED_SAMPLE_RATE,3.0,22050,1,CONVERT/RESAMPLE,"SR is 22050, expected 44100"
Harmonium,306.wav,Harmonium\Kaggle_Classification_Clips\Harmonium\306.wav,UNEXPECTED_SAMPLE_RATE,3.0,22050,1,CONVERT/RESAMPLE,"SR is 22050, expected 44100"
Harmonium,307.wav,Harmonium\Kaggle_Classification_Clips\Harmonium\307.wav,UNEXPECTED_SAMPLE_RATE,3.0,22050,1,CONVERT/RESAMPLE,"SR is 22050, expected 44100"
Harmonium,308.wav,Harmonium\Kaggle_Classification_Clips\Harmonium\308.wav,UNEXPECTED_SAMPLE_RATE,3.0,22050,1,CONVERT/RESAMPLE,"SR is 22050, expected 44100"
Harmonium,309.wav,Harmonium\Kaggle_Classification_Clips\Harmonium\309.wav,UNEXPECTED_SAMPLE_RATE,3.0,22050,1,CONVERT/RESAMPLE,"SR is 22050, expected 44100"
Harmonium,31.wav,Harmonium\Kaggle_Classification_Clips\Harmonium\31.wav,UNEXPECTED_SAMPLE_RATE,3.0,22050,1,CONVERT/RESAMPLE,"SR is 22050, expected 44100"
Harmonium,310.wav,Harmonium\Kaggle_Classification_Clips\Harmonium\310.wav,UNEXPECTED_SAMPLE_RATE,3.0,22050,1,CONVERT/RESAMPLE,"SR is 22050, expected 44100"
Harmonium,311.wav,Harmonium\Kaggle_Classification_Clips\Harmonium\311.wav,UNEXPECTED_SAMPLE_RATE,3.0,22050,1,CONVERT/RESAMPLE,"SR is 22050, expected 44100"
Harmonium,312.wav,Harmonium\Kaggle_Classification_Clips\Harmonium\312.wav,UNEXPECTED_SAMPLE_RATE,3.0,22050,1,CONVERT/RESAMPLE,"SR is 22050, expected 44100"
Harmonium,313.wav,Harmonium\Kaggle_Classification_Clips\Harmonium\313.wav,UNEXPECTED_SAMPLE_RATE,3.0,22050,1,CONVERT/RESAMPLE,"SR is 22050, expected 44100"
Harmonium,314.wav,Harmonium\Kaggle_Classification_Clips\Harmonium\314.wav,UNEXPECTED_SAMPLE_RATE,3.0,22050,1,CONVERT/RESAMPLE,"SR is 22050, expected 44100"
Harmonium,315.wav,Harmonium\Kaggle_Classification_Clips\Harmonium\315.wav,UNEXPECTED_SAMPLE_RATE,3.0,22050,1,CONVERT/RESAMPLE,"SR is 22050, expected 44100"
Harmonium,316.wav,Harmonium\Kaggle_Classification_Clips\Harmonium\316.wav,UNEXPECTED_SAMPLE_RATE,3.0,22050,1,CONVERT/RESAMPLE,"SR is 22050, expected 44100"
Harmonium,317.wav,Harmonium\Kaggle_Classification_Clips\Harmonium\317.wav,UNEXPECTED_SAMPLE_RATE,3.0,22050,1,CONVERT/RESAMPLE,"SR is 22050, expected 44100"
Harmonium,318.wav,Harmonium\Kaggle_Classification_Clips\Harmonium\318.wav,UNEXPECTED_SAMPLE_RATE,3.0,22050,1,CONVERT/RESAMPLE,"SR is 22050, expected 44100"
Harmonium,319.wav,Harmonium\Kaggle_Classification_Clips\Harmonium\319.wav,UNEXPECTED_SAMPLE_RATE,3.0,22050,1,CONVERT/RESAMPLE,"SR is 22050, expected 44100"
Harmonium,32.wav,Harmonium\Kaggle_Classification_Clips\Harmonium\32.wav,UNEXPECTED_SAMPLE_RATE,3.0,22050,1,CONVERT/RESAMPLE,"SR is 22050, expected 44100"
Harmonium,320.wav,Harmonium\Kaggle_Classification_Clips\Harmonium\320.wav,UNEXPECTED_SAMPLE_RATE,3.0,22050,1,CONVERT/RESAMPLE,"SR is 22050, expected 44100"
Harmonium,321.wav,Harmonium\Kaggle_Classification_Clips\Harmonium\321.wav,UNEXPECTED_SAMPLE_RATE,3.0,22050,1,CONVERT/RESAMPLE,"SR is 22050, expected 44100"
Harmonium,322.wav,Harmonium\Kaggle_Classification_Clips\Harmonium\322.wav,UNEXPECTED_SAMPLE_RATE,3.0,22050,1,CONVERT/RESAMPLE,"SR is 22050, expected 44100"
Harmonium,323.wav,Harmonium\Kaggle_Classification_Clips\Harmonium\323.wav,UNEXPECTED_SAMPLE_RATE,3.0,22050,1,CONVERT/RESAMPLE,"SR is 22050, expected 44100"
Harmonium,324.wav,Harmonium\Kaggle_Classification_Clips\Harmonium\324.wav,UNEXPECTED_SAMPLE_RATE,3.0,22050,1,CONVERT/RESAMPLE,"SR is 22050, expected 44100"
Harmonium,325.wav,Harmonium\Kaggle_Classification_Clips\Harmonium\325.wav,UNEXPECTED_SAMPLE_RATE,3.0,22050,1,CONVERT/RESAMPLE,"SR is 22050, expected 44100"
Harmonium,326.wav,Harmonium\Kaggle_Classification_Clips\Harmonium\326.wav,UNEXPECTED_SAMPLE_RATE,3.0,22050,1,CONVERT/RESAMPLE,"SR is 22050, expected 44100"
Harmonium,327.wav,Harmonium\Kaggle_Classification_Clips\Harmonium\327.wav,UNEXPECTED_SAMPLE_RATE,3.0,22050,1,CONVERT/RESAMPLE,"SR is 22050, expected 44100"
Harmonium,328.wav,Harmonium\Kaggle_Classification_Clips\Harmonium\328.wav,UNEXPECTED_SAMPLE_RATE,3.0,22050,1,CONVERT/RESAMPLE,"SR is 22050, expected 44100"
Harmonium,329.wav,Harmonium\Kaggle_Classification_Clips\Harmonium\329.wav,UNEXPECTED_SAMPLE_RATE,3.0,22050,1,CONVERT/RESAMPLE,"SR is 22050, expected 44100"
Harmonium,33.wav,Harmonium\Kaggle_Classification_Clips\Harmonium\33.wav,UNEXPECTED_SAMPLE_RATE,3.0,22050,1,CONVERT/RESAMPLE,"SR is 22050, expected 44100"
Harmonium,330.wav,Harmonium\Kaggle_Classification_Clips\Harmonium\330.wav,UNEXPECTED_SAMPLE_RATE,3.0,22050,1,CONVERT/RESAMPLE,"SR is 22050, expected 44100"
Harmonium,331.wav,Harmonium\Kaggle_Classification_Clips\Harmonium\331.wav,UNEXPECTED_SAMPLE_RATE,3.0,22050,1,CONVERT/RESAMPLE,"SR is 22050, expected 44100"
Harmonium,332.wav,Harmonium\Kaggle_Classification_Clips\Harmonium\332.wav,UNEXPECTED_SAMPLE_RATE,3.0,22050,1,CONVERT/RESAMPLE,"SR is 22050, expected 44100"
Harmonium,333.wav,Harmonium\Kaggle_Classification_Clips\Harmonium\333.wav,UNEXPECTED_SAMPLE_RATE,3.0,22050,1,CONVERT/RESAMPLE,"SR is 22050, expected 44100"
Harmonium,334.wav,Harmonium\Kaggle_Classification_Clips\Harmonium\334.wav,UNEXPECTED_SAMPLE_RATE,3.0,22050,1,CONVERT/RESAMPLE,"SR is 22050, expected 44100"
Harmonium,335.wav,Harmonium\Kaggle_Classification_Clips\Harmonium\335.wav,UNEXPECTED_SAMPLE_RATE,3.0,22050,1,CONVERT/RESAMPLE,"SR is 22050, expected 44100"
Harmonium,336.wav,Harmonium\Kaggle_Classification_Clips\Harmonium\336.wav,UNEXPECTED_SAMPLE_RATE,3.0,22050,1,CONVERT/RESAMPLE,"SR is 22050, expected 44100"
Harmonium,337.wav,Harmonium\Kaggle_Classification_Clips\Harmonium\337.wav,UNEXPECTED_SAMPLE_RATE,3.0,22050,1,CONVERT/RESAMPLE,"SR is 22050, expected 44100"
Harmonium,338.wav,Harmonium\Kaggle_Classification_Clips\Harmonium\338.wav,UNEXPECTED_SAMPLE_RATE,3.0,22050,1,CONVERT/RESAMPLE,"SR is 22050, expected 44100"
Harmonium,339.wav,Harmonium\Kaggle_Classification_Clips\Harmonium\339.wav,UNEXPECTED_SAMPLE_RATE,3.0,22050,1,CONVERT/RESAMPLE,"SR is 22050, expected 44100"
Harmonium,34.wav,Harmonium\Kaggle_Classification_Clips\Harmonium\34.wav,UNEXPECTED_SAMPLE_RATE,3.0,22050,1,CONVERT/RESAMPLE,"SR is 22050, expected 44100"
Harmonium,340.wav,Harmonium\Kaggle_Classification_Clips\Harmonium\340.wav,UNEXPECTED_SAMPLE_RATE,3.0,22050,1,CONVERT/RESAMPLE,"SR is 22050, expected 44100"
Harmonium,341.wav,Harmonium\Kaggle_Classification_Clips\Harmonium\341.wav,UNEXPECTED_SAMPLE_RATE,3.0,22050,1,CONVERT/RESAMPLE,"SR is 22050, expected 44100"
Harmonium,342.wav,Harmonium\Kaggle_Classification_Clips\Harmonium\342.wav,UNEXPECTED_SAMPLE_RATE,3.0,22050,1,CONVERT/RESAMPLE,"SR is 22050, expected 44100"
Harmonium,343.wav,Harmonium\Kaggle_Classification_Clips\Harmonium\343.wav,UNEXPECTED_SAMPLE_RATE,3.0,22050,1,CONVERT/RESAMPLE,"SR is 22050, expected 44100"
Harmonium,344.wav,Harmonium\Kaggle_Classification_Clips\Harmonium\344.wav,UNEXPECTED_SAMPLE_RATE,3.0,22050,1,CONVERT/RESAMPLE,"SR is 22050, expected 44100"
Harmonium,345.wav,Harmonium\Kaggle_Classification_Clips\Harmonium\345.wav,UNEXPECTED_SAMPLE_RATE,3.0,22050,1,CONVERT/RESAMPLE,"SR is 22050, expected 44100"
Harmonium,346.wav,Harmonium\Kaggle_Classification_Clips\Harmonium\346.wav,UNEXPECTED_SAMPLE_RATE,3.0,22050,1,CONVERT/RESAMPLE,"SR is 22050, expected 44100"
Harmonium,347.wav,Harmonium\Kaggle_Classification_Clips\Harmonium\347.wav,UNEXPECTED_SAMPLE_RATE,3.0,22050,1,CONVERT/RESAMPLE,"SR is 22050, expected 44100"
Harmonium,348.wav,Harmonium\Kaggle_Classification_Clips\Harmonium\348.wav,UNEXPECTED_SAMPLE_RATE,3.0,22050,1,CONVERT/RESAMPLE,"SR is 22050, expected 44100"
Harmonium,349.wav,Harmonium\Kaggle_Classification_Clips\Harmonium\349.wav,UNEXPECTED_SAMPLE_RATE,3.0,22050,1,CONVERT/RESAMPLE,"SR is 22050, expected 44100"
Harmonium,35.wav,Harmonium\Kaggle_Classification_Clips\Harmonium\35.wav,UNEXPECTED_SAMPLE_RATE,3.0,22050,1,CONVERT/RESAMPLE,"SR is 22050, expected 44100"
Harmonium,350.wav,Harmonium\Kaggle_Classification_Clips\Harmonium\350.wav,UNEXPECTED_SAMPLE_RATE,3.0,22050,1,CONVERT/RESAMPLE,"SR is 22050, expected 44100"
Harmonium,351.wav,Harmonium\Kaggle_Classification_Clips\Harmonium\351.wav,UNEXPECTED_SAMPLE_RATE,3.0,22050,1,CONVERT/RESAMPLE,"SR is 22050, expected 44100"
Harmonium,352.wav,Harmonium\Kaggle_Classification_Clips\Harmonium\352.wav,UNEXPECTED_SAMPLE_RATE,3.0,22050,1,CONVERT/RESAMPLE,"SR is 22050, expected 44100"
Harmonium,353.wav,Harmonium\Kaggle_Classification_Clips\Harmonium\353.wav,UNEXPECTED_SAMPLE_RATE,3.0,22050,1,CONVERT/RESAMPLE,"SR is 22050, expected 44100"
Harmonium,354.wav,Harmonium\Kaggle_Classification_Clips\Harmonium\354.wav,UNEXPECTED_SAMPLE_RATE,3.0,22050,1,CONVERT/RESAMPLE,"SR is 22050, expected 44100"
Harmonium,355.wav,Harmonium\Kaggle_Classification_Clips\Harmonium\355.wav,UNEXPECTED_SAMPLE_RATE,3.0,22050,1,CONVERT/RESAMPLE,"SR is 22050, expected 44100"
Harmonium,356.wav,Harmonium\Kaggle_Classification_Clips\Harmonium\356.wav,UNEXPECTED_SAMPLE_RATE,3.0,22050,1,CONVERT/RESAMPLE,"SR is 22050, expected 44100"
Harmonium,357.wav,Harmonium\Kaggle_Classification_Clips\Harmonium\357.wav,UNEXPECTED_SAMPLE_RATE,3.0,22050,1,CONVERT/RESAMPLE,"SR is 22050, expected 44100"
Harmonium,358.wav,Harmonium\Kaggle_Classification_Clips\Harmonium\358.wav,UNEXPECTED_SAMPLE_RATE,3.0,22050,1,CONVERT/RESAMPLE,"SR is 22050, expected 44100"
Harmonium,359.wav,Harmonium\Kaggle_Classification_Clips\Harmonium\359.wav,UNEXPECTED_SAMPLE_RATE,3.0,22050,1,CONVERT/RESAMPLE,"SR is 22050, expected 44100"
Harmonium,36.wav,Harmonium\Kaggle_Classification_Clips\Harmonium\36.wav,UNEXPECTED_SAMPLE_RATE,3.0,22050,1,CONVERT/RESAMPLE,"SR is 22050, expected 44100"
Harmonium,360.wav,Harmonium\Kaggle_Classification_Clips\Harmonium\360.wav,UNEXPECTED_SAMPLE_RATE,3.0,22050,1,CONVERT/RESAMPLE,"SR is 22050, expected 44100"
Harmonium,361.wav,Harmonium\Kaggle_Classification_Clips\Harmonium\361.wav,UNEXPECTED_SAMPLE_RATE,3.0,22050,1,CONVERT/RESAMPLE,"SR is 22050, expected 44100"
Harmonium,362.wav,Harmonium\Kaggle_Classification_Clips\Harmonium\362.wav,UNEXPECTED_SAMPLE_RATE,3.0,22050,1,CONVERT/RESAMPLE,"SR is 22050, expected 44100"
Harmonium,363.wav,Harmonium\Kaggle_Classification_Clips\Harmonium\363.wav,UNEXPECTED_SAMPLE_RATE,3.0,22050,1,CONVERT/RESAMPLE,"SR is 22050, expected 44100"
Harmonium,364.wav,Harmonium\Kaggle_Classification_Clips\Harmonium\364.wav,UNEXPECTED_SAMPLE_RATE,3.0,22050,1,CONVERT/RESAMPLE,"SR is 22050, expected 44100"
Harmonium,365.wav,Harmonium\Kaggle_Classification_Clips\Harmonium\365.wav,UNEXPECTED_SAMPLE_RATE,3.0,22050,1,CONVERT/RESAMPLE,"SR is 22050, expected 44100"
Harmonium,366.wav,Harmonium\Kaggle_Classification_Clips\Harmonium\366.wav,UNEXPECTED_SAMPLE_RATE,3.0,22050,1,CONVERT/RESAMPLE,"SR is 22050, expected 44100"
Harmonium,367.wav,Harmonium\Kaggle_Classification_Clips\Harmonium\367.wav,UNEXPECTED_SAMPLE_RATE,3.0,22050,1,CONVERT/RESAMPLE,"SR is 22050, expected 44100"
Harmonium,368.wav,Harmonium\Kaggle_Classification_Clips\Harmonium\368.wav,UNEXPECTED_SAMPLE_RATE,3.0,22050,1,CONVERT/RESAMPLE,"SR is 22050, expected 44100"
Harmonium,369.wav,Harmonium\Kaggle_Classification_Clips\Harmonium\369.wav,UNEXPECTED_SAMPLE_RATE,3.0,22050,1,CONVERT/RESAMPLE,"SR is 22050, expected 44100"
Harmonium,37.wav,Harmonium\Kaggle_Classification_Clips\Harmonium\37.wav,UNEXPECTED_SAMPLE_RATE,3.0,22050,1,CONVERT/RESAMPLE,"SR is 22050, expected 44100"
Harmonium,370.wav,Harmonium\Kaggle_Classification_Clips\Harmonium\370.wav,UNEXPECTED_SAMPLE_RATE,3.0,22050,1,CONVERT/RESAMPLE,"SR is 22050, expected 44100"
Harmonium,371.wav,Harmonium\Kaggle_Classification_Clips\Harmonium\371.wav,UNEXPECTED_SAMPLE_RATE,3.0,22050,1,CONVERT/RESAMPLE,"SR is 22050, expected 44100"
Harmonium,372.wav,Harmonium\Kaggle_Classification_Clips\Harmonium\372.wav,UNEXPECTED_SAMPLE_RATE,3.0,22050,1,CONVERT/RESAMPLE,"SR is 22050, expected 44100"
Harmonium,373.wav,Harmonium\Kaggle_Classification_Clips\Harmonium\373.wav,UNEXPECTED_SAMPLE_RATE,3.0,22050,1,CONVERT/RESAMPLE,"SR is 22050, expected 44100"
Harmonium,374.wav,Harmonium\Kaggle_Classification_Clips\Harmonium\374.wav,UNEXPECTED_SAMPLE_RATE,3.0,22050,1,CONVERT/RESAMPLE,"SR is 22050, expected 44100"
Harmonium,375.wav,Harmonium\Kaggle_Classification_Clips\Harmonium\375.wav,UNEXPECTED_SAMPLE_RATE,3.0,22050,1,CONVERT/RESAMPLE,"SR is 22050, expected 44100"
Harmonium,376.wav,Harmonium\Kaggle_Classification_Clips\Harmonium\376.wav,UNEXPECTED_SAMPLE_RATE,3.0,22050,1,CONVERT/RESAMPLE,"SR is 22050, expected 44100"
Harmonium,377.wav,Harmonium\Kaggle_Classification_Clips\Harmonium\377.wav,UNEXPECTED_SAMPLE_RATE,3.0,22050,1,CONVERT/RESAMPLE,"SR is 22050, expected 44100"
Harmonium,378.wav,Harmonium\Kaggle_Classification_Clips\Harmonium\378.wav,UNEXPECTED_SAMPLE_RATE,3.0,22050,1,CONVERT/RESAMPLE,"SR is 22050, expected 44100"
Harmonium,379.wav,Harmonium\Kaggle_Classification_Clips\Harmonium\379.wav,UNEXPECTED_SAMPLE_RATE,3.0,22050,1,CONVERT/RESAMPLE,"SR is 22050, expected 44100"
Harmonium,38.wav,Harmonium\Kaggle_Classification_Clips\Harmonium\38.wav,UNEXPECTED_SAMPLE_RATE,3.0,22050,1,CONVERT/RESAMPLE,"SR is 22050, expected 44100"
Harmonium,380.wav,Harmonium\Kaggle_Classification_Clips\Harmonium\380.wav,UNEXPECTED_SAMPLE_RATE,3.0,22050,1,CONVERT/RESAMPLE,"SR is 22050, expected 44100"
Harmonium,381.wav,Harmonium\Kaggle_Classification_Clips\Harmonium\381.wav,UNEXPECTED_SAMPLE_RATE,3.0,22050,1,CONVERT/RESAMPLE,"SR is 22050, expected 44100"
Harmonium,382.wav,Harmonium\Kaggle_Classification_Clips\Harmonium\382.wav,UNEXPECTED_SAMPLE_RATE,3.0,22050,1,CONVERT/RESAMPLE,"SR is 22050, expected 44100"
Harmonium,383.wav,Harmonium\Kaggle_Classification_Clips\Harmonium\383.wav,UNEXPECTED_SAMPLE_RATE,3.0,22050,1,CONVERT/RESAMPLE,"SR is 22050, expected 44100"
Harmonium,384.wav,Harmonium\Kaggle_Classification_Clips\Harmonium\384.wav,UNEXPECTED_SAMPLE_RATE,3.0,22050,1,CONVERT/RESAMPLE,"SR is 22050, expected 44100"
Harmonium,385.wav,Harmonium\Kaggle_Classification_Clips\Harmonium\385.wav,UNEXPECTED_SAMPLE_RATE,3.0,22050,1,CONVERT/RESAMPLE,"SR is 22050, expected 44100"
Harmonium,386.wav,Harmonium\Kaggle_Classification_Clips\Harmonium\386.wav,UNEXPECTED_SAMPLE_RATE,3.0,22050,1,CONVERT/RESAMPLE,"SR is 22050, expected 44100"
Harmonium,387.wav,Harmonium\Kaggle_Classification_Clips\Harmonium\387.wav,UNEXPECTED_SAMPLE_RATE,3.0,22050,1,CONVERT/RESAMPLE,"SR is 22050, expected 44100"
Harmonium,388.wav,Harmonium\Kaggle_Classification_Clips\Harmonium\388.wav,UNEXPECTED_SAMPLE_RATE,3.0,22050,1,CONVERT/RESAMPLE,"SR is 22050, expected 44100"
Harmonium,389.wav,Harmonium\Kaggle_Classification_Clips\Harmonium\389.wav,UNEXPECTED_SAMPLE_RATE,3.0,22050,1,CONVERT/RESAMPLE,"SR is 22050, expected 44100"
Harmonium,39.wav,Harmonium\Kaggle_Classification_Clips\Harmonium\39.wav,UNEXPECTED_SAMPLE_RATE,3.0,22050,1,CONVERT/RESAMPLE,"SR is 22050, expected 44100"
Harmonium,390.wav,Harmonium\Kaggle_Classification_Clips\Harmonium\390.wav,UNEXPECTED_SAMPLE_RATE,3.0,22050,1,CONVERT/RESAMPLE,"SR is 22050, expected 44100"
Harmonium,391.wav,Harmonium\Kaggle_Classification_Clips\Harmonium\391.wav,UNEXPECTED_SAMPLE_RATE,3.0,22050,1,CONVERT/RESAMPLE,"SR is 22050, expected 44100"
Harmonium,392.wav,Harmonium\Kaggle_Classification_Clips\Harmonium\392.wav,UNEXPECTED_SAMPLE_RATE,3.0,22050,1,CONVERT/RESAMPLE,"SR is 22050, expected 44100"
Harmonium,393.wav,Harmonium\Kaggle_Classification_Clips\Harmonium\393.wav,UNEXPECTED_SAMPLE_RATE,3.0,22050,1,CONVERT/RESAMPLE,"SR is 22050, expected 44100"
Harmonium,394.wav,Harmonium\Kaggle_Classification_Clips\Harmonium\394.wav,UNEXPECTED_SAMPLE_RATE,3.0,22050,1,CONVERT/RESAMPLE,"SR is 22050, expected 44100"
Harmonium,395.wav,Harmonium\Kaggle_Classification_Clips\Harmonium\395.wav,UNEXPECTED_SAMPLE_RATE,3.0,22050,1,CONVERT/RESAMPLE,"SR is 22050, expected 44100"
Harmonium,396.wav,Harmonium\Kaggle_Classification_Clips\Harmonium\396.wav,UNEXPECTED_SAMPLE_RATE,3.0,22050,1,CONVERT/RESAMPLE,"SR is 22050, expected 44100"
Harmonium,397.wav,Harmonium\Kaggle_Classification_Clips\Harmonium\397.wav,UNEXPECTED_SAMPLE_RATE,3.0,22050,1,CONVERT/RESAMPLE,"SR is 22050, expected 44100"
Harmonium,398.wav,Harmonium\Kaggle_Classification_Clips\Harmonium\398.wav,UNEXPECTED_SAMPLE_RATE,3.0,22050,1,CONVERT/RESAMPLE,"SR is 22050, expected 44100"
Harmonium,399.wav,Harmonium\Kaggle_Classification_Clips\Harmonium\399.wav,UNEXPECTED_SAMPLE_RATE,3.0,22050,1,CONVERT/RESAMPLE,"SR is 22050, expected 44100"
Harmonium,4.wav,Harmonium\Kaggle_Classification_Clips\Harmonium\4.wav,UNEXPECTED_SAMPLE_RATE,3.0,22050,1,CONVERT/RESAMPLE,"SR is 22050, expected 44100"
Harmonium,40.wav,Harmonium\Kaggle_Classification_Clips\Harmonium\40.wav,UNEXPECTED_SAMPLE_RATE,3.0,22050,1,CONVERT/RESAMPLE,"SR is 22050, expected 44100"
Harmonium,400.wav,Harmonium\Kaggle_Classification_Clips\Harmonium\400.wav,UNEXPECTED_SAMPLE_RATE,3.0,22050,1,CONVERT/RESAMPLE,"SR is 22050, expected 44100"
Harmonium,401.wav,Harmonium\Kaggle_Classification_Clips\Harmonium\401.wav,UNEXPECTED_SAMPLE_RATE,3.0,22050,1,CONVERT/RESAMPLE,"SR is 22050, expected 44100"
Harmonium,402.wav,Harmonium\Kaggle_Classification_Clips\Harmonium\402.wav,UNEXPECTED_SAMPLE_RATE,3.0,22050,1,CONVERT/RESAMPLE,"SR is 22050, expected 44100"
Harmonium,403.wav,Harmonium\Kaggle_Classification_Clips\Harmonium\403.wav,UNEXPECTED_SAMPLE_RATE,3.0,22050,1,CONVERT/RESAMPLE,"SR is 22050, expected 44100"
Harmonium,404.wav,Harmonium\Kaggle_Classification_Clips\Harmonium\404.wav,UNEXPECTED_SAMPLE_RATE,3.0,22050,1,CONVERT/RESAMPLE,"SR is 22050, expected 44100"
Harmonium,405.wav,Harmonium\Kaggle_Classification_Clips\Harmonium\405.wav,UNEXPECTED_SAMPLE_RATE,3.0,22050,1,CONVERT/RESAMPLE,"SR is 22050, expected 44100"
Harmonium,406.wav,Harmonium\Kaggle_Classification_Clips\Harmonium\406.wav,UNEXPECTED_SAMPLE_RATE,3.0,22050,1,CONVERT/RESAMPLE,"SR is 22050, expected 44100"
Harmonium,407.wav,Harmonium\Kaggle_Classification_Clips\Harmonium\407.wav,UNEXPECTED_SAMPLE_RATE,3.0,22050,1,CONVERT/RESAMPLE,"SR is 22050, expected 44100"
Harmonium,408.wav,Harmonium\Kaggle_Classification_Clips\Harmonium\408.wav,UNEXPECTED_SAMPLE_RATE,3.0,22050,1,CONVERT/RESAMPLE,"SR is 22050, expected 44100"
Harmonium,409.wav,Harmonium\Kaggle_Classification_Clips\Harmonium\409.wav,UNEXPECTED_SAMPLE_RATE,3.0,22050,1,CONVERT/RESAMPLE,"SR is 22050, expected 44100"
Harmonium,41.wav,Harmonium\Kaggle_Classification_Clips\Harmonium\41.wav,UNEXPECTED_SAMPLE_RATE,3.0,22050,1,CONVERT/RESAMPLE,"SR is 22050, expected 44100"
Harmonium,410.wav,Harmonium\Kaggle_Classification_Clips\Harmonium\410.wav,UNEXPECTED_SAMPLE_RATE,3.0,22050,1,CONVERT/RESAMPLE,"SR is 22050, expected 44100"
Harmonium,411.wav,Harmonium\Kaggle_Classification_Clips\Harmonium\411.wav,UNEXPECTED_SAMPLE_RATE,3.0,22050,1,CONVERT/RESAMPLE,"SR is 22050, expected 44100"
Harmonium,412.wav,Harmonium\Kaggle_Classification_Clips\Harmonium\412.wav,UNEXPECTED_SAMPLE_RATE,3.0,22050,1,CONVERT/RESAMPLE,"SR is 22050, expected 44100"
Harmonium,413.wav,Harmonium\Kaggle_Classification_Clips\Harmonium\413.wav,UNEXPECTED_SAMPLE_RATE,3.0,22050,1,CONVERT/RESAMPLE,"SR is 22050, expected 44100"
Harmonium,414.wav,Harmonium\Kaggle_Classification_Clips\Harmonium\414.wav,UNEXPECTED_SAMPLE_RATE,3.0,22050,1,CONVERT/RESAMPLE,"SR is 22050, expected 44100"
Harmonium,415.wav,Harmonium\Kaggle_Classification_Clips\Harmonium\415.wav,UNEXPECTED_SAMPLE_RATE,3.0,22050,1,CONVERT/RESAMPLE,"SR is 22050, expected 44100"
Harmonium,416.wav,Harmonium\Kaggle_Classification_Clips\Harmonium\416.wav,UNEXPECTED_SAMPLE_RATE,3.0,22050,1,CONVERT/RESAMPLE,"SR is 22050, expected 44100"
Harmonium,417.wav,Harmonium\Kaggle_Classification_Clips\Harmonium\417.wav,UNEXPECTED_SAMPLE_RATE,3.0,22050,1,CONVERT/RESAMPLE,"SR is 22050, expected 44100"
Harmonium,418.wav,Harmonium\Kaggle_Classification_Clips\Harmonium\418.wav,UNEXPECTED_SAMPLE_RATE,3.0,22050,1,CONVERT/RESAMPLE,"SR is 22050, expected 44100"
Harmonium,419.wav,Harmonium\Kaggle_Classification_Clips\Harmonium\419.wav,UNEXPECTED_SAMPLE_RATE,3.0,22050,1,CONVERT/RESAMPLE,"SR is 22050, expected 44100"
Harmonium,42.wav,Harmonium\Kaggle_Classification_Clips\Harmonium\42.wav,UNEXPECTED_SAMPLE_RATE,3.0,22050,1,CONVERT/RESAMPLE,"SR is 22050, expected 44100"
Harmonium,420.wav,Harmonium\Kaggle_Classification_Clips\Harmonium\420.wav,UNEXPECTED_SAMPLE_RATE,3.0,22050,1,CONVERT/RESAMPLE,"SR is 22050, expected 44100"
Harmonium,421.wav,Harmonium\Kaggle_Classification_Clips\Harmonium\421.wav,UNEXPECTED_SAMPLE_RATE,3.0,22050,1,CONVERT/RESAMPLE,"SR is 22050, expected 44100"
Harmonium,422.wav,Harmonium\Kaggle_Classification_Clips\Harmonium\422.wav,UNEXPECTED_SAMPLE_RATE,3.0,22050,1,CONVERT/RESAMPLE,"SR is 22050, expected 44100"
Harmonium,423.wav,Harmonium\Kaggle_Classification_Clips\Harmonium\423.wav,UNEXPECTED_SAMPLE_RATE,3.0,22050,1,CONVERT/RESAMPLE,"SR is 22050, expected 44100"
Harmonium,424.wav,Harmonium\Kaggle_Classification_Clips\Harmonium\424.wav,UNEXPECTED_SAMPLE_RATE,3.0,22050,1,CONVERT/RESAMPLE,"SR is 22050, expected 44100"
Harmonium,425.wav,Harmonium\Kaggle_Classification_Clips\Harmonium\425.wav,UNEXPECTED_SAMPLE_RATE,3.0,22050,1,CONVERT/RESAMPLE,"SR is 22050, expected 44100"
Harmonium,426.wav,Harmonium\Kaggle_Classification_Clips\Harmonium\426.wav,UNEXPECTED_SAMPLE_RATE,3.0,22050,1,CONVERT/RESAMPLE,"SR is 22050, expected 44100"
Harmonium,427.wav,Harmonium\Kaggle_Classification_Clips\Harmonium\427.wav,UNEXPECTED_SAMPLE_RATE,3.0,22050,1,CONVERT/RESAMPLE,"SR is 22050, expected 44100"
Harmonium,428.wav,Harmonium\Kaggle_Classification_Clips\Harmonium\428.wav,UNEXPECTED_SAMPLE_RATE,3.0,22050,1,CONVERT/RESAMPLE,"SR is 22050, expected 44100"
Harmonium,429.wav,Harmonium\Kaggle_Classification_Clips\Harmonium\429.wav,UNEXPECTED_SAMPLE_RATE,3.0,22050,1,CONVERT/RESAMPLE,"SR is 22050, expected 44100"
Harmonium,43.wav,Harmonium\Kaggle_Classification_Clips\Harmonium\43.wav,UNEXPECTED_SAMPLE_RATE,3.0,22050,1,CONVERT/RESAMPLE,"SR is 22050, expected 44100"
Harmonium,430.wav,Harmonium\Kaggle_Classification_Clips\Harmonium\430.wav,UNEXPECTED_SAMPLE_RATE,3.0,22050,1,CONVERT/RESAMPLE,"SR is 22050, expected 44100"
Harmonium,431.wav,Harmonium\Kaggle_Classification_Clips\Harmonium\431.wav,UNEXPECTED_SAMPLE_RATE,3.0,22050,1,CONVERT/RESAMPLE,"SR is 22050, expected 44100"
Harmonium,432.wav,Harmonium\Kaggle_Classification_Clips\Harmonium\432.wav,UNEXPECTED_SAMPLE_RATE,3.0,22050,1,CONVERT/RESAMPLE,"SR is 22050, expected 44100"
Harmonium,433.wav,Harmonium\Kaggle_Classification_Clips\Harmonium\433.wav,UNEXPECTED_SAMPLE_RATE,3.0,22050,1,CONVERT/RESAMPLE,"SR is 22050, expected 44100"
Harmonium,434.wav,Harmonium\Kaggle_Classification_Clips\Harmonium\434.wav,UNEXPECTED_SAMPLE_RATE,3.0,22050,1,CONVERT/RESAMPLE,"SR is 22050, expected 44100"
Harmonium,435.wav,Harmonium\Kaggle_Classification_Clips\Harmonium\435.wav,UNEXPECTED_SAMPLE_RATE,3.0,22050,1,CONVERT/RESAMPLE,"SR is 22050, expected 44100"
Harmonium,436.wav,Harmonium\Kaggle_Classification_Clips\Harmonium\436.wav,UNEXPECTED_SAMPLE_RATE,3.0,22050,1,CONVERT/RESAMPLE,"SR is 22050, expected 44100"
Harmonium,437.wav,Harmonium\Kaggle_Classification_Clips\Harmonium\437.wav,UNEXPECTED_SAMPLE_RATE,3.0,22050,1,CONVERT/RESAMPLE,"SR is 22050, expected 44100"
Harmonium,438.wav,Harmonium\Kaggle_Classification_Clips\Harmonium\438.wav,UNEXPECTED_SAMPLE_RATE,3.0,22050,1,CONVERT/RESAMPLE,"SR is 22050, expected 44100"
Harmonium,439.wav,Harmonium\Kaggle_Classification_Clips\Harmonium\439.wav,UNEXPECTED_SAMPLE_RATE,3.0,22050,1,CONVERT/RESAMPLE,"SR is 22050, expected 44100"
Harmonium,44.wav,Harmonium\Kaggle_Classification_Clips\Harmonium\44.wav,UNEXPECTED_SAMPLE_RATE,3.0,22050,1,CONVERT/RESAMPLE,"SR is 22050, expected 44100"
Harmonium,440.wav,Harmonium\Kaggle_Classification_Clips\Harmonium\440.wav,UNEXPECTED_SAMPLE_RATE,3.0,22050,1,CONVERT/RESAMPLE,"SR is 22050, expected 44100"
Harmonium,441.wav,Harmonium\Kaggle_Classification_Clips\Harmonium\441.wav,UNEXPECTED_SAMPLE_RATE,3.0,22050,1,CONVERT/RESAMPLE,"SR is 22050, expected 44100"
Harmonium,442.wav,Harmonium\Kaggle_Classification_Clips\Harmonium\442.wav,UNEXPECTED_SAMPLE_RATE,3.0,22050,1,CONVERT/RESAMPLE,"SR is 22050, expected 44100"
Harmonium,443.wav,Harmonium\Kaggle_Classification_Clips\Harmonium\443.wav,UNEXPECTED_SAMPLE_RATE,3.0,22050,1,CONVERT/RESAMPLE,"SR is 22050, expected 44100"
Harmonium,444.wav,Harmonium\Kaggle_Classification_Clips\Harmonium\444.wav,UNEXPECTED_SAMPLE_RATE,3.0,22050,1,CONVERT/RESAMPLE,"SR is 22050, expected 44100"
Harmonium,445.wav,Harmonium\Kaggle_Classification_Clips\Harmonium\445.wav,UNEXPECTED_SAMPLE_RATE,3.0,22050,1,CONVERT/RESAMPLE,"SR is 22050, expected 44100"
Harmonium,446.wav,Harmonium\Kaggle_Classification_Clips\Harmonium\446.wav,UNEXPECTED_SAMPLE_RATE,3.0,22050,1,CONVERT/RESAMPLE,"SR is 22050, expected 44100"
Harmonium,447.wav,Harmonium\Kaggle_Classification_Clips\Harmonium\447.wav,UNEXPECTED_SAMPLE_RATE,3.0,22050,1,CONVERT/RESAMPLE,"SR is 22050, expected 44100"
Harmonium,448.wav,Harmonium\Kaggle_Classification_Clips\Harmonium\448.wav,UNEXPECTED_SAMPLE_RATE,3.0,22050,1,CONVERT/RESAMPLE,"SR is 22050, expected 44100"
Harmonium,449.wav,Harmonium\Kaggle_Classification_Clips\Harmonium\449.wav,UNEXPECTED_SAMPLE_RATE,3.0,22050,1,CONVERT/RESAMPLE,"SR is 22050, expected 44100"
Harmonium,45.wav,Harmonium\Kaggle_Classification_Clips\Harmonium\45.wav,UNEXPECTED_SAMPLE_RATE,3.0,22050,1,CONVERT/RESAMPLE,"SR is 22050, expected 44100"
Harmonium,450.wav,Harmonium\Kaggle_Classification_Clips\Harmonium\450.wav,UNEXPECTED_SAMPLE_RATE,3.0,22050,1,CONVERT/RESAMPLE,"SR is 22050, expected 44100"
Harmonium,451.wav,Harmonium\Kaggle_Classification_Clips\Harmonium\451.wav,UNEXPECTED_SAMPLE_RATE,3.0,22050,1,CONVERT/RESAMPLE,"SR is 22050, expected 44100"
Harmonium,452.wav,Harmonium\Kaggle_Classification_Clips\Harmonium\452.wav,UNEXPECTED_SAMPLE_RATE,3.0,22050,1,CONVERT/RESAMPLE,"SR is 22050, expected 44100"
Harmonium,453.wav,Harmonium\Kaggle_Classification_Clips\Harmonium\453.wav,UNEXPECTED_SAMPLE_RATE,3.0,22050,1,CONVERT/RESAMPLE,"SR is 22050, expected 44100"
Harmonium,454.wav,Harmonium\Kaggle_Classification_Clips\Harmonium\454.wav,UNEXPECTED_SAMPLE_RATE,3.0,22050,1,CONVERT/RESAMPLE,"SR is 22050, expected 44100"
Harmonium,455.wav,Harmonium\Kaggle_Classification_Clips\Harmonium\455.wav,UNEXPECTED_SAMPLE_RATE,3.0,22050,1,CONVERT/RESAMPLE,"SR is 22050, expected 44100"
Harmonium,456.wav,Harmonium\Kaggle_Classification_Clips\Harmonium\456.wav,UNEXPECTED_SAMPLE_RATE,3.0,22050,1,CONVERT/RESAMPLE,"SR is 22050, expected 44100"
Harmonium,457.wav,Harmonium\Kaggle_Classification_Clips\Harmonium\457.wav,UNEXPECTED_SAMPLE_RATE,3.0,22050,1,CONVERT/RESAMPLE,"SR is 22050, expected 44100"
Harmonium,458.wav,Harmonium\Kaggle_Classification_Clips\Harmonium\458.wav,UNEXPECTED_SAMPLE_RATE,3.0,22050,1,CONVERT/RESAMPLE,"SR is 22050, expected 44100"
Harmonium,459.wav,Harmonium\Kaggle_Classification_Clips\Harmonium\459.wav,UNEXPECTED_SAMPLE_RATE,3.0,22050,1,CONVERT/RESAMPLE,"SR is 22050, expected 44100"
Harmonium,46.wav,Harmonium\Kaggle_Classification_Clips\Harmonium\46.wav,UNEXPECTED_SAMPLE_RATE,3.0,22050,1,CONVERT/RESAMPLE,"SR is 22050, expected 44100"
Harmonium,460.wav,Harmonium\Kaggle_Classification_Clips\Harmonium\460.wav,UNEXPECTED_SAMPLE_RATE,3.0,22050,1,CONVERT/RESAMPLE,"SR is 22050, expected 44100"
Harmonium,461.wav,Harmonium\Kaggle_Classification_Clips\Harmonium\461.wav,UNEXPECTED_SAMPLE_RATE,3.0,22050,1,CONVERT/RESAMPLE,"SR is 22050, expected 44100"
Harmonium,462.wav,Harmonium\Kaggle_Classification_Clips\Harmonium\462.wav,UNEXPECTED_SAMPLE_RATE,3.0,22050,1,CONVERT/RESAMPLE,"SR is 22050, expected 44100"
Harmonium,463.wav,Harmonium\Kaggle_Classification_Clips\Harmonium\463.wav,UNEXPECTED_SAMPLE_RATE,3.0,22050,1,CONVERT/RESAMPLE,"SR is 22050, expected 44100"
Harmonium,464.wav,Harmonium\Kaggle_Classification_Clips\Harmonium\464.wav,UNEXPECTED_SAMPLE_RATE,3.0,22050,1,CONVERT/RESAMPLE,"SR is 22050, expected 44100"
Harmonium,465.wav,Harmonium\Kaggle_Classification_Clips\Harmonium\465.wav,UNEXPECTED_SAMPLE_RATE,3.0,22050,1,CONVERT/RESAMPLE,"SR is 22050, expected 44100"
Harmonium,466.wav,Harmonium\Kaggle_Classification_Clips\Harmonium\466.wav,UNEXPECTED_SAMPLE_RATE,3.0,22050,1,CONVERT/RESAMPLE,"SR is 22050, expected 44100"
Harmonium,467.wav,Harmonium\Kaggle_Classification_Clips\Harmonium\467.wav,UNEXPECTED_SAMPLE_RATE,3.0,22050,1,CONVERT/RESAMPLE,"SR is 22050, expected 44100"
Harmonium,468.wav,Harmonium\Kaggle_Classification_Clips\Harmonium\468.wav,UNEXPECTED_SAMPLE_RATE,3.0,22050,1,CONVERT/RESAMPLE,"SR is 22050, expected 44100"
Harmonium,469.wav,Harmonium\Kaggle_Classification_Clips\Harmonium\469.wav,UNEXPECTED_SAMPLE_RATE,3.0,22050,1,CONVERT/RESAMPLE,"SR is 22050, expected 44100"
Harmonium,47.wav,Harmonium\Kaggle_Classification_Clips\Harmonium\47.wav,UNEXPECTED_SAMPLE_RATE,3.0,22050,1,CONVERT/RESAMPLE,"SR is 22050, expected 44100"
Harmonium,470.wav,Harmonium\Kaggle_Classification_Clips\Harmonium\470.wav,UNEXPECTED_SAMPLE_RATE,3.0,22050,1,CONVERT/RESAMPLE,"SR is 22050, expected 44100"
Harmonium,471.wav,Harmonium\Kaggle_Classification_Clips\Harmonium\471.wav,UNEXPECTED_SAMPLE_RATE,3.0,22050,1,CONVERT/RESAMPLE,"SR is 22050, expected 44100"
Harmonium,472.wav,Harmonium\Kaggle_Classification_Clips\Harmonium\472.wav,UNEXPECTED_SAMPLE_RATE,3.0,22050,1,CONVERT/RESAMPLE,"SR is 22050, expected 44100"
Harmonium,473.wav,Harmonium\Kaggle_Classification_Clips\Harmonium\473.wav,UNEXPECTED_SAMPLE_RATE,3.0,22050,1,CONVERT/RESAMPLE,"SR is 22050, expected 44100"
Harmonium,474.wav,Harmonium\Kaggle_Classification_Clips\Harmonium\474.wav,UNEXPECTED_SAMPLE_RATE,3.0,22050,1,CONVERT/RESAMPLE,"SR is 22050, expected 44100"
Harmonium,475.wav,Harmonium\Kaggle_Classification_Clips\Harmonium\475.wav,UNEXPECTED_SAMPLE_RATE,3.0,22050,1,CONVERT/RESAMPLE,"SR is 22050, expected 44100"
Harmonium,476.wav,Harmonium\Kaggle_Classification_Clips\Harmonium\476.wav,UNEXPECTED_SAMPLE_RATE,3.0,22050,1,CONVERT/RESAMPLE,"SR is 22050, expected 44100"
Harmonium,477.wav,Harmonium\Kaggle_Classification_Clips\Harmonium\477.wav,UNEXPECTED_SAMPLE_RATE,3.0,22050,1,CONVERT/RESAMPLE,"SR is 22050, expected 44100"
Harmonium,478.wav,Harmonium\Kaggle_Classification_Clips\Harmonium\478.wav,UNEXPECTED_SAMPLE_RATE,3.0,22050,1,CONVERT/RESAMPLE,"SR is 22050, expected 44100"
Harmonium,479.wav,Harmonium\Kaggle_Classification_Clips\Harmonium\479.wav,UNEXPECTED_SAMPLE_RATE,3.0,22050,1,CONVERT/RESAMPLE,"SR is 22050, expected 44100"
Harmonium,48.wav,Harmonium\Kaggle_Classification_Clips\Harmonium\48.wav,UNEXPECTED_SAMPLE_RATE,3.0,22050,1,CONVERT/RESAMPLE,"SR is 22050, expected 44100"
Harmonium,480.wav,Harmonium\Kaggle_Classification_Clips\Harmonium\480.wav,UNEXPECTED_SAMPLE_RATE,3.0,22050,1,CONVERT/RESAMPLE,"SR is 22050, expected 44100"
Harmonium,481.wav,Harmonium\Kaggle_Classification_Clips\Harmonium\481.wav,UNEXPECTED_SAMPLE_RATE,3.0,22050,1,CONVERT/RESAMPLE,"SR is 22050, expected 44100"
Harmonium,482.wav,Harmonium\Kaggle_Classification_Clips\Harmonium\482.wav,UNEXPECTED_SAMPLE_RATE,3.0,22050,1,CONVERT/RESAMPLE,"SR is 22050, expected 44100"
Harmonium,483.wav,Harmonium\Kaggle_Classification_Clips\Harmonium\483.wav,UNEXPECTED_SAMPLE_RATE,3.0,22050,1,CONVERT/RESAMPLE,"SR is 22050, expected 44100"
Harmonium,484.wav,Harmonium\Kaggle_Classification_Clips\Harmonium\484.wav,UNEXPECTED_SAMPLE_RATE,3.0,22050,1,CONVERT/RESAMPLE,"SR is 22050, expected 44100"
Harmonium,485.wav,Harmonium\Kaggle_Classification_Clips\Harmonium\485.wav,UNEXPECTED_SAMPLE_RATE,3.0,22050,1,CONVERT/RESAMPLE,"SR is 22050, expected 44100"
Harmonium,486.wav,Harmonium\Kaggle_Classification_Clips\Harmonium\486.wav,UNEXPECTED_SAMPLE_RATE,3.0,22050,1,CONVERT/RESAMPLE,"SR is 22050, expected 44100"
Harmonium,487.wav,Harmonium\Kaggle_Classification_Clips\Harmonium\487.wav,UNEXPECTED_SAMPLE_RATE,3.0,22050,1,CONVERT/RESAMPLE,"SR is 22050, expected 44100"
Harmonium,488.wav,Harmonium\Kaggle_Classification_Clips\Harmonium\488.wav,UNEXPECTED_SAMPLE_RATE,3.0,22050,1,CONVERT/RESAMPLE,"SR is 22050, expected 44100"
Harmonium,489.wav,Harmonium\Kaggle_Classification_Clips\Harmonium\489.wav,UNEXPECTED_SAMPLE_RATE,3.0,22050,1,CONVERT/RESAMPLE,"SR is 22050, expected 44100"
Harmonium,49.wav,Harmonium\Kaggle_Classification_Clips\Harmonium\49.wav,UNEXPECTED_SAMPLE_RATE,3.0,22050,1,CONVERT/RESAMPLE,"SR is 22050, expected 44100"
Harmonium,490.wav,Harmonium\Kaggle_Classification_Clips\Harmonium\490.wav,UNEXPECTED_SAMPLE_RATE,3.0,22050,1,CONVERT/RESAMPLE,"SR is 22050, expected 44100"
Harmonium,491.wav,Harmonium\Kaggle_Classification_Clips\Harmonium\491.wav,UNEXPECTED_SAMPLE_RATE,3.0,22050,1,CONVERT/RESAMPLE,"SR is 22050, expected 44100"
Harmonium,492.wav,Harmonium\Kaggle_Classification_Clips\Harmonium\492.wav,UNEXPECTED_SAMPLE_RATE,3.0,22050,1,CONVERT/RESAMPLE,"SR is 22050, expected 44100"
Harmonium,493.wav,Harmonium\Kaggle_Classification_Clips\Harmonium\493.wav,UNEXPECTED_SAMPLE_RATE,3.0,22050,1,CONVERT/RESAMPLE,"SR is 22050, expected 44100"
Harmonium,494.wav,Harmonium\Kaggle_Classification_Clips\Harmonium\494.wav,UNEXPECTED_SAMPLE_RATE,3.0,22050,1,CONVERT/RESAMPLE,"SR is 22050, expected 44100"
Harmonium,495.wav,Harmonium\Kaggle_Classification_Clips\Harmonium\495.wav,UNEXPECTED_SAMPLE_RATE,3.0,22050,1,CONVERT/RESAMPLE,"SR is 22050, expected 44100"
Harmonium,496.wav,Harmonium\Kaggle_Classification_Clips\Harmonium\496.wav,UNEXPECTED_SAMPLE_RATE,3.0,22050,1,CONVERT/RESAMPLE,"SR is 22050, expected 44100"
Harmonium,497.wav,Harmonium\Kaggle_Classification_Clips\Harmonium\497.wav,UNEXPECTED_SAMPLE_RATE,3.0,22050,1,CONVERT/RESAMPLE,"SR is 22050, expected 44100"
Harmonium,498.wav,Harmonium\Kaggle_Classification_Clips\Harmonium\498.wav,UNEXPECTED_SAMPLE_RATE,3.0,22050,1,CONVERT/RESAMPLE,"SR is 22050, expected 44100"
Harmonium,499.wav,Harmonium\Kaggle_Classification_Clips\Harmonium\499.wav,UNEXPECTED_SAMPLE_RATE,3.0,22050,1,CONVERT/RESAMPLE,"SR is 22050, expected 44100"
Harmonium,5.wav,Harmonium\Kaggle_Classification_Clips\Harmonium\5.wav,UNEXPECTED_SAMPLE_RATE,3.0,22050,1,CONVERT/RESAMPLE,"SR is 22050, expected 44100"
Harmonium,50.wav,Harmonium\Kaggle_Classification_Clips\Harmonium\50.wav,UNEXPECTED_SAMPLE_RATE,3.0,22050,1,CONVERT/RESAMPLE,"SR is 22050, expected 44100"
Harmonium,500.wav,Harmonium\Kaggle_Classification_Clips\Harmonium\500.wav,UNEXPECTED_SAMPLE_RATE,3.0,22050,1,CONVERT/RESAMPLE,"SR is 22050, expected 44100"
Harmonium,501.wav,Harmonium\Kaggle_Classification_Clips\Harmonium\501.wav,UNEXPECTED_SAMPLE_RATE,3.0,22050,1,CONVERT/RESAMPLE,"SR is 22050, expected 44100"
Harmonium,502.wav,Harmonium\Kaggle_Classification_Clips\Harmonium\502.wav,UNEXPECTED_SAMPLE_RATE,3.0,22050,1,CONVERT/RESAMPLE,"SR is 22050, expected 44100"
Harmonium,503.wav,Harmonium\Kaggle_Classification_Clips\Harmonium\503.wav,UNEXPECTED_SAMPLE_RATE,3.0,22050,1,CONVERT/RESAMPLE,"SR is 22050, expected 44100"
Harmonium,504.wav,Harmonium\Kaggle_Classification_Clips\Harmonium\504.wav,UNEXPECTED_SAMPLE_RATE,3.0,22050,1,CONVERT/RESAMPLE,"SR is 22050, expected 44100"
Harmonium,505.wav,Harmonium\Kaggle_Classification_Clips\Harmonium\505.wav,UNEXPECTED_SAMPLE_RATE,3.0,22050,1,CONVERT/RESAMPLE,"SR is 22050, expected 44100"
Harmonium,506.wav,Harmonium\Kaggle_Classification_Clips\Harmonium\506.wav,UNEXPECTED_SAMPLE_RATE,3.0,22050,1,CONVERT/RESAMPLE,"SR is 22050, expected 44100"
Harmonium,507.wav,Harmonium\Kaggle_Classification_Clips\Harmonium\507.wav,UNEXPECTED_SAMPLE_RATE,3.0,22050,1,CONVERT/RESAMPLE,"SR is 22050, expected 44100"
Harmonium,508.wav,Harmonium\Kaggle_Classification_Clips\Harmonium\508.wav,UNEXPECTED_SAMPLE_RATE,3.0,22050,1,CONVERT/RESAMPLE,"SR is 22050, expected 44100"
Harmonium,509.wav,Harmonium\Kaggle_Classification_Clips\Harmonium\509.wav,UNEXPECTED_SAMPLE_RATE,3.0,22050,1,CONVERT/RESAMPLE,"SR is 22050, expected 44100"
Harmonium,51.wav,Harmonium\Kaggle_Classification_Clips\Harmonium\51.wav,UNEXPECTED_SAMPLE_RATE,3.0,22050,1,CONVERT/RESAMPLE,"SR is 22050, expected 44100"
Harmonium,510.wav,Harmonium\Kaggle_Classification_Clips\Harmonium\510.wav,UNEXPECTED_SAMPLE_RATE,3.0,22050,1,CONVERT/RESAMPLE,"SR is 22050, expected 44100"
Harmonium,511.wav,Harmonium\Kaggle_Classification_Clips\Harmonium\511.wav,UNEXPECTED_SAMPLE_RATE,3.0,22050,1,CONVERT/RESAMPLE,"SR is 22050, expected 44100"
Harmonium,512.wav,Harmonium\Kaggle_Classification_Clips\Harmonium\512.wav,UNEXPECTED_SAMPLE_RATE,3.0,22050,1,CONVERT/RESAMPLE,"SR is 22050, expected 44100"
Harmonium,513.wav,Harmonium\Kaggle_Classification_Clips\Harmonium\513.wav,UNEXPECTED_SAMPLE_RATE,3.0,22050,1,CONVERT/RESAMPLE,"SR is 22050, expected 44100"
Harmonium,514.wav,Harmonium\Kaggle_Classification_Clips\Harmonium\514.wav,UNEXPECTED_SAMPLE_RATE,3.0,22050,1,CONVERT/RESAMPLE,"SR is 22050, expected 44100"
Harmonium,515.wav,Harmonium\Kaggle_Classification_Clips\Harmonium\515.wav,UNEXPECTED_SAMPLE_RATE,3.0,22050,1,CONVERT/RESAMPLE,"SR is 22050, expected 44100"
Harmonium,516.wav,Harmonium\Kaggle_Classification_Clips\Harmonium\516.wav,UNEXPECTED_SAMPLE_RATE,3.0,22050,1,CONVERT/RESAMPLE,"SR is 22050, expected 44100"
Harmonium,517.wav,Harmonium\Kaggle_Classification_Clips\Harmonium\517.wav,UNEXPECTED_SAMPLE_RATE,3.0,22050,1,CONVERT/RESAMPLE,"SR is 22050, expected 44100"
Harmonium,518.wav,Harmonium\Kaggle_Classification_Clips\Harmonium\518.wav,UNEXPECTED_SAMPLE_RATE,3.0,22050,1,CONVERT/RESAMPLE,"SR is 22050, expected 44100"
Harmonium,519.wav,Harmonium\Kaggle_Classification_Clips\Harmonium\519.wav,UNEXPECTED_SAMPLE_RATE,3.0,22050,1,CONVERT/RESAMPLE,"SR is 22050, expected 44100"
Harmonium,52.wav,Harmonium\Kaggle_Classification_Clips\Harmonium\52.wav,UNEXPECTED_SAMPLE_RATE,3.0,22050,1,CONVERT/RESAMPLE,"SR is 22050, expected 44100"
Harmonium,520.wav,Harmonium\Kaggle_Classification_Clips\Harmonium\520.wav,UNEXPECTED_SAMPLE_RATE,3.0,22050,1,CONVERT/RESAMPLE,"SR is 22050, expected 44100"
Harmonium,521.wav,Harmonium\Kaggle_Classification_Clips\Harmonium\521.wav,UNEXPECTED_SAMPLE_RATE,3.0,22050,1,CONVERT/RESAMPLE,"SR is 22050, expected 44100"
Harmonium,522.wav,Harmonium\Kaggle_Classification_Clips\Harmonium\522.wav,UNEXPECTED_SAMPLE_RATE,3.0,22050,1,CONVERT/RESAMPLE,"SR is 22050, expected 44100"
Harmonium,523.wav,Harmonium\Kaggle_Classification_Clips\Harmonium\523.wav,UNEXPECTED_SAMPLE_RATE,3.0,22050,1,CONVERT/RESAMPLE,"SR is 22050, expected 44100"
Harmonium,524.wav,Harmonium\Kaggle_Classification_Clips\Harmonium\524.wav,UNEXPECTED_SAMPLE_RATE,3.0,22050,1,CONVERT/RESAMPLE,"SR is 22050, expected 44100"
Harmonium,525.wav,Harmonium\Kaggle_Classification_Clips\Harmonium\525.wav,UNEXPECTED_SAMPLE_RATE,3.0,22050,1,CONVERT/RESAMPLE,"SR is 22050, expected 44100"
Harmonium,526.wav,Harmonium\Kaggle_Classification_Clips\Harmonium\526.wav,UNEXPECTED_SAMPLE_RATE,3.0,22050,1,CONVERT/RESAMPLE,"SR is 22050, expected 44100"
Harmonium,527.wav,Harmonium\Kaggle_Classification_Clips\Harmonium\527.wav,UNEXPECTED_SAMPLE_RATE,3.0,22050,1,CONVERT/RESAMPLE,"SR is 22050, expected 44100"
Harmonium,528.wav,Harmonium\Kaggle_Classification_Clips\Harmonium\528.wav,UNEXPECTED_SAMPLE_RATE,3.0,22050,1,CONVERT/RESAMPLE,"SR is 22050, expected 44100"
Harmonium,529.wav,Harmonium\Kaggle_Classification_Clips\Harmonium\529.wav,UNEXPECTED_SAMPLE_RATE,3.0,22050,1,CONVERT/RESAMPLE,"SR is 22050, expected 44100"
Harmonium,53.wav,Harmonium\Kaggle_Classification_Clips\Harmonium\53.wav,UNEXPECTED_SAMPLE_RATE,3.0,22050,1,CONVERT/RESAMPLE,"SR is 22050, expected 44100"
Harmonium,530.wav,Harmonium\Kaggle_Classification_Clips\Harmonium\530.wav,UNEXPECTED_SAMPLE_RATE,3.0,22050,1,CONVERT/RESAMPLE,"SR is 22050, expected 44100"
Harmonium,531.wav,Harmonium\Kaggle_Classification_Clips\Harmonium\531.wav,UNEXPECTED_SAMPLE_RATE,3.0,22050,1,CONVERT/RESAMPLE,"SR is 22050, expected 44100"
Harmonium,532.wav,Harmonium\Kaggle_Classification_Clips\Harmonium\532.wav,UNEXPECTED_SAMPLE_RATE,3.0,22050,1,CONVERT/RESAMPLE,"SR is 22050, expected 44100"
Harmonium,533.wav,Harmonium\Kaggle_Classification_Clips\Harmonium\533.wav,UNEXPECTED_SAMPLE_RATE,3.0,22050,1,CONVERT/RESAMPLE,"SR is 22050, expected 44100"
Harmonium,534.wav,Harmonium\Kaggle_Classification_Clips\Harmonium\534.wav,UNEXPECTED_SAMPLE_RATE,3.0,22050,1,CONVERT/RESAMPLE,"SR is 22050, expected 44100"
Harmonium,535.wav,Harmonium\Kaggle_Classification_Clips\Harmonium\535.wav,UNEXPECTED_SAMPLE_RATE,3.0,22050,1,CONVERT/RESAMPLE,"SR is 22050, expected 44100"
Harmonium,536.wav,Harmonium\Kaggle_Classification_Clips\Harmonium\536.wav,UNEXPECTED_SAMPLE_RATE,3.0,22050,1,CONVERT/RESAMPLE,"SR is 22050, expected 44100"
Harmonium,537.wav,Harmonium\Kaggle_Classification_Clips\Harmonium\537.wav,UNEXPECTED_SAMPLE_RATE,3.0,22050,1,CONVERT/RESAMPLE,"SR is 22050, expected 44100"
Harmonium,538.wav,Harmonium\Kaggle_Classification_Clips\Harmonium\538.wav,UNEXPECTED_SAMPLE_RATE,3.0,22050,1,CONVERT/RESAMPLE,"SR is 22050, expected 44100"
Harmonium,539.wav,Harmonium\Kaggle_Classification_Clips\Harmonium\539.wav,UNEXPECTED_SAMPLE_RATE,3.0,22050,1,CONVERT/RESAMPLE,"SR is 22050, expected 44100"
Harmonium,54.wav,Harmonium\Kaggle_Classification_Clips\Harmonium\54.wav,UNEXPECTED_SAMPLE_RATE,3.0,22050,1,CONVERT/RESAMPLE,"SR is 22050, expected 44100"
Harmonium,540.wav,Harmonium\Kaggle_Classification_Clips\Harmonium\540.wav,UNEXPECTED_SAMPLE_RATE,3.0,22050,1,CONVERT/RESAMPLE,"SR is 22050, expected 44100"
Harmonium,541.wav,Harmonium\Kaggle_Classification_Clips\Harmonium\541.wav,UNEXPECTED_SAMPLE_RATE,3.0,22050,1,CONVERT/RESAMPLE,"SR is 22050, expected 44100"
Harmonium,542.wav,Harmonium\Kaggle_Classification_Clips\Harmonium\542.wav,UNEXPECTED_SAMPLE_RATE,3.0,22050,1,CONVERT/RESAMPLE,"SR is 22050, expected 44100"
Harmonium,543.wav,Harmonium\Kaggle_Classification_Clips\Harmonium\543.wav,UNEXPECTED_SAMPLE_RATE,3.0,22050,1,CONVERT/RESAMPLE,"SR is 22050, expected 44100"
Harmonium,544.wav,Harmonium\Kaggle_Classification_Clips\Harmonium\544.wav,UNEXPECTED_SAMPLE_RATE,3.0,22050,1,CONVERT/RESAMPLE,"SR is 22050, expected 44100"
Harmonium,545.wav,Harmonium\Kaggle_Classification_Clips\Harmonium\545.wav,UNEXPECTED_SAMPLE_RATE,3.0,22050,1,CONVERT/RESAMPLE,"SR is 22050, expected 44100"
Harmonium,546.wav,Harmonium\Kaggle_Classification_Clips\Harmonium\546.wav,UNEXPECTED_SAMPLE_RATE,3.0,22050,1,CONVERT/RESAMPLE,"SR is 22050, expected 44100"
Harmonium,547.wav,Harmonium\Kaggle_Classification_Clips\Harmonium\547.wav,UNEXPECTED_SAMPLE_RATE,3.0,22050,1,CONVERT/RESAMPLE,"SR is 22050, expected 44100"
Harmonium,548.wav,Harmonium\Kaggle_Classification_Clips\Harmonium\548.wav,UNEXPECTED_SAMPLE_RATE,3.0,22050,1,CONVERT/RESAMPLE,"SR is 22050, expected 44100"
Harmonium,549.wav,Harmonium\Kaggle_Classification_Clips\Harmonium\549.wav,UNEXPECTED_SAMPLE_RATE,3.0,22050,1,CONVERT/RESAMPLE,"SR is 22050, expected 44100"
Harmonium,55.wav,Harmonium\Kaggle_Classification_Clips\Harmonium\55.wav,UNEXPECTED_SAMPLE_RATE,3.0,22050,1,CONVERT/RESAMPLE,"SR is 22050, expected 44100"
Harmonium,550.wav,Harmonium\Kaggle_Classification_Clips\Harmonium\550.wav,UNEXPECTED_SAMPLE_RATE,3.0,22050,1,CONVERT/RESAMPLE,"SR is 22050, expected 44100"
Harmonium,551.wav,Harmonium\Kaggle_Classification_Clips\Harmonium\551.wav,UNEXPECTED_SAMPLE_RATE,3.0,22050,1,CONVERT/RESAMPLE,"SR is 22050, expected 44100"
Harmonium,552.wav,Harmonium\Kaggle_Classification_Clips\Harmonium\552.wav,UNEXPECTED_SAMPLE_RATE,3.0,22050,1,CONVERT/RESAMPLE,"SR is 22050, expected 44100"
Harmonium,553.wav,Harmonium\Kaggle_Classification_Clips\Harmonium\553.wav,UNEXPECTED_SAMPLE_RATE,3.0,22050,1,CONVERT/RESAMPLE,"SR is 22050, expected 44100"
Harmonium,554.wav,Harmonium\Kaggle_Classification_Clips\Harmonium\554.wav,UNEXPECTED_SAMPLE_RATE,3.0,22050,1,CONVERT/RESAMPLE,"SR is 22050, expected 44100"
Harmonium,555.wav,Harmonium\Kaggle_Classification_Clips\Harmonium\555.wav,UNEXPECTED_SAMPLE_RATE,3.0,22050,1,CONVERT/RESAMPLE,"SR is 22050, expected 44100"
Harmonium,556.wav,Harmonium\Kaggle_Classification_Clips\Harmonium\556.wav,UNEXPECTED_SAMPLE_RATE,3.0,22050,1,CONVERT/RESAMPLE,"SR is 22050, expected 44100"
Harmonium,557.wav,Harmonium\Kaggle_Classification_Clips\Harmonium\557.wav,UNEXPECTED_SAMPLE_RATE,3.0,22050,1,CONVERT/RESAMPLE,"SR is 22050, expected 44100"
Harmonium,558.wav,Harmonium\Kaggle_Classification_Clips\Harmonium\558.wav,UNEXPECTED_SAMPLE_RATE,3.0,22050,1,CONVERT/RESAMPLE,"SR is 22050, expected 44100"
Harmonium,559.wav,Harmonium\Kaggle_Classification_Clips\Harmonium\559.wav,UNEXPECTED_SAMPLE_RATE,3.0,22050,1,CONVERT/RESAMPLE,"SR is 22050, expected 44100"
Harmonium,56.wav,Harmonium\Kaggle_Classification_Clips\Harmonium\56.wav,UNEXPECTED_SAMPLE_RATE,3.0,22050,1,CONVERT/RESAMPLE,"SR is 22050, expected 44100"
Harmonium,560.wav,Harmonium\Kaggle_Classification_Clips\Harmonium\560.wav,UNEXPECTED_SAMPLE_RATE,3.0,22050,1,CONVERT/RESAMPLE,"SR is 22050, expected 44100"
Harmonium,561.wav,Harmonium\Kaggle_Classification_Clips\Harmonium\561.wav,UNEXPECTED_SAMPLE_RATE,3.0,22050,1,CONVERT/RESAMPLE,"SR is 22050, expected 44100"
Harmonium,562.wav,Harmonium\Kaggle_Classification_Clips\Harmonium\562.wav,UNEXPECTED_SAMPLE_RATE,3.0,22050,1,CONVERT/RESAMPLE,"SR is 22050, expected 44100"
Harmonium,563.wav,Harmonium\Kaggle_Classification_Clips\Harmonium\563.wav,UNEXPECTED_SAMPLE_RATE,3.0,22050,1,CONVERT/RESAMPLE,"SR is 22050, expected 44100"
Harmonium,564.wav,Harmonium\Kaggle_Classification_Clips\Harmonium\564.wav,UNEXPECTED_SAMPLE_RATE,3.0,22050,1,CONVERT/RESAMPLE,"SR is 22050, expected 44100"
Harmonium,565.wav,Harmonium\Kaggle_Classification_Clips\Harmonium\565.wav,UNEXPECTED_SAMPLE_RATE,3.0,22050,1,CONVERT/RESAMPLE,"SR is 22050, expected 44100"
Harmonium,566.wav,Harmonium\Kaggle_Classification_Clips\Harmonium\566.wav,UNEXPECTED_SAMPLE_RATE,3.0,22050,1,CONVERT/RESAMPLE,"SR is 22050, expected 44100"
Harmonium,567.wav,Harmonium\Kaggle_Classification_Clips\Harmonium\567.wav,UNEXPECTED_SAMPLE_RATE,3.0,22050,1,CONVERT/RESAMPLE,"SR is 22050, expected 44100"
Harmonium,568.wav,Harmonium\Kaggle_Classification_Clips\Harmonium\568.wav,UNEXPECTED_SAMPLE_RATE,3.0,22050,1,CONVERT/RESAMPLE,"SR is 22050, expected 44100"
Harmonium,569.wav,Harmonium\Kaggle_Classification_Clips\Harmonium\569.wav,UNEXPECTED_SAMPLE_RATE,3.0,22050,1,CONVERT/RESAMPLE,"SR is 22050, expected 44100"
Harmonium,57.wav,Harmonium\Kaggle_Classification_Clips\Harmonium\57.wav,UNEXPECTED_SAMPLE_RATE,3.0,22050,1,CONVERT/RESAMPLE,"SR is 22050, expected 44100"
Harmonium,570.wav,Harmonium\Kaggle_Classification_Clips\Harmonium\570.wav,UNEXPECTED_SAMPLE_RATE,3.0,22050,1,CONVERT/RESAMPLE,"SR is 22050, expected 44100"
Harmonium,571.wav,Harmonium\Kaggle_Classification_Clips\Harmonium\571.wav,UNEXPECTED_SAMPLE_RATE,3.0,22050,1,CONVERT/RESAMPLE,"SR is 22050, expected 44100"
Harmonium,572.wav,Harmonium\Kaggle_Classification_Clips\Harmonium\572.wav,UNEXPECTED_SAMPLE_RATE,3.0,22050,1,CONVERT/RESAMPLE,"SR is 22050, expected 44100"
Harmonium,573.wav,Harmonium\Kaggle_Classification_Clips\Harmonium\573.wav,UNEXPECTED_SAMPLE_RATE,3.0,22050,1,CONVERT/RESAMPLE,"SR is 22050, expected 44100"
Harmonium,574.wav,Harmonium\Kaggle_Classification_Clips\Harmonium\574.wav,UNEXPECTED_SAMPLE_RATE,3.0,22050,1,CONVERT/RESAMPLE,"SR is 22050, expected 44100"
Harmonium,575.wav,Harmonium\Kaggle_Classification_Clips\Harmonium\575.wav,UNEXPECTED_SAMPLE_RATE,3.0,22050,1,CONVERT/RESAMPLE,"SR is 22050, expected 44100"
Harmonium,576.wav,Harmonium\Kaggle_Classification_Clips\Harmonium\576.wav,UNEXPECTED_SAMPLE_RATE,3.0,22050,1,CONVERT/RESAMPLE,"SR is 22050, expected 44100"
Harmonium,577.wav,Harmonium\Kaggle_Classification_Clips\Harmonium\577.wav,UNEXPECTED_SAMPLE_RATE,3.0,22050,1,CONVERT/RESAMPLE,"SR is 22050, expected 44100"
Harmonium,578.wav,Harmonium\Kaggle_Classification_Clips\Harmonium\578.wav,UNEXPECTED_SAMPLE_RATE,3.0,22050,1,CONVERT/RESAMPLE,"SR is 22050, expected 44100"
Harmonium,579.wav,Harmonium\Kaggle_Classification_Clips\Harmonium\579.wav,UNEXPECTED_SAMPLE_RATE,3.0,22050,1,CONVERT/RESAMPLE,"SR is 22050, expected 44100"
Harmonium,58.wav,Harmonium\Kaggle_Classification_Clips\Harmonium\58.wav,UNEXPECTED_SAMPLE_RATE,3.0,22050,1,CONVERT/RESAMPLE,"SR is 22050, expected 44100"
Harmonium,580.wav,Harmonium\Kaggle_Classification_Clips\Harmonium\580.wav,UNEXPECTED_SAMPLE_RATE,3.0,22050,1,CONVERT/RESAMPLE,"SR is 22050, expected 44100"
Harmonium,581.wav,Harmonium\Kaggle_Classification_Clips\Harmonium\581.wav,UNEXPECTED_SAMPLE_RATE,3.0,22050,1,CONVERT/RESAMPLE,"SR is 22050, expected 44100"
Harmonium,582.wav,Harmonium\Kaggle_Classification_Clips\Harmonium\582.wav,UNEXPECTED_SAMPLE_RATE,3.0,22050,1,CONVERT/RESAMPLE,"SR is 22050, expected 44100"
Harmonium,583.wav,Harmonium\Kaggle_Classification_Clips\Harmonium\583.wav,UNEXPECTED_SAMPLE_RATE,3.0,22050,1,CONVERT/RESAMPLE,"SR is 22050, expected 44100"
Harmonium,584.wav,Harmonium\Kaggle_Classification_Clips\Harmonium\584.wav,UNEXPECTED_SAMPLE_RATE,3.0,22050,1,CONVERT/RESAMPLE,"SR is 22050, expected 44100"
Harmonium,585.wav,Harmonium\Kaggle_Classification_Clips\Harmonium\585.wav,UNEXPECTED_SAMPLE_RATE,3.0,22050,1,CONVERT/RESAMPLE,"SR is 22050, expected 44100"
Harmonium,586.wav,Harmonium\Kaggle_Classification_Clips\Harmonium\586.wav,UNEXPECTED_SAMPLE_RATE,3.0,22050,1,CONVERT/RESAMPLE,"SR is 22050, expected 44100"
Harmonium,587.wav,Harmonium\Kaggle_Classification_Clips\Harmonium\587.wav,UNEXPECTED_SAMPLE_RATE,3.0,22050,1,CONVERT/RESAMPLE,"SR is 22050, expected 44100"
Harmonium,588.wav,Harmonium\Kaggle_Classification_Clips\Harmonium\588.wav,UNEXPECTED_SAMPLE_RATE,3.0,22050,1,CONVERT/RESAMPLE,"SR is 22050, expected 44100"
Harmonium,589.wav,Harmonium\Kaggle_Classification_Clips\Harmonium\589.wav,UNEXPECTED_SAMPLE_RATE,3.0,22050,1,CONVERT/RESAMPLE,"SR is 22050, expected 44100"
Harmonium,59.wav,Harmonium\Kaggle_Classification_Clips\Harmonium\59.wav,UNEXPECTED_SAMPLE_RATE,3.0,22050,1,CONVERT/RESAMPLE,"SR is 22050, expected 44100"
Harmonium,590.wav,Harmonium\Kaggle_Classification_Clips\Harmonium\590.wav,UNEXPECTED_SAMPLE_RATE,3.0,22050,1,CONVERT/RESAMPLE,"SR is 22050, expected 44100"
Harmonium,591.wav,Harmonium\Kaggle_Classification_Clips\Harmonium\591.wav,UNEXPECTED_SAMPLE_RATE,3.0,22050,1,CONVERT/RESAMPLE,"SR is 22050, expected 44100"
Harmonium,592.wav,Harmonium\Kaggle_Classification_Clips\Harmonium\592.wav,UNEXPECTED_SAMPLE_RATE,3.0,22050,1,CONVERT/RESAMPLE,"SR is 22050, expected 44100"
Harmonium,593.wav,Harmonium\Kaggle_Classification_Clips\Harmonium\593.wav,UNEXPECTED_SAMPLE_RATE,3.0,22050,1,CONVERT/RESAMPLE,"SR is 22050, expected 44100"
Harmonium,594.wav,Harmonium\Kaggle_Classification_Clips\Harmonium\594.wav,UNEXPECTED_SAMPLE_RATE,3.0,22050,1,CONVERT/RESAMPLE,"SR is 22050, expected 44100"
Harmonium,595.wav,Harmonium\Kaggle_Classification_Clips\Harmonium\595.wav,UNEXPECTED_SAMPLE_RATE,3.0,22050,1,CONVERT/RESAMPLE,"SR is 22050, expected 44100"
Harmonium,596.wav,Harmonium\Kaggle_Classification_Clips\Harmonium\596.wav,UNEXPECTED_SAMPLE_RATE,3.0,22050,1,CONVERT/RESAMPLE,"SR is 22050, expected 44100"
Harmonium,597.wav,Harmonium\Kaggle_Classification_Clips\Harmonium\597.wav,UNEXPECTED_SAMPLE_RATE,3.0,22050,1,CONVERT/RESAMPLE,"SR is 22050, expected 44100"
Harmonium,598.wav,Harmonium\Kaggle_Classification_Clips\Harmonium\598.wav,UNEXPECTED_SAMPLE_RATE,3.0,22050,1,CONVERT/RESAMPLE,"SR is 22050, expected 44100"
Harmonium,599.wav,Harmonium\Kaggle_Classification_Clips\Harmonium\599.wav,UNEXPECTED_SAMPLE_RATE,3.0,22050,1,CONVERT/RESAMPLE,"SR is 22050, expected 44100"
Harmonium,6.wav,Harmonium\Kaggle_Classification_Clips\Harmonium\6.wav,UNEXPECTED_SAMPLE_RATE,3.0,22050,1,CONVERT/RESAMPLE,"SR is 22050, expected 44100"
Harmonium,60.wav,Harmonium\Kaggle_Classification_Clips\Harmonium\60.wav,UNEXPECTED_SAMPLE_RATE,3.0,22050,1,CONVERT/RESAMPLE,"SR is 22050, expected 44100"
Harmonium,600.wav,Harmonium\Kaggle_Classification_Clips\Harmonium\600.wav,UNEXPECTED_SAMPLE_RATE,3.0,22050,1,CONVERT/RESAMPLE,"SR is 22050, expected 44100"
Harmonium,601.wav,Harmonium\Kaggle_Classification_Clips\Harmonium\601.wav,UNEXPECTED_SAMPLE_RATE,3.0,22050,1,CONVERT/RESAMPLE,"SR is 22050, expected 44100"
Harmonium,602.wav,Harmonium\Kaggle_Classification_Clips\Harmonium\602.wav,UNEXPECTED_SAMPLE_RATE,3.0,22050,1,CONVERT/RESAMPLE,"SR is 22050, expected 44100"
Harmonium,603.wav,Harmonium\Kaggle_Classification_Clips\Harmonium\603.wav,UNEXPECTED_SAMPLE_RATE,3.0,22050,1,CONVERT/RESAMPLE,"SR is 22050, expected 44100"
Harmonium,604.wav,Harmonium\Kaggle_Classification_Clips\Harmonium\604.wav,UNEXPECTED_SAMPLE_RATE,3.0,22050,1,CONVERT/RESAMPLE,"SR is 22050, expected 44100"
Harmonium,605.wav,Harmonium\Kaggle_Classification_Clips\Harmonium\605.wav,UNEXPECTED_SAMPLE_RATE,3.0,22050,1,CONVERT/RESAMPLE,"SR is 22050, expected 44100"
Harmonium,606.wav,Harmonium\Kaggle_Classification_Clips\Harmonium\606.wav,UNEXPECTED_SAMPLE_RATE,3.0,22050,1,CONVERT/RESAMPLE,"SR is 22050, expected 44100"
Harmonium,607.wav,Harmonium\Kaggle_Classification_Clips\Harmonium\607.wav,UNEXPECTED_SAMPLE_RATE,3.0,22050,1,CONVERT/RESAMPLE,"SR is 22050, expected 44100"
Harmonium,608.wav,Harmonium\Kaggle_Classification_Clips\Harmonium\608.wav,UNEXPECTED_SAMPLE_RATE,3.0,22050,1,CONVERT/RESAMPLE,"SR is 22050, expected 44100"
Harmonium,609.wav,Harmonium\Kaggle_Classification_Clips\Harmonium\609.wav,UNEXPECTED_SAMPLE_RATE,3.0,22050,1,CONVERT/RESAMPLE,"SR is 22050, expected 44100"
Harmonium,61.wav,Harmonium\Kaggle_Classification_Clips\Harmonium\61.wav,UNEXPECTED_SAMPLE_RATE,3.0,22050,1,CONVERT/RESAMPLE,"SR is 22050, expected 44100"
Harmonium,610.wav,Harmonium\Kaggle_Classification_Clips\Harmonium\610.wav,UNEXPECTED_SAMPLE_RATE,3.0,22050,1,CONVERT/RESAMPLE,"SR is 22050, expected 44100"
Harmonium,611.wav,Harmonium\Kaggle_Classification_Clips\Harmonium\611.wav,UNEXPECTED_SAMPLE_RATE,3.0,22050,1,CONVERT/RESAMPLE,"SR is 22050, expected 44100"
Harmonium,612.wav,Harmonium\Kaggle_Classification_Clips\Harmonium\612.wav,UNEXPECTED_SAMPLE_RATE,3.0,22050,1,CONVERT/RESAMPLE,"SR is 22050, expected 44100"
Harmonium,613.wav,Harmonium\Kaggle_Classification_Clips\Harmonium\613.wav,UNEXPECTED_SAMPLE_RATE,3.0,22050,1,CONVERT/RESAMPLE,"SR is 22050, expected 44100"
Harmonium,614.wav,Harmonium\Kaggle_Classification_Clips\Harmonium\614.wav,UNEXPECTED_SAMPLE_RATE,3.0,22050,1,CONVERT/RESAMPLE,"SR is 22050, expected 44100"
Harmonium,615.wav,Harmonium\Kaggle_Classification_Clips\Harmonium\615.wav,UNEXPECTED_SAMPLE_RATE,3.0,22050,1,CONVERT/RESAMPLE,"SR is 22050, expected 44100"
Harmonium,616.wav,Harmonium\Kaggle_Classification_Clips\Harmonium\616.wav,UNEXPECTED_SAMPLE_RATE,3.0,22050,1,CONVERT/RESAMPLE,"SR is 22050, expected 44100"
Harmonium,617.wav,Harmonium\Kaggle_Classification_Clips\Harmonium\617.wav,UNEXPECTED_SAMPLE_RATE,3.0,22050,1,CONVERT/RESAMPLE,"SR is 22050, expected 44100"
Harmonium,618.wav,Harmonium\Kaggle_Classification_Clips\Harmonium\618.wav,UNEXPECTED_SAMPLE_RATE,3.0,22050,1,CONVERT/RESAMPLE,"SR is 22050, expected 44100"
Harmonium,619.wav,Harmonium\Kaggle_Classification_Clips\Harmonium\619.wav,UNEXPECTED_SAMPLE_RATE,3.0,22050,1,CONVERT/RESAMPLE,"SR is 22050, expected 44100"
Harmonium,62.wav,Harmonium\Kaggle_Classification_Clips\Harmonium\62.wav,UNEXPECTED_SAMPLE_RATE,3.0,22050,1,CONVERT/RESAMPLE,"SR is 22050, expected 44100"
Harmonium,620.wav,Harmonium\Kaggle_Classification_Clips\Harmonium\620.wav,UNEXPECTED_SAMPLE_RATE,3.0,22050,1,CONVERT/RESAMPLE,"SR is 22050, expected 44100"
Harmonium,621.wav,Harmonium\Kaggle_Classification_Clips\Harmonium\621.wav,UNEXPECTED_SAMPLE_RATE,3.0,22050,1,CONVERT/RESAMPLE,"SR is 22050, expected 44100"
Harmonium,622.wav,Harmonium\Kaggle_Classification_Clips\Harmonium\622.wav,UNEXPECTED_SAMPLE_RATE,3.0,22050,1,CONVERT/RESAMPLE,"SR is 22050, expected 44100"
Harmonium,623.wav,Harmonium\Kaggle_Classification_Clips\Harmonium\623.wav,UNEXPECTED_SAMPLE_RATE,3.0,22050,1,CONVERT/RESAMPLE,"SR is 22050, expected 44100"
Harmonium,624.wav,Harmonium\Kaggle_Classification_Clips\Harmonium\624.wav,UNEXPECTED_SAMPLE_RATE,3.0,22050,1,CONVERT/RESAMPLE,"SR is 22050, expected 44100"
Harmonium,625.wav,Harmonium\Kaggle_Classification_Clips\Harmonium\625.wav,UNEXPECTED_SAMPLE_RATE,3.0,22050,1,CONVERT/RESAMPLE,"SR is 22050, expected 44100"
Harmonium,626.wav,Harmonium\Kaggle_Classification_Clips\Harmonium\626.wav,UNEXPECTED_SAMPLE_RATE,3.0,22050,1,CONVERT/RESAMPLE,"SR is 22050, expected 44100"
Harmonium,627.wav,Harmonium\Kaggle_Classification_Clips\Harmonium\627.wav,UNEXPECTED_SAMPLE_RATE,3.0,22050,1,CONVERT/RESAMPLE,"SR is 22050, expected 44100"
Harmonium,628.wav,Harmonium\Kaggle_Classification_Clips\Harmonium\628.wav,UNEXPECTED_SAMPLE_RATE,3.0,22050,1,CONVERT/RESAMPLE,"SR is 22050, expected 44100"
Harmonium,629.wav,Harmonium\Kaggle_Classification_Clips\Harmonium\629.wav,UNEXPECTED_SAMPLE_RATE,3.0,22050,1,CONVERT/RESAMPLE,"SR is 22050, expected 44100"
Harmonium,63.wav,Harmonium\Kaggle_Classification_Clips\Harmonium\63.wav,UNEXPECTED_SAMPLE_RATE,3.0,22050,1,CONVERT/RESAMPLE,"SR is 22050, expected 44100"
Harmonium,630.wav,Harmonium\Kaggle_Classification_Clips\Harmonium\630.wav,UNEXPECTED_SAMPLE_RATE,3.0,22050,1,CONVERT/RESAMPLE,"SR is 22050, expected 44100"
Harmonium,631.wav,Harmonium\Kaggle_Classification_Clips\Harmonium\631.wav,UNEXPECTED_SAMPLE_RATE,3.0,22050,1,CONVERT/RESAMPLE,"SR is 22050, expected 44100"
Harmonium,632.wav,Harmonium\Kaggle_Classification_Clips\Harmonium\632.wav,UNEXPECTED_SAMPLE_RATE,3.0,22050,1,CONVERT/RESAMPLE,"SR is 22050, expected 44100"
Harmonium,633.wav,Harmonium\Kaggle_Classification_Clips\Harmonium\633.wav,UNEXPECTED_SAMPLE_RATE,3.0,22050,1,CONVERT/RESAMPLE,"SR is 22050, expected 44100"
Harmonium,634.wav,Harmonium\Kaggle_Classification_Clips\Harmonium\634.wav,UNEXPECTED_SAMPLE_RATE,3.0,22050,1,CONVERT/RESAMPLE,"SR is 22050, expected 44100"
Harmonium,635.wav,Harmonium\Kaggle_Classification_Clips\Harmonium\635.wav,UNEXPECTED_SAMPLE_RATE,3.0,22050,1,CONVERT/RESAMPLE,"SR is 22050, expected 44100"
Harmonium,636.wav,Harmonium\Kaggle_Classification_Clips\Harmonium\636.wav,UNEXPECTED_SAMPLE_RATE,3.0,22050,1,CONVERT/RESAMPLE,"SR is 22050, expected 44100"
Harmonium,637.wav,Harmonium\Kaggle_Classification_Clips\Harmonium\637.wav,UNEXPECTED_SAMPLE_RATE,3.0,22050,1,CONVERT/RESAMPLE,"SR is 22050, expected 44100"
Harmonium,638.wav,Harmonium\Kaggle_Classification_Clips\Harmonium\638.wav,UNEXPECTED_SAMPLE_RATE,3.0,22050,1,CONVERT/RESAMPLE,"SR is 22050, expected 44100"
Harmonium,639.wav,Harmonium\Kaggle_Classification_Clips\Harmonium\639.wav,UNEXPECTED_SAMPLE_RATE,3.0,22050,1,CONVERT/RESAMPLE,"SR is 22050, expected 44100"
Harmonium,64.wav,Harmonium\Kaggle_Classification_Clips\Harmonium\64.wav,UNEXPECTED_SAMPLE_RATE,3.0,22050,1,CONVERT/RESAMPLE,"SR is 22050, expected 44100"
Harmonium,640.wav,Harmonium\Kaggle_Classification_Clips\Harmonium\640.wav,UNEXPECTED_SAMPLE_RATE,3.0,22050,1,CONVERT/RESAMPLE,"SR is 22050, expected 44100"
Harmonium,641.wav,Harmonium\Kaggle_Classification_Clips\Harmonium\641.wav,UNEXPECTED_SAMPLE_RATE,3.0,22050,1,CONVERT/RESAMPLE,"SR is 22050, expected 44100"
Harmonium,642.wav,Harmonium\Kaggle_Classification_Clips\Harmonium\642.wav,UNEXPECTED_SAMPLE_RATE,3.0,22050,1,CONVERT/RESAMPLE,"SR is 22050, expected 44100"
Harmonium,643.wav,Harmonium\Kaggle_Classification_Clips\Harmonium\643.wav,UNEXPECTED_SAMPLE_RATE,3.0,22050,1,CONVERT/RESAMPLE,"SR is 22050, expected 44100"
Harmonium,644.wav,Harmonium\Kaggle_Classification_Clips\Harmonium\644.wav,UNEXPECTED_SAMPLE_RATE,3.0,22050,1,CONVERT/RESAMPLE,"SR is 22050, expected 44100"
Harmonium,645.wav,Harmonium\Kaggle_Classification_Clips\Harmonium\645.wav,UNEXPECTED_SAMPLE_RATE,3.0,22050,1,CONVERT/RESAMPLE,"SR is 22050, expected 44100"
Harmonium,646.wav,Harmonium\Kaggle_Classification_Clips\Harmonium\646.wav,UNEXPECTED_SAMPLE_RATE,3.0,22050,1,CONVERT/RESAMPLE,"SR is 22050, expected 44100"
Harmonium,647.wav,Harmonium\Kaggle_Classification_Clips\Harmonium\647.wav,UNEXPECTED_SAMPLE_RATE,3.0,22050,1,CONVERT/RESAMPLE,"SR is 22050, expected 44100"
Harmonium,648.wav,Harmonium\Kaggle_Classification_Clips\Harmonium\648.wav,UNEXPECTED_SAMPLE_RATE,3.0,22050,1,CONVERT/RESAMPLE,"SR is 22050, expected 44100"
Harmonium,649.wav,Harmonium\Kaggle_Classification_Clips\Harmonium\649.wav,UNEXPECTED_SAMPLE_RATE,3.0,22050,1,CONVERT/RESAMPLE,"SR is 22050, expected 44100"
Harmonium,65.wav,Harmonium\Kaggle_Classification_Clips\Harmonium\65.wav,UNEXPECTED_SAMPLE_RATE,3.0,22050,1,CONVERT/RESAMPLE,"SR is 22050, expected 44100"
Harmonium,650.wav,Harmonium\Kaggle_Classification_Clips\Harmonium\650.wav,UNEXPECTED_SAMPLE_RATE,3.0,22050,1,CONVERT/RESAMPLE,"SR is 22050, expected 44100"
Harmonium,651.wav,Harmonium\Kaggle_Classification_Clips\Harmonium\651.wav,UNEXPECTED_SAMPLE_RATE,3.0,22050,1,CONVERT/RESAMPLE,"SR is 22050, expected 44100"
Harmonium,652.wav,Harmonium\Kaggle_Classification_Clips\Harmonium\652.wav,UNEXPECTED_SAMPLE_RATE,3.0,22050,1,CONVERT/RESAMPLE,"SR is 22050, expected 44100"
Harmonium,653.wav,Harmonium\Kaggle_Classification_Clips\Harmonium\653.wav,UNEXPECTED_SAMPLE_RATE,3.0,22050,1,CONVERT/RESAMPLE,"SR is 22050, expected 44100"
Harmonium,654.wav,Harmonium\Kaggle_Classification_Clips\Harmonium\654.wav,UNEXPECTED_SAMPLE_RATE,3.0,22050,1,CONVERT/RESAMPLE,"SR is 22050, expected 44100"
Harmonium,655.wav,Harmonium\Kaggle_Classification_Clips\Harmonium\655.wav,UNEXPECTED_SAMPLE_RATE,3.0,22050,1,CONVERT/RESAMPLE,"SR is 22050, expected 44100"
Harmonium,656.wav,Harmonium\Kaggle_Classification_Clips\Harmonium\656.wav,UNEXPECTED_SAMPLE_RATE,3.0,22050,1,CONVERT/RESAMPLE,"SR is 22050, expected 44100"
Harmonium,657.wav,Harmonium\Kaggle_Classification_Clips\Harmonium\657.wav,UNEXPECTED_SAMPLE_RATE,3.0,22050,1,CONVERT/RESAMPLE,"SR is 22050, expected 44100"
Harmonium,658.wav,Harmonium\Kaggle_Classification_Clips\Harmonium\658.wav,UNEXPECTED_SAMPLE_RATE,3.0,22050,1,CONVERT/RESAMPLE,"SR is 22050, expected 44100"
Harmonium,659.wav,Harmonium\Kaggle_Classification_Clips\Harmonium\659.wav,UNEXPECTED_SAMPLE_RATE,3.0,22050,1,CONVERT/RESAMPLE,"SR is 22050, expected 44100"
Harmonium,66.wav,Harmonium\Kaggle_Classification_Clips\Harmonium\66.wav,UNEXPECTED_SAMPLE_RATE,3.0,22050,1,CONVERT/RESAMPLE,"SR is 22050, expected 44100"
Harmonium,660.wav,Harmonium\Kaggle_Classification_Clips\Harmonium\660.wav,UNEXPECTED_SAMPLE_RATE,3.0,22050,1,CONVERT/RESAMPLE,"SR is 22050, expected 44100"
Harmonium,661.wav,Harmonium\Kaggle_Classification_Clips\Harmonium\661.wav,UNEXPECTED_SAMPLE_RATE,3.0,22050,1,CONVERT/RESAMPLE,"SR is 22050, expected 44100"
Harmonium,662.wav,Harmonium\Kaggle_Classification_Clips\Harmonium\662.wav,UNEXPECTED_SAMPLE_RATE,3.0,22050,1,CONVERT/RESAMPLE,"SR is 22050, expected 44100"
Harmonium,663.wav,Harmonium\Kaggle_Classification_Clips\Harmonium\663.wav,UNEXPECTED_SAMPLE_RATE,3.0,22050,1,CONVERT/RESAMPLE,"SR is 22050, expected 44100"
Harmonium,664.wav,Harmonium\Kaggle_Classification_Clips\Harmonium\664.wav,UNEXPECTED_SAMPLE_RATE,3.0,22050,1,CONVERT/RESAMPLE,"SR is 22050, expected 44100"
Harmonium,665.wav,Harmonium\Kaggle_Classification_Clips\Harmonium\665.wav,UNEXPECTED_SAMPLE_RATE,3.0,22050,1,CONVERT/RESAMPLE,"SR is 22050, expected 44100"
Harmonium,666.wav,Harmonium\Kaggle_Classification_Clips\Harmonium\666.wav,UNEXPECTED_SAMPLE_RATE,3.0,22050,1,CONVERT/RESAMPLE,"SR is 22050, expected 44100"
Harmonium,667.wav,Harmonium\Kaggle_Classification_Clips\Harmonium\667.wav,UNEXPECTED_SAMPLE_RATE,3.0,22050,1,CONVERT/RESAMPLE,"SR is 22050, expected 44100"
Harmonium,668.wav,Harmonium\Kaggle_Classification_Clips\Harmonium\668.wav,UNEXPECTED_SAMPLE_RATE,3.0,22050,1,CONVERT/RESAMPLE,"SR is 22050, expected 44100"
Harmonium,669.wav,Harmonium\Kaggle_Classification_Clips\Harmonium\669.wav,UNEXPECTED_SAMPLE_RATE,3.0,22050,1,CONVERT/RESAMPLE,"SR is 22050, expected 44100"
Harmonium,67.wav,Harmonium\Kaggle_Classification_Clips\Harmonium\67.wav,UNEXPECTED_SAMPLE_RATE,3.0,22050,1,CONVERT/RESAMPLE,"SR is 22050, expected 44100"
Harmonium,670.wav,Harmonium\Kaggle_Classification_Clips\Harmonium\670.wav,UNEXPECTED_SAMPLE_RATE,3.0,22050,1,CONVERT/RESAMPLE,"SR is 22050, expected 44100"
Harmonium,671.wav,Harmonium\Kaggle_Classification_Clips\Harmonium\671.wav,UNEXPECTED_SAMPLE_RATE,3.0,22050,1,CONVERT/RESAMPLE,"SR is 22050, expected 44100"
Harmonium,672.wav,Harmonium\Kaggle_Classification_Clips\Harmonium\672.wav,UNEXPECTED_SAMPLE_RATE,3.0,22050,1,CONVERT/RESAMPLE,"SR is 22050, expected 44100"
Harmonium,673.wav,Harmonium\Kaggle_Classification_Clips\Harmonium\673.wav,UNEXPECTED_SAMPLE_RATE,3.0,22050,1,CONVERT/RESAMPLE,"SR is 22050, expected 44100"
Harmonium,674.wav,Harmonium\Kaggle_Classification_Clips\Harmonium\674.wav,UNEXPECTED_SAMPLE_RATE,3.0,22050,1,CONVERT/RESAMPLE,"SR is 22050, expected 44100"
Harmonium,675.wav,Harmonium\Kaggle_Classification_Clips\Harmonium\675.wav,UNEXPECTED_SAMPLE_RATE,3.0,22050,1,CONVERT/RESAMPLE,"SR is 22050, expected 44100"
Harmonium,676.wav,Harmonium\Kaggle_Classification_Clips\Harmonium\676.wav,UNEXPECTED_SAMPLE_RATE,3.0,22050,1,CONVERT/RESAMPLE,"SR is 22050, expected 44100"
Harmonium,677.wav,Harmonium\Kaggle_Classification_Clips\Harmonium\677.wav,UNEXPECTED_SAMPLE_RATE,3.0,22050,1,CONVERT/RESAMPLE,"SR is 22050, expected 44100"
Harmonium,678.wav,Harmonium\Kaggle_Classification_Clips\Harmonium\678.wav,UNEXPECTED_SAMPLE_RATE,3.0,22050,1,CONVERT/RESAMPLE,"SR is 22050, expected 44100"
Harmonium,679.wav,Harmonium\Kaggle_Classification_Clips\Harmonium\679.wav,UNEXPECTED_SAMPLE_RATE,3.0,22050,1,CONVERT/RESAMPLE,"SR is 22050, expected 44100"
Harmonium,68.wav,Harmonium\Kaggle_Classification_Clips\Harmonium\68.wav,UNEXPECTED_SAMPLE_RATE,3.0,22050,1,CONVERT/RESAMPLE,"SR is 22050, expected 44100"
Harmonium,680.wav,Harmonium\Kaggle_Classification_Clips\Harmonium\680.wav,UNEXPECTED_SAMPLE_RATE,3.0,22050,1,CONVERT/RESAMPLE,"SR is 22050, expected 44100"
Harmonium,681.wav,Harmonium\Kaggle_Classification_Clips\Harmonium\681.wav,UNEXPECTED_SAMPLE_RATE,3.0,22050,1,CONVERT/RESAMPLE,"SR is 22050, expected 44100"
Harmonium,682.wav,Harmonium\Kaggle_Classification_Clips\Harmonium\682.wav,UNEXPECTED_SAMPLE_RATE,3.0,22050,1,CONVERT/RESAMPLE,"SR is 22050, expected 44100"
Harmonium,683.wav,Harmonium\Kaggle_Classification_Clips\Harmonium\683.wav,UNEXPECTED_SAMPLE_RATE,3.0,22050,1,CONVERT/RESAMPLE,"SR is 22050, expected 44100"
Harmonium,684.wav,Harmonium\Kaggle_Classification_Clips\Harmonium\684.wav,UNEXPECTED_SAMPLE_RATE,3.0,22050,1,CONVERT/RESAMPLE,"SR is 22050, expected 44100"
Harmonium,685.wav,Harmonium\Kaggle_Classification_Clips\Harmonium\685.wav,UNEXPECTED_SAMPLE_RATE,3.0,22050,1,CONVERT/RESAMPLE,"SR is 22050, expected 44100"
Harmonium,686.wav,Harmonium\Kaggle_Classification_Clips\Harmonium\686.wav,UNEXPECTED_SAMPLE_RATE,3.0,22050,1,CONVERT/RESAMPLE,"SR is 22050, expected 44100"
Harmonium,687.wav,Harmonium\Kaggle_Classification_Clips\Harmonium\687.wav,UNEXPECTED_SAMPLE_RATE,3.0,22050,1,CONVERT/RESAMPLE,"SR is 22050, expected 44100"
Harmonium,688.wav,Harmonium\Kaggle_Classification_Clips\Harmonium\688.wav,UNEXPECTED_SAMPLE_RATE,3.0,22050,1,CONVERT/RESAMPLE,"SR is 22050, expected 44100"
Harmonium,689.wav,Harmonium\Kaggle_Classification_Clips\Harmonium\689.wav,UNEXPECTED_SAMPLE_RATE,3.0,22050,1,CONVERT/RESAMPLE,"SR is 22050, expected 44100"
Harmonium,69.wav,Harmonium\Kaggle_Classification_Clips\Harmonium\69.wav,UNEXPECTED_SAMPLE_RATE,3.0,22050,1,CONVERT/RESAMPLE,"SR is 22050, expected 44100"
Harmonium,690.wav,Harmonium\Kaggle_Classification_Clips\Harmonium\690.wav,UNEXPECTED_SAMPLE_RATE,3.0,22050,1,CONVERT/RESAMPLE,"SR is 22050, expected 44100"
Harmonium,691.wav,Harmonium\Kaggle_Classification_Clips\Harmonium\691.wav,UNEXPECTED_SAMPLE_RATE,3.0,22050,1,CONVERT/RESAMPLE,"SR is 22050, expected 44100"
Harmonium,692.wav,Harmonium\Kaggle_Classification_Clips\Harmonium\692.wav,UNEXPECTED_SAMPLE_RATE,3.0,22050,1,CONVERT/RESAMPLE,"SR is 22050, expected 44100"
Harmonium,693.wav,Harmonium\Kaggle_Classification_Clips\Harmonium\693.wav,UNEXPECTED_SAMPLE_RATE,3.0,22050,1,CONVERT/RESAMPLE,"SR is 22050, expected 44100"
Harmonium,694.wav,Harmonium\Kaggle_Classification_Clips\Harmonium\694.wav,UNEXPECTED_SAMPLE_RATE,3.0,22050,1,CONVERT/RESAMPLE,"SR is 22050, expected 44100"
Harmonium,695.wav,Harmonium\Kaggle_Classification_Clips\Harmonium\695.wav,UNEXPECTED_SAMPLE_RATE,3.0,22050,1,CONVERT/RESAMPLE,"SR is 22050, expected 44100"
Harmonium,696.wav,Harmonium\Kaggle_Classification_Clips\Harmonium\696.wav,UNEXPECTED_SAMPLE_RATE,3.0,22050,1,CONVERT/RESAMPLE,"SR is 22050, expected 44100"
Harmonium,697.wav,Harmonium\Kaggle_Classification_Clips\Harmonium\697.wav,UNEXPECTED_SAMPLE_RATE,3.0,22050,1,CONVERT/RESAMPLE,"SR is 22050, expected 44100"
Harmonium,698.wav,Harmonium\Kaggle_Classification_Clips\Harmonium\698.wav,UNEXPECTED_SAMPLE_RATE,3.0,22050,1,CONVERT/RESAMPLE,"SR is 22050, expected 44100"
Harmonium,699.wav,Harmonium\Kaggle_Classification_Clips\Harmonium\699.wav,UNEXPECTED_SAMPLE_RATE,3.0,22050,1,CONVERT/RESAMPLE,"SR is 22050, expected 44100"
Harmonium,7.wav,Harmonium\Kaggle_Classification_Clips\Harmonium\7.wav,UNEXPECTED_SAMPLE_RATE,3.0,22050,1,CONVERT/RESAMPLE,"SR is 22050, expected 44100"
Harmonium,70.wav,Harmonium\Kaggle_Classification_Clips\Harmonium\70.wav,UNEXPECTED_SAMPLE_RATE,3.0,22050,1,CONVERT/RESAMPLE,"SR is 22050, expected 44100"
Harmonium,700.wav,Harmonium\Kaggle_Classification_Clips\Harmonium\700.wav,UNEXPECTED_SAMPLE_RATE,3.0,22050,1,CONVERT/RESAMPLE,"SR is 22050, expected 44100"
Harmonium,701.wav,Harmonium\Kaggle_Classification_Clips\Harmonium\701.wav,UNEXPECTED_SAMPLE_RATE,3.0,22050,1,CONVERT/RESAMPLE,"SR is 22050, expected 44100"
Harmonium,702.wav,Harmonium\Kaggle_Classification_Clips\Harmonium\702.wav,UNEXPECTED_SAMPLE_RATE,3.0,22050,1,CONVERT/RESAMPLE,"SR is 22050, expected 44100"
Harmonium,703.wav,Harmonium\Kaggle_Classification_Clips\Harmonium\703.wav,UNEXPECTED_SAMPLE_RATE,3.0,22050,1,CONVERT/RESAMPLE,"SR is 22050, expected 44100"
Harmonium,704.wav,Harmonium\Kaggle_Classification_Clips\Harmonium\704.wav,UNEXPECTED_SAMPLE_RATE,3.0,22050,1,CONVERT/RESAMPLE,"SR is 22050, expected 44100"
Harmonium,705.wav,Harmonium\Kaggle_Classification_Clips\Harmonium\705.wav,UNEXPECTED_SAMPLE_RATE,3.0,22050,1,CONVERT/RESAMPLE,"SR is 22050, expected 44100"
Harmonium,706.wav,Harmonium\Kaggle_Classification_Clips\Harmonium\706.wav,UNEXPECTED_SAMPLE_RATE,3.0,22050,1,CONVERT/RESAMPLE,"SR is 22050, expected 44100"
Harmonium,707.wav,Harmonium\Kaggle_Classification_Clips\Harmonium\707.wav,UNEXPECTED_SAMPLE_RATE,3.0,22050,1,CONVERT/RESAMPLE,"SR is 22050, expected 44100"
Harmonium,708.wav,Harmonium\Kaggle_Classification_Clips\Harmonium\708.wav,UNEXPECTED_SAMPLE_RATE,3.0,22050,1,CONVERT/RESAMPLE,"SR is 22050, expected 44100"
Harmonium,709.wav,Harmonium\Kaggle_Classification_Clips\Harmonium\709.wav,UNEXPECTED_SAMPLE_RATE,3.0,22050,1,CONVERT/RESAMPLE,"SR is 22050, expected 44100"
Harmonium,71.wav,Harmonium\Kaggle_Classification_Clips\Harmonium\71.wav,UNEXPECTED_SAMPLE_RATE,3.0,22050,1,CONVERT/RESAMPLE,"SR is 22050, expected 44100"
Harmonium,710.wav,Harmonium\Kaggle_Classification_Clips\Harmonium\710.wav,UNEXPECTED_SAMPLE_RATE,3.0,22050,1,CONVERT/RESAMPLE,"SR is 22050, expected 44100"
Harmonium,711.wav,Harmonium\Kaggle_Classification_Clips\Harmonium\711.wav,UNEXPECTED_SAMPLE_RATE,3.0,22050,1,CONVERT/RESAMPLE,"SR is 22050, expected 44100"
Harmonium,712.wav,Harmonium\Kaggle_Classification_Clips\Harmonium\712.wav,UNEXPECTED_SAMPLE_RATE,3.0,22050,1,CONVERT/RESAMPLE,"SR is 22050, expected 44100"
Harmonium,713.wav,Harmonium\Kaggle_Classification_Clips\Harmonium\713.wav,UNEXPECTED_SAMPLE_RATE,3.0,22050,1,CONVERT/RESAMPLE,"SR is 22050, expected 44100"
Harmonium,714.wav,Harmonium\Kaggle_Classification_Clips\Harmonium\714.wav,UNEXPECTED_SAMPLE_RATE,3.0,22050,1,CONVERT/RESAMPLE,"SR is 22050, expected 44100"
Harmonium,715.wav,Harmonium\Kaggle_Classification_Clips\Harmonium\715.wav,UNEXPECTED_SAMPLE_RATE,3.0,22050,1,CONVERT/RESAMPLE,"SR is 22050, expected 44100"
Harmonium,716.wav,Harmonium\Kaggle_Classification_Clips\Harmonium\716.wav,UNEXPECTED_SAMPLE_RATE,3.0,22050,1,CONVERT/RESAMPLE,"SR is 22050, expected 44100"
Harmonium,717.wav,Harmonium\Kaggle_Classification_Clips\Harmonium\717.wav,UNEXPECTED_SAMPLE_RATE,3.0,22050,1,CONVERT/RESAMPLE,"SR is 22050, expected 44100"
Harmonium,718.wav,Harmonium\Kaggle_Classification_Clips\Harmonium\718.wav,UNEXPECTED_SAMPLE_RATE,3.0,22050,1,CONVERT/RESAMPLE,"SR is 22050, expected 44100"
Harmonium,719.wav,Harmonium\Kaggle_Classification_Clips\Harmonium\719.wav,UNEXPECTED_SAMPLE_RATE,3.0,22050,1,CONVERT/RESAMPLE,"SR is 22050, expected 44100"
Harmonium,72.wav,Harmonium\Kaggle_Classification_Clips\Harmonium\72.wav,UNEXPECTED_SAMPLE_RATE,3.0,22050,1,CONVERT/RESAMPLE,"SR is 22050, expected 44100"
Harmonium,720.wav,Harmonium\Kaggle_Classification_Clips\Harmonium\720.wav,UNEXPECTED_SAMPLE_RATE,3.0,22050,1,CONVERT/RESAMPLE,"SR is 22050, expected 44100"
Harmonium,721.wav,Harmonium\Kaggle_Classification_Clips\Harmonium\721.wav,UNEXPECTED_SAMPLE_RATE,3.0,22050,1,CONVERT/RESAMPLE,"SR is 22050, expected 44100"
Harmonium,722.wav,Harmonium\Kaggle_Classification_Clips\Harmonium\722.wav,UNEXPECTED_SAMPLE_RATE,3.0,22050,1,CONVERT/RESAMPLE,"SR is 22050, expected 44100"
Harmonium,723.wav,Harmonium\Kaggle_Classification_Clips\Harmonium\723.wav,UNEXPECTED_SAMPLE_RATE,3.0,22050,1,CONVERT/RESAMPLE,"SR is 22050, expected 44100"
Harmonium,724.wav,Harmonium\Kaggle_Classification_Clips\Harmonium\724.wav,UNEXPECTED_SAMPLE_RATE,3.0,22050,1,CONVERT/RESAMPLE,"SR is 22050, expected 44100"
Harmonium,725.wav,Harmonium\Kaggle_Classification_Clips\Harmonium\725.wav,UNEXPECTED_SAMPLE_RATE,3.0,22050,1,CONVERT/RESAMPLE,"SR is 22050, expected 44100"
Harmonium,726.wav,Harmonium\Kaggle_Classification_Clips\Harmonium\726.wav,UNEXPECTED_SAMPLE_RATE,3.0,22050,1,CONVERT/RESAMPLE,"SR is 22050, expected 44100"
Harmonium,727.wav,Harmonium\Kaggle_Classification_Clips\Harmonium\727.wav,UNEXPECTED_SAMPLE_RATE,3.0,22050,1,CONVERT/RESAMPLE,"SR is 22050, expected 44100"
Harmonium,728.wav,Harmonium\Kaggle_Classification_Clips\Harmonium\728.wav,UNEXPECTED_SAMPLE_RATE,3.0,22050,1,CONVERT/RESAMPLE,"SR is 22050, expected 44100"
Harmonium,729.wav,Harmonium\Kaggle_Classification_Clips\Harmonium\729.wav,UNEXPECTED_SAMPLE_RATE,3.0,22050,1,CONVERT/RESAMPLE,"SR is 22050, expected 44100"
Harmonium,73.wav,Harmonium\Kaggle_Classification_Clips\Harmonium\73.wav,UNEXPECTED_SAMPLE_RATE,3.0,22050,1,CONVERT/RESAMPLE,"SR is 22050, expected 44100"
Harmonium,730.wav,Harmonium\Kaggle_Classification_Clips\Harmonium\730.wav,UNEXPECTED_SAMPLE_RATE,3.0,22050,1,CONVERT/RESAMPLE,"SR is 22050, expected 44100"
Harmonium,731.wav,Harmonium\Kaggle_Classification_Clips\Harmonium\731.wav,UNEXPECTED_SAMPLE_RATE,3.0,22050,1,CONVERT/RESAMPLE,"SR is 22050, expected 44100"
Harmonium,732.wav,Harmonium\Kaggle_Classification_Clips\Harmonium\732.wav,UNEXPECTED_SAMPLE_RATE,3.0,22050,1,CONVERT/RESAMPLE,"SR is 22050, expected 44100"
Harmonium,733.wav,Harmonium\Kaggle_Classification_Clips\Harmonium\733.wav,UNEXPECTED_SAMPLE_RATE,3.0,22050,1,CONVERT/RESAMPLE,"SR is 22050, expected 44100"
Harmonium,734.wav,Harmonium\Kaggle_Classification_Clips\Harmonium\734.wav,UNEXPECTED_SAMPLE_RATE,3.0,22050,1,CONVERT/RESAMPLE,"SR is 22050, expected 44100"
Harmonium,735.wav,Harmonium\Kaggle_Classification_Clips\Harmonium\735.wav,UNEXPECTED_SAMPLE_RATE,3.0,22050,1,CONVERT/RESAMPLE,"SR is 22050, expected 44100"
Harmonium,736.wav,Harmonium\Kaggle_Classification_Clips\Harmonium\736.wav,UNEXPECTED_SAMPLE_RATE,3.0,22050,1,CONVERT/RESAMPLE,"SR is 22050, expected 44100"
Harmonium,737.wav,Harmonium\Kaggle_Classification_Clips\Harmonium\737.wav,UNEXPECTED_SAMPLE_RATE,3.0,22050,1,CONVERT/RESAMPLE,"SR is 22050, expected 44100"
Harmonium,738.wav,Harmonium\Kaggle_Classification_Clips\Harmonium\738.wav,UNEXPECTED_SAMPLE_RATE,3.0,22050,1,CONVERT/RESAMPLE,"SR is 22050, expected 44100"
Harmonium,739.wav,Harmonium\Kaggle_Classification_Clips\Harmonium\739.wav,UNEXPECTED_SAMPLE_RATE,3.0,22050,1,CONVERT/RESAMPLE,"SR is 22050, expected 44100"
Harmonium,74.wav,Harmonium\Kaggle_Classification_Clips\Harmonium\74.wav,UNEXPECTED_SAMPLE_RATE,3.0,22050,1,CONVERT/RESAMPLE,"SR is 22050, expected 44100"
Harmonium,740.wav,Harmonium\Kaggle_Classification_Clips\Harmonium\740.wav,UNEXPECTED_SAMPLE_RATE,3.0,22050,1,CONVERT/RESAMPLE,"SR is 22050, expected 44100"
Harmonium,741.wav,Harmonium\Kaggle_Classification_Clips\Harmonium\741.wav,UNEXPECTED_SAMPLE_RATE,3.0,22050,1,CONVERT/RESAMPLE,"SR is 22050, expected 44100"
Harmonium,742.wav,Harmonium\Kaggle_Classification_Clips\Harmonium\742.wav,UNEXPECTED_SAMPLE_RATE,3.0,22050,1,CONVERT/RESAMPLE,"SR is 22050, expected 44100"
Harmonium,743.wav,Harmonium\Kaggle_Classification_Clips\Harmonium\743.wav,UNEXPECTED_SAMPLE_RATE,3.0,22050,1,CONVERT/RESAMPLE,"SR is 22050, expected 44100"
Harmonium,744.wav,Harmonium\Kaggle_Classification_Clips\Harmonium\744.wav,UNEXPECTED_SAMPLE_RATE,3.0,22050,1,CONVERT/RESAMPLE,"SR is 22050, expected 44100"
Harmonium,745.wav,Harmonium\Kaggle_Classification_Clips\Harmonium\745.wav,UNEXPECTED_SAMPLE_RATE,3.0,22050,1,CONVERT/RESAMPLE,"SR is 22050, expected 44100"
Harmonium,746.wav,Harmonium\Kaggle_Classification_Clips\Harmonium\746.wav,UNEXPECTED_SAMPLE_RATE,3.0,22050,1,CONVERT/RESAMPLE,"SR is 22050, expected 44100"
Harmonium,747.wav,Harmonium\Kaggle_Classification_Clips\Harmonium\747.wav,UNEXPECTED_SAMPLE_RATE,3.0,22050,1,CONVERT/RESAMPLE,"SR is 22050, expected 44100"
Harmonium,748.wav,Harmonium\Kaggle_Classification_Clips\Harmonium\748.wav,UNEXPECTED_SAMPLE_RATE,3.0,22050,1,CONVERT/RESAMPLE,"SR is 22050, expected 44100"
Harmonium,749.wav,Harmonium\Kaggle_Classification_Clips\Harmonium\749.wav,UNEXPECTED_SAMPLE_RATE,3.0,22050,1,CONVERT/RESAMPLE,"SR is 22050, expected 44100"
Harmonium,75.wav,Harmonium\Kaggle_Classification_Clips\Harmonium\75.wav,UNEXPECTED_SAMPLE_RATE,3.0,22050,1,CONVERT/RESAMPLE,"SR is 22050, expected 44100"
Harmonium,750.wav,Harmonium\Kaggle_Classification_Clips\Harmonium\750.wav,UNEXPECTED_SAMPLE_RATE,3.0,22050,1,CONVERT/RESAMPLE,"SR is 22050, expected 44100"
Harmonium,751.wav,Harmonium\Kaggle_Classification_Clips\Harmonium\751.wav,UNEXPECTED_SAMPLE_RATE,3.0,22050,1,CONVERT/RESAMPLE,"SR is 22050, expected 44100"
Harmonium,752.wav,Harmonium\Kaggle_Classification_Clips\Harmonium\752.wav,UNEXPECTED_SAMPLE_RATE,3.0,22050,1,CONVERT/RESAMPLE,"SR is 22050, expected 44100"
Harmonium,753.wav,Harmonium\Kaggle_Classification_Clips\Harmonium\753.wav,UNEXPECTED_SAMPLE_RATE,3.0,22050,1,CONVERT/RESAMPLE,"SR is 22050, expected 44100"
Harmonium,754.wav,Harmonium\Kaggle_Classification_Clips\Harmonium\754.wav,UNEXPECTED_SAMPLE_RATE,3.0,22050,1,CONVERT/RESAMPLE,"SR is 22050, expected 44100"
Harmonium,755.wav,Harmonium\Kaggle_Classification_Clips\Harmonium\755.wav,UNEXPECTED_SAMPLE_RATE,3.0,22050,1,CONVERT/RESAMPLE,"SR is 22050, expected 44100"
Harmonium,756.wav,Harmonium\Kaggle_Classification_Clips\Harmonium\756.wav,UNEXPECTED_SAMPLE_RATE,3.0,22050,1,CONVERT/RESAMPLE,"SR is 22050, expected 44100"
Harmonium,757.wav,Harmonium\Kaggle_Classification_Clips\Harmonium\757.wav,UNEXPECTED_SAMPLE_RATE,3.0,22050,1,CONVERT/RESAMPLE,"SR is 22050, expected 44100"
Harmonium,758.wav,Harmonium\Kaggle_Classification_Clips\Harmonium\758.wav,UNEXPECTED_SAMPLE_RATE,3.0,22050,1,CONVERT/RESAMPLE,"SR is 22050, expected 44100"
Harmonium,759.wav,Harmonium\Kaggle_Classification_Clips\Harmonium\759.wav,UNEXPECTED_SAMPLE_RATE,3.0,22050,1,CONVERT/RESAMPLE,"SR is 22050, expected 44100"
Harmonium,76.wav,Harmonium\Kaggle_Classification_Clips\Harmonium\76.wav,UNEXPECTED_SAMPLE_RATE,3.0,22050,1,CONVERT/RESAMPLE,"SR is 22050, expected 44100"
Harmonium,760.wav,Harmonium\Kaggle_Classification_Clips\Harmonium\760.wav,UNEXPECTED_SAMPLE_RATE,3.0,22050,1,CONVERT/RESAMPLE,"SR is 22050, expected 44100"
Harmonium,761.wav,Harmonium\Kaggle_Classification_Clips\Harmonium\761.wav,UNEXPECTED_SAMPLE_RATE,3.0,22050,1,CONVERT/RESAMPLE,"SR is 22050, expected 44100"
Harmonium,762.wav,Harmonium\Kaggle_Classification_Clips\Harmonium\762.wav,UNEXPECTED_SAMPLE_RATE,3.0,22050,1,CONVERT/RESAMPLE,"SR is 22050, expected 44100"
Harmonium,763.wav,Harmonium\Kaggle_Classification_Clips\Harmonium\763.wav,UNEXPECTED_SAMPLE_RATE,3.0,22050,1,CONVERT/RESAMPLE,"SR is 22050, expected 44100"
Harmonium,764.wav,Harmonium\Kaggle_Classification_Clips\Harmonium\764.wav,UNEXPECTED_SAMPLE_RATE,3.0,22050,1,CONVERT/RESAMPLE,"SR is 22050, expected 44100"
Harmonium,765.wav,Harmonium\Kaggle_Classification_Clips\Harmonium\765.wav,UNEXPECTED_SAMPLE_RATE,3.0,22050,1,CONVERT/RESAMPLE,"SR is 22050, expected 44100"
Harmonium,766.wav,Harmonium\Kaggle_Classification_Clips\Harmonium\766.wav,UNEXPECTED_SAMPLE_RATE,3.0,22050,1,CONVERT/RESAMPLE,"SR is 22050, expected 44100"
Harmonium,767.wav,Harmonium\Kaggle_Classification_Clips\Harmonium\767.wav,UNEXPECTED_SAMPLE_RATE,3.0,22050,1,CONVERT/RESAMPLE,"SR is 22050, expected 44100"
Harmonium,768.wav,Harmonium\Kaggle_Classification_Clips\Harmonium\768.wav,UNEXPECTED_SAMPLE_RATE,3.0,22050,1,CONVERT/RESAMPLE,"SR is 22050, expected 44100"
Harmonium,769.wav,Harmonium\Kaggle_Classification_Clips\Harmonium\769.wav,UNEXPECTED_SAMPLE_RATE,3.0,22050,1,CONVERT/RESAMPLE,"SR is 22050, expected 44100"
Harmonium,77.wav,Harmonium\Kaggle_Classification_Clips\Harmonium\77.wav,UNEXPECTED_SAMPLE_RATE,3.0,22050,1,CONVERT/RESAMPLE,"SR is 22050, expected 44100"
Harmonium,770.wav,Harmonium\Kaggle_Classification_Clips\Harmonium\770.wav,UNEXPECTED_SAMPLE_RATE,3.0,22050,1,CONVERT/RESAMPLE,"SR is 22050, expected 44100"
Harmonium,771.wav,Harmonium\Kaggle_Classification_Clips\Harmonium\771.wav,UNEXPECTED_SAMPLE_RATE,3.0,22050,1,CONVERT/RESAMPLE,"SR is 22050, expected 44100"
Harmonium,772.wav,Harmonium\Kaggle_Classification_Clips\Harmonium\772.wav,UNEXPECTED_SAMPLE_RATE,3.0,22050,1,CONVERT/RESAMPLE,"SR is 22050, expected 44100"
Harmonium,773.wav,Harmonium\Kaggle_Classification_Clips\Harmonium\773.wav,UNEXPECTED_SAMPLE_RATE,3.0,22050,1,CONVERT/RESAMPLE,"SR is 22050, expected 44100"
Harmonium,774.wav,Harmonium\Kaggle_Classification_Clips\Harmonium\774.wav,UNEXPECTED_SAMPLE_RATE,3.0,22050,1,CONVERT/RESAMPLE,"SR is 22050, expected 44100"
Harmonium,775.wav,Harmonium\Kaggle_Classification_Clips\Harmonium\775.wav,UNEXPECTED_SAMPLE_RATE,3.0,22050,1,CONVERT/RESAMPLE,"SR is 22050, expected 44100"
Harmonium,776.wav,Harmonium\Kaggle_Classification_Clips\Harmonium\776.wav,UNEXPECTED_SAMPLE_RATE,3.0,22050,1,CONVERT/RESAMPLE,"SR is 22050, expected 44100"
Harmonium,777.wav,Harmonium\Kaggle_Classification_Clips\Harmonium\777.wav,UNEXPECTED_SAMPLE_RATE,3.0,22050,1,CONVERT/RESAMPLE,"SR is 22050, expected 44100"
Harmonium,778.wav,Harmonium\Kaggle_Classification_Clips\Harmonium\778.wav,UNEXPECTED_SAMPLE_RATE,3.0,22050,1,CONVERT/RESAMPLE,"SR is 22050, expected 44100"
Harmonium,779.wav,Harmonium\Kaggle_Classification_Clips\Harmonium\779.wav,UNEXPECTED_SAMPLE_RATE,3.0,22050,1,CONVERT/RESAMPLE,"SR is 22050, expected 44100"
Harmonium,78.wav,Harmonium\Kaggle_Classification_Clips\Harmonium\78.wav,UNEXPECTED_SAMPLE_RATE,3.0,22050,1,CONVERT/RESAMPLE,"SR is 22050, expected 44100"
Harmonium,780.wav,Harmonium\Kaggle_Classification_Clips\Harmonium\780.wav,UNEXPECTED_SAMPLE_RATE,3.0,22050,1,CONVERT/RESAMPLE,"SR is 22050, expected 44100"
Harmonium,781.wav,Harmonium\Kaggle_Classification_Clips\Harmonium\781.wav,UNEXPECTED_SAMPLE_RATE,3.0,22050,1,CONVERT/RESAMPLE,"SR is 22050, expected 44100"
Harmonium,782.wav,Harmonium\Kaggle_Classification_Clips\Harmonium\782.wav,UNEXPECTED_SAMPLE_RATE,3.0,22050,1,CONVERT/RESAMPLE,"SR is 22050, expected 44100"
Harmonium,783.wav,Harmonium\Kaggle_Classification_Clips\Harmonium\783.wav,UNEXPECTED_SAMPLE_RATE,3.0,22050,1,CONVERT/RESAMPLE,"SR is 22050, expected 44100"
Harmonium,784.wav,Harmonium\Kaggle_Classification_Clips\Harmonium\784.wav,UNEXPECTED_SAMPLE_RATE,3.0,22050,1,CONVERT/RESAMPLE,"SR is 22050, expected 44100"
Harmonium,785.wav,Harmonium\Kaggle_Classification_Clips\Harmonium\785.wav,UNEXPECTED_SAMPLE_RATE,3.0,22050,1,CONVERT/RESAMPLE,"SR is 22050, expected 44100"
Harmonium,786.wav,Harmonium\Kaggle_Classification_Clips\Harmonium\786.wav,UNEXPECTED_SAMPLE_RATE,3.0,22050,1,CONVERT/RESAMPLE,"SR is 22050, expected 44100"
Harmonium,787.wav,Harmonium\Kaggle_Classification_Clips\Harmonium\787.wav,UNEXPECTED_SAMPLE_RATE,3.0,22050,1,CONVERT/RESAMPLE,"SR is 22050, expected 44100"
Harmonium,788.wav,Harmonium\Kaggle_Classification_Clips\Harmonium\788.wav,UNEXPECTED_SAMPLE_RATE,3.0,22050,1,CONVERT/RESAMPLE,"SR is 22050, expected 44100"
Harmonium,789.wav,Harmonium\Kaggle_Classification_Clips\Harmonium\789.wav,UNEXPECTED_SAMPLE_RATE,3.0,22050,1,CONVERT/RESAMPLE,"SR is 22050, expected 44100"
Harmonium,79.wav,Harmonium\Kaggle_Classification_Clips\Harmonium\79.wav,UNEXPECTED_SAMPLE_RATE,3.0,22050,1,CONVERT/RESAMPLE,"SR is 22050, expected 44100"
Harmonium,790.wav,Harmonium\Kaggle_Classification_Clips\Harmonium\790.wav,UNEXPECTED_SAMPLE_RATE,3.0,22050,1,CONVERT/RESAMPLE,"SR is 22050, expected 44100"
Harmonium,791.wav,Harmonium\Kaggle_Classification_Clips\Harmonium\791.wav,UNEXPECTED_SAMPLE_RATE,3.0,22050,1,CONVERT/RESAMPLE,"SR is 22050, expected 44100"
Harmonium,792.wav,Harmonium\Kaggle_Classification_Clips\Harmonium\792.wav,UNEXPECTED_SAMPLE_RATE,3.0,22050,1,CONVERT/RESAMPLE,"SR is 22050, expected 44100"
Harmonium,793.wav,Harmonium\Kaggle_Classification_Clips\Harmonium\793.wav,UNEXPECTED_SAMPLE_RATE,3.0,22050,1,CONVERT/RESAMPLE,"SR is 22050, expected 44100"
Harmonium,794.wav,Harmonium\Kaggle_Classification_Clips\Harmonium\794.wav,UNEXPECTED_SAMPLE_RATE,3.0,22050,1,CONVERT/RESAMPLE,"SR is 22050, expected 44100"
Harmonium,795.wav,Harmonium\Kaggle_Classification_Clips\Harmonium\795.wav,UNEXPECTED_SAMPLE_RATE,3.0,22050,1,CONVERT/RESAMPLE,"SR is 22050, expected 44100"
Harmonium,796.wav,Harmonium\Kaggle_Classification_Clips\Harmonium\796.wav,UNEXPECTED_SAMPLE_RATE,3.0,22050,1,CONVERT/RESAMPLE,"SR is 22050, expected 44100"
Harmonium,797.wav,Harmonium\Kaggle_Classification_Clips\Harmonium\797.wav,UNEXPECTED_SAMPLE_RATE,3.0,22050,1,CONVERT/RESAMPLE,"SR is 22050, expected 44100"
Harmonium,798.wav,Harmonium\Kaggle_Classification_Clips\Harmonium\798.wav,UNEXPECTED_SAMPLE_RATE,3.0,22050,1,CONVERT/RESAMPLE,"SR is 22050, expected 44100"
Harmonium,799.wav,Harmonium\Kaggle_Classification_Clips\Harmonium\799.wav,UNEXPECTED_SAMPLE_RATE,3.0,22050,1,CONVERT/RESAMPLE,"SR is 22050, expected 44100"
Harmonium,8.wav,Harmonium\Kaggle_Classification_Clips\Harmonium\8.wav,UNEXPECTED_SAMPLE_RATE,3.0,22050,1,CONVERT/RESAMPLE,"SR is 22050, expected 44100"
Harmonium,80.wav,Harmonium\Kaggle_Classification_Clips\Harmonium\80.wav,UNEXPECTED_SAMPLE_RATE,3.0,22050,1,CONVERT/RESAMPLE,"SR is 22050, expected 44100"
Harmonium,800.wav,Harmonium\Kaggle_Classification_Clips\Harmonium\800.wav,UNEXPECTED_SAMPLE_RATE,3.0,22050,1,CONVERT/RESAMPLE,"SR is 22050, expected 44100"
Harmonium,801.wav,Harmonium\Kaggle_Classification_Clips\Harmonium\801.wav,UNEXPECTED_SAMPLE_RATE,3.0,22050,1,CONVERT/RESAMPLE,"SR is 22050, expected 44100"
Harmonium,802.wav,Harmonium\Kaggle_Classification_Clips\Harmonium\802.wav,UNEXPECTED_SAMPLE_RATE,3.0,22050,1,CONVERT/RESAMPLE,"SR is 22050, expected 44100"
Harmonium,803.wav,Harmonium\Kaggle_Classification_Clips\Harmonium\803.wav,UNEXPECTED_SAMPLE_RATE,3.0,22050,1,CONVERT/RESAMPLE,"SR is 22050, expected 44100"
Harmonium,804.wav,Harmonium\Kaggle_Classification_Clips\Harmonium\804.wav,UNEXPECTED_SAMPLE_RATE,3.0,22050,1,CONVERT/RESAMPLE,"SR is 22050, expected 44100"
Harmonium,805.wav,Harmonium\Kaggle_Classification_Clips\Harmonium\805.wav,UNEXPECTED_SAMPLE_RATE,3.0,22050,1,CONVERT/RESAMPLE,"SR is 22050, expected 44100"
Harmonium,806.wav,Harmonium\Kaggle_Classification_Clips\Harmonium\806.wav,UNEXPECTED_SAMPLE_RATE,3.0,22050,1,CONVERT/RESAMPLE,"SR is 22050, expected 44100"
Harmonium,807.wav,Harmonium\Kaggle_Classification_Clips\Harmonium\807.wav,UNEXPECTED_SAMPLE_RATE,3.0,22050,1,CONVERT/RESAMPLE,"SR is 22050, expected 44100"
Harmonium,808.wav,Harmonium\Kaggle_Classification_Clips\Harmonium\808.wav,UNEXPECTED_SAMPLE_RATE,3.0,22050,1,CONVERT/RESAMPLE,"SR is 22050, expected 44100"
Harmonium,809.wav,Harmonium\Kaggle_Classification_Clips\Harmonium\809.wav,UNEXPECTED_SAMPLE_RATE,3.0,22050,1,CONVERT/RESAMPLE,"SR is 22050, expected 44100"
Harmonium,81.wav,Harmonium\Kaggle_Classification_Clips\Harmonium\81.wav,UNEXPECTED_SAMPLE_RATE,3.0,22050,1,CONVERT/RESAMPLE,"SR is 22050, expected 44100"
Harmonium,810.wav,Harmonium\Kaggle_Classification_Clips\Harmonium\810.wav,UNEXPECTED_SAMPLE_RATE,3.0,22050,1,CONVERT/RESAMPLE,"SR is 22050, expected 44100"
Harmonium,811.wav,Harmonium\Kaggle_Classification_Clips\Harmonium\811.wav,UNEXPECTED_SAMPLE_RATE,3.0,22050,1,CONVERT/RESAMPLE,"SR is 22050, expected 44100"
Harmonium,812.wav,Harmonium\Kaggle_Classification_Clips\Harmonium\812.wav,UNEXPECTED_SAMPLE_RATE,3.0,22050,1,CONVERT/RESAMPLE,"SR is 22050, expected 44100"
Harmonium,813.wav,Harmonium\Kaggle_Classification_Clips\Harmonium\813.wav,UNEXPECTED_SAMPLE_RATE,3.0,22050,1,CONVERT/RESAMPLE,"SR is 22050, expected 44100"
Harmonium,814.wav,Harmonium\Kaggle_Classification_Clips\Harmonium\814.wav,UNEXPECTED_SAMPLE_RATE,3.0,22050,1,CONVERT/RESAMPLE,"SR is 22050, expected 44100"
Harmonium,815.wav,Harmonium\Kaggle_Classification_Clips\Harmonium\815.wav,UNEXPECTED_SAMPLE_RATE,3.0,22050,1,CONVERT/RESAMPLE,"SR is 22050, expected 44100"
Harmonium,816.wav,Harmonium\Kaggle_Classification_Clips\Harmonium\816.wav,UNEXPECTED_SAMPLE_RATE,3.0,22050,1,CONVERT/RESAMPLE,"SR is 22050, expected 44100"
Harmonium,817.wav,Harmonium\Kaggle_Classification_Clips\Harmonium\817.wav,UNEXPECTED_SAMPLE_RATE,3.0,22050,1,CONVERT/RESAMPLE,"SR is 22050, expected 44100"
Harmonium,818.wav,Harmonium\Kaggle_Classification_Clips\Harmonium\818.wav,UNEXPECTED_SAMPLE_RATE,3.0,22050,1,CONVERT/RESAMPLE,"SR is 22050, expected 44100"
Harmonium,819.wav,Harmonium\Kaggle_Classification_Clips\Harmonium\819.wav,UNEXPECTED_SAMPLE_RATE,3.0,22050,1,CONVERT/RESAMPLE,"SR is 22050, expected 44100"
Harmonium,82.wav,Harmonium\Kaggle_Classification_Clips\Harmonium\82.wav,UNEXPECTED_SAMPLE_RATE,3.0,22050,1,CONVERT/RESAMPLE,"SR is 22050, expected 44100"
Harmonium,820.wav,Harmonium\Kaggle_Classification_Clips\Harmonium\820.wav,UNEXPECTED_SAMPLE_RATE,3.0,22050,1,CONVERT/RESAMPLE,"SR is 22050, expected 44100"
Harmonium,821.wav,Harmonium\Kaggle_Classification_Clips\Harmonium\821.wav,UNEXPECTED_SAMPLE_RATE,3.0,22050,1,CONVERT/RESAMPLE,"SR is 22050, expected 44100"
Harmonium,822.wav,Harmonium\Kaggle_Classification_Clips\Harmonium\822.wav,UNEXPECTED_SAMPLE_RATE,3.0,22050,1,CONVERT/RESAMPLE,"SR is 22050, expected 44100"
Harmonium,823.wav,Harmonium\Kaggle_Classification_Clips\Harmonium\823.wav,UNEXPECTED_SAMPLE_RATE,3.0,22050,1,CONVERT/RESAMPLE,"SR is 22050, expected 44100"
Harmonium,824.wav,Harmonium\Kaggle_Classification_Clips\Harmonium\824.wav,UNEXPECTED_SAMPLE_RATE,3.0,22050,1,CONVERT/RESAMPLE,"SR is 22050, expected 44100"
Harmonium,825.wav,Harmonium\Kaggle_Classification_Clips\Harmonium\825.wav,UNEXPECTED_SAMPLE_RATE,3.0,22050,1,CONVERT/RESAMPLE,"SR is 22050, expected 44100"
Harmonium,826.wav,Harmonium\Kaggle_Classification_Clips\Harmonium\826.wav,UNEXPECTED_SAMPLE_RATE,3.0,22050,1,CONVERT/RESAMPLE,"SR is 22050, expected 44100"
Harmonium,827.wav,Harmonium\Kaggle_Classification_Clips\Harmonium\827.wav,UNEXPECTED_SAMPLE_RATE,3.0,22050,1,CONVERT/RESAMPLE,"SR is 22050, expected 44100"
Harmonium,828.wav,Harmonium\Kaggle_Classification_Clips\Harmonium\828.wav,UNEXPECTED_SAMPLE_RATE,3.0,22050,1,CONVERT/RESAMPLE,"SR is 22050, expected 44100"
Harmonium,829.wav,Harmonium\Kaggle_Classification_Clips\Harmonium\829.wav,UNEXPECTED_SAMPLE_RATE,3.0,22050,1,CONVERT/RESAMPLE,"SR is 22050, expected 44100"
Harmonium,83.wav,Harmonium\Kaggle_Classification_Clips\Harmonium\83.wav,UNEXPECTED_SAMPLE_RATE,3.0,22050,1,CONVERT/RESAMPLE,"SR is 22050, expected 44100"
Harmonium,830.wav,Harmonium\Kaggle_Classification_Clips\Harmonium\830.wav,UNEXPECTED_SAMPLE_RATE,3.0,22050,1,CONVERT/RESAMPLE,"SR is 22050, expected 44100"
Harmonium,831.wav,Harmonium\Kaggle_Classification_Clips\Harmonium\831.wav,UNEXPECTED_SAMPLE_RATE,3.0,22050,1,CONVERT/RESAMPLE,"SR is 22050, expected 44100"
Harmonium,832.wav,Harmonium\Kaggle_Classification_Clips\Harmonium\832.wav,UNEXPECTED_SAMPLE_RATE,3.0,22050,1,CONVERT/RESAMPLE,"SR is 22050, expected 44100"
Harmonium,833.wav,Harmonium\Kaggle_Classification_Clips\Harmonium\833.wav,UNEXPECTED_SAMPLE_RATE,3.0,22050,1,CONVERT/RESAMPLE,"SR is 22050, expected 44100"
Harmonium,834.wav,Harmonium\Kaggle_Classification_Clips\Harmonium\834.wav,UNEXPECTED_SAMPLE_RATE,3.0,22050,1,CONVERT/RESAMPLE,"SR is 22050, expected 44100"
Harmonium,835.wav,Harmonium\Kaggle_Classification_Clips\Harmonium\835.wav,UNEXPECTED_SAMPLE_RATE,3.0,22050,1,CONVERT/RESAMPLE,"SR is 22050, expected 44100"
Harmonium,836.wav,Harmonium\Kaggle_Classification_Clips\Harmonium\836.wav,UNEXPECTED_SAMPLE_RATE,3.0,22050,1,CONVERT/RESAMPLE,"SR is 22050, expected 44100"
Harmonium,837.wav,Harmonium\Kaggle_Classification_Clips\Harmonium\837.wav,UNEXPECTED_SAMPLE_RATE,3.0,22050,1,CONVERT/RESAMPLE,"SR is 22050, expected 44100"
Harmonium,838.wav,Harmonium\Kaggle_Classification_Clips\Harmonium\838.wav,UNEXPECTED_SAMPLE_RATE,3.0,22050,1,CONVERT/RESAMPLE,"SR is 22050, expected 44100"
Harmonium,839.wav,Harmonium\Kaggle_Classification_Clips\Harmonium\839.wav,UNEXPECTED_SAMPLE_RATE,3.0,22050,1,CONVERT/RESAMPLE,"SR is 22050, expected 44100"
Harmonium,84.wav,Harmonium\Kaggle_Classification_Clips\Harmonium\84.wav,UNEXPECTED_SAMPLE_RATE,3.0,22050,1,CONVERT/RESAMPLE,"SR is 22050, expected 44100"
Harmonium,840.wav,Harmonium\Kaggle_Classification_Clips\Harmonium\840.wav,UNEXPECTED_SAMPLE_RATE,3.0,22050,1,CONVERT/RESAMPLE,"SR is 22050, expected 44100"
Harmonium,841.wav,Harmonium\Kaggle_Classification_Clips\Harmonium\841.wav,UNEXPECTED_SAMPLE_RATE,3.0,22050,1,CONVERT/RESAMPLE,"SR is 22050, expected 44100"
Harmonium,842.wav,Harmonium\Kaggle_Classification_Clips\Harmonium\842.wav,UNEXPECTED_SAMPLE_RATE,3.0,22050,1,CONVERT/RESAMPLE,"SR is 22050, expected 44100"
Harmonium,843.wav,Harmonium\Kaggle_Classification_Clips\Harmonium\843.wav,UNEXPECTED_SAMPLE_RATE,3.0,22050,1,CONVERT/RESAMPLE,"SR is 22050, expected 44100"
Harmonium,844.wav,Harmonium\Kaggle_Classification_Clips\Harmonium\844.wav,UNEXPECTED_SAMPLE_RATE,3.0,22050,1,CONVERT/RESAMPLE,"SR is 22050, expected 44100"
Harmonium,845.wav,Harmonium\Kaggle_Classification_Clips\Harmonium\845.wav,UNEXPECTED_SAMPLE_RATE,3.0,22050,1,CONVERT/RESAMPLE,"SR is 22050, expected 44100"
Harmonium,846.wav,Harmonium\Kaggle_Classification_Clips\Harmonium\846.wav,UNEXPECTED_SAMPLE_RATE,3.0,22050,1,CONVERT/RESAMPLE,"SR is 22050, expected 44100"
Harmonium,847.wav,Harmonium\Kaggle_Classification_Clips\Harmonium\847.wav,UNEXPECTED_SAMPLE_RATE,3.0,22050,1,CONVERT/RESAMPLE,"SR is 22050, expected 44100"
Harmonium,848.wav,Harmonium\Kaggle_Classification_Clips\Harmonium\848.wav,UNEXPECTED_SAMPLE_RATE,3.0,22050,1,CONVERT/RESAMPLE,"SR is 22050, expected 44100"
Harmonium,849.wav,Harmonium\Kaggle_Classification_Clips\Harmonium\849.wav,UNEXPECTED_SAMPLE_RATE,3.0,22050,1,CONVERT/RESAMPLE,"SR is 22050, expected 44100"
Harmonium,85.wav,Harmonium\Kaggle_Classification_Clips\Harmonium\85.wav,UNEXPECTED_SAMPLE_RATE,3.0,22050,1,CONVERT/RESAMPLE,"SR is 22050, expected 44100"
Harmonium,850.wav,Harmonium\Kaggle_Classification_Clips\Harmonium\850.wav,UNEXPECTED_SAMPLE_RATE,3.0,22050,1,CONVERT/RESAMPLE,"SR is 22050, expected 44100"
Harmonium,851.wav,Harmonium\Kaggle_Classification_Clips\Harmonium\851.wav,UNEXPECTED_SAMPLE_RATE,3.0,22050,1,CONVERT/RESAMPLE,"SR is 22050, expected 44100"
Harmonium,852.wav,Harmonium\Kaggle_Classification_Clips\Harmonium\852.wav,UNEXPECTED_SAMPLE_RATE,3.0,22050,1,CONVERT/RESAMPLE,"SR is 22050, expected 44100"
Harmonium,853.wav,Harmonium\Kaggle_Classification_Clips\Harmonium\853.wav,UNEXPECTED_SAMPLE_RATE,3.0,22050,1,CONVERT/RESAMPLE,"SR is 22050, expected 44100"
Harmonium,854.wav,Harmonium\Kaggle_Classification_Clips\Harmonium\854.wav,UNEXPECTED_SAMPLE_RATE,3.0,22050,1,CONVERT/RESAMPLE,"SR is 22050, expected 44100"
Harmonium,855.wav,Harmonium\Kaggle_Classification_Clips\Harmonium\855.wav,UNEXPECTED_SAMPLE_RATE,3.0,22050,1,CONVERT/RESAMPLE,"SR is 22050, expected 44100"
Harmonium,856.wav,Harmonium\Kaggle_Classification_Clips\Harmonium\856.wav,UNEXPECTED_SAMPLE_RATE,3.0,22050,1,CONVERT/RESAMPLE,"SR is 22050, expected 44100"
Harmonium,857.wav,Harmonium\Kaggle_Classification_Clips\Harmonium\857.wav,UNEXPECTED_SAMPLE_RATE,3.0,22050,1,CONVERT/RESAMPLE,"SR is 22050, expected 44100"
Harmonium,858.wav,Harmonium\Kaggle_Classification_Clips\Harmonium\858.wav,UNEXPECTED_SAMPLE_RATE,3.0,22050,1,CONVERT/RESAMPLE,"SR is 22050, expected 44100"
Harmonium,859.wav,Harmonium\Kaggle_Classification_Clips\Harmonium\859.wav,UNEXPECTED_SAMPLE_RATE,3.0,22050,1,CONVERT/RESAMPLE,"SR is 22050, expected 44100"
Harmonium,86.wav,Harmonium\Kaggle_Classification_Clips\Harmonium\86.wav,UNEXPECTED_SAMPLE_RATE,3.0,22050,1,CONVERT/RESAMPLE,"SR is 22050, expected 44100"
Harmonium,860.wav,Harmonium\Kaggle_Classification_Clips\Harmonium\860.wav,UNEXPECTED_SAMPLE_RATE,3.0,22050,1,CONVERT/RESAMPLE,"SR is 22050, expected 44100"
Harmonium,861.wav,Harmonium\Kaggle_Classification_Clips\Harmonium\861.wav,UNEXPECTED_SAMPLE_RATE,3.0,22050,1,CONVERT/RESAMPLE,"SR is 22050, expected 44100"
Harmonium,862.wav,Harmonium\Kaggle_Classification_Clips\Harmonium\862.wav,UNEXPECTED_SAMPLE_RATE,3.0,22050,1,CONVERT/RESAMPLE,"SR is 22050, expected 44100"
Harmonium,863.wav,Harmonium\Kaggle_Classification_Clips\Harmonium\863.wav,UNEXPECTED_SAMPLE_RATE,3.0,22050,1,CONVERT/RESAMPLE,"SR is 22050, expected 44100"
Harmonium,864.wav,Harmonium\Kaggle_Classification_Clips\Harmonium\864.wav,UNEXPECTED_SAMPLE_RATE,3.0,22050,1,CONVERT/RESAMPLE,"SR is 22050, expected 44100"
Harmonium,865.wav,Harmonium\Kaggle_Classification_Clips\Harmonium\865.wav,UNEXPECTED_SAMPLE_RATE,3.0,22050,1,CONVERT/RESAMPLE,"SR is 22050, expected 44100"
Harmonium,866.wav,Harmonium\Kaggle_Classification_Clips\Harmonium\866.wav,UNEXPECTED_SAMPLE_RATE,3.0,22050,1,CONVERT/RESAMPLE,"SR is 22050, expected 44100"
Harmonium,867.wav,Harmonium\Kaggle_Classification_Clips\Harmonium\867.wav,UNEXPECTED_SAMPLE_RATE,3.0,22050,1,CONVERT/RESAMPLE,"SR is 22050, expected 44100"
Harmonium,868.wav,Harmonium\Kaggle_Classification_Clips\Harmonium\868.wav,UNEXPECTED_SAMPLE_RATE,3.0,22050,1,CONVERT/RESAMPLE,"SR is 22050, expected 44100"
Harmonium,869.wav,Harmonium\Kaggle_Classification_Clips\Harmonium\869.wav,UNEXPECTED_SAMPLE_RATE,3.0,22050,1,CONVERT/RESAMPLE,"SR is 22050, expected 44100"
Harmonium,87.wav,Harmonium\Kaggle_Classification_Clips\Harmonium\87.wav,UNEXPECTED_SAMPLE_RATE,3.0,22050,1,CONVERT/RESAMPLE,"SR is 22050, expected 44100"
Harmonium,870.wav,Harmonium\Kaggle_Classification_Clips\Harmonium\870.wav,UNEXPECTED_SAMPLE_RATE,3.0,22050,1,CONVERT/RESAMPLE,"SR is 22050, expected 44100"
Harmonium,871.wav,Harmonium\Kaggle_Classification_Clips\Harmonium\871.wav,UNEXPECTED_SAMPLE_RATE,3.0,22050,1,CONVERT/RESAMPLE,"SR is 22050, expected 44100"
Harmonium,872.wav,Harmonium\Kaggle_Classification_Clips\Harmonium\872.wav,UNEXPECTED_SAMPLE_RATE,3.0,22050,1,CONVERT/RESAMPLE,"SR is 22050, expected 44100"
Harmonium,873.wav,Harmonium\Kaggle_Classification_Clips\Harmonium\873.wav,UNEXPECTED_SAMPLE_RATE,3.0,22050,1,CONVERT/RESAMPLE,"SR is 22050, expected 44100"
Harmonium,874.wav,Harmonium\Kaggle_Classification_Clips\Harmonium\874.wav,UNEXPECTED_SAMPLE_RATE,3.0,22050,1,CONVERT/RESAMPLE,"SR is 22050, expected 44100"
Harmonium,875.wav,Harmonium\Kaggle_Classification_Clips\Harmonium\875.wav,UNEXPECTED_SAMPLE_RATE,3.0,22050,1,CONVERT/RESAMPLE,"SR is 22050, expected 44100"
Harmonium,876.wav,Harmonium\Kaggle_Classification_Clips\Harmonium\876.wav,UNEXPECTED_SAMPLE_RATE,3.0,22050,1,CONVERT/RESAMPLE,"SR is 22050, expected 44100"
Harmonium,877.wav,Harmonium\Kaggle_Classification_Clips\Harmonium\877.wav,UNEXPECTED_SAMPLE_RATE,3.0,22050,1,CONVERT/RESAMPLE,"SR is 22050, expected 44100"
Harmonium,878.wav,Harmonium\Kaggle_Classification_Clips\Harmonium\878.wav,UNEXPECTED_SAMPLE_RATE,3.0,22050,1,CONVERT/RESAMPLE,"SR is 22050, expected 44100"
Harmonium,879.wav,Harmonium\Kaggle_Classification_Clips\Harmonium\879.wav,UNEXPECTED_SAMPLE_RATE,3.0,22050,1,CONVERT/RESAMPLE,"SR is 22050, expected 44100"
Harmonium,88.wav,Harmonium\Kaggle_Classification_Clips\Harmonium\88.wav,UNEXPECTED_SAMPLE_RATE,3.0,22050,1,CONVERT/RESAMPLE,"SR is 22050, expected 44100"
Harmonium,880.wav,Harmonium\Kaggle_Classification_Clips\Harmonium\880.wav,UNEXPECTED_SAMPLE_RATE,3.0,22050,1,CONVERT/RESAMPLE,"SR is 22050, expected 44100"
Harmonium,881.wav,Harmonium\Kaggle_Classification_Clips\Harmonium\881.wav,UNEXPECTED_SAMPLE_RATE,3.0,22050,1,CONVERT/RESAMPLE,"SR is 22050, expected 44100"
Harmonium,882.wav,Harmonium\Kaggle_Classification_Clips\Harmonium\882.wav,UNEXPECTED_SAMPLE_RATE,3.0,22050,1,CONVERT/RESAMPLE,"SR is 22050, expected 44100"
Harmonium,883.wav,Harmonium\Kaggle_Classification_Clips\Harmonium\883.wav,UNEXPECTED_SAMPLE_RATE,3.0,22050,1,CONVERT/RESAMPLE,"SR is 22050, expected 44100"
Harmonium,884.wav,Harmonium\Kaggle_Classification_Clips\Harmonium\884.wav,UNEXPECTED_SAMPLE_RATE,3.0,22050,1,CONVERT/RESAMPLE,"SR is 22050, expected 44100"
Harmonium,885.wav,Harmonium\Kaggle_Classification_Clips\Harmonium\885.wav,UNEXPECTED_SAMPLE_RATE,3.0,22050,1,CONVERT/RESAMPLE,"SR is 22050, expected 44100"
Harmonium,886.wav,Harmonium\Kaggle_Classification_Clips\Harmonium\886.wav,UNEXPECTED_SAMPLE_RATE,3.0,22050,1,CONVERT/RESAMPLE,"SR is 22050, expected 44100"
Harmonium,887.wav,Harmonium\Kaggle_Classification_Clips\Harmonium\887.wav,UNEXPECTED_SAMPLE_RATE,3.0,22050,1,CONVERT/RESAMPLE,"SR is 22050, expected 44100"
Harmonium,888.wav,Harmonium\Kaggle_Classification_Clips\Harmonium\888.wav,UNEXPECTED_SAMPLE_RATE,3.0,22050,1,CONVERT/RESAMPLE,"SR is 22050, expected 44100"
Harmonium,889.wav,Harmonium\Kaggle_Classification_Clips\Harmonium\889.wav,UNEXPECTED_SAMPLE_RATE,3.0,22050,1,CONVERT/RESAMPLE,"SR is 22050, expected 44100"
Harmonium,89.wav,Harmonium\Kaggle_Classification_Clips\Harmonium\89.wav,UNEXPECTED_SAMPLE_RATE,3.0,22050,1,CONVERT/RESAMPLE,"SR is 22050, expected 44100"
Harmonium,890.wav,Harmonium\Kaggle_Classification_Clips\Harmonium\890.wav,UNEXPECTED_SAMPLE_RATE,3.0,22050,1,CONVERT/RESAMPLE,"SR is 22050, expected 44100"
Harmonium,891.wav,Harmonium\Kaggle_Classification_Clips\Harmonium\891.wav,UNEXPECTED_SAMPLE_RATE,3.0,22050,1,CONVERT/RESAMPLE,"SR is 22050, expected 44100"
Harmonium,892.wav,Harmonium\Kaggle_Classification_Clips\Harmonium\892.wav,UNEXPECTED_SAMPLE_RATE,3.0,22050,1,CONVERT/RESAMPLE,"SR is 22050, expected 44100"
Harmonium,893.wav,Harmonium\Kaggle_Classification_Clips\Harmonium\893.wav,UNEXPECTED_SAMPLE_RATE,3.0,22050,1,CONVERT/RESAMPLE,"SR is 22050, expected 44100"
Harmonium,894.wav,Harmonium\Kaggle_Classification_Clips\Harmonium\894.wav,UNEXPECTED_SAMPLE_RATE,3.0,22050,1,CONVERT/RESAMPLE,"SR is 22050, expected 44100"
Harmonium,895.wav,Harmonium\Kaggle_Classification_Clips\Harmonium\895.wav,UNEXPECTED_SAMPLE_RATE,3.0,22050,1,CONVERT/RESAMPLE,"SR is 22050, expected 44100"
Harmonium,896.wav,Harmonium\Kaggle_Classification_Clips\Harmonium\896.wav,UNEXPECTED_SAMPLE_RATE,3.0,22050,1,CONVERT/RESAMPLE,"SR is 22050, expected 44100"
Harmonium,897.wav,Harmonium\Kaggle_Classification_Clips\Harmonium\897.wav,UNEXPECTED_SAMPLE_RATE,3.0,22050,1,CONVERT/RESAMPLE,"SR is 22050, expected 44100"
Harmonium,898.wav,Harmonium\Kaggle_Classification_Clips\Harmonium\898.wav,UNEXPECTED_SAMPLE_RATE,3.0,22050,1,CONVERT/RESAMPLE,"SR is 22050, expected 44100"
Harmonium,899.wav,Harmonium\Kaggle_Classification_Clips\Harmonium\899.wav,UNEXPECTED_SAMPLE_RATE,3.0,22050,1,CONVERT/RESAMPLE,"SR is 22050, expected 44100"
Harmonium,9.wav,Harmonium\Kaggle_Classification_Clips\Harmonium\9.wav,UNEXPECTED_SAMPLE_RATE,3.0,22050,1,CONVERT/RESAMPLE,"SR is 22050, expected 44100"
Harmonium,90.wav,Harmonium\Kaggle_Classification_Clips\Harmonium\90.wav,UNEXPECTED_SAMPLE_RATE,3.0,22050,1,CONVERT/RESAMPLE,"SR is 22050, expected 44100"
Harmonium,900.wav,Harmonium\Kaggle_Classification_Clips\Harmonium\900.wav,UNEXPECTED_SAMPLE_RATE,3.0,22050,1,CONVERT/RESAMPLE,"SR is 22050, expected 44100"
Harmonium,901.wav,Harmonium\Kaggle_Classification_Clips\Harmonium\901.wav,UNEXPECTED_SAMPLE_RATE,3.0,22050,1,CONVERT/RESAMPLE,"SR is 22050, expected 44100"
Harmonium,902.wav,Harmonium\Kaggle_Classification_Clips\Harmonium\902.wav,UNEXPECTED_SAMPLE_RATE,3.0,22050,1,CONVERT/RESAMPLE,"SR is 22050, expected 44100"
Harmonium,903.wav,Harmonium\Kaggle_Classification_Clips\Harmonium\903.wav,UNEXPECTED_SAMPLE_RATE,3.0,22050,1,CONVERT/RESAMPLE,"SR is 22050, expected 44100"
Harmonium,904.wav,Harmonium\Kaggle_Classification_Clips\Harmonium\904.wav,UNEXPECTED_SAMPLE_RATE,3.0,22050,1,CONVERT/RESAMPLE,"SR is 22050, expected 44100"
Harmonium,905.wav,Harmonium\Kaggle_Classification_Clips\Harmonium\905.wav,UNEXPECTED_SAMPLE_RATE,3.0,22050,1,CONVERT/RESAMPLE,"SR is 22050, expected 44100"
Harmonium,906.wav,Harmonium\Kaggle_Classification_Clips\Harmonium\906.wav,UNEXPECTED_SAMPLE_RATE,3.0,22050,1,CONVERT/RESAMPLE,"SR is 22050, expected 44100"
Harmonium,907.wav,Harmonium\Kaggle_Classification_Clips\Harmonium\907.wav,UNEXPECTED_SAMPLE_RATE,3.0,22050,1,CONVERT/RESAMPLE,"SR is 22050, expected 44100"
Harmonium,908.wav,Harmonium\Kaggle_Classification_Clips\Harmonium\908.wav,UNEXPECTED_SAMPLE_RATE,3.0,22050,1,CONVERT/RESAMPLE,"SR is 22050, expected 44100"
Harmonium,909.wav,Harmonium\Kaggle_Classification_Clips\Harmonium\909.wav,UNEXPECTED_SAMPLE_RATE,3.0,22050,1,CONVERT/RESAMPLE,"SR is 22050, expected 44100"
Harmonium,91.wav,Harmonium\Kaggle_Classification_Clips\Harmonium\91.wav,UNEXPECTED_SAMPLE_RATE,3.0,22050,1,CONVERT/RESAMPLE,"SR is 22050, expected 44100"
Harmonium,910.wav,Harmonium\Kaggle_Classification_Clips\Harmonium\910.wav,UNEXPECTED_SAMPLE_RATE,3.0,22050,1,CONVERT/RESAMPLE,"SR is 22050, expected 44100"
Harmonium,911.wav,Harmonium\Kaggle_Classification_Clips\Harmonium\911.wav,UNEXPECTED_SAMPLE_RATE,3.0,22050,1,CONVERT/RESAMPLE,"SR is 22050, expected 44100"
Harmonium,912.wav,Harmonium\Kaggle_Classification_Clips\Harmonium\912.wav,UNEXPECTED_SAMPLE_RATE,3.0,22050,1,CONVERT/RESAMPLE,"SR is 22050, expected 44100"
Harmonium,913.wav,Harmonium\Kaggle_Classification_Clips\Harmonium\913.wav,UNEXPECTED_SAMPLE_RATE,3.0,22050,1,CONVERT/RESAMPLE,"SR is 22050, expected 44100"
Harmonium,914.wav,Harmonium\Kaggle_Classification_Clips\Harmonium\914.wav,UNEXPECTED_SAMPLE_RATE,3.0,22050,1,CONVERT/RESAMPLE,"SR is 22050, expected 44100"
Harmonium,915.wav,Harmonium\Kaggle_Classification_Clips\Harmonium\915.wav,UNEXPECTED_SAMPLE_RATE,3.0,22050,1,CONVERT/RESAMPLE,"SR is 22050, expected 44100"
Harmonium,916.wav,Harmonium\Kaggle_Classification_Clips\Harmonium\916.wav,UNEXPECTED_SAMPLE_RATE,3.0,22050,1,CONVERT/RESAMPLE,"SR is 22050, expected 44100"
Harmonium,917.wav,Harmonium\Kaggle_Classification_Clips\Harmonium\917.wav,UNEXPECTED_SAMPLE_RATE,3.0,22050,1,CONVERT/RESAMPLE,"SR is 22050, expected 44100"
Harmonium,918.wav,Harmonium\Kaggle_Classification_Clips\Harmonium\918.wav,UNEXPECTED_SAMPLE_RATE,3.0,22050,1,CONVERT/RESAMPLE,"SR is 22050, expected 44100"
Harmonium,919.wav,Harmonium\Kaggle_Classification_Clips\Harmonium\919.wav,UNEXPECTED_SAMPLE_RATE,3.0,22050,1,CONVERT/RESAMPLE,"SR is 22050, expected 44100"
Harmonium,92.wav,Harmonium\Kaggle_Classification_Clips\Harmonium\92.wav,UNEXPECTED_SAMPLE_RATE,3.0,22050,1,CONVERT/RESAMPLE,"SR is 22050, expected 44100"
Harmonium,920.wav,Harmonium\Kaggle_Classification_Clips\Harmonium\920.wav,UNEXPECTED_SAMPLE_RATE,3.0,22050,1,CONVERT/RESAMPLE,"SR is 22050, expected 44100"
Harmonium,921.wav,Harmonium\Kaggle_Classification_Clips\Harmonium\921.wav,UNEXPECTED_SAMPLE_RATE,3.0,22050,1,CONVERT/RESAMPLE,"SR is 22050, expected 44100"
Harmonium,922.wav,Harmonium\Kaggle_Classification_Clips\Harmonium\922.wav,UNEXPECTED_SAMPLE_RATE,3.0,22050,1,CONVERT/RESAMPLE,"SR is 22050, expected 44100"
Harmonium,923.wav,Harmonium\Kaggle_Classification_Clips\Harmonium\923.wav,UNEXPECTED_SAMPLE_RATE,3.0,22050,1,CONVERT/RESAMPLE,"SR is 22050, expected 44100"
Harmonium,924.wav,Harmonium\Kaggle_Classification_Clips\Harmonium\924.wav,UNEXPECTED_SAMPLE_RATE,3.0,22050,1,CONVERT/RESAMPLE,"SR is 22050, expected 44100"
Harmonium,925.wav,Harmonium\Kaggle_Classification_Clips\Harmonium\925.wav,UNEXPECTED_SAMPLE_RATE,3.0,22050,1,CONVERT/RESAMPLE,"SR is 22050, expected 44100"
Harmonium,926.wav,Harmonium\Kaggle_Classification_Clips\Harmonium\926.wav,UNEXPECTED_SAMPLE_RATE,3.0,22050,1,CONVERT/RESAMPLE,"SR is 22050, expected 44100"
Harmonium,927.wav,Harmonium\Kaggle_Classification_Clips\Harmonium\927.wav,UNEXPECTED_SAMPLE_RATE,3.0,22050,1,CONVERT/RESAMPLE,"SR is 22050, expected 44100"
Harmonium,928.wav,Harmonium\Kaggle_Classification_Clips\Harmonium\928.wav,UNEXPECTED_SAMPLE_RATE,3.0,22050,1,CONVERT/RESAMPLE,"SR is 22050, expected 44100"
Harmonium,929.wav,Harmonium\Kaggle_Classification_Clips\Harmonium\929.wav,UNEXPECTED_SAMPLE_RATE,3.0,22050,1,CONVERT/RESAMPLE,"SR is 22050, expected 44100"
Harmonium,93.wav,Harmonium\Kaggle_Classification_Clips\Harmonium\93.wav,UNEXPECTED_SAMPLE_RATE,3.0,22050,1,CONVERT/RESAMPLE,"SR is 22050, expected 44100"
Harmonium,930.wav,Harmonium\Kaggle_Classification_Clips\Harmonium\930.wav,UNEXPECTED_SAMPLE_RATE,3.0,22050,1,CONVERT/RESAMPLE,"SR is 22050, expected 44100"
Harmonium,931.wav,Harmonium\Kaggle_Classification_Clips\Harmonium\931.wav,UNEXPECTED_SAMPLE_RATE,3.0,22050,1,CONVERT/RESAMPLE,"SR is 22050, expected 44100"
Harmonium,932.wav,Harmonium\Kaggle_Classification_Clips\Harmonium\932.wav,UNEXPECTED_SAMPLE_RATE,3.0,22050,1,CONVERT/RESAMPLE,"SR is 22050, expected 44100"
Harmonium,933.wav,Harmonium\Kaggle_Classification_Clips\Harmonium\933.wav,UNEXPECTED_SAMPLE_RATE,3.0,22050,1,CONVERT/RESAMPLE,"SR is 22050, expected 44100"
Harmonium,934.wav,Harmonium\Kaggle_Classification_Clips\Harmonium\934.wav,UNEXPECTED_SAMPLE_RATE,3.0,22050,1,CONVERT/RESAMPLE,"SR is 22050, expected 44100"
Harmonium,935.wav,Harmonium\Kaggle_Classification_Clips\Harmonium\935.wav,UNEXPECTED_SAMPLE_RATE,3.0,22050,1,CONVERT/RESAMPLE,"SR is 22050, expected 44100"
Harmonium,936.wav,Harmonium\Kaggle_Classification_Clips\Harmonium\936.wav,UNEXPECTED_SAMPLE_RATE,3.0,22050,1,CONVERT/RESAMPLE,"SR is 22050, expected 44100"
Harmonium,937.wav,Harmonium\Kaggle_Classification_Clips\Harmonium\937.wav,UNEXPECTED_SAMPLE_RATE,3.0,22050,1,CONVERT/RESAMPLE,"SR is 22050, expected 44100"
Harmonium,938.wav,Harmonium\Kaggle_Classification_Clips\Harmonium\938.wav,UNEXPECTED_SAMPLE_RATE,3.0,22050,1,CONVERT/RESAMPLE,"SR is 22050, expected 44100"
Harmonium,939.wav,Harmonium\Kaggle_Classification_Clips\Harmonium\939.wav,UNEXPECTED_SAMPLE_RATE,3.0,22050,1,CONVERT/RESAMPLE,"SR is 22050, expected 44100"
Harmonium,94.wav,Harmonium\Kaggle_Classification_Clips\Harmonium\94.wav,UNEXPECTED_SAMPLE_RATE,3.0,22050,1,CONVERT/RESAMPLE,"SR is 22050, expected 44100"
Harmonium,940.wav,Harmonium\Kaggle_Classification_Clips\Harmonium\940.wav,UNEXPECTED_SAMPLE_RATE,3.0,22050,1,CONVERT/RESAMPLE,"SR is 22050, expected 44100"
Harmonium,941.wav,Harmonium\Kaggle_Classification_Clips\Harmonium\941.wav,UNEXPECTED_SAMPLE_RATE,3.0,22050,1,CONVERT/RESAMPLE,"SR is 22050, expected 44100"
Harmonium,942.wav,Harmonium\Kaggle_Classification_Clips\Harmonium\942.wav,UNEXPECTED_SAMPLE_RATE,3.0,22050,1,CONVERT/RESAMPLE,"SR is 22050, expected 44100"
Harmonium,943.wav,Harmonium\Kaggle_Classification_Clips\Harmonium\943.wav,UNEXPECTED_SAMPLE_RATE,3.0,22050,1,CONVERT/RESAMPLE,"SR is 22050, expected 44100"
Harmonium,944.wav,Harmonium\Kaggle_Classification_Clips\Harmonium\944.wav,UNEXPECTED_SAMPLE_RATE,3.0,22050,1,CONVERT/RESAMPLE,"SR is 22050, expected 44100"
Harmonium,945.wav,Harmonium\Kaggle_Classification_Clips\Harmonium\945.wav,UNEXPECTED_SAMPLE_RATE,3.0,22050,1,CONVERT/RESAMPLE,"SR is 22050, expected 44100"
Harmonium,946.wav,Harmonium\Kaggle_Classification_Clips\Harmonium\946.wav,UNEXPECTED_SAMPLE_RATE,3.0,22050,1,CONVERT/RESAMPLE,"SR is 22050, expected 44100"
Harmonium,947.wav,Harmonium\Kaggle_Classification_Clips\Harmonium\947.wav,UNEXPECTED_SAMPLE_RATE,3.0,22050,1,CONVERT/RESAMPLE,"SR is 22050, expected 44100"
Harmonium,948.wav,Harmonium\Kaggle_Classification_Clips\Harmonium\948.wav,UNEXPECTED_SAMPLE_RATE,3.0,22050,1,CONVERT/RESAMPLE,"SR is 22050, expected 44100"
Harmonium,949.wav,Harmonium\Kaggle_Classification_Clips\Harmonium\949.wav,UNEXPECTED_SAMPLE_RATE,3.0,22050,1,CONVERT/RESAMPLE,"SR is 22050, expected 44100"
Harmonium,95.wav,Harmonium\Kaggle_Classification_Clips\Harmonium\95.wav,UNEXPECTED_SAMPLE_RATE,3.0,22050,1,CONVERT/RESAMPLE,"SR is 22050, expected 44100"
Harmonium,950.wav,Harmonium\Kaggle_Classification_Clips\Harmonium\950.wav,UNEXPECTED_SAMPLE_RATE,3.0,22050,1,CONVERT/RESAMPLE,"SR is 22050, expected 44100"
Harmonium,951.wav,Harmonium\Kaggle_Classification_Clips\Harmonium\951.wav,UNEXPECTED_SAMPLE_RATE,3.0,22050,1,CONVERT/RESAMPLE,"SR is 22050, expected 44100"
Harmonium,952.wav,Harmonium\Kaggle_Classification_Clips\Harmonium\952.wav,UNEXPECTED_SAMPLE_RATE,3.0,22050,1,CONVERT/RESAMPLE,"SR is 22050, expected 44100"
Harmonium,953.wav,Harmonium\Kaggle_Classification_Clips\Harmonium\953.wav,UNEXPECTED_SAMPLE_RATE,3.0,22050,1,CONVERT/RESAMPLE,"SR is 22050, expected 44100"
Harmonium,954.wav,Harmonium\Kaggle_Classification_Clips\Harmonium\954.wav,UNEXPECTED_SAMPLE_RATE,3.0,22050,1,CONVERT/RESAMPLE,"SR is 22050, expected 44100"
Harmonium,955.wav,Harmonium\Kaggle_Classification_Clips\Harmonium\955.wav,UNEXPECTED_SAMPLE_RATE,3.0,22050,1,CONVERT/RESAMPLE,"SR is 22050, expected 44100"
Harmonium,956.wav,Harmonium\Kaggle_Classification_Clips\Harmonium\956.wav,UNEXPECTED_SAMPLE_RATE,3.0,22050,1,CONVERT/RESAMPLE,"SR is 22050, expected 44100"
Harmonium,957.wav,Harmonium\Kaggle_Classification_Clips\Harmonium\957.wav,UNEXPECTED_SAMPLE_RATE,3.0,22050,1,CONVERT/RESAMPLE,"SR is 22050, expected 44100"
Harmonium,958.wav,Harmonium\Kaggle_Classification_Clips\Harmonium\958.wav,UNEXPECTED_SAMPLE_RATE,3.0,22050,1,CONVERT/RESAMPLE,"SR is 22050, expected 44100"
Harmonium,959.wav,Harmonium\Kaggle_Classification_Clips\Harmonium\959.wav,UNEXPECTED_SAMPLE_RATE,3.0,22050,1,CONVERT/RESAMPLE,"SR is 22050, expected 44100"
Harmonium,96.wav,Harmonium\Kaggle_Classification_Clips\Harmonium\96.wav,UNEXPECTED_SAMPLE_RATE,3.0,22050,1,CONVERT/RESAMPLE,"SR is 22050, expected 44100"
Harmonium,960.wav,Harmonium\Kaggle_Classification_Clips\Harmonium\960.wav,UNEXPECTED_SAMPLE_RATE,3.0,22050,1,CONVERT/RESAMPLE,"SR is 22050, expected 44100"
Harmonium,961.wav,Harmonium\Kaggle_Classification_Clips\Harmonium\961.wav,UNEXPECTED_SAMPLE_RATE,3.0,22050,1,CONVERT/RESAMPLE,"SR is 22050, expected 44100"
Harmonium,962.wav,Harmonium\Kaggle_Classification_Clips\Harmonium\962.wav,UNEXPECTED_SAMPLE_RATE,3.0,22050,1,CONVERT/RESAMPLE,"SR is 22050, expected 44100"
Harmonium,963.wav,Harmonium\Kaggle_Classification_Clips\Harmonium\963.wav,UNEXPECTED_SAMPLE_RATE,3.0,22050,1,CONVERT/RESAMPLE,"SR is 22050, expected 44100"
Harmonium,964.wav,Harmonium\Kaggle_Classification_Clips\Harmonium\964.wav,UNEXPECTED_SAMPLE_RATE,3.0,22050,1,CONVERT/RESAMPLE,"SR is 22050, expected 44100"
Harmonium,965.wav,Harmonium\Kaggle_Classification_Clips\Harmonium\965.wav,UNEXPECTED_SAMPLE_RATE,3.0,22050,1,CONVERT/RESAMPLE,"SR is 22050, expected 44100"
Harmonium,966.wav,Harmonium\Kaggle_Classification_Clips\Harmonium\966.wav,UNEXPECTED_SAMPLE_RATE,3.0,22050,1,CONVERT/RESAMPLE,"SR is 22050, expected 44100"
Harmonium,967.wav,Harmonium\Kaggle_Classification_Clips\Harmonium\967.wav,UNEXPECTED_SAMPLE_RATE,3.0,22050,1,CONVERT/RESAMPLE,"SR is 22050, expected 44100"
Harmonium,968.wav,Harmonium\Kaggle_Classification_Clips\Harmonium\968.wav,UNEXPECTED_SAMPLE_RATE,3.0,22050,1,CONVERT/RESAMPLE,"SR is 22050, expected 44100"
Harmonium,969.wav,Harmonium\Kaggle_Classification_Clips\Harmonium\969.wav,UNEXPECTED_SAMPLE_RATE,3.0,22050,1,CONVERT/RESAMPLE,"SR is 22050, expected 44100"
Harmonium,97.wav,Harmonium\Kaggle_Classification_Clips\Harmonium\97.wav,UNEXPECTED_SAMPLE_RATE,3.0,22050,1,CONVERT/RESAMPLE,"SR is 22050, expected 44100"
Harmonium,970.wav,Harmonium\Kaggle_Classification_Clips\Harmonium\970.wav,UNEXPECTED_SAMPLE_RATE,3.0,22050,1,CONVERT/RESAMPLE,"SR is 22050, expected 44100"
Harmonium,971.wav,Harmonium\Kaggle_Classification_Clips\Harmonium\971.wav,UNEXPECTED_SAMPLE_RATE,3.0,22050,1,CONVERT/RESAMPLE,"SR is 22050, expected 44100"
Harmonium,972.wav,Harmonium\Kaggle_Classification_Clips\Harmonium\972.wav,UNEXPECTED_SAMPLE_RATE,3.0,22050,1,CONVERT/RESAMPLE,"SR is 22050, expected 44100"
Harmonium,973.wav,Harmonium\Kaggle_Classification_Clips\Harmonium\973.wav,UNEXPECTED_SAMPLE_RATE,3.0,22050,1,CONVERT/RESAMPLE,"SR is 22050, expected 44100"
Harmonium,974.wav,Harmonium\Kaggle_Classification_Clips\Harmonium\974.wav,UNEXPECTED_SAMPLE_RATE,3.0,22050,1,CONVERT/RESAMPLE,"SR is 22050, expected 44100"
Harmonium,975.wav,Harmonium\Kaggle_Classification_Clips\Harmonium\975.wav,UNEXPECTED_SAMPLE_RATE,3.0,22050,1,CONVERT/RESAMPLE,"SR is 22050, expected 44100"
Harmonium,976.wav,Harmonium\Kaggle_Classification_Clips\Harmonium\976.wav,UNEXPECTED_SAMPLE_RATE,3.0,22050,1,CONVERT/RESAMPLE,"SR is 22050, expected 44100"
Harmonium,977.wav,Harmonium\Kaggle_Classification_Clips\Harmonium\977.wav,UNEXPECTED_SAMPLE_RATE,3.0,22050,1,CONVERT/RESAMPLE,"SR is 22050, expected 44100"
Harmonium,978.wav,Harmonium\Kaggle_Classification_Clips\Harmonium\978.wav,UNEXPECTED_SAMPLE_RATE,3.0,22050,1,CONVERT/RESAMPLE,"SR is 22050, expected 44100"
Harmonium,979.wav,Harmonium\Kaggle_Classification_Clips\Harmonium\979.wav,UNEXPECTED_SAMPLE_RATE,3.0,22050,1,CONVERT/RESAMPLE,"SR is 22050, expected 44100"
Harmonium,98.wav,Harmonium\Kaggle_Classification_Clips\Harmonium\98.wav,UNEXPECTED_SAMPLE_RATE,3.0,22050,1,CONVERT/RESAMPLE,"SR is 22050, expected 44100"
Harmonium,980.wav,Harmonium\Kaggle_Classification_Clips\Harmonium\980.wav,UNEXPECTED_SAMPLE_RATE,3.0,22050,1,CONVERT/RESAMPLE,"SR is 22050, expected 44100"
Harmonium,981.wav,Harmonium\Kaggle_Classification_Clips\Harmonium\981.wav,UNEXPECTED_SAMPLE_RATE,3.0,22050,1,CONVERT/RESAMPLE,"SR is 22050, expected 44100"
Harmonium,982.wav,Harmonium\Kaggle_Classification_Clips\Harmonium\982.wav,UNEXPECTED_SAMPLE_RATE,3.0,22050,1,CONVERT/RESAMPLE,"SR is 22050, expected 44100"
Harmonium,983.wav,Harmonium\Kaggle_Classification_Clips\Harmonium\983.wav,UNEXPECTED_SAMPLE_RATE,3.0,22050,1,CONVERT/RESAMPLE,"SR is 22050, expected 44100"
Harmonium,984.wav,Harmonium\Kaggle_Classification_Clips\Harmonium\984.wav,UNEXPECTED_SAMPLE_RATE,3.0,22050,1,CONVERT/RESAMPLE,"SR is 22050, expected 44100"
Harmonium,985.wav,Harmonium\Kaggle_Classification_Clips\Harmonium\985.wav,UNEXPECTED_SAMPLE_RATE,3.0,22050,1,CONVERT/RESAMPLE,"SR is 22050, expected 44100"
Harmonium,986.wav,Harmonium\Kaggle_Classification_Clips\Harmonium\986.wav,UNEXPECTED_SAMPLE_RATE,3.0,22050,1,CONVERT/RESAMPLE,"SR is 22050, expected 44100"
Harmonium,987.wav,Harmonium\Kaggle_Classification_Clips\Harmonium\987.wav,UNEXPECTED_SAMPLE_RATE,3.0,22050,1,CONVERT/RESAMPLE,"SR is 22050, expected 44100"
Harmonium,988.wav,Harmonium\Kaggle_Classification_Clips\Harmonium\988.wav,UNEXPECTED_SAMPLE_RATE,3.0,22050,1,CONVERT/RESAMPLE,"SR is 22050, expected 44100"
Harmonium,989.wav,Harmonium\Kaggle_Classification_Clips\Harmonium\989.wav,UNEXPECTED_SAMPLE_RATE,3.0,22050,1,CONVERT/RESAMPLE,"SR is 22050, expected 44100"
Harmonium,99.wav,Harmonium\Kaggle_Classification_Clips\Harmonium\99.wav,UNEXPECTED_SAMPLE_RATE,3.0,22050,1,CONVERT/RESAMPLE,"SR is 22050, expected 44100"
Harmonium,990.wav,Harmonium\Kaggle_Classification_Clips\Harmonium\990.wav,UNEXPECTED_SAMPLE_RATE,3.0,22050,1,CONVERT/RESAMPLE,"SR is 22050, expected 44100"
Harmonium,991.wav,Harmonium\Kaggle_Classification_Clips\Harmonium\991.wav,UNEXPECTED_SAMPLE_RATE,3.0,22050,1,CONVERT/RESAMPLE,"SR is 22050, expected 44100"
Harmonium,992.wav,Harmonium\Kaggle_Classification_Clips\Harmonium\992.wav,UNEXPECTED_SAMPLE_RATE,3.0,22050,1,CONVERT/RESAMPLE,"SR is 22050, expected 44100"
Harmonium,993.wav,Harmonium\Kaggle_Classification_Clips\Harmonium\993.wav,UNEXPECTED_SAMPLE_RATE,3.0,22050,1,CONVERT/RESAMPLE,"SR is 22050, expected 44100"
Harmonium,994.wav,Harmonium\Kaggle_Classification_Clips\Harmonium\994.wav,UNEXPECTED_SAMPLE_RATE,3.0,22050,1,CONVERT/RESAMPLE,"SR is 22050, expected 44100"
Harmonium,995.wav,Harmonium\Kaggle_Classification_Clips\Harmonium\995.wav,UNEXPECTED_SAMPLE_RATE,3.0,22050,1,CONVERT/RESAMPLE,"SR is 22050, expected 44100"
Harmonium,996.wav,Harmonium\Kaggle_Classification_Clips\Harmonium\996.wav,UNEXPECTED_SAMPLE_RATE,3.0,22050,1,CONVERT/RESAMPLE,"SR is 22050, expected 44100"
Harmonium,997.wav,Harmonium\Kaggle_Classification_Clips\Harmonium\997.wav,UNEXPECTED_SAMPLE_RATE,3.0,22050,1,CONVERT/RESAMPLE,"SR is 22050, expected 44100"
Harmonium,998.wav,Harmonium\Kaggle_Classification_Clips\Harmonium\998.wav,UNEXPECTED_SAMPLE_RATE,3.0,22050,1,CONVERT/RESAMPLE,"SR is 22050, expected 44100"
Harmonium,999.wav,Harmonium\Kaggle_Classification_Clips\Harmonium\999.wav,UNEXPECTED_SAMPLE_RATE,3.0,22050,1,CONVERT/RESAMPLE,"SR is 22050, expected 44100"
Dholak,Dholak Sample - 26.wav,Dholak\Dholak Sample - 26.wav,NEAR_SILENT,6.896326530612245,44100,2,REVIEW,90%+ of file is near silence
Tabla,RMA_28.wav,Tabla\4way-tabla-ismir21-dataset\train\audios\RMA_28.wav,UNEXPECTED_SAMPLE_RATE,18.35725,16000,1,CONVERT/RESAMPLE,"SR is 16000, expected 44100"
Tabla,T7_Tukuda_05.wav,Tabla\4way-tabla-ismir21-dataset\train\audios\T7_Tukuda_05.wav,UNEXPECTED_SAMPLE_RATE,5.4294375,16000,1,CONVERT/RESAMPLE,"SR is 16000, expected 44100"
Tabla,RMA_5.wav,Tabla\4way-tabla-ismir21-dataset\train\audios\RMA_5.wav,UNEXPECTED_SAMPLE_RATE,16.9090625,16000,1,CONVERT/RESAMPLE,"SR is 16000, expected 44100"
Tabla,AHK_solo-tintal-7.wav,Tabla\4way-tabla-ismir21-dataset\train\audios\AHK_solo-tintal-7.wav,UNEXPECTED_SAMPLE_RATE,37.1773125,16000,1,CONVERT/RESAMPLE,"SR is 16000, expected 44100"
Tabla,AS_comp116_t.wav,Tabla\4way-tabla-ismir21-dataset\train\audios\AS_comp116_t.wav,UNEXPECTED_SAMPLE_RATE,12.4375,16000,1,CONVERT/RESAMPLE,"SR is 16000, expected 44100"
Tabla,RMA_25.wav,Tabla\4way-tabla-ismir21-dataset\train\audios\RMA_25.wav,UNEXPECTED_SAMPLE_RATE,19.1535625,16000,1,CONVERT/RESAMPLE,"SR is 16000, expected 44100"
Tabla,T4_Pur_01.wav,Tabla\4way-tabla-ismir21-dataset\train\audios\T4_Pur_01.wav,UNEXPECTED_SAMPLE_RATE,6.7799375,16000,1,CONVERT/RESAMPLE,"SR is 16000, expected 44100"
Tabla,T4_Dli_05.wav,Tabla\4way-tabla-ismir21-dataset\train\audios\T4_Dli_05.wav,UNEXPECTED_SAMPLE_RATE,7.2334375,16000,1,CONVERT/RESAMPLE,"SR is 16000, expected 44100"
Tabla,RMA_16.wav,Tabla\4way-tabla-ismir21-dataset\train\audios\RMA_16.wav,UNEXPECTED_SAMPLE_RATE,19.41125,16000,1,CONVERT/RESAMPLE,"SR is 16000, expected 44100"
Tabla,T4_Dli_04.wav,Tabla\4way-tabla-ismir21-dataset\train\audios\T4_Dli_04.wav,UNEXPECTED_SAMPLE_RATE,10.7541875,16000,1,CONVERT/RESAMPLE,"SR is 16000, expected 44100"
Tabla,RMA_12.wav,Tabla\4way-tabla-ismir21-dataset\train\audios\RMA_12.wav,UNEXPECTED_SAMPLE_RATE,17.64425,16000,1,CONVERT/RESAMPLE,"SR is 16000, expected 44100"
Tabla,T7_GAT_01.wav,Tabla\4way-tabla-ismir21-dataset\train\audios\T7_GAT_01.wav,UNEXPECTED_SAMPLE_RATE,45.3746875,16000,1,CONVERT/RESAMPLE,"SR is 16000, expected 44100"
Tabla,T5_Luc_03.wav,Tabla\4way-tabla-ismir21-dataset\train\audios\T5_Luc_03.wav,UNEXPECTED_SAMPLE_RATE,10.9844375,16000,1,CONVERT/RESAMPLE,"SR is 16000, expected 44100"
Tabla,T4_Tukuda_02.wav,Tabla\4way-tabla-ismir21-dataset\train\audios\T4_Tukuda_02.wav,UNEXPECTED_SAMPLE_RATE,5.0581875,16000,1,CONVERT/RESAMPLE,"SR is 16000, expected 44100"
Tabla,RMA_14.wav,Tabla\4way-tabla-ismir21-dataset\train\audios\RMA_14.wav,UNEXPECTED_SAMPLE_RATE,10.81175,16000,1,CONVERT/RESAMPLE,"SR is 16000, expected 44100"
Tabla,KB_7.wav,Tabla\4way-tabla-ismir21-dataset\train\audios\KB_7.wav,UNEXPECTED_SAMPLE_RATE,11.9383125,16000,1,CONVERT/RESAMPLE,"SR is 16000, expected 44100"
Tabla,T4_Drut_03.wav,Tabla\4way-tabla-ismir21-dataset\train\audios\T4_Drut_03.wav,UNEXPECTED_SAMPLE_RATE,5.303125,16000,1,CONVERT/RESAMPLE,"SR is 16000, expected 44100"
Tabla,SK_ektaal_vilambit.wav,Tabla\4way-tabla-ismir21-dataset\train\audios\SK_ektaal_vilambit.wav,UNEXPECTED_SAMPLE_RATE,26.863625,16000,1,CONVERT/RESAMPLE,"SR is 16000, expected 44100"
Tabla,T7_TAA5_02.wav,Tabla\4way-tabla-ismir21-dataset\train\audios\T7_TAA5_02.wav,UNEXPECTED_SAMPLE_RATE,24.204875,16000,1,CONVERT/RESAMPLE,"SR is 16000, expected 44100"
Tabla,KB_17.wav,Tabla\4way-tabla-ismir21-dataset\train\audios\KB_17.wav,UNEXPECTED_SAMPLE_RATE,4.795125,16000,1,CONVERT/RESAMPLE,"SR is 16000, expected 44100"
Tabla,T4_Gat_04.wav,Tabla\4way-tabla-ismir21-dataset\train\audios\T4_Gat_04.wav,UNEXPECTED_SAMPLE_RATE,10.8418125,16000,1,CONVERT/RESAMPLE,"SR is 16000, expected 44100"
Tabla,T4_Gat_pra_01.wav,Tabla\4way-tabla-ismir21-dataset\train\audios\T4_Gat_pra_01.wav,UNEXPECTED_SAMPLE_RATE,5.2400625,16000,1,CONVERT/RESAMPLE,"SR is 16000, expected 44100"
Tabla,PP_comp5_t.wav,Tabla\4way-tabla-ismir21-dataset\train\audios\PP_comp5_t.wav,UNEXPECTED_SAMPLE_RATE,18.0685625,16000,1,CONVERT/RESAMPLE,"SR is 16000, expected 44100"
Tabla,T7_Jap_Tukuda_03.wav,Tabla\4way-tabla-ismir21-dataset\train\audios\T7_Jap_Tukuda_03.wav,UNEXPECTED_SAMPLE_RATE,5.3201875,16000,1,CONVERT/RESAMPLE,"SR is 16000, expected 44100"
Tabla,SM_kayda_1.wav,Tabla\4way-tabla-ismir21-dataset\train\audios\SM_kayda_1.wav,UNEXPECTED_SAMPLE_RATE,170.2795,16000,1,CONVERT/RESAMPLE,"SR is 16000, expected 44100"
Tabla,KB_10.wav,Tabla\4way-tabla-ismir21-dataset\train\audios\KB_10.wav,UNEXPECTED_SAMPLE_RATE,127.9343125,16000,1,CONVERT/RESAMPLE,"SR is 16000, expected 44100"
Tabla,T7_Fur_02.wav,Tabla\4way-tabla-ismir21-dataset\train\audios\T7_Fur_02.wav,UNEXPECTED_SAMPLE_RATE,9.498375,16000,1,CONVERT/RESAMPLE,"SR is 16000, expected 44100"
Tabla,T5_Dli_03.wav,Tabla\4way-tabla-ismir21-dataset\train\audios\T5_Dli_03.wav,UNEXPECTED_SAMPLE_RATE,7.3534375,16000,1,CONVERT/RESAMPLE,"SR is 16000, expected 44100"
Tabla,KB_13.wav,Tabla\4way-tabla-ismir21-dataset\train\audios\KB_13.wav,UNEXPECTED_SAMPLE_RATE,9.611375,16000,1,CONVERT/RESAMPLE,"SR is 16000, expected 44100"
Tabla,T7_Pur_02.wav,Tabla\4way-tabla-ismir21-dataset\train\audios\T7_Pur_02.wav,UNEXPECTED_SAMPLE_RATE,6.74025,16000,1,CONVERT/RESAMPLE,"SR is 16000, expected 44100"
Tabla,KB_4.wav,Tabla\4way-tabla-ismir21-dataset\train\audios\KB_4.wav,UNEXPECTED_SAMPLE_RATE,12.6788125,16000,1,CONVERT/RESAMPLE,"SR is 16000, expected 44100"
Tabla,AS_comp105_t.wav,Tabla\4way-tabla-ismir21-dataset\train\audios\AS_comp105_t.wav,UNEXPECTED_SAMPLE_RATE,16.9616875,16000,1,CONVERT/RESAMPLE,"SR is 16000, expected 44100"
Tabla,SK_teentaal_drut.wav,Tabla\4way-tabla-ismir21-dataset\train\audios\SK_teentaal_drut.wav,UNEXPECTED_SAMPLE_RATE,11.8636875,16000,1,CONVERT/RESAMPLE,"SR is 16000, expected 44100"
Tabla,T4_Luc_02.wav,Tabla\4way-tabla-ismir21-dataset\train\audios\T4_Luc_02.wav,UNEXPECTED_SAMPLE_RATE,10.7071875,16000,1,CONVERT/RESAMPLE,"SR is 16000, expected 44100"
Tabla,T7_Jap_Tukuda_01.wav,Tabla\4way-tabla-ismir21-dataset\train\audios\T7_Jap_Tukuda_01.wav,UNEXPECTED_SAMPLE_RATE,5.441125,16000,1,CONVERT/RESAMPLE,"SR is 16000, expected 44100"
Tabla,SK_comp_7.wav,Tabla\4way-tabla-ismir21-dataset\train\audios\SK_comp_7.wav,UNEXPECTED_SAMPLE_RATE,23.62025,16000,1,CONVERT/RESAMPLE,"SR is 16000, expected 44100"
Tabla,T4_Luc_04.wav,Tabla\4way-tabla-ismir21-dataset\train\audios\T4_Luc_04.wav,UNEXPECTED_SAMPLE_RATE,11.2145625,16000,1,CONVERT/RESAMPLE,"SR is 16000, expected 44100"
Tabla,AHK_solo-tintal-1.wav,Tabla\4way-tabla-ismir21-dataset\train\audios\AHK_solo-tintal-1.wav,UNEXPECTED_SAMPLE_RATE,66.532,16000,1,CONVERT/RESAMPLE,"SR is 16000, expected 44100"
Tabla,AS_comp112_t.wav,Tabla\4way-tabla-ismir21-dataset\train\audios\AS_comp112_t.wav,UNEXPECTED_SAMPLE_RATE,24.5250625,16000,1,CONVERT/RESAMPLE,"SR is 16000, expected 44100"
Tabla,SK_ektaal_drut.wav,Tabla\4way-tabla-ismir21-dataset\train\audios\SK_ektaal_drut.wav,UNEXPECTED_SAMPLE_RATE,9.05725,16000,1,CONVERT/RESAMPLE,"SR is 16000, expected 44100"
Tabla,T4_Tukuda_Japh_05.wav,Tabla\4way-tabla-ismir21-dataset\train\audios\T4_Tukuda_Japh_05.wav,UNEXPECTED_SAMPLE_RATE,6.5616875,16000,1,CONVERT/RESAMPLE,"SR is 16000, expected 44100"
Tabla,T4_Drut_02.wav,Tabla\4way-tabla-ismir21-dataset\train\audios\T4_Drut_02.wav,UNEXPECTED_SAMPLE_RATE,6.50275,16000,1,CONVERT/RESAMPLE,"SR is 16000, expected 44100"
Tabla,PP_comp19_t.wav,Tabla\4way-tabla-ismir21-dataset\train\audios\PP_comp19_t.wav,UNEXPECTED_SAMPLE_RATE,28.123625,16000,1,CONVERT/RESAMPLE,"SR is 16000, expected 44100"
Tabla,KB_24.wav,Tabla\4way-tabla-ismir21-dataset\train\audios\KB_24.wav,UNEXPECTED_SAMPLE_RATE,46.9974375,16000,1,CONVERT/RESAMPLE,"SR is 16000, expected 44100"
Tabla,SK_uthan_1.wav,Tabla\4way-tabla-ismir21-dataset\train\audios\SK_uthan_1.wav,UNEXPECTED_SAMPLE_RATE,34.7344375,16000,1,CONVERT/RESAMPLE,"SR is 16000, expected 44100"
Tabla,T4_Tukuda_Japh_02.wav,Tabla\4way-tabla-ismir21-dataset\train\audios\T4_Tukuda_Japh_02.wav,UNEXPECTED_SAMPLE_RATE,5.7931875,16000,1,CONVERT/RESAMPLE,"SR is 16000, expected 44100"
Tabla,SK_teentaal_punjabi.wav,Tabla\4way-tabla-ismir21-dataset\train\audios\SK_teentaal_punjabi.wav,UNEXPECTED_SAMPLE_RATE,21.3453125,16000,1,CONVERT/RESAMPLE,"SR is 16000, expected 44100"
Tabla,RMA_9.wav,Tabla\4way-tabla-ismir21-dataset\train\audios\RMA_9.wav,UNEXPECTED_SAMPLE_RATE,17.575875,16000,1,CONVERT/RESAMPLE,"SR is 16000, expected 44100"
Tabla,RMA_10.wav,Tabla\4way-tabla-ismir21-dataset\train\audios\RMA_10.wav,UNEXPECTED_SAMPLE_RATE,17.19975,16000,1,CONVERT/RESAMPLE,"SR is 16000, expected 44100"
Tabla,AHK_solo-tintal-4.wav,Tabla\4way-tabla-ismir21-dataset\train\audios\AHK_solo-tintal-4.wav,UNEXPECTED_SAMPLE_RATE,45.52325,16000,1,CONVERT/RESAMPLE,"SR is 16000, expected 44100"
Tabla,KB_19.wav,Tabla\4way-tabla-ismir21-dataset\train\audios\KB_19.wav,UNEXPECTED_SAMPLE_RATE,33.619625,16000,1,CONVERT/RESAMPLE,"SR is 16000, expected 44100"
Tabla,T4_Gat_05.wav,Tabla\4way-tabla-ismir21-dataset\train\audios\T4_Gat_05.wav,UNEXPECTED_SAMPLE_RATE,11.223,16000,1,CONVERT/RESAMPLE,"SR is 16000, expected 44100"
Tabla,T4_Pur_03.wav,Tabla\4way-tabla-ismir21-dataset\train\audios\T4_Pur_03.wav,UNEXPECTED_SAMPLE_RATE,6.5878125,16000,1,CONVERT/RESAMPLE,"SR is 16000, expected 44100"
Tabla,AS_comp101_t.wav,Tabla\4way-tabla-ismir21-dataset\train\audios\AS_comp101_t.wav,UNEXPECTED_SAMPLE_RATE,19.65,16000,1,CONVERT/RESAMPLE,"SR is 16000, expected 44100"
Tabla,PP_comp17_t.wav,Tabla\4way-tabla-ismir21-dataset\train\audios\PP_comp17_t.wav,UNEXPECTED_SAMPLE_RATE,16.1533125,16000,1,CONVERT/RESAMPLE,"SR is 16000, expected 44100"
Tabla,RMA_0.wav,Tabla\4way-tabla-ismir21-dataset\train\audios\RMA_0.wav,UNEXPECTED_SAMPLE_RATE,18.3281875,16000,1,CONVERT/RESAMPLE,"SR is 16000, expected 44100"
Tabla,AS_comp108_t.wav,Tabla\4way-tabla-ismir21-dataset\train\audios\AS_comp108_t.wav,UNEXPECTED_SAMPLE_RATE,14.527,16000,1,CONVERT/RESAMPLE,"SR is 16000, expected 44100"
Tabla,T5_Luc_05.wav,Tabla\4way-tabla-ismir21-dataset\train\audios\T5_Luc_05.wav,UNEXPECTED_SAMPLE_RATE,10.8809375,16000,1,CONVERT/RESAMPLE,"SR is 16000, expected 44100"
Tabla,AS_comp102_t.wav,Tabla\4way-tabla-ismir21-dataset\train\audios\AS_comp102_t.wav,UNEXPECTED_SAMPLE_RATE,23.2096875,16000,1,CONVERT/RESAMPLE,"SR is 16000, expected 44100"
Tabla,RMA_11.wav,Tabla\4way-tabla-ismir21-dataset\train\audios\RMA_11.wav,UNEXPECTED_SAMPLE_RATE,16.5500625,16000,1,CONVERT/RESAMPLE,"SR is 16000, expected 44100"
Tabla,PP_comp11_t.wav,Tabla\4way-tabla-ismir21-dataset\train\audios\PP_comp11_t.wav,UNEXPECTED_SAMPLE_RATE,13.4336875,16000,1,CONVERT/RESAMPLE,"SR is 16000, expected 44100"
Tabla,KB_14.wav,Tabla\4way-tabla-ismir21-dataset\train\audios\KB_14.wav,UNEXPECTED_SAMPLE_RATE,9.6,16000,1,CONVERT/RESAMPLE,"SR is 16000, expected 44100"
Tabla,SM_chakradhar.wav,Tabla\4way-tabla-ismir21-dataset\train\audios\SM_chakradhar.wav,UNEXPECTED_SAMPLE_RATE,34.4795,16000,1,CONVERT/RESAMPLE,"SR is 16000, expected 44100"
Tabla,T7_Tukuda_03.wav,Tabla\4way-tabla-ismir21-dataset\train\audios\T7_Tukuda_03.wav,UNEXPECTED_SAMPLE_RATE,5.3404375,16000,1,CONVERT/RESAMPLE,"SR is 16000, expected 44100"
Tabla,RMA_7.wav,Tabla\4way-tabla-ismir21-dataset\train\audios\RMA_7.wav,UNEXPECTED_SAMPLE_RATE,17.593,16000,1,CONVERT/RESAMPLE,"SR is 16000, expected 44100"
Tabla,PP_comp80_t.wav,Tabla\4way-tabla-ismir21-dataset\train\audios\PP_comp80_t.wav,UNEXPECTED_SAMPLE_RATE,25.7064375,16000,1,CONVERT/RESAMPLE,"SR is 16000, expected 44100"
Tabla,T4_Tukuda_Ben_01.wav,Tabla\4way-tabla-ismir21-dataset\train\audios\T4_Tukuda_Ben_01.wav,UNEXPECTED_SAMPLE_RATE,7.72825,16000,1,CONVERT/RESAMPLE,"SR is 16000, expected 44100"
Tabla,T4_Pur_02.wav,Tabla\4way-tabla-ismir21-dataset\train\audios\T4_Pur_02.wav,UNEXPECTED_SAMPLE_RATE,6.675875,16000,1,CONVERT/RESAMPLE,"SR is 16000, expected 44100"
Tabla,SK_teentaal.wav,Tabla\4way-tabla-ismir21-dataset\train\audios\SK_teentaal.wav,UNEXPECTED_SAMPLE_RATE,21.638125,16000,1,CONVERT/RESAMPLE,"SR is 16000, expected 44100"
Tabla,SK_dadra.wav,Tabla\4way-tabla-ismir21-dataset\train\audios\SK_dadra.wav,UNEXPECTED_SAMPLE_RATE,9.988375,16000,1,CONVERT/RESAMPLE,"SR is 16000, expected 44100"
Tabla,PP_comp9_t.wav,Tabla\4way-tabla-ismir21-dataset\train\audios\PP_comp9_t.wav,UNEXPECTED_SAMPLE_RATE,17.4774375,16000,1,CONVERT/RESAMPLE,"SR is 16000, expected 44100"
Tabla,T4_Gat_03.wav,Tabla\4way-tabla-ismir21-dataset\train\audios\T4_Gat_03.wav,UNEXPECTED_SAMPLE_RATE,10.88875,16000,1,CONVERT/RESAMPLE,"SR is 16000, expected 44100"
Tabla,T4_Vilambit_01.wav,Tabla\4way-tabla-ismir21-dataset\train\audios\T4_Vilambit_01.wav,UNEXPECTED_SAMPLE_RATE,14.8685625,16000,1,CONVERT/RESAMPLE,"SR is 16000, expected 44100"
Tabla,T4_Drut_01.wav,Tabla\4way-tabla-ismir21-dataset\train\audios\T4_Drut_01.wav,UNEXPECTED_SAMPLE_RATE,6.0375,16000,1,CONVERT/RESAMPLE,"SR is 16000, expected 44100"
Tabla,PP_comp28_t.wav,Tabla\4way-tabla-ismir21-dataset\train\audios\PP_comp28_t.wav,UNEXPECTED_SAMPLE_RATE,14.1856875,16000,1,CONVERT/RESAMPLE,"SR is 16000, expected 44100"
Tabla,PP_comp86_t.wav,Tabla\4way-tabla-ismir21-dataset\train\audios\PP_comp86_t.wav,UNEXPECTED_SAMPLE_RATE,14.0533125,16000,1,CONVERT/RESAMPLE,"SR is 16000, expected 44100"
Tabla,RMA_13.wav,Tabla\4way-tabla-ismir21-dataset\train\audios\RMA_13.wav,UNEXPECTED_SAMPLE_RATE,19.26875,16000,1,CONVERT/RESAMPLE,"SR is 16000, expected 44100"
Tabla,T7_TAA5_01.wav,Tabla\4way-tabla-ismir21-dataset\train\audios\T7_TAA5_01.wav,UNEXPECTED_SAMPLE_RATE,39.4690625,16000,1,CONVERT/RESAMPLE,"SR is 16000, expected 44100"
Tabla,AS_comp107_t.wav,Tabla\4way-tabla-ismir21-dataset\train\audios\AS_comp107_t.wav,UNEXPECTED_SAMPLE_RATE,17.1934375,16000,1,CONVERT/RESAMPLE,"SR is 16000, expected 44100"
Tabla,SK_comp_1.wav,Tabla\4way-tabla-ismir21-dataset\train\audios\SK_comp_1.wav,UNEXPECTED_SAMPLE_RATE,21.5896875,16000,1,CONVERT/RESAMPLE,"SR is 16000, expected 44100"
Tabla,T4_Ben_03.wav,Tabla\4way-tabla-ismir21-dataset\train\audios\T4_Ben_03.wav,UNEXPECTED_SAMPLE_RATE,17.664,16000,1,CONVERT/RESAMPLE,"SR is 16000, expected 44100"
Tabla,T7_TAA1_01.wav,Tabla\4way-tabla-ismir21-dataset\train\audios\T7_TAA1_01.wav,UNEXPECTED_SAMPLE_RATE,15.717625,16000,1,CONVERT/RESAMPLE,"SR is 16000, expected 44100"
Tabla,T7_Ben_tukuda_02.wav,Tabla\4way-tabla-ismir21-dataset\train\audios\T7_Ben_tukuda_02.wav,UNEXPECTED_SAMPLE_RATE,9.003625,16000,1,CONVERT/RESAMPLE,"SR is 16000, expected 44100"
Tabla,T4_Tukuda_01.wav,Tabla\4way-tabla-ismir21-dataset\train\audios\T4_Tukuda_01.wav,UNEXPECTED_SAMPLE_RATE,4.7640625,16000,1,CONVERT/RESAMPLE,"SR is 16000, expected 44100"
Tabla,T4_Dli_01.wav,Tabla\4way-tabla-ismir21-dataset\train\audios\T4_Dli_01.wav,UNEXPECTED_SAMPLE_RATE,5.3644375,16000,1,CONVERT/RESAMPLE,"SR is 16000, expected 44100"
Tabla,SM_kayda_2.wav,Tabla\4way-tabla-ismir21-dataset\train\audios\SM_kayda_2.wav,UNEXPECTED_SAMPLE_RATE,182.5595,16000,1,CONVERT/RESAMPLE,"SR is 16000, expected 44100"
Tabla,T5_Dli_02.wav,Tabla\4way-tabla-ismir21-dataset\train\audios\T5_Dli_02.wav,UNEXPECTED_SAMPLE_RATE,10.818125,16000,1,CONVERT/RESAMPLE,"SR is 16000, expected 44100"
Tabla,T7_Fur_03.wav,Tabla\4way-tabla-ismir21-dataset\train\audios\T7_Fur_03.wav,UNEXPECTED_SAMPLE_RATE,14.3313125,16000,1,CONVERT/RESAMPLE,"SR is 16000, expected 44100"
Tabla,T4_Luc_01.wav,Tabla\4way-tabla-ismir21-dataset\train\audios\T4_Luc_01.wav,UNEXPECTED_SAMPLE_RATE,5.2968125,16000,1,CONVERT/RESAMPLE,"SR is 16000, expected 44100"
Tabla,RMA_19.wav,Tabla\4way-tabla-ismir21-dataset\train\audios\RMA_19.wav,UNEXPECTED_SAMPLE_RATE,18.5368125,16000,1,CONVERT/RESAMPLE,"SR is 16000, expected 44100"
Tabla,AS_comp103_t.wav,Tabla\4way-tabla-ismir21-dataset\train\audios\AS_comp103_t.wav,UNEXPECTED_SAMPLE_RATE,24.252,16000,1,CONVERT/RESAMPLE,"SR is 16000, expected 44100"
Tabla,T4_Tukuda_04.wav,Tabla\4way-tabla-ismir21-dataset\train\audios\T4_Tukuda_04.wav,UNEXPECTED_SAMPLE_RATE,5.1758125,16000,1,CONVERT/RESAMPLE,"SR is 16000, expected 44100"
Tabla,KB_22.wav,Tabla\4way-tabla-ismir21-dataset\train\audios\KB_22.wav,UNEXPECTED_SAMPLE_RATE,3.8581875,16000,1,CONVERT/RESAMPLE,"SR is 16000, expected 44100"
Tabla,AS_comp106_t.wav,Tabla\4way-tabla-ismir21-dataset\train\audios\AS_comp106_t.wav,UNEXPECTED_SAMPLE_RATE,21.3864375,16000,1,CONVERT/RESAMPLE,"SR is 16000, expected 44100"
Tabla,SK_rela_1.wav,Tabla\4way-tabla-ismir21-dataset\train\audios\SK_rela_1.wav,UNEXPECTED_SAMPLE_RATE,99.5403125,16000,1,CONVERT/RESAMPLE,"SR is 16000, expected 44100"
Tabla,T7_LUC_01.wav,Tabla\4way-tabla-ismir21-dataset\train\audios\T7_LUC_01.wav,UNEXPECTED_SAMPLE_RATE,25.304125,16000,1,CONVERT/RESAMPLE,"SR is 16000, expected 44100"
Tabla,T5_Luc_01.wav,Tabla\4way-tabla-ismir21-dataset\train\audios\T5_Luc_01.wav,UNEXPECTED_SAMPLE_RATE,5.3915,16000,1,CONVERT/RESAMPLE,"SR is 16000, expected 44100"
Tabla,T5_Luc_07.wav,Tabla\4way-tabla-ismir21-dataset\train\audios\T5_Luc_07.wav,UNEXPECTED_SAMPLE_RATE,11.250875,16000,1,CONVERT/RESAMPLE,"SR is 16000, expected 44100"
Tabla,RMA_21.wav,Tabla\4way-tabla-ismir21-dataset\train\audios\RMA_21.wav,UNEXPECTED_SAMPLE_RATE,18.7938125,16000,1,CONVERT/RESAMPLE,"SR is 16000, expected 44100"
Tabla,T7_Ben_tukuda_01.wav,Tabla\4way-tabla-ismir21-dataset\train\audios\T7_Ben_tukuda_01.wav,UNEXPECTED_SAMPLE_RATE,8.865125,16000,1,CONVERT/RESAMPLE,"SR is 16000, expected 44100"
Tabla,T7_Rela_01.wav,Tabla\4way-tabla-ismir21-dataset\train\audios\T7_Rela_01.wav,UNEXPECTED_SAMPLE_RATE,8.915625,16000,1,CONVERT/RESAMPLE,"SR is 16000, expected 44100"
Tabla,T4_Gat_pra_00.wav,Tabla\4way-tabla-ismir21-dataset\train\audios\T4_Gat_pra_00.wav,UNEXPECTED_SAMPLE_RATE,2.83075,16000,1,CONVERT/RESAMPLE,"SR is 16000, expected 44100"
Tabla,PP_comp23_t.wav,Tabla\4way-tabla-ismir21-dataset\train\audios\PP_comp23_t.wav,UNEXPECTED_SAMPLE_RATE,14.901875,16000,1,CONVERT/RESAMPLE,"SR is 16000, expected 44100"
Tabla,T5_Gat_02.wav,Tabla\4way-tabla-ismir21-dataset\train\audios\T5_Gat_02.wav,UNEXPECTED_SAMPLE_RATE,11.1991875,16000,1,CONVERT/RESAMPLE,"SR is 16000, expected 44100"
Tabla,KB_16.wav,Tabla\4way-tabla-ismir21-dataset\train\audios\KB_16.wav,UNEXPECTED_SAMPLE_RATE,4.8195,16000,1,CONVERT/RESAMPLE,"SR is 16000, expected 44100"
Tabla,KB_15.wav,Tabla\4way-tabla-ismir21-dataset\train\audios\KB_15.wav,UNEXPECTED_SAMPLE_RATE,9.5675625,16000,1,CONVERT/RESAMPLE,"SR is 16000, expected 44100"
Tabla,KB_25.wav,Tabla\4way-tabla-ismir21-dataset\train\audios\KB_25.wav,UNEXPECTED_SAMPLE_RATE,47.2245,16000,1,CONVERT/RESAMPLE,"SR is 16000, expected 44100"
Tabla,T5_Gat_03.wav,Tabla\4way-tabla-ismir21-dataset\train\audios\T5_Gat_03.wav,UNEXPECTED_SAMPLE_RATE,5.6409375,16000,1,CONVERT/RESAMPLE,"SR is 16000, expected 44100"
Tabla,AS_comp113_t.wav,Tabla\4way-tabla-ismir21-dataset\train\audios\AS_comp113_t.wav,UNEXPECTED_SAMPLE_RATE,12.3551875,16000,1,CONVERT/RESAMPLE,"SR is 16000, expected 44100"
Tabla,T7_Jap_Tukuda_02.wav,Tabla\4way-tabla-ismir21-dataset\train\audios\T7_Jap_Tukuda_02.wav,UNEXPECTED_SAMPLE_RATE,5.7131875,16000,1,CONVERT/RESAMPLE,"SR is 16000, expected 44100"
Tabla,AS_comp115_t.wav,Tabla\4way-tabla-ismir21-dataset\train\audios\AS_comp115_t.wav,UNEXPECTED_SAMPLE_RATE,15.258625,16000,1,CONVERT/RESAMPLE,"SR is 16000, expected 44100"
Tabla,KB_6.wav,Tabla\4way-tabla-ismir21-dataset\train\audios\KB_6.wav,UNEXPECTED_SAMPLE_RATE,14.637125,16000,1,CONVERT/RESAMPLE,"SR is 16000, expected 44100"
Tabla,T4_Pur_04.wav,Tabla\4way-tabla-ismir21-dataset\train\audios\T4_Pur_04.wav,UNEXPECTED_SAMPLE_RATE,6.627875,16000,1,CONVERT/RESAMPLE,"SR is 16000, expected 44100"
Tabla,T4_Tukuda_Japh_03.wav,Tabla\4way-tabla-ismir21-dataset\train\audios\T4_Tukuda_Japh_03.wav,UNEXPECTED_SAMPLE_RATE,5.3203125,16000,1,CONVERT/RESAMPLE,"SR is 16000, expected 44100"
Tabla,AHK_solo-tintal-5.wav,Tabla\4way-tabla-ismir21-dataset\train\audios\AHK_solo-tintal-5.wav,UNEXPECTED_SAMPLE_RATE,59.93025,16000,1,CONVERT/RESAMPLE,"SR is 16000, expected 44100"
Tabla,T4_Gat_02.wav,Tabla\4way-tabla-ismir21-dataset\train\audios\T4_Gat_02.wav,UNEXPECTED_SAMPLE_RATE,10.8141875,16000,1,CONVERT/RESAMPLE,"SR is 16000, expected 44100"
Tabla,KB_9.wav,Tabla\4way-tabla-ismir21-dataset\train\audios\KB_9.wav,UNEXPECTED_SAMPLE_RATE,6.401125,16000,1,CONVERT/RESAMPLE,"SR is 16000, expected 44100"
Tabla,T5_Gat_01.wav,Tabla\4way-tabla-ismir21-dataset\train\audios\T5_Gat_01.wav,UNEXPECTED_SAMPLE_RATE,5.6586875,16000,1,CONVERT/RESAMPLE,"SR is 16000, expected 44100"
Tabla,T7_Luc_jap_01.wav,Tabla\4way-tabla-ismir21-dataset\train\audios\T7_Luc_jap_01.wav,UNEXPECTED_SAMPLE_RATE,9.1093125,16000,1,CONVERT/RESAMPLE,"SR is 16000, expected 44100"
Tabla,RMA_24.wav,Tabla\4way-tabla-ismir21-dataset\train\audios\RMA_24.wav,UNEXPECTED_SAMPLE_RATE,18.750625,16000,1,CONVERT/RESAMPLE,"SR is 16000, expected 44100"
Tabla,RMA_6.wav,Tabla\4way-tabla-ismir21-dataset\train\audios\RMA_6.wav,UNEXPECTED_SAMPLE_RATE,16.9775,16000,1,CONVERT/RESAMPLE,"SR is 16000, expected 44100"
Tabla,T4_Dli_02.wav,Tabla\4way-tabla-ismir21-dataset\train\audios\T4_Dli_02.wav,UNEXPECTED_SAMPLE_RATE,10.602625,16000,1,CONVERT/RESAMPLE,"SR is 16000, expected 44100"
Tabla,RMA_20.wav,Tabla\4way-tabla-ismir21-dataset\train\audios\RMA_20.wav,UNEXPECTED_SAMPLE_RATE,18.668375,16000,1,CONVERT/RESAMPLE,"SR is 16000, expected 44100"
Tabla,PP_comp31_t.wav,Tabla\4way-tabla-ismir21-dataset\train\audios\PP_comp31_t.wav,UNEXPECTED_SAMPLE_RATE,25.0459375,16000,1,CONVERT/RESAMPLE,"SR is 16000, expected 44100"
Tabla,T7_Tukuda_04.wav,Tabla\4way-tabla-ismir21-dataset\train\audios\T7_Tukuda_04.wav,UNEXPECTED_SAMPLE_RATE,5.7535625,16000,1,CONVERT/RESAMPLE,"SR is 16000, expected 44100"
Tabla,T4_Gat_01.wav,Tabla\4way-tabla-ismir21-dataset\train\audios\T4_Gat_01.wav,UNEXPECTED_SAMPLE_RATE,5.4775,16000,1,CONVERT/RESAMPLE,"SR is 16000, expected 44100"
Tabla,RMA_18.wav,Tabla\4way-tabla-ismir21-dataset\train\audios\RMA_18.wav,UNEXPECTED_SAMPLE_RATE,18.9644375,16000,1,CONVERT/RESAMPLE,"SR is 16000, expected 44100"
Tabla,SK_teentaal_mahadrut.wav,Tabla\4way-tabla-ismir21-dataset\train\audios\SK_teentaal_mahadrut.wav,UNEXPECTED_SAMPLE_RATE,9.68325,16000,1,CONVERT/RESAMPLE,"SR is 16000, expected 44100"
Tabla,KB_3.wav,Tabla\4way-tabla-ismir21-dataset\train\audios\KB_3.wav,UNEXPECTED_SAMPLE_RATE,21.652,16000,1,CONVERT/RESAMPLE,"SR is 16000, expected 44100"
Tabla,T4_Tukuda_Japh_01.wav,Tabla\4way-tabla-ismir21-dataset\train\audios\T4_Tukuda_Japh_01.wav,UNEXPECTED_SAMPLE_RATE,5.1725,16000,1,CONVERT/RESAMPLE,"SR is 16000, expected 44100"
Tabla,RMA_2.wav,Tabla\4way-tabla-ismir21-dataset\train\audios\RMA_2.wav,UNEXPECTED_SAMPLE_RATE,17.439125,16000,1,CONVERT/RESAMPLE,"SR is 16000, expected 44100"
Tabla,T5_Dli_01.wav,Tabla\4way-tabla-ismir21-dataset\train\audios\T5_Dli_01.wav,UNEXPECTED_SAMPLE_RATE,10.5614375,16000,1,CONVERT/RESAMPLE,"SR is 16000, expected 44100"
Tabla,T4_Tukuda_05.wav,Tabla\4way-tabla-ismir21-dataset\train\audios\T4_Tukuda_05.wav,UNEXPECTED_SAMPLE_RATE,5.2934375,16000,1,CONVERT/RESAMPLE,"SR is 16000, expected 44100"
Tabla,SM_peshkar.wav,Tabla\4way-tabla-ismir21-dataset\train\audios\SM_peshkar.wav,UNEXPECTED_SAMPLE_RATE,184.4795,16000,1,CONVERT/RESAMPLE,"SR is 16000, expected 44100"
Tabla,RMA_26.wav,Tabla\4way-tabla-ismir21-dataset\train\audios\RMA_26.wav,UNEXPECTED_SAMPLE_RATE,18.949375,16000,1,CONVERT/RESAMPLE,"SR is 16000, expected 44100"
Tabla,PP_comp26_t.wav,Tabla\4way-tabla-ismir21-dataset\train\audios\PP_comp26_t.wav,UNEXPECTED_SAMPLE_RATE,17.584375,16000,1,CONVERT/RESAMPLE,"SR is 16000, expected 44100"
Tabla,RMA_17.wav,Tabla\4way-tabla-ismir21-dataset\train\audios\RMA_17.wav,UNEXPECTED_SAMPLE_RATE,19.301625,16000,1,CONVERT/RESAMPLE,"SR is 16000, expected 44100"
Tabla,KB_8.wav,Tabla\4way-tabla-ismir21-dataset\train\audios\KB_8.wav,UNEXPECTED_SAMPLE_RATE,73.71175,16000,1,CONVERT/RESAMPLE,"SR is 16000, expected 44100"
Tabla,AS_comp111_t.wav,Tabla\4way-tabla-ismir21-dataset\train\audios\AS_comp111_t.wav,UNEXPECTED_SAMPLE_RATE,24.8545,16000,1,CONVERT/RESAMPLE,"SR is 16000, expected 44100"
Tabla,RMA_30.wav,Tabla\4way-tabla-ismir21-dataset\train\audios\RMA_30.wav,UNEXPECTED_SAMPLE_RATE,18.153,16000,1,CONVERT/RESAMPLE,"SR is 16000, expected 44100"
Tabla,KB_26.wav,Tabla\4way-tabla-ismir21-dataset\train\audios\KB_26.wav,UNEXPECTED_SAMPLE_RATE,31.47,16000,1,CONVERT/RESAMPLE,"SR is 16000, expected 44100"
Tabla,T5_Gat_04.wav,Tabla\4way-tabla-ismir21-dataset\train\audios\T5_Gat_04.wav,UNEXPECTED_SAMPLE_RATE,11.08825,16000,1,CONVERT/RESAMPLE,"SR is 16000, expected 44100"
Tabla,T7_Gat_tukuda_01.wav,Tabla\4way-tabla-ismir21-dataset\train\audios\T7_Gat_tukuda_01.wav,UNEXPECTED_SAMPLE_RATE,6.1210625,16000,1,CONVERT/RESAMPLE,"SR is 16000, expected 44100"
Tabla,PP_comp4_t.wav,Tabla\4way-tabla-ismir21-dataset\train\audios\PP_comp4_t.wav,UNEXPECTED_SAMPLE_RATE,18.022,16000,1,CONVERT/RESAMPLE,"SR is 16000, expected 44100"
Tabla,T7_Pur_05.wav,Tabla\4way-tabla-ismir21-dataset\train\audios\T7_Pur_05.wav,UNEXPECTED_SAMPLE_RATE,6.8505,16000,1,CONVERT/RESAMPLE,"SR is 16000, expected 44100"
Tabla,T4_Mukuda_01.wav,Tabla\4way-tabla-ismir21-dataset\train\audios\T4_Mukuda_01.wav,UNEXPECTED_SAMPLE_RATE,10.7115625,16000,1,CONVERT/RESAMPLE,"SR is 16000, expected 44100"
Tabla,T4_Pur_05.wav,Tabla\4way-tabla-ismir21-dataset\train\audios\T4_Pur_05.wav,UNEXPECTED_SAMPLE_RATE,6.7799375,16000,1,CONVERT/RESAMPLE,"SR is 16000, expected 44100"
Tabla,SK_comp_3.wav,Tabla\4way-tabla-ismir21-dataset\train\audios\SK_comp_3.wav,UNEXPECTED_SAMPLE_RATE,15.267,16000,1,CONVERT/RESAMPLE,"SR is 16000, expected 44100"
Tabla,T4_Luc_03.wav,Tabla\4way-tabla-ismir21-dataset\train\audios\T4_Luc_03.wav,UNEXPECTED_SAMPLE_RATE,10.88,16000,1,CONVERT/RESAMPLE,"SR is 16000, expected 44100"
Tabla,SK_ektaal.wav,Tabla\4way-tabla-ismir21-dataset\train\audios\SK_ektaal.wav,UNEXPECTED_SAMPLE_RATE,16.7816875,16000,1,CONVERT/RESAMPLE,"SR is 16000, expected 44100"
Tabla,T7_Tukuda_01.wav,Tabla\4way-tabla-ismir21-dataset\train\audios\T7_Tukuda_01.wav,UNEXPECTED_SAMPLE_RATE,5.2810625,16000,1,CONVERT/RESAMPLE,"SR is 16000, expected 44100"
Tabla,SK_roopak.wav,Tabla\4way-tabla-ismir21-dataset\train\audios\SK_roopak.wav,UNEXPECTED_SAMPLE_RATE,11.0144375,16000,1,CONVERT/RESAMPLE,"SR is 16000, expected 44100"
Tabla,AS_comp104_t.wav,Tabla\4way-tabla-ismir21-dataset\train\audios\AS_comp104_t.wav,UNEXPECTED_SAMPLE_RATE,30.0885,16000,1,CONVERT/RESAMPLE,"SR is 16000, expected 44100"
Tabla,T5_Dli_05.wav,Tabla\4way-tabla-ismir21-dataset\train\audios\T5_Dli_05.wav,UNEXPECTED_SAMPLE_RATE,10.9913125,16000,1,CONVERT/RESAMPLE,"SR is 16000, expected 44100"
Tabla,T7_Pur_01.wav,Tabla\4way-tabla-ismir21-dataset\train\audios\T7_Pur_01.wav,UNEXPECTED_SAMPLE_RATE,6.89775,16000,1,CONVERT/RESAMPLE,"SR is 16000, expected 44100"
Tabla,SM_uthan.wav,Tabla\4way-tabla-ismir21-dataset\train\audios\SM_uthan.wav,UNEXPECTED_SAMPLE_RATE,55.7595,16000,1,CONVERT/RESAMPLE,"SR is 16000, expected 44100"
Tabla,SK_jhoomra.wav,Tabla\4way-tabla-ismir21-dataset\train\audios\SK_jhoomra.wav,UNEXPECTED_SAMPLE_RATE,19.1940625,16000,1,CONVERT/RESAMPLE,"SR is 16000, expected 44100"
Tabla,PP_comp84_t.wav,Tabla\4way-tabla-ismir21-dataset\train\audios\PP_comp84_t.wav,UNEXPECTED_SAMPLE_RATE,9.7820625,16000,1,CONVERT/RESAMPLE,"SR is 16000, expected 44100"
Tabla,KB_18.wav,Tabla\4way-tabla-ismir21-dataset\train\audios\KB_18.wav,UNEXPECTED_SAMPLE_RATE,9.5448125,16000,1,CONVERT/RESAMPLE,"SR is 16000, expected 44100"
Tabla,PP_comp27_t.wav,Tabla\4way-tabla-ismir21-dataset\train\audios\PP_comp27_t.wav,UNEXPECTED_SAMPLE_RATE,24.4939375,16000,1,CONVERT/RESAMPLE,"SR is 16000, expected 44100"
Tabla,KB_1.wav,Tabla\4way-tabla-ismir21-dataset\train\audios\KB_1.wav,UNEXPECTED_SAMPLE_RATE,38.1533125,16000,1,CONVERT/RESAMPLE,"SR is 16000, expected 44100"
Tabla,PP_comp16new_t.wav,Tabla\4way-tabla-ismir21-dataset\train\audios\PP_comp16new_t.wav,UNEXPECTED_SAMPLE_RATE,31.8616875,16000,1,CONVERT/RESAMPLE,"SR is 16000, expected 44100"
Tabla,RMA_15.wav,Tabla\4way-tabla-ismir21-dataset\train\audios\RMA_15.wav,UNEXPECTED_SAMPLE_RATE,18.87125,16000,1,CONVERT/RESAMPLE,"SR is 16000, expected 44100"
Tabla,SK_comp_2.wav,Tabla\4way-tabla-ismir21-dataset\train\audios\SK_comp_2.wav,UNEXPECTED_SAMPLE_RATE,12.4475625,16000,1,CONVERT/RESAMPLE,"SR is 16000, expected 44100"
Tabla,PP_comp77_t.wav,Tabla\4way-tabla-ismir21-dataset\train\audios\PP_comp77_t.wav,UNEXPECTED_SAMPLE_RATE,15.977375,16000,1,CONVERT/RESAMPLE,"SR is 16000, expected 44100"
Tabla,RMA_1.wav,Tabla\4way-tabla-ismir21-dataset\train\audios\RMA_1.wav,UNEXPECTED_SAMPLE_RATE,33.7839375,16000,1,CONVERT/RESAMPLE,"SR is 16000, expected 44100"
Tabla,SK_comp_5.wav,Tabla\4way-tabla-ismir21-dataset\train\audios\SK_comp_5.wav,UNEXPECTED_SAMPLE_RATE,21.4974375,16000,1,CONVERT/RESAMPLE,"SR is 16000, expected 44100"
Tabla,T7_Ben_tukuda_03.wav,Tabla\4way-tabla-ismir21-dataset\train\audios\T7_Ben_tukuda_03.wav,UNEXPECTED_SAMPLE_RATE,8.4841875,16000,1,CONVERT/RESAMPLE,"SR is 16000, expected 44100"
Tabla,PP_comp82_t.wav,Tabla\4way-tabla-ismir21-dataset\train\audios\PP_comp82_t.wav,UNEXPECTED_SAMPLE_RATE,16.301625,16000,1,CONVERT/RESAMPLE,"SR is 16000, expected 44100"
Tabla,T4_Luc_06.wav,Tabla\4way-tabla-ismir21-dataset\train\audios\T4_Luc_06.wav,UNEXPECTED_SAMPLE_RATE,15.7591875,16000,1,CONVERT/RESAMPLE,"SR is 16000, expected 44100"
Tabla,RMA_8.wav,Tabla\4way-tabla-ismir21-dataset\train\audios\RMA_8.wav,UNEXPECTED_SAMPLE_RATE,17.268125,16000,1,CONVERT/RESAMPLE,"SR is 16000, expected 44100"
Tabla,PP_comp25_t.wav,Tabla\4way-tabla-ismir21-dataset\train\audios\PP_comp25_t.wav,UNEXPECTED_SAMPLE_RATE,27.4063125,16000,1,CONVERT/RESAMPLE,"SR is 16000, expected 44100"
Tabla,T7_Tukuda_02.wav,Tabla\4way-tabla-ismir21-dataset\train\audios\T7_Tukuda_02.wav,UNEXPECTED_SAMPLE_RATE,5.1030625,16000,1,CONVERT/RESAMPLE,"SR is 16000, expected 44100"
Tabla,KB_5.wav,Tabla\4way-tabla-ismir21-dataset\train\audios\KB_5.wav,UNEXPECTED_SAMPLE_RATE,76.81975,16000,1,CONVERT/RESAMPLE,"SR is 16000, expected 44100"
Tabla,RMA_27.wav,Tabla\4way-tabla-ismir21-dataset\train\audios\RMA_27.wav,UNEXPECTED_SAMPLE_RATE,18.2904375,16000,1,CONVERT/RESAMPLE,"SR is 16000, expected 44100"
Tabla,T4_Gat_pra_02.wav,Tabla\4way-tabla-ismir21-dataset\train\audios\T4_Gat_pra_02.wav,UNEXPECTED_SAMPLE_RATE,10.365,16000,1,CONVERT/RESAMPLE,"SR is 16000, expected 44100"
Tabla,T4_02.wav,Tabla\4way-tabla-ismir21-dataset\train\audios\T4_02.wav,UNEXPECTED_SAMPLE_RATE,10.145,16000,1,CONVERT/RESAMPLE,"SR is 16000, expected 44100"
Tabla,T4_Tukuda_Ben_02.wav,Tabla\4way-tabla-ismir21-dataset\train\audios\T4_Tukuda_Ben_02.wav,UNEXPECTED_SAMPLE_RATE,8.439625,16000,1,CONVERT/RESAMPLE,"SR is 16000, expected 44100"
Tabla,T4_Tukuda_Ben_03.wav,Tabla\4way-tabla-ismir21-dataset\train\audios\T4_Tukuda_Ben_03.wav,UNEXPECTED_SAMPLE_RATE,8.01925,16000,1,CONVERT/RESAMPLE,"SR is 16000, expected 44100"
Tabla,T7_Jap_Tukuda_04.wav,Tabla\4way-tabla-ismir21-dataset\train\audios\T7_Jap_Tukuda_04.wav,UNEXPECTED_SAMPLE_RATE,5.29,16000,1,CONVERT/RESAMPLE,"SR is 16000, expected 44100"
Tabla,KB_11.wav,Tabla\4way-tabla-ismir21-dataset\train\audios\KB_11.wav,UNEXPECTED_SAMPLE_RATE,7.7536875,16000,1,CONVERT/RESAMPLE,"SR is 16000, expected 44100"
Tabla,SK_comp_6.wav,Tabla\4way-tabla-ismir21-dataset\train\audios\SK_comp_6.wav,UNEXPECTED_SAMPLE_RATE,12.27775,16000,1,CONVERT/RESAMPLE,"SR is 16000, expected 44100"
Tabla,RMA_4.wav,Tabla\4way-tabla-ismir21-dataset\train\audios\RMA_4.wav,UNEXPECTED_SAMPLE_RATE,17.6955625,16000,1,CONVERT/RESAMPLE,"SR is 16000, expected 44100"
Tabla,PP_comp81_t.wav,Tabla\4way-tabla-ismir21-dataset\train\audios\PP_comp81_t.wav,UNEXPECTED_SAMPLE_RATE,15.636375,16000,1,CONVERT/RESAMPLE,"SR is 16000, expected 44100"
Tabla,T5_Gat_05.wav,Tabla\4way-tabla-ismir21-dataset\train\audios\T5_Gat_05.wav,UNEXPECTED_SAMPLE_RATE,11.5153125,16000,1,CONVERT/RESAMPLE,"SR is 16000, expected 44100"
Tabla,RMA_3.wav,Tabla\4way-tabla-ismir21-dataset\train\audios\RMA_3.wav,UNEXPECTED_SAMPLE_RATE,17.8494375,16000,1,CONVERT/RESAMPLE,"SR is 16000, expected 44100"
Tabla,RMA_23.wav,Tabla\4way-tabla-ismir21-dataset\train\audios\RMA_23.wav,UNEXPECTED_SAMPLE_RATE,18.948,16000,1,CONVERT/RESAMPLE,"SR is 16000, expected 44100"
Tabla,T7_Fur_04.wav,Tabla\4way-tabla-ismir21-dataset\train\audios\T7_Fur_04.wav,UNEXPECTED_SAMPLE_RATE,14.0441875,16000,1,CONVERT/RESAMPLE,"SR is 16000, expected 44100"
Tabla,T7_Jap_Tukuda_05.wav,Tabla\4way-tabla-ismir21-dataset\train\audios\T7_Jap_Tukuda_05.wav,UNEXPECTED_SAMPLE_RATE,5.7131875,16000,1,CONVERT/RESAMPLE,"SR is 16000, expected 44100"
Tabla,AHK_solo-tintal-3.wav,Tabla\4way-tabla-ismir21-dataset\train\audios\AHK_solo-tintal-3.wav,UNEXPECTED_SAMPLE_RATE,28.67875,16000,1,CONVERT/RESAMPLE,"SR is 16000, expected 44100"
Tabla,RMA_22.wav,Tabla\4way-tabla-ismir21-dataset\train\audios\RMA_22.wav,UNEXPECTED_SAMPLE_RATE,19.137125,16000,1,CONVERT/RESAMPLE,"SR is 16000, expected 44100"
Tabla,AHK_solo-tintal-2.wav,Tabla\4way-tabla-ismir21-dataset\train\audios\AHK_solo-tintal-2.wav,UNEXPECTED_SAMPLE_RATE,62.511625,16000,1,CONVERT/RESAMPLE,"SR is 16000, expected 44100"
Tabla,T4_Tukuda_Japh_04.wav,Tabla\4way-tabla-ismir21-dataset\train\audios\T4_Tukuda_Japh_04.wav,UNEXPECTED_SAMPLE_RATE,5.7931875,16000,1,CONVERT/RESAMPLE,"SR is 16000, expected 44100"
Tabla,KB_2.wav,Tabla\4way-tabla-ismir21-dataset\train\audios\KB_2.wav,UNEXPECTED_SAMPLE_RATE,86.4684375,16000,1,CONVERT/RESAMPLE,"SR is 16000, expected 44100"
Tabla,SK_kaida_1.wav,Tabla\4way-tabla-ismir21-dataset\train\audios\SK_kaida_1.wav,UNEXPECTED_SAMPLE_RATE,223.1135625,16000,1,CONVERT/RESAMPLE,"SR is 16000, expected 44100"
Tabla,T7_Ben_tukuda_05.wav,Tabla\4way-tabla-ismir21-dataset\train\audios\T7_Ben_tukuda_05.wav,UNEXPECTED_SAMPLE_RATE,17.6,16000,1,CONVERT/RESAMPLE,"SR is 16000, expected 44100"
Tabla,T7_DLI_01.wav,Tabla\4way-tabla-ismir21-dataset\train\audios\T7_DLI_01.wav,UNEXPECTED_SAMPLE_RATE,45.2064375,16000,1,CONVERT/RESAMPLE,"SR is 16000, expected 44100"
Tabla,T5_Luc_06.wav,Tabla\4way-tabla-ismir21-dataset\train\audios\T5_Luc_06.wav,UNEXPECTED_SAMPLE_RATE,10.6825,16000,1,CONVERT/RESAMPLE,"SR is 16000, expected 44100"
Tabla,T4_Dli_03.wav,Tabla\4way-tabla-ismir21-dataset\train\audios\T4_Dli_03.wav,UNEXPECTED_SAMPLE_RATE,10.673375,16000,1,CONVERT/RESAMPLE,"SR is 16000, expected 44100"
Tabla,T4_Tukuda_Ben_04.wav,Tabla\4way-tabla-ismir21-dataset\train\audios\T4_Tukuda_Ben_04.wav,UNEXPECTED_SAMPLE_RATE,9.021625,16000,1,CONVERT/RESAMPLE,"SR is 16000, expected 44100"
Tabla,T7_Pur_03.wav,Tabla\4way-tabla-ismir21-dataset\train\audios\T7_Pur_03.wav,UNEXPECTED_SAMPLE_RATE,6.7245,16000,1,CONVERT/RESAMPLE,"SR is 16000, expected 44100"
Tabla,KB_23.wav,Tabla\4way-tabla-ismir21-dataset\train\audios\KB_23.wav,UNEXPECTED_SAMPLE_RATE,43.875625,16000,1,CONVERT/RESAMPLE,"SR is 16000, expected 44100"
Tabla,AS_comp109_t.wav,Tabla\4way-tabla-ismir21-dataset\train\audios\AS_comp109_t.wav,UNEXPECTED_SAMPLE_RATE,13.4689375,16000,1,CONVERT/RESAMPLE,"SR is 16000, expected 44100"
Tabla,AHK_solo-tintal-6.wav,Tabla\4way-tabla-ismir21-dataset\train\audios\AHK_solo-tintal-6.wav,UNEXPECTED_SAMPLE_RATE,65.3808125,16000,1,CONVERT/RESAMPLE,"SR is 16000, expected 44100"
Tabla,KB_20.wav,Tabla\4way-tabla-ismir21-dataset\train\audios\KB_20.wav,UNEXPECTED_SAMPLE_RATE,9.613,16000,1,CONVERT/RESAMPLE,"SR is 16000, expected 44100"
Tabla,T4_Luc_05.wav,Tabla\4way-tabla-ismir21-dataset\train\audios\T4_Luc_05.wav,UNEXPECTED_SAMPLE_RATE,10.8188125,16000,1,CONVERT/RESAMPLE,"SR is 16000, expected 44100"
Tabla,AS_comp114_t.wav,Tabla\4way-tabla-ismir21-dataset\train\audios\AS_comp114_t.wav,UNEXPECTED_SAMPLE_RATE,15.0733125,16000,1,CONVERT/RESAMPLE,"SR is 16000, expected 44100"
Tabla,PP_comp3_t.wav,Tabla\4way-tabla-ismir21-dataset\train\audios\PP_comp3_t.wav,UNEXPECTED_SAMPLE_RATE,16.1363125,16000,1,CONVERT/RESAMPLE,"SR is 16000, expected 44100"
Tabla,T4_Tukuda_03.wav,Tabla\4way-tabla-ismir21-dataset\train\audios\T4_Tukuda_03.wav,UNEXPECTED_SAMPLE_RATE,5.234625,16000,1,CONVERT/RESAMPLE,"SR is 16000, expected 44100"
Tabla,T5_Gat_03_1.wav,Tabla\4way-tabla-ismir21-dataset\train\audios\T5_Gat_03_1.wav,UNEXPECTED_SAMPLE_RATE,5.58175,16000,1,CONVERT/RESAMPLE,"SR is 16000, expected 44100"
Tabla,T5_Luc_04.wav,Tabla\4way-tabla-ismir21-dataset\train\audios\T5_Luc_04.wav,UNEXPECTED_SAMPLE_RATE,11.26525,16000,1,CONVERT/RESAMPLE,"SR is 16000, expected 44100"
Tabla,T7_Pur_04.wav,Tabla\4way-tabla-ismir21-dataset\train\audios\T7_Pur_04.wav,UNEXPECTED_SAMPLE_RATE,6.7875,16000,1,CONVERT/RESAMPLE,"SR is 16000, expected 44100"
Tabla,T7_Mukuda_01.wav,Tabla\4way-tabla-ismir21-dataset\train\audios\T7_Mukuda_01.wav,UNEXPECTED_SAMPLE_RATE,10.4469375,16000,1,CONVERT/RESAMPLE,"SR is 16000, expected 44100"
Tabla,T5_Luc_02.wav,Tabla\4way-tabla-ismir21-dataset\train\audios\T5_Luc_02.wav,UNEXPECTED_SAMPLE_RATE,10.786875,16000,1,CONVERT/RESAMPLE,"SR is 16000, expected 44100"
Tabla,KB_12.wav,Tabla\4way-tabla-ismir21-dataset\train\audios\KB_12.wav,UNEXPECTED_SAMPLE_RATE,9.61625,16000,1,CONVERT/RESAMPLE,"SR is 16000, expected 44100"
Tabla,AS_comp110_t.wav,Tabla\4way-tabla-ismir21-dataset\train\audios\AS_comp110_t.wav,UNEXPECTED_SAMPLE_RATE,13.419125,16000,1,CONVERT/RESAMPLE,"SR is 16000, expected 44100"
Tabla,AS_comp117_t.wav,Tabla\4way-tabla-ismir21-dataset\train\audios\AS_comp117_t.wav,UNEXPECTED_SAMPLE_RATE,15.5469375,16000,1,CONVERT/RESAMPLE,"SR is 16000, expected 44100"
Tabla,KB_21.wav,Tabla\4way-tabla-ismir21-dataset\train\audios\KB_21.wav,UNEXPECTED_SAMPLE_RATE,20.167875,16000,1,CONVERT/RESAMPLE,"SR is 16000, expected 44100"
Tabla,T7_Fur_01.wav,Tabla\4way-tabla-ismir21-dataset\train\audios\T7_Fur_01.wav,UNEXPECTED_SAMPLE_RATE,9.749625,16000,1,CONVERT/RESAMPLE,"SR is 16000, expected 44100"
Tabla,SK_teentaal_vilambit.wav,Tabla\4way-tabla-ismir21-dataset\train\audios\SK_teentaal_vilambit.wav,UNEXPECTED_SAMPLE_RATE,34.5555,16000,1,CONVERT/RESAMPLE,"SR is 16000, expected 44100"
Tabla,PP_comp83_t.wav,Tabla\4way-tabla-ismir21-dataset\train\audios\PP_comp83_t.wav,UNEXPECTED_SAMPLE_RATE,16.2186875,16000,1,CONVERT/RESAMPLE,"SR is 16000, expected 44100"
Tabla,RMA_29.wav,Tabla\4way-tabla-ismir21-dataset\train\audios\RMA_29.wav,UNEXPECTED_SAMPLE_RATE,18.5114375,16000,1,CONVERT/RESAMPLE,"SR is 16000, expected 44100"
Tabla,T7_Ben_tukuda_04.wav,Tabla\4way-tabla-ismir21-dataset\train\audios\T7_Ben_tukuda_04.wav,UNEXPECTED_SAMPLE_RATE,8.89975,16000,1,CONVERT/RESAMPLE,"SR is 16000, expected 44100"
Tabla,T5_Dli_04.wav,Tabla\4way-tabla-ismir21-dataset\train\audios\T5_Dli_04.wav,UNEXPECTED_SAMPLE_RATE,5.5266875,16000,1,CONVERT/RESAMPLE,"SR is 16000, expected 44100"
Tabla,SK_comp_4.wav,Tabla\4way-tabla-ismir21-dataset\train\audios\SK_comp_4.wav,UNEXPECTED_SAMPLE_RATE,12.16975,16000,1,CONVERT/RESAMPLE,"SR is 16000, expected 44100"
Tabla,PP_comp12_t.wav,Tabla\4way-tabla-ismir21-dataset\train\audios\PP_comp12_t.wav,UNEXPECTED_SAMPLE_RATE,18.8420625,16000,1,CONVERT/RESAMPLE,"SR is 16000, expected 44100"
Tabla,KB_13.onsets,Tabla\4way-tabla-ismir21-dataset\train\onsets\rb\KB_13.onsets,NON_AUDIO_OR_UNSUPPORTED,,,,REVIEW,Extension .onsets is not a standard audio format
Tabla,T7_Ben_tukuda_03.onsets,Tabla\4way-tabla-ismir21-dataset\train\onsets\rb\T7_Ben_tukuda_03.onsets,NON_AUDIO_OR_UNSUPPORTED,,,,REVIEW,Extension .onsets is not a standard audio format
Tabla,T4_Luc_06.onsets,Tabla\4way-tabla-ismir21-dataset\train\onsets\rb\T4_Luc_06.onsets,NON_AUDIO_OR_UNSUPPORTED,,,,REVIEW,Extension .onsets is not a standard audio format
Tabla,RMA_1.onsets,Tabla\4way-tabla-ismir21-dataset\train\onsets\rb\RMA_1.onsets,NON_AUDIO_OR_UNSUPPORTED,,,,REVIEW,Extension .onsets is not a standard audio format
Tabla,T7_Tukuda_02.onsets,Tabla\4way-tabla-ismir21-dataset\train\onsets\rb\T7_Tukuda_02.onsets,NON_AUDIO_OR_UNSUPPORTED,,,,REVIEW,Extension .onsets is not a standard audio format
Tabla,T4_02.onsets,Tabla\4way-tabla-ismir21-dataset\train\onsets\rb\T4_02.onsets,NON_AUDIO_OR_UNSUPPORTED,,,,REVIEW,Extension .onsets is not a standard audio format
Tabla,T7_Jap_Tukuda_02.onsets,Tabla\4way-tabla-ismir21-dataset\train\onsets\rb\T7_Jap_Tukuda_02.onsets,NON_AUDIO_OR_UNSUPPORTED,,,,REVIEW,Extension .onsets is not a standard audio format
Tabla,RMA_6.onsets,Tabla\4way-tabla-ismir21-dataset\train\onsets\rb\RMA_6.onsets,NON_AUDIO_OR_UNSUPPORTED,,,,REVIEW,Extension .onsets is not a standard audio format
Tabla,PP_comp4_t.onsets,Tabla\4way-tabla-ismir21-dataset\train\onsets\rb\PP_comp4_t.onsets,NON_AUDIO_OR_UNSUPPORTED,,,,REVIEW,Extension .onsets is not a standard audio format
Tabla,KB_3.onsets,Tabla\4way-tabla-ismir21-dataset\train\onsets\rb\KB_3.onsets,NON_AUDIO_OR_UNSUPPORTED,,,,REVIEW,Extension .onsets is not a standard audio format
Tabla,T4_Gat_02.onsets,Tabla\4way-tabla-ismir21-dataset\train\onsets\rb\T4_Gat_02.onsets,NON_AUDIO_OR_UNSUPPORTED,,,,REVIEW,Extension .onsets is not a standard audio format
Tabla,T7_Luc_jap_01.onsets,Tabla\4way-tabla-ismir21-dataset\train\onsets\rb\T7_Luc_jap_01.onsets,NON_AUDIO_OR_UNSUPPORTED,,,,REVIEW,Extension .onsets is not a standard audio format
Tabla,T4_Tukuda_Japh_03.onsets,Tabla\4way-tabla-ismir21-dataset\train\onsets\rb\T4_Tukuda_Japh_03.onsets,NON_AUDIO_OR_UNSUPPORTED,,,,REVIEW,Extension .onsets is not a standard audio format
Tabla,KB_25.onsets,Tabla\4way-tabla-ismir21-dataset\train\onsets\rb\KB_25.onsets,NON_AUDIO_OR_UNSUPPORTED,,,,REVIEW,Extension .onsets is not a standard audio format
Tabla,AS_comp102_t.onsets,Tabla\4way-tabla-ismir21-dataset\train\onsets\rb\AS_comp102_t.onsets,NON_AUDIO_OR_UNSUPPORTED,,,,REVIEW,Extension .onsets is not a standard audio format
Tabla,T4_Tukuda_Japh_04.onsets,Tabla\4way-tabla-ismir21-dataset\train\onsets\rb\T4_Tukuda_Japh_04.onsets,NON_AUDIO_OR_UNSUPPORTED,,,,REVIEW,Extension .onsets is not a standard audio format
Tabla,RMA_17.onsets,Tabla\4way-tabla-ismir21-dataset\train\onsets\rb\RMA_17.onsets,NON_AUDIO_OR_UNSUPPORTED,,,,REVIEW,Extension .onsets is not a standard audio format
Tabla,T4_Tukuda_Japh_05.onsets,Tabla\4way-tabla-ismir21-dataset\train\onsets\rb\T4_Tukuda_Japh_05.onsets,NON_AUDIO_OR_UNSUPPORTED,,,,REVIEW,Extension .onsets is not a standard audio format
Tabla,T7_TAA5_01.onsets,Tabla\4way-tabla-ismir21-dataset\train\onsets\rb\T7_TAA5_01.onsets,NON_AUDIO_OR_UNSUPPORTED,,,,REVIEW,Extension .onsets is not a standard audio format
Tabla,RMA_24.onsets,Tabla\4way-tabla-ismir21-dataset\train\onsets\rb\RMA_24.onsets,NON_AUDIO_OR_UNSUPPORTED,,,,REVIEW,Extension .onsets is not a standard audio format
Tabla,KB_15.onsets,Tabla\4way-tabla-ismir21-dataset\train\onsets\rb\KB_15.onsets,NON_AUDIO_OR_UNSUPPORTED,,,,REVIEW,Extension .onsets is not a standard audio format
Tabla,SM_kayda_2.onsets,Tabla\4way-tabla-ismir21-dataset\train\onsets\rb\SM_kayda_2.onsets,NON_AUDIO_OR_UNSUPPORTED,,,,REVIEW,Extension .onsets is not a standard audio format
Tabla,AS_comp104_t.onsets,Tabla\4way-tabla-ismir21-dataset\train\onsets\rb\AS_comp104_t.onsets,NON_AUDIO_OR_UNSUPPORTED,,,,REVIEW,Extension .onsets is not a standard audio format
Tabla,SM_kayda_1.onsets,Tabla\4way-tabla-ismir21-dataset\train\onsets\rb\SM_kayda_1.onsets,NON_AUDIO_OR_UNSUPPORTED,,,,REVIEW,Extension .onsets is not a standard audio format
Tabla,SK_jhoomra.onsets,Tabla\4way-tabla-ismir21-dataset\train\onsets\rb\SK_jhoomra.onsets,NON_AUDIO_OR_UNSUPPORTED,,,,REVIEW,Extension .onsets is not a standard audio format
Tabla,AHK_solo-tintal-1.onsets,Tabla\4way-tabla-ismir21-dataset\train\onsets\rb\AHK_solo-tintal-1.onsets,NON_AUDIO_OR_UNSUPPORTED,,,,REVIEW,Extension .onsets is not a standard audio format
Tabla,KB_21.onsets,Tabla\4way-tabla-ismir21-dataset\train\onsets\rb\KB_21.onsets,NON_AUDIO_OR_UNSUPPORTED,,,,REVIEW,Extension .onsets is not a standard audio format
Tabla,AHK_solo-tintal-7.onsets,Tabla\4way-tabla-ismir21-dataset\train\onsets\rb\AHK_solo-tintal-7.onsets,NON_AUDIO_OR_UNSUPPORTED,,,,REVIEW,Extension .onsets is not a standard audio format
Tabla,RMA_13.onsets,Tabla\4way-tabla-ismir21-dataset\train\onsets\rb\RMA_13.onsets,NON_AUDIO_OR_UNSUPPORTED,,,,REVIEW,Extension .onsets is not a standard audio format
Tabla,RMA_16.onsets,Tabla\4way-tabla-ismir21-dataset\train\onsets\rb\RMA_16.onsets,NON_AUDIO_OR_UNSUPPORTED,,,,REVIEW,Extension .onsets is not a standard audio format
Tabla,RMA_25.onsets,Tabla\4way-tabla-ismir21-dataset\train\onsets\rb\RMA_25.onsets,NON_AUDIO_OR_UNSUPPORTED,,,,REVIEW,Extension .onsets is not a standard audio format
Tabla,AS_comp114_t.onsets,Tabla\4way-tabla-ismir21-dataset\train\onsets\rb\AS_comp114_t.onsets,NON_AUDIO_OR_UNSUPPORTED,,,,REVIEW,Extension .onsets is not a standard audio format
Tabla,AS_comp111_t.onsets,Tabla\4way-tabla-ismir21-dataset\train\onsets\rb\AS_comp111_t.onsets,NON_AUDIO_OR_UNSUPPORTED,,,,REVIEW,Extension .onsets is not a standard audio format
Tabla,T4_Tukuda_Japh_01.onsets,Tabla\4way-tabla-ismir21-dataset\train\onsets\rb\T4_Tukuda_Japh_01.onsets,NON_AUDIO_OR_UNSUPPORTED,,,,REVIEW,Extension .onsets is not a standard audio format
Tabla,T4_Tukuda_02.onsets,Tabla\4way-tabla-ismir21-dataset\train\onsets\rb\T4_Tukuda_02.onsets,NON_AUDIO_OR_UNSUPPORTED,,,,REVIEW,Extension .onsets is not a standard audio format
Tabla,KB_12.onsets,Tabla\4way-tabla-ismir21-dataset\train\onsets\rb\KB_12.onsets,NON_AUDIO_OR_UNSUPPORTED,,,,REVIEW,Extension .onsets is not a standard audio format
Tabla,SK_comp_7.onsets,Tabla\4way-tabla-ismir21-dataset\train\onsets\rb\SK_comp_7.onsets,NON_AUDIO_OR_UNSUPPORTED,,,,REVIEW,Extension .onsets is not a standard audio format
Tabla,T4_Gat_05.onsets,Tabla\4way-tabla-ismir21-dataset\train\onsets\rb\T4_Gat_05.onsets,NON_AUDIO_OR_UNSUPPORTED,,,,REVIEW,Extension .onsets is not a standard audio format
Tabla,RMA_4.onsets,Tabla\4way-tabla-ismir21-dataset\train\onsets\rb\RMA_4.onsets,NON_AUDIO_OR_UNSUPPORTED,,,,REVIEW,Extension .onsets is not a standard audio format
Tabla,SK_comp_6.onsets,Tabla\4way-tabla-ismir21-dataset\train\onsets\rb\SK_comp_6.onsets,NON_AUDIO_OR_UNSUPPORTED,,,,REVIEW,Extension .onsets is not a standard audio format
Tabla,SK_ektaal_drut.onsets,Tabla\4way-tabla-ismir21-dataset\train\onsets\rb\SK_ektaal_drut.onsets,NON_AUDIO_OR_UNSUPPORTED,,,,REVIEW,Extension .onsets is not a standard audio format
Tabla,T5_Luc_04.onsets,Tabla\4way-tabla-ismir21-dataset\train\onsets\rb\T5_Luc_04.onsets,NON_AUDIO_OR_UNSUPPORTED,,,,REVIEW,Extension .onsets is not a standard audio format
Tabla,T5_Dli_03.onsets,Tabla\4way-tabla-ismir21-dataset\train\onsets\rb\T5_Dli_03.onsets,NON_AUDIO_OR_UNSUPPORTED,,,,REVIEW,Extension .onsets is not a standard audio format
Tabla,T4_Ben_03.onsets,Tabla\4way-tabla-ismir21-dataset\train\onsets\rb\T4_Ben_03.onsets,NON_AUDIO_OR_UNSUPPORTED,,,,REVIEW,Extension .onsets is not a standard audio format
Tabla,RMA_26.onsets,Tabla\4way-tabla-ismir21-dataset\train\onsets\rb\RMA_26.onsets,NON_AUDIO_OR_UNSUPPORTED,,,,REVIEW,Extension .onsets is not a standard audio format
Tabla,KB_11.onsets,Tabla\4way-tabla-ismir21-dataset\train\onsets\rb\KB_11.onsets,NON_AUDIO_OR_UNSUPPORTED,,,,REVIEW,Extension .onsets is not a standard audio format
Tabla,PP_comp81_t.onsets,Tabla\4way-tabla-ismir21-dataset\train\onsets\rb\PP_comp81_t.onsets,NON_AUDIO_OR_UNSUPPORTED,,,,REVIEW,Extension .onsets is not a standard audio format
Tabla,SK_kaida_1.onsets,Tabla\4way-tabla-ismir21-dataset\train\onsets\rb\SK_kaida_1.onsets,NON_AUDIO_OR_UNSUPPORTED,,,,REVIEW,Extension .onsets is not a standard audio format
Tabla,T7_Jap_Tukuda_05.onsets,Tabla\4way-tabla-ismir21-dataset\train\onsets\rb\T7_Jap_Tukuda_05.onsets,NON_AUDIO_OR_UNSUPPORTED,,,,REVIEW,Extension .onsets is not a standard audio format
Tabla,T4_Tukuda_Ben_04.onsets,Tabla\4way-tabla-ismir21-dataset\train\onsets\rb\T4_Tukuda_Ben_04.onsets,NON_AUDIO_OR_UNSUPPORTED,,,,REVIEW,Extension .onsets is not a standard audio format
Tabla,PP_comp11_t.onsets,Tabla\4way-tabla-ismir21-dataset\train\onsets\rb\PP_comp11_t.onsets,NON_AUDIO_OR_UNSUPPORTED,,,,REVIEW,Extension .onsets is not a standard audio format
Tabla,T4_Gat_pra_02.onsets,Tabla\4way-tabla-ismir21-dataset\train\onsets\rb\T4_Gat_pra_02.onsets,NON_AUDIO_OR_UNSUPPORTED,,,,REVIEW,Extension .onsets is not a standard audio format
Tabla,T7_Gat_tukuda_01.onsets,Tabla\4way-tabla-ismir21-dataset\train\onsets\rb\T7_Gat_tukuda_01.onsets,NON_AUDIO_OR_UNSUPPORTED,,,,REVIEW,Extension .onsets is not a standard audio format
Tabla,SK_comp_1.onsets,Tabla\4way-tabla-ismir21-dataset\train\onsets\rb\SK_comp_1.onsets,NON_AUDIO_OR_UNSUPPORTED,,,,REVIEW,Extension .onsets is not a standard audio format
Tabla,SM_chakradhar.onsets,Tabla\4way-tabla-ismir21-dataset\train\onsets\rb\SM_chakradhar.onsets,NON_AUDIO_OR_UNSUPPORTED,,,,REVIEW,Extension .onsets is not a standard audio format
Tabla,T4_Pur_05.onsets,Tabla\4way-tabla-ismir21-dataset\train\onsets\rb\T4_Pur_05.onsets,NON_AUDIO_OR_UNSUPPORTED,,,,REVIEW,Extension .onsets is not a standard audio format
Tabla,T7_Ben_tukuda_02.onsets,Tabla\4way-tabla-ismir21-dataset\train\onsets\rb\T7_Ben_tukuda_02.onsets,NON_AUDIO_OR_UNSUPPORTED,,,,REVIEW,Extension .onsets is not a standard audio format
Tabla,AS_comp110_t.onsets,Tabla\4way-tabla-ismir21-dataset\train\onsets\rb\AS_comp110_t.onsets,NON_AUDIO_OR_UNSUPPORTED,,,,REVIEW,Extension .onsets is not a standard audio format
Tabla,AS_comp117_t.onsets,Tabla\4way-tabla-ismir21-dataset\train\onsets\rb\AS_comp117_t.onsets,NON_AUDIO_OR_UNSUPPORTED,,,,REVIEW,Extension .onsets is not a standard audio format
Tabla,AS_comp106_t.onsets,Tabla\4way-tabla-ismir21-dataset\train\onsets\rb\AS_comp106_t.onsets,NON_AUDIO_OR_UNSUPPORTED,,,,REVIEW,Extension .onsets is not a standard audio format
Tabla,T5_Gat_03.onsets,Tabla\4way-tabla-ismir21-dataset\train\onsets\rb\T5_Gat_03.onsets,NON_AUDIO_OR_UNSUPPORTED,,,,REVIEW,Extension .onsets is not a standard audio format
Tabla,T5_Dli_04.onsets,Tabla\4way-tabla-ismir21-dataset\train\onsets\rb\T5_Dli_04.onsets,NON_AUDIO_OR_UNSUPPORTED,,,,REVIEW,Extension .onsets is not a standard audio format
Tabla,T4_Luc_01.onsets,Tabla\4way-tabla-ismir21-dataset\train\onsets\rb\T4_Luc_01.onsets,NON_AUDIO_OR_UNSUPPORTED,,,,REVIEW,Extension .onsets is not a standard audio format
Tabla,RMA_30.onsets,Tabla\4way-tabla-ismir21-dataset\train\onsets\rb\RMA_30.onsets,NON_AUDIO_OR_UNSUPPORTED,,,,REVIEW,Extension .onsets is not a standard audio format
Tabla,KB_7.onsets,Tabla\4way-tabla-ismir21-dataset\train\onsets\rb\KB_7.onsets,NON_AUDIO_OR_UNSUPPORTED,,,,REVIEW,Extension .onsets is not a standard audio format
Tabla,T5_Dli_02.onsets,Tabla\4way-tabla-ismir21-dataset\train\onsets\rb\T5_Dli_02.onsets,NON_AUDIO_OR_UNSUPPORTED,,,,REVIEW,Extension .onsets is not a standard audio format
Tabla,PP_comp17_t.onsets,Tabla\4way-tabla-ismir21-dataset\train\onsets\rb\PP_comp17_t.onsets,NON_AUDIO_OR_UNSUPPORTED,,,,REVIEW,Extension .onsets is not a standard audio format
Tabla,AS_comp116_t.onsets,Tabla\4way-tabla-ismir21-dataset\train\onsets\rb\AS_comp116_t.onsets,NON_AUDIO_OR_UNSUPPORTED,,,,REVIEW,Extension .onsets is not a standard audio format
Tabla,T7_Fur_01.onsets,Tabla\4way-tabla-ismir21-dataset\train\onsets\rb\T7_Fur_01.onsets,NON_AUDIO_OR_UNSUPPORTED,,,,REVIEW,Extension .onsets is not a standard audio format
Tabla,T4_Gat_04.onsets,Tabla\4way-tabla-ismir21-dataset\train\onsets\rb\T4_Gat_04.onsets,NON_AUDIO_OR_UNSUPPORTED,,,,REVIEW,Extension .onsets is not a standard audio format
Tabla,PP_comp12_t.onsets,Tabla\4way-tabla-ismir21-dataset\train\onsets\rb\PP_comp12_t.onsets,NON_AUDIO_OR_UNSUPPORTED,,,,REVIEW,Extension .onsets is not a standard audio format
Tabla,RMA_18.onsets,Tabla\4way-tabla-ismir21-dataset\train\onsets\rb\RMA_18.onsets,NON_AUDIO_OR_UNSUPPORTED,,,,REVIEW,Extension .onsets is not a standard audio format
Tabla,T7_TAA1_01.onsets,Tabla\4way-tabla-ismir21-dataset\train\onsets\rb\T7_TAA1_01.onsets,NON_AUDIO_OR_UNSUPPORTED,,,,REVIEW,Extension .onsets is not a standard audio format
Tabla,RMA_21.onsets,Tabla\4way-tabla-ismir21-dataset\train\onsets\rb\RMA_21.onsets,NON_AUDIO_OR_UNSUPPORTED,,,,REVIEW,Extension .onsets is not a standard audio format
Tabla,SK_teentaal_vilambit.onsets,Tabla\4way-tabla-ismir21-dataset\train\onsets\rb\SK_teentaal_vilambit.onsets,NON_AUDIO_OR_UNSUPPORTED,,,,REVIEW,Extension .onsets is not a standard audio format
Tabla,T7_GAT_01.onsets,Tabla\4way-tabla-ismir21-dataset\train\onsets\rb\T7_GAT_01.onsets,NON_AUDIO_OR_UNSUPPORTED,,,,REVIEW,Extension .onsets is not a standard audio format
Tabla,T4_Luc_05.onsets,Tabla\4way-tabla-ismir21-dataset\train\onsets\rb\T4_Luc_05.onsets,NON_AUDIO_OR_UNSUPPORTED,,,,REVIEW,Extension .onsets is not a standard audio format
Tabla,SK_teentaal_mahadrut.onsets,Tabla\4way-tabla-ismir21-dataset\train\onsets\rb\SK_teentaal_mahadrut.onsets,NON_AUDIO_OR_UNSUPPORTED,,,,REVIEW,Extension .onsets is not a standard audio format
Tabla,T7_Fur_02.onsets,Tabla\4way-tabla-ismir21-dataset\train\onsets\rb\T7_Fur_02.onsets,NON_AUDIO_OR_UNSUPPORTED,,,,REVIEW,Extension .onsets is not a standard audio format
Tabla,T4_Dli_05.onsets,Tabla\4way-tabla-ismir21-dataset\train\onsets\rb\T4_Dli_05.onsets,NON_AUDIO_OR_UNSUPPORTED,,,,REVIEW,Extension .onsets is not a standard audio format
Tabla,KB_6.onsets,Tabla\4way-tabla-ismir21-dataset\train\onsets\rb\KB_6.onsets,NON_AUDIO_OR_UNSUPPORTED,,,,REVIEW,Extension .onsets is not a standard audio format
Tabla,T7_Rela_01.onsets,Tabla\4way-tabla-ismir21-dataset\train\onsets\rb\T7_Rela_01.onsets,NON_AUDIO_OR_UNSUPPORTED,,,,REVIEW,Extension .onsets is not a standard audio format
Tabla,SK_ektaal.onsets,Tabla\4way-tabla-ismir21-dataset\train\onsets\rb\SK_ektaal.onsets,NON_AUDIO_OR_UNSUPPORTED,,,,REVIEW,Extension .onsets is not a standard audio format
Tabla,SK_rela_1.onsets,Tabla\4way-tabla-ismir21-dataset\train\onsets\rb\SK_rela_1.onsets,NON_AUDIO_OR_UNSUPPORTED,,,,REVIEW,Extension .onsets is not a standard audio format
Tabla,RMA_19.onsets,Tabla\4way-tabla-ismir21-dataset\train\onsets\rb\RMA_19.onsets,NON_AUDIO_OR_UNSUPPORTED,,,,REVIEW,Extension .onsets is not a standard audio format
Tabla,RMA_27.onsets,Tabla\4way-tabla-ismir21-dataset\train\onsets\rb\RMA_27.onsets,NON_AUDIO_OR_UNSUPPORTED,,,,REVIEW,Extension .onsets is not a standard audio format
Tabla,KB_10.onsets,Tabla\4way-tabla-ismir21-dataset\train\onsets\rb\KB_10.onsets,NON_AUDIO_OR_UNSUPPORTED,,,,REVIEW,Extension .onsets is not a standard audio format
Tabla,T7_Jap_Tukuda_01.onsets,Tabla\4way-tabla-ismir21-dataset\train\onsets\rb\T7_Jap_Tukuda_01.onsets,NON_AUDIO_OR_UNSUPPORTED,,,,REVIEW,Extension .onsets is not a standard audio format
Tabla,RMA_0.onsets,Tabla\4way-tabla-ismir21-dataset\train\onsets\rb\RMA_0.onsets,NON_AUDIO_OR_UNSUPPORTED,,,,REVIEW,Extension .onsets is not a standard audio format
Tabla,KB_9.onsets,Tabla\4way-tabla-ismir21-dataset\train\onsets\rb\KB_9.onsets,NON_AUDIO_OR_UNSUPPORTED,,,,REVIEW,Extension .onsets is not a standard audio format
Tabla,T7_Pur_01.onsets,Tabla\4way-tabla-ismir21-dataset\train\onsets\rb\T7_Pur_01.onsets,NON_AUDIO_OR_UNSUPPORTED,,,,REVIEW,Extension .onsets is not a standard audio format
Tabla,T4_Gat_03.onsets,Tabla\4way-tabla-ismir21-dataset\train\onsets\rb\T4_Gat_03.onsets,NON_AUDIO_OR_UNSUPPORTED,,,,REVIEW,Extension .onsets is not a standard audio format
Tabla,T7_TAA5_02.onsets,Tabla\4way-tabla-ismir21-dataset\train\onsets\rb\T7_TAA5_02.onsets,NON_AUDIO_OR_UNSUPPORTED,,,,REVIEW,Extension .onsets is not a standard audio format
Tabla,RMA_7.onsets,Tabla\4way-tabla-ismir21-dataset\train\onsets\rb\RMA_7.onsets,NON_AUDIO_OR_UNSUPPORTED,,,,REVIEW,Extension .onsets is not a standard audio format
Tabla,T4_Tukuda_03.onsets,Tabla\4way-tabla-ismir21-dataset\train\onsets\rb\T4_Tukuda_03.onsets,NON_AUDIO_OR_UNSUPPORTED,,,,REVIEW,Extension .onsets is not a standard audio format
Tabla,T4_Drut_01.onsets,Tabla\4way-tabla-ismir21-dataset\train\onsets\rb\T4_Drut_01.onsets,NON_AUDIO_OR_UNSUPPORTED,,,,REVIEW,Extension .onsets is not a standard audio format
Tabla,PP_comp31_t.onsets,Tabla\4way-tabla-ismir21-dataset\train\onsets\rb\PP_comp31_t.onsets,NON_AUDIO_OR_UNSUPPORTED,,,,REVIEW,Extension .onsets is not a standard audio format
Tabla,T7_Pur_05.onsets,Tabla\4way-tabla-ismir21-dataset\train\onsets\rb\T7_Pur_05.onsets,NON_AUDIO_OR_UNSUPPORTED,,,,REVIEW,Extension .onsets is not a standard audio format
Tabla,SK_comp_3.onsets,Tabla\4way-tabla-ismir21-dataset\train\onsets\rb\SK_comp_3.onsets,NON_AUDIO_OR_UNSUPPORTED,,,,REVIEW,Extension .onsets is not a standard audio format
Tabla,T5_Gat_02.onsets,Tabla\4way-tabla-ismir21-dataset\train\onsets\rb\T5_Gat_02.onsets,NON_AUDIO_OR_UNSUPPORTED,,,,REVIEW,Extension .onsets is not a standard audio format
Tabla,PP_comp80_t.onsets,Tabla\4way-tabla-ismir21-dataset\train\onsets\rb\PP_comp80_t.onsets,NON_AUDIO_OR_UNSUPPORTED,,,,REVIEW,Extension .onsets is not a standard audio format
Tabla,KB_18.onsets,Tabla\4way-tabla-ismir21-dataset\train\onsets\rb\KB_18.onsets,NON_AUDIO_OR_UNSUPPORTED,,,,REVIEW,Extension .onsets is not a standard audio format
Tabla,T5_Gat_05.onsets,Tabla\4way-tabla-ismir21-dataset\train\onsets\rb\T5_Gat_05.onsets,NON_AUDIO_OR_UNSUPPORTED,,,,REVIEW,Extension .onsets is not a standard audio format
Tabla,AHK_solo-tintal-3.onsets,Tabla\4way-tabla-ismir21-dataset\train\onsets\rb\AHK_solo-tintal-3.onsets,NON_AUDIO_OR_UNSUPPORTED,,,,REVIEW,Extension .onsets is not a standard audio format
Tabla,PP_comp25_t.onsets,Tabla\4way-tabla-ismir21-dataset\train\onsets\rb\PP_comp25_t.onsets,NON_AUDIO_OR_UNSUPPORTED,,,,REVIEW,Extension .onsets is not a standard audio format
Tabla,T4_Mukuda_01.onsets,Tabla\4way-tabla-ismir21-dataset\train\onsets\rb\T4_Mukuda_01.onsets,NON_AUDIO_OR_UNSUPPORTED,,,,REVIEW,Extension .onsets is not a standard audio format
Tabla,T4_Dli_02.onsets,Tabla\4way-tabla-ismir21-dataset\train\onsets\rb\T4_Dli_02.onsets,NON_AUDIO_OR_UNSUPPORTED,,,,REVIEW,Extension .onsets is not a standard audio format
Tabla,RMA_20.onsets,Tabla\4way-tabla-ismir21-dataset\train\onsets\rb\RMA_20.onsets,NON_AUDIO_OR_UNSUPPORTED,,,,REVIEW,Extension .onsets is not a standard audio format
Tabla,T7_Jap_Tukuda_04.onsets,Tabla\4way-tabla-ismir21-dataset\train\onsets\rb\T7_Jap_Tukuda_04.onsets,NON_AUDIO_OR_UNSUPPORTED,,,,REVIEW,Extension .onsets is not a standard audio format
Tabla,AS_comp107_t.onsets,Tabla\4way-tabla-ismir21-dataset\train\onsets\rb\AS_comp107_t.onsets,NON_AUDIO_OR_UNSUPPORTED,,,,REVIEW,Extension .onsets is not a standard audio format
Tabla,T4_Gat_01.onsets,Tabla\4way-tabla-ismir21-dataset\train\onsets\rb\T4_Gat_01.onsets,NON_AUDIO_OR_UNSUPPORTED,,,,REVIEW,Extension .onsets is not a standard audio format
Tabla,T7_Tukuda_04.onsets,Tabla\4way-tabla-ismir21-dataset\train\onsets\rb\T7_Tukuda_04.onsets,NON_AUDIO_OR_UNSUPPORTED,,,,REVIEW,Extension .onsets is not a standard audio format
Tabla,SK_comp_2.onsets,Tabla\4way-tabla-ismir21-dataset\train\onsets\rb\SK_comp_2.onsets,NON_AUDIO_OR_UNSUPPORTED,,,,REVIEW,Extension .onsets is not a standard audio format
Tabla,PP_comp26_t.onsets,Tabla\4way-tabla-ismir21-dataset\train\onsets\rb\PP_comp26_t.onsets,NON_AUDIO_OR_UNSUPPORTED,,,,REVIEW,Extension .onsets is not a standard audio format
Tabla,PP_comp27_t.onsets,Tabla\4way-tabla-ismir21-dataset\train\onsets\rb\PP_comp27_t.onsets,NON_AUDIO_OR_UNSUPPORTED,,,,REVIEW,Extension .onsets is not a standard audio format
Tabla,RMA_5.onsets,Tabla\4way-tabla-ismir21-dataset\train\onsets\rb\RMA_5.onsets,NON_AUDIO_OR_UNSUPPORTED,,,,REVIEW,Extension .onsets is not a standard audio format
Tabla,T7_Ben_tukuda_04.onsets,Tabla\4way-tabla-ismir21-dataset\train\onsets\rb\T7_Ben_tukuda_04.onsets,NON_AUDIO_OR_UNSUPPORTED,,,,REVIEW,Extension .onsets is not a standard audio format
Tabla,T4_Vilambit_01.onsets,Tabla\4way-tabla-ismir21-dataset\train\onsets\rb\T4_Vilambit_01.onsets,NON_AUDIO_OR_UNSUPPORTED,,,,REVIEW,Extension .onsets is not a standard audio format
Tabla,T7_Jap_Tukuda_03.onsets,Tabla\4way-tabla-ismir21-dataset\train\onsets\rb\T7_Jap_Tukuda_03.onsets,NON_AUDIO_OR_UNSUPPORTED,,,,REVIEW,Extension .onsets is not a standard audio format
Tabla,T7_Fur_04.onsets,Tabla\4way-tabla-ismir21-dataset\train\onsets\rb\T7_Fur_04.onsets,NON_AUDIO_OR_UNSUPPORTED,,,,REVIEW,Extension .onsets is not a standard audio format
Tabla,T5_Gat_03_1.onsets,Tabla\4way-tabla-ismir21-dataset\train\onsets\rb\T5_Gat_03_1.onsets,NON_AUDIO_OR_UNSUPPORTED,,,,REVIEW,Extension .onsets is not a standard audio format
Tabla,SK_teentaal_punjabi.onsets,Tabla\4way-tabla-ismir21-dataset\train\onsets\rb\SK_teentaal_punjabi.onsets,NON_AUDIO_OR_UNSUPPORTED,,,,REVIEW,Extension .onsets is not a standard audio format
Tabla,PP_comp3_t.onsets,Tabla\4way-tabla-ismir21-dataset\train\onsets\rb\PP_comp3_t.onsets,NON_AUDIO_OR_UNSUPPORTED,,,,REVIEW,Extension .onsets is not a standard audio format
Tabla,AHK_solo-tintal-4.onsets,Tabla\4way-tabla-ismir21-dataset\train\onsets\rb\AHK_solo-tintal-4.onsets,NON_AUDIO_OR_UNSUPPORTED,,,,REVIEW,Extension .onsets is not a standard audio format
Tabla,PP_comp84_t.onsets,Tabla\4way-tabla-ismir21-dataset\train\onsets\rb\PP_comp84_t.onsets,NON_AUDIO_OR_UNSUPPORTED,,,,REVIEW,Extension .onsets is not a standard audio format
Tabla,RMA_22.onsets,Tabla\4way-tabla-ismir21-dataset\train\onsets\rb\RMA_22.onsets,NON_AUDIO_OR_UNSUPPORTED,,,,REVIEW,Extension .onsets is not a standard audio format
Tabla,T7_Ben_tukuda_01.onsets,Tabla\4way-tabla-ismir21-dataset\train\onsets\rb\T7_Ben_tukuda_01.onsets,NON_AUDIO_OR_UNSUPPORTED,,,,REVIEW,Extension .onsets is not a standard audio format
Tabla,AS_comp112_t.onsets,Tabla\4way-tabla-ismir21-dataset\train\onsets\rb\AS_comp112_t.onsets,NON_AUDIO_OR_UNSUPPORTED,,,,REVIEW,Extension .onsets is not a standard audio format
Tabla,RMA_2.onsets,Tabla\4way-tabla-ismir21-dataset\train\onsets\rb\RMA_2.onsets,NON_AUDIO_OR_UNSUPPORTED,,,,REVIEW,Extension .onsets is not a standard audio format
Tabla,T4_Tukuda_Ben_03.onsets,Tabla\4way-tabla-ismir21-dataset\train\onsets\rb\T4_Tukuda_Ben_03.onsets,NON_AUDIO_OR_UNSUPPORTED,,,,REVIEW,Extension .onsets is not a standard audio format
Tabla,T7_DLI_01.onsets,Tabla\4way-tabla-ismir21-dataset\train\onsets\rb\T7_DLI_01.onsets,NON_AUDIO_OR_UNSUPPORTED,,,,REVIEW,Extension .onsets is not a standard audio format
Tabla,PP_comp83_t.onsets,Tabla\4way-tabla-ismir21-dataset\train\onsets\rb\PP_comp83_t.onsets,NON_AUDIO_OR_UNSUPPORTED,,,,REVIEW,Extension .onsets is not a standard audio format
Tabla,T4_Dli_03.onsets,Tabla\4way-tabla-ismir21-dataset\train\onsets\rb\T4_Dli_03.onsets,NON_AUDIO_OR_UNSUPPORTED,,,,REVIEW,Extension .onsets is not a standard audio format
Tabla,T7_Ben_tukuda_05.onsets,Tabla\4way-tabla-ismir21-dataset\train\onsets\rb\T7_Ben_tukuda_05.onsets,NON_AUDIO_OR_UNSUPPORTED,,,,REVIEW,Extension .onsets is not a standard audio format
Tabla,SK_uthan_1.onsets,Tabla\4way-tabla-ismir21-dataset\train\onsets\rb\SK_uthan_1.onsets,NON_AUDIO_OR_UNSUPPORTED,,,,REVIEW,Extension .onsets is not a standard audio format
Tabla,SK_teentaal_drut.onsets,Tabla\4way-tabla-ismir21-dataset\train\onsets\rb\SK_teentaal_drut.onsets,NON_AUDIO_OR_UNSUPPORTED,,,,REVIEW,Extension .onsets is not a standard audio format
Tabla,KB_2.onsets,Tabla\4way-tabla-ismir21-dataset\train\onsets\rb\KB_2.onsets,NON_AUDIO_OR_UNSUPPORTED,,,,REVIEW,Extension .onsets is not a standard audio format
Tabla,AS_comp105_t.onsets,Tabla\4way-tabla-ismir21-dataset\train\onsets\rb\AS_comp105_t.onsets,NON_AUDIO_OR_UNSUPPORTED,,,,REVIEW,Extension .onsets is not a standard audio format
Tabla,PP_comp28_t.onsets,Tabla\4way-tabla-ismir21-dataset\train\onsets\rb\PP_comp28_t.onsets,NON_AUDIO_OR_UNSUPPORTED,,,,REVIEW,Extension .onsets is not a standard audio format
Tabla,SK_comp_4.onsets,Tabla\4way-tabla-ismir21-dataset\train\onsets\rb\SK_comp_4.onsets,NON_AUDIO_OR_UNSUPPORTED,,,,REVIEW,Extension .onsets is not a standard audio format
Tabla,AHK_solo-tintal-5.onsets,Tabla\4way-tabla-ismir21-dataset\train\onsets\rb\AHK_solo-tintal-5.onsets,NON_AUDIO_OR_UNSUPPORTED,,,,REVIEW,Extension .onsets is not a standard audio format
Tabla,SK_ektaal_vilambit.onsets,Tabla\4way-tabla-ismir21-dataset\train\onsets\rb\SK_ektaal_vilambit.onsets,NON_AUDIO_OR_UNSUPPORTED,,,,REVIEW,Extension .onsets is not a standard audio format
Tabla,T5_Gat_04.onsets,Tabla\4way-tabla-ismir21-dataset\train\onsets\rb\T5_Gat_04.onsets,NON_AUDIO_OR_UNSUPPORTED,,,,REVIEW,Extension .onsets is not a standard audio format
Tabla,T4_Pur_03.onsets,Tabla\4way-tabla-ismir21-dataset\train\onsets\rb\T4_Pur_03.onsets,NON_AUDIO_OR_UNSUPPORTED,,,,REVIEW,Extension .onsets is not a standard audio format
Tabla,T4_Tukuda_Ben_02.onsets,Tabla\4way-tabla-ismir21-dataset\train\onsets\rb\T4_Tukuda_Ben_02.onsets,NON_AUDIO_OR_UNSUPPORTED,,,,REVIEW,Extension .onsets is not a standard audio format
Tabla,PP_comp16new_t.onsets,Tabla\4way-tabla-ismir21-dataset\train\onsets\rb\PP_comp16new_t.onsets,NON_AUDIO_OR_UNSUPPORTED,,,,REVIEW,Extension .onsets is not a standard audio format
Tabla,T7_Tukuda_05.onsets,Tabla\4way-tabla-ismir21-dataset\train\onsets\rb\T7_Tukuda_05.onsets,NON_AUDIO_OR_UNSUPPORTED,,,,REVIEW,Extension .onsets is not a standard audio format
Tabla,T4_Gat_pra_01.onsets,Tabla\4way-tabla-ismir21-dataset\train\onsets\rb\T4_Gat_pra_01.onsets,NON_AUDIO_OR_UNSUPPORTED,,,,REVIEW,Extension .onsets is not a standard audio format
Tabla,KB_26.onsets,Tabla\4way-tabla-ismir21-dataset\train\onsets\rb\KB_26.onsets,NON_AUDIO_OR_UNSUPPORTED,,,,REVIEW,Extension .onsets is not a standard audio format
Tabla,SK_teentaal.onsets,Tabla\4way-tabla-ismir21-dataset\train\onsets\rb\SK_teentaal.onsets,NON_AUDIO_OR_UNSUPPORTED,,,,REVIEW,Extension .onsets is not a standard audio format
Tabla,AHK_solo-tintal-2.onsets,Tabla\4way-tabla-ismir21-dataset\train\onsets\rb\AHK_solo-tintal-2.onsets,NON_AUDIO_OR_UNSUPPORTED,,,,REVIEW,Extension .onsets is not a standard audio format
Tabla,T4_Dli_04.onsets,Tabla\4way-tabla-ismir21-dataset\train\onsets\rb\T4_Dli_04.onsets,NON_AUDIO_OR_UNSUPPORTED,,,,REVIEW,Extension .onsets is not a standard audio format
Tabla,T4_Tukuda_Japh_02.onsets,Tabla\4way-tabla-ismir21-dataset\train\onsets\rb\T4_Tukuda_Japh_02.onsets,NON_AUDIO_OR_UNSUPPORTED,,,,REVIEW,Extension .onsets is not a standard audio format
Tabla,T7_Pur_04.onsets,Tabla\4way-tabla-ismir21-dataset\train\onsets\rb\T7_Pur_04.onsets,NON_AUDIO_OR_UNSUPPORTED,,,,REVIEW,Extension .onsets is not a standard audio format
Tabla,RMA_8.onsets,Tabla\4way-tabla-ismir21-dataset\train\onsets\rb\RMA_8.onsets,NON_AUDIO_OR_UNSUPPORTED,,,,REVIEW,Extension .onsets is not a standard audio format
Tabla,T5_Dli_05.onsets,Tabla\4way-tabla-ismir21-dataset\train\onsets\rb\T5_Dli_05.onsets,NON_AUDIO_OR_UNSUPPORTED,,,,REVIEW,Extension .onsets is not a standard audio format
Tabla,T4_Tukuda_01.onsets,Tabla\4way-tabla-ismir21-dataset\train\onsets\rb\T4_Tukuda_01.onsets,NON_AUDIO_OR_UNSUPPORTED,,,,REVIEW,Extension .onsets is not a standard audio format
Tabla,PP_comp9_t.onsets,Tabla\4way-tabla-ismir21-dataset\train\onsets\rb\PP_comp9_t.onsets,NON_AUDIO_OR_UNSUPPORTED,,,,REVIEW,Extension .onsets is not a standard audio format
Tabla,KB_20.onsets,Tabla\4way-tabla-ismir21-dataset\train\onsets\rb\KB_20.onsets,NON_AUDIO_OR_UNSUPPORTED,,,,REVIEW,Extension .onsets is not a standard audio format
Tabla,SM_peshkar.onsets,Tabla\4way-tabla-ismir21-dataset\train\onsets\rb\SM_peshkar.onsets,NON_AUDIO_OR_UNSUPPORTED,,,,REVIEW,Extension .onsets is not a standard audio format
Tabla,T5_Luc_05.onsets,Tabla\4way-tabla-ismir21-dataset\train\onsets\rb\T5_Luc_05.onsets,NON_AUDIO_OR_UNSUPPORTED,,,,REVIEW,Extension .onsets is not a standard audio format
Tabla,T5_Luc_02.onsets,Tabla\4way-tabla-ismir21-dataset\train\onsets\rb\T5_Luc_02.onsets,NON_AUDIO_OR_UNSUPPORTED,,,,REVIEW,Extension .onsets is not a standard audio format
Tabla,PP_comp82_t.onsets,Tabla\4way-tabla-ismir21-dataset\train\onsets\rb\PP_comp82_t.onsets,NON_AUDIO_OR_UNSUPPORTED,,,,REVIEW,Extension .onsets is not a standard audio format
Tabla,AS_comp109_t.onsets,Tabla\4way-tabla-ismir21-dataset\train\onsets\rb\AS_comp109_t.onsets,NON_AUDIO_OR_UNSUPPORTED,,,,REVIEW,Extension .onsets is not a standard audio format
Tabla,RMA_15.onsets,Tabla\4way-tabla-ismir21-dataset\train\onsets\rb\RMA_15.onsets,NON_AUDIO_OR_UNSUPPORTED,,,,REVIEW,Extension .onsets is not a standard audio format
Tabla,PP_comp86_t.onsets,Tabla\4way-tabla-ismir21-dataset\train\onsets\rb\PP_comp86_t.onsets,NON_AUDIO_OR_UNSUPPORTED,,,,REVIEW,Extension .onsets is not a standard audio format
Tabla,T4_Pur_04.onsets,Tabla\4way-tabla-ismir21-dataset\train\onsets\rb\T4_Pur_04.onsets,NON_AUDIO_OR_UNSUPPORTED,,,,REVIEW,Extension .onsets is not a standard audio format
Tabla,RMA_29.onsets,Tabla\4way-tabla-ismir21-dataset\train\onsets\rb\RMA_29.onsets,NON_AUDIO_OR_UNSUPPORTED,,,,REVIEW,Extension .onsets is not a standard audio format
Tabla,T7_Pur_02.onsets,Tabla\4way-tabla-ismir21-dataset\train\onsets\rb\T7_Pur_02.onsets,NON_AUDIO_OR_UNSUPPORTED,,,,REVIEW,Extension .onsets is not a standard audio format
Tabla,T7_LUC_01.onsets,Tabla\4way-tabla-ismir21-dataset\train\onsets\rb\T7_LUC_01.onsets,NON_AUDIO_OR_UNSUPPORTED,,,,REVIEW,Extension .onsets is not a standard audio format
Tabla,T5_Luc_03.onsets,Tabla\4way-tabla-ismir21-dataset\train\onsets\rb\T5_Luc_03.onsets,NON_AUDIO_OR_UNSUPPORTED,,,,REVIEW,Extension .onsets is not a standard audio format
Tabla,RMA_3.onsets,Tabla\4way-tabla-ismir21-dataset\train\onsets\rb\RMA_3.onsets,NON_AUDIO_OR_UNSUPPORTED,,,,REVIEW,Extension .onsets is not a standard audio format
Tabla,KB_8.onsets,Tabla\4way-tabla-ismir21-dataset\train\onsets\rb\KB_8.onsets,NON_AUDIO_OR_UNSUPPORTED,,,,REVIEW,Extension .onsets is not a standard audio format
Tabla,T5_Luc_01.onsets,Tabla\4way-tabla-ismir21-dataset\train\onsets\rb\T5_Luc_01.onsets,NON_AUDIO_OR_UNSUPPORTED,,,,REVIEW,Extension .onsets is not a standard audio format
Tabla,SK_dadra.onsets,Tabla\4way-tabla-ismir21-dataset\train\onsets\rb\SK_dadra.onsets,NON_AUDIO_OR_UNSUPPORTED,,,,REVIEW,Extension .onsets is not a standard audio format
Tabla,T4_Luc_02.onsets,Tabla\4way-tabla-ismir21-dataset\train\onsets\rb\T4_Luc_02.onsets,NON_AUDIO_OR_UNSUPPORTED,,,,REVIEW,Extension .onsets is not a standard audio format
Tabla,RMA_14.onsets,Tabla\4way-tabla-ismir21-dataset\train\onsets\rb\RMA_14.onsets,NON_AUDIO_OR_UNSUPPORTED,,,,REVIEW,Extension .onsets is not a standard audio format
Tabla,T5_Luc_06.onsets,Tabla\4way-tabla-ismir21-dataset\train\onsets\rb\T5_Luc_06.onsets,NON_AUDIO_OR_UNSUPPORTED,,,,REVIEW,Extension .onsets is not a standard audio format
Tabla,KB_16.onsets,Tabla\4way-tabla-ismir21-dataset\train\onsets\rb\KB_16.onsets,NON_AUDIO_OR_UNSUPPORTED,,,,REVIEW,Extension .onsets is not a standard audio format
Tabla,RMA_10.onsets,Tabla\4way-tabla-ismir21-dataset\train\onsets\rb\RMA_10.onsets,NON_AUDIO_OR_UNSUPPORTED,,,,REVIEW,Extension .onsets is not a standard audio format
Tabla,T4_Dli_01.onsets,Tabla\4way-tabla-ismir21-dataset\train\onsets\rb\T4_Dli_01.onsets,NON_AUDIO_OR_UNSUPPORTED,,,,REVIEW,Extension .onsets is not a standard audio format
Tabla,PP_comp19_t.onsets,Tabla\4way-tabla-ismir21-dataset\train\onsets\rb\PP_comp19_t.onsets,NON_AUDIO_OR_UNSUPPORTED,,,,REVIEW,Extension .onsets is not a standard audio format
Tabla,T4_Luc_04.onsets,Tabla\4way-tabla-ismir21-dataset\train\onsets\rb\T4_Luc_04.onsets,NON_AUDIO_OR_UNSUPPORTED,,,,REVIEW,Extension .onsets is not a standard audio format
Tabla,AS_comp108_t.onsets,Tabla\4way-tabla-ismir21-dataset\train\onsets\rb\AS_comp108_t.onsets,NON_AUDIO_OR_UNSUPPORTED,,,,REVIEW,Extension .onsets is not a standard audio format
Tabla,T7_Tukuda_01.onsets,Tabla\4way-tabla-ismir21-dataset\train\onsets\rb\T7_Tukuda_01.onsets,NON_AUDIO_OR_UNSUPPORTED,,,,REVIEW,Extension .onsets is not a standard audio format
Tabla,AS_comp113_t.onsets,Tabla\4way-tabla-ismir21-dataset\train\onsets\rb\AS_comp113_t.onsets,NON_AUDIO_OR_UNSUPPORTED,,,,REVIEW,Extension .onsets is not a standard audio format
Tabla,T4_Pur_02.onsets,Tabla\4way-tabla-ismir21-dataset\train\onsets\rb\T4_Pur_02.onsets,NON_AUDIO_OR_UNSUPPORTED,,,,REVIEW,Extension .onsets is not a standard audio format
Tabla,KB_1.onsets,Tabla\4way-tabla-ismir21-dataset\train\onsets\rb\KB_1.onsets,NON_AUDIO_OR_UNSUPPORTED,,,,REVIEW,Extension .onsets is not a standard audio format
Tabla,PP_comp23_t.onsets,Tabla\4way-tabla-ismir21-dataset\train\onsets\rb\PP_comp23_t.onsets,NON_AUDIO_OR_UNSUPPORTED,,,,REVIEW,Extension .onsets is not a standard audio format
Tabla,PP_comp5_t.onsets,Tabla\4way-tabla-ismir21-dataset\train\onsets\rb\PP_comp5_t.onsets,NON_AUDIO_OR_UNSUPPORTED,,,,REVIEW,Extension .onsets is not a standard audio format
Tabla,T4_Luc_03.onsets,Tabla\4way-tabla-ismir21-dataset\train\onsets\rb\T4_Luc_03.onsets,NON_AUDIO_OR_UNSUPPORTED,,,,REVIEW,Extension .onsets is not a standard audio format
Tabla,T7_Mukuda_01.onsets,Tabla\4way-tabla-ismir21-dataset\train\onsets\rb\T7_Mukuda_01.onsets,NON_AUDIO_OR_UNSUPPORTED,,,,REVIEW,Extension .onsets is not a standard audio format
Tabla,T7_Fur_03.onsets,Tabla\4way-tabla-ismir21-dataset\train\onsets\rb\T7_Fur_03.onsets,NON_AUDIO_OR_UNSUPPORTED,,,,REVIEW,Extension .onsets is not a standard audio format
Tabla,T5_Gat_01.onsets,Tabla\4way-tabla-ismir21-dataset\train\onsets\rb\T5_Gat_01.onsets,NON_AUDIO_OR_UNSUPPORTED,,,,REVIEW,Extension .onsets is not a standard audio format
Tabla,T4_Pur_01.onsets,Tabla\4way-tabla-ismir21-dataset\train\onsets\rb\T4_Pur_01.onsets,NON_AUDIO_OR_UNSUPPORTED,,,,REVIEW,Extension .onsets is not a standard audio format
Tabla,T4_Drut_02.onsets,Tabla\4way-tabla-ismir21-dataset\train\onsets\rb\T4_Drut_02.onsets,NON_AUDIO_OR_UNSUPPORTED,,,,REVIEW,Extension .onsets is not a standard audio format
Tabla,RMA_23.onsets,Tabla\4way-tabla-ismir21-dataset\train\onsets\rb\RMA_23.onsets,NON_AUDIO_OR_UNSUPPORTED,,,,REVIEW,Extension .onsets is not a standard audio format
Tabla,T4_Tukuda_04.onsets,Tabla\4way-tabla-ismir21-dataset\train\onsets\rb\T4_Tukuda_04.onsets,NON_AUDIO_OR_UNSUPPORTED,,,,REVIEW,Extension .onsets is not a standard audio format
Tabla,T7_Pur_03.onsets,Tabla\4way-tabla-ismir21-dataset\train\onsets\rb\T7_Pur_03.onsets,NON_AUDIO_OR_UNSUPPORTED,,,,REVIEW,Extension .onsets is not a standard audio format
Tabla,KB_19.onsets,Tabla\4way-tabla-ismir21-dataset\train\onsets\rb\KB_19.onsets,NON_AUDIO_OR_UNSUPPORTED,,,,REVIEW,Extension .onsets is not a standard audio format
Tabla,RMA_9.onsets,Tabla\4way-tabla-ismir21-dataset\train\onsets\rb\RMA_9.onsets,NON_AUDIO_OR_UNSUPPORTED,,,,REVIEW,Extension .onsets is not a standard audio format
Tabla,KB_17.onsets,Tabla\4way-tabla-ismir21-dataset\train\onsets\rb\KB_17.onsets,NON_AUDIO_OR_UNSUPPORTED,,,,REVIEW,Extension .onsets is not a standard audio format
Tabla,KB_22.onsets,Tabla\4way-tabla-ismir21-dataset\train\onsets\rb\KB_22.onsets,NON_AUDIO_OR_UNSUPPORTED,,,,REVIEW,Extension .onsets is not a standard audio format
Tabla,SK_roopak.onsets,Tabla\4way-tabla-ismir21-dataset\train\onsets\rb\SK_roopak.onsets,NON_AUDIO_OR_UNSUPPORTED,,,,REVIEW,Extension .onsets is not a standard audio format
Tabla,RMA_12.onsets,Tabla\4way-tabla-ismir21-dataset\train\onsets\rb\RMA_12.onsets,NON_AUDIO_OR_UNSUPPORTED,,,,REVIEW,Extension .onsets is not a standard audio format
Tabla,KB_23.onsets,Tabla\4way-tabla-ismir21-dataset\train\onsets\rb\KB_23.onsets,NON_AUDIO_OR_UNSUPPORTED,,,,REVIEW,Extension .onsets is not a standard audio format
Tabla,SK_comp_5.onsets,Tabla\4way-tabla-ismir21-dataset\train\onsets\rb\SK_comp_5.onsets,NON_AUDIO_OR_UNSUPPORTED,,,,REVIEW,Extension .onsets is not a standard audio format
Tabla,AS_comp103_t.onsets,Tabla\4way-tabla-ismir21-dataset\train\onsets\rb\AS_comp103_t.onsets,NON_AUDIO_OR_UNSUPPORTED,,,,REVIEW,Extension .onsets is not a standard audio format
Tabla,AS_comp101_t.onsets,Tabla\4way-tabla-ismir21-dataset\train\onsets\rb\AS_comp101_t.onsets,NON_AUDIO_OR_UNSUPPORTED,,,,REVIEW,Extension .onsets is not a standard audio format
Tabla,PP_comp77_t.onsets,Tabla\4way-tabla-ismir21-dataset\train\onsets\rb\PP_comp77_t.onsets,NON_AUDIO_OR_UNSUPPORTED,,,,REVIEW,Extension .onsets is not a standard audio format
Tabla,KB_5.onsets,Tabla\4way-tabla-ismir21-dataset\train\onsets\rb\KB_5.onsets,NON_AUDIO_OR_UNSUPPORTED,,,,REVIEW,Extension .onsets is not a standard audio format
Tabla,SM_uthan.onsets,Tabla\4way-tabla-ismir21-dataset\train\onsets\rb\SM_uthan.onsets,NON_AUDIO_OR_UNSUPPORTED,,,,REVIEW,Extension .onsets is not a standard audio format
Tabla,RMA_11.onsets,Tabla\4way-tabla-ismir21-dataset\train\onsets\rb\RMA_11.onsets,NON_AUDIO_OR_UNSUPPORTED,,,,REVIEW,Extension .onsets is not a standard audio format
Tabla,AHK_solo-tintal-6.onsets,Tabla\4way-tabla-ismir21-dataset\train\onsets\rb\AHK_solo-tintal-6.onsets,NON_AUDIO_OR_UNSUPPORTED,,,,REVIEW,Extension .onsets is not a standard audio format
Tabla,KB_4.onsets,Tabla\4way-tabla-ismir21-dataset\train\onsets\rb\KB_4.onsets,NON_AUDIO_OR_UNSUPPORTED,,,,REVIEW,Extension .onsets is not a standard audio format
Tabla,T5_Luc_07.onsets,Tabla\4way-tabla-ismir21-dataset\train\onsets\rb\T5_Luc_07.onsets,NON_AUDIO_OR_UNSUPPORTED,,,,REVIEW,Extension .onsets is not a standard audio format
Tabla,KB_14.onsets,Tabla\4way-tabla-ismir21-dataset\train\onsets\rb\KB_14.onsets,NON_AUDIO_OR_UNSUPPORTED,,,,REVIEW,Extension .onsets is not a standard audio format
Tabla,T4_Gat_pra_00.onsets,Tabla\4way-tabla-ismir21-dataset\train\onsets\rb\T4_Gat_pra_00.onsets,NON_AUDIO_OR_UNSUPPORTED,,,,REVIEW,Extension .onsets is not a standard audio format
Tabla,T4_Tukuda_Ben_01.onsets,Tabla\4way-tabla-ismir21-dataset\train\onsets\rb\T4_Tukuda_Ben_01.onsets,NON_AUDIO_OR_UNSUPPORTED,,,,REVIEW,Extension .onsets is not a standard audio format
Tabla,KB_24.onsets,Tabla\4way-tabla-ismir21-dataset\train\onsets\rb\KB_24.onsets,NON_AUDIO_OR_UNSUPPORTED,,,,REVIEW,Extension .onsets is not a standard audio format
Tabla,T5_Dli_01.onsets,Tabla\4way-tabla-ismir21-dataset\train\onsets\rb\T5_Dli_01.onsets,NON_AUDIO_OR_UNSUPPORTED,,,,REVIEW,Extension .onsets is not a standard audio format
Tabla,T7_Tukuda_03.onsets,Tabla\4way-tabla-ismir21-dataset\train\onsets\rb\T7_Tukuda_03.onsets,NON_AUDIO_OR_UNSUPPORTED,,,,REVIEW,Extension .onsets is not a standard audio format
Tabla,RMA_28.onsets,Tabla\4way-tabla-ismir21-dataset\train\onsets\rb\RMA_28.onsets,NON_AUDIO_OR_UNSUPPORTED,,,,REVIEW,Extension .onsets is not a standard audio format
Tabla,T4_Tukuda_05.onsets,Tabla\4way-tabla-ismir21-dataset\train\onsets\rb\T4_Tukuda_05.onsets,NON_AUDIO_OR_UNSUPPORTED,,,,REVIEW,Extension .onsets is not a standard audio format
Tabla,T4_Drut_03.onsets,Tabla\4way-tabla-ismir21-dataset\train\onsets\rb\T4_Drut_03.onsets,NON_AUDIO_OR_UNSUPPORTED,,,,REVIEW,Extension .onsets is not a standard audio format
Tabla,AS_comp115_t.onsets,Tabla\4way-tabla-ismir21-dataset\train\onsets\rb\AS_comp115_t.onsets,NON_AUDIO_OR_UNSUPPORTED,,,,REVIEW,Extension .onsets is not a standard audio format
Tabla,KB_13.onsets,Tabla\4way-tabla-ismir21-dataset\train\onsets\rt\KB_13.onsets,NON_AUDIO_OR_UNSUPPORTED,,,,REVIEW,Extension .onsets is not a standard audio format
Tabla,T7_Ben_tukuda_03.onsets,Tabla\4way-tabla-ismir21-dataset\train\onsets\rt\T7_Ben_tukuda_03.onsets,NON_AUDIO_OR_UNSUPPORTED,,,,REVIEW,Extension .onsets is not a standard audio format
Tabla,T4_Luc_06.onsets,Tabla\4way-tabla-ismir21-dataset\train\onsets\rt\T4_Luc_06.onsets,NON_AUDIO_OR_UNSUPPORTED,,,,REVIEW,Extension .onsets is not a standard audio format
Tabla,RMA_1.onsets,Tabla\4way-tabla-ismir21-dataset\train\onsets\rt\RMA_1.onsets,NON_AUDIO_OR_UNSUPPORTED,,,,REVIEW,Extension .onsets is not a standard audio format
Tabla,T7_Tukuda_02.onsets,Tabla\4way-tabla-ismir21-dataset\train\onsets\rt\T7_Tukuda_02.onsets,NON_AUDIO_OR_UNSUPPORTED,,,,REVIEW,Extension .onsets is not a standard audio format
Tabla,T4_02.onsets,Tabla\4way-tabla-ismir21-dataset\train\onsets\rt\T4_02.onsets,NON_AUDIO_OR_UNSUPPORTED,,,,REVIEW,Extension .onsets is not a standard audio format
Tabla,T7_Jap_Tukuda_02.onsets,Tabla\4way-tabla-ismir21-dataset\train\onsets\rt\T7_Jap_Tukuda_02.onsets,NON_AUDIO_OR_UNSUPPORTED,,,,REVIEW,Extension .onsets is not a standard audio format
Tabla,RMA_6.onsets,Tabla\4way-tabla-ismir21-dataset\train\onsets\rt\RMA_6.onsets,NON_AUDIO_OR_UNSUPPORTED,,,,REVIEW,Extension .onsets is not a standard audio format
Tabla,PP_comp4_t.onsets,Tabla\4way-tabla-ismir21-dataset\train\onsets\rt\PP_comp4_t.onsets,NON_AUDIO_OR_UNSUPPORTED,,,,REVIEW,Extension .onsets is not a standard audio format
Tabla,KB_3.onsets,Tabla\4way-tabla-ismir21-dataset\train\onsets\rt\KB_3.onsets,NON_AUDIO_OR_UNSUPPORTED,,,,REVIEW,Extension .onsets is not a standard audio format
Tabla,T4_Gat_02.onsets,Tabla\4way-tabla-ismir21-dataset\train\onsets\rt\T4_Gat_02.onsets,NON_AUDIO_OR_UNSUPPORTED,,,,REVIEW,Extension .onsets is not a standard audio format
Tabla,T7_Luc_jap_01.onsets,Tabla\4way-tabla-ismir21-dataset\train\onsets\rt\T7_Luc_jap_01.onsets,NON_AUDIO_OR_UNSUPPORTED,,,,REVIEW,Extension .onsets is not a standard audio format
Tabla,T4_Tukuda_Japh_03.onsets,Tabla\4way-tabla-ismir21-dataset\train\onsets\rt\T4_Tukuda_Japh_03.onsets,NON_AUDIO_OR_UNSUPPORTED,,,,REVIEW,Extension .onsets is not a standard audio format
Tabla,KB_25.onsets,Tabla\4way-tabla-ismir21-dataset\train\onsets\rt\KB_25.onsets,NON_AUDIO_OR_UNSUPPORTED,,,,REVIEW,Extension .onsets is not a standard audio format
Tabla,AS_comp102_t.onsets,Tabla\4way-tabla-ismir21-dataset\train\onsets\rt\AS_comp102_t.onsets,NON_AUDIO_OR_UNSUPPORTED,,,,REVIEW,Extension .onsets is not a standard audio format
Tabla,T4_Tukuda_Japh_04.onsets,Tabla\4way-tabla-ismir21-dataset\train\onsets\rt\T4_Tukuda_Japh_04.onsets,NON_AUDIO_OR_UNSUPPORTED,,,,REVIEW,Extension .onsets is not a standard audio format
Tabla,RMA_17.onsets,Tabla\4way-tabla-ismir21-dataset\train\onsets\rt\RMA_17.onsets,NON_AUDIO_OR_UNSUPPORTED,,,,REVIEW,Extension .onsets is not a standard audio format
Tabla,T4_Tukuda_Japh_05.onsets,Tabla\4way-tabla-ismir21-dataset\train\onsets\rt\T4_Tukuda_Japh_05.onsets,NON_AUDIO_OR_UNSUPPORTED,,,,REVIEW,Extension .onsets is not a standard audio format
Tabla,T7_TAA5_01.onsets,Tabla\4way-tabla-ismir21-dataset\train\onsets\rt\T7_TAA5_01.onsets,NON_AUDIO_OR_UNSUPPORTED,,,,REVIEW,Extension .onsets is not a standard audio format
Tabla,RMA_24.onsets,Tabla\4way-tabla-ismir21-dataset\train\onsets\rt\RMA_24.onsets,NON_AUDIO_OR_UNSUPPORTED,,,,REVIEW,Extension .onsets is not a standard audio format
Tabla,KB_15.onsets,Tabla\4way-tabla-ismir21-dataset\train\onsets\rt\KB_15.onsets,NON_AUDIO_OR_UNSUPPORTED,,,,REVIEW,Extension .onsets is not a standard audio format
Tabla,SM_kayda_2.onsets,Tabla\4way-tabla-ismir21-dataset\train\onsets\rt\SM_kayda_2.onsets,NON_AUDIO_OR_UNSUPPORTED,,,,REVIEW,Extension .onsets is not a standard audio format
Tabla,AS_comp104_t.onsets,Tabla\4way-tabla-ismir21-dataset\train\onsets\rt\AS_comp104_t.onsets,NON_AUDIO_OR_UNSUPPORTED,,,,REVIEW,Extension .onsets is not a standard audio format
Tabla,SM_kayda_1.onsets,Tabla\4way-tabla-ismir21-dataset\train\onsets\rt\SM_kayda_1.onsets,NON_AUDIO_OR_UNSUPPORTED,,,,REVIEW,Extension .onsets is not a standard audio format
Tabla,SK_jhoomra.onsets,Tabla\4way-tabla-ismir21-dataset\train\onsets\rt\SK_jhoomra.onsets,NON_AUDIO_OR_UNSUPPORTED,,,,REVIEW,Extension .onsets is not a standard audio format
Tabla,AHK_solo-tintal-1.onsets,Tabla\4way-tabla-ismir21-dataset\train\onsets\rt\AHK_solo-tintal-1.onsets,NON_AUDIO_OR_UNSUPPORTED,,,,REVIEW,Extension .onsets is not a standard audio format
Tabla,KB_21.onsets,Tabla\4way-tabla-ismir21-dataset\train\onsets\rt\KB_21.onsets,NON_AUDIO_OR_UNSUPPORTED,,,,REVIEW,Extension .onsets is not a standard audio format
Tabla,AHK_solo-tintal-7.onsets,Tabla\4way-tabla-ismir21-dataset\train\onsets\rt\AHK_solo-tintal-7.onsets,NON_AUDIO_OR_UNSUPPORTED,,,,REVIEW,Extension .onsets is not a standard audio format
Tabla,RMA_13.onsets,Tabla\4way-tabla-ismir21-dataset\train\onsets\rt\RMA_13.onsets,NON_AUDIO_OR_UNSUPPORTED,,,,REVIEW,Extension .onsets is not a standard audio format
Tabla,RMA_16.onsets,Tabla\4way-tabla-ismir21-dataset\train\onsets\rt\RMA_16.onsets,NON_AUDIO_OR_UNSUPPORTED,,,,REVIEW,Extension .onsets is not a standard audio format
Tabla,RMA_25.onsets,Tabla\4way-tabla-ismir21-dataset\train\onsets\rt\RMA_25.onsets,NON_AUDIO_OR_UNSUPPORTED,,,,REVIEW,Extension .onsets is not a standard audio format
Tabla,AS_comp114_t.onsets,Tabla\4way-tabla-ismir21-dataset\train\onsets\rt\AS_comp114_t.onsets,NON_AUDIO_OR_UNSUPPORTED,,,,REVIEW,Extension .onsets is not a standard audio format
Tabla,AS_comp111_t.onsets,Tabla\4way-tabla-ismir21-dataset\train\onsets\rt\AS_comp111_t.onsets,NON_AUDIO_OR_UNSUPPORTED,,,,REVIEW,Extension .onsets is not a standard audio format
Tabla,T4_Tukuda_Japh_01.onsets,Tabla\4way-tabla-ismir21-dataset\train\onsets\rt\T4_Tukuda_Japh_01.onsets,NON_AUDIO_OR_UNSUPPORTED,,,,REVIEW,Extension .onsets is not a standard audio format
Tabla,T4_Tukuda_02.onsets,Tabla\4way-tabla-ismir21-dataset\train\onsets\rt\T4_Tukuda_02.onsets,NON_AUDIO_OR_UNSUPPORTED,,,,REVIEW,Extension .onsets is not a standard audio format
Tabla,KB_12.onsets,Tabla\4way-tabla-ismir21-dataset\train\onsets\rt\KB_12.onsets,NON_AUDIO_OR_UNSUPPORTED,,,,REVIEW,Extension .onsets is not a standard audio format
Tabla,SK_comp_7.onsets,Tabla\4way-tabla-ismir21-dataset\train\onsets\rt\SK_comp_7.onsets,NON_AUDIO_OR_UNSUPPORTED,,,,REVIEW,Extension .onsets is not a standard audio format
Tabla,T4_Gat_05.onsets,Tabla\4way-tabla-ismir21-dataset\train\onsets\rt\T4_Gat_05.onsets,NON_AUDIO_OR_UNSUPPORTED,,,,REVIEW,Extension .onsets is not a standard audio format
Tabla,RMA_4.onsets,Tabla\4way-tabla-ismir21-dataset\train\onsets\rt\RMA_4.onsets,NON_AUDIO_OR_UNSUPPORTED,,,,REVIEW,Extension .onsets is not a standard audio format
Tabla,SK_comp_6.onsets,Tabla\4way-tabla-ismir21-dataset\train\onsets\rt\SK_comp_6.onsets,NON_AUDIO_OR_UNSUPPORTED,,,,REVIEW,Extension .onsets is not a standard audio format
Tabla,SK_ektaal_drut.onsets,Tabla\4way-tabla-ismir21-dataset\train\onsets\rt\SK_ektaal_drut.onsets,NON_AUDIO_OR_UNSUPPORTED,,,,REVIEW,Extension .onsets is not a standard audio format
Tabla,T5_Luc_04.onsets,Tabla\4way-tabla-ismir21-dataset\train\onsets\rt\T5_Luc_04.onsets,NON_AUDIO_OR_UNSUPPORTED,,,,REVIEW,Extension .onsets is not a standard audio format
Tabla,T5_Dli_03.onsets,Tabla\4way-tabla-ismir21-dataset\train\onsets\rt\T5_Dli_03.onsets,NON_AUDIO_OR_UNSUPPORTED,,,,REVIEW,Extension .onsets is not a standard audio format
Tabla,T4_Ben_03.onsets,Tabla\4way-tabla-ismir21-dataset\train\onsets\rt\T4_Ben_03.onsets,NON_AUDIO_OR_UNSUPPORTED,,,,REVIEW,Extension .onsets is not a standard audio format
Tabla,RMA_26.onsets,Tabla\4way-tabla-ismir21-dataset\train\onsets\rt\RMA_26.onsets,NON_AUDIO_OR_UNSUPPORTED,,,,REVIEW,Extension .onsets is not a standard audio format
Tabla,KB_11.onsets,Tabla\4way-tabla-ismir21-dataset\train\onsets\rt\KB_11.onsets,NON_AUDIO_OR_UNSUPPORTED,,,,REVIEW,Extension .onsets is not a standard audio format
Tabla,PP_comp81_t.onsets,Tabla\4way-tabla-ismir21-dataset\train\onsets\rt\PP_comp81_t.onsets,NON_AUDIO_OR_UNSUPPORTED,,,,REVIEW,Extension .onsets is not a standard audio format
Tabla,SK_kaida_1.onsets,Tabla\4way-tabla-ismir21-dataset\train\onsets\rt\SK_kaida_1.onsets,NON_AUDIO_OR_UNSUPPORTED,,,,REVIEW,Extension .onsets is not a standard audio format
Tabla,T7_Jap_Tukuda_05.onsets,Tabla\4way-tabla-ismir21-dataset\train\onsets\rt\T7_Jap_Tukuda_05.onsets,NON_AUDIO_OR_UNSUPPORTED,,,,REVIEW,Extension .onsets is not a standard audio format
Tabla,T4_Tukuda_Ben_04.onsets,Tabla\4way-tabla-ismir21-dataset\train\onsets\rt\T4_Tukuda_Ben_04.onsets,NON_AUDIO_OR_UNSUPPORTED,,,,REVIEW,Extension .onsets is not a standard audio format
Tabla,PP_comp11_t.onsets,Tabla\4way-tabla-ismir21-dataset\train\onsets\rt\PP_comp11_t.onsets,NON_AUDIO_OR_UNSUPPORTED,,,,REVIEW,Extension .onsets is not a standard audio format
Tabla,T4_Gat_pra_02.onsets,Tabla\4way-tabla-ismir21-dataset\train\onsets\rt\T4_Gat_pra_02.onsets,NON_AUDIO_OR_UNSUPPORTED,,,,REVIEW,Extension .onsets is not a standard audio format
Tabla,T7_Gat_tukuda_01.onsets,Tabla\4way-tabla-ismir21-dataset\train\onsets\rt\T7_Gat_tukuda_01.onsets,NON_AUDIO_OR_UNSUPPORTED,,,,REVIEW,Extension .onsets is not a standard audio format
Tabla,SK_comp_1.onsets,Tabla\4way-tabla-ismir21-dataset\train\onsets\rt\SK_comp_1.onsets,NON_AUDIO_OR_UNSUPPORTED,,,,REVIEW,Extension .onsets is not a standard audio format
Tabla,SM_chakradhar.onsets,Tabla\4way-tabla-ismir21-dataset\train\onsets\rt\SM_chakradhar.onsets,NON_AUDIO_OR_UNSUPPORTED,,,,REVIEW,Extension .onsets is not a standard audio format
Tabla,T4_Pur_05.onsets,Tabla\4way-tabla-ismir21-dataset\train\onsets\rt\T4_Pur_05.onsets,NON_AUDIO_OR_UNSUPPORTED,,,,REVIEW,Extension .onsets is not a standard audio format
Tabla,T7_Ben_tukuda_02.onsets,Tabla\4way-tabla-ismir21-dataset\train\onsets\rt\T7_Ben_tukuda_02.onsets,NON_AUDIO_OR_UNSUPPORTED,,,,REVIEW,Extension .onsets is not a standard audio format
Tabla,AS_comp110_t.onsets,Tabla\4way-tabla-ismir21-dataset\train\onsets\rt\AS_comp110_t.onsets,NON_AUDIO_OR_UNSUPPORTED,,,,REVIEW,Extension .onsets is not a standard audio format
Tabla,AS_comp117_t.onsets,Tabla\4way-tabla-ismir21-dataset\train\onsets\rt\AS_comp117_t.onsets,NON_AUDIO_OR_UNSUPPORTED,,,,REVIEW,Extension .onsets is not a standard audio format
Tabla,AS_comp106_t.onsets,Tabla\4way-tabla-ismir21-dataset\train\onsets\rt\AS_comp106_t.onsets,NON_AUDIO_OR_UNSUPPORTED,,,,REVIEW,Extension .onsets is not a standard audio format
Tabla,T5_Gat_03.onsets,Tabla\4way-tabla-ismir21-dataset\train\onsets\rt\T5_Gat_03.onsets,NON_AUDIO_OR_UNSUPPORTED,,,,REVIEW,Extension .onsets is not a standard audio format
Tabla,T5_Dli_04.onsets,Tabla\4way-tabla-ismir21-dataset\train\onsets\rt\T5_Dli_04.onsets,NON_AUDIO_OR_UNSUPPORTED,,,,REVIEW,Extension .onsets is not a standard audio format
Tabla,T4_Luc_01.onsets,Tabla\4way-tabla-ismir21-dataset\train\onsets\rt\T4_Luc_01.onsets,NON_AUDIO_OR_UNSUPPORTED,,,,REVIEW,Extension .onsets is not a standard audio format
Tabla,RMA_30.onsets,Tabla\4way-tabla-ismir21-dataset\train\onsets\rt\RMA_30.onsets,NON_AUDIO_OR_UNSUPPORTED,,,,REVIEW,Extension .onsets is not a standard audio format
Tabla,KB_7.onsets,Tabla\4way-tabla-ismir21-dataset\train\onsets\rt\KB_7.onsets,NON_AUDIO_OR_UNSUPPORTED,,,,REVIEW,Extension .onsets is not a standard audio format
Tabla,T5_Dli_02.onsets,Tabla\4way-tabla-ismir21-dataset\train\onsets\rt\T5_Dli_02.onsets,NON_AUDIO_OR_UNSUPPORTED,,,,REVIEW,Extension .onsets is not a standard audio format
Tabla,PP_comp17_t.onsets,Tabla\4way-tabla-ismir21-dataset\train\onsets\rt\PP_comp17_t.onsets,NON_AUDIO_OR_UNSUPPORTED,,,,REVIEW,Extension .onsets is not a standard audio format
Tabla,AS_comp116_t.onsets,Tabla\4way-tabla-ismir21-dataset\train\onsets\rt\AS_comp116_t.onsets,NON_AUDIO_OR_UNSUPPORTED,,,,REVIEW,Extension .onsets is not a standard audio format
Tabla,T7_Fur_01.onsets,Tabla\4way-tabla-ismir21-dataset\train\onsets\rt\T7_Fur_01.onsets,NON_AUDIO_OR_UNSUPPORTED,,,,REVIEW,Extension .onsets is not a standard audio format
Tabla,T4_Gat_04.onsets,Tabla\4way-tabla-ismir21-dataset\train\onsets\rt\T4_Gat_04.onsets,NON_AUDIO_OR_UNSUPPORTED,,,,REVIEW,Extension .onsets is not a standard audio format
Tabla,PP_comp12_t.onsets,Tabla\4way-tabla-ismir21-dataset\train\onsets\rt\PP_comp12_t.onsets,NON_AUDIO_OR_UNSUPPORTED,,,,REVIEW,Extension .onsets is not a standard audio format
Tabla,RMA_18.onsets,Tabla\4way-tabla-ismir21-dataset\train\onsets\rt\RMA_18.onsets,NON_AUDIO_OR_UNSUPPORTED,,,,REVIEW,Extension .onsets is not a standard audio format
Tabla,T7_TAA1_01.onsets,Tabla\4way-tabla-ismir21-dataset\train\onsets\rt\T7_TAA1_01.onsets,NON_AUDIO_OR_UNSUPPORTED,,,,REVIEW,Extension .onsets is not a standard audio format
Tabla,RMA_21.onsets,Tabla\4way-tabla-ismir21-dataset\train\onsets\rt\RMA_21.onsets,NON_AUDIO_OR_UNSUPPORTED,,,,REVIEW,Extension .onsets is not a standard audio format
Tabla,SK_teentaal_vilambit.onsets,Tabla\4way-tabla-ismir21-dataset\train\onsets\rt\SK_teentaal_vilambit.onsets,NON_AUDIO_OR_UNSUPPORTED,,,,REVIEW,Extension .onsets is not a standard audio format
Tabla,T7_GAT_01.onsets,Tabla\4way-tabla-ismir21-dataset\train\onsets\rt\T7_GAT_01.onsets,NON_AUDIO_OR_UNSUPPORTED,,,,REVIEW,Extension .onsets is not a standard audio format
Tabla,T4_Luc_05.onsets,Tabla\4way-tabla-ismir21-dataset\train\onsets\rt\T4_Luc_05.onsets,NON_AUDIO_OR_UNSUPPORTED,,,,REVIEW,Extension .onsets is not a standard audio format
Tabla,SK_teentaal_mahadrut.onsets,Tabla\4way-tabla-ismir21-dataset\train\onsets\rt\SK_teentaal_mahadrut.onsets,NON_AUDIO_OR_UNSUPPORTED,,,,REVIEW,Extension .onsets is not a standard audio format
Tabla,T7_Fur_02.onsets,Tabla\4way-tabla-ismir21-dataset\train\onsets\rt\T7_Fur_02.onsets,NON_AUDIO_OR_UNSUPPORTED,,,,REVIEW,Extension .onsets is not a standard audio format
Tabla,T4_Dli_05.onsets,Tabla\4way-tabla-ismir21-dataset\train\onsets\rt\T4_Dli_05.onsets,NON_AUDIO_OR_UNSUPPORTED,,,,REVIEW,Extension .onsets is not a standard audio format
Tabla,KB_6.onsets,Tabla\4way-tabla-ismir21-dataset\train\onsets\rt\KB_6.onsets,NON_AUDIO_OR_UNSUPPORTED,,,,REVIEW,Extension .onsets is not a standard audio format
Tabla,T7_Rela_01.onsets,Tabla\4way-tabla-ismir21-dataset\train\onsets\rt\T7_Rela_01.onsets,NON_AUDIO_OR_UNSUPPORTED,,,,REVIEW,Extension .onsets is not a standard audio format
Tabla,SK_ektaal.onsets,Tabla\4way-tabla-ismir21-dataset\train\onsets\rt\SK_ektaal.onsets,NON_AUDIO_OR_UNSUPPORTED,,,,REVIEW,Extension .onsets is not a standard audio format
Tabla,SK_rela_1.onsets,Tabla\4way-tabla-ismir21-dataset\train\onsets\rt\SK_rela_1.onsets,NON_AUDIO_OR_UNSUPPORTED,,,,REVIEW,Extension .onsets is not a standard audio format
Tabla,RMA_19.onsets,Tabla\4way-tabla-ismir21-dataset\train\onsets\rt\RMA_19.onsets,NON_AUDIO_OR_UNSUPPORTED,,,,REVIEW,Extension .onsets is not a standard audio format
Tabla,RMA_27.onsets,Tabla\4way-tabla-ismir21-dataset\train\onsets\rt\RMA_27.onsets,NON_AUDIO_OR_UNSUPPORTED,,,,REVIEW,Extension .onsets is not a standard audio format
Tabla,KB_10.onsets,Tabla\4way-tabla-ismir21-dataset\train\onsets\rt\KB_10.onsets,NON_AUDIO_OR_UNSUPPORTED,,,,REVIEW,Extension .onsets is not a standard audio format
Tabla,T7_Jap_Tukuda_01.onsets,Tabla\4way-tabla-ismir21-dataset\train\onsets\rt\T7_Jap_Tukuda_01.onsets,NON_AUDIO_OR_UNSUPPORTED,,,,REVIEW,Extension .onsets is not a standard audio format
Tabla,RMA_0.onsets,Tabla\4way-tabla-ismir21-dataset\train\onsets\rt\RMA_0.onsets,NON_AUDIO_OR_UNSUPPORTED,,,,REVIEW,Extension .onsets is not a standard audio format
Tabla,KB_9.onsets,Tabla\4way-tabla-ismir21-dataset\train\onsets\rt\KB_9.onsets,NON_AUDIO_OR_UNSUPPORTED,,,,REVIEW,Extension .onsets is not a standard audio format
Tabla,T7_Pur_01.onsets,Tabla\4way-tabla-ismir21-dataset\train\onsets\rt\T7_Pur_01.onsets,NON_AUDIO_OR_UNSUPPORTED,,,,REVIEW,Extension .onsets is not a standard audio format
Tabla,T4_Gat_03.onsets,Tabla\4way-tabla-ismir21-dataset\train\onsets\rt\T4_Gat_03.onsets,NON_AUDIO_OR_UNSUPPORTED,,,,REVIEW,Extension .onsets is not a standard audio format
Tabla,T7_TAA5_02.onsets,Tabla\4way-tabla-ismir21-dataset\train\onsets\rt\T7_TAA5_02.onsets,NON_AUDIO_OR_UNSUPPORTED,,,,REVIEW,Extension .onsets is not a standard audio format
Tabla,RMA_7.onsets,Tabla\4way-tabla-ismir21-dataset\train\onsets\rt\RMA_7.onsets,NON_AUDIO_OR_UNSUPPORTED,,,,REVIEW,Extension .onsets is not a standard audio format
Tabla,T4_Tukuda_03.onsets,Tabla\4way-tabla-ismir21-dataset\train\onsets\rt\T4_Tukuda_03.onsets,NON_AUDIO_OR_UNSUPPORTED,,,,REVIEW,Extension .onsets is not a standard audio format
Tabla,T4_Drut_01.onsets,Tabla\4way-tabla-ismir21-dataset\train\onsets\rt\T4_Drut_01.onsets,NON_AUDIO_OR_UNSUPPORTED,,,,REVIEW,Extension .onsets is not a standard audio format
Tabla,PP_comp31_t.onsets,Tabla\4way-tabla-ismir21-dataset\train\onsets\rt\PP_comp31_t.onsets,NON_AUDIO_OR_UNSUPPORTED,,,,REVIEW,Extension .onsets is not a standard audio format
Tabla,T7_Pur_05.onsets,Tabla\4way-tabla-ismir21-dataset\train\onsets\rt\T7_Pur_05.onsets,NON_AUDIO_OR_UNSUPPORTED,,,,REVIEW,Extension .onsets is not a standard audio format
Tabla,SK_comp_3.onsets,Tabla\4way-tabla-ismir21-dataset\train\onsets\rt\SK_comp_3.onsets,NON_AUDIO_OR_UNSUPPORTED,,,,REVIEW,Extension .onsets is not a standard audio format
Tabla,T5_Gat_02.onsets,Tabla\4way-tabla-ismir21-dataset\train\onsets\rt\T5_Gat_02.onsets,NON_AUDIO_OR_UNSUPPORTED,,,,REVIEW,Extension .onsets is not a standard audio format
Tabla,PP_comp80_t.onsets,Tabla\4way-tabla-ismir21-dataset\train\onsets\rt\PP_comp80_t.onsets,NON_AUDIO_OR_UNSUPPORTED,,,,REVIEW,Extension .onsets is not a standard audio format
Tabla,KB_18.onsets,Tabla\4way-tabla-ismir21-dataset\train\onsets\rt\KB_18.onsets,NON_AUDIO_OR_UNSUPPORTED,,,,REVIEW,Extension .onsets is not a standard audio format
Tabla,T5_Gat_05.onsets,Tabla\4way-tabla-ismir21-dataset\train\onsets\rt\T5_Gat_05.onsets,NON_AUDIO_OR_UNSUPPORTED,,,,REVIEW,Extension .onsets is not a standard audio format
Tabla,AHK_solo-tintal-3.onsets,Tabla\4way-tabla-ismir21-dataset\train\onsets\rt\AHK_solo-tintal-3.onsets,NON_AUDIO_OR_UNSUPPORTED,,,,REVIEW,Extension .onsets is not a standard audio format
Tabla,PP_comp25_t.onsets,Tabla\4way-tabla-ismir21-dataset\train\onsets\rt\PP_comp25_t.onsets,NON_AUDIO_OR_UNSUPPORTED,,,,REVIEW,Extension .onsets is not a standard audio format
Tabla,T4_Mukuda_01.onsets,Tabla\4way-tabla-ismir21-dataset\train\onsets\rt\T4_Mukuda_01.onsets,NON_AUDIO_OR_UNSUPPORTED,,,,REVIEW,Extension .onsets is not a standard audio format
Tabla,T4_Dli_02.onsets,Tabla\4way-tabla-ismir21-dataset\train\onsets\rt\T4_Dli_02.onsets,NON_AUDIO_OR_UNSUPPORTED,,,,REVIEW,Extension .onsets is not a standard audio format
Tabla,RMA_20.onsets,Tabla\4way-tabla-ismir21-dataset\train\onsets\rt\RMA_20.onsets,NON_AUDIO_OR_UNSUPPORTED,,,,REVIEW,Extension .onsets is not a standard audio format
Tabla,T7_Jap_Tukuda_04.onsets,Tabla\4way-tabla-ismir21-dataset\train\onsets\rt\T7_Jap_Tukuda_04.onsets,NON_AUDIO_OR_UNSUPPORTED,,,,REVIEW,Extension .onsets is not a standard audio format
Tabla,AS_comp107_t.onsets,Tabla\4way-tabla-ismir21-dataset\train\onsets\rt\AS_comp107_t.onsets,NON_AUDIO_OR_UNSUPPORTED,,,,REVIEW,Extension .onsets is not a standard audio format
Tabla,T4_Gat_01.onsets,Tabla\4way-tabla-ismir21-dataset\train\onsets\rt\T4_Gat_01.onsets,NON_AUDIO_OR_UNSUPPORTED,,,,REVIEW,Extension .onsets is not a standard audio format
Tabla,T7_Tukuda_04.onsets,Tabla\4way-tabla-ismir21-dataset\train\onsets\rt\T7_Tukuda_04.onsets,NON_AUDIO_OR_UNSUPPORTED,,,,REVIEW,Extension .onsets is not a standard audio format
Tabla,SK_comp_2.onsets,Tabla\4way-tabla-ismir21-dataset\train\onsets\rt\SK_comp_2.onsets,NON_AUDIO_OR_UNSUPPORTED,,,,REVIEW,Extension .onsets is not a standard audio format
Tabla,PP_comp26_t.onsets,Tabla\4way-tabla-ismir21-dataset\train\onsets\rt\PP_comp26_t.onsets,NON_AUDIO_OR_UNSUPPORTED,,,,REVIEW,Extension .onsets is not a standard audio format
Tabla,PP_comp27_t.onsets,Tabla\4way-tabla-ismir21-dataset\train\onsets\rt\PP_comp27_t.onsets,NON_AUDIO_OR_UNSUPPORTED,,,,REVIEW,Extension .onsets is not a standard audio format
Tabla,RMA_5.onsets,Tabla\4way-tabla-ismir21-dataset\train\onsets\rt\RMA_5.onsets,NON_AUDIO_OR_UNSUPPORTED,,,,REVIEW,Extension .onsets is not a standard audio format
Tabla,T7_Ben_tukuda_04.onsets,Tabla\4way-tabla-ismir21-dataset\train\onsets\rt\T7_Ben_tukuda_04.onsets,NON_AUDIO_OR_UNSUPPORTED,,,,REVIEW,Extension .onsets is not a standard audio format
Tabla,T4_Vilambit_01.onsets,Tabla\4way-tabla-ismir21-dataset\train\onsets\rt\T4_Vilambit_01.onsets,NON_AUDIO_OR_UNSUPPORTED,,,,REVIEW,Extension .onsets is not a standard audio format
Tabla,T7_Jap_Tukuda_03.onsets,Tabla\4way-tabla-ismir21-dataset\train\onsets\rt\T7_Jap_Tukuda_03.onsets,NON_AUDIO_OR_UNSUPPORTED,,,,REVIEW,Extension .onsets is not a standard audio format
Tabla,T7_Fur_04.onsets,Tabla\4way-tabla-ismir21-dataset\train\onsets\rt\T7_Fur_04.onsets,NON_AUDIO_OR_UNSUPPORTED,,,,REVIEW,Extension .onsets is not a standard audio format
Tabla,T5_Gat_03_1.onsets,Tabla\4way-tabla-ismir21-dataset\train\onsets\rt\T5_Gat_03_1.onsets,NON_AUDIO_OR_UNSUPPORTED,,,,REVIEW,Extension .onsets is not a standard audio format
Tabla,SK_teentaal_punjabi.onsets,Tabla\4way-tabla-ismir21-dataset\train\onsets\rt\SK_teentaal_punjabi.onsets,NON_AUDIO_OR_UNSUPPORTED,,,,REVIEW,Extension .onsets is not a standard audio format
Tabla,PP_comp3_t.onsets,Tabla\4way-tabla-ismir21-dataset\train\onsets\rt\PP_comp3_t.onsets,NON_AUDIO_OR_UNSUPPORTED,,,,REVIEW,Extension .onsets is not a standard audio format
Tabla,AHK_solo-tintal-4.onsets,Tabla\4way-tabla-ismir21-dataset\train\onsets\rt\AHK_solo-tintal-4.onsets,NON_AUDIO_OR_UNSUPPORTED,,,,REVIEW,Extension .onsets is not a standard audio format
Tabla,PP_comp84_t.onsets,Tabla\4way-tabla-ismir21-dataset\train\onsets\rt\PP_comp84_t.onsets,NON_AUDIO_OR_UNSUPPORTED,,,,REVIEW,Extension .onsets is not a standard audio format
Tabla,RMA_22.onsets,Tabla\4way-tabla-ismir21-dataset\train\onsets\rt\RMA_22.onsets,NON_AUDIO_OR_UNSUPPORTED,,,,REVIEW,Extension .onsets is not a standard audio format
Tabla,T7_Ben_tukuda_01.onsets,Tabla\4way-tabla-ismir21-dataset\train\onsets\rt\T7_Ben_tukuda_01.onsets,NON_AUDIO_OR_UNSUPPORTED,,,,REVIEW,Extension .onsets is not a standard audio format
Tabla,AS_comp112_t.onsets,Tabla\4way-tabla-ismir21-dataset\train\onsets\rt\AS_comp112_t.onsets,NON_AUDIO_OR_UNSUPPORTED,,,,REVIEW,Extension .onsets is not a standard audio format
Tabla,RMA_2.onsets,Tabla\4way-tabla-ismir21-dataset\train\onsets\rt\RMA_2.onsets,NON_AUDIO_OR_UNSUPPORTED,,,,REVIEW,Extension .onsets is not a standard audio format
Tabla,T4_Tukuda_Ben_03.onsets,Tabla\4way-tabla-ismir21-dataset\train\onsets\rt\T4_Tukuda_Ben_03.onsets,NON_AUDIO_OR_UNSUPPORTED,,,,REVIEW,Extension .onsets is not a standard audio format
Tabla,T7_DLI_01.onsets,Tabla\4way-tabla-ismir21-dataset\train\onsets\rt\T7_DLI_01.onsets,NON_AUDIO_OR_UNSUPPORTED,,,,REVIEW,Extension .onsets is not a standard audio format
Tabla,PP_comp83_t.onsets,Tabla\4way-tabla-ismir21-dataset\train\onsets\rt\PP_comp83_t.onsets,NON_AUDIO_OR_UNSUPPORTED,,,,REVIEW,Extension .onsets is not a standard audio format
Tabla,T4_Dli_03.onsets,Tabla\4way-tabla-ismir21-dataset\train\onsets\rt\T4_Dli_03.onsets,NON_AUDIO_OR_UNSUPPORTED,,,,REVIEW,Extension .onsets is not a standard audio format
Tabla,T7_Ben_tukuda_05.onsets,Tabla\4way-tabla-ismir21-dataset\train\onsets\rt\T7_Ben_tukuda_05.onsets,NON_AUDIO_OR_UNSUPPORTED,,,,REVIEW,Extension .onsets is not a standard audio format
Tabla,SK_uthan_1.onsets,Tabla\4way-tabla-ismir21-dataset\train\onsets\rt\SK_uthan_1.onsets,NON_AUDIO_OR_UNSUPPORTED,,,,REVIEW,Extension .onsets is not a standard audio format
Tabla,SK_teentaal_drut.onsets,Tabla\4way-tabla-ismir21-dataset\train\onsets\rt\SK_teentaal_drut.onsets,NON_AUDIO_OR_UNSUPPORTED,,,,REVIEW,Extension .onsets is not a standard audio format
Tabla,KB_2.onsets,Tabla\4way-tabla-ismir21-dataset\train\onsets\rt\KB_2.onsets,NON_AUDIO_OR_UNSUPPORTED,,,,REVIEW,Extension .onsets is not a standard audio format
Tabla,AS_comp105_t.onsets,Tabla\4way-tabla-ismir21-dataset\train\onsets\rt\AS_comp105_t.onsets,NON_AUDIO_OR_UNSUPPORTED,,,,REVIEW,Extension .onsets is not a standard audio format
Tabla,PP_comp28_t.onsets,Tabla\4way-tabla-ismir21-dataset\train\onsets\rt\PP_comp28_t.onsets,NON_AUDIO_OR_UNSUPPORTED,,,,REVIEW,Extension .onsets is not a standard audio format
Tabla,SK_comp_4.onsets,Tabla\4way-tabla-ismir21-dataset\train\onsets\rt\SK_comp_4.onsets,NON_AUDIO_OR_UNSUPPORTED,,,,REVIEW,Extension .onsets is not a standard audio format
Tabla,AHK_solo-tintal-5.onsets,Tabla\4way-tabla-ismir21-dataset\train\onsets\rt\AHK_solo-tintal-5.onsets,NON_AUDIO_OR_UNSUPPORTED,,,,REVIEW,Extension .onsets is not a standard audio format
Tabla,SK_ektaal_vilambit.onsets,Tabla\4way-tabla-ismir21-dataset\train\onsets\rt\SK_ektaal_vilambit.onsets,NON_AUDIO_OR_UNSUPPORTED,,,,REVIEW,Extension .onsets is not a standard audio format
Tabla,T5_Gat_04.onsets,Tabla\4way-tabla-ismir21-dataset\train\onsets\rt\T5_Gat_04.onsets,NON_AUDIO_OR_UNSUPPORTED,,,,REVIEW,Extension .onsets is not a standard audio format
Tabla,T4_Pur_03.onsets,Tabla\4way-tabla-ismir21-dataset\train\onsets\rt\T4_Pur_03.onsets,NON_AUDIO_OR_UNSUPPORTED,,,,REVIEW,Extension .onsets is not a standard audio format
Tabla,T4_Tukuda_Ben_02.onsets,Tabla\4way-tabla-ismir21-dataset\train\onsets\rt\T4_Tukuda_Ben_02.onsets,NON_AUDIO_OR_UNSUPPORTED,,,,REVIEW,Extension .onsets is not a standard audio format
Tabla,PP_comp16new_t.onsets,Tabla\4way-tabla-ismir21-dataset\train\onsets\rt\PP_comp16new_t.onsets,NON_AUDIO_OR_UNSUPPORTED,,,,REVIEW,Extension .onsets is not a standard audio format
Tabla,T7_Tukuda_05.onsets,Tabla\4way-tabla-ismir21-dataset\train\onsets\rt\T7_Tukuda_05.onsets,NON_AUDIO_OR_UNSUPPORTED,,,,REVIEW,Extension .onsets is not a standard audio format
Tabla,T4_Gat_pra_01.onsets,Tabla\4way-tabla-ismir21-dataset\train\onsets\rt\T4_Gat_pra_01.onsets,NON_AUDIO_OR_UNSUPPORTED,,,,REVIEW,Extension .onsets is not a standard audio format
Tabla,KB_26.onsets,Tabla\4way-tabla-ismir21-dataset\train\onsets\rt\KB_26.onsets,NON_AUDIO_OR_UNSUPPORTED,,,,REVIEW,Extension .onsets is not a standard audio format
Tabla,SK_teentaal.onsets,Tabla\4way-tabla-ismir21-dataset\train\onsets\rt\SK_teentaal.onsets,NON_AUDIO_OR_UNSUPPORTED,,,,REVIEW,Extension .onsets is not a standard audio format
Tabla,AHK_solo-tintal-2.onsets,Tabla\4way-tabla-ismir21-dataset\train\onsets\rt\AHK_solo-tintal-2.onsets,NON_AUDIO_OR_UNSUPPORTED,,,,REVIEW,Extension .onsets is not a standard audio format
Tabla,T4_Dli_04.onsets,Tabla\4way-tabla-ismir21-dataset\train\onsets\rt\T4_Dli_04.onsets,NON_AUDIO_OR_UNSUPPORTED,,,,REVIEW,Extension .onsets is not a standard audio format
Tabla,T4_Tukuda_Japh_02.onsets,Tabla\4way-tabla-ismir21-dataset\train\onsets\rt\T4_Tukuda_Japh_02.onsets,NON_AUDIO_OR_UNSUPPORTED,,,,REVIEW,Extension .onsets is not a standard audio format
Tabla,T7_Pur_04.onsets,Tabla\4way-tabla-ismir21-dataset\train\onsets\rt\T7_Pur_04.onsets,NON_AUDIO_OR_UNSUPPORTED,,,,REVIEW,Extension .onsets is not a standard audio format
Tabla,RMA_8.onsets,Tabla\4way-tabla-ismir21-dataset\train\onsets\rt\RMA_8.onsets,NON_AUDIO_OR_UNSUPPORTED,,,,REVIEW,Extension .onsets is not a standard audio format
Tabla,T5_Dli_05.onsets,Tabla\4way-tabla-ismir21-dataset\train\onsets\rt\T5_Dli_05.onsets,NON_AUDIO_OR_UNSUPPORTED,,,,REVIEW,Extension .onsets is not a standard audio format
Tabla,T4_Tukuda_01.onsets,Tabla\4way-tabla-ismir21-dataset\train\onsets\rt\T4_Tukuda_01.onsets,NON_AUDIO_OR_UNSUPPORTED,,,,REVIEW,Extension .onsets is not a standard audio format
Tabla,PP_comp9_t.onsets,Tabla\4way-tabla-ismir21-dataset\train\onsets\rt\PP_comp9_t.onsets,NON_AUDIO_OR_UNSUPPORTED,,,,REVIEW,Extension .onsets is not a standard audio format
Tabla,KB_20.onsets,Tabla\4way-tabla-ismir21-dataset\train\onsets\rt\KB_20.onsets,NON_AUDIO_OR_UNSUPPORTED,,,,REVIEW,Extension .onsets is not a standard audio format
Tabla,SM_peshkar.onsets,Tabla\4way-tabla-ismir21-dataset\train\onsets\rt\SM_peshkar.onsets,NON_AUDIO_OR_UNSUPPORTED,,,,REVIEW,Extension .onsets is not a standard audio format
Tabla,T5_Luc_05.onsets,Tabla\4way-tabla-ismir21-dataset\train\onsets\rt\T5_Luc_05.onsets,NON_AUDIO_OR_UNSUPPORTED,,,,REVIEW,Extension .onsets is not a standard audio format
Tabla,T5_Luc_02.onsets,Tabla\4way-tabla-ismir21-dataset\train\onsets\rt\T5_Luc_02.onsets,NON_AUDIO_OR_UNSUPPORTED,,,,REVIEW,Extension .onsets is not a standard audio format
Tabla,PP_comp82_t.onsets,Tabla\4way-tabla-ismir21-dataset\train\onsets\rt\PP_comp82_t.onsets,NON_AUDIO_OR_UNSUPPORTED,,,,REVIEW,Extension .onsets is not a standard audio format
Tabla,AS_comp109_t.onsets,Tabla\4way-tabla-ismir21-dataset\train\onsets\rt\AS_comp109_t.onsets,NON_AUDIO_OR_UNSUPPORTED,,,,REVIEW,Extension .onsets is not a standard audio format
Tabla,RMA_15.onsets,Tabla\4way-tabla-ismir21-dataset\train\onsets\rt\RMA_15.onsets,NON_AUDIO_OR_UNSUPPORTED,,,,REVIEW,Extension .onsets is not a standard audio format
Tabla,PP_comp86_t.onsets,Tabla\4way-tabla-ismir21-dataset\train\onsets\rt\PP_comp86_t.onsets,NON_AUDIO_OR_UNSUPPORTED,,,,REVIEW,Extension .onsets is not a standard audio format
Tabla,T4_Pur_04.onsets,Tabla\4way-tabla-ismir21-dataset\train\onsets\rt\T4_Pur_04.onsets,NON_AUDIO_OR_UNSUPPORTED,,,,REVIEW,Extension .onsets is not a standard audio format
Tabla,RMA_29.onsets,Tabla\4way-tabla-ismir21-dataset\train\onsets\rt\RMA_29.onsets,NON_AUDIO_OR_UNSUPPORTED,,,,REVIEW,Extension .onsets is not a standard audio format
Tabla,T7_Pur_02.onsets,Tabla\4way-tabla-ismir21-dataset\train\onsets\rt\T7_Pur_02.onsets,NON_AUDIO_OR_UNSUPPORTED,,,,REVIEW,Extension .onsets is not a standard audio format
Tabla,T7_LUC_01.onsets,Tabla\4way-tabla-ismir21-dataset\train\onsets\rt\T7_LUC_01.onsets,NON_AUDIO_OR_UNSUPPORTED,,,,REVIEW,Extension .onsets is not a standard audio format
Tabla,T5_Luc_03.onsets,Tabla\4way-tabla-ismir21-dataset\train\onsets\rt\T5_Luc_03.onsets,NON_AUDIO_OR_UNSUPPORTED,,,,REVIEW,Extension .onsets is not a standard audio format
Tabla,RMA_3.onsets,Tabla\4way-tabla-ismir21-dataset\train\onsets\rt\RMA_3.onsets,NON_AUDIO_OR_UNSUPPORTED,,,,REVIEW,Extension .onsets is not a standard audio format
Tabla,KB_8.onsets,Tabla\4way-tabla-ismir21-dataset\train\onsets\rt\KB_8.onsets,NON_AUDIO_OR_UNSUPPORTED,,,,REVIEW,Extension .onsets is not a standard audio format
Tabla,T5_Luc_01.onsets,Tabla\4way-tabla-ismir21-dataset\train\onsets\rt\T5_Luc_01.onsets,NON_AUDIO_OR_UNSUPPORTED,,,,REVIEW,Extension .onsets is not a standard audio format
Tabla,SK_dadra.onsets,Tabla\4way-tabla-ismir21-dataset\train\onsets\rt\SK_dadra.onsets,NON_AUDIO_OR_UNSUPPORTED,,,,REVIEW,Extension .onsets is not a standard audio format
Tabla,T4_Luc_02.onsets,Tabla\4way-tabla-ismir21-dataset\train\onsets\rt\T4_Luc_02.onsets,NON_AUDIO_OR_UNSUPPORTED,,,,REVIEW,Extension .onsets is not a standard audio format
Tabla,RMA_14.onsets,Tabla\4way-tabla-ismir21-dataset\train\onsets\rt\RMA_14.onsets,NON_AUDIO_OR_UNSUPPORTED,,,,REVIEW,Extension .onsets is not a standard audio format
Tabla,T5_Luc_06.onsets,Tabla\4way-tabla-ismir21-dataset\train\onsets\rt\T5_Luc_06.onsets,NON_AUDIO_OR_UNSUPPORTED,,,,REVIEW,Extension .onsets is not a standard audio format
Tabla,KB_16.onsets,Tabla\4way-tabla-ismir21-dataset\train\onsets\rt\KB_16.onsets,NON_AUDIO_OR_UNSUPPORTED,,,,REVIEW,Extension .onsets is not a standard audio format
Tabla,RMA_10.onsets,Tabla\4way-tabla-ismir21-dataset\train\onsets\rt\RMA_10.onsets,NON_AUDIO_OR_UNSUPPORTED,,,,REVIEW,Extension .onsets is not a standard audio format
Tabla,T4_Dli_01.onsets,Tabla\4way-tabla-ismir21-dataset\train\onsets\rt\T4_Dli_01.onsets,NON_AUDIO_OR_UNSUPPORTED,,,,REVIEW,Extension .onsets is not a standard audio format
Tabla,PP_comp19_t.onsets,Tabla\4way-tabla-ismir21-dataset\train\onsets\rt\PP_comp19_t.onsets,NON_AUDIO_OR_UNSUPPORTED,,,,REVIEW,Extension .onsets is not a standard audio format
Tabla,T4_Luc_04.onsets,Tabla\4way-tabla-ismir21-dataset\train\onsets\rt\T4_Luc_04.onsets,NON_AUDIO_OR_UNSUPPORTED,,,,REVIEW,Extension .onsets is not a standard audio format
Tabla,AS_comp108_t.onsets,Tabla\4way-tabla-ismir21-dataset\train\onsets\rt\AS_comp108_t.onsets,NON_AUDIO_OR_UNSUPPORTED,,,,REVIEW,Extension .onsets is not a standard audio format
Tabla,T7_Tukuda_01.onsets,Tabla\4way-tabla-ismir21-dataset\train\onsets\rt\T7_Tukuda_01.onsets,NON_AUDIO_OR_UNSUPPORTED,,,,REVIEW,Extension .onsets is not a standard audio format
Tabla,AS_comp113_t.onsets,Tabla\4way-tabla-ismir21-dataset\train\onsets\rt\AS_comp113_t.onsets,NON_AUDIO_OR_UNSUPPORTED,,,,REVIEW,Extension .onsets is not a standard audio format
Tabla,T4_Pur_02.onsets,Tabla\4way-tabla-ismir21-dataset\train\onsets\rt\T4_Pur_02.onsets,NON_AUDIO_OR_UNSUPPORTED,,,,REVIEW,Extension .onsets is not a standard audio format
Tabla,KB_1.onsets,Tabla\4way-tabla-ismir21-dataset\train\onsets\rt\KB_1.onsets,NON_AUDIO_OR_UNSUPPORTED,,,,REVIEW,Extension .onsets is not a standard audio format
Tabla,PP_comp23_t.onsets,Tabla\4way-tabla-ismir21-dataset\train\onsets\rt\PP_comp23_t.onsets,NON_AUDIO_OR_UNSUPPORTED,,,,REVIEW,Extension .onsets is not a standard audio format
Tabla,PP_comp5_t.onsets,Tabla\4way-tabla-ismir21-dataset\train\onsets\rt\PP_comp5_t.onsets,NON_AUDIO_OR_UNSUPPORTED,,,,REVIEW,Extension .onsets is not a standard audio format
Tabla,T4_Luc_03.onsets,Tabla\4way-tabla-ismir21-dataset\train\onsets\rt\T4_Luc_03.onsets,NON_AUDIO_OR_UNSUPPORTED,,,,REVIEW,Extension .onsets is not a standard audio format
Tabla,T7_Mukuda_01.onsets,Tabla\4way-tabla-ismir21-dataset\train\onsets\rt\T7_Mukuda_01.onsets,NON_AUDIO_OR_UNSUPPORTED,,,,REVIEW,Extension .onsets is not a standard audio format
Tabla,T7_Fur_03.onsets,Tabla\4way-tabla-ismir21-dataset\train\onsets\rt\T7_Fur_03.onsets,NON_AUDIO_OR_UNSUPPORTED,,,,REVIEW,Extension .onsets is not a standard audio format
Tabla,T5_Gat_01.onsets,Tabla\4way-tabla-ismir21-dataset\train\onsets\rt\T5_Gat_01.onsets,NON_AUDIO_OR_UNSUPPORTED,,,,REVIEW,Extension .onsets is not a standard audio format
Tabla,T4_Pur_01.onsets,Tabla\4way-tabla-ismir21-dataset\train\onsets\rt\T4_Pur_01.onsets,NON_AUDIO_OR_UNSUPPORTED,,,,REVIEW,Extension .onsets is not a standard audio format
Tabla,T4_Drut_02.onsets,Tabla\4way-tabla-ismir21-dataset\train\onsets\rt\T4_Drut_02.onsets,NON_AUDIO_OR_UNSUPPORTED,,,,REVIEW,Extension .onsets is not a standard audio format
Tabla,RMA_23.onsets,Tabla\4way-tabla-ismir21-dataset\train\onsets\rt\RMA_23.onsets,NON_AUDIO_OR_UNSUPPORTED,,,,REVIEW,Extension .onsets is not a standard audio format
Tabla,T4_Tukuda_04.onsets,Tabla\4way-tabla-ismir21-dataset\train\onsets\rt\T4_Tukuda_04.onsets,NON_AUDIO_OR_UNSUPPORTED,,,,REVIEW,Extension .onsets is not a standard audio format
Tabla,T7_Pur_03.onsets,Tabla\4way-tabla-ismir21-dataset\train\onsets\rt\T7_Pur_03.onsets,NON_AUDIO_OR_UNSUPPORTED,,,,REVIEW,Extension .onsets is not a standard audio format
Tabla,KB_19.onsets,Tabla\4way-tabla-ismir21-dataset\train\onsets\rt\KB_19.onsets,NON_AUDIO_OR_UNSUPPORTED,,,,REVIEW,Extension .onsets is not a standard audio format
Tabla,RMA_9.onsets,Tabla\4way-tabla-ismir21-dataset\train\onsets\rt\RMA_9.onsets,NON_AUDIO_OR_UNSUPPORTED,,,,REVIEW,Extension .onsets is not a standard audio format
Tabla,KB_17.onsets,Tabla\4way-tabla-ismir21-dataset\train\onsets\rt\KB_17.onsets,NON_AUDIO_OR_UNSUPPORTED,,,,REVIEW,Extension .onsets is not a standard audio format
Tabla,KB_22.onsets,Tabla\4way-tabla-ismir21-dataset\train\onsets\rt\KB_22.onsets,NON_AUDIO_OR_UNSUPPORTED,,,,REVIEW,Extension .onsets is not a standard audio format
Tabla,SK_roopak.onsets,Tabla\4way-tabla-ismir21-dataset\train\onsets\rt\SK_roopak.onsets,NON_AUDIO_OR_UNSUPPORTED,,,,REVIEW,Extension .onsets is not a standard audio format
Tabla,RMA_12.onsets,Tabla\4way-tabla-ismir21-dataset\train\onsets\rt\RMA_12.onsets,NON_AUDIO_OR_UNSUPPORTED,,,,REVIEW,Extension .onsets is not a standard audio format
Tabla,KB_23.onsets,Tabla\4way-tabla-ismir21-dataset\train\onsets\rt\KB_23.onsets,NON_AUDIO_OR_UNSUPPORTED,,,,REVIEW,Extension .onsets is not a standard audio format
Tabla,SK_comp_5.onsets,Tabla\4way-tabla-ismir21-dataset\train\onsets\rt\SK_comp_5.onsets,NON_AUDIO_OR_UNSUPPORTED,,,,REVIEW,Extension .onsets is not a standard audio format
Tabla,AS_comp103_t.onsets,Tabla\4way-tabla-ismir21-dataset\train\onsets\rt\AS_comp103_t.onsets,NON_AUDIO_OR_UNSUPPORTED,,,,REVIEW,Extension .onsets is not a standard audio format
Tabla,AS_comp101_t.onsets,Tabla\4way-tabla-ismir21-dataset\train\onsets\rt\AS_comp101_t.onsets,NON_AUDIO_OR_UNSUPPORTED,,,,REVIEW,Extension .onsets is not a standard audio format
Tabla,PP_comp77_t.onsets,Tabla\4way-tabla-ismir21-dataset\train\onsets\rt\PP_comp77_t.onsets,NON_AUDIO_OR_UNSUPPORTED,,,,REVIEW,Extension .onsets is not a standard audio format
Tabla,KB_5.onsets,Tabla\4way-tabla-ismir21-dataset\train\onsets\rt\KB_5.onsets,NON_AUDIO_OR_UNSUPPORTED,,,,REVIEW,Extension .onsets is not a standard audio format
Tabla,SM_uthan.onsets,Tabla\4way-tabla-ismir21-dataset\train\onsets\rt\SM_uthan.onsets,NON_AUDIO_OR_UNSUPPORTED,,,,REVIEW,Extension .onsets is not a standard audio format
Tabla,RMA_11.onsets,Tabla\4way-tabla-ismir21-dataset\train\onsets\rt\RMA_11.onsets,NON_AUDIO_OR_UNSUPPORTED,,,,REVIEW,Extension .onsets is not a standard audio format
Tabla,AHK_solo-tintal-6.onsets,Tabla\4way-tabla-ismir21-dataset\train\onsets\rt\AHK_solo-tintal-6.onsets,NON_AUDIO_OR_UNSUPPORTED,,,,REVIEW,Extension .onsets is not a standard audio format
Tabla,KB_4.onsets,Tabla\4way-tabla-ismir21-dataset\train\onsets\rt\KB_4.onsets,NON_AUDIO_OR_UNSUPPORTED,,,,REVIEW,Extension .onsets is not a standard audio format
Tabla,T5_Luc_07.onsets,Tabla\4way-tabla-ismir21-dataset\train\onsets\rt\T5_Luc_07.onsets,NON_AUDIO_OR_UNSUPPORTED,,,,REVIEW,Extension .onsets is not a standard audio format
Tabla,KB_14.onsets,Tabla\4way-tabla-ismir21-dataset\train\onsets\rt\KB_14.onsets,NON_AUDIO_OR_UNSUPPORTED,,,,REVIEW,Extension .onsets is not a standard audio format
Tabla,T4_Gat_pra_00.onsets,Tabla\4way-tabla-ismir21-dataset\train\onsets\rt\T4_Gat_pra_00.onsets,NON_AUDIO_OR_UNSUPPORTED,,,,REVIEW,Extension .onsets is not a standard audio format
Tabla,T4_Tukuda_Ben_01.onsets,Tabla\4way-tabla-ismir21-dataset\train\onsets\rt\T4_Tukuda_Ben_01.onsets,NON_AUDIO_OR_UNSUPPORTED,,,,REVIEW,Extension .onsets is not a standard audio format
Tabla,KB_24.onsets,Tabla\4way-tabla-ismir21-dataset\train\onsets\rt\KB_24.onsets,NON_AUDIO_OR_UNSUPPORTED,,,,REVIEW,Extension .onsets is not a standard audio format
Tabla,T5_Dli_01.onsets,Tabla\4way-tabla-ismir21-dataset\train\onsets\rt\T5_Dli_01.onsets,NON_AUDIO_OR_UNSUPPORTED,,,,REVIEW,Extension .onsets is not a standard audio format
Tabla,T7_Tukuda_03.onsets,Tabla\4way-tabla-ismir21-dataset\train\onsets\rt\T7_Tukuda_03.onsets,NON_AUDIO_OR_UNSUPPORTED,,,,REVIEW,Extension .onsets is not a standard audio format
Tabla,RMA_28.onsets,Tabla\4way-tabla-ismir21-dataset\train\onsets\rt\RMA_28.onsets,NON_AUDIO_OR_UNSUPPORTED,,,,REVIEW,Extension .onsets is not a standard audio format
Tabla,T4_Tukuda_05.onsets,Tabla\4way-tabla-ismir21-dataset\train\onsets\rt\T4_Tukuda_05.onsets,NON_AUDIO_OR_UNSUPPORTED,,,,REVIEW,Extension .onsets is not a standard audio format
Tabla,T4_Drut_03.onsets,Tabla\4way-tabla-ismir21-dataset\train\onsets\rt\T4_Drut_03.onsets,NON_AUDIO_OR_UNSUPPORTED,,,,REVIEW,Extension .onsets is not a standard audio format
Tabla,AS_comp115_t.onsets,Tabla\4way-tabla-ismir21-dataset\train\onsets\rt\AS_comp115_t.onsets,NON_AUDIO_OR_UNSUPPORTED,,,,REVIEW,Extension .onsets is not a standard audio format
Tabla,KB_13.onsets,Tabla\4way-tabla-ismir21-dataset\train\onsets\d\KB_13.onsets,NON_AUDIO_OR_UNSUPPORTED,,,,REVIEW,Extension .onsets is not a standard audio format
Tabla,T7_Ben_tukuda_03.onsets,Tabla\4way-tabla-ismir21-dataset\train\onsets\d\T7_Ben_tukuda_03.onsets,NON_AUDIO_OR_UNSUPPORTED,,,,REVIEW,Extension .onsets is not a standard audio format
Tabla,T4_Luc_06.onsets,Tabla\4way-tabla-ismir21-dataset\train\onsets\d\T4_Luc_06.onsets,NON_AUDIO_OR_UNSUPPORTED,,,,REVIEW,Extension .onsets is not a standard audio format
Tabla,RMA_1.onsets,Tabla\4way-tabla-ismir21-dataset\train\onsets\d\RMA_1.onsets,NON_AUDIO_OR_UNSUPPORTED,,,,REVIEW,Extension .onsets is not a standard audio format
Tabla,T7_Tukuda_02.onsets,Tabla\4way-tabla-ismir21-dataset\train\onsets\d\T7_Tukuda_02.onsets,NON_AUDIO_OR_UNSUPPORTED,,,,REVIEW,Extension .onsets is not a standard audio format
Tabla,T4_02.onsets,Tabla\4way-tabla-ismir21-dataset\train\onsets\d\T4_02.onsets,NON_AUDIO_OR_UNSUPPORTED,,,,REVIEW,Extension .onsets is not a standard audio format
Tabla,T7_Jap_Tukuda_02.onsets,Tabla\4way-tabla-ismir21-dataset\train\onsets\d\T7_Jap_Tukuda_02.onsets,NON_AUDIO_OR_UNSUPPORTED,,,,REVIEW,Extension .onsets is not a standard audio format
Tabla,RMA_6.onsets,Tabla\4way-tabla-ismir21-dataset\train\onsets\d\RMA_6.onsets,NON_AUDIO_OR_UNSUPPORTED,,,,REVIEW,Extension .onsets is not a standard audio format
Tabla,PP_comp4_t.onsets,Tabla\4way-tabla-ismir21-dataset\train\onsets\d\PP_comp4_t.onsets,NON_AUDIO_OR_UNSUPPORTED,,,,REVIEW,Extension .onsets is not a standard audio format
Tabla,KB_3.onsets,Tabla\4way-tabla-ismir21-dataset\train\onsets\d\KB_3.onsets,NON_AUDIO_OR_UNSUPPORTED,,,,REVIEW,Extension .onsets is not a standard audio format
Tabla,T4_Gat_02.onsets,Tabla\4way-tabla-ismir21-dataset\train\onsets\d\T4_Gat_02.onsets,NON_AUDIO_OR_UNSUPPORTED,,,,REVIEW,Extension .onsets is not a standard audio format
Tabla,T7_Luc_jap_01.onsets,Tabla\4way-tabla-ismir21-dataset\train\onsets\d\T7_Luc_jap_01.onsets,NON_AUDIO_OR_UNSUPPORTED,,,,REVIEW,Extension .onsets is not a standard audio format
Tabla,T4_Tukuda_Japh_03.onsets,Tabla\4way-tabla-ismir21-dataset\train\onsets\d\T4_Tukuda_Japh_03.onsets,NON_AUDIO_OR_UNSUPPORTED,,,,REVIEW,Extension .onsets is not a standard audio format
Tabla,KB_25.onsets,Tabla\4way-tabla-ismir21-dataset\train\onsets\d\KB_25.onsets,NON_AUDIO_OR_UNSUPPORTED,,,,REVIEW,Extension .onsets is not a standard audio format
Tabla,AS_comp102_t.onsets,Tabla\4way-tabla-ismir21-dataset\train\onsets\d\AS_comp102_t.onsets,NON_AUDIO_OR_UNSUPPORTED,,,,REVIEW,Extension .onsets is not a standard audio format
Tabla,T4_Tukuda_Japh_04.onsets,Tabla\4way-tabla-ismir21-dataset\train\onsets\d\T4_Tukuda_Japh_04.onsets,NON_AUDIO_OR_UNSUPPORTED,,,,REVIEW,Extension .onsets is not a standard audio format
Tabla,RMA_17.onsets,Tabla\4way-tabla-ismir21-dataset\train\onsets\d\RMA_17.onsets,NON_AUDIO_OR_UNSUPPORTED,,,,REVIEW,Extension .onsets is not a standard audio format
Tabla,T4_Tukuda_Japh_05.onsets,Tabla\4way-tabla-ismir21-dataset\train\onsets\d\T4_Tukuda_Japh_05.onsets,NON_AUDIO_OR_UNSUPPORTED,,,,REVIEW,Extension .onsets is not a standard audio format
Tabla,T7_TAA5_01.onsets,Tabla\4way-tabla-ismir21-dataset\train\onsets\d\T7_TAA5_01.onsets,NON_AUDIO_OR_UNSUPPORTED,,,,REVIEW,Extension .onsets is not a standard audio format
Tabla,RMA_24.onsets,Tabla\4way-tabla-ismir21-dataset\train\onsets\d\RMA_24.onsets,NON_AUDIO_OR_UNSUPPORTED,,,,REVIEW,Extension .onsets is not a standard audio format
Tabla,KB_15.onsets,Tabla\4way-tabla-ismir21-dataset\train\onsets\d\KB_15.onsets,NON_AUDIO_OR_UNSUPPORTED,,,,REVIEW,Extension .onsets is not a standard audio format
Tabla,SM_kayda_2.onsets,Tabla\4way-tabla-ismir21-dataset\train\onsets\d\SM_kayda_2.onsets,NON_AUDIO_OR_UNSUPPORTED,,,,REVIEW,Extension .onsets is not a standard audio format
Tabla,AS_comp104_t.onsets,Tabla\4way-tabla-ismir21-dataset\train\onsets\d\AS_comp104_t.onsets,NON_AUDIO_OR_UNSUPPORTED,,,,REVIEW,Extension .onsets is not a standard audio format
Tabla,SM_kayda_1.onsets,Tabla\4way-tabla-ismir21-dataset\train\onsets\d\SM_kayda_1.onsets,NON_AUDIO_OR_UNSUPPORTED,,,,REVIEW,Extension .onsets is not a standard audio format
Tabla,SK_jhoomra.onsets,Tabla\4way-tabla-ismir21-dataset\train\onsets\d\SK_jhoomra.onsets,NON_AUDIO_OR_UNSUPPORTED,,,,REVIEW,Extension .onsets is not a standard audio format
Tabla,AHK_solo-tintal-1.onsets,Tabla\4way-tabla-ismir21-dataset\train\onsets\d\AHK_solo-tintal-1.onsets,NON_AUDIO_OR_UNSUPPORTED,,,,REVIEW,Extension .onsets is not a standard audio format
Tabla,KB_21.onsets,Tabla\4way-tabla-ismir21-dataset\train\onsets\d\KB_21.onsets,NON_AUDIO_OR_UNSUPPORTED,,,,REVIEW,Extension .onsets is not a standard audio format
Tabla,AHK_solo-tintal-7.onsets,Tabla\4way-tabla-ismir21-dataset\train\onsets\d\AHK_solo-tintal-7.onsets,NON_AUDIO_OR_UNSUPPORTED,,,,REVIEW,Extension .onsets is not a standard audio format
Tabla,RMA_13.onsets,Tabla\4way-tabla-ismir21-dataset\train\onsets\d\RMA_13.onsets,NON_AUDIO_OR_UNSUPPORTED,,,,REVIEW,Extension .onsets is not a standard audio format
Tabla,RMA_16.onsets,Tabla\4way-tabla-ismir21-dataset\train\onsets\d\RMA_16.onsets,NON_AUDIO_OR_UNSUPPORTED,,,,REVIEW,Extension .onsets is not a standard audio format
Tabla,RMA_25.onsets,Tabla\4way-tabla-ismir21-dataset\train\onsets\d\RMA_25.onsets,NON_AUDIO_OR_UNSUPPORTED,,,,REVIEW,Extension .onsets is not a standard audio format
Tabla,AS_comp114_t.onsets,Tabla\4way-tabla-ismir21-dataset\train\onsets\d\AS_comp114_t.onsets,NON_AUDIO_OR_UNSUPPORTED,,,,REVIEW,Extension .onsets is not a standard audio format
Tabla,AS_comp111_t.onsets,Tabla\4way-tabla-ismir21-dataset\train\onsets\d\AS_comp111_t.onsets,NON_AUDIO_OR_UNSUPPORTED,,,,REVIEW,Extension .onsets is not a standard audio format
Tabla,T4_Tukuda_Japh_01.onsets,Tabla\4way-tabla-ismir21-dataset\train\onsets\d\T4_Tukuda_Japh_01.onsets,NON_AUDIO_OR_UNSUPPORTED,,,,REVIEW,Extension .onsets is not a standard audio format
Tabla,T4_Tukuda_02.onsets,Tabla\4way-tabla-ismir21-dataset\train\onsets\d\T4_Tukuda_02.onsets,NON_AUDIO_OR_UNSUPPORTED,,,,REVIEW,Extension .onsets is not a standard audio format
Tabla,KB_12.onsets,Tabla\4way-tabla-ismir21-dataset\train\onsets\d\KB_12.onsets,NON_AUDIO_OR_UNSUPPORTED,,,,REVIEW,Extension .onsets is not a standard audio format
Tabla,SK_comp_7.onsets,Tabla\4way-tabla-ismir21-dataset\train\onsets\d\SK_comp_7.onsets,NON_AUDIO_OR_UNSUPPORTED,,,,REVIEW,Extension .onsets is not a standard audio format
Tabla,T4_Gat_05.onsets,Tabla\4way-tabla-ismir21-dataset\train\onsets\d\T4_Gat_05.onsets,NON_AUDIO_OR_UNSUPPORTED,,,,REVIEW,Extension .onsets is not a standard audio format
Tabla,RMA_4.onsets,Tabla\4way-tabla-ismir21-dataset\train\onsets\d\RMA_4.onsets,NON_AUDIO_OR_UNSUPPORTED,,,,REVIEW,Extension .onsets is not a standard audio format
Tabla,SK_comp_6.onsets,Tabla\4way-tabla-ismir21-dataset\train\onsets\d\SK_comp_6.onsets,NON_AUDIO_OR_UNSUPPORTED,,,,REVIEW,Extension .onsets is not a standard audio format
Tabla,SK_ektaal_drut.onsets,Tabla\4way-tabla-ismir21-dataset\train\onsets\d\SK_ektaal_drut.onsets,NON_AUDIO_OR_UNSUPPORTED,,,,REVIEW,Extension .onsets is not a standard audio format
Tabla,T5_Luc_04.onsets,Tabla\4way-tabla-ismir21-dataset\train\onsets\d\T5_Luc_04.onsets,NON_AUDIO_OR_UNSUPPORTED,,,,REVIEW,Extension .onsets is not a standard audio format
Tabla,T5_Dli_03.onsets,Tabla\4way-tabla-ismir21-dataset\train\onsets\d\T5_Dli_03.onsets,NON_AUDIO_OR_UNSUPPORTED,,,,REVIEW,Extension .onsets is not a standard audio format
Tabla,T4_Ben_03.onsets,Tabla\4way-tabla-ismir21-dataset\train\onsets\d\T4_Ben_03.onsets,NON_AUDIO_OR_UNSUPPORTED,,,,REVIEW,Extension .onsets is not a standard audio format
Tabla,RMA_26.onsets,Tabla\4way-tabla-ismir21-dataset\train\onsets\d\RMA_26.onsets,NON_AUDIO_OR_UNSUPPORTED,,,,REVIEW,Extension .onsets is not a standard audio format
Tabla,KB_11.onsets,Tabla\4way-tabla-ismir21-dataset\train\onsets\d\KB_11.onsets,NON_AUDIO_OR_UNSUPPORTED,,,,REVIEW,Extension .onsets is not a standard audio format
Tabla,PP_comp81_t.onsets,Tabla\4way-tabla-ismir21-dataset\train\onsets\d\PP_comp81_t.onsets,NON_AUDIO_OR_UNSUPPORTED,,,,REVIEW,Extension .onsets is not a standard audio format
Tabla,SK_kaida_1.onsets,Tabla\4way-tabla-ismir21-dataset\train\onsets\d\SK_kaida_1.onsets,NON_AUDIO_OR_UNSUPPORTED,,,,REVIEW,Extension .onsets is not a standard audio format
Tabla,T7_Jap_Tukuda_05.onsets,Tabla\4way-tabla-ismir21-dataset\train\onsets\d\T7_Jap_Tukuda_05.onsets,NON_AUDIO_OR_UNSUPPORTED,,,,REVIEW,Extension .onsets is not a standard audio format
Tabla,T4_Tukuda_Ben_04.onsets,Tabla\4way-tabla-ismir21-dataset\train\onsets\d\T4_Tukuda_Ben_04.onsets,NON_AUDIO_OR_UNSUPPORTED,,,,REVIEW,Extension .onsets is not a standard audio format
Tabla,PP_comp11_t.onsets,Tabla\4way-tabla-ismir21-dataset\train\onsets\d\PP_comp11_t.onsets,NON_AUDIO_OR_UNSUPPORTED,,,,REVIEW,Extension .onsets is not a standard audio format
Tabla,T4_Gat_pra_02.onsets,Tabla\4way-tabla-ismir21-dataset\train\onsets\d\T4_Gat_pra_02.onsets,NON_AUDIO_OR_UNSUPPORTED,,,,REVIEW,Extension .onsets is not a standard audio format
Tabla,T7_Gat_tukuda_01.onsets,Tabla\4way-tabla-ismir21-dataset\train\onsets\d\T7_Gat_tukuda_01.onsets,NON_AUDIO_OR_UNSUPPORTED,,,,REVIEW,Extension .onsets is not a standard audio format
Tabla,SK_comp_1.onsets,Tabla\4way-tabla-ismir21-dataset\train\onsets\d\SK_comp_1.onsets,NON_AUDIO_OR_UNSUPPORTED,,,,REVIEW,Extension .onsets is not a standard audio format
Tabla,SM_chakradhar.onsets,Tabla\4way-tabla-ismir21-dataset\train\onsets\d\SM_chakradhar.onsets,NON_AUDIO_OR_UNSUPPORTED,,,,REVIEW,Extension .onsets is not a standard audio format
Tabla,T4_Pur_05.onsets,Tabla\4way-tabla-ismir21-dataset\train\onsets\d\T4_Pur_05.onsets,NON_AUDIO_OR_UNSUPPORTED,,,,REVIEW,Extension .onsets is not a standard audio format
Tabla,T7_Ben_tukuda_02.onsets,Tabla\4way-tabla-ismir21-dataset\train\onsets\d\T7_Ben_tukuda_02.onsets,NON_AUDIO_OR_UNSUPPORTED,,,,REVIEW,Extension .onsets is not a standard audio format
Tabla,AS_comp110_t.onsets,Tabla\4way-tabla-ismir21-dataset\train\onsets\d\AS_comp110_t.onsets,NON_AUDIO_OR_UNSUPPORTED,,,,REVIEW,Extension .onsets is not a standard audio format
Tabla,AS_comp117_t.onsets,Tabla\4way-tabla-ismir21-dataset\train\onsets\d\AS_comp117_t.onsets,NON_AUDIO_OR_UNSUPPORTED,,,,REVIEW,Extension .onsets is not a standard audio format
Tabla,AS_comp106_t.onsets,Tabla\4way-tabla-ismir21-dataset\train\onsets\d\AS_comp106_t.onsets,NON_AUDIO_OR_UNSUPPORTED,,,,REVIEW,Extension .onsets is not a standard audio format
Tabla,T5_Gat_03.onsets,Tabla\4way-tabla-ismir21-dataset\train\onsets\d\T5_Gat_03.onsets,NON_AUDIO_OR_UNSUPPORTED,,,,REVIEW,Extension .onsets is not a standard audio format
Tabla,T5_Dli_04.onsets,Tabla\4way-tabla-ismir21-dataset\train\onsets\d\T5_Dli_04.onsets,NON_AUDIO_OR_UNSUPPORTED,,,,REVIEW,Extension .onsets is not a standard audio format
Tabla,T4_Luc_01.onsets,Tabla\4way-tabla-ismir21-dataset\train\onsets\d\T4_Luc_01.onsets,NON_AUDIO_OR_UNSUPPORTED,,,,REVIEW,Extension .onsets is not a standard audio format
Tabla,RMA_30.onsets,Tabla\4way-tabla-ismir21-dataset\train\onsets\d\RMA_30.onsets,NON_AUDIO_OR_UNSUPPORTED,,,,REVIEW,Extension .onsets is not a standard audio format
Tabla,KB_7.onsets,Tabla\4way-tabla-ismir21-dataset\train\onsets\d\KB_7.onsets,NON_AUDIO_OR_UNSUPPORTED,,,,REVIEW,Extension .onsets is not a standard audio format
Tabla,T5_Dli_02.onsets,Tabla\4way-tabla-ismir21-dataset\train\onsets\d\T5_Dli_02.onsets,NON_AUDIO_OR_UNSUPPORTED,,,,REVIEW,Extension .onsets is not a standard audio format
Tabla,PP_comp17_t.onsets,Tabla\4way-tabla-ismir21-dataset\train\onsets\d\PP_comp17_t.onsets,NON_AUDIO_OR_UNSUPPORTED,,,,REVIEW,Extension .onsets is not a standard audio format
Tabla,AS_comp116_t.onsets,Tabla\4way-tabla-ismir21-dataset\train\onsets\d\AS_comp116_t.onsets,NON_AUDIO_OR_UNSUPPORTED,,,,REVIEW,Extension .onsets is not a standard audio format
Tabla,T7_Fur_01.onsets,Tabla\4way-tabla-ismir21-dataset\train\onsets\d\T7_Fur_01.onsets,NON_AUDIO_OR_UNSUPPORTED,,,,REVIEW,Extension .onsets is not a standard audio format
Tabla,T4_Gat_04.onsets,Tabla\4way-tabla-ismir21-dataset\train\onsets\d\T4_Gat_04.onsets,NON_AUDIO_OR_UNSUPPORTED,,,,REVIEW,Extension .onsets is not a standard audio format
Tabla,PP_comp12_t.onsets,Tabla\4way-tabla-ismir21-dataset\train\onsets\d\PP_comp12_t.onsets,NON_AUDIO_OR_UNSUPPORTED,,,,REVIEW,Extension .onsets is not a standard audio format
Tabla,RMA_18.onsets,Tabla\4way-tabla-ismir21-dataset\train\onsets\d\RMA_18.onsets,NON_AUDIO_OR_UNSUPPORTED,,,,REVIEW,Extension .onsets is not a standard audio format
Tabla,T7_TAA1_01.onsets,Tabla\4way-tabla-ismir21-dataset\train\onsets\d\T7_TAA1_01.onsets,NON_AUDIO_OR_UNSUPPORTED,,,,REVIEW,Extension .onsets is not a standard audio format
Tabla,RMA_21.onsets,Tabla\4way-tabla-ismir21-dataset\train\onsets\d\RMA_21.onsets,NON_AUDIO_OR_UNSUPPORTED,,,,REVIEW,Extension .onsets is not a standard audio format
Tabla,SK_teentaal_vilambit.onsets,Tabla\4way-tabla-ismir21-dataset\train\onsets\d\SK_teentaal_vilambit.onsets,NON_AUDIO_OR_UNSUPPORTED,,,,REVIEW,Extension .onsets is not a standard audio format
Tabla,T7_GAT_01.onsets,Tabla\4way-tabla-ismir21-dataset\train\onsets\d\T7_GAT_01.onsets,NON_AUDIO_OR_UNSUPPORTED,,,,REVIEW,Extension .onsets is not a standard audio format
Tabla,T4_Luc_05.onsets,Tabla\4way-tabla-ismir21-dataset\train\onsets\d\T4_Luc_05.onsets,NON_AUDIO_OR_UNSUPPORTED,,,,REVIEW,Extension .onsets is not a standard audio format
Tabla,SK_teentaal_mahadrut.onsets,Tabla\4way-tabla-ismir21-dataset\train\onsets\d\SK_teentaal_mahadrut.onsets,NON_AUDIO_OR_UNSUPPORTED,,,,REVIEW,Extension .onsets is not a standard audio format
Tabla,T7_Fur_02.onsets,Tabla\4way-tabla-ismir21-dataset\train\onsets\d\T7_Fur_02.onsets,NON_AUDIO_OR_UNSUPPORTED,,,,REVIEW,Extension .onsets is not a standard audio format
Tabla,T4_Dli_05.onsets,Tabla\4way-tabla-ismir21-dataset\train\onsets\d\T4_Dli_05.onsets,NON_AUDIO_OR_UNSUPPORTED,,,,REVIEW,Extension .onsets is not a standard audio format
Tabla,KB_6.onsets,Tabla\4way-tabla-ismir21-dataset\train\onsets\d\KB_6.onsets,NON_AUDIO_OR_UNSUPPORTED,,,,REVIEW,Extension .onsets is not a standard audio format
Tabla,T7_Rela_01.onsets,Tabla\4way-tabla-ismir21-dataset\train\onsets\d\T7_Rela_01.onsets,NON_AUDIO_OR_UNSUPPORTED,,,,REVIEW,Extension .onsets is not a standard audio format
Tabla,SK_ektaal.onsets,Tabla\4way-tabla-ismir21-dataset\train\onsets\d\SK_ektaal.onsets,NON_AUDIO_OR_UNSUPPORTED,,,,REVIEW,Extension .onsets is not a standard audio format
Tabla,SK_rela_1.onsets,Tabla\4way-tabla-ismir21-dataset\train\onsets\d\SK_rela_1.onsets,NON_AUDIO_OR_UNSUPPORTED,,,,REVIEW,Extension .onsets is not a standard audio format
Tabla,RMA_19.onsets,Tabla\4way-tabla-ismir21-dataset\train\onsets\d\RMA_19.onsets,NON_AUDIO_OR_UNSUPPORTED,,,,REVIEW,Extension .onsets is not a standard audio format
Tabla,RMA_27.onsets,Tabla\4way-tabla-ismir21-dataset\train\onsets\d\RMA_27.onsets,NON_AUDIO_OR_UNSUPPORTED,,,,REVIEW,Extension .onsets is not a standard audio format
Tabla,KB_10.onsets,Tabla\4way-tabla-ismir21-dataset\train\onsets\d\KB_10.onsets,NON_AUDIO_OR_UNSUPPORTED,,,,REVIEW,Extension .onsets is not a standard audio format
Tabla,T7_Jap_Tukuda_01.onsets,Tabla\4way-tabla-ismir21-dataset\train\onsets\d\T7_Jap_Tukuda_01.onsets,NON_AUDIO_OR_UNSUPPORTED,,,,REVIEW,Extension .onsets is not a standard audio format
Tabla,RMA_0.onsets,Tabla\4way-tabla-ismir21-dataset\train\onsets\d\RMA_0.onsets,NON_AUDIO_OR_UNSUPPORTED,,,,REVIEW,Extension .onsets is not a standard audio format
Tabla,KB_9.onsets,Tabla\4way-tabla-ismir21-dataset\train\onsets\d\KB_9.onsets,NON_AUDIO_OR_UNSUPPORTED,,,,REVIEW,Extension .onsets is not a standard audio format
Tabla,T7_Pur_01.onsets,Tabla\4way-tabla-ismir21-dataset\train\onsets\d\T7_Pur_01.onsets,NON_AUDIO_OR_UNSUPPORTED,,,,REVIEW,Extension .onsets is not a standard audio format
Tabla,T4_Gat_03.onsets,Tabla\4way-tabla-ismir21-dataset\train\onsets\d\T4_Gat_03.onsets,NON_AUDIO_OR_UNSUPPORTED,,,,REVIEW,Extension .onsets is not a standard audio format
Tabla,T7_TAA5_02.onsets,Tabla\4way-tabla-ismir21-dataset\train\onsets\d\T7_TAA5_02.onsets,NON_AUDIO_OR_UNSUPPORTED,,,,REVIEW,Extension .onsets is not a standard audio format
Tabla,RMA_7.onsets,Tabla\4way-tabla-ismir21-dataset\train\onsets\d\RMA_7.onsets,NON_AUDIO_OR_UNSUPPORTED,,,,REVIEW,Extension .onsets is not a standard audio format
Tabla,T4_Tukuda_03.onsets,Tabla\4way-tabla-ismir21-dataset\train\onsets\d\T4_Tukuda_03.onsets,NON_AUDIO_OR_UNSUPPORTED,,,,REVIEW,Extension .onsets is not a standard audio format
Tabla,T4_Drut_01.onsets,Tabla\4way-tabla-ismir21-dataset\train\onsets\d\T4_Drut_01.onsets,NON_AUDIO_OR_UNSUPPORTED,,,,REVIEW,Extension .onsets is not a standard audio format
Tabla,PP_comp31_t.onsets,Tabla\4way-tabla-ismir21-dataset\train\onsets\d\PP_comp31_t.onsets,NON_AUDIO_OR_UNSUPPORTED,,,,REVIEW,Extension .onsets is not a standard audio format
Tabla,T7_Pur_05.onsets,Tabla\4way-tabla-ismir21-dataset\train\onsets\d\T7_Pur_05.onsets,NON_AUDIO_OR_UNSUPPORTED,,,,REVIEW,Extension .onsets is not a standard audio format
Tabla,SK_comp_3.onsets,Tabla\4way-tabla-ismir21-dataset\train\onsets\d\SK_comp_3.onsets,NON_AUDIO_OR_UNSUPPORTED,,,,REVIEW,Extension .onsets is not a standard audio format
Tabla,T5_Gat_02.onsets,Tabla\4way-tabla-ismir21-dataset\train\onsets\d\T5_Gat_02.onsets,NON_AUDIO_OR_UNSUPPORTED,,,,REVIEW,Extension .onsets is not a standard audio format
Tabla,PP_comp80_t.onsets,Tabla\4way-tabla-ismir21-dataset\train\onsets\d\PP_comp80_t.onsets,NON_AUDIO_OR_UNSUPPORTED,,,,REVIEW,Extension .onsets is not a standard audio format
Tabla,KB_18.onsets,Tabla\4way-tabla-ismir21-dataset\train\onsets\d\KB_18.onsets,NON_AUDIO_OR_UNSUPPORTED,,,,REVIEW,Extension .onsets is not a standard audio format
Tabla,T5_Gat_05.onsets,Tabla\4way-tabla-ismir21-dataset\train\onsets\d\T5_Gat_05.onsets,NON_AUDIO_OR_UNSUPPORTED,,,,REVIEW,Extension .onsets is not a standard audio format
Tabla,AHK_solo-tintal-3.onsets,Tabla\4way-tabla-ismir21-dataset\train\onsets\d\AHK_solo-tintal-3.onsets,NON_AUDIO_OR_UNSUPPORTED,,,,REVIEW,Extension .onsets is not a standard audio format
Tabla,PP_comp25_t.onsets,Tabla\4way-tabla-ismir21-dataset\train\onsets\d\PP_comp25_t.onsets,NON_AUDIO_OR_UNSUPPORTED,,,,REVIEW,Extension .onsets is not a standard audio format
Tabla,T4_Mukuda_01.onsets,Tabla\4way-tabla-ismir21-dataset\train\onsets\d\T4_Mukuda_01.onsets,NON_AUDIO_OR_UNSUPPORTED,,,,REVIEW,Extension .onsets is not a standard audio format
Tabla,T4_Dli_02.onsets,Tabla\4way-tabla-ismir21-dataset\train\onsets\d\T4_Dli_02.onsets,NON_AUDIO_OR_UNSUPPORTED,,,,REVIEW,Extension .onsets is not a standard audio format
Tabla,RMA_20.onsets,Tabla\4way-tabla-ismir21-dataset\train\onsets\d\RMA_20.onsets,NON_AUDIO_OR_UNSUPPORTED,,,,REVIEW,Extension .onsets is not a standard audio format
Tabla,T7_Jap_Tukuda_04.onsets,Tabla\4way-tabla-ismir21-dataset\train\onsets\d\T7_Jap_Tukuda_04.onsets,NON_AUDIO_OR_UNSUPPORTED,,,,REVIEW,Extension .onsets is not a standard audio format
Tabla,AS_comp107_t.onsets,Tabla\4way-tabla-ismir21-dataset\train\onsets\d\AS_comp107_t.onsets,NON_AUDIO_OR_UNSUPPORTED,,,,REVIEW,Extension .onsets is not a standard audio format
Tabla,T4_Gat_01.onsets,Tabla\4way-tabla-ismir21-dataset\train\onsets\d\T4_Gat_01.onsets,NON_AUDIO_OR_UNSUPPORTED,,,,REVIEW,Extension .onsets is not a standard audio format
Tabla,T7_Tukuda_04.onsets,Tabla\4way-tabla-ismir21-dataset\train\onsets\d\T7_Tukuda_04.onsets,NON_AUDIO_OR_UNSUPPORTED,,,,REVIEW,Extension .onsets is not a standard audio format
Tabla,SK_comp_2.onsets,Tabla\4way-tabla-ismir21-dataset\train\onsets\d\SK_comp_2.onsets,NON_AUDIO_OR_UNSUPPORTED,,,,REVIEW,Extension .onsets is not a standard audio format
Tabla,PP_comp26_t.onsets,Tabla\4way-tabla-ismir21-dataset\train\onsets\d\PP_comp26_t.onsets,NON_AUDIO_OR_UNSUPPORTED,,,,REVIEW,Extension .onsets is not a standard audio format
Tabla,PP_comp27_t.onsets,Tabla\4way-tabla-ismir21-dataset\train\onsets\d\PP_comp27_t.onsets,NON_AUDIO_OR_UNSUPPORTED,,,,REVIEW,Extension .onsets is not a standard audio format
Tabla,RMA_5.onsets,Tabla\4way-tabla-ismir21-dataset\train\onsets\d\RMA_5.onsets,NON_AUDIO_OR_UNSUPPORTED,,,,REVIEW,Extension .onsets is not a standard audio format
Tabla,T7_Ben_tukuda_04.onsets,Tabla\4way-tabla-ismir21-dataset\train\onsets\d\T7_Ben_tukuda_04.onsets,NON_AUDIO_OR_UNSUPPORTED,,,,REVIEW,Extension .onsets is not a standard audio format
Tabla,T4_Vilambit_01.onsets,Tabla\4way-tabla-ismir21-dataset\train\onsets\d\T4_Vilambit_01.onsets,NON_AUDIO_OR_UNSUPPORTED,,,,REVIEW,Extension .onsets is not a standard audio format
Tabla,T7_Jap_Tukuda_03.onsets,Tabla\4way-tabla-ismir21-dataset\train\onsets\d\T7_Jap_Tukuda_03.onsets,NON_AUDIO_OR_UNSUPPORTED,,,,REVIEW,Extension .onsets is not a standard audio format
Tabla,T7_Fur_04.onsets,Tabla\4way-tabla-ismir21-dataset\train\onsets\d\T7_Fur_04.onsets,NON_AUDIO_OR_UNSUPPORTED,,,,REVIEW,Extension .onsets is not a standard audio format
Tabla,T5_Gat_03_1.onsets,Tabla\4way-tabla-ismir21-dataset\train\onsets\d\T5_Gat_03_1.onsets,NON_AUDIO_OR_UNSUPPORTED,,,,REVIEW,Extension .onsets is not a standard audio format
Tabla,SK_teentaal_punjabi.onsets,Tabla\4way-tabla-ismir21-dataset\train\onsets\d\SK_teentaal_punjabi.onsets,NON_AUDIO_OR_UNSUPPORTED,,,,REVIEW,Extension .onsets is not a standard audio format
Tabla,PP_comp3_t.onsets,Tabla\4way-tabla-ismir21-dataset\train\onsets\d\PP_comp3_t.onsets,NON_AUDIO_OR_UNSUPPORTED,,,,REVIEW,Extension .onsets is not a standard audio format
Tabla,AHK_solo-tintal-4.onsets,Tabla\4way-tabla-ismir21-dataset\train\onsets\d\AHK_solo-tintal-4.onsets,NON_AUDIO_OR_UNSUPPORTED,,,,REVIEW,Extension .onsets is not a standard audio format
Tabla,PP_comp84_t.onsets,Tabla\4way-tabla-ismir21-dataset\train\onsets\d\PP_comp84_t.onsets,NON_AUDIO_OR_UNSUPPORTED,,,,REVIEW,Extension .onsets is not a standard audio format
Tabla,RMA_22.onsets,Tabla\4way-tabla-ismir21-dataset\train\onsets\d\RMA_22.onsets,NON_AUDIO_OR_UNSUPPORTED,,,,REVIEW,Extension .onsets is not a standard audio format
Tabla,T7_Ben_tukuda_01.onsets,Tabla\4way-tabla-ismir21-dataset\train\onsets\d\T7_Ben_tukuda_01.onsets,NON_AUDIO_OR_UNSUPPORTED,,,,REVIEW,Extension .onsets is not a standard audio format
Tabla,AS_comp112_t.onsets,Tabla\4way-tabla-ismir21-dataset\train\onsets\d\AS_comp112_t.onsets,NON_AUDIO_OR_UNSUPPORTED,,,,REVIEW,Extension .onsets is not a standard audio format
Tabla,RMA_2.onsets,Tabla\4way-tabla-ismir21-dataset\train\onsets\d\RMA_2.onsets,NON_AUDIO_OR_UNSUPPORTED,,,,REVIEW,Extension .onsets is not a standard audio format
Tabla,T4_Tukuda_Ben_03.onsets,Tabla\4way-tabla-ismir21-dataset\train\onsets\d\T4_Tukuda_Ben_03.onsets,NON_AUDIO_OR_UNSUPPORTED,,,,REVIEW,Extension .onsets is not a standard audio format
Tabla,T7_DLI_01.onsets,Tabla\4way-tabla-ismir21-dataset\train\onsets\d\T7_DLI_01.onsets,NON_AUDIO_OR_UNSUPPORTED,,,,REVIEW,Extension .onsets is not a standard audio format
Tabla,PP_comp83_t.onsets,Tabla\4way-tabla-ismir21-dataset\train\onsets\d\PP_comp83_t.onsets,NON_AUDIO_OR_UNSUPPORTED,,,,REVIEW,Extension .onsets is not a standard audio format
Tabla,T4_Dli_03.onsets,Tabla\4way-tabla-ismir21-dataset\train\onsets\d\T4_Dli_03.onsets,NON_AUDIO_OR_UNSUPPORTED,,,,REVIEW,Extension .onsets is not a standard audio format
Tabla,T7_Ben_tukuda_05.onsets,Tabla\4way-tabla-ismir21-dataset\train\onsets\d\T7_Ben_tukuda_05.onsets,NON_AUDIO_OR_UNSUPPORTED,,,,REVIEW,Extension .onsets is not a standard audio format
Tabla,SK_uthan_1.onsets,Tabla\4way-tabla-ismir21-dataset\train\onsets\d\SK_uthan_1.onsets,NON_AUDIO_OR_UNSUPPORTED,,,,REVIEW,Extension .onsets is not a standard audio format
Tabla,SK_teentaal_drut.onsets,Tabla\4way-tabla-ismir21-dataset\train\onsets\d\SK_teentaal_drut.onsets,NON_AUDIO_OR_UNSUPPORTED,,,,REVIEW,Extension .onsets is not a standard audio format
Tabla,KB_2.onsets,Tabla\4way-tabla-ismir21-dataset\train\onsets\d\KB_2.onsets,NON_AUDIO_OR_UNSUPPORTED,,,,REVIEW,Extension .onsets is not a standard audio format
Tabla,AS_comp105_t.onsets,Tabla\4way-tabla-ismir21-dataset\train\onsets\d\AS_comp105_t.onsets,NON_AUDIO_OR_UNSUPPORTED,,,,REVIEW,Extension .onsets is not a standard audio format
Tabla,PP_comp28_t.onsets,Tabla\4way-tabla-ismir21-dataset\train\onsets\d\PP_comp28_t.onsets,NON_AUDIO_OR_UNSUPPORTED,,,,REVIEW,Extension .onsets is not a standard audio format
Tabla,SK_comp_4.onsets,Tabla\4way-tabla-ismir21-dataset\train\onsets\d\SK_comp_4.onsets,NON_AUDIO_OR_UNSUPPORTED,,,,REVIEW,Extension .onsets is not a standard audio format
Tabla,AHK_solo-tintal-5.onsets,Tabla\4way-tabla-ismir21-dataset\train\onsets\d\AHK_solo-tintal-5.onsets,NON_AUDIO_OR_UNSUPPORTED,,,,REVIEW,Extension .onsets is not a standard audio format
Tabla,SK_ektaal_vilambit.onsets,Tabla\4way-tabla-ismir21-dataset\train\onsets\d\SK_ektaal_vilambit.onsets,NON_AUDIO_OR_UNSUPPORTED,,,,REVIEW,Extension .onsets is not a standard audio format
Tabla,T5_Gat_04.onsets,Tabla\4way-tabla-ismir21-dataset\train\onsets\d\T5_Gat_04.onsets,NON_AUDIO_OR_UNSUPPORTED,,,,REVIEW,Extension .onsets is not a standard audio format
Tabla,T4_Pur_03.onsets,Tabla\4way-tabla-ismir21-dataset\train\onsets\d\T4_Pur_03.onsets,NON_AUDIO_OR_UNSUPPORTED,,,,REVIEW,Extension .onsets is not a standard audio format
Tabla,T4_Tukuda_Ben_02.onsets,Tabla\4way-tabla-ismir21-dataset\train\onsets\d\T4_Tukuda_Ben_02.onsets,NON_AUDIO_OR_UNSUPPORTED,,,,REVIEW,Extension .onsets is not a standard audio format
Tabla,PP_comp16new_t.onsets,Tabla\4way-tabla-ismir21-dataset\train\onsets\d\PP_comp16new_t.onsets,NON_AUDIO_OR_UNSUPPORTED,,,,REVIEW,Extension .onsets is not a standard audio format
Tabla,T7_Tukuda_05.onsets,Tabla\4way-tabla-ismir21-dataset\train\onsets\d\T7_Tukuda_05.onsets,NON_AUDIO_OR_UNSUPPORTED,,,,REVIEW,Extension .onsets is not a standard audio format
Tabla,T4_Gat_pra_01.onsets,Tabla\4way-tabla-ismir21-dataset\train\onsets\d\T4_Gat_pra_01.onsets,NON_AUDIO_OR_UNSUPPORTED,,,,REVIEW,Extension .onsets is not a standard audio format
Tabla,KB_26.onsets,Tabla\4way-tabla-ismir21-dataset\train\onsets\d\KB_26.onsets,NON_AUDIO_OR_UNSUPPORTED,,,,REVIEW,Extension .onsets is not a standard audio format
Tabla,SK_teentaal.onsets,Tabla\4way-tabla-ismir21-dataset\train\onsets\d\SK_teentaal.onsets,NON_AUDIO_OR_UNSUPPORTED,,,,REVIEW,Extension .onsets is not a standard audio format
Tabla,AHK_solo-tintal-2.onsets,Tabla\4way-tabla-ismir21-dataset\train\onsets\d\AHK_solo-tintal-2.onsets,NON_AUDIO_OR_UNSUPPORTED,,,,REVIEW,Extension .onsets is not a standard audio format
Tabla,T4_Dli_04.onsets,Tabla\4way-tabla-ismir21-dataset\train\onsets\d\T4_Dli_04.onsets,NON_AUDIO_OR_UNSUPPORTED,,,,REVIEW,Extension .onsets is not a standard audio format
Tabla,T4_Tukuda_Japh_02.onsets,Tabla\4way-tabla-ismir21-dataset\train\onsets\d\T4_Tukuda_Japh_02.onsets,NON_AUDIO_OR_UNSUPPORTED,,,,REVIEW,Extension .onsets is not a standard audio format
Tabla,T7_Pur_04.onsets,Tabla\4way-tabla-ismir21-dataset\train\onsets\d\T7_Pur_04.onsets,NON_AUDIO_OR_UNSUPPORTED,,,,REVIEW,Extension .onsets is not a standard audio format
Tabla,RMA_8.onsets,Tabla\4way-tabla-ismir21-dataset\train\onsets\d\RMA_8.onsets,NON_AUDIO_OR_UNSUPPORTED,,,,REVIEW,Extension .onsets is not a standard audio format
Tabla,T5_Dli_05.onsets,Tabla\4way-tabla-ismir21-dataset\train\onsets\d\T5_Dli_05.onsets,NON_AUDIO_OR_UNSUPPORTED,,,,REVIEW,Extension .onsets is not a standard audio format
Tabla,T4_Tukuda_01.onsets,Tabla\4way-tabla-ismir21-dataset\train\onsets\d\T4_Tukuda_01.onsets,NON_AUDIO_OR_UNSUPPORTED,,,,REVIEW,Extension .onsets is not a standard audio format
Tabla,PP_comp9_t.onsets,Tabla\4way-tabla-ismir21-dataset\train\onsets\d\PP_comp9_t.onsets,NON_AUDIO_OR_UNSUPPORTED,,,,REVIEW,Extension .onsets is not a standard audio format
Tabla,KB_20.onsets,Tabla\4way-tabla-ismir21-dataset\train\onsets\d\KB_20.onsets,NON_AUDIO_OR_UNSUPPORTED,,,,REVIEW,Extension .onsets is not a standard audio format
Tabla,SM_peshkar.onsets,Tabla\4way-tabla-ismir21-dataset\train\onsets\d\SM_peshkar.onsets,NON_AUDIO_OR_UNSUPPORTED,,,,REVIEW,Extension .onsets is not a standard audio format
Tabla,T5_Luc_05.onsets,Tabla\4way-tabla-ismir21-dataset\train\onsets\d\T5_Luc_05.onsets,NON_AUDIO_OR_UNSUPPORTED,,,,REVIEW,Extension .onsets is not a standard audio format
Tabla,T5_Luc_02.onsets,Tabla\4way-tabla-ismir21-dataset\train\onsets\d\T5_Luc_02.onsets,NON_AUDIO_OR_UNSUPPORTED,,,,REVIEW,Extension .onsets is not a standard audio format
Tabla,PP_comp82_t.onsets,Tabla\4way-tabla-ismir21-dataset\train\onsets\d\PP_comp82_t.onsets,NON_AUDIO_OR_UNSUPPORTED,,,,REVIEW,Extension .onsets is not a standard audio format
Tabla,AS_comp109_t.onsets,Tabla\4way-tabla-ismir21-dataset\train\onsets\d\AS_comp109_t.onsets,NON_AUDIO_OR_UNSUPPORTED,,,,REVIEW,Extension .onsets is not a standard audio format
Tabla,RMA_15.onsets,Tabla\4way-tabla-ismir21-dataset\train\onsets\d\RMA_15.onsets,NON_AUDIO_OR_UNSUPPORTED,,,,REVIEW,Extension .onsets is not a standard audio format
Tabla,PP_comp86_t.onsets,Tabla\4way-tabla-ismir21-dataset\train\onsets\d\PP_comp86_t.onsets,NON_AUDIO_OR_UNSUPPORTED,,,,REVIEW,Extension .onsets is not a standard audio format
Tabla,T4_Pur_04.onsets,Tabla\4way-tabla-ismir21-dataset\train\onsets\d\T4_Pur_04.onsets,NON_AUDIO_OR_UNSUPPORTED,,,,REVIEW,Extension .onsets is not a standard audio format
Tabla,RMA_29.onsets,Tabla\4way-tabla-ismir21-dataset\train\onsets\d\RMA_29.onsets,NON_AUDIO_OR_UNSUPPORTED,,,,REVIEW,Extension .onsets is not a standard audio format
Tabla,T7_Pur_02.onsets,Tabla\4way-tabla-ismir21-dataset\train\onsets\d\T7_Pur_02.onsets,NON_AUDIO_OR_UNSUPPORTED,,,,REVIEW,Extension .onsets is not a standard audio format
Tabla,T7_LUC_01.onsets,Tabla\4way-tabla-ismir21-dataset\train\onsets\d\T7_LUC_01.onsets,NON_AUDIO_OR_UNSUPPORTED,,,,REVIEW,Extension .onsets is not a standard audio format
Tabla,T5_Luc_03.onsets,Tabla\4way-tabla-ismir21-dataset\train\onsets\d\T5_Luc_03.onsets,NON_AUDIO_OR_UNSUPPORTED,,,,REVIEW,Extension .onsets is not a standard audio format
Tabla,RMA_3.onsets,Tabla\4way-tabla-ismir21-dataset\train\onsets\d\RMA_3.onsets,NON_AUDIO_OR_UNSUPPORTED,,,,REVIEW,Extension .onsets is not a standard audio format
Tabla,KB_8.onsets,Tabla\4way-tabla-ismir21-dataset\train\onsets\d\KB_8.onsets,NON_AUDIO_OR_UNSUPPORTED,,,,REVIEW,Extension .onsets is not a standard audio format
Tabla,T5_Luc_01.onsets,Tabla\4way-tabla-ismir21-dataset\train\onsets\d\T5_Luc_01.onsets,NON_AUDIO_OR_UNSUPPORTED,,,,REVIEW,Extension .onsets is not a standard audio format
Tabla,SK_dadra.onsets,Tabla\4way-tabla-ismir21-dataset\train\onsets\d\SK_dadra.onsets,NON_AUDIO_OR_UNSUPPORTED,,,,REVIEW,Extension .onsets is not a standard audio format
Tabla,T4_Luc_02.onsets,Tabla\4way-tabla-ismir21-dataset\train\onsets\d\T4_Luc_02.onsets,NON_AUDIO_OR_UNSUPPORTED,,,,REVIEW,Extension .onsets is not a standard audio format
Tabla,RMA_14.onsets,Tabla\4way-tabla-ismir21-dataset\train\onsets\d\RMA_14.onsets,NON_AUDIO_OR_UNSUPPORTED,,,,REVIEW,Extension .onsets is not a standard audio format
Tabla,T5_Luc_06.onsets,Tabla\4way-tabla-ismir21-dataset\train\onsets\d\T5_Luc_06.onsets,NON_AUDIO_OR_UNSUPPORTED,,,,REVIEW,Extension .onsets is not a standard audio format
Tabla,KB_16.onsets,Tabla\4way-tabla-ismir21-dataset\train\onsets\d\KB_16.onsets,NON_AUDIO_OR_UNSUPPORTED,,,,REVIEW,Extension .onsets is not a standard audio format
Tabla,RMA_10.onsets,Tabla\4way-tabla-ismir21-dataset\train\onsets\d\RMA_10.onsets,NON_AUDIO_OR_UNSUPPORTED,,,,REVIEW,Extension .onsets is not a standard audio format
Tabla,T4_Dli_01.onsets,Tabla\4way-tabla-ismir21-dataset\train\onsets\d\T4_Dli_01.onsets,NON_AUDIO_OR_UNSUPPORTED,,,,REVIEW,Extension .onsets is not a standard audio format
Tabla,PP_comp19_t.onsets,Tabla\4way-tabla-ismir21-dataset\train\onsets\d\PP_comp19_t.onsets,NON_AUDIO_OR_UNSUPPORTED,,,,REVIEW,Extension .onsets is not a standard audio format
Tabla,T4_Luc_04.onsets,Tabla\4way-tabla-ismir21-dataset\train\onsets\d\T4_Luc_04.onsets,NON_AUDIO_OR_UNSUPPORTED,,,,REVIEW,Extension .onsets is not a standard audio format
Tabla,AS_comp108_t.onsets,Tabla\4way-tabla-ismir21-dataset\train\onsets\d\AS_comp108_t.onsets,NON_AUDIO_OR_UNSUPPORTED,,,,REVIEW,Extension .onsets is not a standard audio format
Tabla,T7_Tukuda_01.onsets,Tabla\4way-tabla-ismir21-dataset\train\onsets\d\T7_Tukuda_01.onsets,NON_AUDIO_OR_UNSUPPORTED,,,,REVIEW,Extension .onsets is not a standard audio format
Tabla,AS_comp113_t.onsets,Tabla\4way-tabla-ismir21-dataset\train\onsets\d\AS_comp113_t.onsets,NON_AUDIO_OR_UNSUPPORTED,,,,REVIEW,Extension .onsets is not a standard audio format
Tabla,T4_Pur_02.onsets,Tabla\4way-tabla-ismir21-dataset\train\onsets\d\T4_Pur_02.onsets,NON_AUDIO_OR_UNSUPPORTED,,,,REVIEW,Extension .onsets is not a standard audio format
Tabla,KB_1.onsets,Tabla\4way-tabla-ismir21-dataset\train\onsets\d\KB_1.onsets,NON_AUDIO_OR_UNSUPPORTED,,,,REVIEW,Extension .onsets is not a standard audio format
Tabla,PP_comp23_t.onsets,Tabla\4way-tabla-ismir21-dataset\train\onsets\d\PP_comp23_t.onsets,NON_AUDIO_OR_UNSUPPORTED,,,,REVIEW,Extension .onsets is not a standard audio format
Tabla,PP_comp5_t.onsets,Tabla\4way-tabla-ismir21-dataset\train\onsets\d\PP_comp5_t.onsets,NON_AUDIO_OR_UNSUPPORTED,,,,REVIEW,Extension .onsets is not a standard audio format
Tabla,T4_Luc_03.onsets,Tabla\4way-tabla-ismir21-dataset\train\onsets\d\T4_Luc_03.onsets,NON_AUDIO_OR_UNSUPPORTED,,,,REVIEW,Extension .onsets is not a standard audio format
Tabla,T7_Mukuda_01.onsets,Tabla\4way-tabla-ismir21-dataset\train\onsets\d\T7_Mukuda_01.onsets,NON_AUDIO_OR_UNSUPPORTED,,,,REVIEW,Extension .onsets is not a standard audio format
Tabla,T7_Fur_03.onsets,Tabla\4way-tabla-ismir21-dataset\train\onsets\d\T7_Fur_03.onsets,NON_AUDIO_OR_UNSUPPORTED,,,,REVIEW,Extension .onsets is not a standard audio format
Tabla,T5_Gat_01.onsets,Tabla\4way-tabla-ismir21-dataset\train\onsets\d\T5_Gat_01.onsets,NON_AUDIO_OR_UNSUPPORTED,,,,REVIEW,Extension .onsets is not a standard audio format
Tabla,T4_Pur_01.onsets,Tabla\4way-tabla-ismir21-dataset\train\onsets\d\T4_Pur_01.onsets,NON_AUDIO_OR_UNSUPPORTED,,,,REVIEW,Extension .onsets is not a standard audio format
Tabla,T4_Drut_02.onsets,Tabla\4way-tabla-ismir21-dataset\train\onsets\d\T4_Drut_02.onsets,NON_AUDIO_OR_UNSUPPORTED,,,,REVIEW,Extension .onsets is not a standard audio format
Tabla,RMA_23.onsets,Tabla\4way-tabla-ismir21-dataset\train\onsets\d\RMA_23.onsets,NON_AUDIO_OR_UNSUPPORTED,,,,REVIEW,Extension .onsets is not a standard audio format
Tabla,T4_Tukuda_04.onsets,Tabla\4way-tabla-ismir21-dataset\train\onsets\d\T4_Tukuda_04.onsets,NON_AUDIO_OR_UNSUPPORTED,,,,REVIEW,Extension .onsets is not a standard audio format
Tabla,T7_Pur_03.onsets,Tabla\4way-tabla-ismir21-dataset\train\onsets\d\T7_Pur_03.onsets,NON_AUDIO_OR_UNSUPPORTED,,,,REVIEW,Extension .onsets is not a standard audio format
Tabla,KB_19.onsets,Tabla\4way-tabla-ismir21-dataset\train\onsets\d\KB_19.onsets,NON_AUDIO_OR_UNSUPPORTED,,,,REVIEW,Extension .onsets is not a standard audio format
Tabla,RMA_9.onsets,Tabla\4way-tabla-ismir21-dataset\train\onsets\d\RMA_9.onsets,NON_AUDIO_OR_UNSUPPORTED,,,,REVIEW,Extension .onsets is not a standard audio format
Tabla,KB_17.onsets,Tabla\4way-tabla-ismir21-dataset\train\onsets\d\KB_17.onsets,NON_AUDIO_OR_UNSUPPORTED,,,,REVIEW,Extension .onsets is not a standard audio format
Tabla,KB_22.onsets,Tabla\4way-tabla-ismir21-dataset\train\onsets\d\KB_22.onsets,NON_AUDIO_OR_UNSUPPORTED,,,,REVIEW,Extension .onsets is not a standard audio format
Tabla,SK_roopak.onsets,Tabla\4way-tabla-ismir21-dataset\train\onsets\d\SK_roopak.onsets,NON_AUDIO_OR_UNSUPPORTED,,,,REVIEW,Extension .onsets is not a standard audio format
Tabla,RMA_12.onsets,Tabla\4way-tabla-ismir21-dataset\train\onsets\d\RMA_12.onsets,NON_AUDIO_OR_UNSUPPORTED,,,,REVIEW,Extension .onsets is not a standard audio format
Tabla,KB_23.onsets,Tabla\4way-tabla-ismir21-dataset\train\onsets\d\KB_23.onsets,NON_AUDIO_OR_UNSUPPORTED,,,,REVIEW,Extension .onsets is not a standard audio format
Tabla,SK_comp_5.onsets,Tabla\4way-tabla-ismir21-dataset\train\onsets\d\SK_comp_5.onsets,NON_AUDIO_OR_UNSUPPORTED,,,,REVIEW,Extension .onsets is not a standard audio format
Tabla,AS_comp103_t.onsets,Tabla\4way-tabla-ismir21-dataset\train\onsets\d\AS_comp103_t.onsets,NON_AUDIO_OR_UNSUPPORTED,,,,REVIEW,Extension .onsets is not a standard audio format
Tabla,AS_comp101_t.onsets,Tabla\4way-tabla-ismir21-dataset\train\onsets\d\AS_comp101_t.onsets,NON_AUDIO_OR_UNSUPPORTED,,,,REVIEW,Extension .onsets is not a standard audio format
Tabla,PP_comp77_t.onsets,Tabla\4way-tabla-ismir21-dataset\train\onsets\d\PP_comp77_t.onsets,NON_AUDIO_OR_UNSUPPORTED,,,,REVIEW,Extension .onsets is not a standard audio format
Tabla,KB_5.onsets,Tabla\4way-tabla-ismir21-dataset\train\onsets\d\KB_5.onsets,NON_AUDIO_OR_UNSUPPORTED,,,,REVIEW,Extension .onsets is not a standard audio format
Tabla,SM_uthan.onsets,Tabla\4way-tabla-ismir21-dataset\train\onsets\d\SM_uthan.onsets,NON_AUDIO_OR_UNSUPPORTED,,,,REVIEW,Extension .onsets is not a standard audio format
Tabla,RMA_11.onsets,Tabla\4way-tabla-ismir21-dataset\train\onsets\d\RMA_11.onsets,NON_AUDIO_OR_UNSUPPORTED,,,,REVIEW,Extension .onsets is not a standard audio format
Tabla,AHK_solo-tintal-6.onsets,Tabla\4way-tabla-ismir21-dataset\train\onsets\d\AHK_solo-tintal-6.onsets,NON_AUDIO_OR_UNSUPPORTED,,,,REVIEW,Extension .onsets is not a standard audio format
Tabla,KB_4.onsets,Tabla\4way-tabla-ismir21-dataset\train\onsets\d\KB_4.onsets,NON_AUDIO_OR_UNSUPPORTED,,,,REVIEW,Extension .onsets is not a standard audio format
Tabla,T5_Luc_07.onsets,Tabla\4way-tabla-ismir21-dataset\train\onsets\d\T5_Luc_07.onsets,NON_AUDIO_OR_UNSUPPORTED,,,,REVIEW,Extension .onsets is not a standard audio format
Tabla,KB_14.onsets,Tabla\4way-tabla-ismir21-dataset\train\onsets\d\KB_14.onsets,NON_AUDIO_OR_UNSUPPORTED,,,,REVIEW,Extension .onsets is not a standard audio format
Tabla,T4_Gat_pra_00.onsets,Tabla\4way-tabla-ismir21-dataset\train\onsets\d\T4_Gat_pra_00.onsets,NON_AUDIO_OR_UNSUPPORTED,,,,REVIEW,Extension .onsets is not a standard audio format
Tabla,T4_Tukuda_Ben_01.onsets,Tabla\4way-tabla-ismir21-dataset\train\onsets\d\T4_Tukuda_Ben_01.onsets,NON_AUDIO_OR_UNSUPPORTED,,,,REVIEW,Extension .onsets is not a standard audio format
Tabla,KB_24.onsets,Tabla\4way-tabla-ismir21-dataset\train\onsets\d\KB_24.onsets,NON_AUDIO_OR_UNSUPPORTED,,,,REVIEW,Extension .onsets is not a standard audio format
Tabla,T5_Dli_01.onsets,Tabla\4way-tabla-ismir21-dataset\train\onsets\d\T5_Dli_01.onsets,NON_AUDIO_OR_UNSUPPORTED,,,,REVIEW,Extension .onsets is not a standard audio format
Tabla,T7_Tukuda_03.onsets,Tabla\4way-tabla-ismir21-dataset\train\onsets\d\T7_Tukuda_03.onsets,NON_AUDIO_OR_UNSUPPORTED,,,,REVIEW,Extension .onsets is not a standard audio format
Tabla,RMA_28.onsets,Tabla\4way-tabla-ismir21-dataset\train\onsets\d\RMA_28.onsets,NON_AUDIO_OR_UNSUPPORTED,,,,REVIEW,Extension .onsets is not a standard audio format
Tabla,T4_Tukuda_05.onsets,Tabla\4way-tabla-ismir21-dataset\train\onsets\d\T4_Tukuda_05.onsets,NON_AUDIO_OR_UNSUPPORTED,,,,REVIEW,Extension .onsets is not a standard audio format
Tabla,T4_Drut_03.onsets,Tabla\4way-tabla-ismir21-dataset\train\onsets\d\T4_Drut_03.onsets,NON_AUDIO_OR_UNSUPPORTED,,,,REVIEW,Extension .onsets is not a standard audio format
Tabla,AS_comp115_t.onsets,Tabla\4way-tabla-ismir21-dataset\train\onsets\d\AS_comp115_t.onsets,NON_AUDIO_OR_UNSUPPORTED,,,,REVIEW,Extension .onsets is not a standard audio format
Tabla,KB_13.onsets,Tabla\4way-tabla-ismir21-dataset\train\onsets\b\KB_13.onsets,NON_AUDIO_OR_UNSUPPORTED,,,,REVIEW,Extension .onsets is not a standard audio format
Tabla,T7_Ben_tukuda_03.onsets,Tabla\4way-tabla-ismir21-dataset\train\onsets\b\T7_Ben_tukuda_03.onsets,NON_AUDIO_OR_UNSUPPORTED,,,,REVIEW,Extension .onsets is not a standard audio format
Tabla,T4_Luc_06.onsets,Tabla\4way-tabla-ismir21-dataset\train\onsets\b\T4_Luc_06.onsets,NON_AUDIO_OR_UNSUPPORTED,,,,REVIEW,Extension .onsets is not a standard audio format
Tabla,RMA_1.onsets,Tabla\4way-tabla-ismir21-dataset\train\onsets\b\RMA_1.onsets,NON_AUDIO_OR_UNSUPPORTED,,,,REVIEW,Extension .onsets is not a standard audio format
Tabla,T7_Tukuda_02.onsets,Tabla\4way-tabla-ismir21-dataset\train\onsets\b\T7_Tukuda_02.onsets,NON_AUDIO_OR_UNSUPPORTED,,,,REVIEW,Extension .onsets is not a standard audio format
Tabla,T4_02.onsets,Tabla\4way-tabla-ismir21-dataset\train\onsets\b\T4_02.onsets,NON_AUDIO_OR_UNSUPPORTED,,,,REVIEW,Extension .onsets is not a standard audio format
Tabla,T7_Jap_Tukuda_02.onsets,Tabla\4way-tabla-ismir21-dataset\train\onsets\b\T7_Jap_Tukuda_02.onsets,NON_AUDIO_OR_UNSUPPORTED,,,,REVIEW,Extension .onsets is not a standard audio format
Tabla,RMA_6.onsets,Tabla\4way-tabla-ismir21-dataset\train\onsets\b\RMA_6.onsets,NON_AUDIO_OR_UNSUPPORTED,,,,REVIEW,Extension .onsets is not a standard audio format
Tabla,PP_comp4_t.onsets,Tabla\4way-tabla-ismir21-dataset\train\onsets\b\PP_comp4_t.onsets,NON_AUDIO_OR_UNSUPPORTED,,,,REVIEW,Extension .onsets is not a standard audio format
Tabla,KB_3.onsets,Tabla\4way-tabla-ismir21-dataset\train\onsets\b\KB_3.onsets,NON_AUDIO_OR_UNSUPPORTED,,,,REVIEW,Extension .onsets is not a standard audio format
Tabla,T4_Gat_02.onsets,Tabla\4way-tabla-ismir21-dataset\train\onsets\b\T4_Gat_02.onsets,NON_AUDIO_OR_UNSUPPORTED,,,,REVIEW,Extension .onsets is not a standard audio format
Tabla,T7_Luc_jap_01.onsets,Tabla\4way-tabla-ismir21-dataset\train\onsets\b\T7_Luc_jap_01.onsets,NON_AUDIO_OR_UNSUPPORTED,,,,REVIEW,Extension .onsets is not a standard audio format
Tabla,T4_Tukuda_Japh_03.onsets,Tabla\4way-tabla-ismir21-dataset\train\onsets\b\T4_Tukuda_Japh_03.onsets,NON_AUDIO_OR_UNSUPPORTED,,,,REVIEW,Extension .onsets is not a standard audio format
Tabla,KB_25.onsets,Tabla\4way-tabla-ismir21-dataset\train\onsets\b\KB_25.onsets,NON_AUDIO_OR_UNSUPPORTED,,,,REVIEW,Extension .onsets is not a standard audio format
Tabla,AS_comp102_t.onsets,Tabla\4way-tabla-ismir21-dataset\train\onsets\b\AS_comp102_t.onsets,NON_AUDIO_OR_UNSUPPORTED,,,,REVIEW,Extension .onsets is not a standard audio format
Tabla,T4_Tukuda_Japh_04.onsets,Tabla\4way-tabla-ismir21-dataset\train\onsets\b\T4_Tukuda_Japh_04.onsets,NON_AUDIO_OR_UNSUPPORTED,,,,REVIEW,Extension .onsets is not a standard audio format
Tabla,RMA_17.onsets,Tabla\4way-tabla-ismir21-dataset\train\onsets\b\RMA_17.onsets,NON_AUDIO_OR_UNSUPPORTED,,,,REVIEW,Extension .onsets is not a standard audio format
Tabla,T4_Tukuda_Japh_05.onsets,Tabla\4way-tabla-ismir21-dataset\train\onsets\b\T4_Tukuda_Japh_05.onsets,NON_AUDIO_OR_UNSUPPORTED,,,,REVIEW,Extension .onsets is not a standard audio format
Tabla,T7_TAA5_01.onsets,Tabla\4way-tabla-ismir21-dataset\train\onsets\b\T7_TAA5_01.onsets,NON_AUDIO_OR_UNSUPPORTED,,,,REVIEW,Extension .onsets is not a standard audio format
Tabla,RMA_24.onsets,Tabla\4way-tabla-ismir21-dataset\train\onsets\b\RMA_24.onsets,NON_AUDIO_OR_UNSUPPORTED,,,,REVIEW,Extension .onsets is not a standard audio format
Tabla,KB_15.onsets,Tabla\4way-tabla-ismir21-dataset\train\onsets\b\KB_15.onsets,NON_AUDIO_OR_UNSUPPORTED,,,,REVIEW,Extension .onsets is not a standard audio format
Tabla,SM_kayda_2.onsets,Tabla\4way-tabla-ismir21-dataset\train\onsets\b\SM_kayda_2.onsets,NON_AUDIO_OR_UNSUPPORTED,,,,REVIEW,Extension .onsets is not a standard audio format
Tabla,AS_comp104_t.onsets,Tabla\4way-tabla-ismir21-dataset\train\onsets\b\AS_comp104_t.onsets,NON_AUDIO_OR_UNSUPPORTED,,,,REVIEW,Extension .onsets is not a standard audio format
Tabla,SM_kayda_1.onsets,Tabla\4way-tabla-ismir21-dataset\train\onsets\b\SM_kayda_1.onsets,NON_AUDIO_OR_UNSUPPORTED,,,,REVIEW,Extension .onsets is not a standard audio format
Tabla,SK_jhoomra.onsets,Tabla\4way-tabla-ismir21-dataset\train\onsets\b\SK_jhoomra.onsets,NON_AUDIO_OR_UNSUPPORTED,,,,REVIEW,Extension .onsets is not a standard audio format
Tabla,AHK_solo-tintal-1.onsets,Tabla\4way-tabla-ismir21-dataset\train\onsets\b\AHK_solo-tintal-1.onsets,NON_AUDIO_OR_UNSUPPORTED,,,,REVIEW,Extension .onsets is not a standard audio format
Tabla,KB_21.onsets,Tabla\4way-tabla-ismir21-dataset\train\onsets\b\KB_21.onsets,NON_AUDIO_OR_UNSUPPORTED,,,,REVIEW,Extension .onsets is not a standard audio format
Tabla,AHK_solo-tintal-7.onsets,Tabla\4way-tabla-ismir21-dataset\train\onsets\b\AHK_solo-tintal-7.onsets,NON_AUDIO_OR_UNSUPPORTED,,,,REVIEW,Extension .onsets is not a standard audio format
Tabla,RMA_13.onsets,Tabla\4way-tabla-ismir21-dataset\train\onsets\b\RMA_13.onsets,NON_AUDIO_OR_UNSUPPORTED,,,,REVIEW,Extension .onsets is not a standard audio format
Tabla,RMA_16.onsets,Tabla\4way-tabla-ismir21-dataset\train\onsets\b\RMA_16.onsets,NON_AUDIO_OR_UNSUPPORTED,,,,REVIEW,Extension .onsets is not a standard audio format
Tabla,RMA_25.onsets,Tabla\4way-tabla-ismir21-dataset\train\onsets\b\RMA_25.onsets,NON_AUDIO_OR_UNSUPPORTED,,,,REVIEW,Extension .onsets is not a standard audio format
Tabla,AS_comp114_t.onsets,Tabla\4way-tabla-ismir21-dataset\train\onsets\b\AS_comp114_t.onsets,NON_AUDIO_OR_UNSUPPORTED,,,,REVIEW,Extension .onsets is not a standard audio format
Tabla,AS_comp111_t.onsets,Tabla\4way-tabla-ismir21-dataset\train\onsets\b\AS_comp111_t.onsets,NON_AUDIO_OR_UNSUPPORTED,,,,REVIEW,Extension .onsets is not a standard audio format
Tabla,T4_Tukuda_Japh_01.onsets,Tabla\4way-tabla-ismir21-dataset\train\onsets\b\T4_Tukuda_Japh_01.onsets,NON_AUDIO_OR_UNSUPPORTED,,,,REVIEW,Extension .onsets is not a standard audio format
Tabla,T4_Tukuda_02.onsets,Tabla\4way-tabla-ismir21-dataset\train\onsets\b\T4_Tukuda_02.onsets,NON_AUDIO_OR_UNSUPPORTED,,,,REVIEW,Extension .onsets is not a standard audio format
Tabla,KB_12.onsets,Tabla\4way-tabla-ismir21-dataset\train\onsets\b\KB_12.onsets,NON_AUDIO_OR_UNSUPPORTED,,,,REVIEW,Extension .onsets is not a standard audio format
Tabla,SK_comp_7.onsets,Tabla\4way-tabla-ismir21-dataset\train\onsets\b\SK_comp_7.onsets,NON_AUDIO_OR_UNSUPPORTED,,,,REVIEW,Extension .onsets is not a standard audio format
Tabla,T4_Gat_05.onsets,Tabla\4way-tabla-ismir21-dataset\train\onsets\b\T4_Gat_05.onsets,NON_AUDIO_OR_UNSUPPORTED,,,,REVIEW,Extension .onsets is not a standard audio format
Tabla,RMA_4.onsets,Tabla\4way-tabla-ismir21-dataset\train\onsets\b\RMA_4.onsets,NON_AUDIO_OR_UNSUPPORTED,,,,REVIEW,Extension .onsets is not a standard audio format
Tabla,SK_comp_6.onsets,Tabla\4way-tabla-ismir21-dataset\train\onsets\b\SK_comp_6.onsets,NON_AUDIO_OR_UNSUPPORTED,,,,REVIEW,Extension .onsets is not a standard audio format
Tabla,SK_ektaal_drut.onsets,Tabla\4way-tabla-ismir21-dataset\train\onsets\b\SK_ektaal_drut.onsets,NON_AUDIO_OR_UNSUPPORTED,,,,REVIEW,Extension .onsets is not a standard audio format
Tabla,T5_Luc_04.onsets,Tabla\4way-tabla-ismir21-dataset\train\onsets\b\T5_Luc_04.onsets,NON_AUDIO_OR_UNSUPPORTED,,,,REVIEW,Extension .onsets is not a standard audio format
Tabla,T5_Dli_03.onsets,Tabla\4way-tabla-ismir21-dataset\train\onsets\b\T5_Dli_03.onsets,NON_AUDIO_OR_UNSUPPORTED,,,,REVIEW,Extension .onsets is not a standard audio format
Tabla,T4_Ben_03.onsets,Tabla\4way-tabla-ismir21-dataset\train\onsets\b\T4_Ben_03.onsets,NON_AUDIO_OR_UNSUPPORTED,,,,REVIEW,Extension .onsets is not a standard audio format
Tabla,RMA_26.onsets,Tabla\4way-tabla-ismir21-dataset\train\onsets\b\RMA_26.onsets,NON_AUDIO_OR_UNSUPPORTED,,,,REVIEW,Extension .onsets is not a standard audio format
Tabla,KB_11.onsets,Tabla\4way-tabla-ismir21-dataset\train\onsets\b\KB_11.onsets,NON_AUDIO_OR_UNSUPPORTED,,,,REVIEW,Extension .onsets is not a standard audio format
Tabla,PP_comp81_t.onsets,Tabla\4way-tabla-ismir21-dataset\train\onsets\b\PP_comp81_t.onsets,NON_AUDIO_OR_UNSUPPORTED,,,,REVIEW,Extension .onsets is not a standard audio format
Tabla,SK_kaida_1.onsets,Tabla\4way-tabla-ismir21-dataset\train\onsets\b\SK_kaida_1.onsets,NON_AUDIO_OR_UNSUPPORTED,,,,REVIEW,Extension .onsets is not a standard audio format
Tabla,T7_Jap_Tukuda_05.onsets,Tabla\4way-tabla-ismir21-dataset\train\onsets\b\T7_Jap_Tukuda_05.onsets,NON_AUDIO_OR_UNSUPPORTED,,,,REVIEW,Extension .onsets is not a standard audio format
Tabla,T4_Tukuda_Ben_04.onsets,Tabla\4way-tabla-ismir21-dataset\train\onsets\b\T4_Tukuda_Ben_04.onsets,NON_AUDIO_OR_UNSUPPORTED,,,,REVIEW,Extension .onsets is not a standard audio format
Tabla,PP_comp11_t.onsets,Tabla\4way-tabla-ismir21-dataset\train\onsets\b\PP_comp11_t.onsets,NON_AUDIO_OR_UNSUPPORTED,,,,REVIEW,Extension .onsets is not a standard audio format
Tabla,T4_Gat_pra_02.onsets,Tabla\4way-tabla-ismir21-dataset\train\onsets\b\T4_Gat_pra_02.onsets,NON_AUDIO_OR_UNSUPPORTED,,,,REVIEW,Extension .onsets is not a standard audio format
Tabla,T7_Gat_tukuda_01.onsets,Tabla\4way-tabla-ismir21-dataset\train\onsets\b\T7_Gat_tukuda_01.onsets,NON_AUDIO_OR_UNSUPPORTED,,,,REVIEW,Extension .onsets is not a standard audio format
Tabla,SK_comp_1.onsets,Tabla\4way-tabla-ismir21-dataset\train\onsets\b\SK_comp_1.onsets,NON_AUDIO_OR_UNSUPPORTED,,,,REVIEW,Extension .onsets is not a standard audio format
Tabla,SM_chakradhar.onsets,Tabla\4way-tabla-ismir21-dataset\train\onsets\b\SM_chakradhar.onsets,NON_AUDIO_OR_UNSUPPORTED,,,,REVIEW,Extension .onsets is not a standard audio format
Tabla,T4_Pur_05.onsets,Tabla\4way-tabla-ismir21-dataset\train\onsets\b\T4_Pur_05.onsets,NON_AUDIO_OR_UNSUPPORTED,,,,REVIEW,Extension .onsets is not a standard audio format
Tabla,T7_Ben_tukuda_02.onsets,Tabla\4way-tabla-ismir21-dataset\train\onsets\b\T7_Ben_tukuda_02.onsets,NON_AUDIO_OR_UNSUPPORTED,,,,REVIEW,Extension .onsets is not a standard audio format
Tabla,AS_comp110_t.onsets,Tabla\4way-tabla-ismir21-dataset\train\onsets\b\AS_comp110_t.onsets,NON_AUDIO_OR_UNSUPPORTED,,,,REVIEW,Extension .onsets is not a standard audio format
Tabla,AS_comp117_t.onsets,Tabla\4way-tabla-ismir21-dataset\train\onsets\b\AS_comp117_t.onsets,NON_AUDIO_OR_UNSUPPORTED,,,,REVIEW,Extension .onsets is not a standard audio format
Tabla,AS_comp106_t.onsets,Tabla\4way-tabla-ismir21-dataset\train\onsets\b\AS_comp106_t.onsets,NON_AUDIO_OR_UNSUPPORTED,,,,REVIEW,Extension .onsets is not a standard audio format
Tabla,T5_Gat_03.onsets,Tabla\4way-tabla-ismir21-dataset\train\onsets\b\T5_Gat_03.onsets,NON_AUDIO_OR_UNSUPPORTED,,,,REVIEW,Extension .onsets is not a standard audio format
Tabla,T5_Dli_04.onsets,Tabla\4way-tabla-ismir21-dataset\train\onsets\b\T5_Dli_04.onsets,NON_AUDIO_OR_UNSUPPORTED,,,,REVIEW,Extension .onsets is not a standard audio format
Tabla,T4_Luc_01.onsets,Tabla\4way-tabla-ismir21-dataset\train\onsets\b\T4_Luc_01.onsets,NON_AUDIO_OR_UNSUPPORTED,,,,REVIEW,Extension .onsets is not a standard audio format
Tabla,RMA_30.onsets,Tabla\4way-tabla-ismir21-dataset\train\onsets\b\RMA_30.onsets,NON_AUDIO_OR_UNSUPPORTED,,,,REVIEW,Extension .onsets is not a standard audio format
Tabla,KB_7.onsets,Tabla\4way-tabla-ismir21-dataset\train\onsets\b\KB_7.onsets,NON_AUDIO_OR_UNSUPPORTED,,,,REVIEW,Extension .onsets is not a standard audio format
Tabla,T5_Dli_02.onsets,Tabla\4way-tabla-ismir21-dataset\train\onsets\b\T5_Dli_02.onsets,NON_AUDIO_OR_UNSUPPORTED,,,,REVIEW,Extension .onsets is not a standard audio format
Tabla,PP_comp17_t.onsets,Tabla\4way-tabla-ismir21-dataset\train\onsets\b\PP_comp17_t.onsets,NON_AUDIO_OR_UNSUPPORTED,,,,REVIEW,Extension .onsets is not a standard audio format
Tabla,AS_comp116_t.onsets,Tabla\4way-tabla-ismir21-dataset\train\onsets\b\AS_comp116_t.onsets,NON_AUDIO_OR_UNSUPPORTED,,,,REVIEW,Extension .onsets is not a standard audio format
Tabla,T7_Fur_01.onsets,Tabla\4way-tabla-ismir21-dataset\train\onsets\b\T7_Fur_01.onsets,NON_AUDIO_OR_UNSUPPORTED,,,,REVIEW,Extension .onsets is not a standard audio format
Tabla,T4_Gat_04.onsets,Tabla\4way-tabla-ismir21-dataset\train\onsets\b\T4_Gat_04.onsets,NON_AUDIO_OR_UNSUPPORTED,,,,REVIEW,Extension .onsets is not a standard audio format
Tabla,PP_comp12_t.onsets,Tabla\4way-tabla-ismir21-dataset\train\onsets\b\PP_comp12_t.onsets,NON_AUDIO_OR_UNSUPPORTED,,,,REVIEW,Extension .onsets is not a standard audio format
Tabla,RMA_18.onsets,Tabla\4way-tabla-ismir21-dataset\train\onsets\b\RMA_18.onsets,NON_AUDIO_OR_UNSUPPORTED,,,,REVIEW,Extension .onsets is not a standard audio format
Tabla,T7_TAA1_01.onsets,Tabla\4way-tabla-ismir21-dataset\train\onsets\b\T7_TAA1_01.onsets,NON_AUDIO_OR_UNSUPPORTED,,,,REVIEW,Extension .onsets is not a standard audio format
Tabla,RMA_21.onsets,Tabla\4way-tabla-ismir21-dataset\train\onsets\b\RMA_21.onsets,NON_AUDIO_OR_UNSUPPORTED,,,,REVIEW,Extension .onsets is not a standard audio format
Tabla,SK_teentaal_vilambit.onsets,Tabla\4way-tabla-ismir21-dataset\train\onsets\b\SK_teentaal_vilambit.onsets,NON_AUDIO_OR_UNSUPPORTED,,,,REVIEW,Extension .onsets is not a standard audio format
Tabla,T7_GAT_01.onsets,Tabla\4way-tabla-ismir21-dataset\train\onsets\b\T7_GAT_01.onsets,NON_AUDIO_OR_UNSUPPORTED,,,,REVIEW,Extension .onsets is not a standard audio format
Tabla,T4_Luc_05.onsets,Tabla\4way-tabla-ismir21-dataset\train\onsets\b\T4_Luc_05.onsets,NON_AUDIO_OR_UNSUPPORTED,,,,REVIEW,Extension .onsets is not a standard audio format
Tabla,SK_teentaal_mahadrut.onsets,Tabla\4way-tabla-ismir21-dataset\train\onsets\b\SK_teentaal_mahadrut.onsets,NON_AUDIO_OR_UNSUPPORTED,,,,REVIEW,Extension .onsets is not a standard audio format
Tabla,T7_Fur_02.onsets,Tabla\4way-tabla-ismir21-dataset\train\onsets\b\T7_Fur_02.onsets,NON_AUDIO_OR_UNSUPPORTED,,,,REVIEW,Extension .onsets is not a standard audio format
Tabla,T4_Dli_05.onsets,Tabla\4way-tabla-ismir21-dataset\train\onsets\b\T4_Dli_05.onsets,NON_AUDIO_OR_UNSUPPORTED,,,,REVIEW,Extension .onsets is not a standard audio format
Tabla,KB_6.onsets,Tabla\4way-tabla-ismir21-dataset\train\onsets\b\KB_6.onsets,NON_AUDIO_OR_UNSUPPORTED,,,,REVIEW,Extension .onsets is not a standard audio format
Tabla,T7_Rela_01.onsets,Tabla\4way-tabla-ismir21-dataset\train\onsets\b\T7_Rela_01.onsets,NON_AUDIO_OR_UNSUPPORTED,,,,REVIEW,Extension .onsets is not a standard audio format
Tabla,SK_ektaal.onsets,Tabla\4way-tabla-ismir21-dataset\train\onsets\b\SK_ektaal.onsets,NON_AUDIO_OR_UNSUPPORTED,,,,REVIEW,Extension .onsets is not a standard audio format
Tabla,SK_rela_1.onsets,Tabla\4way-tabla-ismir21-dataset\train\onsets\b\SK_rela_1.onsets,NON_AUDIO_OR_UNSUPPORTED,,,,REVIEW,Extension .onsets is not a standard audio format
Tabla,RMA_19.onsets,Tabla\4way-tabla-ismir21-dataset\train\onsets\b\RMA_19.onsets,NON_AUDIO_OR_UNSUPPORTED,,,,REVIEW,Extension .onsets is not a standard audio format
Tabla,RMA_27.onsets,Tabla\4way-tabla-ismir21-dataset\train\onsets\b\RMA_27.onsets,NON_AUDIO_OR_UNSUPPORTED,,,,REVIEW,Extension .onsets is not a standard audio format
Tabla,KB_10.onsets,Tabla\4way-tabla-ismir21-dataset\train\onsets\b\KB_10.onsets,NON_AUDIO_OR_UNSUPPORTED,,,,REVIEW,Extension .onsets is not a standard audio format
Tabla,T7_Jap_Tukuda_01.onsets,Tabla\4way-tabla-ismir21-dataset\train\onsets\b\T7_Jap_Tukuda_01.onsets,NON_AUDIO_OR_UNSUPPORTED,,,,REVIEW,Extension .onsets is not a standard audio format
Tabla,RMA_0.onsets,Tabla\4way-tabla-ismir21-dataset\train\onsets\b\RMA_0.onsets,NON_AUDIO_OR_UNSUPPORTED,,,,REVIEW,Extension .onsets is not a standard audio format
Tabla,KB_9.onsets,Tabla\4way-tabla-ismir21-dataset\train\onsets\b\KB_9.onsets,NON_AUDIO_OR_UNSUPPORTED,,,,REVIEW,Extension .onsets is not a standard audio format
Tabla,T7_Pur_01.onsets,Tabla\4way-tabla-ismir21-dataset\train\onsets\b\T7_Pur_01.onsets,NON_AUDIO_OR_UNSUPPORTED,,,,REVIEW,Extension .onsets is not a standard audio format
Tabla,T4_Gat_03.onsets,Tabla\4way-tabla-ismir21-dataset\train\onsets\b\T4_Gat_03.onsets,NON_AUDIO_OR_UNSUPPORTED,,,,REVIEW,Extension .onsets is not a standard audio format
Tabla,T7_TAA5_02.onsets,Tabla\4way-tabla-ismir21-dataset\train\onsets\b\T7_TAA5_02.onsets,NON_AUDIO_OR_UNSUPPORTED,,,,REVIEW,Extension .onsets is not a standard audio format
Tabla,RMA_7.onsets,Tabla\4way-tabla-ismir21-dataset\train\onsets\b\RMA_7.onsets,NON_AUDIO_OR_UNSUPPORTED,,,,REVIEW,Extension .onsets is not a standard audio format
Tabla,T4_Tukuda_03.onsets,Tabla\4way-tabla-ismir21-dataset\train\onsets\b\T4_Tukuda_03.onsets,NON_AUDIO_OR_UNSUPPORTED,,,,REVIEW,Extension .onsets is not a standard audio format
Tabla,T4_Drut_01.onsets,Tabla\4way-tabla-ismir21-dataset\train\onsets\b\T4_Drut_01.onsets,NON_AUDIO_OR_UNSUPPORTED,,,,REVIEW,Extension .onsets is not a standard audio format
Tabla,PP_comp31_t.onsets,Tabla\4way-tabla-ismir21-dataset\train\onsets\b\PP_comp31_t.onsets,NON_AUDIO_OR_UNSUPPORTED,,,,REVIEW,Extension .onsets is not a standard audio format
Tabla,T7_Pur_05.onsets,Tabla\4way-tabla-ismir21-dataset\train\onsets\b\T7_Pur_05.onsets,NON_AUDIO_OR_UNSUPPORTED,,,,REVIEW,Extension .onsets is not a standard audio format
Tabla,SK_comp_3.onsets,Tabla\4way-tabla-ismir21-dataset\train\onsets\b\SK_comp_3.onsets,NON_AUDIO_OR_UNSUPPORTED,,,,REVIEW,Extension .onsets is not a standard audio format
Tabla,T5_Gat_02.onsets,Tabla\4way-tabla-ismir21-dataset\train\onsets\b\T5_Gat_02.onsets,NON_AUDIO_OR_UNSUPPORTED,,,,REVIEW,Extension .onsets is not a standard audio format
Tabla,PP_comp80_t.onsets,Tabla\4way-tabla-ismir21-dataset\train\onsets\b\PP_comp80_t.onsets,NON_AUDIO_OR_UNSUPPORTED,,,,REVIEW,Extension .onsets is not a standard audio format
Tabla,KB_18.onsets,Tabla\4way-tabla-ismir21-dataset\train\onsets\b\KB_18.onsets,NON_AUDIO_OR_UNSUPPORTED,,,,REVIEW,Extension .onsets is not a standard audio format
Tabla,T5_Gat_05.onsets,Tabla\4way-tabla-ismir21-dataset\train\onsets\b\T5_Gat_05.onsets,NON_AUDIO_OR_UNSUPPORTED,,,,REVIEW,Extension .onsets is not a standard audio format
Tabla,AHK_solo-tintal-3.onsets,Tabla\4way-tabla-ismir21-dataset\train\onsets\b\AHK_solo-tintal-3.onsets,NON_AUDIO_OR_UNSUPPORTED,,,,REVIEW,Extension .onsets is not a standard audio format
Tabla,PP_comp25_t.onsets,Tabla\4way-tabla-ismir21-dataset\train\onsets\b\PP_comp25_t.onsets,NON_AUDIO_OR_UNSUPPORTED,,,,REVIEW,Extension .onsets is not a standard audio format
Tabla,T4_Mukuda_01.onsets,Tabla\4way-tabla-ismir21-dataset\train\onsets\b\T4_Mukuda_01.onsets,NON_AUDIO_OR_UNSUPPORTED,,,,REVIEW,Extension .onsets is not a standard audio format
Tabla,T4_Dli_02.onsets,Tabla\4way-tabla-ismir21-dataset\train\onsets\b\T4_Dli_02.onsets,NON_AUDIO_OR_UNSUPPORTED,,,,REVIEW,Extension .onsets is not a standard audio format
Tabla,RMA_20.onsets,Tabla\4way-tabla-ismir21-dataset\train\onsets\b\RMA_20.onsets,NON_AUDIO_OR_UNSUPPORTED,,,,REVIEW,Extension .onsets is not a standard audio format
Tabla,T7_Jap_Tukuda_04.onsets,Tabla\4way-tabla-ismir21-dataset\train\onsets\b\T7_Jap_Tukuda_04.onsets,NON_AUDIO_OR_UNSUPPORTED,,,,REVIEW,Extension .onsets is not a standard audio format
Tabla,AS_comp107_t.onsets,Tabla\4way-tabla-ismir21-dataset\train\onsets\b\AS_comp107_t.onsets,NON_AUDIO_OR_UNSUPPORTED,,,,REVIEW,Extension .onsets is not a standard audio format
Tabla,T4_Gat_01.onsets,Tabla\4way-tabla-ismir21-dataset\train\onsets\b\T4_Gat_01.onsets,NON_AUDIO_OR_UNSUPPORTED,,,,REVIEW,Extension .onsets is not a standard audio format
Tabla,T7_Tukuda_04.onsets,Tabla\4way-tabla-ismir21-dataset\train\onsets\b\T7_Tukuda_04.onsets,NON_AUDIO_OR_UNSUPPORTED,,,,REVIEW,Extension .onsets is not a standard audio format
Tabla,SK_comp_2.onsets,Tabla\4way-tabla-ismir21-dataset\train\onsets\b\SK_comp_2.onsets,NON_AUDIO_OR_UNSUPPORTED,,,,REVIEW,Extension .onsets is not a standard audio format
Tabla,PP_comp26_t.onsets,Tabla\4way-tabla-ismir21-dataset\train\onsets\b\PP_comp26_t.onsets,NON_AUDIO_OR_UNSUPPORTED,,,,REVIEW,Extension .onsets is not a standard audio format
Tabla,PP_comp27_t.onsets,Tabla\4way-tabla-ismir21-dataset\train\onsets\b\PP_comp27_t.onsets,NON_AUDIO_OR_UNSUPPORTED,,,,REVIEW,Extension .onsets is not a standard audio format
Tabla,RMA_5.onsets,Tabla\4way-tabla-ismir21-dataset\train\onsets\b\RMA_5.onsets,NON_AUDIO_OR_UNSUPPORTED,,,,REVIEW,Extension .onsets is not a standard audio format
Tabla,T7_Ben_tukuda_04.onsets,Tabla\4way-tabla-ismir21-dataset\train\onsets\b\T7_Ben_tukuda_04.onsets,NON_AUDIO_OR_UNSUPPORTED,,,,REVIEW,Extension .onsets is not a standard audio format
Tabla,T4_Vilambit_01.onsets,Tabla\4way-tabla-ismir21-dataset\train\onsets\b\T4_Vilambit_01.onsets,NON_AUDIO_OR_UNSUPPORTED,,,,REVIEW,Extension .onsets is not a standard audio format
Tabla,T7_Jap_Tukuda_03.onsets,Tabla\4way-tabla-ismir21-dataset\train\onsets\b\T7_Jap_Tukuda_03.onsets,NON_AUDIO_OR_UNSUPPORTED,,,,REVIEW,Extension .onsets is not a standard audio format
Tabla,T7_Fur_04.onsets,Tabla\4way-tabla-ismir21-dataset\train\onsets\b\T7_Fur_04.onsets,NON_AUDIO_OR_UNSUPPORTED,,,,REVIEW,Extension .onsets is not a standard audio format
Tabla,T5_Gat_03_1.onsets,Tabla\4way-tabla-ismir21-dataset\train\onsets\b\T5_Gat_03_1.onsets,NON_AUDIO_OR_UNSUPPORTED,,,,REVIEW,Extension .onsets is not a standard audio format
Tabla,SK_teentaal_punjabi.onsets,Tabla\4way-tabla-ismir21-dataset\train\onsets\b\SK_teentaal_punjabi.onsets,NON_AUDIO_OR_UNSUPPORTED,,,,REVIEW,Extension .onsets is not a standard audio format
Tabla,PP_comp3_t.onsets,Tabla\4way-tabla-ismir21-dataset\train\onsets\b\PP_comp3_t.onsets,NON_AUDIO_OR_UNSUPPORTED,,,,REVIEW,Extension .onsets is not a standard audio format
Tabla,AHK_solo-tintal-4.onsets,Tabla\4way-tabla-ismir21-dataset\train\onsets\b\AHK_solo-tintal-4.onsets,NON_AUDIO_OR_UNSUPPORTED,,,,REVIEW,Extension .onsets is not a standard audio format
Tabla,PP_comp84_t.onsets,Tabla\4way-tabla-ismir21-dataset\train\onsets\b\PP_comp84_t.onsets,NON_AUDIO_OR_UNSUPPORTED,,,,REVIEW,Extension .onsets is not a standard audio format
Tabla,RMA_22.onsets,Tabla\4way-tabla-ismir21-dataset\train\onsets\b\RMA_22.onsets,NON_AUDIO_OR_UNSUPPORTED,,,,REVIEW,Extension .onsets is not a standard audio format
Tabla,T7_Ben_tukuda_01.onsets,Tabla\4way-tabla-ismir21-dataset\train\onsets\b\T7_Ben_tukuda_01.onsets,NON_AUDIO_OR_UNSUPPORTED,,,,REVIEW,Extension .onsets is not a standard audio format
Tabla,AS_comp112_t.onsets,Tabla\4way-tabla-ismir21-dataset\train\onsets\b\AS_comp112_t.onsets,NON_AUDIO_OR_UNSUPPORTED,,,,REVIEW,Extension .onsets is not a standard audio format
Tabla,RMA_2.onsets,Tabla\4way-tabla-ismir21-dataset\train\onsets\b\RMA_2.onsets,NON_AUDIO_OR_UNSUPPORTED,,,,REVIEW,Extension .onsets is not a standard audio format
Tabla,T4_Tukuda_Ben_03.onsets,Tabla\4way-tabla-ismir21-dataset\train\onsets\b\T4_Tukuda_Ben_03.onsets,NON_AUDIO_OR_UNSUPPORTED,,,,REVIEW,Extension .onsets is not a standard audio format
Tabla,T7_DLI_01.onsets,Tabla\4way-tabla-ismir21-dataset\train\onsets\b\T7_DLI_01.onsets,NON_AUDIO_OR_UNSUPPORTED,,,,REVIEW,Extension .onsets is not a standard audio format
Tabla,PP_comp83_t.onsets,Tabla\4way-tabla-ismir21-dataset\train\onsets\b\PP_comp83_t.onsets,NON_AUDIO_OR_UNSUPPORTED,,,,REVIEW,Extension .onsets is not a standard audio format
Tabla,T4_Dli_03.onsets,Tabla\4way-tabla-ismir21-dataset\train\onsets\b\T4_Dli_03.onsets,NON_AUDIO_OR_UNSUPPORTED,,,,REVIEW,Extension .onsets is not a standard audio format
Tabla,T7_Ben_tukuda_05.onsets,Tabla\4way-tabla-ismir21-dataset\train\onsets\b\T7_Ben_tukuda_05.onsets,NON_AUDIO_OR_UNSUPPORTED,,,,REVIEW,Extension .onsets is not a standard audio format
Tabla,SK_uthan_1.onsets,Tabla\4way-tabla-ismir21-dataset\train\onsets\b\SK_uthan_1.onsets,NON_AUDIO_OR_UNSUPPORTED,,,,REVIEW,Extension .onsets is not a standard audio format
Tabla,SK_teentaal_drut.onsets,Tabla\4way-tabla-ismir21-dataset\train\onsets\b\SK_teentaal_drut.onsets,NON_AUDIO_OR_UNSUPPORTED,,,,REVIEW,Extension .onsets is not a standard audio format
Tabla,KB_2.onsets,Tabla\4way-tabla-ismir21-dataset\train\onsets\b\KB_2.onsets,NON_AUDIO_OR_UNSUPPORTED,,,,REVIEW,Extension .onsets is not a standard audio format
Tabla,AS_comp105_t.onsets,Tabla\4way-tabla-ismir21-dataset\train\onsets\b\AS_comp105_t.onsets,NON_AUDIO_OR_UNSUPPORTED,,,,REVIEW,Extension .onsets is not a standard audio format
Tabla,PP_comp28_t.onsets,Tabla\4way-tabla-ismir21-dataset\train\onsets\b\PP_comp28_t.onsets,NON_AUDIO_OR_UNSUPPORTED,,,,REVIEW,Extension .onsets is not a standard audio format
Tabla,SK_comp_4.onsets,Tabla\4way-tabla-ismir21-dataset\train\onsets\b\SK_comp_4.onsets,NON_AUDIO_OR_UNSUPPORTED,,,,REVIEW,Extension .onsets is not a standard audio format
Tabla,AHK_solo-tintal-5.onsets,Tabla\4way-tabla-ismir21-dataset\train\onsets\b\AHK_solo-tintal-5.onsets,NON_AUDIO_OR_UNSUPPORTED,,,,REVIEW,Extension .onsets is not a standard audio format
Tabla,SK_ektaal_vilambit.onsets,Tabla\4way-tabla-ismir21-dataset\train\onsets\b\SK_ektaal_vilambit.onsets,NON_AUDIO_OR_UNSUPPORTED,,,,REVIEW,Extension .onsets is not a standard audio format
Tabla,T5_Gat_04.onsets,Tabla\4way-tabla-ismir21-dataset\train\onsets\b\T5_Gat_04.onsets,NON_AUDIO_OR_UNSUPPORTED,,,,REVIEW,Extension .onsets is not a standard audio format
Tabla,T4_Pur_03.onsets,Tabla\4way-tabla-ismir21-dataset\train\onsets\b\T4_Pur_03.onsets,NON_AUDIO_OR_UNSUPPORTED,,,,REVIEW,Extension .onsets is not a standard audio format
Tabla,T4_Tukuda_Ben_02.onsets,Tabla\4way-tabla-ismir21-dataset\train\onsets\b\T4_Tukuda_Ben_02.onsets,NON_AUDIO_OR_UNSUPPORTED,,,,REVIEW,Extension .onsets is not a standard audio format
Tabla,PP_comp16new_t.onsets,Tabla\4way-tabla-ismir21-dataset\train\onsets\b\PP_comp16new_t.onsets,NON_AUDIO_OR_UNSUPPORTED,,,,REVIEW,Extension .onsets is not a standard audio format
Tabla,T7_Tukuda_05.onsets,Tabla\4way-tabla-ismir21-dataset\train\onsets\b\T7_Tukuda_05.onsets,NON_AUDIO_OR_UNSUPPORTED,,,,REVIEW,Extension .onsets is not a standard audio format
Tabla,T4_Gat_pra_01.onsets,Tabla\4way-tabla-ismir21-dataset\train\onsets\b\T4_Gat_pra_01.onsets,NON_AUDIO_OR_UNSUPPORTED,,,,REVIEW,Extension .onsets is not a standard audio format
Tabla,KB_26.onsets,Tabla\4way-tabla-ismir21-dataset\train\onsets\b\KB_26.onsets,NON_AUDIO_OR_UNSUPPORTED,,,,REVIEW,Extension .onsets is not a standard audio format
Tabla,SK_teentaal.onsets,Tabla\4way-tabla-ismir21-dataset\train\onsets\b\SK_teentaal.onsets,NON_AUDIO_OR_UNSUPPORTED,,,,REVIEW,Extension .onsets is not a standard audio format
Tabla,AHK_solo-tintal-2.onsets,Tabla\4way-tabla-ismir21-dataset\train\onsets\b\AHK_solo-tintal-2.onsets,NON_AUDIO_OR_UNSUPPORTED,,,,REVIEW,Extension .onsets is not a standard audio format
Tabla,T4_Dli_04.onsets,Tabla\4way-tabla-ismir21-dataset\train\onsets\b\T4_Dli_04.onsets,NON_AUDIO_OR_UNSUPPORTED,,,,REVIEW,Extension .onsets is not a standard audio format
Tabla,T4_Tukuda_Japh_02.onsets,Tabla\4way-tabla-ismir21-dataset\train\onsets\b\T4_Tukuda_Japh_02.onsets,NON_AUDIO_OR_UNSUPPORTED,,,,REVIEW,Extension .onsets is not a standard audio format
Tabla,T7_Pur_04.onsets,Tabla\4way-tabla-ismir21-dataset\train\onsets\b\T7_Pur_04.onsets,NON_AUDIO_OR_UNSUPPORTED,,,,REVIEW,Extension .onsets is not a standard audio format
Tabla,RMA_8.onsets,Tabla\4way-tabla-ismir21-dataset\train\onsets\b\RMA_8.onsets,NON_AUDIO_OR_UNSUPPORTED,,,,REVIEW,Extension .onsets is not a standard audio format
Tabla,T5_Dli_05.onsets,Tabla\4way-tabla-ismir21-dataset\train\onsets\b\T5_Dli_05.onsets,NON_AUDIO_OR_UNSUPPORTED,,,,REVIEW,Extension .onsets is not a standard audio format
Tabla,T4_Tukuda_01.onsets,Tabla\4way-tabla-ismir21-dataset\train\onsets\b\T4_Tukuda_01.onsets,NON_AUDIO_OR_UNSUPPORTED,,,,REVIEW,Extension .onsets is not a standard audio format
Tabla,PP_comp9_t.onsets,Tabla\4way-tabla-ismir21-dataset\train\onsets\b\PP_comp9_t.onsets,NON_AUDIO_OR_UNSUPPORTED,,,,REVIEW,Extension .onsets is not a standard audio format
Tabla,KB_20.onsets,Tabla\4way-tabla-ismir21-dataset\train\onsets\b\KB_20.onsets,NON_AUDIO_OR_UNSUPPORTED,,,,REVIEW,Extension .onsets is not a standard audio format
Tabla,SM_peshkar.onsets,Tabla\4way-tabla-ismir21-dataset\train\onsets\b\SM_peshkar.onsets,NON_AUDIO_OR_UNSUPPORTED,,,,REVIEW,Extension .onsets is not a standard audio format
Tabla,T5_Luc_05.onsets,Tabla\4way-tabla-ismir21-dataset\train\onsets\b\T5_Luc_05.onsets,NON_AUDIO_OR_UNSUPPORTED,,,,REVIEW,Extension .onsets is not a standard audio format
Tabla,T5_Luc_02.onsets,Tabla\4way-tabla-ismir21-dataset\train\onsets\b\T5_Luc_02.onsets,NON_AUDIO_OR_UNSUPPORTED,,,,REVIEW,Extension .onsets is not a standard audio format
Tabla,PP_comp82_t.onsets,Tabla\4way-tabla-ismir21-dataset\train\onsets\b\PP_comp82_t.onsets,NON_AUDIO_OR_UNSUPPORTED,,,,REVIEW,Extension .onsets is not a standard audio format
Tabla,AS_comp109_t.onsets,Tabla\4way-tabla-ismir21-dataset\train\onsets\b\AS_comp109_t.onsets,NON_AUDIO_OR_UNSUPPORTED,,,,REVIEW,Extension .onsets is not a standard audio format
Tabla,RMA_15.onsets,Tabla\4way-tabla-ismir21-dataset\train\onsets\b\RMA_15.onsets,NON_AUDIO_OR_UNSUPPORTED,,,,REVIEW,Extension .onsets is not a standard audio format
Tabla,PP_comp86_t.onsets,Tabla\4way-tabla-ismir21-dataset\train\onsets\b\PP_comp86_t.onsets,NON_AUDIO_OR_UNSUPPORTED,,,,REVIEW,Extension .onsets is not a standard audio format
Tabla,T4_Pur_04.onsets,Tabla\4way-tabla-ismir21-dataset\train\onsets\b\T4_Pur_04.onsets,NON_AUDIO_OR_UNSUPPORTED,,,,REVIEW,Extension .onsets is not a standard audio format
Tabla,RMA_29.onsets,Tabla\4way-tabla-ismir21-dataset\train\onsets\b\RMA_29.onsets,NON_AUDIO_OR_UNSUPPORTED,,,,REVIEW,Extension .onsets is not a standard audio format
Tabla,T7_Pur_02.onsets,Tabla\4way-tabla-ismir21-dataset\train\onsets\b\T7_Pur_02.onsets,NON_AUDIO_OR_UNSUPPORTED,,,,REVIEW,Extension .onsets is not a standard audio format
Tabla,T7_LUC_01.onsets,Tabla\4way-tabla-ismir21-dataset\train\onsets\b\T7_LUC_01.onsets,NON_AUDIO_OR_UNSUPPORTED,,,,REVIEW,Extension .onsets is not a standard audio format
Tabla,T5_Luc_03.onsets,Tabla\4way-tabla-ismir21-dataset\train\onsets\b\T5_Luc_03.onsets,NON_AUDIO_OR_UNSUPPORTED,,,,REVIEW,Extension .onsets is not a standard audio format
Tabla,RMA_3.onsets,Tabla\4way-tabla-ismir21-dataset\train\onsets\b\RMA_3.onsets,NON_AUDIO_OR_UNSUPPORTED,,,,REVIEW,Extension .onsets is not a standard audio format
Tabla,KB_8.onsets,Tabla\4way-tabla-ismir21-dataset\train\onsets\b\KB_8.onsets,NON_AUDIO_OR_UNSUPPORTED,,,,REVIEW,Extension .onsets is not a standard audio format
Tabla,T5_Luc_01.onsets,Tabla\4way-tabla-ismir21-dataset\train\onsets\b\T5_Luc_01.onsets,NON_AUDIO_OR_UNSUPPORTED,,,,REVIEW,Extension .onsets is not a standard audio format
Tabla,SK_dadra.onsets,Tabla\4way-tabla-ismir21-dataset\train\onsets\b\SK_dadra.onsets,NON_AUDIO_OR_UNSUPPORTED,,,,REVIEW,Extension .onsets is not a standard audio format
Tabla,T4_Luc_02.onsets,Tabla\4way-tabla-ismir21-dataset\train\onsets\b\T4_Luc_02.onsets,NON_AUDIO_OR_UNSUPPORTED,,,,REVIEW,Extension .onsets is not a standard audio format
Tabla,RMA_14.onsets,Tabla\4way-tabla-ismir21-dataset\train\onsets\b\RMA_14.onsets,NON_AUDIO_OR_UNSUPPORTED,,,,REVIEW,Extension .onsets is not a standard audio format
Tabla,T5_Luc_06.onsets,Tabla\4way-tabla-ismir21-dataset\train\onsets\b\T5_Luc_06.onsets,NON_AUDIO_OR_UNSUPPORTED,,,,REVIEW,Extension .onsets is not a standard audio format
Tabla,KB_16.onsets,Tabla\4way-tabla-ismir21-dataset\train\onsets\b\KB_16.onsets,NON_AUDIO_OR_UNSUPPORTED,,,,REVIEW,Extension .onsets is not a standard audio format
Tabla,RMA_10.onsets,Tabla\4way-tabla-ismir21-dataset\train\onsets\b\RMA_10.onsets,NON_AUDIO_OR_UNSUPPORTED,,,,REVIEW,Extension .onsets is not a standard audio format
Tabla,T4_Dli_01.onsets,Tabla\4way-tabla-ismir21-dataset\train\onsets\b\T4_Dli_01.onsets,NON_AUDIO_OR_UNSUPPORTED,,,,REVIEW,Extension .onsets is not a standard audio format
Tabla,PP_comp19_t.onsets,Tabla\4way-tabla-ismir21-dataset\train\onsets\b\PP_comp19_t.onsets,NON_AUDIO_OR_UNSUPPORTED,,,,REVIEW,Extension .onsets is not a standard audio format
Tabla,T4_Luc_04.onsets,Tabla\4way-tabla-ismir21-dataset\train\onsets\b\T4_Luc_04.onsets,NON_AUDIO_OR_UNSUPPORTED,,,,REVIEW,Extension .onsets is not a standard audio format
Tabla,AS_comp108_t.onsets,Tabla\4way-tabla-ismir21-dataset\train\onsets\b\AS_comp108_t.onsets,NON_AUDIO_OR_UNSUPPORTED,,,,REVIEW,Extension .onsets is not a standard audio format
Tabla,T7_Tukuda_01.onsets,Tabla\4way-tabla-ismir21-dataset\train\onsets\b\T7_Tukuda_01.onsets,NON_AUDIO_OR_UNSUPPORTED,,,,REVIEW,Extension .onsets is not a standard audio format
Tabla,AS_comp113_t.onsets,Tabla\4way-tabla-ismir21-dataset\train\onsets\b\AS_comp113_t.onsets,NON_AUDIO_OR_UNSUPPORTED,,,,REVIEW,Extension .onsets is not a standard audio format
Tabla,T4_Pur_02.onsets,Tabla\4way-tabla-ismir21-dataset\train\onsets\b\T4_Pur_02.onsets,NON_AUDIO_OR_UNSUPPORTED,,,,REVIEW,Extension .onsets is not a standard audio format
Tabla,KB_1.onsets,Tabla\4way-tabla-ismir21-dataset\train\onsets\b\KB_1.onsets,NON_AUDIO_OR_UNSUPPORTED,,,,REVIEW,Extension .onsets is not a standard audio format
Tabla,PP_comp23_t.onsets,Tabla\4way-tabla-ismir21-dataset\train\onsets\b\PP_comp23_t.onsets,NON_AUDIO_OR_UNSUPPORTED,,,,REVIEW,Extension .onsets is not a standard audio format
Tabla,PP_comp5_t.onsets,Tabla\4way-tabla-ismir21-dataset\train\onsets\b\PP_comp5_t.onsets,NON_AUDIO_OR_UNSUPPORTED,,,,REVIEW,Extension .onsets is not a standard audio format
Tabla,T4_Luc_03.onsets,Tabla\4way-tabla-ismir21-dataset\train\onsets\b\T4_Luc_03.onsets,NON_AUDIO_OR_UNSUPPORTED,,,,REVIEW,Extension .onsets is not a standard audio format
Tabla,T7_Mukuda_01.onsets,Tabla\4way-tabla-ismir21-dataset\train\onsets\b\T7_Mukuda_01.onsets,NON_AUDIO_OR_UNSUPPORTED,,,,REVIEW,Extension .onsets is not a standard audio format
Tabla,T7_Fur_03.onsets,Tabla\4way-tabla-ismir21-dataset\train\onsets\b\T7_Fur_03.onsets,NON_AUDIO_OR_UNSUPPORTED,,,,REVIEW,Extension .onsets is not a standard audio format
Tabla,T5_Gat_01.onsets,Tabla\4way-tabla-ismir21-dataset\train\onsets\b\T5_Gat_01.onsets,NON_AUDIO_OR_UNSUPPORTED,,,,REVIEW,Extension .onsets is not a standard audio format
Tabla,T4_Pur_01.onsets,Tabla\4way-tabla-ismir21-dataset\train\onsets\b\T4_Pur_01.onsets,NON_AUDIO_OR_UNSUPPORTED,,,,REVIEW,Extension .onsets is not a standard audio format
Tabla,T4_Drut_02.onsets,Tabla\4way-tabla-ismir21-dataset\train\onsets\b\T4_Drut_02.onsets,NON_AUDIO_OR_UNSUPPORTED,,,,REVIEW,Extension .onsets is not a standard audio format
Tabla,RMA_23.onsets,Tabla\4way-tabla-ismir21-dataset\train\onsets\b\RMA_23.onsets,NON_AUDIO_OR_UNSUPPORTED,,,,REVIEW,Extension .onsets is not a standard audio format
Tabla,T4_Tukuda_04.onsets,Tabla\4way-tabla-ismir21-dataset\train\onsets\b\T4_Tukuda_04.onsets,NON_AUDIO_OR_UNSUPPORTED,,,,REVIEW,Extension .onsets is not a standard audio format
Tabla,T7_Pur_03.onsets,Tabla\4way-tabla-ismir21-dataset\train\onsets\b\T7_Pur_03.onsets,NON_AUDIO_OR_UNSUPPORTED,,,,REVIEW,Extension .onsets is not a standard audio format
Tabla,KB_19.onsets,Tabla\4way-tabla-ismir21-dataset\train\onsets\b\KB_19.onsets,NON_AUDIO_OR_UNSUPPORTED,,,,REVIEW,Extension .onsets is not a standard audio format
Tabla,RMA_9.onsets,Tabla\4way-tabla-ismir21-dataset\train\onsets\b\RMA_9.onsets,NON_AUDIO_OR_UNSUPPORTED,,,,REVIEW,Extension .onsets is not a standard audio format
Tabla,KB_17.onsets,Tabla\4way-tabla-ismir21-dataset\train\onsets\b\KB_17.onsets,NON_AUDIO_OR_UNSUPPORTED,,,,REVIEW,Extension .onsets is not a standard audio format
Tabla,KB_22.onsets,Tabla\4way-tabla-ismir21-dataset\train\onsets\b\KB_22.onsets,NON_AUDIO_OR_UNSUPPORTED,,,,REVIEW,Extension .onsets is not a standard audio format
Tabla,SK_roopak.onsets,Tabla\4way-tabla-ismir21-dataset\train\onsets\b\SK_roopak.onsets,NON_AUDIO_OR_UNSUPPORTED,,,,REVIEW,Extension .onsets is not a standard audio format
Tabla,RMA_12.onsets,Tabla\4way-tabla-ismir21-dataset\train\onsets\b\RMA_12.onsets,NON_AUDIO_OR_UNSUPPORTED,,,,REVIEW,Extension .onsets is not a standard audio format
Tabla,KB_23.onsets,Tabla\4way-tabla-ismir21-dataset\train\onsets\b\KB_23.onsets,NON_AUDIO_OR_UNSUPPORTED,,,,REVIEW,Extension .onsets is not a standard audio format
Tabla,SK_comp_5.onsets,Tabla\4way-tabla-ismir21-dataset\train\onsets\b\SK_comp_5.onsets,NON_AUDIO_OR_UNSUPPORTED,,,,REVIEW,Extension .onsets is not a standard audio format
Tabla,AS_comp103_t.onsets,Tabla\4way-tabla-ismir21-dataset\train\onsets\b\AS_comp103_t.onsets,NON_AUDIO_OR_UNSUPPORTED,,,,REVIEW,Extension .onsets is not a standard audio format
Tabla,AS_comp101_t.onsets,Tabla\4way-tabla-ismir21-dataset\train\onsets\b\AS_comp101_t.onsets,NON_AUDIO_OR_UNSUPPORTED,,,,REVIEW,Extension .onsets is not a standard audio format
Tabla,PP_comp77_t.onsets,Tabla\4way-tabla-ismir21-dataset\train\onsets\b\PP_comp77_t.onsets,NON_AUDIO_OR_UNSUPPORTED,,,,REVIEW,Extension .onsets is not a standard audio format
Tabla,KB_5.onsets,Tabla\4way-tabla-ismir21-dataset\train\onsets\b\KB_5.onsets,NON_AUDIO_OR_UNSUPPORTED,,,,REVIEW,Extension .onsets is not a standard audio format
Tabla,SM_uthan.onsets,Tabla\4way-tabla-ismir21-dataset\train\onsets\b\SM_uthan.onsets,NON_AUDIO_OR_UNSUPPORTED,,,,REVIEW,Extension .onsets is not a standard audio format
Tabla,RMA_11.onsets,Tabla\4way-tabla-ismir21-dataset\train\onsets\b\RMA_11.onsets,NON_AUDIO_OR_UNSUPPORTED,,,,REVIEW,Extension .onsets is not a standard audio format
Tabla,AHK_solo-tintal-6.onsets,Tabla\4way-tabla-ismir21-dataset\train\onsets\b\AHK_solo-tintal-6.onsets,NON_AUDIO_OR_UNSUPPORTED,,,,REVIEW,Extension .onsets is not a standard audio format
Tabla,KB_4.onsets,Tabla\4way-tabla-ismir21-dataset\train\onsets\b\KB_4.onsets,NON_AUDIO_OR_UNSUPPORTED,,,,REVIEW,Extension .onsets is not a standard audio format
Tabla,T5_Luc_07.onsets,Tabla\4way-tabla-ismir21-dataset\train\onsets\b\T5_Luc_07.onsets,NON_AUDIO_OR_UNSUPPORTED,,,,REVIEW,Extension .onsets is not a standard audio format
Tabla,KB_14.onsets,Tabla\4way-tabla-ismir21-dataset\train\onsets\b\KB_14.onsets,NON_AUDIO_OR_UNSUPPORTED,,,,REVIEW,Extension .onsets is not a standard audio format
Tabla,T4_Gat_pra_00.onsets,Tabla\4way-tabla-ismir21-dataset\train\onsets\b\T4_Gat_pra_00.onsets,NON_AUDIO_OR_UNSUPPORTED,,,,REVIEW,Extension .onsets is not a standard audio format
Tabla,T4_Tukuda_Ben_01.onsets,Tabla\4way-tabla-ismir21-dataset\train\onsets\b\T4_Tukuda_Ben_01.onsets,NON_AUDIO_OR_UNSUPPORTED,,,,REVIEW,Extension .onsets is not a standard audio format
Tabla,KB_24.onsets,Tabla\4way-tabla-ismir21-dataset\train\onsets\b\KB_24.onsets,NON_AUDIO_OR_UNSUPPORTED,,,,REVIEW,Extension .onsets is not a standard audio format
Tabla,T5_Dli_01.onsets,Tabla\4way-tabla-ismir21-dataset\train\onsets\b\T5_Dli_01.onsets,NON_AUDIO_OR_UNSUPPORTED,,,,REVIEW,Extension .onsets is not a standard audio format
Tabla,T7_Tukuda_03.onsets,Tabla\4way-tabla-ismir21-dataset\train\onsets\b\T7_Tukuda_03.onsets,NON_AUDIO_OR_UNSUPPORTED,,,,REVIEW,Extension .onsets is not a standard audio format
Tabla,RMA_28.onsets,Tabla\4way-tabla-ismir21-dataset\train\onsets\b\RMA_28.onsets,NON_AUDIO_OR_UNSUPPORTED,,,,REVIEW,Extension .onsets is not a standard audio format
Tabla,T4_Tukuda_05.onsets,Tabla\4way-tabla-ismir21-dataset\train\onsets\b\T4_Tukuda_05.onsets,NON_AUDIO_OR_UNSUPPORTED,,,,REVIEW,Extension .onsets is not a standard audio format
Tabla,T4_Drut_03.onsets,Tabla\4way-tabla-ismir21-dataset\train\onsets\b\T4_Drut_03.onsets,NON_AUDIO_OR_UNSUPPORTED,,,,REVIEW,Extension .onsets is not a standard audio format
Tabla,AS_comp115_t.onsets,Tabla\4way-tabla-ismir21-dataset\train\onsets\b\AS_comp115_t.onsets,NON_AUDIO_OR_UNSUPPORTED,,,,REVIEW,Extension .onsets is not a standard audio format
Tabla,kachu-na_DM.wav,Tabla\4way-tabla-ismir21-dataset\test\audios\kachu-na_DM.wav,UNEXPECTED_SAMPLE_RATE,127.96625,16000,1,CONVERT/RESAMPLE,"SR is 16000, expected 44100"
Tabla,sourashtra-soma_UK2.wav,Tabla\4way-tabla-ismir21-dataset\test\audios\sourashtra-soma_UK2.wav,UNEXPECTED_SAMPLE_RATE,84.1148125,16000,1,CONVERT/RESAMPLE,"SR is 16000, expected 44100"
Tabla,shyaam_SRC.wav,Tabla\4way-tabla-ismir21-dataset\test\audios\shyaam_SRC.wav,UNEXPECTED_SAMPLE_RATE,112.228625,16000,1,CONVERT/RESAMPLE,"SR is 16000, expected 44100"
Tabla,tarana-darbari_UK2.wav,Tabla\4way-tabla-ismir21-dataset\test\audios\tarana-darbari_UK2.wav,UNEXPECTED_SAMPLE_RATE,72.5743125,16000,1,CONVERT/RESAMPLE,"SR is 16000, expected 44100"
Tabla,koyaliya_SRC.wav,Tabla\4way-tabla-ismir21-dataset\test\audios\koyaliya_SRC.wav,UNEXPECTED_SAMPLE_RATE,106.0094375,16000,1,CONVERT/RESAMPLE,"SR is 16000, expected 44100"
Tabla,eri-ali_PK.wav,Tabla\4way-tabla-ismir21-dataset\test\audios\eri-ali_PK.wav,UNEXPECTED_SAMPLE_RATE,211.9129375,16000,1,CONVERT/RESAMPLE,"SR is 16000, expected 44100"
Tabla,payaliya_DM.wav,Tabla\4way-tabla-ismir21-dataset\test\audios\payaliya_DM.wav,UNEXPECTED_SAMPLE_RATE,131.6365,16000,1,CONVERT/RESAMPLE,"SR is 16000, expected 44100"
Tabla,binati_SRC.wav,Tabla\4way-tabla-ismir21-dataset\test\audios\binati_SRC.wav,UNEXPECTED_SAMPLE_RATE,95.528375,16000,1,CONVERT/RESAMPLE,"SR is 16000, expected 44100"
Tabla,swarmalika-desh_SRC.wav,Tabla\4way-tabla-ismir21-dataset\test\audios\swarmalika-desh_SRC.wav,UNEXPECTED_SAMPLE_RATE,112.6151875,16000,1,CONVERT/RESAMPLE,"SR is 16000, expected 44100"
Tabla,man-legayo_DM.wav,Tabla\4way-tabla-ismir21-dataset\test\audios\man-legayo_DM.wav,UNEXPECTED_SAMPLE_RATE,136.5185625,16000,1,CONVERT/RESAMPLE,"SR is 16000, expected 44100"
Tabla,eri-ali_PK.onsets,Tabla\4way-tabla-ismir21-dataset\test\onsets\b\eri-ali_PK.onsets,NON_AUDIO_OR_UNSUPPORTED,,,,REVIEW,Extension .onsets is not a standard audio format
Tabla,man-legayo_DM.onsets,Tabla\4way-tabla-ismir21-dataset\test\onsets\b\man-legayo_DM.onsets,NON_AUDIO_OR_UNSUPPORTED,,,,REVIEW,Extension .onsets is not a standard audio format
Tabla,tarana-darbari_UK2.onsets,Tabla\4way-tabla-ismir21-dataset\test\onsets\b\tarana-darbari_UK2.onsets,NON_AUDIO_OR_UNSUPPORTED,,,,REVIEW,Extension .onsets is not a standard audio format
Tabla,kachu-na_DM.onsets,Tabla\4way-tabla-ismir21-dataset\test\onsets\b\kachu-na_DM.onsets,NON_AUDIO_OR_UNSUPPORTED,,,,REVIEW,Extension .onsets is not a standard audio format
Tabla,koyaliya_SRC.onsets,Tabla\4way-tabla-ismir21-dataset\test\onsets\b\koyaliya_SRC.onsets,NON_AUDIO_OR_UNSUPPORTED,,,,REVIEW,Extension .onsets is not a standard audio format
Tabla,sourashtra-soma_UK2.onsets,Tabla\4way-tabla-ismir21-dataset\test\onsets\b\sourashtra-soma_UK2.onsets,NON_AUDIO_OR_UNSUPPORTED,,,,REVIEW,Extension .onsets is not a standard audio format
Tabla,swarmalika-desh_SRC.onsets,Tabla\4way-tabla-ismir21-dataset\test\onsets\b\swarmalika-desh_SRC.onsets,NON_AUDIO_OR_UNSUPPORTED,,,,REVIEW,Extension .onsets is not a standard audio format
Tabla,shyaam_SRC.onsets,Tabla\4way-tabla-ismir21-dataset\test\onsets\b\shyaam_SRC.onsets,NON_AUDIO_OR_UNSUPPORTED,,,,REVIEW,Extension .onsets is not a standard audio format
Tabla,binati_SRC.onsets,Tabla\4way-tabla-ismir21-dataset\test\onsets\b\binati_SRC.onsets,NON_AUDIO_OR_UNSUPPORTED,,,,REVIEW,Extension .onsets is not a standard audio format
Tabla,payaliya_DM.onsets,Tabla\4way-tabla-ismir21-dataset\test\onsets\b\payaliya_DM.onsets,NON_AUDIO_OR_UNSUPPORTED,,,,REVIEW,Extension .onsets is not a standard audio format
Tabla,eri-ali_PK.onsets,Tabla\4way-tabla-ismir21-dataset\test\onsets\d\eri-ali_PK.onsets,NON_AUDIO_OR_UNSUPPORTED,,,,REVIEW,Extension .onsets is not a standard audio format
Tabla,man-legayo_DM.onsets,Tabla\4way-tabla-ismir21-dataset\test\onsets\d\man-legayo_DM.onsets,NON_AUDIO_OR_UNSUPPORTED,,,,REVIEW,Extension .onsets is not a standard audio format
Tabla,tarana-darbari_UK2.onsets,Tabla\4way-tabla-ismir21-dataset\test\onsets\d\tarana-darbari_UK2.onsets,NON_AUDIO_OR_UNSUPPORTED,,,,REVIEW,Extension .onsets is not a standard audio format
Tabla,kachu-na_DM.onsets,Tabla\4way-tabla-ismir21-dataset\test\onsets\d\kachu-na_DM.onsets,NON_AUDIO_OR_UNSUPPORTED,,,,REVIEW,Extension .onsets is not a standard audio format
Tabla,koyaliya_SRC.onsets,Tabla\4way-tabla-ismir21-dataset\test\onsets\d\koyaliya_SRC.onsets,NON_AUDIO_OR_UNSUPPORTED,,,,REVIEW,Extension .onsets is not a standard audio format
Tabla,sourashtra-soma_UK2.onsets,Tabla\4way-tabla-ismir21-dataset\test\onsets\d\sourashtra-soma_UK2.onsets,NON_AUDIO_OR_UNSUPPORTED,,,,REVIEW,Extension .onsets is not a standard audio format
Tabla,swarmalika-desh_SRC.onsets,Tabla\4way-tabla-ismir21-dataset\test\onsets\d\swarmalika-desh_SRC.onsets,NON_AUDIO_OR_UNSUPPORTED,,,,REVIEW,Extension .onsets is not a standard audio format
Tabla,shyaam_SRC.onsets,Tabla\4way-tabla-ismir21-dataset\test\onsets\d\shyaam_SRC.onsets,NON_AUDIO_OR_UNSUPPORTED,,,,REVIEW,Extension .onsets is not a standard audio format
Tabla,binati_SRC.onsets,Tabla\4way-tabla-ismir21-dataset\test\onsets\d\binati_SRC.onsets,NON_AUDIO_OR_UNSUPPORTED,,,,REVIEW,Extension .onsets is not a standard audio format
Tabla,payaliya_DM.onsets,Tabla\4way-tabla-ismir21-dataset\test\onsets\d\payaliya_DM.onsets,NON_AUDIO_OR_UNSUPPORTED,,,,REVIEW,Extension .onsets is not a standard audio format
Tabla,eri-ali_PK.onsets,Tabla\4way-tabla-ismir21-dataset\test\onsets\rt\eri-ali_PK.onsets,NON_AUDIO_OR_UNSUPPORTED,,,,REVIEW,Extension .onsets is not a standard audio format
Tabla,man-legayo_DM.onsets,Tabla\4way-tabla-ismir21-dataset\test\onsets\rt\man-legayo_DM.onsets,NON_AUDIO_OR_UNSUPPORTED,,,,REVIEW,Extension .onsets is not a standard audio format
Tabla,tarana-darbari_UK2.onsets,Tabla\4way-tabla-ismir21-dataset\test\onsets\rt\tarana-darbari_UK2.onsets,NON_AUDIO_OR_UNSUPPORTED,,,,REVIEW,Extension .onsets is not a standard audio format
Tabla,kachu-na_DM.onsets,Tabla\4way-tabla-ismir21-dataset\test\onsets\rt\kachu-na_DM.onsets,NON_AUDIO_OR_UNSUPPORTED,,,,REVIEW,Extension .onsets is not a standard audio format
Tabla,koyaliya_SRC.onsets,Tabla\4way-tabla-ismir21-dataset\test\onsets\rt\koyaliya_SRC.onsets,NON_AUDIO_OR_UNSUPPORTED,,,,REVIEW,Extension .onsets is not a standard audio format
Tabla,sourashtra-soma_UK2.onsets,Tabla\4way-tabla-ismir21-dataset\test\onsets\rt\sourashtra-soma_UK2.onsets,NON_AUDIO_OR_UNSUPPORTED,,,,REVIEW,Extension .onsets is not a standard audio format
Tabla,swarmalika-desh_SRC.onsets,Tabla\4way-tabla-ismir21-dataset\test\onsets\rt\swarmalika-desh_SRC.onsets,NON_AUDIO_OR_UNSUPPORTED,,,,REVIEW,Extension .onsets is not a standard audio format
Tabla,shyaam_SRC.onsets,Tabla\4way-tabla-ismir21-dataset\test\onsets\rt\shyaam_SRC.onsets,NON_AUDIO_OR_UNSUPPORTED,,,,REVIEW,Extension .onsets is not a standard audio format
Tabla,binati_SRC.onsets,Tabla\4way-tabla-ismir21-dataset\test\onsets\rt\binati_SRC.onsets,NON_AUDIO_OR_UNSUPPORTED,,,,REVIEW,Extension .onsets is not a standard audio format
Tabla,payaliya_DM.onsets,Tabla\4way-tabla-ismir21-dataset\test\onsets\rt\payaliya_DM.onsets,NON_AUDIO_OR_UNSUPPORTED,,,,REVIEW,Extension .onsets is not a standard audio format
Tabla,eri-ali_PK.onsets,Tabla\4way-tabla-ismir21-dataset\test\onsets\rb\eri-ali_PK.onsets,NON_AUDIO_OR_UNSUPPORTED,,,,REVIEW,Extension .onsets is not a standard audio format
Tabla,man-legayo_DM.onsets,Tabla\4way-tabla-ismir21-dataset\test\onsets\rb\man-legayo_DM.onsets,NON_AUDIO_OR_UNSUPPORTED,,,,REVIEW,Extension .onsets is not a standard audio format
Tabla,tarana-darbari_UK2.onsets,Tabla\4way-tabla-ismir21-dataset\test\onsets\rb\tarana-darbari_UK2.onsets,NON_AUDIO_OR_UNSUPPORTED,,,,REVIEW,Extension .onsets is not a standard audio format
Tabla,kachu-na_DM.onsets,Tabla\4way-tabla-ismir21-dataset\test\onsets\rb\kachu-na_DM.onsets,NON_AUDIO_OR_UNSUPPORTED,,,,REVIEW,Extension .onsets is not a standard audio format
Tabla,koyaliya_SRC.onsets,Tabla\4way-tabla-ismir21-dataset\test\onsets\rb\koyaliya_SRC.onsets,NON_AUDIO_OR_UNSUPPORTED,,,,REVIEW,Extension .onsets is not a standard audio format
Tabla,sourashtra-soma_UK2.onsets,Tabla\4way-tabla-ismir21-dataset\test\onsets\rb\sourashtra-soma_UK2.onsets,NON_AUDIO_OR_UNSUPPORTED,,,,REVIEW,Extension .onsets is not a standard audio format
Tabla,swarmalika-desh_SRC.onsets,Tabla\4way-tabla-ismir21-dataset\test\onsets\rb\swarmalika-desh_SRC.onsets,NON_AUDIO_OR_UNSUPPORTED,,,,REVIEW,Extension .onsets is not a standard audio format
Tabla,shyaam_SRC.onsets,Tabla\4way-tabla-ismir21-dataset\test\onsets\rb\shyaam_SRC.onsets,NON_AUDIO_OR_UNSUPPORTED,,,,REVIEW,Extension .onsets is not a standard audio format
Tabla,binati_SRC.onsets,Tabla\4way-tabla-ismir21-dataset\test\onsets\rb\binati_SRC.onsets,NON_AUDIO_OR_UNSUPPORTED,,,,REVIEW,Extension .onsets is not a standard audio format
Tabla,payaliya_DM.onsets,Tabla\4way-tabla-ismir21-dataset\test\onsets\rb\payaliya_DM.onsets,NON_AUDIO_OR_UNSUPPORTED,,,,REVIEW,Extension .onsets is not a standard audio format
Vocals,saraga_0004_vocals.wav,Vocals\saraga_0004_vocals.wav,TOO_LONG,1170.53462585034,44100,1,REVIEW,Duration > 10m
Vocals,saraga_0005_vocals.wav,Vocals\saraga_0005_vocals.wav,TOO_LONG,4314.56455782313,44100,1,REVIEW,Duration > 10m
Vocals,saraga_0006_vocals.wav,Vocals\saraga_0006_vocals.wav,TOO_LONG,1608.4951020408164,44100,1,REVIEW,Duration > 10m
Vocals,saraga_0013_vocals.wav,Vocals\saraga_0013_vocals.wav,TOO_LONG,2735.0525623582766,44100,1,REVIEW,Duration > 10m
Vocals,saraga_0014_vocals.wav,Vocals\saraga_0014_vocals.wav,TOO_LONG,755.0050793650794,44100,1,REVIEW,Duration > 10m
Vocals,saraga_0017_vocals.wav,Vocals\saraga_0017_vocals.wav,TOO_LONG,1642.7,44100,1,REVIEW,Duration > 10m
Vocals,saraga_0019_vocals.wav,Vocals\saraga_0019_vocals.wav,TOO_LONG,3608.5,44100,1,REVIEW,Duration > 10m
Vocals,saraga_0022_vocals.wav,Vocals\saraga_0022_vocals.wav,TOO_LONG,734.2,44100,1,REVIEW,Duration > 10m
Vocals,saraga_0026_vocals.wav,Vocals\saraga_0026_vocals.wav,TOO_LONG,2979.198888888889,44100,1,REVIEW,Duration > 10m
Vocals,saraga_0031_vocals.wav,Vocals\saraga_0031_vocals.wav,TOO_LONG,799.4616780045352,44100,1,REVIEW,Duration > 10m
Vocals,saraga_0035_vocals.wav,Vocals\saraga_0035_vocals.wav,TOO_LONG,1614.8599319727891,44100,1,REVIEW,Duration > 10m
Vocals,saraga_0038_vocals.wav,Vocals\saraga_0038_vocals.wav,TOO_LONG,640.9402494331066,44100,1,REVIEW,Duration > 10m
Vocals,saraga_0039_vocals.wav,Vocals\saraga_0039_vocals.wav,TOO_LONG,3002.720770975057,44100,1,REVIEW,Duration > 10m
Vocals,saraga_0040_vocals.wav,Vocals\saraga_0040_vocals.wav,TOO_LONG,2026.657641723356,44100,1,REVIEW,Duration > 10m
Vocals,saraga_0042_vocals.wav,Vocals\saraga_0042_vocals.wav,TOO_LONG,773.3580272108843,44100,1,REVIEW,Duration > 10m
Vocals,saraga_0045_vocals.wav,Vocals\saraga_0045_vocals.wav,TOO_LONG,709.1956689342404,44100,1,REVIEW,Duration > 10m
Vocals,saraga_0047_vocals.wav,Vocals\saraga_0047_vocals.wav,TOO_LONG,2541.8173922902492,44100,1,REVIEW,Duration > 10m
Vocals,saraga_0048_vocals.wav,Vocals\saraga_0048_vocals.wav,TOO_LONG,1441.1232653061224,44100,1,REVIEW,Duration > 10m
Vocals,saraga_0052_vocals.wav,Vocals\saraga_0052_vocals.wav,TOO_LONG,1589.9048526077097,44100,1,REVIEW,Duration > 10m
Vocals,saraga_0055_vocals.wav,Vocals\saraga_0055_vocals.wav,TOO_LONG,793.6454195011338,44100,1,REVIEW,Duration > 10m
Vocals,saraga_0058_vocals.wav,Vocals\saraga_0058_vocals.wav,TOO_LONG,2235.8468480725624,44100,1,REVIEW,Duration > 10m
Vocals,saraga_0062_vocals.wav,Vocals\saraga_0062_vocals.wav,TOO_LONG,1494.4038775510205,44100,1,REVIEW,Duration > 10m
Vocals,saraga_0066_vocals.wav,Vocals\saraga_0066_vocals.wav,TOO_LONG,4580.078843537415,44100,1,REVIEW,Duration > 10m
Vocals,saraga_0072_vocals.wav,Vocals\saraga_0072_vocals.wav,TOO_LONG,1140.6973242630386,44100,1,REVIEW,Duration > 10m
Vocals,saraga_0075_vocals.wav,Vocals\saraga_0075_vocals.wav,TOO_LONG,2276.101746031746,44100,1,REVIEW,Duration > 10m
Vocals,saraga_0077_vocals.wav,Vocals\saraga_0077_vocals.wav,TOO_LONG,2332.52358276644,44100,1,REVIEW,Duration > 10m
Vocals,saraga_0081_vocals.wav,Vocals\saraga_0081_vocals.wav,TOO_LONG,801.7316099773243,44100,1,REVIEW,Duration > 10m
Vocals,saraga_0084_vocals.wav,Vocals\saraga_0084_vocals.wav,TOO_LONG,1325.7156462585035,44100,1,REVIEW,Duration > 10m
Vocals,saraga_0090_vocals.wav,Vocals\saraga_0090_vocals.wav,TOO_LONG,892.795306122449,44100,1,REVIEW,Duration > 10m
Vocals,saraga_0092_vocals.wav,Vocals\saraga_0092_vocals.wav,TOO_LONG,717.4289569160998,44100,1,REVIEW,Duration > 10m
Vocals,saraga_0093_vocals.wav,Vocals\saraga_0093_vocals.wav,TOO_LONG,1509.7886848072562,44100,1,REVIEW,Duration > 10m
Vocals,saraga_0095_vocals.wav,Vocals\saraga_0095_vocals.wav,TOO_LONG,2014.5843310657597,44100,1,REVIEW,Duration > 10m
Vocals,saraga_0096_vocals.wav,Vocals\saraga_0096_vocals.wav,TOO_LONG,937.9821541950114,44100,1,REVIEW,Duration > 10m
Vocals,saraga_0098_vocals.wav,Vocals\saraga_0098_vocals.wav,TOO_LONG,1134.2208616780044,44100,1,REVIEW,Duration > 10m
Vocals,saraga_0101_vocals.wav,Vocals\saraga_0101_vocals.wav,TOO_LONG,2689.1156009070296,44100,1,REVIEW,Duration > 10m
Vocals,saraga_0105_vocals.wav,Vocals\saraga_0105_vocals.wav,TOO_LONG,893.4032199546485,44100,1,REVIEW,Duration > 10m
Vocals,saraga_0106_vocals.wav,Vocals\saraga_0106_vocals.wav,TOO_LONG,1203.1173242630387,44100,1,REVIEW,Duration > 10m
Vocals,saraga_0110_vocals.wav,Vocals\saraga_0110_vocals.wav,TOO_LONG,804.9600453514739,44100,1,REVIEW,Duration > 10m
Vocals,saraga_0111_vocals.wav,Vocals\saraga_0111_vocals.wav,TOO_LONG,821.8812698412698,44100,1,REVIEW,Duration > 10m
Vocals,saraga_0112_vocals.wav,Vocals\saraga_0112_vocals.wav,TOO_LONG,1400.2042630385488,44100,1,REVIEW,Duration > 10m
Vocals,saraga_0116_vocals.wav,Vocals\saraga_0116_vocals.wav,TOO_LONG,1732.4631972789116,44100,1,REVIEW,Duration > 10m
Vocals,saraga_0117_vocals.wav,Vocals\saraga_0117_vocals.wav,TOO_LONG,600.1184807256236,44100,1,REVIEW,Duration > 10m
Vocals,saraga_0118_vocals.wav,Vocals\saraga_0118_vocals.wav,TOO_LONG,3161.143492063492,44100,1,REVIEW,Duration > 10m
Vocals,saraga_0126_vocals.wav,Vocals\saraga_0126_vocals.wav,TOO_LONG,2596.8514965986396,44100,1,REVIEW,Duration > 10m
Vocals,saraga_0127_vocals.wav,Vocals\saraga_0127_vocals.wav,TOO_LONG,2092.7702267573695,44100,1,REVIEW,Duration > 10m
Vocals,saraga_0133_vocals.wav,Vocals\saraga_0133_vocals.wav,TOO_LONG,732.6012244897959,44100,1,REVIEW,Duration > 10m
Vocals,saraga_0134_vocals.wav,Vocals\saraga_0134_vocals.wav,TOO_LONG,2062.2555555555555,44100,1,REVIEW,Duration > 10m
Vocals,saraga_0135_vocals.wav,Vocals\saraga_0135_vocals.wav,TOO_LONG,1787.5548299319728,44100,1,REVIEW,Duration > 10m
Vocals,saraga_0139_vocals.wav,Vocals\saraga_0139_vocals.wav,TOO_LONG,1744.2359410430838,44100,1,REVIEW,Duration > 10m
Vocals,saraga_0140_vocals.wav,Vocals\saraga_0140_vocals.wav,TOO_LONG,3252.9758049886623,44100,1,REVIEW,Duration > 10m
Vocals,saraga_0142_vocals.wav,Vocals\saraga_0142_vocals.wav,TOO_LONG,826.6892517006803,44100,1,REVIEW,Duration > 10m
Vocals,saraga_0143_vocals.wav,Vocals\saraga_0143_vocals.wav,TOO_LONG,762.1253514739229,44100,1,REVIEW,Duration > 10m
Vocals,saraga_0145_vocals.wav,Vocals\saraga_0145_vocals.wav,TOO_LONG,649.2687301587301,44100,1,REVIEW,Duration > 10m
Vocals,saraga_0152_vocals.wav,Vocals\saraga_0152_vocals.wav,TOO_LONG,1364.2438548752834,44100,1,REVIEW,Duration > 10m
Vocals,saraga_0153_vocals.wav,Vocals\saraga_0153_vocals.wav,TOO_LONG,2357.1863265306124,44100,1,REVIEW,Duration > 10m
Vocals,saraga_0155_vocals.wav,Vocals\saraga_0155_vocals.wav,TOO_LONG,1803.5724489795919,44100,1,REVIEW,Duration > 10m
Vocals,saraga_0160_vocals.wav,Vocals\saraga_0160_vocals.wav,TOO_LONG,629.7207029478458,44100,1,REVIEW,Duration > 10m
Vocals,saraga_0162_vocals.wav,Vocals\saraga_0162_vocals.wav,TOO_LONG,1161.2631065759638,44100,1,REVIEW,Duration > 10m
