dataset,filename,declared_source,isolation_status,evidence,confidence,manual_review_required,notes
Flute,100_Dm_SadFlute_01_565.wav,flute,ISOLATED,Filepath heuristics,MEDIUM,False,
Flute,120_C_LongFlute_01_565.wav,flute,ISOLATED,Filepath heuristics,MEDIUM,False,
Flute,120_Em_BluesSlowRiffFlute_01_565.wav,flute,ISOLATED,Filepath heuristics,MEDIUM,False,
Flute,160_Bm_BluesElectricRiffFlute_01_565.wav,flute,ISOLATED,Filepath heuristics,MEDIUM,False,
Flute,160_Bm_BluesTrainFlute_01_565.wav,flute,ISOLATED,Filepath heuristics,MEDIUM,False,
Flute,160_C_FunkyCarSeatFlute_01_565.wav,flute,ISOLATED,Filepath heuristics,MEDIUM,False,
Flute,160_Dm_BluesyChorusFlute_01_565.wav,flute,ISOLATED,Filepath heuristics,MEDIUM,False,
Flute,160_Dm_ChorusFlute_02_565.wav,flute,ISOLATED,Filepath heuristics,MEDIUM,False,
Flute,160_Gm_ChorusRiffFlute_06_565.wav,flute,ISOLATED,Filepath heuristics,MEDIUM,False,
Flute,160_G_SustainedFlute_01_565.wav,flute,ISOLATED,Filepath heuristics,MEDIUM,False,
Flute,160_G_SustainedFlute_02_565.wav,flute,ISOLATED,Filepath heuristics,MEDIUM,False,
Flute,200_Dm_SsshFlute_02_565.wav,flute,ISOLATED,Filepath heuristics,MEDIUM,False,
Flute,200_Gm_LongFlute_01_565.wav,flute,ISOLATED,Filepath heuristics,MEDIUM,False,
Flute,80_Bm_DirtyFlute_01_565.wav,flute,ISOLATED,Filepath heuristics,MEDIUM,False,
Flute,80_Bm_DirtyFlute_02_565.wav,flute,ISOLATED,Filepath heuristics,MEDIUM,False,
Flute,80_Bm_DirtyFlute_03_565.wav,flute,ISOLATED,Filepath heuristics,MEDIUM,False,
Flute,80_Bm_DirtyPatterFlute_01_565.wav,flute,ISOLATED,Filepath heuristics,MEDIUM,False,
Flute,80_Bm_DirtyPatterFlute_02_565.wav,flute,ISOLATED,Filepath heuristics,MEDIUM,False,
Flute,80_Bm_DirtyPatterFlute_03_565.wav,flute,ISOLATED,Filepath heuristics,MEDIUM,False,
Flute,80_Bm_DirtyStabbyFlute_01_565.wav,flute,ISOLATED,Filepath heuristics,MEDIUM,False,
Flute,80_Bm_DirtyStabbyFlute_02_565.wav,flute,ISOLATED,Filepath heuristics,MEDIUM,False,
Flute,80_Bm_LongFlute_01_565.wav,flute,ISOLATED,Filepath heuristics,MEDIUM,False,
Flute,80_Bm_LongFlute_02_565.wav,flute,ISOLATED,Filepath heuristics,MEDIUM,False,
Flute,80_Bm_LongFlute_03_565.wav,flute,ISOLATED,Filepath heuristics,MEDIUM,False,
Flute,80_Bm_LongFlute_04_565.wav,flute,ISOLATED,Filepath heuristics,MEDIUM,False,
Flute,80_C_CarSeatFlute_01_565.wav,flute,ISOLATED,Filepath heuristics,MEDIUM,False,
Flute,80_C_CarSeatFlute_02_565.wav,flute,ISOLATED,Filepath heuristics,MEDIUM,False,
Flute,80_C_LongFlute_01_565.wav,flute,ISOLATED,Filepath heuristics,MEDIUM,False,
Flute,80_G_DecendingFlute_01_565.wav,flute,ISOLATED,Filepath heuristics,MEDIUM,False,
Flute,80_G_FunkyRiffFlute_01_565.wav,flute,ISOLATED,Filepath heuristics,MEDIUM,False,
Flute,Gully-Loops-Abyss-Flute-Loop-BPM-150-Pt-2-E.wav,flute,ISOLATED,Filepath heuristics,MEDIUM,False,
Flute,Gully-Loops-Birds-Flute-Loop-BPM-110-.wav,flute,ISOLATED,Filepath heuristics,MEDIUM,False,
Flute,Gully-Loops-Butter-Flute-Loop-BPM-105-D.wav,flute,ISOLATED,Filepath heuristics,MEDIUM,False,
Flute,Gully-Loops-Butterfly-Flute-Loop-BPM-105-D.wav,flute,ISOLATED,Filepath heuristics,MEDIUM,False,
Flute,Gully-Loops-Close-Flute-Loop-BPM-107-E.wav,flute,ISOLATED,Filepath heuristics,MEDIUM,False,
Flute,Gully-Loops-Ember-Flute-Loop-BPM-B.wav,flute,ISOLATED,Filepath heuristics,MEDIUM,False,
Flute,Gully-Loops-Fly-Flute-Loop-BPM-100-A.wav,flute,ISOLATED,Filepath heuristics,MEDIUM,False,
Flute,Gully-Loops-Genesis-Flute-Loop-BPM-100-A.wav,flute,ISOLATED,Filepath heuristics,MEDIUM,False,
Flute,Gully-Loops-Healing-Flute-Loop-BPM-128-A.wav,flute,ISOLATED,Filepath heuristics,MEDIUM,False,
Flute,Gully-Loops-Horizon-Flute-Loop-BPM-100-A.wav,flute,ISOLATED,Filepath heuristics,MEDIUM,False,
Flute,Gully-Loops-Infinite-Love-Flute-Loop.wav,flute,ISOLATED,Filepath heuristics,MEDIUM,False,
Flute,Gully-Loops-Kalponik-Flute-Loop-C.wav,flute,ISOLATED,Filepath heuristics,MEDIUM,False,
Flute,Gully-Loops-Maya-Flute-Loop-BPM-128-Pt-2-C.wav,flute,ISOLATED,Filepath heuristics,MEDIUM,False,
Flute,Gully-Loops-Preety-Flute-Loop-BPM-105-A.wav,flute,ISOLATED,Filepath heuristics,MEDIUM,False,
Flute,Gully-Loops-Sudden-Flute-Loop-BPM-130-A.wav,flute,ISOLATED,Filepath heuristics,MEDIUM,False,
Flute,Gully-Loops-Unique-Flute-Loop-BPM-110-A.wav,flute,ISOLATED,Filepath heuristics,MEDIUM,False,
Flute,Gully-Loops-Velocity-Flute-Loop-BPM-102-F.wav,flute,ISOLATED,Filepath heuristics,MEDIUM,False,
Flute,allemande_fifth_fragment_preston.wav,flute,ISOLATED,Filepath heuristics,MEDIUM,False,
Flute,allemande_fifth_fragment_preston_resampled.wav,flute,ISOLATED,Filepath heuristics,MEDIUM,False,
Flute,allemande_fifth_fragment_rampal.wav,flute,ISOLATED,Filepath heuristics,MEDIUM,False,
Flute,allemande_first_fragment_larrieu.wav,flute,ISOLATED,Filepath heuristics,MEDIUM,False,
Flute,allemande_first_fragment_nicolet.wav,flute,ISOLATED,Filepath heuristics,MEDIUM,False,
Flute,allemande_fourth_fragment_gerard.wav,flute,ISOLATED,Filepath heuristics,MEDIUM,False,
Flute,allemande_fourth_fragment_larrieu.wav,flute,ISOLATED,Filepath heuristics,MEDIUM,False,
Flute,allemande_second_fragment_gerard.wav,flute,ISOLATED,Filepath heuristics,MEDIUM,False,
Flute,allemande_second_fragment_preston.wav,flute,ISOLATED,Filepath heuristics,MEDIUM,False,
Flute,allemande_second_fragment_preston_resampled.wav,flute,ISOLATED,Filepath heuristics,MEDIUM,False,
Flute,allemande_third_fragment_nicolet.wav,flute,ISOLATED,Filepath heuristics,MEDIUM,False,
Flute,allemande_third_fragment_rampal.wav,flute,ISOLATED,Filepath heuristics,MEDIUM,False,
Flute,density_fifth_fragment_beauregard.wav,flute,ISOLATED,Filepath heuristics,MEDIUM,False,
Flute,density_first_fragment_zoon.wav,flute,ISOLATED,Filepath heuristics,MEDIUM,False,
Flute,density_fourth_fragment_beauregard.wav,flute,ISOLATED,Filepath heuristics,MEDIUM,False,
Flute,density_second_fragment_zoon.wav,flute,ISOLATED,Filepath heuristics,MEDIUM,False,
Flute,density_sixth_fragment_beauregard.wav,flute,ISOLATED,Filepath heuristics,MEDIUM,False,
Flute,density_third_fragment_zoon.wav,flute,ISOLATED,Filepath heuristics,MEDIUM,False,
Flute,sequenza_first_fragment_robison.wav,flute,ISOLATED,Filepath heuristics,MEDIUM,False,
Flute,sequenza_fourth_fragment_robison.wav,flute,ISOLATED,Filepath heuristics,MEDIUM,False,
Flute,sequenza_second_fragment_robison.wav,flute,ISOLATED,Filepath heuristics,MEDIUM,False,
Flute,sequenza_sixth_fragment_robison.wav,flute,ISOLATED,Filepath heuristics,MEDIUM,False,
Flute,syrinx_fifth_fragment_bourdin.wav,flute,ISOLATED,Filepath heuristics,MEDIUM,False,
Flute,syrinx_fifth_fragment_rhodes.wav,flute,ISOLATED,Filepath heuristics,MEDIUM,False,
Flute,syrinx_first_fragment_bernold.wav,flute,ISOLATED,Filepath heuristics,MEDIUM,False,
Flute,syrinx_first_fragment_douglas.wav,flute,ISOLATED,Filepath heuristics,MEDIUM,False,
Flute,syrinx_fourth_fragment_bernold.wav,flute,ISOLATED,Filepath heuristics,MEDIUM,False,
Flute,syrinx_fourth_fragment_dwyer.wav,flute,ISOLATED,Filepath heuristics,MEDIUM,False,
Flute,syrinx_second_fragment_bourdin.wav,flute,ISOLATED,Filepath heuristics,MEDIUM,False,
Flute,syrinx_second_fragment_dwyer.wav,flute,ISOLATED,Filepath heuristics,MEDIUM,False,
Flute,syrinx_third_fragment_douglas.wav,flute,ISOLATED,Filepath heuristics,MEDIUM,False,
Flute,syrinx_third_fragment_rhodes.wav,flute,ISOLATED,Filepath heuristics,MEDIUM,False,
Flute,allemande_fifth_fragment_preston.wav,flute,ISOLATED,Filepath heuristics,MEDIUM,False,
Flute,allemande_fifth_fragment_rampal.wav,flute,ISOLATED,Filepath heuristics,MEDIUM,False,
Flute,allemande_first_fragment_larrieu.wav,flute,ISOLATED,Filepath heuristics,MEDIUM,False,
Flute,allemande_first_fragment_nicolet.wav,flute,ISOLATED,Filepath heuristics,MEDIUM,False,
Flute,allemande_fourth_fragment_gerard.wav,flute,ISOLATED,Filepath heuristics,MEDIUM,False,
Flute,allemande_fourth_fragment_larrieu.wav,flute,ISOLATED,Filepath heuristics,MEDIUM,False,
Flute,allemande_second_fragment_gerard.wav,flute,ISOLATED,Filepath heuristics,MEDIUM,False,
Flute,allemande_second_fragment_preston.wav,flute,ISOLATED,Filepath heuristics,MEDIUM,False,
Flute,allemande_third_fragment_nicolet.wav,flute,ISOLATED,Filepath heuristics,MEDIUM,False,
Flute,allemande_third_fragment_rampal.wav,flute,ISOLATED,Filepath heuristics,MEDIUM,False,
Flute,density_fifth_fragment_beauregard.wav,flute,ISOLATED,Filepath heuristics,MEDIUM,False,
Flute,density_first_fragment_zoon.wav,flute,ISOLATED,Filepath heuristics,MEDIUM,False,
Flute,density_fourth_fragment_beauregard.wav,flute,ISOLATED,Filepath heuristics,MEDIUM,False,
Flute,density_second_fragment_zoon.wav,flute,ISOLATED,Filepath heuristics,MEDIUM,False,
Flute,density_sixth_fragment_beauregard.wav,flute,ISOLATED,Filepath heuristics,MEDIUM,False,
Flute,density_third_fragment_zoon.wav,flute,ISOLATED,Filepath heuristics,MEDIUM,False,
Flute,sequenza_first_fragment_robison.wav,flute,ISOLATED,Filepath heuristics,MEDIUM,False,
Flute,sequenza_fourth_fragment_robison.wav,flute,ISOLATED,Filepath heuristics,MEDIUM,False,
Flute,sequenza_second_fragment_robison.wav,flute,ISOLATED,Filepath heuristics,MEDIUM,False,
Flute,sequenza_sixth_fragment_robison.wav,flute,ISOLATED,Filepath heuristics,MEDIUM,False,
Flute,syrinx_fifth_fragment_bourdin.wav,flute,ISOLATED,Filepath heuristics,MEDIUM,False,
Flute,syrinx_fifth_fragment_rhodes.wav,flute,ISOLATED,Filepath heuristics,MEDIUM,False,
Flute,syrinx_first_fragment_bernold.wav,flute,ISOLATED,Filepath heuristics,MEDIUM,False,
Flute,syrinx_first_fragment_douglas.wav,flute,ISOLATED,Filepath heuristics,MEDIUM,False,
Flute,syrinx_fourth_fragment_bernold.wav,flute,ISOLATED,Filepath heuristics,MEDIUM,False,
Flute,syrinx_fourth_fragment_dwyer.wav,flute,ISOLATED,Filepath heuristics,MEDIUM,False,
Flute,syrinx_second_fragment_bourdin.wav,flute,ISOLATED,Filepath heuristics,MEDIUM,False,
Flute,syrinx_second_fragment_dwyer.wav,flute,ISOLATED,Filepath heuristics,MEDIUM,False,
Flute,syrinx_third_fragment_douglas.wav,flute,ISOLATED,Filepath heuristics,MEDIUM,False,
Flute,syrinx_third_fragment_rhodes.wav,flute,ISOLATED,Filepath heuristics,MEDIUM,False,
Flute,allemande_fifth_fragment_1-0.2.wav,flute,ISOLATED,Filepath heuristics,MEDIUM,False,
Flute,allemande_first_fragment_1-0.2.wav,flute,ISOLATED,Filepath heuristics,MEDIUM,False,
Flute,allemande_fourth_fragment_1-0.2.wav,flute,ISOLATED,Filepath heuristics,MEDIUM,False,
Flute,allemande_second_fragment_1-0.2.wav,flute,ISOLATED,Filepath heuristics,MEDIUM,False,
Flute,allemande_third_fragment_1-0.2.wav,flute,ISOLATED,Filepath heuristics,MEDIUM,False,
Flute,density_fifth_fragment_1-0.2.wav,flute,ISOLATED,Filepath heuristics,MEDIUM,False,
Flute,density_first_fragment_1-0.2.wav,flute,ISOLATED,Filepath heuristics,MEDIUM,False,
Flute,density_fourth_fragment_1-0.2.wav,flute,ISOLATED,Filepath heuristics,MEDIUM,False,
Flute,density_second_fragment_1-0.2.wav,flute,ISOLATED,Filepath heuristics,MEDIUM,False,
Flute,density_sixth_fragment_1-0.2.wav,flute,ISOLATED,Filepath heuristics,MEDIUM,False,
Flute,density_third_fragment_1-0.2.wav,flute,ISOLATED,Filepath heuristics,MEDIUM,False,
Flute,sequenza_first_fragment_1-0.2.wav,flute,ISOLATED,Filepath heuristics,MEDIUM,False,
Flute,sequenza_fourth_fragment_1-0.2.wav,flute,ISOLATED,Filepath heuristics,MEDIUM,False,
Flute,sequenza_second_fragment_1-0.2.wav,flute,ISOLATED,Filepath heuristics,MEDIUM,False,
Flute,sequenza_sixth_fragment_1-0.2.wav,flute,ISOLATED,Filepath heuristics,MEDIUM,False,
Flute,syrinx_fifth_fragment_1-0.2.wav,flute,ISOLATED,Filepath heuristics,MEDIUM,False,
Flute,syrinx_first_fragment_1-0.2.wav,flute,ISOLATED,Filepath heuristics,MEDIUM,False,
Flute,syrinx_fourth_fragment_1-0.2.wav,flute,ISOLATED,Filepath heuristics,MEDIUM,False,
Flute,syrinx_second_fragment_1-0.2.wav,flute,ISOLATED,Filepath heuristics,MEDIUM,False,
Flute,syrinx_third_fragment_1-0.2.wav,flute,ISOLATED,Filepath heuristics,MEDIUM,False,
Dhul,Gully-Loops-Bhoral-Dhul-Loop-BPM-160.wav,dhul,ISOLATED,Filepath heuristics,MEDIUM,False,
Dhul,Gully-Loops-Bordoisila-Dhul-Loop-BPM-120.wav,dhul,ISOLATED,Filepath heuristics,MEDIUM,False,
Dhul,Gully-Loops-Dhemaji-Dhul-Loop.wav,dhul,ISOLATED,Filepath heuristics,MEDIUM,False,
Dhul,Gully-Loops-Dhumuha-Dhul-Loop-BPM-100.wav,dhul,ISOLATED,Filepath heuristics,MEDIUM,False,
Dhul,Gully-Loops-Jhumor-Dhul-Loop-BPM-120.wav,dhul,ISOLATED,Filepath heuristics,MEDIUM,False,
Dhul,Gully-Loops-Kopou-Loop-BPM-140.wav,dhul,ISOLATED,Filepath heuristics,MEDIUM,False,
Dhul,Gully-Loops-Mahor-Dhul-Loop-BPM-120.wav,dhul,ISOLATED,Filepath heuristics,MEDIUM,False,
Dhul,Gully-Loops-Nahor-Dhul-Loop.wav,dhul,ISOLATED,Filepath heuristics,MEDIUM,False,
Dhul,Gully-Loops-Rohedoi-Dhul-Loop-BPM-100.wav,dhul,ISOLATED,Filepath heuristics,MEDIUM,False,
Harmonium,Harmonium Sample - 01.wav,harmonium,ISOLATED,Filepath heuristics,MEDIUM,False,
Harmonium,Harmonium Sample - 02.wav,harmonium,ISOLATED,Filepath heuristics,MEDIUM,False,
Harmonium,Harmonium Sample - 03.wav,harmonium,ISOLATED,Filepath heuristics,MEDIUM,False,
Harmonium,Harmonium Sample - 04.wav,harmonium,ISOLATED,Filepath heuristics,MEDIUM,False,
Harmonium,Harmonium Sample - 05.wav,harmonium,ISOLATED,Filepath heuristics,MEDIUM,False,
Harmonium,Harmonium Sample - 06.wav,harmonium,ISOLATED,Filepath heuristics,MEDIUM,False,
Harmonium,Harmonium Sample - 07.wav,harmonium,ISOLATED,Filepath heuristics,MEDIUM,False,
Harmonium,Harmonium Sample - 08.wav,harmonium,ISOLATED,Filepath heuristics,MEDIUM,False,
Harmonium,1.wav,harmonium,ISOLATED,Filepath heuristics,MEDIUM,False,
Harmonium,10.wav,harmonium,ISOLATED,Filepath heuristics,MEDIUM,False,
Harmonium,100.wav,harmonium,ISOLATED,Filepath heuristics,MEDIUM,False,
Harmonium,1000.wav,harmonium,ISOLATED,Filepath heuristics,MEDIUM,False,
Harmonium,1001.wav,harmonium,ISOLATED,Filepath heuristics,MEDIUM,False,
Harmonium,1002.wav,harmonium,ISOLATED,Filepath heuristics,MEDIUM,False,
Harmonium,1003.wav,harmonium,ISOLATED,Filepath heuristics,MEDIUM,False,
Harmonium,1004.wav,harmonium,ISOLATED,Filepath heuristics,MEDIUM,False,
Harmonium,1005.wav,harmonium,ISOLATED,Filepath heuristics,MEDIUM,False,
Harmonium,1006.wav,harmonium,ISOLATED,Filepath heuristics,MEDIUM,False,
Harmonium,1007.wav,harmonium,ISOLATED,Filepath heuristics,MEDIUM,False,
Harmonium,1008.wav,harmonium,ISOLATED,Filepath heuristics,MEDIUM,False,
Harmonium,1009.wav,harmonium,ISOLATED,Filepath heuristics,MEDIUM,False,
Harmonium,101.wav,harmonium,ISOLATED,Filepath heuristics,MEDIUM,False,
Harmonium,1010.wav,harmonium,ISOLATED,Filepath heuristics,MEDIUM,False,
Harmonium,1011.wav,harmonium,ISOLATED,Filepath heuristics,MEDIUM,False,
Harmonium,1012.wav,harmonium,ISOLATED,Filepath heuristics,MEDIUM,False,
Harmonium,1013.wav,harmonium,ISOLATED,Filepath heuristics,MEDIUM,False,
Harmonium,1014.wav,harmonium,ISOLATED,Filepath heuristics,MEDIUM,False,
Harmonium,1015.wav,harmonium,ISOLATED,Filepath heuristics,MEDIUM,False,
Harmonium,1016.wav,harmonium,ISOLATED,Filepath heuristics,MEDIUM,False,
Harmonium,1017.wav,harmonium,ISOLATED,Filepath heuristics,MEDIUM,False,
Harmonium,1018.wav,harmonium,ISOLATED,Filepath heuristics,MEDIUM,False,
Harmonium,1019.wav,harmonium,ISOLATED,Filepath heuristics,MEDIUM,False,
Harmonium,102.wav,harmonium,ISOLATED,Filepath heuristics,MEDIUM,False,
Harmonium,1020.wav,harmonium,ISOLATED,Filepath heuristics,MEDIUM,False,
Harmonium,1021.wav,harmonium,ISOLATED,Filepath heuristics,MEDIUM,False,
Harmonium,1022.wav,harmonium,ISOLATED,Filepath heuristics,MEDIUM,False,
Harmonium,1023.wav,harmonium,ISOLATED,Filepath heuristics,MEDIUM,False,
Harmonium,1024.wav,harmonium,ISOLATED,Filepath heuristics,MEDIUM,False,
Harmonium,1025.wav,harmonium,ISOLATED,Filepath heuristics,MEDIUM,False,
Harmonium,1026.wav,harmonium,ISOLATED,Filepath heuristics,MEDIUM,False,
Harmonium,1027.wav,harmonium,ISOLATED,Filepath heuristics,MEDIUM,False,
Harmonium,1028.wav,harmonium,ISOLATED,Filepath heuristics,MEDIUM,False,
Harmonium,1029.wav,harmonium,ISOLATED,Filepath heuristics,MEDIUM,False,
Harmonium,103.wav,harmonium,ISOLATED,Filepath heuristics,MEDIUM,False,
Harmonium,1030.wav,harmonium,ISOLATED,Filepath heuristics,MEDIUM,False,
Harmonium,1031.wav,harmonium,ISOLATED,Filepath heuristics,MEDIUM,False,
Harmonium,1032.wav,harmonium,ISOLATED,Filepath heuristics,MEDIUM,False,
Harmonium,1033.wav,harmonium,ISOLATED,Filepath heuristics,MEDIUM,False,
Harmonium,1034.wav,harmonium,ISOLATED,Filepath heuristics,MEDIUM,False,
Harmonium,1035.wav,harmonium,ISOLATED,Filepath heuristics,MEDIUM,False,
Harmonium,1036.wav,harmonium,ISOLATED,Filepath heuristics,MEDIUM,False,
Harmonium,1037.wav,harmonium,ISOLATED,Filepath heuristics,MEDIUM,False,
Harmonium,1038.wav,harmonium,ISOLATED,Filepath heuristics,MEDIUM,False,
Harmonium,1039.wav,harmonium,ISOLATED,Filepath heuristics,MEDIUM,False,
Harmonium,104.wav,harmonium,ISOLATED,Filepath heuristics,MEDIUM,False,
Harmonium,1040.wav,harmonium,ISOLATED,Filepath heuristics,MEDIUM,False,
Harmonium,1041.wav,harmonium,ISOLATED,Filepath heuristics,MEDIUM,False,
Harmonium,1042.wav,harmonium,ISOLATED,Filepath heuristics,MEDIUM,False,
Harmonium,1043.wav,harmonium,ISOLATED,Filepath heuristics,MEDIUM,False,
Harmonium,1044.wav,harmonium,ISOLATED,Filepath heuristics,MEDIUM,False,
Harmonium,1045.wav,harmonium,ISOLATED,Filepath heuristics,MEDIUM,False,
Harmonium,1046.wav,harmonium,ISOLATED,Filepath heuristics,MEDIUM,False,
Harmonium,1047.wav,harmonium,ISOLATED,Filepath heuristics,MEDIUM,False,
Harmonium,1048.wav,harmonium,ISOLATED,Filepath heuristics,MEDIUM,False,
Harmonium,1049.wav,harmonium,ISOLATED,Filepath heuristics,MEDIUM,False,
Harmonium,105.wav,harmonium,ISOLATED,Filepath heuristics,MEDIUM,False,
Harmonium,1050.wav,harmonium,ISOLATED,Filepath heuristics,MEDIUM,False,
Harmonium,1051.wav,harmonium,ISOLATED,Filepath heuristics,MEDIUM,False,
Harmonium,1052.wav,harmonium,ISOLATED,Filepath heuristics,MEDIUM,False,
Harmonium,1053.wav,harmonium,ISOLATED,Filepath heuristics,MEDIUM,False,
Harmonium,1054.wav,harmonium,ISOLATED,Filepath heuristics,MEDIUM,False,
Harmonium,1055.wav,harmonium,ISOLATED,Filepath heuristics,MEDIUM,False,
Harmonium,1056.wav,harmonium,ISOLATED,Filepath heuristics,MEDIUM,False,
Harmonium,1057.wav,harmonium,ISOLATED,Filepath heuristics,MEDIUM,False,
Harmonium,1058.wav,harmonium,ISOLATED,Filepath heuristics,MEDIUM,False,
Harmonium,1059.wav,harmonium,ISOLATED,Filepath heuristics,MEDIUM,False,
Harmonium,106.wav,harmonium,ISOLATED,Filepath heuristics,MEDIUM,False,
Harmonium,1060.wav,harmonium,ISOLATED,Filepath heuristics,MEDIUM,False,
Harmonium,1061.wav,harmonium,ISOLATED,Filepath heuristics,MEDIUM,False,
Harmonium,1062.wav,harmonium,ISOLATED,Filepath heuristics,MEDIUM,False,
Harmonium,1063.wav,harmonium,ISOLATED,Filepath heuristics,MEDIUM,False,
Harmonium,1064.wav,harmonium,ISOLATED,Filepath heuristics,MEDIUM,False,
Harmonium,1065.wav,harmonium,ISOLATED,Filepath heuristics,MEDIUM,False,
Harmonium,1066.wav,harmonium,ISOLATED,Filepath heuristics,MEDIUM,False,
Harmonium,1067.wav,harmonium,ISOLATED,Filepath heuristics,MEDIUM,False,
Harmonium,1068.wav,harmonium,ISOLATED,Filepath heuristics,MEDIUM,False,
Harmonium,1069.wav,harmonium,ISOLATED,Filepath heuristics,MEDIUM,False,
Harmonium,107.wav,harmonium,ISOLATED,Filepath heuristics,MEDIUM,False,
Harmonium,1070.wav,harmonium,ISOLATED,Filepath heuristics,MEDIUM,False,
Harmonium,1071.wav,harmonium,ISOLATED,Filepath heuristics,MEDIUM,False,
Harmonium,1072.wav,harmonium,ISOLATED,Filepath heuristics,MEDIUM,False,
Harmonium,1073.wav,harmonium,ISOLATED,Filepath heuristics,MEDIUM,False,
Harmonium,1074.wav,harmonium,ISOLATED,Filepath heuristics,MEDIUM,False,
Harmonium,1075.wav,harmonium,ISOLATED,Filepath heuristics,MEDIUM,False,
Harmonium,1076.wav,harmonium,ISOLATED,Filepath heuristics,MEDIUM,False,
Harmonium,1077.wav,harmonium,ISOLATED,Filepath heuristics,MEDIUM,False,
Harmonium,1078.wav,harmonium,ISOLATED,Filepath heuristics,MEDIUM,False,
Harmonium,1079.wav,harmonium,ISOLATED,Filepath heuristics,MEDIUM,False,
Harmonium,108.wav,harmonium,ISOLATED,Filepath heuristics,MEDIUM,False,
Harmonium,1080.wav,harmonium,ISOLATED,Filepath heuristics,MEDIUM,False,
Harmonium,1081.wav,harmonium,ISOLATED,Filepath heuristics,MEDIUM,False,
Harmonium,1082.wav,harmonium,ISOLATED,Filepath heuristics,MEDIUM,False,
Harmonium,1083.wav,harmonium,ISOLATED,Filepath heuristics,MEDIUM,False,
Harmonium,1084.wav,harmonium,ISOLATED,Filepath heuristics,MEDIUM,False,
Harmonium,1085.wav,harmonium,ISOLATED,Filepath heuristics,MEDIUM,False,
Harmonium,1086.wav,harmonium,ISOLATED,Filepath heuristics,MEDIUM,False,
Harmonium,1087.wav,harmonium,ISOLATED,Filepath heuristics,MEDIUM,False,
Harmonium,1088.wav,harmonium,ISOLATED,Filepath heuristics,MEDIUM,False,
Harmonium,1089.wav,harmonium,ISOLATED,Filepath heuristics,MEDIUM,False,
Harmonium,109.wav,harmonium,ISOLATED,Filepath heuristics,MEDIUM,False,
Harmonium,1090.wav,harmonium,ISOLATED,Filepath heuristics,MEDIUM,False,
Harmonium,1091.wav,harmonium,ISOLATED,Filepath heuristics,MEDIUM,False,
Harmonium,1092.wav,harmonium,ISOLATED,Filepath heuristics,MEDIUM,False,
Harmonium,1093.wav,harmonium,ISOLATED,Filepath heuristics,MEDIUM,False,
Harmonium,1094.wav,harmonium,ISOLATED,Filepath heuristics,MEDIUM,False,
Harmonium,1095.wav,harmonium,ISOLATED,Filepath heuristics,MEDIUM,False,
Harmonium,1096.wav,harmonium,ISOLATED,Filepath heuristics,MEDIUM,False,
Harmonium,1097.wav,harmonium,ISOLATED,Filepath heuristics,MEDIUM,False,
Harmonium,1098.wav,harmonium,ISOLATED,Filepath heuristics,MEDIUM,False,
Harmonium,1099.wav,harmonium,ISOLATED,Filepath heuristics,MEDIUM,False,
Harmonium,11.wav,harmonium,ISOLATED,Filepath heuristics,MEDIUM,False,
Harmonium,110.wav,harmonium,ISOLATED,Filepath heuristics,MEDIUM,False,
Harmonium,1100.wav,harmonium,ISOLATED,Filepath heuristics,MEDIUM,False,
Harmonium,1101.wav,harmonium,ISOLATED,Filepath heuristics,MEDIUM,False,
Harmonium,1102.wav,harmonium,ISOLATED,Filepath heuristics,MEDIUM,False,
Harmonium,1103.wav,harmonium,ISOLATED,Filepath heuristics,MEDIUM,False,
Harmonium,1104.wav,harmonium,ISOLATED,Filepath heuristics,MEDIUM,False,
Harmonium,1105.wav,harmonium,ISOLATED,Filepath heuristics,MEDIUM,False,
Harmonium,1106.wav,harmonium,ISOLATED,Filepath heuristics,MEDIUM,False,
Harmonium,1107.wav,harmonium,ISOLATED,Filepath heuristics,MEDIUM,False,
Harmonium,1108.wav,harmonium,ISOLATED,Filepath heuristics,MEDIUM,False,
Harmonium,1109.wav,harmonium,ISOLATED,Filepath heuristics,MEDIUM,False,
Harmonium,111.wav,harmonium,ISOLATED,Filepath heuristics,MEDIUM,False,
Harmonium,1110.wav,harmonium,ISOLATED,Filepath heuristics,MEDIUM,False,
Harmonium,1111.wav,harmonium,ISOLATED,Filepath heuristics,MEDIUM,False,
Harmonium,1112.wav,harmonium,ISOLATED,Filepath heuristics,MEDIUM,False,
Harmonium,1113.wav,harmonium,ISOLATED,Filepath heuristics,MEDIUM,False,
Harmonium,1114.wav,harmonium,ISOLATED,Filepath heuristics,MEDIUM,False,
Harmonium,1115.wav,harmonium,ISOLATED,Filepath heuristics,MEDIUM,False,
Harmonium,1116.wav,harmonium,ISOLATED,Filepath heuristics,MEDIUM,False,
Harmonium,1117.wav,harmonium,ISOLATED,Filepath heuristics,MEDIUM,False,
Harmonium,1118.wav,harmonium,ISOLATED,Filepath heuristics,MEDIUM,False,
Harmonium,1119.wav,harmonium,ISOLATED,Filepath heuristics,MEDIUM,False,
Harmonium,112.wav,harmonium,ISOLATED,Filepath heuristics,MEDIUM,False,
Harmonium,1120.wav,harmonium,ISOLATED,Filepath heuristics,MEDIUM,False,
Harmonium,1121.wav,harmonium,ISOLATED,Filepath heuristics,MEDIUM,False,
Harmonium,1122.wav,harmonium,ISOLATED,Filepath heuristics,MEDIUM,False,
Harmonium,1123.wav,harmonium,ISOLATED,Filepath heuristics,MEDIUM,False,
Harmonium,1124.wav,harmonium,ISOLATED,Filepath heuristics,MEDIUM,False,
Harmonium,1125.wav,harmonium,ISOLATED,Filepath heuristics,MEDIUM,False,
Harmonium,1126.wav,harmonium,ISOLATED,Filepath heuristics,MEDIUM,False,
Harmonium,1127.wav,harmonium,ISOLATED,Filepath heuristics,MEDIUM,False,
Harmonium,1128.wav,harmonium,ISOLATED,Filepath heuristics,MEDIUM,False,
Harmonium,1129.wav,harmonium,ISOLATED,Filepath heuristics,MEDIUM,False,
Harmonium,113.wav,harmonium,ISOLATED,Filepath heuristics,MEDIUM,False,
Harmonium,1130.wav,harmonium,ISOLATED,Filepath heuristics,MEDIUM,False,
Harmonium,1131.wav,harmonium,ISOLATED,Filepath heuristics,MEDIUM,False,
Harmonium,1132.wav,harmonium,ISOLATED,Filepath heuristics,MEDIUM,False,
Harmonium,1133.wav,harmonium,ISOLATED,Filepath heuristics,MEDIUM,False,
Harmonium,1134.wav,harmonium,ISOLATED,Filepath heuristics,MEDIUM,False,
Harmonium,1135.wav,harmonium,ISOLATED,Filepath heuristics,MEDIUM,False,
Harmonium,1136.wav,harmonium,ISOLATED,Filepath heuristics,MEDIUM,False,
Harmonium,1137.wav,harmonium,ISOLATED,Filepath heuristics,MEDIUM,False,
Harmonium,1138.wav,harmonium,ISOLATED,Filepath heuristics,MEDIUM,False,
Harmonium,1139.wav,harmonium,ISOLATED,Filepath heuristics,MEDIUM,False,
Harmonium,114.wav,harmonium,ISOLATED,Filepath heuristics,MEDIUM,False,
Harmonium,1140.wav,harmonium,ISOLATED,Filepath heuristics,MEDIUM,False,
Harmonium,1141.wav,harmonium,ISOLATED,Filepath heuristics,MEDIUM,False,
Harmonium,1142.wav,harmonium,ISOLATED,Filepath heuristics,MEDIUM,False,
Harmonium,1143.wav,harmonium,ISOLATED,Filepath heuristics,MEDIUM,False,
Harmonium,1144.wav,harmonium,ISOLATED,Filepath heuristics,MEDIUM,False,
Harmonium,1145.wav,harmonium,ISOLATED,Filepath heuristics,MEDIUM,False,
Harmonium,1146.wav,harmonium,ISOLATED,Filepath heuristics,MEDIUM,False,
Harmonium,1147.wav,harmonium,ISOLATED,Filepath heuristics,MEDIUM,False,
Harmonium,1148.wav,harmonium,ISOLATED,Filepath heuristics,MEDIUM,False,
Harmonium,1149.wav,harmonium,ISOLATED,Filepath heuristics,MEDIUM,False,
Harmonium,115.wav,harmonium,ISOLATED,Filepath heuristics,MEDIUM,False,
Harmonium,1150.wav,harmonium,ISOLATED,Filepath heuristics,MEDIUM,False,
Harmonium,1151.wav,harmonium,ISOLATED,Filepath heuristics,MEDIUM,False,
Harmonium,1152.wav,harmonium,ISOLATED,Filepath heuristics,MEDIUM,False,
Harmonium,1153.wav,harmonium,ISOLATED,Filepath heuristics,MEDIUM,False,
Harmonium,1154.wav,harmonium,ISOLATED,Filepath heuristics,MEDIUM,False,
Harmonium,1155.wav,harmonium,ISOLATED,Filepath heuristics,MEDIUM,False,
Harmonium,1156.wav,harmonium,ISOLATED,Filepath heuristics,MEDIUM,False,
Harmonium,1157.wav,harmonium,ISOLATED,Filepath heuristics,MEDIUM,False,
Harmonium,1158.wav,harmonium,ISOLATED,Filepath heuristics,MEDIUM,False,
Harmonium,1159.wav,harmonium,ISOLATED,Filepath heuristics,MEDIUM,False,
Harmonium,116.wav,harmonium,ISOLATED,Filepath heuristics,MEDIUM,False,
Harmonium,1160.wav,harmonium,ISOLATED,Filepath heuristics,MEDIUM,False,
Harmonium,1161.wav,harmonium,ISOLATED,Filepath heuristics,MEDIUM,False,
Harmonium,1162.wav,harmonium,ISOLATED,Filepath heuristics,MEDIUM,False,
Harmonium,1163.wav,harmonium,ISOLATED,Filepath heuristics,MEDIUM,False,
Harmonium,1164.wav,harmonium,ISOLATED,Filepath heuristics,MEDIUM,False,
Harmonium,1165.wav,harmonium,ISOLATED,Filepath heuristics,MEDIUM,False,
Harmonium,1166.wav,harmonium,ISOLATED,Filepath heuristics,MEDIUM,False,
Harmonium,1167.wav,harmonium,ISOLATED,Filepath heuristics,MEDIUM,False,
Harmonium,1168.wav,harmonium,ISOLATED,Filepath heuristics,MEDIUM,False,
Harmonium,1169.wav,harmonium,ISOLATED,Filepath heuristics,MEDIUM,False,
Harmonium,117.wav,harmonium,ISOLATED,Filepath heuristics,MEDIUM,False,
Harmonium,1170.wav,harmonium,ISOLATED,Filepath heuristics,MEDIUM,False,
Harmonium,1171.wav,harmonium,ISOLATED,Filepath heuristics,MEDIUM,False,
Harmonium,1172.wav,harmonium,ISOLATED,Filepath heuristics,MEDIUM,False,
Harmonium,1173.wav,harmonium,ISOLATED,Filepath heuristics,MEDIUM,False,
Harmonium,1174.wav,harmonium,ISOLATED,Filepath heuristics,MEDIUM,False,
Harmonium,1175.wav,harmonium,ISOLATED,Filepath heuristics,MEDIUM,False,
Harmonium,1176.wav,harmonium,ISOLATED,Filepath heuristics,MEDIUM,False,
Harmonium,1177.wav,harmonium,ISOLATED,Filepath heuristics,MEDIUM,False,
Harmonium,1178.wav,harmonium,ISOLATED,Filepath heuristics,MEDIUM,False,
Harmonium,1179.wav,harmonium,ISOLATED,Filepath heuristics,MEDIUM,False,
Harmonium,118.wav,harmonium,ISOLATED,Filepath heuristics,MEDIUM,False,
Harmonium,1180.wav,harmonium,ISOLATED,Filepath heuristics,MEDIUM,False,
Harmonium,1181.wav,harmonium,ISOLATED,Filepath heuristics,MEDIUM,False,
Harmonium,1182.wav,harmonium,ISOLATED,Filepath heuristics,MEDIUM,False,
Harmonium,1183.wav,harmonium,ISOLATED,Filepath heuristics,MEDIUM,False,
Harmonium,1184.wav,harmonium,ISOLATED,Filepath heuristics,MEDIUM,False,
Harmonium,1185.wav,harmonium,ISOLATED,Filepath heuristics,MEDIUM,False,
Harmonium,1186.wav,harmonium,ISOLATED,Filepath heuristics,MEDIUM,False,
Harmonium,1187.wav,harmonium,ISOLATED,Filepath heuristics,MEDIUM,False,
Harmonium,1188.wav,harmonium,ISOLATED,Filepath heuristics,MEDIUM,False,
Harmonium,1189.wav,harmonium,ISOLATED,Filepath heuristics,MEDIUM,False,
Harmonium,119.wav,harmonium,ISOLATED,Filepath heuristics,MEDIUM,False,
Harmonium,1190.wav,harmonium,ISOLATED,Filepath heuristics,MEDIUM,False,
Harmonium,1191.wav,harmonium,ISOLATED,Filepath heuristics,MEDIUM,False,
Harmonium,1192.wav,harmonium,ISOLATED,Filepath heuristics,MEDIUM,False,
Harmonium,1193.wav,harmonium,ISOLATED,Filepath heuristics,MEDIUM,False,
Harmonium,1194.wav,harmonium,ISOLATED,Filepath heuristics,MEDIUM,False,
Harmonium,1195.wav,harmonium,ISOLATED,Filepath heuristics,MEDIUM,False,
Harmonium,1196.wav,harmonium,ISOLATED,Filepath heuristics,MEDIUM,False,
Harmonium,1197.wav,harmonium,ISOLATED,Filepath heuristics,MEDIUM,False,
Harmonium,1198.wav,harmonium,ISOLATED,Filepath heuristics,MEDIUM,False,
Harmonium,1199.wav,harmonium,ISOLATED,Filepath heuristics,MEDIUM,False,
Harmonium,12.wav,harmonium,ISOLATED,Filepath heuristics,MEDIUM,False,
Harmonium,120.wav,harmonium,ISOLATED,Filepath heuristics,MEDIUM,False,
Harmonium,1200.wav,harmonium,ISOLATED,Filepath heuristics,MEDIUM,False,
Harmonium,1201.wav,harmonium,ISOLATED,Filepath heuristics,MEDIUM,False,
Harmonium,1202.wav,harmonium,ISOLATED,Filepath heuristics,MEDIUM,False,
Harmonium,1203.wav,harmonium,ISOLATED,Filepath heuristics,MEDIUM,False,
Harmonium,1204.wav,harmonium,ISOLATED,Filepath heuristics,MEDIUM,False,
Harmonium,1205.wav,harmonium,ISOLATED,Filepath heuristics,MEDIUM,False,
Harmonium,1206.wav,harmonium,ISOLATED,Filepath heuristics,MEDIUM,False,
Harmonium,1207.wav,harmonium,ISOLATED,Filepath heuristics,MEDIUM,False,
Harmonium,1208.wav,harmonium,ISOLATED,Filepath heuristics,MEDIUM,False,
Harmonium,1209.wav,harmonium,ISOLATED,Filepath heuristics,MEDIUM,False,
Harmonium,121.wav,harmonium,ISOLATED,Filepath heuristics,MEDIUM,False,
Harmonium,1210.wav,harmonium,ISOLATED,Filepath heuristics,MEDIUM,False,
Harmonium,1211.wav,harmonium,ISOLATED,Filepath heuristics,MEDIUM,False,
Harmonium,1212.wav,harmonium,ISOLATED,Filepath heuristics,MEDIUM,False,
Harmonium,1213.wav,harmonium,ISOLATED,Filepath heuristics,MEDIUM,False,
Harmonium,1214.wav,harmonium,ISOLATED,Filepath heuristics,MEDIUM,False,
Harmonium,1215.wav,harmonium,ISOLATED,Filepath heuristics,MEDIUM,False,
Harmonium,1216.wav,harmonium,ISOLATED,Filepath heuristics,MEDIUM,False,
Harmonium,1217.wav,harmonium,ISOLATED,Filepath heuristics,MEDIUM,False,
Harmonium,1218.wav,harmonium,ISOLATED,Filepath heuristics,MEDIUM,False,
Harmonium,1219.wav,harmonium,ISOLATED,Filepath heuristics,MEDIUM,False,
Harmonium,122.wav,harmonium,ISOLATED,Filepath heuristics,MEDIUM,False,
Harmonium,1220.wav,harmonium,ISOLATED,Filepath heuristics,MEDIUM,False,
Harmonium,1221.wav,harmonium,ISOLATED,Filepath heuristics,MEDIUM,False,
Harmonium,1222.wav,harmonium,ISOLATED,Filepath heuristics,MEDIUM,False,
Harmonium,1223.wav,harmonium,ISOLATED,Filepath heuristics,MEDIUM,False,
Harmonium,1224.wav,harmonium,ISOLATED,Filepath heuristics,MEDIUM,False,
Harmonium,1225.wav,harmonium,ISOLATED,Filepath heuristics,MEDIUM,False,
Harmonium,1226.wav,harmonium,ISOLATED,Filepath heuristics,MEDIUM,False,
Harmonium,1227.wav,harmonium,ISOLATED,Filepath heuristics,MEDIUM,False,
Harmonium,1228.wav,harmonium,ISOLATED,Filepath heuristics,MEDIUM,False,
Harmonium,1229.wav,harmonium,ISOLATED,Filepath heuristics,MEDIUM,False,
Harmonium,123.wav,harmonium,ISOLATED,Filepath heuristics,MEDIUM,False,
Harmonium,1230.wav,harmonium,ISOLATED,Filepath heuristics,MEDIUM,False,
Harmonium,1231.wav,harmonium,ISOLATED,Filepath heuristics,MEDIUM,False,
Harmonium,1232.wav,harmonium,ISOLATED,Filepath heuristics,MEDIUM,False,
Harmonium,1233.wav,harmonium,ISOLATED,Filepath heuristics,MEDIUM,False,
Harmonium,1234.wav,harmonium,ISOLATED,Filepath heuristics,MEDIUM,False,
Harmonium,1235.wav,harmonium,ISOLATED,Filepath heuristics,MEDIUM,False,
Harmonium,1236.wav,harmonium,ISOLATED,Filepath heuristics,MEDIUM,False,
Harmonium,1237.wav,harmonium,ISOLATED,Filepath heuristics,MEDIUM,False,
Harmonium,1238.wav,harmonium,ISOLATED,Filepath heuristics,MEDIUM,False,
Harmonium,1239.wav,harmonium,ISOLATED,Filepath heuristics,MEDIUM,False,
Harmonium,124.wav,harmonium,ISOLATED,Filepath heuristics,MEDIUM,False,
Harmonium,1240.wav,harmonium,ISOLATED,Filepath heuristics,MEDIUM,False,
Harmonium,1241.wav,harmonium,ISOLATED,Filepath heuristics,MEDIUM,False,
Harmonium,1242.wav,harmonium,ISOLATED,Filepath heuristics,MEDIUM,False,
Harmonium,1243.wav,harmonium,ISOLATED,Filepath heuristics,MEDIUM,False,
Harmonium,1244.wav,harmonium,ISOLATED,Filepath heuristics,MEDIUM,False,
Harmonium,1245.wav,harmonium,ISOLATED,Filepath heuristics,MEDIUM,False,
Harmonium,1246.wav,harmonium,ISOLATED,Filepath heuristics,MEDIUM,False,
Harmonium,1247.wav,harmonium,ISOLATED,Filepath heuristics,MEDIUM,False,
Harmonium,1248.wav,harmonium,ISOLATED,Filepath heuristics,MEDIUM,False,
Harmonium,1249.wav,harmonium,ISOLATED,Filepath heuristics,MEDIUM,False,
Harmonium,125.wav,harmonium,ISOLATED,Filepath heuristics,MEDIUM,False,
Harmonium,1250.wav,harmonium,ISOLATED,Filepath heuristics,MEDIUM,False,
Harmonium,1251.wav,harmonium,ISOLATED,Filepath heuristics,MEDIUM,False,
Harmonium,1252.wav,harmonium,ISOLATED,Filepath heuristics,MEDIUM,False,
Harmonium,1253.wav,harmonium,ISOLATED,Filepath heuristics,MEDIUM,False,
Harmonium,1254.wav,harmonium,ISOLATED,Filepath heuristics,MEDIUM,False,
Harmonium,1255.wav,harmonium,ISOLATED,Filepath heuristics,MEDIUM,False,
Harmonium,1256.wav,harmonium,ISOLATED,Filepath heuristics,MEDIUM,False,
Harmonium,1257.wav,harmonium,ISOLATED,Filepath heuristics,MEDIUM,False,
Harmonium,1258.wav,harmonium,ISOLATED,Filepath heuristics,MEDIUM,False,
Harmonium,1259.wav,harmonium,ISOLATED,Filepath heuristics,MEDIUM,False,
Harmonium,126.wav,harmonium,ISOLATED,Filepath heuristics,MEDIUM,False,
Harmonium,1260.wav,harmonium,ISOLATED,Filepath heuristics,MEDIUM,False,
Harmonium,1261.wav,harmonium,ISOLATED,Filepath heuristics,MEDIUM,False,
Harmonium,1262.wav,harmonium,ISOLATED,Filepath heuristics,MEDIUM,False,
Harmonium,1263.wav,harmonium,ISOLATED,Filepath heuristics,MEDIUM,False,
Harmonium,1264.wav,harmonium,ISOLATED,Filepath heuristics,MEDIUM,False,
Harmonium,1265.wav,harmonium,ISOLATED,Filepath heuristics,MEDIUM,False,
Harmonium,1266.wav,harmonium,ISOLATED,Filepath heuristics,MEDIUM,False,
Harmonium,1267.wav,harmonium,ISOLATED,Filepath heuristics,MEDIUM,False,
Harmonium,1268.wav,harmonium,ISOLATED,Filepath heuristics,MEDIUM,False,
Harmonium,1269.wav,harmonium,ISOLATED,Filepath heuristics,MEDIUM,False,
Harmonium,127.wav,harmonium,ISOLATED,Filepath heuristics,MEDIUM,False,
Harmonium,1270.wav,harmonium,ISOLATED,Filepath heuristics,MEDIUM,False,
Harmonium,1271.wav,harmonium,ISOLATED,Filepath heuristics,MEDIUM,False,
Harmonium,1272.wav,harmonium,ISOLATED,Filepath heuristics,MEDIUM,False,
Harmonium,1273.wav,harmonium,ISOLATED,Filepath heuristics,MEDIUM,False,
Harmonium,1274.wav,harmonium,ISOLATED,Filepath heuristics,MEDIUM,False,
Harmonium,1275.wav,harmonium,ISOLATED,Filepath heuristics,MEDIUM,False,
Harmonium,1276.wav,harmonium,ISOLATED,Filepath heuristics,MEDIUM,False,
Harmonium,1277.wav,harmonium,ISOLATED,Filepath heuristics,MEDIUM,False,
Harmonium,1278.wav,harmonium,ISOLATED,Filepath heuristics,MEDIUM,False,
Harmonium,1279.wav,harmonium,ISOLATED,Filepath heuristics,MEDIUM,False,
Harmonium,128.wav,harmonium,ISOLATED,Filepath heuristics,MEDIUM,False,
Harmonium,1280.wav,harmonium,ISOLATED,Filepath heuristics,MEDIUM,False,
Harmonium,1281.wav,harmonium,ISOLATED,Filepath heuristics,MEDIUM,False,
Harmonium,1282.wav,harmonium,ISOLATED,Filepath heuristics,MEDIUM,False,
Harmonium,1283.wav,harmonium,ISOLATED,Filepath heuristics,MEDIUM,False,
Harmonium,1284.wav,harmonium,ISOLATED,Filepath heuristics,MEDIUM,False,
Harmonium,1285.wav,harmonium,ISOLATED,Filepath heuristics,MEDIUM,False,
Harmonium,1286.wav,harmonium,ISOLATED,Filepath heuristics,MEDIUM,False,
Harmonium,1287.wav,harmonium,ISOLATED,Filepath heuristics,MEDIUM,False,
Harmonium,1288.wav,harmonium,ISOLATED,Filepath heuristics,MEDIUM,False,
Harmonium,1289.wav,harmonium,ISOLATED,Filepath heuristics,MEDIUM,False,
Harmonium,129.wav,harmonium,ISOLATED,Filepath heuristics,MEDIUM,False,
Harmonium,1290.wav,harmonium,ISOLATED,Filepath heuristics,MEDIUM,False,
Harmonium,1291.wav,harmonium,ISOLATED,Filepath heuristics,MEDIUM,False,
Harmonium,1292.wav,harmonium,ISOLATED,Filepath heuristics,MEDIUM,False,
Harmonium,1293.wav,harmonium,ISOLATED,Filepath heuristics,MEDIUM,False,
Harmonium,1294.wav,harmonium,ISOLATED,Filepath heuristics,MEDIUM,False,
Harmonium,1295.wav,harmonium,ISOLATED,Filepath heuristics,MEDIUM,False,
Harmonium,1296.wav,harmonium,ISOLATED,Filepath heuristics,MEDIUM,False,
Harmonium,1297.wav,harmonium,ISOLATED,Filepath heuristics,MEDIUM,False,
Harmonium,1298.wav,harmonium,ISOLATED,Filepath heuristics,MEDIUM,False,
Harmonium,1299.wav,harmonium,ISOLATED,Filepath heuristics,MEDIUM,False,
Harmonium,13.wav,harmonium,ISOLATED,Filepath heuristics,MEDIUM,False,
Harmonium,130.wav,harmonium,ISOLATED,Filepath heuristics,MEDIUM,False,
Harmonium,1300.wav,harmonium,ISOLATED,Filepath heuristics,MEDIUM,False,
Harmonium,1301.wav,harmonium,ISOLATED,Filepath heuristics,MEDIUM,False,
Harmonium,1302.wav,harmonium,ISOLATED,Filepath heuristics,MEDIUM,False,
Harmonium,1303.wav,harmonium,ISOLATED,Filepath heuristics,MEDIUM,False,
Harmonium,1304.wav,harmonium,ISOLATED,Filepath heuristics,MEDIUM,False,
Harmonium,1305.wav,harmonium,ISOLATED,Filepath heuristics,MEDIUM,False,
Harmonium,1306.wav,harmonium,ISOLATED,Filepath heuristics,MEDIUM,False,
Harmonium,1307.wav,harmonium,ISOLATED,Filepath heuristics,MEDIUM,False,
Harmonium,1308.wav,harmonium,ISOLATED,Filepath heuristics,MEDIUM,False,
Harmonium,1309.wav,harmonium,ISOLATED,Filepath heuristics,MEDIUM,False,
Harmonium,131.wav,harmonium,ISOLATED,Filepath heuristics,MEDIUM,False,
Harmonium,1310.wav,harmonium,ISOLATED,Filepath heuristics,MEDIUM,False,
Harmonium,1311.wav,harmonium,ISOLATED,Filepath heuristics,MEDIUM,False,
Harmonium,1312.wav,harmonium,ISOLATED,Filepath heuristics,MEDIUM,False,
Harmonium,1313.wav,harmonium,ISOLATED,Filepath heuristics,MEDIUM,False,
Harmonium,1314.wav,harmonium,ISOLATED,Filepath heuristics,MEDIUM,False,
Harmonium,132.wav,harmonium,ISOLATED,Filepath heuristics,MEDIUM,False,
Harmonium,133.wav,harmonium,ISOLATED,Filepath heuristics,MEDIUM,False,
Harmonium,134.wav,harmonium,ISOLATED,Filepath heuristics,MEDIUM,False,
Harmonium,135.wav,harmonium,ISOLATED,Filepath heuristics,MEDIUM,False,
Harmonium,136.wav,harmonium,ISOLATED,Filepath heuristics,MEDIUM,False,
Harmonium,137.wav,harmonium,ISOLATED,Filepath heuristics,MEDIUM,False,
Harmonium,138.wav,harmonium,ISOLATED,Filepath heuristics,MEDIUM,False,
Harmonium,139.wav,harmonium,ISOLATED,Filepath heuristics,MEDIUM,False,
Harmonium,14.wav,harmonium,ISOLATED,Filepath heuristics,MEDIUM,False,
Harmonium,140.wav,harmonium,ISOLATED,Filepath heuristics,MEDIUM,False,
Harmonium,141.wav,harmonium,ISOLATED,Filepath heuristics,MEDIUM,False,
Harmonium,142.wav,harmonium,ISOLATED,Filepath heuristics,MEDIUM,False,
Harmonium,143.wav,harmonium,ISOLATED,Filepath heuristics,MEDIUM,False,
Harmonium,144.wav,harmonium,ISOLATED,Filepath heuristics,MEDIUM,False,
Harmonium,145.wav,harmonium,ISOLATED,Filepath heuristics,MEDIUM,False,
Harmonium,146.wav,harmonium,ISOLATED,Filepath heuristics,MEDIUM,False,
Harmonium,147.wav,harmonium,ISOLATED,Filepath heuristics,MEDIUM,False,
Harmonium,148.wav,harmonium,ISOLATED,Filepath heuristics,MEDIUM,False,
Harmonium,149.wav,harmonium,ISOLATED,Filepath heuristics,MEDIUM,False,
Harmonium,15.wav,harmonium,ISOLATED,Filepath heuristics,MEDIUM,False,
Harmonium,150.wav,harmonium,ISOLATED,Filepath heuristics,MEDIUM,False,
Harmonium,151.wav,harmonium,ISOLATED,Filepath heuristics,MEDIUM,False,
Harmonium,152.wav,harmonium,ISOLATED,Filepath heuristics,MEDIUM,False,
Harmonium,153.wav,harmonium,ISOLATED,Filepath heuristics,MEDIUM,False,
Harmonium,154.wav,harmonium,ISOLATED,Filepath heuristics,MEDIUM,False,
Harmonium,155.wav,harmonium,ISOLATED,Filepath heuristics,MEDIUM,False,
Harmonium,156.wav,harmonium,ISOLATED,Filepath heuristics,MEDIUM,False,
Harmonium,157.wav,harmonium,ISOLATED,Filepath heuristics,MEDIUM,False,
Harmonium,158.wav,harmonium,ISOLATED,Filepath heuristics,MEDIUM,False,
Harmonium,159.wav,harmonium,ISOLATED,Filepath heuristics,MEDIUM,False,
Harmonium,16.wav,harmonium,ISOLATED,Filepath heuristics,MEDIUM,False,
Harmonium,160.wav,harmonium,ISOLATED,Filepath heuristics,MEDIUM,False,
Harmonium,161.wav,harmonium,ISOLATED,Filepath heuristics,MEDIUM,False,
Harmonium,162.wav,harmonium,ISOLATED,Filepath heuristics,MEDIUM,False,
Harmonium,163.wav,harmonium,ISOLATED,Filepath heuristics,MEDIUM,False,
Harmonium,164.wav,harmonium,ISOLATED,Filepath heuristics,MEDIUM,False,
Harmonium,165.wav,harmonium,ISOLATED,Filepath heuristics,MEDIUM,False,
Harmonium,166.wav,harmonium,ISOLATED,Filepath heuristics,MEDIUM,False,
Harmonium,167.wav,harmonium,ISOLATED,Filepath heuristics,MEDIUM,False,
Harmonium,168.wav,harmonium,ISOLATED,Filepath heuristics,MEDIUM,False,
Harmonium,169.wav,harmonium,ISOLATED,Filepath heuristics,MEDIUM,False,
Harmonium,17.wav,harmonium,ISOLATED,Filepath heuristics,MEDIUM,False,
Harmonium,170.wav,harmonium,ISOLATED,Filepath heuristics,MEDIUM,False,
Harmonium,171.wav,harmonium,ISOLATED,Filepath heuristics,MEDIUM,False,
Harmonium,172.wav,harmonium,ISOLATED,Filepath heuristics,MEDIUM,False,
Harmonium,173.wav,harmonium,ISOLATED,Filepath heuristics,MEDIUM,False,
Harmonium,174.wav,harmonium,ISOLATED,Filepath heuristics,MEDIUM,False,
Harmonium,175.wav,harmonium,ISOLATED,Filepath heuristics,MEDIUM,False,
Harmonium,176.wav,harmonium,ISOLATED,Filepath heuristics,MEDIUM,False,
Harmonium,177.wav,harmonium,ISOLATED,Filepath heuristics,MEDIUM,False,
Harmonium,178.wav,harmonium,ISOLATED,Filepath heuristics,MEDIUM,False,
Harmonium,179.wav,harmonium,ISOLATED,Filepath heuristics,MEDIUM,False,
Harmonium,18.wav,harmonium,ISOLATED,Filepath heuristics,MEDIUM,False,
Harmonium,180.wav,harmonium,ISOLATED,Filepath heuristics,MEDIUM,False,
Harmonium,181.wav,harmonium,ISOLATED,Filepath heuristics,MEDIUM,False,
Harmonium,182.wav,harmonium,ISOLATED,Filepath heuristics,MEDIUM,False,
Harmonium,183.wav,harmonium,ISOLATED,Filepath heuristics,MEDIUM,False,
Harmonium,184.wav,harmonium,ISOLATED,Filepath heuristics,MEDIUM,False,
Harmonium,185.wav,harmonium,ISOLATED,Filepath heuristics,MEDIUM,False,
Harmonium,186.wav,harmonium,ISOLATED,Filepath heuristics,MEDIUM,False,
Harmonium,187.wav,harmonium,ISOLATED,Filepath heuristics,MEDIUM,False,
Harmonium,188.wav,harmonium,ISOLATED,Filepath heuristics,MEDIUM,False,
Harmonium,189.wav,harmonium,ISOLATED,Filepath heuristics,MEDIUM,False,
Harmonium,19.wav,harmonium,ISOLATED,Filepath heuristics,MEDIUM,False,
Harmonium,190.wav,harmonium,ISOLATED,Filepath heuristics,MEDIUM,False,
Harmonium,191.wav,harmonium,ISOLATED,Filepath heuristics,MEDIUM,False,
Harmonium,192.wav,harmonium,ISOLATED,Filepath heuristics,MEDIUM,False,
Harmonium,193.wav,harmonium,ISOLATED,Filepath heuristics,MEDIUM,False,
Harmonium,194.wav,harmonium,ISOLATED,Filepath heuristics,MEDIUM,False,
Harmonium,195.wav,harmonium,ISOLATED,Filepath heuristics,MEDIUM,False,
Harmonium,196.wav,harmonium,ISOLATED,Filepath heuristics,MEDIUM,False,
Harmonium,197.wav,harmonium,ISOLATED,Filepath heuristics,MEDIUM,False,
Harmonium,198.wav,harmonium,ISOLATED,Filepath heuristics,MEDIUM,False,
Harmonium,199.wav,harmonium,ISOLATED,Filepath heuristics,MEDIUM,False,
Harmonium,2.wav,harmonium,ISOLATED,Filepath heuristics,MEDIUM,False,
Harmonium,20.wav,harmonium,ISOLATED,Filepath heuristics,MEDIUM,False,
Harmonium,200.wav,harmonium,ISOLATED,Filepath heuristics,MEDIUM,False,
Harmonium,201.wav,harmonium,ISOLATED,Filepath heuristics,MEDIUM,False,
Harmonium,202.wav,harmonium,ISOLATED,Filepath heuristics,MEDIUM,False,
Harmonium,203.wav,harmonium,ISOLATED,Filepath heuristics,MEDIUM,False,
Harmonium,204.wav,harmonium,ISOLATED,Filepath heuristics,MEDIUM,False,
Harmonium,205.wav,harmonium,ISOLATED,Filepath heuristics,MEDIUM,False,
Harmonium,206.wav,harmonium,ISOLATED,Filepath heuristics,MEDIUM,False,
Harmonium,207.wav,harmonium,ISOLATED,Filepath heuristics,MEDIUM,False,
Harmonium,208.wav,harmonium,ISOLATED,Filepath heuristics,MEDIUM,False,
Harmonium,209.wav,harmonium,ISOLATED,Filepath heuristics,MEDIUM,False,
Harmonium,21.wav,harmonium,ISOLATED,Filepath heuristics,MEDIUM,False,
Harmonium,210.wav,harmonium,ISOLATED,Filepath heuristics,MEDIUM,False,
Harmonium,211.wav,harmonium,ISOLATED,Filepath heuristics,MEDIUM,False,
Harmonium,212.wav,harmonium,ISOLATED,Filepath heuristics,MEDIUM,False,
Harmonium,213.wav,harmonium,ISOLATED,Filepath heuristics,MEDIUM,False,
Harmonium,214.wav,harmonium,ISOLATED,Filepath heuristics,MEDIUM,False,
Harmonium,215.wav,harmonium,ISOLATED,Filepath heuristics,MEDIUM,False,
Harmonium,216.wav,harmonium,ISOLATED,Filepath heuristics,MEDIUM,False,
Harmonium,217.wav,harmonium,ISOLATED,Filepath heuristics,MEDIUM,False,
Harmonium,218.wav,harmonium,ISOLATED,Filepath heuristics,MEDIUM,False,
Harmonium,219.wav,harmonium,ISOLATED,Filepath heuristics,MEDIUM,False,
Harmonium,22.wav,harmonium,ISOLATED,Filepath heuristics,MEDIUM,False,
Harmonium,220.wav,harmonium,ISOLATED,Filepath heuristics,MEDIUM,False,
Harmonium,221.wav,harmonium,ISOLATED,Filepath heuristics,MEDIUM,False,
Harmonium,222.wav,harmonium,ISOLATED,Filepath heuristics,MEDIUM,False,
Harmonium,223.wav,harmonium,ISOLATED,Filepath heuristics,MEDIUM,False,
Harmonium,224.wav,harmonium,ISOLATED,Filepath heuristics,MEDIUM,False,
Harmonium,225.wav,harmonium,ISOLATED,Filepath heuristics,MEDIUM,False,
Harmonium,226.wav,harmonium,ISOLATED,Filepath heuristics,MEDIUM,False,
Harmonium,227.wav,harmonium,ISOLATED,Filepath heuristics,MEDIUM,False,
Harmonium,228.wav,harmonium,ISOLATED,Filepath heuristics,MEDIUM,False,
Harmonium,229.wav,harmonium,ISOLATED,Filepath heuristics,MEDIUM,False,
Harmonium,23.wav,harmonium,ISOLATED,Filepath heuristics,MEDIUM,False,
Harmonium,230.wav,harmonium,ISOLATED,Filepath heuristics,MEDIUM,False,
Harmonium,231.wav,harmonium,ISOLATED,Filepath heuristics,MEDIUM,False,
Harmonium,232.wav,harmonium,ISOLATED,Filepath heuristics,MEDIUM,False,
Harmonium,233.wav,harmonium,ISOLATED,Filepath heuristics,MEDIUM,False,
Harmonium,234.wav,harmonium,ISOLATED,Filepath heuristics,MEDIUM,False,
Harmonium,235.wav,harmonium,ISOLATED,Filepath heuristics,MEDIUM,False,
Harmonium,236.wav,harmonium,ISOLATED,Filepath heuristics,MEDIUM,False,
Harmonium,237.wav,harmonium,ISOLATED,Filepath heuristics,MEDIUM,False,
Harmonium,238.wav,harmonium,ISOLATED,Filepath heuristics,MEDIUM,False,
Harmonium,239.wav,harmonium,ISOLATED,Filepath heuristics,MEDIUM,False,
Harmonium,24.wav,harmonium,ISOLATED,Filepath heuristics,MEDIUM,False,
Harmonium,240.wav,harmonium,ISOLATED,Filepath heuristics,MEDIUM,False,
Harmonium,241.wav,harmonium,ISOLATED,Filepath heuristics,MEDIUM,False,
Harmonium,242.wav,harmonium,ISOLATED,Filepath heuristics,MEDIUM,False,
Harmonium,243.wav,harmonium,ISOLATED,Filepath heuristics,MEDIUM,False,
Harmonium,244.wav,harmonium,ISOLATED,Filepath heuristics,MEDIUM,False,
Harmonium,245.wav,harmonium,ISOLATED,Filepath heuristics,MEDIUM,False,
Harmonium,246.wav,harmonium,ISOLATED,Filepath heuristics,MEDIUM,False,
Harmonium,247.wav,harmonium,ISOLATED,Filepath heuristics,MEDIUM,False,
Harmonium,248.wav,harmonium,ISOLATED,Filepath heuristics,MEDIUM,False,
Harmonium,249.wav,harmonium,ISOLATED,Filepath heuristics,MEDIUM,False,
Harmonium,25.wav,harmonium,ISOLATED,Filepath heuristics,MEDIUM,False,
Harmonium,250.wav,harmonium,ISOLATED,Filepath heuristics,MEDIUM,False,
Harmonium,251.wav,harmonium,ISOLATED,Filepath heuristics,MEDIUM,False,
Harmonium,252.wav,harmonium,ISOLATED,Filepath heuristics,MEDIUM,False,
Harmonium,253.wav,harmonium,ISOLATED,Filepath heuristics,MEDIUM,False,
Harmonium,254.wav,harmonium,ISOLATED,Filepath heuristics,MEDIUM,False,
Harmonium,255.wav,harmonium,ISOLATED,Filepath heuristics,MEDIUM,False,
Harmonium,256.wav,harmonium,ISOLATED,Filepath heuristics,MEDIUM,False,
Harmonium,257.wav,harmonium,ISOLATED,Filepath heuristics,MEDIUM,False,
Harmonium,258.wav,harmonium,ISOLATED,Filepath heuristics,MEDIUM,False,
Harmonium,259.wav,harmonium,ISOLATED,Filepath heuristics,MEDIUM,False,
Harmonium,26.wav,harmonium,ISOLATED,Filepath heuristics,MEDIUM,False,
Harmonium,260.wav,harmonium,ISOLATED,Filepath heuristics,MEDIUM,False,
Harmonium,261.wav,harmonium,ISOLATED,Filepath heuristics,MEDIUM,False,
Harmonium,262.wav,harmonium,ISOLATED,Filepath heuristics,MEDIUM,False,
Harmonium,263.wav,harmonium,ISOLATED,Filepath heuristics,MEDIUM,False,
Harmonium,264.wav,harmonium,ISOLATED,Filepath heuristics,MEDIUM,False,
Harmonium,265.wav,harmonium,ISOLATED,Filepath heuristics,MEDIUM,False,
Harmonium,266.wav,harmonium,ISOLATED,Filepath heuristics,MEDIUM,False,
Harmonium,267.wav,harmonium,ISOLATED,Filepath heuristics,MEDIUM,False,
Harmonium,268.wav,harmonium,ISOLATED,Filepath heuristics,MEDIUM,False,
Harmonium,269.wav,harmonium,ISOLATED,Filepath heuristics,MEDIUM,False,
Harmonium,27.wav,harmonium,ISOLATED,Filepath heuristics,MEDIUM,False,
Harmonium,270.wav,harmonium,ISOLATED,Filepath heuristics,MEDIUM,False,
Harmonium,271.wav,harmonium,ISOLATED,Filepath heuristics,MEDIUM,False,
Harmonium,272.wav,harmonium,ISOLATED,Filepath heuristics,MEDIUM,False,
Harmonium,273.wav,harmonium,ISOLATED,Filepath heuristics,MEDIUM,False,
Harmonium,274.wav,harmonium,ISOLATED,Filepath heuristics,MEDIUM,False,
Harmonium,275.wav,harmonium,ISOLATED,Filepath heuristics,MEDIUM,False,
Harmonium,276.wav,harmonium,ISOLATED,Filepath heuristics,MEDIUM,False,
Harmonium,277.wav,harmonium,ISOLATED,Filepath heuristics,MEDIUM,False,
Harmonium,278.wav,harmonium,ISOLATED,Filepath heuristics,MEDIUM,False,
Harmonium,279.wav,harmonium,ISOLATED,Filepath heuristics,MEDIUM,False,
Harmonium,28.wav,harmonium,ISOLATED,Filepath heuristics,MEDIUM,False,
Harmonium,280.wav,harmonium,ISOLATED,Filepath heuristics,MEDIUM,False,
Harmonium,281.wav,harmonium,ISOLATED,Filepath heuristics,MEDIUM,False,
Harmonium,282.wav,harmonium,ISOLATED,Filepath heuristics,MEDIUM,False,
Harmonium,283.wav,harmonium,ISOLATED,Filepath heuristics,MEDIUM,False,
Harmonium,284.wav,harmonium,ISOLATED,Filepath heuristics,MEDIUM,False,
Harmonium,285.wav,harmonium,ISOLATED,Filepath heuristics,MEDIUM,False,
Harmonium,286.wav,harmonium,ISOLATED,Filepath heuristics,MEDIUM,False,
Harmonium,287.wav,harmonium,ISOLATED,Filepath heuristics,MEDIUM,False,
Harmonium,288.wav,harmonium,ISOLATED,Filepath heuristics,MEDIUM,False,
Harmonium,289.wav,harmonium,ISOLATED,Filepath heuristics,MEDIUM,False,
Harmonium,29.wav,harmonium,ISOLATED,Filepath heuristics,MEDIUM,False,
Harmonium,290.wav,harmonium,ISOLATED,Filepath heuristics,MEDIUM,False,
Harmonium,291.wav,harmonium,ISOLATED,Filepath heuristics,MEDIUM,False,
Harmonium,292.wav,harmonium,ISOLATED,Filepath heuristics,MEDIUM,False,
Harmonium,293.wav,harmonium,ISOLATED,Filepath heuristics,MEDIUM,False,
Harmonium,294.wav,harmonium,ISOLATED,Filepath heuristics,MEDIUM,False,
Harmonium,295.wav,harmonium,ISOLATED,Filepath heuristics,MEDIUM,False,
Harmonium,296.wav,harmonium,ISOLATED,Filepath heuristics,MEDIUM,False,
Harmonium,297.wav,harmonium,ISOLATED,Filepath heuristics,MEDIUM,False,
Harmonium,298.wav,harmonium,ISOLATED,Filepath heuristics,MEDIUM,False,
Harmonium,299.wav,harmonium,ISOLATED,Filepath heuristics,MEDIUM,False,
Harmonium,3.wav,harmonium,ISOLATED,Filepath heuristics,MEDIUM,False,
Harmonium,30.wav,harmonium,ISOLATED,Filepath heuristics,MEDIUM,False,
Harmonium,300.wav,harmonium,ISOLATED,Filepath heuristics,MEDIUM,False,
Harmonium,301.wav,harmonium,ISOLATED,Filepath heuristics,MEDIUM,False,
Harmonium,302.wav,harmonium,ISOLATED,Filepath heuristics,MEDIUM,False,
Harmonium,303.wav,harmonium,ISOLATED,Filepath heuristics,MEDIUM,False,
Harmonium,304.wav,harmonium,ISOLATED,Filepath heuristics,MEDIUM,False,
Harmonium,305.wav,harmonium,ISOLATED,Filepath heuristics,MEDIUM,False,
Harmonium,306.wav,harmonium,ISOLATED,Filepath heuristics,MEDIUM,False,
Harmonium,307.wav,harmonium,ISOLATED,Filepath heuristics,MEDIUM,False,
Harmonium,308.wav,harmonium,ISOLATED,Filepath heuristics,MEDIUM,False,
Harmonium,309.wav,harmonium,ISOLATED,Filepath heuristics,MEDIUM,False,
Harmonium,31.wav,harmonium,ISOLATED,Filepath heuristics,MEDIUM,False,
Harmonium,310.wav,harmonium,ISOLATED,Filepath heuristics,MEDIUM,False,
Harmonium,311.wav,harmonium,ISOLATED,Filepath heuristics,MEDIUM,False,
Harmonium,312.wav,harmonium,ISOLATED,Filepath heuristics,MEDIUM,False,
Harmonium,313.wav,harmonium,ISOLATED,Filepath heuristics,MEDIUM,False,
Harmonium,314.wav,harmonium,ISOLATED,Filepath heuristics,MEDIUM,False,
Harmonium,315.wav,harmonium,ISOLATED,Filepath heuristics,MEDIUM,False,
Harmonium,316.wav,harmonium,ISOLATED,Filepath heuristics,MEDIUM,False,
Harmonium,317.wav,harmonium,ISOLATED,Filepath heuristics,MEDIUM,False,
Harmonium,318.wav,harmonium,ISOLATED,Filepath heuristics,MEDIUM,False,
Harmonium,319.wav,harmonium,ISOLATED,Filepath heuristics,MEDIUM,False,
Harmonium,32.wav,harmonium,ISOLATED,Filepath heuristics,MEDIUM,False,
Harmonium,320.wav,harmonium,ISOLATED,Filepath heuristics,MEDIUM,False,
Harmonium,321.wav,harmonium,ISOLATED,Filepath heuristics,MEDIUM,False,
Harmonium,322.wav,harmonium,ISOLATED,Filepath heuristics,MEDIUM,False,
Harmonium,323.wav,harmonium,ISOLATED,Filepath heuristics,MEDIUM,False,
Harmonium,324.wav,harmonium,ISOLATED,Filepath heuristics,MEDIUM,False,
Harmonium,325.wav,harmonium,ISOLATED,Filepath heuristics,MEDIUM,False,
Harmonium,326.wav,harmonium,ISOLATED,Filepath heuristics,MEDIUM,False,
Harmonium,327.wav,harmonium,ISOLATED,Filepath heuristics,MEDIUM,False,
Harmonium,328.wav,harmonium,ISOLATED,Filepath heuristics,MEDIUM,False,
Harmonium,329.wav,harmonium,ISOLATED,Filepath heuristics,MEDIUM,False,
Harmonium,33.wav,harmonium,ISOLATED,Filepath heuristics,MEDIUM,False,
Harmonium,330.wav,harmonium,ISOLATED,Filepath heuristics,MEDIUM,False,
Harmonium,331.wav,harmonium,ISOLATED,Filepath heuristics,MEDIUM,False,
Harmonium,332.wav,harmonium,ISOLATED,Filepath heuristics,MEDIUM,False,
Harmonium,333.wav,harmonium,ISOLATED,Filepath heuristics,MEDIUM,False,
Harmonium,334.wav,harmonium,ISOLATED,Filepath heuristics,MEDIUM,False,
Harmonium,335.wav,harmonium,ISOLATED,Filepath heuristics,MEDIUM,False,
Harmonium,336.wav,harmonium,ISOLATED,Filepath heuristics,MEDIUM,False,
Harmonium,337.wav,harmonium,ISOLATED,Filepath heuristics,MEDIUM,False,
Harmonium,338.wav,harmonium,ISOLATED,Filepath heuristics,MEDIUM,False,
Harmonium,339.wav,harmonium,ISOLATED,Filepath heuristics,MEDIUM,False,
Harmonium,34.wav,harmonium,ISOLATED,Filepath heuristics,MEDIUM,False,
Harmonium,340.wav,harmonium,ISOLATED,Filepath heuristics,MEDIUM,False,
Harmonium,341.wav,harmonium,ISOLATED,Filepath heuristics,MEDIUM,False,
Harmonium,342.wav,harmonium,ISOLATED,Filepath heuristics,MEDIUM,False,
Harmonium,343.wav,harmonium,ISOLATED,Filepath heuristics,MEDIUM,False,
Harmonium,344.wav,harmonium,ISOLATED,Filepath heuristics,MEDIUM,False,
Harmonium,345.wav,harmonium,ISOLATED,Filepath heuristics,MEDIUM,False,
Harmonium,346.wav,harmonium,ISOLATED,Filepath heuristics,MEDIUM,False,
Harmonium,347.wav,harmonium,ISOLATED,Filepath heuristics,MEDIUM,False,
Harmonium,348.wav,harmonium,ISOLATED,Filepath heuristics,MEDIUM,False,
Harmonium,349.wav,harmonium,ISOLATED,Filepath heuristics,MEDIUM,False,
Harmonium,35.wav,harmonium,ISOLATED,Filepath heuristics,MEDIUM,False,
Harmonium,350.wav,harmonium,ISOLATED,Filepath heuristics,MEDIUM,False,
Harmonium,351.wav,harmonium,ISOLATED,Filepath heuristics,MEDIUM,False,
Harmonium,352.wav,harmonium,ISOLATED,Filepath heuristics,MEDIUM,False,
Harmonium,353.wav,harmonium,ISOLATED,Filepath heuristics,MEDIUM,False,
Harmonium,354.wav,harmonium,ISOLATED,Filepath heuristics,MEDIUM,False,
Harmonium,355.wav,harmonium,ISOLATED,Filepath heuristics,MEDIUM,False,
Harmonium,356.wav,harmonium,ISOLATED,Filepath heuristics,MEDIUM,False,
Harmonium,357.wav,harmonium,ISOLATED,Filepath heuristics,MEDIUM,False,
Harmonium,358.wav,harmonium,ISOLATED,Filepath heuristics,MEDIUM,False,
Harmonium,359.wav,harmonium,ISOLATED,Filepath heuristics,MEDIUM,False,
Harmonium,36.wav,harmonium,ISOLATED,Filepath heuristics,MEDIUM,False,
Harmonium,360.wav,harmonium,ISOLATED,Filepath heuristics,MEDIUM,False,
Harmonium,361.wav,harmonium,ISOLATED,Filepath heuristics,MEDIUM,False,
Harmonium,362.wav,harmonium,ISOLATED,Filepath heuristics,MEDIUM,False,
Harmonium,363.wav,harmonium,ISOLATED,Filepath heuristics,MEDIUM,False,
Harmonium,364.wav,harmonium,ISOLATED,Filepath heuristics,MEDIUM,False,
Harmonium,365.wav,harmonium,ISOLATED,Filepath heuristics,MEDIUM,False,
Harmonium,366.wav,harmonium,ISOLATED,Filepath heuristics,MEDIUM,False,
Harmonium,367.wav,harmonium,ISOLATED,Filepath heuristics,MEDIUM,False,
Harmonium,368.wav,harmonium,ISOLATED,Filepath heuristics,MEDIUM,False,
Harmonium,369.wav,harmonium,ISOLATED,Filepath heuristics,MEDIUM,False,
Harmonium,37.wav,harmonium,ISOLATED,Filepath heuristics,MEDIUM,False,
Harmonium,370.wav,harmonium,ISOLATED,Filepath heuristics,MEDIUM,False,
Harmonium,371.wav,harmonium,ISOLATED,Filepath heuristics,MEDIUM,False,
Harmonium,372.wav,harmonium,ISOLATED,Filepath heuristics,MEDIUM,False,
Harmonium,373.wav,harmonium,ISOLATED,Filepath heuristics,MEDIUM,False,
Harmonium,374.wav,harmonium,ISOLATED,Filepath heuristics,MEDIUM,False,
Harmonium,375.wav,harmonium,ISOLATED,Filepath heuristics,MEDIUM,False,
Harmonium,376.wav,harmonium,ISOLATED,Filepath heuristics,MEDIUM,False,
Harmonium,377.wav,harmonium,ISOLATED,Filepath heuristics,MEDIUM,False,
Harmonium,378.wav,harmonium,ISOLATED,Filepath heuristics,MEDIUM,False,
Harmonium,379.wav,harmonium,ISOLATED,Filepath heuristics,MEDIUM,False,
Harmonium,38.wav,harmonium,ISOLATED,Filepath heuristics,MEDIUM,False,
Harmonium,380.wav,harmonium,ISOLATED,Filepath heuristics,MEDIUM,False,
Harmonium,381.wav,harmonium,ISOLATED,Filepath heuristics,MEDIUM,False,
Harmonium,382.wav,harmonium,ISOLATED,Filepath heuristics,MEDIUM,False,
Harmonium,383.wav,harmonium,ISOLATED,Filepath heuristics,MEDIUM,False,
Harmonium,384.wav,harmonium,ISOLATED,Filepath heuristics,MEDIUM,False,
Harmonium,385.wav,harmonium,ISOLATED,Filepath heuristics,MEDIUM,False,
Harmonium,386.wav,harmonium,ISOLATED,Filepath heuristics,MEDIUM,False,
Harmonium,387.wav,harmonium,ISOLATED,Filepath heuristics,MEDIUM,False,
Harmonium,388.wav,harmonium,ISOLATED,Filepath heuristics,MEDIUM,False,
Harmonium,389.wav,harmonium,ISOLATED,Filepath heuristics,MEDIUM,False,
Harmonium,39.wav,harmonium,ISOLATED,Filepath heuristics,MEDIUM,False,
Harmonium,390.wav,harmonium,ISOLATED,Filepath heuristics,MEDIUM,False,
Harmonium,391.wav,harmonium,ISOLATED,Filepath heuristics,MEDIUM,False,
Harmonium,392.wav,harmonium,ISOLATED,Filepath heuristics,MEDIUM,False,
Harmonium,393.wav,harmonium,ISOLATED,Filepath heuristics,MEDIUM,False,
Harmonium,394.wav,harmonium,ISOLATED,Filepath heuristics,MEDIUM,False,
Harmonium,395.wav,harmonium,ISOLATED,Filepath heuristics,MEDIUM,False,
Harmonium,396.wav,harmonium,ISOLATED,Filepath heuristics,MEDIUM,False,
Harmonium,397.wav,harmonium,ISOLATED,Filepath heuristics,MEDIUM,False,
Harmonium,398.wav,harmonium,ISOLATED,Filepath heuristics,MEDIUM,False,
Harmonium,399.wav,harmonium,ISOLATED,Filepath heuristics,MEDIUM,False,
Harmonium,4.wav,harmonium,ISOLATED,Filepath heuristics,MEDIUM,False,
Harmonium,40.wav,harmonium,ISOLATED,Filepath heuristics,MEDIUM,False,
Harmonium,400.wav,harmonium,ISOLATED,Filepath heuristics,MEDIUM,False,
Harmonium,401.wav,harmonium,ISOLATED,Filepath heuristics,MEDIUM,False,
Harmonium,402.wav,harmonium,ISOLATED,Filepath heuristics,MEDIUM,False,
Harmonium,403.wav,harmonium,ISOLATED,Filepath heuristics,MEDIUM,False,
Harmonium,404.wav,harmonium,ISOLATED,Filepath heuristics,MEDIUM,False,
Harmonium,405.wav,harmonium,ISOLATED,Filepath heuristics,MEDIUM,False,
Harmonium,406.wav,harmonium,ISOLATED,Filepath heuristics,MEDIUM,False,
Harmonium,407.wav,harmonium,ISOLATED,Filepath heuristics,MEDIUM,False,
Harmonium,408.wav,harmonium,ISOLATED,Filepath heuristics,MEDIUM,False,
Harmonium,409.wav,harmonium,ISOLATED,Filepath heuristics,MEDIUM,False,
Harmonium,41.wav,harmonium,ISOLATED,Filepath heuristics,MEDIUM,False,
Harmonium,410.wav,harmonium,ISOLATED,Filepath heuristics,MEDIUM,False,
Harmonium,411.wav,harmonium,ISOLATED,Filepath heuristics,MEDIUM,False,
Harmonium,412.wav,harmonium,ISOLATED,Filepath heuristics,MEDIUM,False,
Harmonium,413.wav,harmonium,ISOLATED,Filepath heuristics,MEDIUM,False,
Harmonium,414.wav,harmonium,ISOLATED,Filepath heuristics,MEDIUM,False,
Harmonium,415.wav,harmonium,ISOLATED,Filepath heuristics,MEDIUM,False,
Harmonium,416.wav,harmonium,ISOLATED,Filepath heuristics,MEDIUM,False,
Harmonium,417.wav,harmonium,ISOLATED,Filepath heuristics,MEDIUM,False,
Harmonium,418.wav,harmonium,ISOLATED,Filepath heuristics,MEDIUM,False,
Harmonium,419.wav,harmonium,ISOLATED,Filepath heuristics,MEDIUM,False,
Harmonium,42.wav,harmonium,ISOLATED,Filepath heuristics,MEDIUM,False,
Harmonium,420.wav,harmonium,ISOLATED,Filepath heuristics,MEDIUM,False,
Harmonium,421.wav,harmonium,ISOLATED,Filepath heuristics,MEDIUM,False,
Harmonium,422.wav,harmonium,ISOLATED,Filepath heuristics,MEDIUM,False,
Harmonium,423.wav,harmonium,ISOLATED,Filepath heuristics,MEDIUM,False,
Harmonium,424.wav,harmonium,ISOLATED,Filepath heuristics,MEDIUM,False,
Harmonium,425.wav,harmonium,ISOLATED,Filepath heuristics,MEDIUM,False,
Harmonium,426.wav,harmonium,ISOLATED,Filepath heuristics,MEDIUM,False,
Harmonium,427.wav,harmonium,ISOLATED,Filepath heuristics,MEDIUM,False,
Harmonium,428.wav,harmonium,ISOLATED,Filepath heuristics,MEDIUM,False,
Harmonium,429.wav,harmonium,ISOLATED,Filepath heuristics,MEDIUM,False,
Harmonium,43.wav,harmonium,ISOLATED,Filepath heuristics,MEDIUM,False,
Harmonium,430.wav,harmonium,ISOLATED,Filepath heuristics,MEDIUM,False,
Harmonium,431.wav,harmonium,ISOLATED,Filepath heuristics,MEDIUM,False,
Harmonium,432.wav,harmonium,ISOLATED,Filepath heuristics,MEDIUM,False,
Harmonium,433.wav,harmonium,ISOLATED,Filepath heuristics,MEDIUM,False,
Harmonium,434.wav,harmonium,ISOLATED,Filepath heuristics,MEDIUM,False,
Harmonium,435.wav,harmonium,ISOLATED,Filepath heuristics,MEDIUM,False,
Harmonium,436.wav,harmonium,ISOLATED,Filepath heuristics,MEDIUM,False,
Harmonium,437.wav,harmonium,ISOLATED,Filepath heuristics,MEDIUM,False,
Harmonium,438.wav,harmonium,ISOLATED,Filepath heuristics,MEDIUM,False,
Harmonium,439.wav,harmonium,ISOLATED,Filepath heuristics,MEDIUM,False,
Harmonium,44.wav,harmonium,ISOLATED,Filepath heuristics,MEDIUM,False,
Harmonium,440.wav,harmonium,ISOLATED,Filepath heuristics,MEDIUM,False,
Harmonium,441.wav,harmonium,ISOLATED,Filepath heuristics,MEDIUM,False,
Harmonium,442.wav,harmonium,ISOLATED,Filepath heuristics,MEDIUM,False,
Harmonium,443.wav,harmonium,ISOLATED,Filepath heuristics,MEDIUM,False,
Harmonium,444.wav,harmonium,ISOLATED,Filepath heuristics,MEDIUM,False,
Harmonium,445.wav,harmonium,ISOLATED,Filepath heuristics,MEDIUM,False,
Harmonium,446.wav,harmonium,ISOLATED,Filepath heuristics,MEDIUM,False,
Harmonium,447.wav,harmonium,ISOLATED,Filepath heuristics,MEDIUM,False,
Harmonium,448.wav,harmonium,ISOLATED,Filepath heuristics,MEDIUM,False,
Harmonium,449.wav,harmonium,ISOLATED,Filepath heuristics,MEDIUM,False,
Harmonium,45.wav,harmonium,ISOLATED,Filepath heuristics,MEDIUM,False,
Harmonium,450.wav,harmonium,ISOLATED,Filepath heuristics,MEDIUM,False,
Harmonium,451.wav,harmonium,ISOLATED,Filepath heuristics,MEDIUM,False,
Harmonium,452.wav,harmonium,ISOLATED,Filepath heuristics,MEDIUM,False,
Harmonium,453.wav,harmonium,ISOLATED,Filepath heuristics,MEDIUM,False,
Harmonium,454.wav,harmonium,ISOLATED,Filepath heuristics,MEDIUM,False,
Harmonium,455.wav,harmonium,ISOLATED,Filepath heuristics,MEDIUM,False,
Harmonium,456.wav,harmonium,ISOLATED,Filepath heuristics,MEDIUM,False,
Harmonium,457.wav,harmonium,ISOLATED,Filepath heuristics,MEDIUM,False,
Harmonium,458.wav,harmonium,ISOLATED,Filepath heuristics,MEDIUM,False,
Harmonium,459.wav,harmonium,ISOLATED,Filepath heuristics,MEDIUM,False,
Harmonium,46.wav,harmonium,ISOLATED,Filepath heuristics,MEDIUM,False,
Harmonium,460.wav,harmonium,ISOLATED,Filepath heuristics,MEDIUM,False,
Harmonium,461.wav,harmonium,ISOLATED,Filepath heuristics,MEDIUM,False,
Harmonium,462.wav,harmonium,ISOLATED,Filepath heuristics,MEDIUM,False,
Harmonium,463.wav,harmonium,ISOLATED,Filepath heuristics,MEDIUM,False,
Harmonium,464.wav,harmonium,ISOLATED,Filepath heuristics,MEDIUM,False,
Harmonium,465.wav,harmonium,ISOLATED,Filepath heuristics,MEDIUM,False,
Harmonium,466.wav,harmonium,ISOLATED,Filepath heuristics,MEDIUM,False,
Harmonium,467.wav,harmonium,ISOLATED,Filepath heuristics,MEDIUM,False,
Harmonium,468.wav,harmonium,ISOLATED,Filepath heuristics,MEDIUM,False,
Harmonium,469.wav,harmonium,ISOLATED,Filepath heuristics,MEDIUM,False,
Harmonium,47.wav,harmonium,ISOLATED,Filepath heuristics,MEDIUM,False,
Harmonium,470.wav,harmonium,ISOLATED,Filepath heuristics,MEDIUM,False,
Harmonium,471.wav,harmonium,ISOLATED,Filepath heuristics,MEDIUM,False,
Harmonium,472.wav,harmonium,ISOLATED,Filepath heuristics,MEDIUM,False,
Harmonium,473.wav,harmonium,ISOLATED,Filepath heuristics,MEDIUM,False,
Harmonium,474.wav,harmonium,ISOLATED,Filepath heuristics,MEDIUM,False,
Harmonium,475.wav,harmonium,ISOLATED,Filepath heuristics,MEDIUM,False,
Harmonium,476.wav,harmonium,ISOLATED,Filepath heuristics,MEDIUM,False,
Harmonium,477.wav,harmonium,ISOLATED,Filepath heuristics,MEDIUM,False,
Harmonium,478.wav,harmonium,ISOLATED,Filepath heuristics,MEDIUM,False,
Harmonium,479.wav,harmonium,ISOLATED,Filepath heuristics,MEDIUM,False,
Harmonium,48.wav,harmonium,ISOLATED,Filepath heuristics,MEDIUM,False,
Harmonium,480.wav,harmonium,ISOLATED,Filepath heuristics,MEDIUM,False,
Harmonium,481.wav,harmonium,ISOLATED,Filepath heuristics,MEDIUM,False,
Harmonium,482.wav,harmonium,ISOLATED,Filepath heuristics,MEDIUM,False,
Harmonium,483.wav,harmonium,ISOLATED,Filepath heuristics,MEDIUM,False,
Harmonium,484.wav,harmonium,ISOLATED,Filepath heuristics,MEDIUM,False,
Harmonium,485.wav,harmonium,ISOLATED,Filepath heuristics,MEDIUM,False,
Harmonium,486.wav,harmonium,ISOLATED,Filepath heuristics,MEDIUM,False,
Harmonium,487.wav,harmonium,ISOLATED,Filepath heuristics,MEDIUM,False,
Harmonium,488.wav,harmonium,ISOLATED,Filepath heuristics,MEDIUM,False,
Harmonium,489.wav,harmonium,ISOLATED,Filepath heuristics,MEDIUM,False,
Harmonium,49.wav,harmonium,ISOLATED,Filepath heuristics,MEDIUM,False,
Harmonium,490.wav,harmonium,ISOLATED,Filepath heuristics,MEDIUM,False,
Harmonium,491.wav,harmonium,ISOLATED,Filepath heuristics,MEDIUM,False,
Harmonium,492.wav,harmonium,ISOLATED,Filepath heuristics,MEDIUM,False,
Harmonium,493.wav,harmonium,ISOLATED,Filepath heuristics,MEDIUM,False,
Harmonium,494.wav,harmonium,ISOLATED,Filepath heuristics,MEDIUM,False,
Harmonium,495.wav,harmonium,ISOLATED,Filepath heuristics,MEDIUM,False,
Harmonium,496.wav,harmonium,ISOLATED,Filepath heuristics,MEDIUM,False,
Harmonium,497.wav,harmonium,ISOLATED,Filepath heuristics,MEDIUM,False,
Harmonium,498.wav,harmonium,ISOLATED,Filepath heuristics,MEDIUM,False,
Harmonium,499.wav,harmonium,ISOLATED,Filepath heuristics,MEDIUM,False,
Harmonium,5.wav,harmonium,ISOLATED,Filepath heuristics,MEDIUM,False,
Harmonium,50.wav,harmonium,ISOLATED,Filepath heuristics,MEDIUM,False,
Harmonium,500.wav,harmonium,ISOLATED,Filepath heuristics,MEDIUM,False,
Harmonium,501.wav,harmonium,ISOLATED,Filepath heuristics,MEDIUM,False,
Harmonium,502.wav,harmonium,ISOLATED,Filepath heuristics,MEDIUM,False,
Harmonium,503.wav,harmonium,ISOLATED,Filepath heuristics,MEDIUM,False,
Harmonium,504.wav,harmonium,ISOLATED,Filepath heuristics,MEDIUM,False,
Harmonium,505.wav,harmonium,ISOLATED,Filepath heuristics,MEDIUM,False,
Harmonium,506.wav,harmonium,ISOLATED,Filepath heuristics,MEDIUM,False,
Harmonium,507.wav,harmonium,ISOLATED,Filepath heuristics,MEDIUM,False,
Harmonium,508.wav,harmonium,ISOLATED,Filepath heuristics,MEDIUM,False,
Harmonium,509.wav,harmonium,ISOLATED,Filepath heuristics,MEDIUM,False,
Harmonium,51.wav,harmonium,ISOLATED,Filepath heuristics,MEDIUM,False,
Harmonium,510.wav,harmonium,ISOLATED,Filepath heuristics,MEDIUM,False,
Harmonium,511.wav,harmonium,ISOLATED,Filepath heuristics,MEDIUM,False,
Harmonium,512.wav,harmonium,ISOLATED,Filepath heuristics,MEDIUM,False,
Harmonium,513.wav,harmonium,ISOLATED,Filepath heuristics,MEDIUM,False,
Harmonium,514.wav,harmonium,ISOLATED,Filepath heuristics,MEDIUM,False,
Harmonium,515.wav,harmonium,ISOLATED,Filepath heuristics,MEDIUM,False,
Harmonium,516.wav,harmonium,ISOLATED,Filepath heuristics,MEDIUM,False,
Harmonium,517.wav,harmonium,ISOLATED,Filepath heuristics,MEDIUM,False,
Harmonium,518.wav,harmonium,ISOLATED,Filepath heuristics,MEDIUM,False,
Harmonium,519.wav,harmonium,ISOLATED,Filepath heuristics,MEDIUM,False,
Harmonium,52.wav,harmonium,ISOLATED,Filepath heuristics,MEDIUM,False,
Harmonium,520.wav,harmonium,ISOLATED,Filepath heuristics,MEDIUM,False,
Harmonium,521.wav,harmonium,ISOLATED,Filepath heuristics,MEDIUM,False,
Harmonium,522.wav,harmonium,ISOLATED,Filepath heuristics,MEDIUM,False,
Harmonium,523.wav,harmonium,ISOLATED,Filepath heuristics,MEDIUM,False,
Harmonium,524.wav,harmonium,ISOLATED,Filepath heuristics,MEDIUM,False,
Harmonium,525.wav,harmonium,ISOLATED,Filepath heuristics,MEDIUM,False,
Harmonium,526.wav,harmonium,ISOLATED,Filepath heuristics,MEDIUM,False,
Harmonium,527.wav,harmonium,ISOLATED,Filepath heuristics,MEDIUM,False,
Harmonium,528.wav,harmonium,ISOLATED,Filepath heuristics,MEDIUM,False,
Harmonium,529.wav,harmonium,ISOLATED,Filepath heuristics,MEDIUM,False,
Harmonium,53.wav,harmonium,ISOLATED,Filepath heuristics,MEDIUM,False,
Harmonium,530.wav,harmonium,ISOLATED,Filepath heuristics,MEDIUM,False,
Harmonium,531.wav,harmonium,ISOLATED,Filepath heuristics,MEDIUM,False,
Harmonium,532.wav,harmonium,ISOLATED,Filepath heuristics,MEDIUM,False,
Harmonium,533.wav,harmonium,ISOLATED,Filepath heuristics,MEDIUM,False,
Harmonium,534.wav,harmonium,ISOLATED,Filepath heuristics,MEDIUM,False,
Harmonium,535.wav,harmonium,ISOLATED,Filepath heuristics,MEDIUM,False,
Harmonium,536.wav,harmonium,ISOLATED,Filepath heuristics,MEDIUM,False,
Harmonium,537.wav,harmonium,ISOLATED,Filepath heuristics,MEDIUM,False,
Harmonium,538.wav,harmonium,ISOLATED,Filepath heuristics,MEDIUM,False,
Harmonium,539.wav,harmonium,ISOLATED,Filepath heuristics,MEDIUM,False,
Harmonium,54.wav,harmonium,ISOLATED,Filepath heuristics,MEDIUM,False,
Harmonium,540.wav,harmonium,ISOLATED,Filepath heuristics,MEDIUM,False,
Harmonium,541.wav,harmonium,ISOLATED,Filepath heuristics,MEDIUM,False,
Harmonium,542.wav,harmonium,ISOLATED,Filepath heuristics,MEDIUM,False,
Harmonium,543.wav,harmonium,ISOLATED,Filepath heuristics,MEDIUM,False,
Harmonium,544.wav,harmonium,ISOLATED,Filepath heuristics,MEDIUM,False,
Harmonium,545.wav,harmonium,ISOLATED,Filepath heuristics,MEDIUM,False,
Harmonium,546.wav,harmonium,ISOLATED,Filepath heuristics,MEDIUM,False,
Harmonium,547.wav,harmonium,ISOLATED,Filepath heuristics,MEDIUM,False,
Harmonium,548.wav,harmonium,ISOLATED,Filepath heuristics,MEDIUM,False,
Harmonium,549.wav,harmonium,ISOLATED,Filepath heuristics,MEDIUM,False,
Harmonium,55.wav,harmonium,ISOLATED,Filepath heuristics,MEDIUM,False,
Harmonium,550.wav,harmonium,ISOLATED,Filepath heuristics,MEDIUM,False,
Harmonium,551.wav,harmonium,ISOLATED,Filepath heuristics,MEDIUM,False,
Harmonium,552.wav,harmonium,ISOLATED,Filepath heuristics,MEDIUM,False,
Harmonium,553.wav,harmonium,ISOLATED,Filepath heuristics,MEDIUM,False,
Harmonium,554.wav,harmonium,ISOLATED,Filepath heuristics,MEDIUM,False,
Harmonium,555.wav,harmonium,ISOLATED,Filepath heuristics,MEDIUM,False,
Harmonium,556.wav,harmonium,ISOLATED,Filepath heuristics,MEDIUM,False,
Harmonium,557.wav,harmonium,ISOLATED,Filepath heuristics,MEDIUM,False,
Harmonium,558.wav,harmonium,ISOLATED,Filepath heuristics,MEDIUM,False,
Harmonium,559.wav,harmonium,ISOLATED,Filepath heuristics,MEDIUM,False,
Harmonium,56.wav,harmonium,ISOLATED,Filepath heuristics,MEDIUM,False,
Harmonium,560.wav,harmonium,ISOLATED,Filepath heuristics,MEDIUM,False,
Harmonium,561.wav,harmonium,ISOLATED,Filepath heuristics,MEDIUM,False,
Harmonium,562.wav,harmonium,ISOLATED,Filepath heuristics,MEDIUM,False,
Harmonium,563.wav,harmonium,ISOLATED,Filepath heuristics,MEDIUM,False,
Harmonium,564.wav,harmonium,ISOLATED,Filepath heuristics,MEDIUM,False,
Harmonium,565.wav,harmonium,ISOLATED,Filepath heuristics,MEDIUM,False,
Harmonium,566.wav,harmonium,ISOLATED,Filepath heuristics,MEDIUM,False,
Harmonium,567.wav,harmonium,ISOLATED,Filepath heuristics,MEDIUM,False,
Harmonium,568.wav,harmonium,ISOLATED,Filepath heuristics,MEDIUM,False,
Harmonium,569.wav,harmonium,ISOLATED,Filepath heuristics,MEDIUM,False,
Harmonium,57.wav,harmonium,ISOLATED,Filepath heuristics,MEDIUM,False,
Harmonium,570.wav,harmonium,ISOLATED,Filepath heuristics,MEDIUM,False,
Harmonium,571.wav,harmonium,ISOLATED,Filepath heuristics,MEDIUM,False,
Harmonium,572.wav,harmonium,ISOLATED,Filepath heuristics,MEDIUM,False,
Harmonium,573.wav,harmonium,ISOLATED,Filepath heuristics,MEDIUM,False,
Harmonium,574.wav,harmonium,ISOLATED,Filepath heuristics,MEDIUM,False,
Harmonium,575.wav,harmonium,ISOLATED,Filepath heuristics,MEDIUM,False,
Harmonium,576.wav,harmonium,ISOLATED,Filepath heuristics,MEDIUM,False,
Harmonium,577.wav,harmonium,ISOLATED,Filepath heuristics,MEDIUM,False,
Harmonium,578.wav,harmonium,ISOLATED,Filepath heuristics,MEDIUM,False,
Harmonium,579.wav,harmonium,ISOLATED,Filepath heuristics,MEDIUM,False,
Harmonium,58.wav,harmonium,ISOLATED,Filepath heuristics,MEDIUM,False,
Harmonium,580.wav,harmonium,ISOLATED,Filepath heuristics,MEDIUM,False,
Harmonium,581.wav,harmonium,ISOLATED,Filepath heuristics,MEDIUM,False,
Harmonium,582.wav,harmonium,ISOLATED,Filepath heuristics,MEDIUM,False,
Harmonium,583.wav,harmonium,ISOLATED,Filepath heuristics,MEDIUM,False,
Harmonium,584.wav,harmonium,ISOLATED,Filepath heuristics,MEDIUM,False,
Harmonium,585.wav,harmonium,ISOLATED,Filepath heuristics,MEDIUM,False,
Harmonium,586.wav,harmonium,ISOLATED,Filepath heuristics,MEDIUM,False,
Harmonium,587.wav,harmonium,ISOLATED,Filepath heuristics,MEDIUM,False,
Harmonium,588.wav,harmonium,ISOLATED,Filepath heuristics,MEDIUM,False,
Harmonium,589.wav,harmonium,ISOLATED,Filepath heuristics,MEDIUM,False,
Harmonium,59.wav,harmonium,ISOLATED,Filepath heuristics,MEDIUM,False,
Harmonium,590.wav,harmonium,ISOLATED,Filepath heuristics,MEDIUM,False,
Harmonium,591.wav,harmonium,ISOLATED,Filepath heuristics,MEDIUM,False,
Harmonium,592.wav,harmonium,ISOLATED,Filepath heuristics,MEDIUM,False,
Harmonium,593.wav,harmonium,ISOLATED,Filepath heuristics,MEDIUM,False,
Harmonium,594.wav,harmonium,ISOLATED,Filepath heuristics,MEDIUM,False,
Harmonium,595.wav,harmonium,ISOLATED,Filepath heuristics,MEDIUM,False,
Harmonium,596.wav,harmonium,ISOLATED,Filepath heuristics,MEDIUM,False,
Harmonium,597.wav,harmonium,ISOLATED,Filepath heuristics,MEDIUM,False,
Harmonium,598.wav,harmonium,ISOLATED,Filepath heuristics,MEDIUM,False,
Harmonium,599.wav,harmonium,ISOLATED,Filepath heuristics,MEDIUM,False,
Harmonium,6.wav,harmonium,ISOLATED,Filepath heuristics,MEDIUM,False,
Harmonium,60.wav,harmonium,ISOLATED,Filepath heuristics,MEDIUM,False,
Harmonium,600.wav,harmonium,ISOLATED,Filepath heuristics,MEDIUM,False,
Harmonium,601.wav,harmonium,ISOLATED,Filepath heuristics,MEDIUM,False,
Harmonium,602.wav,harmonium,ISOLATED,Filepath heuristics,MEDIUM,False,
Harmonium,603.wav,harmonium,ISOLATED,Filepath heuristics,MEDIUM,False,
Harmonium,604.wav,harmonium,ISOLATED,Filepath heuristics,MEDIUM,False,
Harmonium,605.wav,harmonium,ISOLATED,Filepath heuristics,MEDIUM,False,
Harmonium,606.wav,harmonium,ISOLATED,Filepath heuristics,MEDIUM,False,
Harmonium,607.wav,harmonium,ISOLATED,Filepath heuristics,MEDIUM,False,
Harmonium,608.wav,harmonium,ISOLATED,Filepath heuristics,MEDIUM,False,
Harmonium,609.wav,harmonium,ISOLATED,Filepath heuristics,MEDIUM,False,
Harmonium,61.wav,harmonium,ISOLATED,Filepath heuristics,MEDIUM,False,
Harmonium,610.wav,harmonium,ISOLATED,Filepath heuristics,MEDIUM,False,
Harmonium,611.wav,harmonium,ISOLATED,Filepath heuristics,MEDIUM,False,
Harmonium,612.wav,harmonium,ISOLATED,Filepath heuristics,MEDIUM,False,
Harmonium,613.wav,harmonium,ISOLATED,Filepath heuristics,MEDIUM,False,
Harmonium,614.wav,harmonium,ISOLATED,Filepath heuristics,MEDIUM,False,
Harmonium,615.wav,harmonium,ISOLATED,Filepath heuristics,MEDIUM,False,
Harmonium,616.wav,harmonium,ISOLATED,Filepath heuristics,MEDIUM,False,
Harmonium,617.wav,harmonium,ISOLATED,Filepath heuristics,MEDIUM,False,
Harmonium,618.wav,harmonium,ISOLATED,Filepath heuristics,MEDIUM,False,
Harmonium,619.wav,harmonium,ISOLATED,Filepath heuristics,MEDIUM,False,
Harmonium,62.wav,harmonium,ISOLATED,Filepath heuristics,MEDIUM,False,
Harmonium,620.wav,harmonium,ISOLATED,Filepath heuristics,MEDIUM,False,
Harmonium,621.wav,harmonium,ISOLATED,Filepath heuristics,MEDIUM,False,
Harmonium,622.wav,harmonium,ISOLATED,Filepath heuristics,MEDIUM,False,
Harmonium,623.wav,harmonium,ISOLATED,Filepath heuristics,MEDIUM,False,
Harmonium,624.wav,harmonium,ISOLATED,Filepath heuristics,MEDIUM,False,
Harmonium,625.wav,harmonium,ISOLATED,Filepath heuristics,MEDIUM,False,
Harmonium,626.wav,harmonium,ISOLATED,Filepath heuristics,MEDIUM,False,
Harmonium,627.wav,harmonium,ISOLATED,Filepath heuristics,MEDIUM,False,
Harmonium,628.wav,harmonium,ISOLATED,Filepath heuristics,MEDIUM,False,
Harmonium,629.wav,harmonium,ISOLATED,Filepath heuristics,MEDIUM,False,
Harmonium,63.wav,harmonium,ISOLATED,Filepath heuristics,MEDIUM,False,
Harmonium,630.wav,harmonium,ISOLATED,Filepath heuristics,MEDIUM,False,
Harmonium,631.wav,harmonium,ISOLATED,Filepath heuristics,MEDIUM,False,
Harmonium,632.wav,harmonium,ISOLATED,Filepath heuristics,MEDIUM,False,
Harmonium,633.wav,harmonium,ISOLATED,Filepath heuristics,MEDIUM,False,
Harmonium,634.wav,harmonium,ISOLATED,Filepath heuristics,MEDIUM,False,
Harmonium,635.wav,harmonium,ISOLATED,Filepath heuristics,MEDIUM,False,
Harmonium,636.wav,harmonium,ISOLATED,Filepath heuristics,MEDIUM,False,
Harmonium,637.wav,harmonium,ISOLATED,Filepath heuristics,MEDIUM,False,
Harmonium,638.wav,harmonium,ISOLATED,Filepath heuristics,MEDIUM,False,
Harmonium,639.wav,harmonium,ISOLATED,Filepath heuristics,MEDIUM,False,
Harmonium,64.wav,harmonium,ISOLATED,Filepath heuristics,MEDIUM,False,
Harmonium,640.wav,harmonium,ISOLATED,Filepath heuristics,MEDIUM,False,
Harmonium,641.wav,harmonium,ISOLATED,Filepath heuristics,MEDIUM,False,
Harmonium,642.wav,harmonium,ISOLATED,Filepath heuristics,MEDIUM,False,
Harmonium,643.wav,harmonium,ISOLATED,Filepath heuristics,MEDIUM,False,
Harmonium,644.wav,harmonium,ISOLATED,Filepath heuristics,MEDIUM,False,
Harmonium,645.wav,harmonium,ISOLATED,Filepath heuristics,MEDIUM,False,
Harmonium,646.wav,harmonium,ISOLATED,Filepath heuristics,MEDIUM,False,
Harmonium,647.wav,harmonium,ISOLATED,Filepath heuristics,MEDIUM,False,
Harmonium,648.wav,harmonium,ISOLATED,Filepath heuristics,MEDIUM,False,
Harmonium,649.wav,harmonium,ISOLATED,Filepath heuristics,MEDIUM,False,
Harmonium,65.wav,harmonium,ISOLATED,Filepath heuristics,MEDIUM,False,
Harmonium,650.wav,harmonium,ISOLATED,Filepath heuristics,MEDIUM,False,
Harmonium,651.wav,harmonium,ISOLATED,Filepath heuristics,MEDIUM,False,
Harmonium,652.wav,harmonium,ISOLATED,Filepath heuristics,MEDIUM,False,
Harmonium,653.wav,harmonium,ISOLATED,Filepath heuristics,MEDIUM,False,
Harmonium,654.wav,harmonium,ISOLATED,Filepath heuristics,MEDIUM,False,
Harmonium,655.wav,harmonium,ISOLATED,Filepath heuristics,MEDIUM,False,
Harmonium,656.wav,harmonium,ISOLATED,Filepath heuristics,MEDIUM,False,
Harmonium,657.wav,harmonium,ISOLATED,Filepath heuristics,MEDIUM,False,
Harmonium,658.wav,harmonium,ISOLATED,Filepath heuristics,MEDIUM,False,
Harmonium,659.wav,harmonium,ISOLATED,Filepath heuristics,MEDIUM,False,
Harmonium,66.wav,harmonium,ISOLATED,Filepath heuristics,MEDIUM,False,
Harmonium,660.wav,harmonium,ISOLATED,Filepath heuristics,MEDIUM,False,
Harmonium,661.wav,harmonium,ISOLATED,Filepath heuristics,MEDIUM,False,
Harmonium,662.wav,harmonium,ISOLATED,Filepath heuristics,MEDIUM,False,
Harmonium,663.wav,harmonium,ISOLATED,Filepath heuristics,MEDIUM,False,
Harmonium,664.wav,harmonium,ISOLATED,Filepath heuristics,MEDIUM,False,
Harmonium,665.wav,harmonium,ISOLATED,Filepath heuristics,MEDIUM,False,
Harmonium,666.wav,harmonium,ISOLATED,Filepath heuristics,MEDIUM,False,
Harmonium,667.wav,harmonium,ISOLATED,Filepath heuristics,MEDIUM,False,
Harmonium,668.wav,harmonium,ISOLATED,Filepath heuristics,MEDIUM,False,
Harmonium,669.wav,harmonium,ISOLATED,Filepath heuristics,MEDIUM,False,
Harmonium,67.wav,harmonium,ISOLATED,Filepath heuristics,MEDIUM,False,
Harmonium,670.wav,harmonium,ISOLATED,Filepath heuristics,MEDIUM,False,
Harmonium,671.wav,harmonium,ISOLATED,Filepath heuristics,MEDIUM,False,
Harmonium,672.wav,harmonium,ISOLATED,Filepath heuristics,MEDIUM,False,
Harmonium,673.wav,harmonium,ISOLATED,Filepath heuristics,MEDIUM,False,
Harmonium,674.wav,harmonium,ISOLATED,Filepath heuristics,MEDIUM,False,
Harmonium,675.wav,harmonium,ISOLATED,Filepath heuristics,MEDIUM,False,
Harmonium,676.wav,harmonium,ISOLATED,Filepath heuristics,MEDIUM,False,
Harmonium,677.wav,harmonium,ISOLATED,Filepath heuristics,MEDIUM,False,
Harmonium,678.wav,harmonium,ISOLATED,Filepath heuristics,MEDIUM,False,
Harmonium,679.wav,harmonium,ISOLATED,Filepath heuristics,MEDIUM,False,
Harmonium,68.wav,harmonium,ISOLATED,Filepath heuristics,MEDIUM,False,
Harmonium,680.wav,harmonium,ISOLATED,Filepath heuristics,MEDIUM,False,
Harmonium,681.wav,harmonium,ISOLATED,Filepath heuristics,MEDIUM,False,
Harmonium,682.wav,harmonium,ISOLATED,Filepath heuristics,MEDIUM,False,
Harmonium,683.wav,harmonium,ISOLATED,Filepath heuristics,MEDIUM,False,
Harmonium,684.wav,harmonium,ISOLATED,Filepath heuristics,MEDIUM,False,
Harmonium,685.wav,harmonium,ISOLATED,Filepath heuristics,MEDIUM,False,
Harmonium,686.wav,harmonium,ISOLATED,Filepath heuristics,MEDIUM,False,
Harmonium,687.wav,harmonium,ISOLATED,Filepath heuristics,MEDIUM,False,
Harmonium,688.wav,harmonium,ISOLATED,Filepath heuristics,MEDIUM,False,
Harmonium,689.wav,harmonium,ISOLATED,Filepath heuristics,MEDIUM,False,
Harmonium,69.wav,harmonium,ISOLATED,Filepath heuristics,MEDIUM,False,
Harmonium,690.wav,harmonium,ISOLATED,Filepath heuristics,MEDIUM,False,
Harmonium,691.wav,harmonium,ISOLATED,Filepath heuristics,MEDIUM,False,
Harmonium,692.wav,harmonium,ISOLATED,Filepath heuristics,MEDIUM,False,
Harmonium,693.wav,harmonium,ISOLATED,Filepath heuristics,MEDIUM,False,
Harmonium,694.wav,harmonium,ISOLATED,Filepath heuristics,MEDIUM,False,
Harmonium,695.wav,harmonium,ISOLATED,Filepath heuristics,MEDIUM,False,
Harmonium,696.wav,harmonium,ISOLATED,Filepath heuristics,MEDIUM,False,
Harmonium,697.wav,harmonium,ISOLATED,Filepath heuristics,MEDIUM,False,
Harmonium,698.wav,harmonium,ISOLATED,Filepath heuristics,MEDIUM,False,
Harmonium,699.wav,harmonium,ISOLATED,Filepath heuristics,MEDIUM,False,
Harmonium,7.wav,harmonium,ISOLATED,Filepath heuristics,MEDIUM,False,
Harmonium,70.wav,harmonium,ISOLATED,Filepath heuristics,MEDIUM,False,
Harmonium,700.wav,harmonium,ISOLATED,Filepath heuristics,MEDIUM,False,
Harmonium,701.wav,harmonium,ISOLATED,Filepath heuristics,MEDIUM,False,
Harmonium,702.wav,harmonium,ISOLATED,Filepath heuristics,MEDIUM,False,
Harmonium,703.wav,harmonium,ISOLATED,Filepath heuristics,MEDIUM,False,
Harmonium,704.wav,harmonium,ISOLATED,Filepath heuristics,MEDIUM,False,
Harmonium,705.wav,harmonium,ISOLATED,Filepath heuristics,MEDIUM,False,
Harmonium,706.wav,harmonium,ISOLATED,Filepath heuristics,MEDIUM,False,
Harmonium,707.wav,harmonium,ISOLATED,Filepath heuristics,MEDIUM,False,
Harmonium,708.wav,harmonium,ISOLATED,Filepath heuristics,MEDIUM,False,
Harmonium,709.wav,harmonium,ISOLATED,Filepath heuristics,MEDIUM,False,
Harmonium,71.wav,harmonium,ISOLATED,Filepath heuristics,MEDIUM,False,
Harmonium,710.wav,harmonium,ISOLATED,Filepath heuristics,MEDIUM,False,
Harmonium,711.wav,harmonium,ISOLATED,Filepath heuristics,MEDIUM,False,
Harmonium,712.wav,harmonium,ISOLATED,Filepath heuristics,MEDIUM,False,
Harmonium,713.wav,harmonium,ISOLATED,Filepath heuristics,MEDIUM,False,
Harmonium,714.wav,harmonium,ISOLATED,Filepath heuristics,MEDIUM,False,
Harmonium,715.wav,harmonium,ISOLATED,Filepath heuristics,MEDIUM,False,
Harmonium,716.wav,harmonium,ISOLATED,Filepath heuristics,MEDIUM,False,
Harmonium,717.wav,harmonium,ISOLATED,Filepath heuristics,MEDIUM,False,
Harmonium,718.wav,harmonium,ISOLATED,Filepath heuristics,MEDIUM,False,
Harmonium,719.wav,harmonium,ISOLATED,Filepath heuristics,MEDIUM,False,
Harmonium,72.wav,harmonium,ISOLATED,Filepath heuristics,MEDIUM,False,
Harmonium,720.wav,harmonium,ISOLATED,Filepath heuristics,MEDIUM,False,
Harmonium,721.wav,harmonium,ISOLATED,Filepath heuristics,MEDIUM,False,
Harmonium,722.wav,harmonium,ISOLATED,Filepath heuristics,MEDIUM,False,
Harmonium,723.wav,harmonium,ISOLATED,Filepath heuristics,MEDIUM,False,
Harmonium,724.wav,harmonium,ISOLATED,Filepath heuristics,MEDIUM,False,
Harmonium,725.wav,harmonium,ISOLATED,Filepath heuristics,MEDIUM,False,
Harmonium,726.wav,harmonium,ISOLATED,Filepath heuristics,MEDIUM,False,
Harmonium,727.wav,harmonium,ISOLATED,Filepath heuristics,MEDIUM,False,
Harmonium,728.wav,harmonium,ISOLATED,Filepath heuristics,MEDIUM,False,
Harmonium,729.wav,harmonium,ISOLATED,Filepath heuristics,MEDIUM,False,
Harmonium,73.wav,harmonium,ISOLATED,Filepath heuristics,MEDIUM,False,
Harmonium,730.wav,harmonium,ISOLATED,Filepath heuristics,MEDIUM,False,
Harmonium,731.wav,harmonium,ISOLATED,Filepath heuristics,MEDIUM,False,
Harmonium,732.wav,harmonium,ISOLATED,Filepath heuristics,MEDIUM,False,
Harmonium,733.wav,harmonium,ISOLATED,Filepath heuristics,MEDIUM,False,
Harmonium,734.wav,harmonium,ISOLATED,Filepath heuristics,MEDIUM,False,
Harmonium,735.wav,harmonium,ISOLATED,Filepath heuristics,MEDIUM,False,
Harmonium,736.wav,harmonium,ISOLATED,Filepath heuristics,MEDIUM,False,
Harmonium,737.wav,harmonium,ISOLATED,Filepath heuristics,MEDIUM,False,
Harmonium,738.wav,harmonium,ISOLATED,Filepath heuristics,MEDIUM,False,
Harmonium,739.wav,harmonium,ISOLATED,Filepath heuristics,MEDIUM,False,
Harmonium,74.wav,harmonium,ISOLATED,Filepath heuristics,MEDIUM,False,
Harmonium,740.wav,harmonium,ISOLATED,Filepath heuristics,MEDIUM,False,
Harmonium,741.wav,harmonium,ISOLATED,Filepath heuristics,MEDIUM,False,
Harmonium,742.wav,harmonium,ISOLATED,Filepath heuristics,MEDIUM,False,
Harmonium,743.wav,harmonium,ISOLATED,Filepath heuristics,MEDIUM,False,
Harmonium,744.wav,harmonium,ISOLATED,Filepath heuristics,MEDIUM,False,
Harmonium,745.wav,harmonium,ISOLATED,Filepath heuristics,MEDIUM,False,
Harmonium,746.wav,harmonium,ISOLATED,Filepath heuristics,MEDIUM,False,
Harmonium,747.wav,harmonium,ISOLATED,Filepath heuristics,MEDIUM,False,
Harmonium,748.wav,harmonium,ISOLATED,Filepath heuristics,MEDIUM,False,
Harmonium,749.wav,harmonium,ISOLATED,Filepath heuristics,MEDIUM,False,
Harmonium,75.wav,harmonium,ISOLATED,Filepath heuristics,MEDIUM,False,
Harmonium,750.wav,harmonium,ISOLATED,Filepath heuristics,MEDIUM,False,
Harmonium,751.wav,harmonium,ISOLATED,Filepath heuristics,MEDIUM,False,
Harmonium,752.wav,harmonium,ISOLATED,Filepath heuristics,MEDIUM,False,
Harmonium,753.wav,harmonium,ISOLATED,Filepath heuristics,MEDIUM,False,
Harmonium,754.wav,harmonium,ISOLATED,Filepath heuristics,MEDIUM,False,
Harmonium,755.wav,harmonium,ISOLATED,Filepath heuristics,MEDIUM,False,
Harmonium,756.wav,harmonium,ISOLATED,Filepath heuristics,MEDIUM,False,
Harmonium,757.wav,harmonium,ISOLATED,Filepath heuristics,MEDIUM,False,
Harmonium,758.wav,harmonium,ISOLATED,Filepath heuristics,MEDIUM,False,
Harmonium,759.wav,harmonium,ISOLATED,Filepath heuristics,MEDIUM,False,
Harmonium,76.wav,harmonium,ISOLATED,Filepath heuristics,MEDIUM,False,
Harmonium,760.wav,harmonium,ISOLATED,Filepath heuristics,MEDIUM,False,
Harmonium,761.wav,harmonium,ISOLATED,Filepath heuristics,MEDIUM,False,
Harmonium,762.wav,harmonium,ISOLATED,Filepath heuristics,MEDIUM,False,
Harmonium,763.wav,harmonium,ISOLATED,Filepath heuristics,MEDIUM,False,
Harmonium,764.wav,harmonium,ISOLATED,Filepath heuristics,MEDIUM,False,
Harmonium,765.wav,harmonium,ISOLATED,Filepath heuristics,MEDIUM,False,
Harmonium,766.wav,harmonium,ISOLATED,Filepath heuristics,MEDIUM,False,
Harmonium,767.wav,harmonium,ISOLATED,Filepath heuristics,MEDIUM,False,
Harmonium,768.wav,harmonium,ISOLATED,Filepath heuristics,MEDIUM,False,
Harmonium,769.wav,harmonium,ISOLATED,Filepath heuristics,MEDIUM,False,
Harmonium,77.wav,harmonium,ISOLATED,Filepath heuristics,MEDIUM,False,
Harmonium,770.wav,harmonium,ISOLATED,Filepath heuristics,MEDIUM,False,
Harmonium,771.wav,harmonium,ISOLATED,Filepath heuristics,MEDIUM,False,
Harmonium,772.wav,harmonium,ISOLATED,Filepath heuristics,MEDIUM,False,
Harmonium,773.wav,harmonium,ISOLATED,Filepath heuristics,MEDIUM,False,
Harmonium,774.wav,harmonium,ISOLATED,Filepath heuristics,MEDIUM,False,
Harmonium,775.wav,harmonium,ISOLATED,Filepath heuristics,MEDIUM,False,
Harmonium,776.wav,harmonium,ISOLATED,Filepath heuristics,MEDIUM,False,
Harmonium,777.wav,harmonium,ISOLATED,Filepath heuristics,MEDIUM,False,
Harmonium,778.wav,harmonium,ISOLATED,Filepath heuristics,MEDIUM,False,
Harmonium,779.wav,harmonium,ISOLATED,Filepath heuristics,MEDIUM,False,
Harmonium,78.wav,harmonium,ISOLATED,Filepath heuristics,MEDIUM,False,
Harmonium,780.wav,harmonium,ISOLATED,Filepath heuristics,MEDIUM,False,
Harmonium,781.wav,harmonium,ISOLATED,Filepath heuristics,MEDIUM,False,
Harmonium,782.wav,harmonium,ISOLATED,Filepath heuristics,MEDIUM,False,
Harmonium,783.wav,harmonium,ISOLATED,Filepath heuristics,MEDIUM,False,
Harmonium,784.wav,harmonium,ISOLATED,Filepath heuristics,MEDIUM,False,
Harmonium,785.wav,harmonium,ISOLATED,Filepath heuristics,MEDIUM,False,
Harmonium,786.wav,harmonium,ISOLATED,Filepath heuristics,MEDIUM,False,
Harmonium,787.wav,harmonium,ISOLATED,Filepath heuristics,MEDIUM,False,
Harmonium,788.wav,harmonium,ISOLATED,Filepath heuristics,MEDIUM,False,
Harmonium,789.wav,harmonium,ISOLATED,Filepath heuristics,MEDIUM,False,
Harmonium,79.wav,harmonium,ISOLATED,Filepath heuristics,MEDIUM,False,
Harmonium,790.wav,harmonium,ISOLATED,Filepath heuristics,MEDIUM,False,
Harmonium,791.wav,harmonium,ISOLATED,Filepath heuristics,MEDIUM,False,
Harmonium,792.wav,harmonium,ISOLATED,Filepath heuristics,MEDIUM,False,
Harmonium,793.wav,harmonium,ISOLATED,Filepath heuristics,MEDIUM,False,
Harmonium,794.wav,harmonium,ISOLATED,Filepath heuristics,MEDIUM,False,
Harmonium,795.wav,harmonium,ISOLATED,Filepath heuristics,MEDIUM,False,
Harmonium,796.wav,harmonium,ISOLATED,Filepath heuristics,MEDIUM,False,
Harmonium,797.wav,harmonium,ISOLATED,Filepath heuristics,MEDIUM,False,
Harmonium,798.wav,harmonium,ISOLATED,Filepath heuristics,MEDIUM,False,
Harmonium,799.wav,harmonium,ISOLATED,Filepath heuristics,MEDIUM,False,
Harmonium,8.wav,harmonium,ISOLATED,Filepath heuristics,MEDIUM,False,
Harmonium,80.wav,harmonium,ISOLATED,Filepath heuristics,MEDIUM,False,
Harmonium,800.wav,harmonium,ISOLATED,Filepath heuristics,MEDIUM,False,
Harmonium,801.wav,harmonium,ISOLATED,Filepath heuristics,MEDIUM,False,
Harmonium,802.wav,harmonium,ISOLATED,Filepath heuristics,MEDIUM,False,
Harmonium,803.wav,harmonium,ISOLATED,Filepath heuristics,MEDIUM,False,
Harmonium,804.wav,harmonium,ISOLATED,Filepath heuristics,MEDIUM,False,
Harmonium,805.wav,harmonium,ISOLATED,Filepath heuristics,MEDIUM,False,
Harmonium,806.wav,harmonium,ISOLATED,Filepath heuristics,MEDIUM,False,
Harmonium,807.wav,harmonium,ISOLATED,Filepath heuristics,MEDIUM,False,
Harmonium,808.wav,harmonium,ISOLATED,Filepath heuristics,MEDIUM,False,
Harmonium,809.wav,harmonium,ISOLATED,Filepath heuristics,MEDIUM,False,
Harmonium,81.wav,harmonium,ISOLATED,Filepath heuristics,MEDIUM,False,
Harmonium,810.wav,harmonium,ISOLATED,Filepath heuristics,MEDIUM,False,
Harmonium,811.wav,harmonium,ISOLATED,Filepath heuristics,MEDIUM,False,
Harmonium,812.wav,harmonium,ISOLATED,Filepath heuristics,MEDIUM,False,
Harmonium,813.wav,harmonium,ISOLATED,Filepath heuristics,MEDIUM,False,
Harmonium,814.wav,harmonium,ISOLATED,Filepath heuristics,MEDIUM,False,
Harmonium,815.wav,harmonium,ISOLATED,Filepath heuristics,MEDIUM,False,
Harmonium,816.wav,harmonium,ISOLATED,Filepath heuristics,MEDIUM,False,
Harmonium,817.wav,harmonium,ISOLATED,Filepath heuristics,MEDIUM,False,
Harmonium,818.wav,harmonium,ISOLATED,Filepath heuristics,MEDIUM,False,
Harmonium,819.wav,harmonium,ISOLATED,Filepath heuristics,MEDIUM,False,
Harmonium,82.wav,harmonium,ISOLATED,Filepath heuristics,MEDIUM,False,
Harmonium,820.wav,harmonium,ISOLATED,Filepath heuristics,MEDIUM,False,
Harmonium,821.wav,harmonium,ISOLATED,Filepath heuristics,MEDIUM,False,
Harmonium,822.wav,harmonium,ISOLATED,Filepath heuristics,MEDIUM,False,
Harmonium,823.wav,harmonium,ISOLATED,Filepath heuristics,MEDIUM,False,
Harmonium,824.wav,harmonium,ISOLATED,Filepath heuristics,MEDIUM,False,
Harmonium,825.wav,harmonium,ISOLATED,Filepath heuristics,MEDIUM,False,
Harmonium,826.wav,harmonium,ISOLATED,Filepath heuristics,MEDIUM,False,
Harmonium,827.wav,harmonium,ISOLATED,Filepath heuristics,MEDIUM,False,
Harmonium,828.wav,harmonium,ISOLATED,Filepath heuristics,MEDIUM,False,
Harmonium,829.wav,harmonium,ISOLATED,Filepath heuristics,MEDIUM,False,
Harmonium,83.wav,harmonium,ISOLATED,Filepath heuristics,MEDIUM,False,
Harmonium,830.wav,harmonium,ISOLATED,Filepath heuristics,MEDIUM,False,
Harmonium,831.wav,harmonium,ISOLATED,Filepath heuristics,MEDIUM,False,
Harmonium,832.wav,harmonium,ISOLATED,Filepath heuristics,MEDIUM,False,
Harmonium,833.wav,harmonium,ISOLATED,Filepath heuristics,MEDIUM,False,
Harmonium,834.wav,harmonium,ISOLATED,Filepath heuristics,MEDIUM,False,
Harmonium,835.wav,harmonium,ISOLATED,Filepath heuristics,MEDIUM,False,
Harmonium,836.wav,harmonium,ISOLATED,Filepath heuristics,MEDIUM,False,
Harmonium,837.wav,harmonium,ISOLATED,Filepath heuristics,MEDIUM,False,
Harmonium,838.wav,harmonium,ISOLATED,Filepath heuristics,MEDIUM,False,
Harmonium,839.wav,harmonium,ISOLATED,Filepath heuristics,MEDIUM,False,
Harmonium,84.wav,harmonium,ISOLATED,Filepath heuristics,MEDIUM,False,
Harmonium,840.wav,harmonium,ISOLATED,Filepath heuristics,MEDIUM,False,
Harmonium,841.wav,harmonium,ISOLATED,Filepath heuristics,MEDIUM,False,
Harmonium,842.wav,harmonium,ISOLATED,Filepath heuristics,MEDIUM,False,
Harmonium,843.wav,harmonium,ISOLATED,Filepath heuristics,MEDIUM,False,
Harmonium,844.wav,harmonium,ISOLATED,Filepath heuristics,MEDIUM,False,
Harmonium,845.wav,harmonium,ISOLATED,Filepath heuristics,MEDIUM,False,
Harmonium,846.wav,harmonium,ISOLATED,Filepath heuristics,MEDIUM,False,
Harmonium,847.wav,harmonium,ISOLATED,Filepath heuristics,MEDIUM,False,
Harmonium,848.wav,harmonium,ISOLATED,Filepath heuristics,MEDIUM,False,
Harmonium,849.wav,harmonium,ISOLATED,Filepath heuristics,MEDIUM,False,
Harmonium,85.wav,harmonium,ISOLATED,Filepath heuristics,MEDIUM,False,
Harmonium,850.wav,harmonium,ISOLATED,Filepath heuristics,MEDIUM,False,
Harmonium,851.wav,harmonium,ISOLATED,Filepath heuristics,MEDIUM,False,
Harmonium,852.wav,harmonium,ISOLATED,Filepath heuristics,MEDIUM,False,
Harmonium,853.wav,harmonium,ISOLATED,Filepath heuristics,MEDIUM,False,
Harmonium,854.wav,harmonium,ISOLATED,Filepath heuristics,MEDIUM,False,
Harmonium,855.wav,harmonium,ISOLATED,Filepath heuristics,MEDIUM,False,
Harmonium,856.wav,harmonium,ISOLATED,Filepath heuristics,MEDIUM,False,
Harmonium,857.wav,harmonium,ISOLATED,Filepath heuristics,MEDIUM,False,
Harmonium,858.wav,harmonium,ISOLATED,Filepath heuristics,MEDIUM,False,
Harmonium,859.wav,harmonium,ISOLATED,Filepath heuristics,MEDIUM,False,
Harmonium,86.wav,harmonium,ISOLATED,Filepath heuristics,MEDIUM,False,
Harmonium,860.wav,harmonium,ISOLATED,Filepath heuristics,MEDIUM,False,
Harmonium,861.wav,harmonium,ISOLATED,Filepath heuristics,MEDIUM,False,
Harmonium,862.wav,harmonium,ISOLATED,Filepath heuristics,MEDIUM,False,
Harmonium,863.wav,harmonium,ISOLATED,Filepath heuristics,MEDIUM,False,
Harmonium,864.wav,harmonium,ISOLATED,Filepath heuristics,MEDIUM,False,
Harmonium,865.wav,harmonium,ISOLATED,Filepath heuristics,MEDIUM,False,
Harmonium,866.wav,harmonium,ISOLATED,Filepath heuristics,MEDIUM,False,
Harmonium,867.wav,harmonium,ISOLATED,Filepath heuristics,MEDIUM,False,
Harmonium,868.wav,harmonium,ISOLATED,Filepath heuristics,MEDIUM,False,
Harmonium,869.wav,harmonium,ISOLATED,Filepath heuristics,MEDIUM,False,
Harmonium,87.wav,harmonium,ISOLATED,Filepath heuristics,MEDIUM,False,
Harmonium,870.wav,harmonium,ISOLATED,Filepath heuristics,MEDIUM,False,
Harmonium,871.wav,harmonium,ISOLATED,Filepath heuristics,MEDIUM,False,
Harmonium,872.wav,harmonium,ISOLATED,Filepath heuristics,MEDIUM,False,
Harmonium,873.wav,harmonium,ISOLATED,Filepath heuristics,MEDIUM,False,
Harmonium,874.wav,harmonium,ISOLATED,Filepath heuristics,MEDIUM,False,
Harmonium,875.wav,harmonium,ISOLATED,Filepath heuristics,MEDIUM,False,
Harmonium,876.wav,harmonium,ISOLATED,Filepath heuristics,MEDIUM,False,
Harmonium,877.wav,harmonium,ISOLATED,Filepath heuristics,MEDIUM,False,
Harmonium,878.wav,harmonium,ISOLATED,Filepath heuristics,MEDIUM,False,
Harmonium,879.wav,harmonium,ISOLATED,Filepath heuristics,MEDIUM,False,
Harmonium,88.wav,harmonium,ISOLATED,Filepath heuristics,MEDIUM,False,
Harmonium,880.wav,harmonium,ISOLATED,Filepath heuristics,MEDIUM,False,
Harmonium,881.wav,harmonium,ISOLATED,Filepath heuristics,MEDIUM,False,
Harmonium,882.wav,harmonium,ISOLATED,Filepath heuristics,MEDIUM,False,
Harmonium,883.wav,harmonium,ISOLATED,Filepath heuristics,MEDIUM,False,
Harmonium,884.wav,harmonium,ISOLATED,Filepath heuristics,MEDIUM,False,
Harmonium,885.wav,harmonium,ISOLATED,Filepath heuristics,MEDIUM,False,
Harmonium,886.wav,harmonium,ISOLATED,Filepath heuristics,MEDIUM,False,
Harmonium,887.wav,harmonium,ISOLATED,Filepath heuristics,MEDIUM,False,
Harmonium,888.wav,harmonium,ISOLATED,Filepath heuristics,MEDIUM,False,
Harmonium,889.wav,harmonium,ISOLATED,Filepath heuristics,MEDIUM,False,
Harmonium,89.wav,harmonium,ISOLATED,Filepath heuristics,MEDIUM,False,
Harmonium,890.wav,harmonium,ISOLATED,Filepath heuristics,MEDIUM,False,
Harmonium,891.wav,harmonium,ISOLATED,Filepath heuristics,MEDIUM,False,
Harmonium,892.wav,harmonium,ISOLATED,Filepath heuristics,MEDIUM,False,
Harmonium,893.wav,harmonium,ISOLATED,Filepath heuristics,MEDIUM,False,
Harmonium,894.wav,harmonium,ISOLATED,Filepath heuristics,MEDIUM,False,
Harmonium,895.wav,harmonium,ISOLATED,Filepath heuristics,MEDIUM,False,
Harmonium,896.wav,harmonium,ISOLATED,Filepath heuristics,MEDIUM,False,
Harmonium,897.wav,harmonium,ISOLATED,Filepath heuristics,MEDIUM,False,
Harmonium,898.wav,harmonium,ISOLATED,Filepath heuristics,MEDIUM,False,
Harmonium,899.wav,harmonium,ISOLATED,Filepath heuristics,MEDIUM,False,
Harmonium,9.wav,harmonium,ISOLATED,Filepath heuristics,MEDIUM,False,
Harmonium,90.wav,harmonium,ISOLATED,Filepath heuristics,MEDIUM,False,
Harmonium,900.wav,harmonium,ISOLATED,Filepath heuristics,MEDIUM,False,
Harmonium,901.wav,harmonium,ISOLATED,Filepath heuristics,MEDIUM,False,
Harmonium,902.wav,harmonium,ISOLATED,Filepath heuristics,MEDIUM,False,
Harmonium,903.wav,harmonium,ISOLATED,Filepath heuristics,MEDIUM,False,
Harmonium,904.wav,harmonium,ISOLATED,Filepath heuristics,MEDIUM,False,
Harmonium,905.wav,harmonium,ISOLATED,Filepath heuristics,MEDIUM,False,
Harmonium,906.wav,harmonium,ISOLATED,Filepath heuristics,MEDIUM,False,
Harmonium,907.wav,harmonium,ISOLATED,Filepath heuristics,MEDIUM,False,
Harmonium,908.wav,harmonium,ISOLATED,Filepath heuristics,MEDIUM,False,
Harmonium,909.wav,harmonium,ISOLATED,Filepath heuristics,MEDIUM,False,
Harmonium,91.wav,harmonium,ISOLATED,Filepath heuristics,MEDIUM,False,
Harmonium,910.wav,harmonium,ISOLATED,Filepath heuristics,MEDIUM,False,
Harmonium,911.wav,harmonium,ISOLATED,Filepath heuristics,MEDIUM,False,
Harmonium,912.wav,harmonium,ISOLATED,Filepath heuristics,MEDIUM,False,
Harmonium,913.wav,harmonium,ISOLATED,Filepath heuristics,MEDIUM,False,
Harmonium,914.wav,harmonium,ISOLATED,Filepath heuristics,MEDIUM,False,
Harmonium,915.wav,harmonium,ISOLATED,Filepath heuristics,MEDIUM,False,
Harmonium,916.wav,harmonium,ISOLATED,Filepath heuristics,MEDIUM,False,
Harmonium,917.wav,harmonium,ISOLATED,Filepath heuristics,MEDIUM,False,
Harmonium,918.wav,harmonium,ISOLATED,Filepath heuristics,MEDIUM,False,
Harmonium,919.wav,harmonium,ISOLATED,Filepath heuristics,MEDIUM,False,
Harmonium,92.wav,harmonium,ISOLATED,Filepath heuristics,MEDIUM,False,
Harmonium,920.wav,harmonium,ISOLATED,Filepath heuristics,MEDIUM,False,
Harmonium,921.wav,harmonium,ISOLATED,Filepath heuristics,MEDIUM,False,
Harmonium,922.wav,harmonium,ISOLATED,Filepath heuristics,MEDIUM,False,
Harmonium,923.wav,harmonium,ISOLATED,Filepath heuristics,MEDIUM,False,
Harmonium,924.wav,harmonium,ISOLATED,Filepath heuristics,MEDIUM,False,
Harmonium,925.wav,harmonium,ISOLATED,Filepath heuristics,MEDIUM,False,
Harmonium,926.wav,harmonium,ISOLATED,Filepath heuristics,MEDIUM,False,
Harmonium,927.wav,harmonium,ISOLATED,Filepath heuristics,MEDIUM,False,
Harmonium,928.wav,harmonium,ISOLATED,Filepath heuristics,MEDIUM,False,
Harmonium,929.wav,harmonium,ISOLATED,Filepath heuristics,MEDIUM,False,
Harmonium,93.wav,harmonium,ISOLATED,Filepath heuristics,MEDIUM,False,
Harmonium,930.wav,harmonium,ISOLATED,Filepath heuristics,MEDIUM,False,
Harmonium,931.wav,harmonium,ISOLATED,Filepath heuristics,MEDIUM,False,
Harmonium,932.wav,harmonium,ISOLATED,Filepath heuristics,MEDIUM,False,
Harmonium,933.wav,harmonium,ISOLATED,Filepath heuristics,MEDIUM,False,
Harmonium,934.wav,harmonium,ISOLATED,Filepath heuristics,MEDIUM,False,
Harmonium,935.wav,harmonium,ISOLATED,Filepath heuristics,MEDIUM,False,
Harmonium,936.wav,harmonium,ISOLATED,Filepath heuristics,MEDIUM,False,
Harmonium,937.wav,harmonium,ISOLATED,Filepath heuristics,MEDIUM,False,
Harmonium,938.wav,harmonium,ISOLATED,Filepath heuristics,MEDIUM,False,
Harmonium,939.wav,harmonium,ISOLATED,Filepath heuristics,MEDIUM,False,
Harmonium,94.wav,harmonium,ISOLATED,Filepath heuristics,MEDIUM,False,
Harmonium,940.wav,harmonium,ISOLATED,Filepath heuristics,MEDIUM,False,
Harmonium,941.wav,harmonium,ISOLATED,Filepath heuristics,MEDIUM,False,
Harmonium,942.wav,harmonium,ISOLATED,Filepath heuristics,MEDIUM,False,
Harmonium,943.wav,harmonium,ISOLATED,Filepath heuristics,MEDIUM,False,
Harmonium,944.wav,harmonium,ISOLATED,Filepath heuristics,MEDIUM,False,
Harmonium,945.wav,harmonium,ISOLATED,Filepath heuristics,MEDIUM,False,
Harmonium,946.wav,harmonium,ISOLATED,Filepath heuristics,MEDIUM,False,
Harmonium,947.wav,harmonium,ISOLATED,Filepath heuristics,MEDIUM,False,
Harmonium,948.wav,harmonium,ISOLATED,Filepath heuristics,MEDIUM,False,
Harmonium,949.wav,harmonium,ISOLATED,Filepath heuristics,MEDIUM,False,
Harmonium,95.wav,harmonium,ISOLATED,Filepath heuristics,MEDIUM,False,
Harmonium,950.wav,harmonium,ISOLATED,Filepath heuristics,MEDIUM,False,
Harmonium,951.wav,harmonium,ISOLATED,Filepath heuristics,MEDIUM,False,
Harmonium,952.wav,harmonium,ISOLATED,Filepath heuristics,MEDIUM,False,
Harmonium,953.wav,harmonium,ISOLATED,Filepath heuristics,MEDIUM,False,
Harmonium,954.wav,harmonium,ISOLATED,Filepath heuristics,MEDIUM,False,
Harmonium,955.wav,harmonium,ISOLATED,Filepath heuristics,MEDIUM,False,
Harmonium,956.wav,harmonium,ISOLATED,Filepath heuristics,MEDIUM,False,
Harmonium,957.wav,harmonium,ISOLATED,Filepath heuristics,MEDIUM,False,
Harmonium,958.wav,harmonium,ISOLATED,Filepath heuristics,MEDIUM,False,
Harmonium,959.wav,harmonium,ISOLATED,Filepath heuristics,MEDIUM,False,
Harmonium,96.wav,harmonium,ISOLATED,Filepath heuristics,MEDIUM,False,
Harmonium,960.wav,harmonium,ISOLATED,Filepath heuristics,MEDIUM,False,
Harmonium,961.wav,harmonium,ISOLATED,Filepath heuristics,MEDIUM,False,
Harmonium,962.wav,harmonium,ISOLATED,Filepath heuristics,MEDIUM,False,
Harmonium,963.wav,harmonium,ISOLATED,Filepath heuristics,MEDIUM,False,
Harmonium,964.wav,harmonium,ISOLATED,Filepath heuristics,MEDIUM,False,
Harmonium,965.wav,harmonium,ISOLATED,Filepath heuristics,MEDIUM,False,
Harmonium,966.wav,harmonium,ISOLATED,Filepath heuristics,MEDIUM,False,
Harmonium,967.wav,harmonium,ISOLATED,Filepath heuristics,MEDIUM,False,
Harmonium,968.wav,harmonium,ISOLATED,Filepath heuristics,MEDIUM,False,
Harmonium,969.wav,harmonium,ISOLATED,Filepath heuristics,MEDIUM,False,
Harmonium,97.wav,harmonium,ISOLATED,Filepath heuristics,MEDIUM,False,
Harmonium,970.wav,harmonium,ISOLATED,Filepath heuristics,MEDIUM,False,
Harmonium,971.wav,harmonium,ISOLATED,Filepath heuristics,MEDIUM,False,
Harmonium,972.wav,harmonium,ISOLATED,Filepath heuristics,MEDIUM,False,
Harmonium,973.wav,harmonium,ISOLATED,Filepath heuristics,MEDIUM,False,
Harmonium,974.wav,harmonium,ISOLATED,Filepath heuristics,MEDIUM,False,
Harmonium,975.wav,harmonium,ISOLATED,Filepath heuristics,MEDIUM,False,
Harmonium,976.wav,harmonium,ISOLATED,Filepath heuristics,MEDIUM,False,
Harmonium,977.wav,harmonium,ISOLATED,Filepath heuristics,MEDIUM,False,
Harmonium,978.wav,harmonium,ISOLATED,Filepath heuristics,MEDIUM,False,
Harmonium,979.wav,harmonium,ISOLATED,Filepath heuristics,MEDIUM,False,
Harmonium,98.wav,harmonium,ISOLATED,Filepath heuristics,MEDIUM,False,
Harmonium,980.wav,harmonium,ISOLATED,Filepath heuristics,MEDIUM,False,
Harmonium,981.wav,harmonium,ISOLATED,Filepath heuristics,MEDIUM,False,
Harmonium,982.wav,harmonium,ISOLATED,Filepath heuristics,MEDIUM,False,
Harmonium,983.wav,harmonium,ISOLATED,Filepath heuristics,MEDIUM,False,
Harmonium,984.wav,harmonium,ISOLATED,Filepath heuristics,MEDIUM,False,
Harmonium,985.wav,harmonium,ISOLATED,Filepath heuristics,MEDIUM,False,
Harmonium,986.wav,harmonium,ISOLATED,Filepath heuristics,MEDIUM,False,
Harmonium,987.wav,harmonium,ISOLATED,Filepath heuristics,MEDIUM,False,
Harmonium,988.wav,harmonium,ISOLATED,Filepath heuristics,MEDIUM,False,
Harmonium,989.wav,harmonium,ISOLATED,Filepath heuristics,MEDIUM,False,
Harmonium,99.wav,harmonium,ISOLATED,Filepath heuristics,MEDIUM,False,
Harmonium,990.wav,harmonium,ISOLATED,Filepath heuristics,MEDIUM,False,
Harmonium,991.wav,harmonium,ISOLATED,Filepath heuristics,MEDIUM,False,
Harmonium,992.wav,harmonium,ISOLATED,Filepath heuristics,MEDIUM,False,
Harmonium,993.wav,harmonium,ISOLATED,Filepath heuristics,MEDIUM,False,
Harmonium,994.wav,harmonium,ISOLATED,Filepath heuristics,MEDIUM,False,
Harmonium,995.wav,harmonium,ISOLATED,Filepath heuristics,MEDIUM,False,
Harmonium,996.wav,harmonium,ISOLATED,Filepath heuristics,MEDIUM,False,
Harmonium,997.wav,harmonium,ISOLATED,Filepath heuristics,MEDIUM,False,
Harmonium,998.wav,harmonium,ISOLATED,Filepath heuristics,MEDIUM,False,
Harmonium,999.wav,harmonium,ISOLATED,Filepath heuristics,MEDIUM,False,
Dholak,Dholak Sample - 01.wav,dholak,ISOLATED,Filepath heuristics,MEDIUM,False,
Dholak,Dholak Sample - 02.wav,dholak,ISOLATED,Filepath heuristics,MEDIUM,False,
Dholak,Dholak Sample - 03.wav,dholak,ISOLATED,Filepath heuristics,MEDIUM,False,
Dholak,Dholak Sample - 04.wav,dholak,ISOLATED,Filepath heuristics,MEDIUM,False,
Dholak,Dholak Sample - 05.wav,dholak,ISOLATED,Filepath heuristics,MEDIUM,False,
Dholak,Dholak Sample - 06.wav,dholak,ISOLATED,Filepath heuristics,MEDIUM,False,
Dholak,Dholak Sample - 07.wav,dholak,ISOLATED,Filepath heuristics,MEDIUM,False,
Dholak,Dholak Sample - 08.wav,dholak,ISOLATED,Filepath heuristics,MEDIUM,False,
Dholak,Dholak Sample - 09.wav,dholak,ISOLATED,Filepath heuristics,MEDIUM,False,
Dholak,Dholak Sample - 10.wav,dholak,ISOLATED,Filepath heuristics,MEDIUM,False,
Dholak,Dholak Sample - 11.wav,dholak,ISOLATED,Filepath heuristics,MEDIUM,False,
Dholak,Dholak Sample - 12.wav,dholak,ISOLATED,Filepath heuristics,MEDIUM,False,
Dholak,Dholak Sample - 13.wav,dholak,ISOLATED,Filepath heuristics,MEDIUM,False,
Dholak,Dholak Sample - 14.wav,dholak,ISOLATED,Filepath heuristics,MEDIUM,False,
Dholak,Dholak Sample - 15.wav,dholak,ISOLATED,Filepath heuristics,MEDIUM,False,
Dholak,Dholak Sample - 16.wav,dholak,ISOLATED,Filepath heuristics,MEDIUM,False,
Dholak,Dholak Sample - 17.wav,dholak,ISOLATED,Filepath heuristics,MEDIUM,False,
Dholak,Dholak Sample - 18.wav,dholak,ISOLATED,Filepath heuristics,MEDIUM,False,
Dholak,Dholak Sample - 19.wav,dholak,ISOLATED,Filepath heuristics,MEDIUM,False,
Dholak,Dholak Sample - 20.wav,dholak,ISOLATED,Filepath heuristics,MEDIUM,False,
Dholak,Dholak Sample - 21.wav,dholak,ISOLATED,Filepath heuristics,MEDIUM,False,
Dholak,Dholak Sample - 22.wav,dholak,ISOLATED,Filepath heuristics,MEDIUM,False,
Dholak,Dholak Sample - 23.wav,dholak,ISOLATED,Filepath heuristics,MEDIUM,False,
Dholak,Dholak Sample - 24.wav,dholak,ISOLATED,Filepath heuristics,MEDIUM,False,
Dholak,Dholak Sample - 25.wav,dholak,ISOLATED,Filepath heuristics,MEDIUM,False,
Dholak,Dholak Sample - 26.wav,dholak,ISOLATED,Filepath heuristics,MEDIUM,True,
Dholak,Dholak Sample - 27.wav,dholak,ISOLATED,Filepath heuristics,MEDIUM,False,
Dholak,Dholak Sample - 28.wav,dholak,ISOLATED,Filepath heuristics,MEDIUM,False,
Dholak,Dholak Sample - 29.wav,dholak,ISOLATED,Filepath heuristics,MEDIUM,False,
Dholak,Dholak Sample - 30.wav,dholak,ISOLATED,Filepath heuristics,MEDIUM,False,
Dholak,Dholak Sample - 31.wav,dholak,ISOLATED,Filepath heuristics,MEDIUM,False,
Dholak,Dholak Sample - 32.wav,dholak,ISOLATED,Filepath heuristics,MEDIUM,False,
Dholak,Dholak Sample - 33.wav,dholak,ISOLATED,Filepath heuristics,MEDIUM,False,
Dholak,Dholak Sample - 34.wav,dholak,ISOLATED,Filepath heuristics,MEDIUM,False,
Dholak,Dholak Sample - 35.wav,dholak,ISOLATED,Filepath heuristics,MEDIUM,False,
Dholak,Dholak Sample - 36.wav,dholak,ISOLATED,Filepath heuristics,MEDIUM,False,
Dholak,Dholak Sample - 37.wav,dholak,ISOLATED,Filepath heuristics,MEDIUM,False,
Dholak,Dholak Sample - 38.wav,dholak,ISOLATED,Filepath heuristics,MEDIUM,False,
Dholak,Dholak Sample - 39.wav,dholak,ISOLATED,Filepath heuristics,MEDIUM,False,
Dholak,Dholak Sample - 40.wav,dholak,ISOLATED,Filepath heuristics,MEDIUM,False,
Dholak,Dholak Sample - 41.wav,dholak,ISOLATED,Filepath heuristics,MEDIUM,False,
Dholak,Dholak Sample - 42.wav,dholak,ISOLATED,Filepath heuristics,MEDIUM,False,
Dholak,Dholak Sample - 43.wav,dholak,ISOLATED,Filepath heuristics,MEDIUM,False,
Dholak,Dholak Sample - 44.wav,dholak,ISOLATED,Filepath heuristics,MEDIUM,False,
Dholak,Dholak Sample - 45.wav,dholak,ISOLATED,Filepath heuristics,MEDIUM,False,
Dholak,Dholak Sample - 46.wav,dholak,ISOLATED,Filepath heuristics,MEDIUM,False,
Dholak,Dholak Sample - 47.wav,dholak,ISOLATED,Filepath heuristics,MEDIUM,False,
Dholak,Dholak Sample - 48.wav,dholak,ISOLATED,Filepath heuristics,MEDIUM,False,
Dholak,Dholak Sample - 49.wav,dholak,ISOLATED,Filepath heuristics,MEDIUM,False,
Dholak,Dholak Sample - 50.wav,dholak,ISOLATED,Filepath heuristics,MEDIUM,False,
Dholak,Dholak Sample - 51.wav,dholak,ISOLATED,Filepath heuristics,MEDIUM,False,
Dholak,Dholak Sample - 52.wav,dholak,ISOLATED,Filepath heuristics,MEDIUM,False,
Dholak,Dholak Sample - 53.wav,dholak,ISOLATED,Filepath heuristics,MEDIUM,False,
Dholak,Dholak Sample - 54.wav,dholak,ISOLATED,Filepath heuristics,MEDIUM,False,
Dholak,Dholak Sample - 55.wav,dholak,ISOLATED,Filepath heuristics,MEDIUM,False,
Tabla,addhatrital01.wav,tabla,ISOLATED,Filepath heuristics,MEDIUM,False,
Tabla,addhatrital02.wav,tabla,ISOLATED,Filepath heuristics,MEDIUM,False,
Tabla,addhatrital03.wav,tabla,ISOLATED,Filepath heuristics,MEDIUM,False,
Tabla,addhatrital04.wav,tabla,ISOLATED,Filepath heuristics,MEDIUM,False,
Tabla,addhatrital05.wav,tabla,ISOLATED,Filepath heuristics,MEDIUM,False,
Tabla,addhatrital06.wav,tabla,ISOLATED,Filepath heuristics,MEDIUM,False,
Tabla,addhatrital07.wav,tabla,ISOLATED,Filepath heuristics,MEDIUM,False,
Tabla,addhatrital08.wav,tabla,ISOLATED,Filepath heuristics,MEDIUM,False,
Tabla,addhatrital09.wav,tabla,ISOLATED,Filepath heuristics,MEDIUM,False,
Tabla,addhatrital10.wav,tabla,ISOLATED,Filepath heuristics,MEDIUM,False,
Tabla,addhatrital11.wav,tabla,ISOLATED,Filepath heuristics,MEDIUM,False,
Tabla,addhatrital12.wav,tabla,ISOLATED,Filepath heuristics,MEDIUM,False,
Tabla,addhatrital13.wav,tabla,ISOLATED,Filepath heuristics,MEDIUM,False,
Tabla,addhatrital14.wav,tabla,ISOLATED,Filepath heuristics,MEDIUM,False,
Tabla,addhatrital15.wav,tabla,ISOLATED,Filepath heuristics,MEDIUM,False,
Tabla,addhatrital16.wav,tabla,ISOLATED,Filepath heuristics,MEDIUM,False,
Tabla,addhatrital17.wav,tabla,ISOLATED,Filepath heuristics,MEDIUM,False,
Tabla,addhatrital18.wav,tabla,ISOLATED,Filepath heuristics,MEDIUM,False,
Tabla,addhatrital19.wav,tabla,ISOLATED,Filepath heuristics,MEDIUM,False,
Tabla,addhatrital20.wav,tabla,ISOLATED,Filepath heuristics,MEDIUM,False,
Tabla,addhatrital21.wav,tabla,ISOLATED,Filepath heuristics,MEDIUM,False,
Tabla,addhatrital22.wav,tabla,ISOLATED,Filepath heuristics,MEDIUM,False,
Tabla,addhatrital23.wav,tabla,ISOLATED,Filepath heuristics,MEDIUM,False,
Tabla,addhatrital24.wav,tabla,ISOLATED,Filepath heuristics,MEDIUM,False,
Tabla,addhatrital25.wav,tabla,ISOLATED,Filepath heuristics,MEDIUM,False,
Tabla,addhatrital26.wav,tabla,ISOLATED,Filepath heuristics,MEDIUM,False,
Tabla,addhatrital27.wav,tabla,ISOLATED,Filepath heuristics,MEDIUM,False,
Tabla,addhatrital28.wav,tabla,ISOLATED,Filepath heuristics,MEDIUM,False,
Tabla,addhatrital29.wav,tabla,ISOLATED,Filepath heuristics,MEDIUM,False,
Tabla,addhatrital30.wav,tabla,ISOLATED,Filepath heuristics,MEDIUM,False,
Tabla,addhatrital31.wav,tabla,ISOLATED,Filepath heuristics,MEDIUM,False,
Tabla,addhatrital32.wav,tabla,ISOLATED,Filepath heuristics,MEDIUM,False,
Tabla,addhatrital33.wav,tabla,ISOLATED,Filepath heuristics,MEDIUM,False,
Tabla,addhatrital34.wav,tabla,ISOLATED,Filepath heuristics,MEDIUM,False,
Tabla,addhatrital35.wav,tabla,ISOLATED,Filepath heuristics,MEDIUM,False,
Tabla,addhatrital36.wav,tabla,ISOLATED,Filepath heuristics,MEDIUM,False,
Tabla,addhatrital37.wav,tabla,ISOLATED,Filepath heuristics,MEDIUM,False,
Tabla,addhatrital38.wav,tabla,ISOLATED,Filepath heuristics,MEDIUM,False,
Tabla,addhatrital39.wav,tabla,ISOLATED,Filepath heuristics,MEDIUM,False,
Tabla,addhatrital40.wav,tabla,ISOLATED,Filepath heuristics,MEDIUM,False,
Tabla,addhatrital41.wav,tabla,ISOLATED,Filepath heuristics,MEDIUM,False,
Tabla,addhatrital42.wav,tabla,ISOLATED,Filepath heuristics,MEDIUM,False,
Tabla,addhatrital43.wav,tabla,ISOLATED,Filepath heuristics,MEDIUM,False,
Tabla,addhatrital44.wav,tabla,ISOLATED,Filepath heuristics,MEDIUM,False,
Tabla,addhatrital45.wav,tabla,ISOLATED,Filepath heuristics,MEDIUM,False,
Tabla,addhatrital46.wav,tabla,ISOLATED,Filepath heuristics,MEDIUM,False,
Tabla,addhatrital47.wav,tabla,ISOLATED,Filepath heuristics,MEDIUM,False,
Tabla,addhatrital48.wav,tabla,ISOLATED,Filepath heuristics,MEDIUM,False,
Tabla,addhatrital49.wav,tabla,ISOLATED,Filepath heuristics,MEDIUM,False,
Tabla,addhatrital50.wav,tabla,ISOLATED,Filepath heuristics,MEDIUM,False,
Tabla,addhatrital51.wav,tabla,ISOLATED,Filepath heuristics,MEDIUM,False,
Tabla,addhatrital52.wav,tabla,ISOLATED,Filepath heuristics,MEDIUM,False,
Tabla,addhatrital53.wav,tabla,ISOLATED,Filepath heuristics,MEDIUM,False,
Tabla,addhatrital54.wav,tabla,ISOLATED,Filepath heuristics,MEDIUM,False,
Tabla,addhatrital55.wav,tabla,ISOLATED,Filepath heuristics,MEDIUM,False,
Tabla,addhatrital56.wav,tabla,ISOLATED,Filepath heuristics,MEDIUM,False,
Tabla,addhatrital57.wav,tabla,ISOLATED,Filepath heuristics,MEDIUM,False,
Tabla,addhatrital58.wav,tabla,ISOLATED,Filepath heuristics,MEDIUM,False,
Tabla,addhatrital59.wav,tabla,ISOLATED,Filepath heuristics,MEDIUM,False,
Tabla,addhatrital60.wav,tabla,ISOLATED,Filepath heuristics,MEDIUM,False,
Tabla,addhatrital61.wav,tabla,ISOLATED,Filepath heuristics,MEDIUM,False,
Tabla,addhatrital62.wav,tabla,ISOLATED,Filepath heuristics,MEDIUM,False,
Tabla,addhatrital63.wav,tabla,ISOLATED,Filepath heuristics,MEDIUM,False,
Tabla,addhatrital64.wav,tabla,ISOLATED,Filepath heuristics,MEDIUM,False,
Tabla,addhatrital65.wav,tabla,ISOLATED,Filepath heuristics,MEDIUM,False,
Tabla,addhatrital66.wav,tabla,ISOLATED,Filepath heuristics,MEDIUM,False,
Tabla,addhatrital67.wav,tabla,ISOLATED,Filepath heuristics,MEDIUM,False,
Tabla,addhatrital68.wav,tabla,ISOLATED,Filepath heuristics,MEDIUM,False,
Tabla,addhatrital69.wav,tabla,ISOLATED,Filepath heuristics,MEDIUM,False,
Tabla,addhatrital70.wav,tabla,ISOLATED,Filepath heuristics,MEDIUM,False,
Tabla,addhatrital71.wav,tabla,ISOLATED,Filepath heuristics,MEDIUM,False,
Tabla,addhatrital72.wav,tabla,ISOLATED,Filepath heuristics,MEDIUM,False,
Tabla,addhatrital73.wav,tabla,ISOLATED,Filepath heuristics,MEDIUM,False,
Tabla,addhatrital74.wav,tabla,ISOLATED,Filepath heuristics,MEDIUM,False,
Tabla,addhatrital75.wav,tabla,ISOLATED,Filepath heuristics,MEDIUM,False,
Tabla,addhatrital76.wav,tabla,ISOLATED,Filepath heuristics,MEDIUM,False,
Tabla,addhatrital77.wav,tabla,ISOLATED,Filepath heuristics,MEDIUM,False,
Tabla,addhatrital78.wav,tabla,ISOLATED,Filepath heuristics,MEDIUM,False,
Tabla,bhajani01.wav,tabla,ISOLATED,Filepath heuristics,MEDIUM,False,
Tabla,bhajani02.wav,tabla,ISOLATED,Filepath heuristics,MEDIUM,False,
Tabla,bhajani03.wav,tabla,ISOLATED,Filepath heuristics,MEDIUM,False,
Tabla,bhajani04.wav,tabla,ISOLATED,Filepath heuristics,MEDIUM,False,
Tabla,bhajani05.wav,tabla,ISOLATED,Filepath heuristics,MEDIUM,False,
Tabla,bhajani06.wav,tabla,ISOLATED,Filepath heuristics,MEDIUM,False,
Tabla,bhajani07.wav,tabla,ISOLATED,Filepath heuristics,MEDIUM,False,
Tabla,bhajani08.wav,tabla,ISOLATED,Filepath heuristics,MEDIUM,False,
Tabla,bhajani09.wav,tabla,ISOLATED,Filepath heuristics,MEDIUM,False,
Tabla,bhajani10.wav,tabla,ISOLATED,Filepath heuristics,MEDIUM,False,
Tabla,bhajani11.wav,tabla,ISOLATED,Filepath heuristics,MEDIUM,False,
Tabla,bhajani12.wav,tabla,ISOLATED,Filepath heuristics,MEDIUM,False,
Tabla,bhajani13.wav,tabla,ISOLATED,Filepath heuristics,MEDIUM,False,
Tabla,bhajani14.wav,tabla,ISOLATED,Filepath heuristics,MEDIUM,False,
Tabla,bhajani15.wav,tabla,ISOLATED,Filepath heuristics,MEDIUM,False,
Tabla,bhajani16.wav,tabla,ISOLATED,Filepath heuristics,MEDIUM,False,
Tabla,bhajani17.wav,tabla,ISOLATED,Filepath heuristics,MEDIUM,False,
Tabla,bhajani18.wav,tabla,ISOLATED,Filepath heuristics,MEDIUM,False,
Tabla,bhajani19.wav,tabla,ISOLATED,Filepath heuristics,MEDIUM,False,
Tabla,bhajani20.wav,tabla,ISOLATED,Filepath heuristics,MEDIUM,False,
Tabla,bhajani21.wav,tabla,ISOLATED,Filepath heuristics,MEDIUM,False,
Tabla,bhajani22.wav,tabla,ISOLATED,Filepath heuristics,MEDIUM,False,
Tabla,bhajani23.wav,tabla,ISOLATED,Filepath heuristics,MEDIUM,False,
Tabla,bhajani24.wav,tabla,ISOLATED,Filepath heuristics,MEDIUM,False,
Tabla,bhajani25.wav,tabla,ISOLATED,Filepath heuristics,MEDIUM,False,
Tabla,bhajani26.wav,tabla,ISOLATED,Filepath heuristics,MEDIUM,False,
Tabla,bhajani27.wav,tabla,ISOLATED,Filepath heuristics,MEDIUM,False,
Tabla,bhajani28.wav,tabla,ISOLATED,Filepath heuristics,MEDIUM,False,
Tabla,bhajani29.wav,tabla,ISOLATED,Filepath heuristics,MEDIUM,False,
Tabla,bhajani30.wav,tabla,ISOLATED,Filepath heuristics,MEDIUM,False,
Tabla,bhajani31.wav,tabla,ISOLATED,Filepath heuristics,MEDIUM,False,
Tabla,bhajani32.wav,tabla,ISOLATED,Filepath heuristics,MEDIUM,False,
Tabla,bhajani33.wav,tabla,ISOLATED,Filepath heuristics,MEDIUM,False,
Tabla,bhajani34.wav,tabla,ISOLATED,Filepath heuristics,MEDIUM,False,
Tabla,bhajani35.wav,tabla,ISOLATED,Filepath heuristics,MEDIUM,False,
Tabla,bhajani36.wav,tabla,ISOLATED,Filepath heuristics,MEDIUM,False,
Tabla,bhajani37.wav,tabla,ISOLATED,Filepath heuristics,MEDIUM,False,
Tabla,bhajani38.wav,tabla,ISOLATED,Filepath heuristics,MEDIUM,False,
Tabla,bhajani39.wav,tabla,ISOLATED,Filepath heuristics,MEDIUM,False,
Tabla,bhajani40.wav,tabla,ISOLATED,Filepath heuristics,MEDIUM,False,
Tabla,bhajani41.wav,tabla,ISOLATED,Filepath heuristics,MEDIUM,False,
Tabla,bhajani42.wav,tabla,ISOLATED,Filepath heuristics,MEDIUM,False,
Tabla,bhajani43.wav,tabla,ISOLATED,Filepath heuristics,MEDIUM,False,
Tabla,bhajani44.wav,tabla,ISOLATED,Filepath heuristics,MEDIUM,False,
Tabla,bhajani45.wav,tabla,ISOLATED,Filepath heuristics,MEDIUM,False,
Tabla,bhajani46.wav,tabla,ISOLATED,Filepath heuristics,MEDIUM,False,
Tabla,bhajani47.wav,tabla,ISOLATED,Filepath heuristics,MEDIUM,False,
Tabla,bhajani48.wav,tabla,ISOLATED,Filepath heuristics,MEDIUM,False,
Tabla,bhajani49.wav,tabla,ISOLATED,Filepath heuristics,MEDIUM,False,
Tabla,bhajani50.wav,tabla,ISOLATED,Filepath heuristics,MEDIUM,False,
Tabla,bhajani51.wav,tabla,ISOLATED,Filepath heuristics,MEDIUM,False,
Tabla,bhajani52.wav,tabla,ISOLATED,Filepath heuristics,MEDIUM,False,
Tabla,bhajani53.wav,tabla,ISOLATED,Filepath heuristics,MEDIUM,False,
Tabla,bhajani54.wav,tabla,ISOLATED,Filepath heuristics,MEDIUM,False,
Tabla,bhajani55.wav,tabla,ISOLATED,Filepath heuristics,MEDIUM,False,
Tabla,bhajani56.wav,tabla,ISOLATED,Filepath heuristics,MEDIUM,False,
Tabla,bhajani57.wav,tabla,ISOLATED,Filepath heuristics,MEDIUM,False,
Tabla,bhajani58.wav,tabla,ISOLATED,Filepath heuristics,MEDIUM,False,
Tabla,bhajani59.wav,tabla,ISOLATED,Filepath heuristics,MEDIUM,False,
Tabla,bhajani60.wav,tabla,ISOLATED,Filepath heuristics,MEDIUM,False,
Tabla,bhajani61.wav,tabla,ISOLATED,Filepath heuristics,MEDIUM,False,
Tabla,bhajani62.wav,tabla,ISOLATED,Filepath heuristics,MEDIUM,False,
Tabla,bhajani63.wav,tabla,ISOLATED,Filepath heuristics,MEDIUM,False,
Tabla,bhajani64.wav,tabla,ISOLATED,Filepath heuristics,MEDIUM,False,
Tabla,bhajani65.wav,tabla,ISOLATED,Filepath heuristics,MEDIUM,False,
Tabla,bhajani66.wav,tabla,ISOLATED,Filepath heuristics,MEDIUM,False,
Tabla,bhajani67.wav,tabla,ISOLATED,Filepath heuristics,MEDIUM,False,
Tabla,bhajani68.wav,tabla,ISOLATED,Filepath heuristics,MEDIUM,False,
Tabla,bhajani69.wav,tabla,ISOLATED,Filepath heuristics,MEDIUM,False,
Tabla,bhajani70.wav,tabla,ISOLATED,Filepath heuristics,MEDIUM,False,
Tabla,bhajani71.wav,tabla,ISOLATED,Filepath heuristics,MEDIUM,False,
Tabla,bhajani72.wav,tabla,ISOLATED,Filepath heuristics,MEDIUM,False,
Tabla,dadra01.wav,tabla,ISOLATED,Filepath heuristics,MEDIUM,False,
Tabla,dadra02.wav,tabla,ISOLATED,Filepath heuristics,MEDIUM,False,
Tabla,dadra03.wav,tabla,ISOLATED,Filepath heuristics,MEDIUM,False,
Tabla,dadra04.wav,tabla,ISOLATED,Filepath heuristics,MEDIUM,False,
Tabla,dadra05.wav,tabla,ISOLATED,Filepath heuristics,MEDIUM,False,
Tabla,dadra06.wav,tabla,ISOLATED,Filepath heuristics,MEDIUM,False,
Tabla,dadra07.wav,tabla,ISOLATED,Filepath heuristics,MEDIUM,False,
Tabla,dadra08.wav,tabla,ISOLATED,Filepath heuristics,MEDIUM,False,
Tabla,dadra09.wav,tabla,ISOLATED,Filepath heuristics,MEDIUM,False,
Tabla,dadra10.wav,tabla,ISOLATED,Filepath heuristics,MEDIUM,False,
Tabla,dadra11.wav,tabla,ISOLATED,Filepath heuristics,MEDIUM,False,
Tabla,dadra12.wav,tabla,ISOLATED,Filepath heuristics,MEDIUM,False,
Tabla,dadra13.wav,tabla,ISOLATED,Filepath heuristics,MEDIUM,False,
Tabla,dadra14.wav,tabla,ISOLATED,Filepath heuristics,MEDIUM,False,
Tabla,dadra15.wav,tabla,ISOLATED,Filepath heuristics,MEDIUM,False,
Tabla,dadra16.wav,tabla,ISOLATED,Filepath heuristics,MEDIUM,False,
Tabla,dadra17.wav,tabla,ISOLATED,Filepath heuristics,MEDIUM,False,
Tabla,dadra18.wav,tabla,ISOLATED,Filepath heuristics,MEDIUM,False,
Tabla,dadra19.wav,tabla,ISOLATED,Filepath heuristics,MEDIUM,False,
Tabla,dadra20.wav,tabla,ISOLATED,Filepath heuristics,MEDIUM,False,
Tabla,dadra21.wav,tabla,ISOLATED,Filepath heuristics,MEDIUM,False,
Tabla,dadra22.wav,tabla,ISOLATED,Filepath heuristics,MEDIUM,False,
Tabla,dadra23.wav,tabla,ISOLATED,Filepath heuristics,MEDIUM,False,
Tabla,dadra24.wav,tabla,ISOLATED,Filepath heuristics,MEDIUM,False,
Tabla,dadra25.wav,tabla,ISOLATED,Filepath heuristics,MEDIUM,False,
Tabla,dadra26.wav,tabla,ISOLATED,Filepath heuristics,MEDIUM,False,
Tabla,dadra27.wav,tabla,ISOLATED,Filepath heuristics,MEDIUM,False,
Tabla,dadra28.wav,tabla,ISOLATED,Filepath heuristics,MEDIUM,False,
Tabla,dadra29.wav,tabla,ISOLATED,Filepath heuristics,MEDIUM,False,
Tabla,dadra30.wav,tabla,ISOLATED,Filepath heuristics,MEDIUM,False,
Tabla,dadra31.wav,tabla,ISOLATED,Filepath heuristics,MEDIUM,False,
Tabla,dadra32.wav,tabla,ISOLATED,Filepath heuristics,MEDIUM,False,
Tabla,dadra33.wav,tabla,ISOLATED,Filepath heuristics,MEDIUM,False,
Tabla,dadra34.wav,tabla,ISOLATED,Filepath heuristics,MEDIUM,False,
Tabla,dadra35.wav,tabla,ISOLATED,Filepath heuristics,MEDIUM,False,
Tabla,dadra36.wav,tabla,ISOLATED,Filepath heuristics,MEDIUM,False,
Tabla,dadra37.wav,tabla,ISOLATED,Filepath heuristics,MEDIUM,False,
Tabla,dadra38.wav,tabla,ISOLATED,Filepath heuristics,MEDIUM,False,
Tabla,dadra39.wav,tabla,ISOLATED,Filepath heuristics,MEDIUM,False,
Tabla,dadra40.wav,tabla,ISOLATED,Filepath heuristics,MEDIUM,False,
Tabla,dadra41.wav,tabla,ISOLATED,Filepath heuristics,MEDIUM,False,
Tabla,dadra42.wav,tabla,ISOLATED,Filepath heuristics,MEDIUM,False,
Tabla,dadra43.wav,tabla,ISOLATED,Filepath heuristics,MEDIUM,False,
Tabla,dadra44.wav,tabla,ISOLATED,Filepath heuristics,MEDIUM,False,
Tabla,dadra45.wav,tabla,ISOLATED,Filepath heuristics,MEDIUM,False,
Tabla,dadra46.wav,tabla,ISOLATED,Filepath heuristics,MEDIUM,False,
Tabla,dadra47.wav,tabla,ISOLATED,Filepath heuristics,MEDIUM,False,
Tabla,dadra48.wav,tabla,ISOLATED,Filepath heuristics,MEDIUM,False,
Tabla,dadra49.wav,tabla,ISOLATED,Filepath heuristics,MEDIUM,False,
Tabla,dadra50.wav,tabla,ISOLATED,Filepath heuristics,MEDIUM,False,
Tabla,dadra51.wav,tabla,ISOLATED,Filepath heuristics,MEDIUM,False,
Tabla,dadra52.wav,tabla,ISOLATED,Filepath heuristics,MEDIUM,False,
Tabla,dadra53.wav,tabla,ISOLATED,Filepath heuristics,MEDIUM,False,
Tabla,dadra54.wav,tabla,ISOLATED,Filepath heuristics,MEDIUM,False,
Tabla,dadra55.wav,tabla,ISOLATED,Filepath heuristics,MEDIUM,False,
Tabla,dadra56.wav,tabla,ISOLATED,Filepath heuristics,MEDIUM,False,
Tabla,dadra57.wav,tabla,ISOLATED,Filepath heuristics,MEDIUM,False,
Tabla,dadra58.wav,tabla,ISOLATED,Filepath heuristics,MEDIUM,False,
Tabla,dadra59.wav,tabla,ISOLATED,Filepath heuristics,MEDIUM,False,
Tabla,dadra60.wav,tabla,ISOLATED,Filepath heuristics,MEDIUM,False,
Tabla,dadra61.wav,tabla,ISOLATED,Filepath heuristics,MEDIUM,False,
Tabla,dadra62.wav,tabla,ISOLATED,Filepath heuristics,MEDIUM,False,
Tabla,dadra63.wav,tabla,ISOLATED,Filepath heuristics,MEDIUM,False,
Tabla,dadra64.wav,tabla,ISOLATED,Filepath heuristics,MEDIUM,False,
Tabla,dadra65.wav,tabla,ISOLATED,Filepath heuristics,MEDIUM,False,
Tabla,dadra66.wav,tabla,ISOLATED,Filepath heuristics,MEDIUM,False,
Tabla,dadra67.wav,tabla,ISOLATED,Filepath heuristics,MEDIUM,False,
Tabla,dadra68.wav,tabla,ISOLATED,Filepath heuristics,MEDIUM,False,
Tabla,dadra69.wav,tabla,ISOLATED,Filepath heuristics,MEDIUM,False,
Tabla,dadra70.wav,tabla,ISOLATED,Filepath heuristics,MEDIUM,False,
Tabla,dadra71.wav,tabla,ISOLATED,Filepath heuristics,MEDIUM,False,
Tabla,dadra72.wav,tabla,ISOLATED,Filepath heuristics,MEDIUM,False,
Tabla,deepchandi01.wav,tabla,ISOLATED,Filepath heuristics,MEDIUM,False,
Tabla,deepchandi02.wav,tabla,ISOLATED,Filepath heuristics,MEDIUM,False,
Tabla,deepchandi03.wav,tabla,ISOLATED,Filepath heuristics,MEDIUM,False,
Tabla,deepchandi04.wav,tabla,ISOLATED,Filepath heuristics,MEDIUM,False,
Tabla,deepchandi05.wav,tabla,ISOLATED,Filepath heuristics,MEDIUM,False,
Tabla,deepchandi06.wav,tabla,ISOLATED,Filepath heuristics,MEDIUM,False,
Tabla,deepchandi07.wav,tabla,ISOLATED,Filepath heuristics,MEDIUM,False,
Tabla,deepchandi08.wav,tabla,ISOLATED,Filepath heuristics,MEDIUM,False,
Tabla,deepchandi09.wav,tabla,ISOLATED,Filepath heuristics,MEDIUM,False,
Tabla,deepchandi10.wav,tabla,ISOLATED,Filepath heuristics,MEDIUM,False,
Tabla,deepchandi11.wav,tabla,ISOLATED,Filepath heuristics,MEDIUM,False,
Tabla,deepchandi12.wav,tabla,ISOLATED,Filepath heuristics,MEDIUM,False,
Tabla,deepchandi13.wav,tabla,ISOLATED,Filepath heuristics,MEDIUM,False,
Tabla,deepchandi14.wav,tabla,ISOLATED,Filepath heuristics,MEDIUM,False,
Tabla,deepchandi15.wav,tabla,ISOLATED,Filepath heuristics,MEDIUM,False,
Tabla,deepchandi16.wav,tabla,ISOLATED,Filepath heuristics,MEDIUM,False,
Tabla,deepchandi17.wav,tabla,ISOLATED,Filepath heuristics,MEDIUM,False,
Tabla,deepchandi18.wav,tabla,ISOLATED,Filepath heuristics,MEDIUM,False,
Tabla,deepchandi19.wav,tabla,ISOLATED,Filepath heuristics,MEDIUM,False,
Tabla,deepchandi20.wav,tabla,ISOLATED,Filepath heuristics,MEDIUM,False,
Tabla,deepchandi21.wav,tabla,ISOLATED,Filepath heuristics,MEDIUM,False,
Tabla,deepchandi22.wav,tabla,ISOLATED,Filepath heuristics,MEDIUM,False,
Tabla,deepchandi23.wav,tabla,ISOLATED,Filepath heuristics,MEDIUM,False,
Tabla,deepchandi24.wav,tabla,ISOLATED,Filepath heuristics,MEDIUM,False,
Tabla,deepchandi25.wav,tabla,ISOLATED,Filepath heuristics,MEDIUM,False,
Tabla,deepchandi26.wav,tabla,ISOLATED,Filepath heuristics,MEDIUM,False,
Tabla,deepchandi27.wav,tabla,ISOLATED,Filepath heuristics,MEDIUM,False,
Tabla,deepchandi28.wav,tabla,ISOLATED,Filepath heuristics,MEDIUM,False,
Tabla,deepchandi29.wav,tabla,ISOLATED,Filepath heuristics,MEDIUM,False,
Tabla,deepchandi30.wav,tabla,ISOLATED,Filepath heuristics,MEDIUM,False,
Tabla,deepchandi31.wav,tabla,ISOLATED,Filepath heuristics,MEDIUM,False,
Tabla,deepchandi32.wav,tabla,ISOLATED,Filepath heuristics,MEDIUM,False,
Tabla,deepchandi33.wav,tabla,ISOLATED,Filepath heuristics,MEDIUM,False,
Tabla,deepchandi34.wav,tabla,ISOLATED,Filepath heuristics,MEDIUM,False,
Tabla,deepchandi35.wav,tabla,ISOLATED,Filepath heuristics,MEDIUM,False,
Tabla,deepchandi36.wav,tabla,ISOLATED,Filepath heuristics,MEDIUM,False,
Tabla,deepchandi37.wav,tabla,ISOLATED,Filepath heuristics,MEDIUM,False,
Tabla,deepchandi38.wav,tabla,ISOLATED,Filepath heuristics,MEDIUM,False,
Tabla,deepchandi39.wav,tabla,ISOLATED,Filepath heuristics,MEDIUM,False,
Tabla,deepchandi40.wav,tabla,ISOLATED,Filepath heuristics,MEDIUM,False,
Tabla,deepchandi41.wav,tabla,ISOLATED,Filepath heuristics,MEDIUM,False,
Tabla,deepchandi42.wav,tabla,ISOLATED,Filepath heuristics,MEDIUM,False,
Tabla,deepchandi43.wav,tabla,ISOLATED,Filepath heuristics,MEDIUM,False,
Tabla,deepchandi44.wav,tabla,ISOLATED,Filepath heuristics,MEDIUM,False,
Tabla,deepchandi45.wav,tabla,ISOLATED,Filepath heuristics,MEDIUM,False,
Tabla,deepchandi46.wav,tabla,ISOLATED,Filepath heuristics,MEDIUM,False,
Tabla,deepchandi47.wav,tabla,ISOLATED,Filepath heuristics,MEDIUM,False,
Tabla,deepchandi48.wav,tabla,ISOLATED,Filepath heuristics,MEDIUM,False,
Tabla,deepchandi49.wav,tabla,ISOLATED,Filepath heuristics,MEDIUM,False,
Tabla,deepchandi50.wav,tabla,ISOLATED,Filepath heuristics,MEDIUM,False,
Tabla,deepchandi51.wav,tabla,ISOLATED,Filepath heuristics,MEDIUM,False,
Tabla,deepchandi52.wav,tabla,ISOLATED,Filepath heuristics,MEDIUM,False,
Tabla,deepchandi53.wav,tabla,ISOLATED,Filepath heuristics,MEDIUM,False,
Tabla,deepchandi54.wav,tabla,ISOLATED,Filepath heuristics,MEDIUM,False,
Tabla,deepchandi55.wav,tabla,ISOLATED,Filepath heuristics,MEDIUM,False,
Tabla,deepchandi56.wav,tabla,ISOLATED,Filepath heuristics,MEDIUM,False,
Tabla,deepchandi57.wav,tabla,ISOLATED,Filepath heuristics,MEDIUM,False,
Tabla,deepchandi58.wav,tabla,ISOLATED,Filepath heuristics,MEDIUM,False,
Tabla,deepchandi59.wav,tabla,ISOLATED,Filepath heuristics,MEDIUM,False,
Tabla,deepchandi60.wav,tabla,ISOLATED,Filepath heuristics,MEDIUM,False,
Tabla,ektal01.wav,tabla,ISOLATED,Filepath heuristics,MEDIUM,False,
Tabla,ektal02.wav,tabla,ISOLATED,Filepath heuristics,MEDIUM,False,
Tabla,ektal03.wav,tabla,ISOLATED,Filepath heuristics,MEDIUM,False,
Tabla,ektal04.wav,tabla,ISOLATED,Filepath heuristics,MEDIUM,False,
Tabla,ektal05.wav,tabla,ISOLATED,Filepath heuristics,MEDIUM,False,
Tabla,ektal06.wav,tabla,ISOLATED,Filepath heuristics,MEDIUM,False,
Tabla,ektal07.wav,tabla,ISOLATED,Filepath heuristics,MEDIUM,False,
Tabla,ektal08.wav,tabla,ISOLATED,Filepath heuristics,MEDIUM,False,
Tabla,ektal09.wav,tabla,ISOLATED,Filepath heuristics,MEDIUM,False,
Tabla,ektal10.wav,tabla,ISOLATED,Filepath heuristics,MEDIUM,False,
Tabla,ektal11.wav,tabla,ISOLATED,Filepath heuristics,MEDIUM,False,
Tabla,ektal12.wav,tabla,ISOLATED,Filepath heuristics,MEDIUM,False,
Tabla,ektal13.wav,tabla,ISOLATED,Filepath heuristics,MEDIUM,False,
Tabla,ektal14.wav,tabla,ISOLATED,Filepath heuristics,MEDIUM,False,
Tabla,ektal15.wav,tabla,ISOLATED,Filepath heuristics,MEDIUM,False,
Tabla,ektal16.wav,tabla,ISOLATED,Filepath heuristics,MEDIUM,False,
Tabla,ektal17.wav,tabla,ISOLATED,Filepath heuristics,MEDIUM,False,
Tabla,ektal18.wav,tabla,ISOLATED,Filepath heuristics,MEDIUM,False,
Tabla,ektal19.wav,tabla,ISOLATED,Filepath heuristics,MEDIUM,False,
Tabla,ektal20.wav,tabla,ISOLATED,Filepath heuristics,MEDIUM,False,
Tabla,ektal21.wav,tabla,ISOLATED,Filepath heuristics,MEDIUM,False,
Tabla,ektal22.wav,tabla,ISOLATED,Filepath heuristics,MEDIUM,False,
Tabla,ektal23.wav,tabla,ISOLATED,Filepath heuristics,MEDIUM,False,
Tabla,ektal24.wav,tabla,ISOLATED,Filepath heuristics,MEDIUM,False,
Tabla,ektal25.wav,tabla,ISOLATED,Filepath heuristics,MEDIUM,False,
Tabla,ektal26.wav,tabla,ISOLATED,Filepath heuristics,MEDIUM,False,
Tabla,ektal27.wav,tabla,ISOLATED,Filepath heuristics,MEDIUM,False,
Tabla,ektal28.wav,tabla,ISOLATED,Filepath heuristics,MEDIUM,False,
Tabla,ektal29.wav,tabla,ISOLATED,Filepath heuristics,MEDIUM,False,
Tabla,ektal30.wav,tabla,ISOLATED,Filepath heuristics,MEDIUM,False,
Tabla,ektal31.wav,tabla,ISOLATED,Filepath heuristics,MEDIUM,False,
Tabla,ektal32.wav,tabla,ISOLATED,Filepath heuristics,MEDIUM,False,
Tabla,ektal33.wav,tabla,ISOLATED,Filepath heuristics,MEDIUM,False,
Tabla,ektal34.wav,tabla,ISOLATED,Filepath heuristics,MEDIUM,False,
Tabla,ektal35.wav,tabla,ISOLATED,Filepath heuristics,MEDIUM,False,
Tabla,ektal36.wav,tabla,ISOLATED,Filepath heuristics,MEDIUM,False,
Tabla,ektal37.wav,tabla,ISOLATED,Filepath heuristics,MEDIUM,False,
Tabla,ektal38.wav,tabla,ISOLATED,Filepath heuristics,MEDIUM,False,
Tabla,ektal39.wav,tabla,ISOLATED,Filepath heuristics,MEDIUM,False,
Tabla,ektal40.wav,tabla,ISOLATED,Filepath heuristics,MEDIUM,False,
Tabla,ektal41.wav,tabla,ISOLATED,Filepath heuristics,MEDIUM,False,
Tabla,ektal42.wav,tabla,ISOLATED,Filepath heuristics,MEDIUM,False,
Tabla,ektal43.wav,tabla,ISOLATED,Filepath heuristics,MEDIUM,False,
Tabla,ektal44.wav,tabla,ISOLATED,Filepath heuristics,MEDIUM,False,
Tabla,ektal45.wav,tabla,ISOLATED,Filepath heuristics,MEDIUM,False,
Tabla,ektal46.wav,tabla,ISOLATED,Filepath heuristics,MEDIUM,False,
Tabla,ektal47.wav,tabla,ISOLATED,Filepath heuristics,MEDIUM,False,
Tabla,ektal48.wav,tabla,ISOLATED,Filepath heuristics,MEDIUM,False,
Tabla,ektal49.wav,tabla,ISOLATED,Filepath heuristics,MEDIUM,False,
Tabla,ektal50.wav,tabla,ISOLATED,Filepath heuristics,MEDIUM,False,
Tabla,ektal51.wav,tabla,ISOLATED,Filepath heuristics,MEDIUM,False,
Tabla,ektal52.wav,tabla,ISOLATED,Filepath heuristics,MEDIUM,False,
Tabla,ektal53.wav,tabla,ISOLATED,Filepath heuristics,MEDIUM,False,
Tabla,ektal54.wav,tabla,ISOLATED,Filepath heuristics,MEDIUM,False,
Tabla,ektal55.wav,tabla,ISOLATED,Filepath heuristics,MEDIUM,False,
Tabla,ektal56.wav,tabla,ISOLATED,Filepath heuristics,MEDIUM,False,
Tabla,ektal57.wav,tabla,ISOLATED,Filepath heuristics,MEDIUM,False,
Tabla,ektal58.wav,tabla,ISOLATED,Filepath heuristics,MEDIUM,False,
Tabla,ektal59.wav,tabla,ISOLATED,Filepath heuristics,MEDIUM,False,
Tabla,ektal60.wav,tabla,ISOLATED,Filepath heuristics,MEDIUM,False,
Tabla,jhaptal01.wav,tabla,ISOLATED,Filepath heuristics,MEDIUM,False,
Tabla,jhaptal02.wav,tabla,ISOLATED,Filepath heuristics,MEDIUM,False,
Tabla,jhaptal03.wav,tabla,ISOLATED,Filepath heuristics,MEDIUM,False,
Tabla,jhaptal04.wav,tabla,ISOLATED,Filepath heuristics,MEDIUM,False,
Tabla,jhaptal05.wav,tabla,ISOLATED,Filepath heuristics,MEDIUM,False,
Tabla,jhaptal06.wav,tabla,ISOLATED,Filepath heuristics,MEDIUM,False,
Tabla,jhaptal07.wav,tabla,ISOLATED,Filepath heuristics,MEDIUM,False,
Tabla,jhaptal08.wav,tabla,ISOLATED,Filepath heuristics,MEDIUM,False,
Tabla,jhaptal09.wav,tabla,ISOLATED,Filepath heuristics,MEDIUM,False,
Tabla,jhaptal10.wav,tabla,ISOLATED,Filepath heuristics,MEDIUM,False,
Tabla,jhaptal11.wav,tabla,ISOLATED,Filepath heuristics,MEDIUM,False,
Tabla,jhaptal12.wav,tabla,ISOLATED,Filepath heuristics,MEDIUM,False,
Tabla,jhaptal13.wav,tabla,ISOLATED,Filepath heuristics,MEDIUM,False,
Tabla,jhaptal14.wav,tabla,ISOLATED,Filepath heuristics,MEDIUM,False,
Tabla,jhaptal15.wav,tabla,ISOLATED,Filepath heuristics,MEDIUM,False,
Tabla,jhaptal16.wav,tabla,ISOLATED,Filepath heuristics,MEDIUM,False,
Tabla,jhaptal17.wav,tabla,ISOLATED,Filepath heuristics,MEDIUM,False,
Tabla,jhaptal18.wav,tabla,ISOLATED,Filepath heuristics,MEDIUM,False,
Tabla,jhaptal19.wav,tabla,ISOLATED,Filepath heuristics,MEDIUM,False,
Tabla,jhaptal20.wav,tabla,ISOLATED,Filepath heuristics,MEDIUM,False,
Tabla,jhaptal21.wav,tabla,ISOLATED,Filepath heuristics,MEDIUM,False,
Tabla,jhaptal22.wav,tabla,ISOLATED,Filepath heuristics,MEDIUM,False,
Tabla,jhaptal23.wav,tabla,ISOLATED,Filepath heuristics,MEDIUM,False,
Tabla,jhaptal24.wav,tabla,ISOLATED,Filepath heuristics,MEDIUM,False,
Tabla,jhaptal25.wav,tabla,ISOLATED,Filepath heuristics,MEDIUM,False,
Tabla,jhaptal26.wav,tabla,ISOLATED,Filepath heuristics,MEDIUM,False,
Tabla,jhaptal27.wav,tabla,ISOLATED,Filepath heuristics,MEDIUM,False,
Tabla,jhaptal28.wav,tabla,ISOLATED,Filepath heuristics,MEDIUM,False,
Tabla,jhaptal29.wav,tabla,ISOLATED,Filepath heuristics,MEDIUM,False,
Tabla,jhaptal30.wav,tabla,ISOLATED,Filepath heuristics,MEDIUM,False,
Tabla,jhaptal31.wav,tabla,ISOLATED,Filepath heuristics,MEDIUM,False,
Tabla,jhaptal32.wav,tabla,ISOLATED,Filepath heuristics,MEDIUM,False,
Tabla,jhaptal33.wav,tabla,ISOLATED,Filepath heuristics,MEDIUM,False,
Tabla,jhaptal34.wav,tabla,ISOLATED,Filepath heuristics,MEDIUM,False,
Tabla,jhaptal35.wav,tabla,ISOLATED,Filepath heuristics,MEDIUM,False,
Tabla,jhaptal36.wav,tabla,ISOLATED,Filepath heuristics,MEDIUM,False,
Tabla,jhaptal37.wav,tabla,ISOLATED,Filepath heuristics,MEDIUM,False,
Tabla,jhaptal38.wav,tabla,ISOLATED,Filepath heuristics,MEDIUM,False,
Tabla,jhaptal39.wav,tabla,ISOLATED,Filepath heuristics,MEDIUM,False,
Tabla,jhaptal40.wav,tabla,ISOLATED,Filepath heuristics,MEDIUM,False,
Tabla,jhaptal41.wav,tabla,ISOLATED,Filepath heuristics,MEDIUM,False,
Tabla,jhaptal42.wav,tabla,ISOLATED,Filepath heuristics,MEDIUM,False,
Tabla,jhaptal43.wav,tabla,ISOLATED,Filepath heuristics,MEDIUM,False,
Tabla,jhaptal44.wav,tabla,ISOLATED,Filepath heuristics,MEDIUM,False,
Tabla,jhaptal45.wav,tabla,ISOLATED,Filepath heuristics,MEDIUM,False,
Tabla,jhaptal46.wav,tabla,ISOLATED,Filepath heuristics,MEDIUM,False,
Tabla,jhaptal47.wav,tabla,ISOLATED,Filepath heuristics,MEDIUM,False,
Tabla,jhaptal48.wav,tabla,ISOLATED,Filepath heuristics,MEDIUM,False,
Tabla,jhaptal49.wav,tabla,ISOLATED,Filepath heuristics,MEDIUM,False,
Tabla,jhaptal50.wav,tabla,ISOLATED,Filepath heuristics,MEDIUM,False,
Tabla,jhaptal51.wav,tabla,ISOLATED,Filepath heuristics,MEDIUM,False,
Tabla,jhaptal52.wav,tabla,ISOLATED,Filepath heuristics,MEDIUM,False,
Tabla,jhaptal53.wav,tabla,ISOLATED,Filepath heuristics,MEDIUM,False,
Tabla,jhaptal54.wav,tabla,ISOLATED,Filepath heuristics,MEDIUM,False,
Tabla,jhaptal55.wav,tabla,ISOLATED,Filepath heuristics,MEDIUM,False,
Tabla,jhaptal56.wav,tabla,ISOLATED,Filepath heuristics,MEDIUM,False,
Tabla,jhaptal57.wav,tabla,ISOLATED,Filepath heuristics,MEDIUM,False,
Tabla,jhaptal58.wav,tabla,ISOLATED,Filepath heuristics,MEDIUM,False,
Tabla,jhaptal59.wav,tabla,ISOLATED,Filepath heuristics,MEDIUM,False,
Tabla,jhaptal60.wav,tabla,ISOLATED,Filepath heuristics,MEDIUM,False,
Tabla,rupak01.wav,tabla,ISOLATED,Filepath heuristics,MEDIUM,False,
Tabla,rupak02.wav,tabla,ISOLATED,Filepath heuristics,MEDIUM,False,
Tabla,rupak03.wav,tabla,ISOLATED,Filepath heuristics,MEDIUM,False,
Tabla,rupak04.wav,tabla,ISOLATED,Filepath heuristics,MEDIUM,False,
Tabla,rupak05.wav,tabla,ISOLATED,Filepath heuristics,MEDIUM,False,
Tabla,rupak06.wav,tabla,ISOLATED,Filepath heuristics,MEDIUM,False,
Tabla,rupak07.wav,tabla,ISOLATED,Filepath heuristics,MEDIUM,False,
Tabla,rupak08.wav,tabla,ISOLATED,Filepath heuristics,MEDIUM,False,
Tabla,rupak09.wav,tabla,ISOLATED,Filepath heuristics,MEDIUM,False,
Tabla,rupak10.wav,tabla,ISOLATED,Filepath heuristics,MEDIUM,False,
Tabla,rupak11.wav,tabla,ISOLATED,Filepath heuristics,MEDIUM,False,
Tabla,rupak12.wav,tabla,ISOLATED,Filepath heuristics,MEDIUM,False,
Tabla,rupak13.wav,tabla,ISOLATED,Filepath heuristics,MEDIUM,False,
Tabla,rupak14.wav,tabla,ISOLATED,Filepath heuristics,MEDIUM,False,
Tabla,rupak15.wav,tabla,ISOLATED,Filepath heuristics,MEDIUM,False,
Tabla,rupak16.wav,tabla,ISOLATED,Filepath heuristics,MEDIUM,False,
Tabla,rupak17.wav,tabla,ISOLATED,Filepath heuristics,MEDIUM,False,
Tabla,rupak18.wav,tabla,ISOLATED,Filepath heuristics,MEDIUM,False,
Tabla,rupak19.wav,tabla,ISOLATED,Filepath heuristics,MEDIUM,False,
Tabla,rupak20.wav,tabla,ISOLATED,Filepath heuristics,MEDIUM,False,
Tabla,rupak21.wav,tabla,ISOLATED,Filepath heuristics,MEDIUM,False,
Tabla,rupak22.wav,tabla,ISOLATED,Filepath heuristics,MEDIUM,False,
Tabla,rupak23.wav,tabla,ISOLATED,Filepath heuristics,MEDIUM,False,
Tabla,rupak24.wav,tabla,ISOLATED,Filepath heuristics,MEDIUM,False,
Tabla,rupak25.wav,tabla,ISOLATED,Filepath heuristics,MEDIUM,False,
Tabla,rupak26.wav,tabla,ISOLATED,Filepath heuristics,MEDIUM,False,
Tabla,rupak27.wav,tabla,ISOLATED,Filepath heuristics,MEDIUM,False,
Tabla,rupak28.wav,tabla,ISOLATED,Filepath heuristics,MEDIUM,False,
Tabla,rupak29.wav,tabla,ISOLATED,Filepath heuristics,MEDIUM,False,
Tabla,rupak30.wav,tabla,ISOLATED,Filepath heuristics,MEDIUM,False,
Tabla,rupak31.wav,tabla,ISOLATED,Filepath heuristics,MEDIUM,False,
Tabla,rupak32.wav,tabla,ISOLATED,Filepath heuristics,MEDIUM,False,
Tabla,rupak33.wav,tabla,ISOLATED,Filepath heuristics,MEDIUM,False,
Tabla,rupak34.wav,tabla,ISOLATED,Filepath heuristics,MEDIUM,False,
Tabla,rupak35.wav,tabla,ISOLATED,Filepath heuristics,MEDIUM,False,
Tabla,rupak36.wav,tabla,ISOLATED,Filepath heuristics,MEDIUM,False,
Tabla,rupak37.wav,tabla,ISOLATED,Filepath heuristics,MEDIUM,False,
Tabla,rupak38.wav,tabla,ISOLATED,Filepath heuristics,MEDIUM,False,
Tabla,rupak39.wav,tabla,ISOLATED,Filepath heuristics,MEDIUM,False,
Tabla,rupak40.wav,tabla,ISOLATED,Filepath heuristics,MEDIUM,False,
Tabla,rupak41.wav,tabla,ISOLATED,Filepath heuristics,MEDIUM,False,
Tabla,rupak42.wav,tabla,ISOLATED,Filepath heuristics,MEDIUM,False,
Tabla,rupak43.wav,tabla,ISOLATED,Filepath heuristics,MEDIUM,False,
Tabla,rupak44.wav,tabla,ISOLATED,Filepath heuristics,MEDIUM,False,
Tabla,rupak45.wav,tabla,ISOLATED,Filepath heuristics,MEDIUM,False,
Tabla,rupak46.wav,tabla,ISOLATED,Filepath heuristics,MEDIUM,False,
Tabla,rupak47.wav,tabla,ISOLATED,Filepath heuristics,MEDIUM,False,
Tabla,rupak48.wav,tabla,ISOLATED,Filepath heuristics,MEDIUM,False,
Tabla,rupak49.wav,tabla,ISOLATED,Filepath heuristics,MEDIUM,False,
Tabla,rupak50.wav,tabla,ISOLATED,Filepath heuristics,MEDIUM,False,
Tabla,rupak51.wav,tabla,ISOLATED,Filepath heuristics,MEDIUM,False,
Tabla,rupak52.wav,tabla,ISOLATED,Filepath heuristics,MEDIUM,False,
Tabla,rupak53.wav,tabla,ISOLATED,Filepath heuristics,MEDIUM,False,
Tabla,rupak54.wav,tabla,ISOLATED,Filepath heuristics,MEDIUM,False,
Tabla,rupak55.wav,tabla,ISOLATED,Filepath heuristics,MEDIUM,False,
Tabla,rupak56.wav,tabla,ISOLATED,Filepath heuristics,MEDIUM,False,
Tabla,rupak57.wav,tabla,ISOLATED,Filepath heuristics,MEDIUM,False,
Tabla,rupak58.wav,tabla,ISOLATED,Filepath heuristics,MEDIUM,False,
Tabla,rupak59.wav,tabla,ISOLATED,Filepath heuristics,MEDIUM,False,
Tabla,rupak60.wav,tabla,ISOLATED,Filepath heuristics,MEDIUM,False,
Tabla,trital01.wav,tabla,ISOLATED,Filepath heuristics,MEDIUM,False,
Tabla,trital02.wav,tabla,ISOLATED,Filepath heuristics,MEDIUM,False,
Tabla,trital03.wav,tabla,ISOLATED,Filepath heuristics,MEDIUM,False,
Tabla,trital04.wav,tabla,ISOLATED,Filepath heuristics,MEDIUM,False,
Tabla,trital05.wav,tabla,ISOLATED,Filepath heuristics,MEDIUM,False,
Tabla,trital06.wav,tabla,ISOLATED,Filepath heuristics,MEDIUM,False,
Tabla,trital07.wav,tabla,ISOLATED,Filepath heuristics,MEDIUM,False,
Tabla,trital08.wav,tabla,ISOLATED,Filepath heuristics,MEDIUM,False,
Tabla,trital09.wav,tabla,ISOLATED,Filepath heuristics,MEDIUM,False,
Tabla,trital10.wav,tabla,ISOLATED,Filepath heuristics,MEDIUM,False,
Tabla,trital100.wav,tabla,ISOLATED,Filepath heuristics,MEDIUM,False,
Tabla,trital11.wav,tabla,ISOLATED,Filepath heuristics,MEDIUM,False,
Tabla,trital12.wav,tabla,ISOLATED,Filepath heuristics,MEDIUM,False,
Tabla,trital13.wav,tabla,ISOLATED,Filepath heuristics,MEDIUM,False,
Tabla,trital14.wav,tabla,ISOLATED,Filepath heuristics,MEDIUM,False,
Tabla,trital15.wav,tabla,ISOLATED,Filepath heuristics,MEDIUM,False,
Tabla,trital16.wav,tabla,ISOLATED,Filepath heuristics,MEDIUM,False,
Tabla,trital17.wav,tabla,ISOLATED,Filepath heuristics,MEDIUM,False,
Tabla,trital18.wav,tabla,ISOLATED,Filepath heuristics,MEDIUM,False,
Tabla,trital19.wav,tabla,ISOLATED,Filepath heuristics,MEDIUM,False,
Tabla,trital20.wav,tabla,ISOLATED,Filepath heuristics,MEDIUM,False,
Tabla,trital21.wav,tabla,ISOLATED,Filepath heuristics,MEDIUM,False,
Tabla,trital22.wav,tabla,ISOLATED,Filepath heuristics,MEDIUM,False,
Tabla,trital23.wav,tabla,ISOLATED,Filepath heuristics,MEDIUM,False,
Tabla,trital24.wav,tabla,ISOLATED,Filepath heuristics,MEDIUM,False,
Tabla,trital25.wav,tabla,ISOLATED,Filepath heuristics,MEDIUM,False,
Tabla,trital26.wav,tabla,ISOLATED,Filepath heuristics,MEDIUM,False,
Tabla,trital27.wav,tabla,ISOLATED,Filepath heuristics,MEDIUM,False,
Tabla,trital28.wav,tabla,ISOLATED,Filepath heuristics,MEDIUM,False,
Tabla,trital29.wav,tabla,ISOLATED,Filepath heuristics,MEDIUM,False,
Tabla,trital30.wav,tabla,ISOLATED,Filepath heuristics,MEDIUM,False,
Tabla,trital31.wav,tabla,ISOLATED,Filepath heuristics,MEDIUM,False,
Tabla,trital32.wav,tabla,ISOLATED,Filepath heuristics,MEDIUM,False,
Tabla,trital33.wav,tabla,ISOLATED,Filepath heuristics,MEDIUM,False,
Tabla,trital34.wav,tabla,ISOLATED,Filepath heuristics,MEDIUM,False,
Tabla,trital35.wav,tabla,ISOLATED,Filepath heuristics,MEDIUM,False,
Tabla,trital36.wav,tabla,ISOLATED,Filepath heuristics,MEDIUM,False,
Tabla,trital37.wav,tabla,ISOLATED,Filepath heuristics,MEDIUM,False,
Tabla,trital38.wav,tabla,ISOLATED,Filepath heuristics,MEDIUM,False,
Tabla,trital39.wav,tabla,ISOLATED,Filepath heuristics,MEDIUM,False,
Tabla,trital40.wav,tabla,ISOLATED,Filepath heuristics,MEDIUM,False,
Tabla,trital41.wav,tabla,ISOLATED,Filepath heuristics,MEDIUM,False,
Tabla,trital42.wav,tabla,ISOLATED,Filepath heuristics,MEDIUM,False,
Tabla,trital43.wav,tabla,ISOLATED,Filepath heuristics,MEDIUM,False,
Tabla,trital44.wav,tabla,ISOLATED,Filepath heuristics,MEDIUM,False,
Tabla,trital45.wav,tabla,ISOLATED,Filepath heuristics,MEDIUM,False,
Tabla,trital46.wav,tabla,ISOLATED,Filepath heuristics,MEDIUM,False,
Tabla,trital47.wav,tabla,ISOLATED,Filepath heuristics,MEDIUM,False,
Tabla,trital48.wav,tabla,ISOLATED,Filepath heuristics,MEDIUM,False,
Tabla,trital49.wav,tabla,ISOLATED,Filepath heuristics,MEDIUM,False,
Tabla,trital50.wav,tabla,ISOLATED,Filepath heuristics,MEDIUM,False,
Tabla,trital51.wav,tabla,ISOLATED,Filepath heuristics,MEDIUM,False,
Tabla,trital52.wav,tabla,ISOLATED,Filepath heuristics,MEDIUM,False,
Tabla,trital53.wav,tabla,ISOLATED,Filepath heuristics,MEDIUM,False,
Tabla,trital54.wav,tabla,ISOLATED,Filepath heuristics,MEDIUM,False,
Tabla,trital55.wav,tabla,ISOLATED,Filepath heuristics,MEDIUM,False,
Tabla,trital56.wav,tabla,ISOLATED,Filepath heuristics,MEDIUM,False,
Tabla,trital57.wav,tabla,ISOLATED,Filepath heuristics,MEDIUM,False,
Tabla,trital58.wav,tabla,ISOLATED,Filepath heuristics,MEDIUM,False,
Tabla,trital59.wav,tabla,ISOLATED,Filepath heuristics,MEDIUM,False,
Tabla,trital60.wav,tabla,ISOLATED,Filepath heuristics,MEDIUM,False,
Tabla,trital61.wav,tabla,ISOLATED,Filepath heuristics,MEDIUM,False,
Tabla,trital62.wav,tabla,ISOLATED,Filepath heuristics,MEDIUM,False,
Tabla,trital63.wav,tabla,ISOLATED,Filepath heuristics,MEDIUM,False,
Tabla,trital64.wav,tabla,ISOLATED,Filepath heuristics,MEDIUM,False,
Tabla,trital65.wav,tabla,ISOLATED,Filepath heuristics,MEDIUM,False,
Tabla,trital66.wav,tabla,ISOLATED,Filepath heuristics,MEDIUM,False,
Tabla,trital67.wav,tabla,ISOLATED,Filepath heuristics,MEDIUM,False,
Tabla,trital68.wav,tabla,ISOLATED,Filepath heuristics,MEDIUM,False,
Tabla,trital69.wav,tabla,ISOLATED,Filepath heuristics,MEDIUM,False,
Tabla,trital70.wav,tabla,ISOLATED,Filepath heuristics,MEDIUM,False,
Tabla,trital71.wav,tabla,ISOLATED,Filepath heuristics,MEDIUM,False,
Tabla,trital72.wav,tabla,ISOLATED,Filepath heuristics,MEDIUM,False,
Tabla,trital73.wav,tabla,ISOLATED,Filepath heuristics,MEDIUM,False,
Tabla,trital74.wav,tabla,ISOLATED,Filepath heuristics,MEDIUM,False,
Tabla,trital76.wav,tabla,ISOLATED,Filepath heuristics,MEDIUM,False,
Tabla,trital77.wav,tabla,ISOLATED,Filepath heuristics,MEDIUM,False,
Tabla,trital78.wav,tabla,ISOLATED,Filepath heuristics,MEDIUM,False,
Tabla,trital79.wav,tabla,ISOLATED,Filepath heuristics,MEDIUM,False,
Tabla,trital80.wav,tabla,ISOLATED,Filepath heuristics,MEDIUM,False,
Tabla,trital81.wav,tabla,ISOLATED,Filepath heuristics,MEDIUM,False,
Tabla,trital82.wav,tabla,ISOLATED,Filepath heuristics,MEDIUM,False,
Tabla,trital83.wav,tabla,ISOLATED,Filepath heuristics,MEDIUM,False,
Tabla,trital84.wav,tabla,ISOLATED,Filepath heuristics,MEDIUM,False,
Tabla,trital85.wav,tabla,ISOLATED,Filepath heuristics,MEDIUM,False,
Tabla,trital86.wav,tabla,ISOLATED,Filepath heuristics,MEDIUM,False,
Tabla,trital87.wav,tabla,ISOLATED,Filepath heuristics,MEDIUM,False,
Tabla,trital88.wav,tabla,ISOLATED,Filepath heuristics,MEDIUM,False,
Tabla,trital89.wav,tabla,ISOLATED,Filepath heuristics,MEDIUM,False,
Tabla,trital90.wav,tabla,ISOLATED,Filepath heuristics,MEDIUM,False,
Tabla,trital91.wav,tabla,ISOLATED,Filepath heuristics,MEDIUM,False,
Tabla,trital92.wav,tabla,ISOLATED,Filepath heuristics,MEDIUM,False,
Tabla,trital93.wav,tabla,ISOLATED,Filepath heuristics,MEDIUM,False,
Tabla,trital94.wav,tabla,ISOLATED,Filepath heuristics,MEDIUM,False,
Tabla,trital95.wav,tabla,ISOLATED,Filepath heuristics,MEDIUM,False,
Tabla,trital96.wav,tabla,ISOLATED,Filepath heuristics,MEDIUM,False,
Tabla,trital97.wav,tabla,ISOLATED,Filepath heuristics,MEDIUM,False,
Tabla,trital98.wav,tabla,ISOLATED,Filepath heuristics,MEDIUM,False,
Tabla,trital99.wav,tabla,ISOLATED,Filepath heuristics,MEDIUM,False,
Tabla,RMA_28.wav,tabla,ISOLATED,Filepath heuristics,MEDIUM,False,
Tabla,T7_Tukuda_05.wav,tabla,ISOLATED,Filepath heuristics,MEDIUM,False,
Tabla,RMA_5.wav,tabla,ISOLATED,Filepath heuristics,MEDIUM,False,
Tabla,AHK_solo-tintal-7.wav,tabla,ISOLATED,Filepath heuristics,MEDIUM,False,
Tabla,AS_comp116_t.wav,tabla,ISOLATED,Filepath heuristics,MEDIUM,False,
Tabla,RMA_25.wav,tabla,ISOLATED,Filepath heuristics,MEDIUM,False,
Tabla,T4_Pur_01.wav,tabla,ISOLATED,Filepath heuristics,MEDIUM,False,
Tabla,T4_Dli_05.wav,tabla,ISOLATED,Filepath heuristics,MEDIUM,False,
Tabla,RMA_16.wav,tabla,ISOLATED,Filepath heuristics,MEDIUM,False,
Tabla,T4_Dli_04.wav,tabla,ISOLATED,Filepath heuristics,MEDIUM,False,
Tabla,RMA_12.wav,tabla,ISOLATED,Filepath heuristics,MEDIUM,False,
Tabla,T7_GAT_01.wav,tabla,ISOLATED,Filepath heuristics,MEDIUM,False,
Tabla,T5_Luc_03.wav,tabla,ISOLATED,Filepath heuristics,MEDIUM,False,
Tabla,T4_Tukuda_02.wav,tabla,ISOLATED,Filepath heuristics,MEDIUM,False,
Tabla,RMA_14.wav,tabla,ISOLATED,Filepath heuristics,MEDIUM,False,
Tabla,KB_7.wav,tabla,ISOLATED,Filepath heuristics,MEDIUM,False,
Tabla,T4_Drut_03.wav,tabla,ISOLATED,Filepath heuristics,MEDIUM,False,
Tabla,SK_ektaal_vilambit.wav,tabla,ISOLATED,Filepath heuristics,MEDIUM,False,
Tabla,T7_TAA5_02.wav,tabla,ISOLATED,Filepath heuristics,MEDIUM,False,
Tabla,KB_17.wav,tabla,ISOLATED,Filepath heuristics,MEDIUM,False,
Tabla,T4_Gat_04.wav,tabla,ISOLATED,Filepath heuristics,MEDIUM,False,
Tabla,T4_Gat_pra_01.wav,tabla,ISOLATED,Filepath heuristics,MEDIUM,False,
Tabla,PP_comp5_t.wav,tabla,ISOLATED,Filepath heuristics,MEDIUM,False,
Tabla,T7_Jap_Tukuda_03.wav,tabla,ISOLATED,Filepath heuristics,MEDIUM,False,
Tabla,SM_kayda_1.wav,tabla,ISOLATED,Filepath heuristics,MEDIUM,False,
Tabla,KB_10.wav,tabla,ISOLATED,Filepath heuristics,MEDIUM,False,
Tabla,T7_Fur_02.wav,tabla,ISOLATED,Filepath heuristics,MEDIUM,False,
Tabla,T5_Dli_03.wav,tabla,ISOLATED,Filepath heuristics,MEDIUM,False,
Tabla,KB_13.wav,tabla,ISOLATED,Filepath heuristics,MEDIUM,False,
Tabla,T7_Pur_02.wav,tabla,ISOLATED,Filepath heuristics,MEDIUM,False,
Tabla,KB_4.wav,tabla,ISOLATED,Filepath heuristics,MEDIUM,False,
Tabla,AS_comp105_t.wav,tabla,ISOLATED,Filepath heuristics,MEDIUM,False,
Tabla,SK_teentaal_drut.wav,tabla,ISOLATED,Filepath heuristics,MEDIUM,False,
Tabla,T4_Luc_02.wav,tabla,ISOLATED,Filepath heuristics,MEDIUM,False,
Tabla,T7_Jap_Tukuda_01.wav,tabla,ISOLATED,Filepath heuristics,MEDIUM,False,
Tabla,SK_comp_7.wav,tabla,ISOLATED,Filepath heuristics,MEDIUM,False,
Tabla,T4_Luc_04.wav,tabla,ISOLATED,Filepath heuristics,MEDIUM,False,
Tabla,AHK_solo-tintal-1.wav,tabla,ISOLATED,Filepath heuristics,MEDIUM,False,
Tabla,AS_comp112_t.wav,tabla,ISOLATED,Filepath heuristics,MEDIUM,False,
Tabla,SK_ektaal_drut.wav,tabla,ISOLATED,Filepath heuristics,MEDIUM,False,
Tabla,T4_Tukuda_Japh_05.wav,tabla,ISOLATED,Filepath heuristics,MEDIUM,False,
Tabla,T4_Drut_02.wav,tabla,ISOLATED,Filepath heuristics,MEDIUM,False,
Tabla,PP_comp19_t.wav,tabla,ISOLATED,Filepath heuristics,MEDIUM,False,
Tabla,KB_24.wav,tabla,ISOLATED,Filepath heuristics,MEDIUM,False,
Tabla,SK_uthan_1.wav,tabla,ISOLATED,Filepath heuristics,MEDIUM,False,
Tabla,T4_Tukuda_Japh_02.wav,tabla,ISOLATED,Filepath heuristics,MEDIUM,False,
Tabla,SK_teentaal_punjabi.wav,tabla,ISOLATED,Filepath heuristics,MEDIUM,False,
Tabla,RMA_9.wav,tabla,ISOLATED,Filepath heuristics,MEDIUM,False,
Tabla,RMA_10.wav,tabla,ISOLATED,Filepath heuristics,MEDIUM,False,
Tabla,AHK_solo-tintal-4.wav,tabla,ISOLATED,Filepath heuristics,MEDIUM,False,
Tabla,KB_19.wav,tabla,ISOLATED,Filepath heuristics,MEDIUM,False,
Tabla,T4_Gat_05.wav,tabla,ISOLATED,Filepath heuristics,MEDIUM,False,
Tabla,T4_Pur_03.wav,tabla,ISOLATED,Filepath heuristics,MEDIUM,False,
Tabla,AS_comp101_t.wav,tabla,ISOLATED,Filepath heuristics,MEDIUM,False,
Tabla,PP_comp17_t.wav,tabla,ISOLATED,Filepath heuristics,MEDIUM,False,
Tabla,RMA_0.wav,tabla,ISOLATED,Filepath heuristics,MEDIUM,False,
Tabla,AS_comp108_t.wav,tabla,ISOLATED,Filepath heuristics,MEDIUM,False,
Tabla,T5_Luc_05.wav,tabla,ISOLATED,Filepath heuristics,MEDIUM,False,
Tabla,AS_comp102_t.wav,tabla,ISOLATED,Filepath heuristics,MEDIUM,False,
Tabla,RMA_11.wav,tabla,ISOLATED,Filepath heuristics,MEDIUM,False,
Tabla,PP_comp11_t.wav,tabla,ISOLATED,Filepath heuristics,MEDIUM,False,
Tabla,KB_14.wav,tabla,ISOLATED,Filepath heuristics,MEDIUM,False,
Tabla,SM_chakradhar.wav,tabla,ISOLATED,Filepath heuristics,MEDIUM,False,
Tabla,T7_Tukuda_03.wav,tabla,ISOLATED,Filepath heuristics,MEDIUM,False,
Tabla,RMA_7.wav,tabla,ISOLATED,Filepath heuristics,MEDIUM,False,
Tabla,PP_comp80_t.wav,tabla,ISOLATED,Filepath heuristics,MEDIUM,False,
Tabla,T4_Tukuda_Ben_01.wav,tabla,ISOLATED,Filepath heuristics,MEDIUM,False,
Tabla,T4_Pur_02.wav,tabla,ISOLATED,Filepath heuristics,MEDIUM,False,
Tabla,SK_teentaal.wav,tabla,ISOLATED,Filepath heuristics,MEDIUM,False,
Tabla,SK_dadra.wav,tabla,ISOLATED,Filepath heuristics,MEDIUM,False,
Tabla,PP_comp9_t.wav,tabla,ISOLATED,Filepath heuristics,MEDIUM,False,
Tabla,T4_Gat_03.wav,tabla,ISOLATED,Filepath heuristics,MEDIUM,False,
Tabla,T4_Vilambit_01.wav,tabla,ISOLATED,Filepath heuristics,MEDIUM,False,
Tabla,T4_Drut_01.wav,tabla,ISOLATED,Filepath heuristics,MEDIUM,False,
Tabla,PP_comp28_t.wav,tabla,ISOLATED,Filepath heuristics,MEDIUM,False,
Tabla,PP_comp86_t.wav,tabla,ISOLATED,Filepath heuristics,MEDIUM,False,
Tabla,RMA_13.wav,tabla,ISOLATED,Filepath heuristics,MEDIUM,False,
Tabla,T7_TAA5_01.wav,tabla,ISOLATED,Filepath heuristics,MEDIUM,False,
Tabla,AS_comp107_t.wav,tabla,ISOLATED,Filepath heuristics,MEDIUM,False,
Tabla,SK_comp_1.wav,tabla,ISOLATED,Filepath heuristics,MEDIUM,False,
Tabla,T4_Ben_03.wav,tabla,ISOLATED,Filepath heuristics,MEDIUM,False,
Tabla,T7_TAA1_01.wav,tabla,ISOLATED,Filepath heuristics,MEDIUM,False,
Tabla,T7_Ben_tukuda_02.wav,tabla,ISOLATED,Filepath heuristics,MEDIUM,False,
Tabla,T4_Tukuda_01.wav,tabla,ISOLATED,Filepath heuristics,MEDIUM,False,
Tabla,T4_Dli_01.wav,tabla,ISOLATED,Filepath heuristics,MEDIUM,False,
Tabla,SM_kayda_2.wav,tabla,ISOLATED,Filepath heuristics,MEDIUM,False,
Tabla,T5_Dli_02.wav,tabla,ISOLATED,Filepath heuristics,MEDIUM,False,
Tabla,T7_Fur_03.wav,tabla,ISOLATED,Filepath heuristics,MEDIUM,False,
Tabla,T4_Luc_01.wav,tabla,ISOLATED,Filepath heuristics,MEDIUM,False,
Tabla,RMA_19.wav,tabla,ISOLATED,Filepath heuristics,MEDIUM,False,
Tabla,AS_comp103_t.wav,tabla,ISOLATED,Filepath heuristics,MEDIUM,False,
Tabla,T4_Tukuda_04.wav,tabla,ISOLATED,Filepath heuristics,MEDIUM,False,
Tabla,KB_22.wav,tabla,ISOLATED,Filepath heuristics,MEDIUM,False,
Tabla,AS_comp106_t.wav,tabla,ISOLATED,Filepath heuristics,MEDIUM,False,
Tabla,SK_rela_1.wav,tabla,ISOLATED,Filepath heuristics,MEDIUM,False,
Tabla,T7_LUC_01.wav,tabla,ISOLATED,Filepath heuristics,MEDIUM,False,
Tabla,T5_Luc_01.wav,tabla,ISOLATED,Filepath heuristics,MEDIUM,False,
Tabla,T5_Luc_07.wav,tabla,ISOLATED,Filepath heuristics,MEDIUM,False,
Tabla,RMA_21.wav,tabla,ISOLATED,Filepath heuristics,MEDIUM,False,
Tabla,T7_Ben_tukuda_01.wav,tabla,ISOLATED,Filepath heuristics,MEDIUM,False,
Tabla,T7_Rela_01.wav,tabla,ISOLATED,Filepath heuristics,MEDIUM,False,
Tabla,T4_Gat_pra_00.wav,tabla,ISOLATED,Filepath heuristics,MEDIUM,False,
Tabla,PP_comp23_t.wav,tabla,ISOLATED,Filepath heuristics,MEDIUM,False,
Tabla,T5_Gat_02.wav,tabla,ISOLATED,Filepath heuristics,MEDIUM,False,
Tabla,KB_16.wav,tabla,ISOLATED,Filepath heuristics,MEDIUM,False,
Tabla,KB_15.wav,tabla,ISOLATED,Filepath heuristics,MEDIUM,False,
Tabla,KB_25.wav,tabla,ISOLATED,Filepath heuristics,MEDIUM,False,
Tabla,T5_Gat_03.wav,tabla,ISOLATED,Filepath heuristics,MEDIUM,False,
Tabla,AS_comp113_t.wav,tabla,ISOLATED,Filepath heuristics,MEDIUM,False,
Tabla,T7_Jap_Tukuda_02.wav,tabla,ISOLATED,Filepath heuristics,MEDIUM,False,
Tabla,AS_comp115_t.wav,tabla,ISOLATED,Filepath heuristics,MEDIUM,False,
Tabla,KB_6.wav,tabla,ISOLATED,Filepath heuristics,MEDIUM,False,
Tabla,T4_Pur_04.wav,tabla,ISOLATED,Filepath heuristics,MEDIUM,False,
Tabla,T4_Tukuda_Japh_03.wav,tabla,ISOLATED,Filepath heuristics,MEDIUM,False,
Tabla,AHK_solo-tintal-5.wav,tabla,ISOLATED,Filepath heuristics,MEDIUM,False,
Tabla,T4_Gat_02.wav,tabla,ISOLATED,Filepath heuristics,MEDIUM,False,
Tabla,KB_9.wav,tabla,ISOLATED,Filepath heuristics,MEDIUM,False,
Tabla,T5_Gat_01.wav,tabla,ISOLATED,Filepath heuristics,MEDIUM,False,
Tabla,T7_Luc_jap_01.wav,tabla,ISOLATED,Filepath heuristics,MEDIUM,False,
Tabla,RMA_24.wav,tabla,ISOLATED,Filepath heuristics,MEDIUM,False,
Tabla,RMA_6.wav,tabla,ISOLATED,Filepath heuristics,MEDIUM,False,
Tabla,T4_Dli_02.wav,tabla,ISOLATED,Filepath heuristics,MEDIUM,False,
Tabla,RMA_20.wav,tabla,ISOLATED,Filepath heuristics,MEDIUM,False,
Tabla,PP_comp31_t.wav,tabla,ISOLATED,Filepath heuristics,MEDIUM,False,
Tabla,T7_Tukuda_04.wav,tabla,ISOLATED,Filepath heuristics,MEDIUM,False,
Tabla,T4_Gat_01.wav,tabla,ISOLATED,Filepath heuristics,MEDIUM,False,
Tabla,RMA_18.wav,tabla,ISOLATED,Filepath heuristics,MEDIUM,False,
Tabla,SK_teentaal_mahadrut.wav,tabla,ISOLATED,Filepath heuristics,MEDIUM,False,
Tabla,KB_3.wav,tabla,ISOLATED,Filepath heuristics,MEDIUM,False,
Tabla,T4_Tukuda_Japh_01.wav,tabla,ISOLATED,Filepath heuristics,MEDIUM,False,
Tabla,RMA_2.wav,tabla,ISOLATED,Filepath heuristics,MEDIUM,False,
Tabla,T5_Dli_01.wav,tabla,ISOLATED,Filepath heuristics,MEDIUM,False,
Tabla,T4_Tukuda_05.wav,tabla,ISOLATED,Filepath heuristics,MEDIUM,False,
Tabla,SM_peshkar.wav,tabla,ISOLATED,Filepath heuristics,MEDIUM,False,
Tabla,RMA_26.wav,tabla,ISOLATED,Filepath heuristics,MEDIUM,False,
Tabla,PP_comp26_t.wav,tabla,ISOLATED,Filepath heuristics,MEDIUM,False,
Tabla,RMA_17.wav,tabla,ISOLATED,Filepath heuristics,MEDIUM,False,
Tabla,KB_8.wav,tabla,ISOLATED,Filepath heuristics,MEDIUM,False,
Tabla,AS_comp111_t.wav,tabla,ISOLATED,Filepath heuristics,MEDIUM,False,
Tabla,RMA_30.wav,tabla,ISOLATED,Filepath heuristics,MEDIUM,False,
Tabla,KB_26.wav,tabla,ISOLATED,Filepath heuristics,MEDIUM,False,
Tabla,T5_Gat_04.wav,tabla,ISOLATED,Filepath heuristics,MEDIUM,False,
Tabla,T7_Gat_tukuda_01.wav,tabla,ISOLATED,Filepath heuristics,MEDIUM,False,
Tabla,PP_comp4_t.wav,tabla,ISOLATED,Filepath heuristics,MEDIUM,False,
Tabla,T7_Pur_05.wav,tabla,ISOLATED,Filepath heuristics,MEDIUM,False,
Tabla,T4_Mukuda_01.wav,tabla,ISOLATED,Filepath heuristics,MEDIUM,False,
Tabla,T4_Pur_05.wav,tabla,ISOLATED,Filepath heuristics,MEDIUM,False,
Tabla,SK_comp_3.wav,tabla,ISOLATED,Filepath heuristics,MEDIUM,False,
Tabla,T4_Luc_03.wav,tabla,ISOLATED,Filepath heuristics,MEDIUM,False,
Tabla,SK_ektaal.wav,tabla,ISOLATED,Filepath heuristics,MEDIUM,False,
Tabla,T7_Tukuda_01.wav,tabla,ISOLATED,Filepath heuristics,MEDIUM,False,
Tabla,SK_roopak.wav,tabla,ISOLATED,Filepath heuristics,MEDIUM,False,
Tabla,AS_comp104_t.wav,tabla,ISOLATED,Filepath heuristics,MEDIUM,False,
Tabla,T5_Dli_05.wav,tabla,ISOLATED,Filepath heuristics,MEDIUM,False,
Tabla,T7_Pur_01.wav,tabla,ISOLATED,Filepath heuristics,MEDIUM,False,
Tabla,SM_uthan.wav,tabla,ISOLATED,Filepath heuristics,MEDIUM,False,
Tabla,SK_jhoomra.wav,tabla,ISOLATED,Filepath heuristics,MEDIUM,False,
Tabla,PP_comp84_t.wav,tabla,ISOLATED,Filepath heuristics,MEDIUM,False,
Tabla,KB_18.wav,tabla,ISOLATED,Filepath heuristics,MEDIUM,False,
Tabla,PP_comp27_t.wav,tabla,ISOLATED,Filepath heuristics,MEDIUM,False,
Tabla,KB_1.wav,tabla,ISOLATED,Filepath heuristics,MEDIUM,False,
Tabla,PP_comp16new_t.wav,tabla,ISOLATED,Filepath heuristics,MEDIUM,False,
Tabla,RMA_15.wav,tabla,ISOLATED,Filepath heuristics,MEDIUM,False,
Tabla,SK_comp_2.wav,tabla,ISOLATED,Filepath heuristics,MEDIUM,False,
Tabla,PP_comp77_t.wav,tabla,ISOLATED,Filepath heuristics,MEDIUM,False,
Tabla,RMA_1.wav,tabla,ISOLATED,Filepath heuristics,MEDIUM,False,
Tabla,SK_comp_5.wav,tabla,ISOLATED,Filepath heuristics,MEDIUM,False,
Tabla,T7_Ben_tukuda_03.wav,tabla,ISOLATED,Filepath heuristics,MEDIUM,False,
Tabla,PP_comp82_t.wav,tabla,ISOLATED,Filepath heuristics,MEDIUM,False,
Tabla,T4_Luc_06.wav,tabla,ISOLATED,Filepath heuristics,MEDIUM,False,
Tabla,RMA_8.wav,tabla,ISOLATED,Filepath heuristics,MEDIUM,False,
Tabla,PP_comp25_t.wav,tabla,ISOLATED,Filepath heuristics,MEDIUM,False,
Tabla,T7_Tukuda_02.wav,tabla,ISOLATED,Filepath heuristics,MEDIUM,False,
Tabla,KB_5.wav,tabla,ISOLATED,Filepath heuristics,MEDIUM,False,
Tabla,RMA_27.wav,tabla,ISOLATED,Filepath heuristics,MEDIUM,False,
Tabla,T4_Gat_pra_02.wav,tabla,ISOLATED,Filepath heuristics,MEDIUM,False,
Tabla,T4_02.wav,tabla,ISOLATED,Filepath heuristics,MEDIUM,False,
Tabla,T4_Tukuda_Ben_02.wav,tabla,ISOLATED,Filepath heuristics,MEDIUM,False,
Tabla,T4_Tukuda_Ben_03.wav,tabla,ISOLATED,Filepath heuristics,MEDIUM,False,
Tabla,T7_Jap_Tukuda_04.wav,tabla,ISOLATED,Filepath heuristics,MEDIUM,False,
Tabla,KB_11.wav,tabla,ISOLATED,Filepath heuristics,MEDIUM,False,
Tabla,SK_comp_6.wav,tabla,ISOLATED,Filepath heuristics,MEDIUM,False,
Tabla,RMA_4.wav,tabla,ISOLATED,Filepath heuristics,MEDIUM,False,
Tabla,PP_comp81_t.wav,tabla,ISOLATED,Filepath heuristics,MEDIUM,False,
Tabla,T5_Gat_05.wav,tabla,ISOLATED,Filepath heuristics,MEDIUM,False,
Tabla,RMA_3.wav,tabla,ISOLATED,Filepath heuristics,MEDIUM,False,
Tabla,RMA_23.wav,tabla,ISOLATED,Filepath heuristics,MEDIUM,False,
Tabla,T7_Fur_04.wav,tabla,ISOLATED,Filepath heuristics,MEDIUM,False,
Tabla,T7_Jap_Tukuda_05.wav,tabla,ISOLATED,Filepath heuristics,MEDIUM,False,
Tabla,AHK_solo-tintal-3.wav,tabla,ISOLATED,Filepath heuristics,MEDIUM,False,
Tabla,RMA_22.wav,tabla,ISOLATED,Filepath heuristics,MEDIUM,False,
Tabla,AHK_solo-tintal-2.wav,tabla,ISOLATED,Filepath heuristics,MEDIUM,False,
Tabla,T4_Tukuda_Japh_04.wav,tabla,ISOLATED,Filepath heuristics,MEDIUM,False,
Tabla,KB_2.wav,tabla,ISOLATED,Filepath heuristics,MEDIUM,False,
Tabla,SK_kaida_1.wav,tabla,ISOLATED,Filepath heuristics,MEDIUM,False,
Tabla,T7_Ben_tukuda_05.wav,tabla,ISOLATED,Filepath heuristics,MEDIUM,False,
Tabla,T7_DLI_01.wav,tabla,ISOLATED,Filepath heuristics,MEDIUM,False,
Tabla,T5_Luc_06.wav,tabla,ISOLATED,Filepath heuristics,MEDIUM,False,
Tabla,T4_Dli_03.wav,tabla,ISOLATED,Filepath heuristics,MEDIUM,False,
Tabla,T4_Tukuda_Ben_04.wav,tabla,ISOLATED,Filepath heuristics,MEDIUM,False,
Tabla,T7_Pur_03.wav,tabla,ISOLATED,Filepath heuristics,MEDIUM,False,
Tabla,KB_23.wav,tabla,ISOLATED,Filepath heuristics,MEDIUM,False,
Tabla,AS_comp109_t.wav,tabla,ISOLATED,Filepath heuristics,MEDIUM,False,
Tabla,AHK_solo-tintal-6.wav,tabla,ISOLATED,Filepath heuristics,MEDIUM,False,
Tabla,KB_20.wav,tabla,ISOLATED,Filepath heuristics,MEDIUM,False,
Tabla,T4_Luc_05.wav,tabla,ISOLATED,Filepath heuristics,MEDIUM,False,
Tabla,AS_comp114_t.wav,tabla,ISOLATED,Filepath heuristics,MEDIUM,False,
Tabla,PP_comp3_t.wav,tabla,ISOLATED,Filepath heuristics,MEDIUM,False,
Tabla,T4_Tukuda_03.wav,tabla,ISOLATED,Filepath heuristics,MEDIUM,False,
Tabla,T5_Gat_03_1.wav,tabla,ISOLATED,Filepath heuristics,MEDIUM,False,
Tabla,T5_Luc_04.wav,tabla,ISOLATED,Filepath heuristics,MEDIUM,False,
Tabla,T7_Pur_04.wav,tabla,ISOLATED,Filepath heuristics,MEDIUM,False,
Tabla,T7_Mukuda_01.wav,tabla,ISOLATED,Filepath heuristics,MEDIUM,False,
Tabla,T5_Luc_02.wav,tabla,ISOLATED,Filepath heuristics,MEDIUM,False,
Tabla,KB_12.wav,tabla,ISOLATED,Filepath heuristics,MEDIUM,False,
Tabla,AS_comp110_t.wav,tabla,ISOLATED,Filepath heuristics,MEDIUM,False,
Tabla,AS_comp117_t.wav,tabla,ISOLATED,Filepath heuristics,MEDIUM,False,
Tabla,KB_21.wav,tabla,ISOLATED,Filepath heuristics,MEDIUM,False,
Tabla,T7_Fur_01.wav,tabla,ISOLATED,Filepath heuristics,MEDIUM,False,
Tabla,SK_teentaal_vilambit.wav,tabla,ISOLATED,Filepath heuristics,MEDIUM,False,
Tabla,PP_comp83_t.wav,tabla,ISOLATED,Filepath heuristics,MEDIUM,False,
Tabla,RMA_29.wav,tabla,ISOLATED,Filepath heuristics,MEDIUM,False,
Tabla,T7_Ben_tukuda_04.wav,tabla,ISOLATED,Filepath heuristics,MEDIUM,False,
Tabla,T5_Dli_04.wav,tabla,ISOLATED,Filepath heuristics,MEDIUM,False,
Tabla,SK_comp_4.wav,tabla,ISOLATED,Filepath heuristics,MEDIUM,False,
Tabla,PP_comp12_t.wav,tabla,ISOLATED,Filepath heuristics,MEDIUM,False,
Tabla,kachu-na_DM.wav,tabla,ISOLATED,Filepath heuristics,MEDIUM,False,
Tabla,sourashtra-soma_UK2.wav,tabla,ISOLATED,Filepath heuristics,MEDIUM,False,
Tabla,shyaam_SRC.wav,tabla,ISOLATED,Filepath heuristics,MEDIUM,False,
Tabla,tarana-darbari_UK2.wav,tabla,ISOLATED,Filepath heuristics,MEDIUM,False,
Tabla,koyaliya_SRC.wav,tabla,ISOLATED,Filepath heuristics,MEDIUM,False,
Tabla,eri-ali_PK.wav,tabla,ISOLATED,Filepath heuristics,MEDIUM,False,
Tabla,payaliya_DM.wav,tabla,ISOLATED,Filepath heuristics,MEDIUM,False,
Tabla,binati_SRC.wav,tabla,ISOLATED,Filepath heuristics,MEDIUM,False,
Tabla,swarmalika-desh_SRC.wav,tabla,ISOLATED,Filepath heuristics,MEDIUM,False,
Tabla,man-legayo_DM.wav,tabla,ISOLATED,Filepath heuristics,MEDIUM,False,
Vocals,saraga_0001_vocals.wav,vocals,ISOLATED,Filepath heuristics,MEDIUM,False,
Vocals,saraga_0002_vocals.wav,vocals,ISOLATED,Filepath heuristics,MEDIUM,False,
Vocals,saraga_0003_vocals.wav,vocals,ISOLATED,Filepath heuristics,MEDIUM,False,
Vocals,saraga_0004_vocals.wav,vocals,ISOLATED,Filepath heuristics,MEDIUM,False,
Vocals,saraga_0005_vocals.wav,vocals,ISOLATED,Filepath heuristics,MEDIUM,False,
Vocals,saraga_0006_vocals.wav,vocals,ISOLATED,Filepath heuristics,MEDIUM,False,
Vocals,saraga_0007_vocals.wav,vocals,ISOLATED,Filepath heuristics,MEDIUM,False,
Vocals,saraga_0008_vocals.wav,vocals,ISOLATED,Filepath heuristics,MEDIUM,False,
Vocals,saraga_0009_vocals.wav,vocals,ISOLATED,Filepath heuristics,MEDIUM,False,
Vocals,saraga_0010_vocals.wav,vocals,ISOLATED,Filepath heuristics,MEDIUM,False,
Vocals,saraga_0011_vocals.wav,vocals,ISOLATED,Filepath heuristics,MEDIUM,False,
Vocals,saraga_0012_vocals.wav,vocals,ISOLATED,Filepath heuristics,MEDIUM,False,
Vocals,saraga_0013_vocals.wav,vocals,ISOLATED,Filepath heuristics,MEDIUM,False,
Vocals,saraga_0014_vocals.wav,vocals,ISOLATED,Filepath heuristics,MEDIUM,False,
Vocals,saraga_0015_vocals.wav,vocals,ISOLATED,Filepath heuristics,MEDIUM,False,
Vocals,saraga_0016_vocals.wav,vocals,ISOLATED,Filepath heuristics,MEDIUM,False,
Vocals,saraga_0017_vocals.wav,vocals,ISOLATED,Filepath heuristics,MEDIUM,False,
Vocals,saraga_0018_vocals.wav,vocals,ISOLATED,Filepath heuristics,MEDIUM,False,
Vocals,saraga_0019_vocals.wav,vocals,ISOLATED,Filepath heuristics,MEDIUM,False,
Vocals,saraga_0020_vocals.wav,vocals,ISOLATED,Filepath heuristics,MEDIUM,False,
Vocals,saraga_0021_vocals.wav,vocals,ISOLATED,Filepath heuristics,MEDIUM,False,
Vocals,saraga_0022_vocals.wav,vocals,ISOLATED,Filepath heuristics,MEDIUM,False,
Vocals,saraga_0023_vocals.wav,vocals,ISOLATED,Filepath heuristics,MEDIUM,False,
Vocals,saraga_0024_vocals.wav,vocals,ISOLATED,Filepath heuristics,MEDIUM,False,
Vocals,saraga_0025_vocals.wav,vocals,ISOLATED,Filepath heuristics,MEDIUM,False,
Vocals,saraga_0026_vocals.wav,vocals,ISOLATED,Filepath heuristics,MEDIUM,False,
Vocals,saraga_0027_vocals.wav,vocals,ISOLATED,Filepath heuristics,MEDIUM,False,
Vocals,saraga_0028_vocals.wav,vocals,ISOLATED,Filepath heuristics,MEDIUM,False,
Vocals,saraga_0029_vocals.wav,vocals,ISOLATED,Filepath heuristics,MEDIUM,False,
Vocals,saraga_0030_vocals.wav,vocals,ISOLATED,Filepath heuristics,MEDIUM,False,
Vocals,saraga_0031_vocals.wav,vocals,ISOLATED,Filepath heuristics,MEDIUM,False,
Vocals,saraga_0032_vocals.wav,vocals,ISOLATED,Filepath heuristics,MEDIUM,False,
Vocals,saraga_0033_vocals.wav,vocals,ISOLATED,Filepath heuristics,MEDIUM,False,
Vocals,saraga_0034_vocals.wav,vocals,ISOLATED,Filepath heuristics,MEDIUM,False,
Vocals,saraga_0035_vocals.wav,vocals,ISOLATED,Filepath heuristics,MEDIUM,False,
Vocals,saraga_0036_vocals.wav,vocals,ISOLATED,Filepath heuristics,MEDIUM,False,
Vocals,saraga_0037_vocals.wav,vocals,ISOLATED,Filepath heuristics,MEDIUM,False,
Vocals,saraga_0038_vocals.wav,vocals,ISOLATED,Filepath heuristics,MEDIUM,False,
Vocals,saraga_0039_vocals.wav,vocals,ISOLATED,Filepath heuristics,MEDIUM,False,
Vocals,saraga_0040_vocals.wav,vocals,ISOLATED,Filepath heuristics,MEDIUM,False,
Vocals,saraga_0041_vocals.wav,vocals,ISOLATED,Filepath heuristics,MEDIUM,False,
Vocals,saraga_0042_vocals.wav,vocals,ISOLATED,Filepath heuristics,MEDIUM,False,
Vocals,saraga_0043_vocals.wav,vocals,ISOLATED,Filepath heuristics,MEDIUM,False,
Vocals,saraga_0044_vocals.wav,vocals,ISOLATED,Filepath heuristics,MEDIUM,False,
Vocals,saraga_0045_vocals.wav,vocals,ISOLATED,Filepath heuristics,MEDIUM,False,
Vocals,saraga_0046_vocals.wav,vocals,ISOLATED,Filepath heuristics,MEDIUM,False,
Vocals,saraga_0047_vocals.wav,vocals,ISOLATED,Filepath heuristics,MEDIUM,False,
Vocals,saraga_0048_vocals.wav,vocals,ISOLATED,Filepath heuristics,MEDIUM,False,
Vocals,saraga_0049_vocals.wav,vocals,ISOLATED,Filepath heuristics,MEDIUM,False,
Vocals,saraga_0050_vocals.wav,vocals,ISOLATED,Filepath heuristics,MEDIUM,False,
Vocals,saraga_0051_vocals.wav,vocals,ISOLATED,Filepath heuristics,MEDIUM,False,
Vocals,saraga_0052_vocals.wav,vocals,ISOLATED,Filepath heuristics,MEDIUM,False,
Vocals,saraga_0053_vocals.wav,vocals,ISOLATED,Filepath heuristics,MEDIUM,False,
Vocals,saraga_0054_vocals.wav,vocals,ISOLATED,Filepath heuristics,MEDIUM,False,
Vocals,saraga_0055_vocals.wav,vocals,ISOLATED,Filepath heuristics,MEDIUM,False,
Vocals,saraga_0056_vocals.wav,vocals,ISOLATED,Filepath heuristics,MEDIUM,False,
Vocals,saraga_0057_vocals.wav,vocals,ISOLATED,Filepath heuristics,MEDIUM,False,
Vocals,saraga_0058_vocals.wav,vocals,ISOLATED,Filepath heuristics,MEDIUM,False,
Vocals,saraga_0059_vocals.wav,vocals,ISOLATED,Filepath heuristics,MEDIUM,False,
Vocals,saraga_0060_vocals.wav,vocals,ISOLATED,Filepath heuristics,MEDIUM,False,
Vocals,saraga_0061_vocals.wav,vocals,ISOLATED,Filepath heuristics,MEDIUM,False,
Vocals,saraga_0062_vocals.wav,vocals,ISOLATED,Filepath heuristics,MEDIUM,False,
Vocals,saraga_0063_vocals.wav,vocals,ISOLATED,Filepath heuristics,MEDIUM,False,
Vocals,saraga_0064_vocals.wav,vocals,ISOLATED,Filepath heuristics,MEDIUM,False,
Vocals,saraga_0065_vocals.wav,vocals,ISOLATED,Filepath heuristics,MEDIUM,False,
Vocals,saraga_0066_vocals.wav,vocals,ISOLATED,Filepath heuristics,MEDIUM,False,
Vocals,saraga_0067_vocals.wav,vocals,ISOLATED,Filepath heuristics,MEDIUM,False,
Vocals,saraga_0068_vocals.wav,vocals,ISOLATED,Filepath heuristics,MEDIUM,False,
Vocals,saraga_0069_vocals.wav,vocals,ISOLATED,Filepath heuristics,MEDIUM,False,
Vocals,saraga_0070_vocals.wav,vocals,ISOLATED,Filepath heuristics,MEDIUM,False,
Vocals,saraga_0071_vocals.wav,vocals,ISOLATED,Filepath heuristics,MEDIUM,False,
Vocals,saraga_0072_vocals.wav,vocals,ISOLATED,Filepath heuristics,MEDIUM,False,
Vocals,saraga_0073_vocals.wav,vocals,ISOLATED,Filepath heuristics,MEDIUM,False,
Vocals,saraga_0074_vocals.wav,vocals,ISOLATED,Filepath heuristics,MEDIUM,False,
Vocals,saraga_0075_vocals.wav,vocals,ISOLATED,Filepath heuristics,MEDIUM,False,
Vocals,saraga_0076_vocals.wav,vocals,ISOLATED,Filepath heuristics,MEDIUM,False,
Vocals,saraga_0077_vocals.wav,vocals,ISOLATED,Filepath heuristics,MEDIUM,False,
Vocals,saraga_0078_vocals.wav,vocals,ISOLATED,Filepath heuristics,MEDIUM,False,
Vocals,saraga_0079_vocals.wav,vocals,ISOLATED,Filepath heuristics,MEDIUM,False,
Vocals,saraga_0080_vocals.wav,vocals,ISOLATED,Filepath heuristics,MEDIUM,False,
Vocals,saraga_0081_vocals.wav,vocals,ISOLATED,Filepath heuristics,MEDIUM,False,
Vocals,saraga_0082_vocals.wav,vocals,ISOLATED,Filepath heuristics,MEDIUM,False,
Vocals,saraga_0083_vocals.wav,vocals,ISOLATED,Filepath heuristics,MEDIUM,False,
Vocals,saraga_0084_vocals.wav,vocals,ISOLATED,Filepath heuristics,MEDIUM,False,
Vocals,saraga_0085_vocals.wav,vocals,ISOLATED,Filepath heuristics,MEDIUM,False,
Vocals,saraga_0086_vocals.wav,vocals,ISOLATED,Filepath heuristics,MEDIUM,False,
Vocals,saraga_0087_vocals.wav,vocals,ISOLATED,Filepath heuristics,MEDIUM,False,
Vocals,saraga_0088_vocals.wav,vocals,ISOLATED,Filepath heuristics,MEDIUM,False,
Vocals,saraga_0089_vocals.wav,vocals,ISOLATED,Filepath heuristics,MEDIUM,False,
Vocals,saraga_0090_vocals.wav,vocals,ISOLATED,Filepath heuristics,MEDIUM,False,
Vocals,saraga_0091_vocals.wav,vocals,ISOLATED,Filepath heuristics,MEDIUM,False,
Vocals,saraga_0092_vocals.wav,vocals,ISOLATED,Filepath heuristics,MEDIUM,False,
Vocals,saraga_0093_vocals.wav,vocals,ISOLATED,Filepath heuristics,MEDIUM,False,
Vocals,saraga_0094_vocals.wav,vocals,ISOLATED,Filepath heuristics,MEDIUM,False,
Vocals,saraga_0095_vocals.wav,vocals,ISOLATED,Filepath heuristics,MEDIUM,False,
Vocals,saraga_0096_vocals.wav,vocals,ISOLATED,Filepath heuristics,MEDIUM,False,
Vocals,saraga_0097_vocals.wav,vocals,ISOLATED,Filepath heuristics,MEDIUM,False,
Vocals,saraga_0098_vocals.wav,vocals,ISOLATED,Filepath heuristics,MEDIUM,False,
Vocals,saraga_0099_vocals.wav,vocals,ISOLATED,Filepath heuristics,MEDIUM,False,
Vocals,saraga_0100_vocals.wav,vocals,ISOLATED,Filepath heuristics,MEDIUM,False,
Vocals,saraga_0101_vocals.wav,vocals,ISOLATED,Filepath heuristics,MEDIUM,False,
Vocals,saraga_0102_vocals.wav,vocals,ISOLATED,Filepath heuristics,MEDIUM,False,
Vocals,saraga_0103_vocals.wav,vocals,ISOLATED,Filepath heuristics,MEDIUM,False,
Vocals,saraga_0104_vocals.wav,vocals,ISOLATED,Filepath heuristics,MEDIUM,False,
Vocals,saraga_0105_vocals.wav,vocals,ISOLATED,Filepath heuristics,MEDIUM,False,
Vocals,saraga_0106_vocals.wav,vocals,ISOLATED,Filepath heuristics,MEDIUM,False,
Vocals,saraga_0107_vocals.wav,vocals,ISOLATED,Filepath heuristics,MEDIUM,False,
Vocals,saraga_0108_vocals.wav,vocals,ISOLATED,Filepath heuristics,MEDIUM,False,
Vocals,saraga_0109_vocals.wav,vocals,ISOLATED,Filepath heuristics,MEDIUM,False,
Vocals,saraga_0110_vocals.wav,vocals,ISOLATED,Filepath heuristics,MEDIUM,False,
Vocals,saraga_0111_vocals.wav,vocals,ISOLATED,Filepath heuristics,MEDIUM,False,
Vocals,saraga_0112_vocals.wav,vocals,ISOLATED,Filepath heuristics,MEDIUM,False,
Vocals,saraga_0113_vocals.wav,vocals,ISOLATED,Filepath heuristics,MEDIUM,False,
Vocals,saraga_0114_vocals.wav,vocals,ISOLATED,Filepath heuristics,MEDIUM,False,
Vocals,saraga_0115_vocals.wav,vocals,ISOLATED,Filepath heuristics,MEDIUM,False,
Vocals,saraga_0116_vocals.wav,vocals,ISOLATED,Filepath heuristics,MEDIUM,False,
Vocals,saraga_0117_vocals.wav,vocals,ISOLATED,Filepath heuristics,MEDIUM,False,
Vocals,saraga_0118_vocals.wav,vocals,ISOLATED,Filepath heuristics,MEDIUM,False,
Vocals,saraga_0119_vocals.wav,vocals,ISOLATED,Filepath heuristics,MEDIUM,False,
Vocals,saraga_0120_vocals.wav,vocals,ISOLATED,Filepath heuristics,MEDIUM,False,
Vocals,saraga_0121_vocals.wav,vocals,ISOLATED,Filepath heuristics,MEDIUM,False,
Vocals,saraga_0122_vocals.wav,vocals,ISOLATED,Filepath heuristics,MEDIUM,False,
Vocals,saraga_0123_vocals.wav,vocals,ISOLATED,Filepath heuristics,MEDIUM,False,
Vocals,saraga_0124_vocals.wav,vocals,ISOLATED,Filepath heuristics,MEDIUM,False,
Vocals,saraga_0125_vocals.wav,vocals,ISOLATED,Filepath heuristics,MEDIUM,False,
Vocals,saraga_0126_vocals.wav,vocals,ISOLATED,Filepath heuristics,MEDIUM,False,
Vocals,saraga_0127_vocals.wav,vocals,ISOLATED,Filepath heuristics,MEDIUM,False,
Vocals,saraga_0128_vocals.wav,vocals,ISOLATED,Filepath heuristics,MEDIUM,False,
Vocals,saraga_0129_vocals.wav,vocals,ISOLATED,Filepath heuristics,MEDIUM,False,
Vocals,saraga_0130_vocals.wav,vocals,ISOLATED,Filepath heuristics,MEDIUM,False,
Vocals,saraga_0131_vocals.wav,vocals,ISOLATED,Filepath heuristics,MEDIUM,False,
Vocals,saraga_0132_vocals.wav,vocals,ISOLATED,Filepath heuristics,MEDIUM,False,
Vocals,saraga_0133_vocals.wav,vocals,ISOLATED,Filepath heuristics,MEDIUM,False,
Vocals,saraga_0134_vocals.wav,vocals,ISOLATED,Filepath heuristics,MEDIUM,False,
Vocals,saraga_0135_vocals.wav,vocals,ISOLATED,Filepath heuristics,MEDIUM,False,
Vocals,saraga_0136_vocals.wav,vocals,ISOLATED,Filepath heuristics,MEDIUM,False,
Vocals,saraga_0137_vocals.wav,vocals,ISOLATED,Filepath heuristics,MEDIUM,False,
Vocals,saraga_0138_vocals.wav,vocals,ISOLATED,Filepath heuristics,MEDIUM,False,
Vocals,saraga_0139_vocals.wav,vocals,ISOLATED,Filepath heuristics,MEDIUM,False,
Vocals,saraga_0140_vocals.wav,vocals,ISOLATED,Filepath heuristics,MEDIUM,False,
Vocals,saraga_0141_vocals.wav,vocals,ISOLATED,Filepath heuristics,MEDIUM,False,
Vocals,saraga_0142_vocals.wav,vocals,ISOLATED,Filepath heuristics,MEDIUM,False,
Vocals,saraga_0143_vocals.wav,vocals,ISOLATED,Filepath heuristics,MEDIUM,False,
Vocals,saraga_0144_vocals.wav,vocals,ISOLATED,Filepath heuristics,MEDIUM,False,
Vocals,saraga_0145_vocals.wav,vocals,ISOLATED,Filepath heuristics,MEDIUM,False,
Vocals,saraga_0146_vocals.wav,vocals,ISOLATED,Filepath heuristics,MEDIUM,False,
Vocals,saraga_0147_vocals.wav,vocals,ISOLATED,Filepath heuristics,MEDIUM,False,
Vocals,saraga_0148_vocals.wav,vocals,ISOLATED,Filepath heuristics,MEDIUM,False,
Vocals,saraga_0149_vocals.wav,vocals,ISOLATED,Filepath heuristics,MEDIUM,False,
Vocals,saraga_0150_vocals.wav,vocals,ISOLATED,Filepath heuristics,MEDIUM,False,
Vocals,saraga_0151_vocals.wav,vocals,ISOLATED,Filepath heuristics,MEDIUM,False,
Vocals,saraga_0152_vocals.wav,vocals,ISOLATED,Filepath heuristics,MEDIUM,False,
Vocals,saraga_0153_vocals.wav,vocals,ISOLATED,Filepath heuristics,MEDIUM,False,
Vocals,saraga_0154_vocals.wav,vocals,ISOLATED,Filepath heuristics,MEDIUM,False,
Vocals,saraga_0155_vocals.wav,vocals,ISOLATED,Filepath heuristics,MEDIUM,False,
Vocals,saraga_0156_vocals.wav,vocals,ISOLATED,Filepath heuristics,MEDIUM,False,
Vocals,saraga_0157_vocals.wav,vocals,ISOLATED,Filepath heuristics,MEDIUM,False,
Vocals,saraga_0158_vocals.wav,vocals,ISOLATED,Filepath heuristics,MEDIUM,False,
Vocals,saraga_0159_vocals.wav,vocals,ISOLATED,Filepath heuristics,MEDIUM,False,
Vocals,saraga_0160_vocals.wav,vocals,ISOLATED,Filepath heuristics,MEDIUM,False,
Vocals,saraga_0161_vocals.wav,vocals,ISOLATED,Filepath heuristics,MEDIUM,False,
Vocals,saraga_0162_vocals.wav,vocals,ISOLATED,Filepath heuristics,MEDIUM,False,
